{"type":"FeatureCollection","features":[{"type":"Feature","id":"way/54517785-0","properties":{"amenity":"shelter","building":"yes","name":"Battle for Pasir Panjang","name:zh":"\u5df4\u897f\u73ed\u8ba9\u6218\u4e89","clearanceGeometry":{"type":"Polygon","coordinates":[[[103.7906693,1.2836221],[103.790628,1.2836794],[103.7907047,1.2837346],[103.7907459,1.2836773],[103.7906693,1.2836221]]]},"clearanceHeight":1.7,"clearancePrepared":true},"geometry":{"type":"Polygon","coordinates":[[[103.7907459,1.2836773],[103.7906693,1.2836221],[103.790628,1.2836794],[103.7907047,1.2837346],[103.7907459,1.2836773]]]}},{"type":"Feature","id":"way/121884530-0","properties":{"amenity":"toilets","building":"yes","building:levels":"1","clearanceGeometry":{"type":"Polygon","coordinates":[[[103.7902959,1.2838641],[103.7902134,1.2839765],[103.7902637,1.2840134],[103.7903462,1.283901],[103.7902959,1.2838641]]]},"clearanceHeight":1.7,"clearancePrepared":true},"geometry":{"type":"Polygon","coordinates":[[[103.7903462,1.283901],[103.7902959,1.2838641],[103.7902134,1.2839765],[103.7902637,1.2840134],[103.7903462,1.283901]]]}},{"type":"Feature","id":"way/167632686-0","properties":{"amenity":"shelter","bin":"yes","building":"roof","building:levels":"1","drinking_water":"no","shelter_type":"picnic_shelter","tourism":"viewpoint","clearanceGeometry":{"type":"Polygon","coordinates":[[[103.7910473,1.2831904],[103.791023,1.2831479],[103.790984,1.2831702],[103.7910083,1.2832127],[103.7910473,1.2831904]]]},"clearanceHeight":1.7,"clearancePrepared":true},"geometry":{"type":"Polygon","coordinates":[[[103.7910083,1.2832127],[103.7910473,1.2831904],[103.791023,1.2831479],[103.790984,1.2831702],[103.7910083,1.2832127]]]}},{"type":"Feature","id":"way/453228916-0","properties":{"building":"yes","clearanceGeometry":{"type":"Polygon","coordinates":[[[103.7890438,1.2822493],[103.789091,1.2821772],[103.7890193,1.2821303],[103.7889721,1.2822024],[103.7890438,1.2822493]]]},"clearanceHeight":1.7,"clearancePrepared":true},"geometry":{"type":"Polygon","coordinates":[[[103.7889721,1.2822024],[103.7890438,1.2822493],[103.789091,1.2821772],[103.7890193,1.2821303],[103.7889721,1.2822024]]]}},{"type":"Feature","id":"way/453228917-0","properties":{"building":"yes","building:levels":"5","clearanceGeometry":{"type":"Polygon","coordinates":[[[103.7882562,1.283838],[103.7880228,1.2838916],[103.7880467,1.2839953],[103.78828,1.2839417],[103.7882562,1.283838]]]},"clearanceHeight":1.7,"clearancePrepared":true},"geometry":{"type":"Polygon","coordinates":[[[103.78828,1.2839417],[103.7882562,1.283838],[103.7880228,1.2838916],[103.7880467,1.2839953],[103.78828,1.2839417]]]}},{"type":"Feature","id":"way/453228920-0","properties":{"building":"yes","clearanceGeometry":{"type":"Polygon","coordinates":[[[103.7889679,1.2839134],[103.7889499,1.2839376],[103.7889926,1.2839693],[103.7888176,1.2842045],[103.7889023,1.2842675],[103.7890773,1.2840323],[103.7891303,1.2840717],[103.789214,1.2839592],[103.7891611,1.2839198],[103.7893743,1.2836333],[103.7892896,1.2835703],[103.7891269,1.2837889],[103.7890764,1.2838568],[103.7890337,1.283825],[103.7889679,1.2839134]]]},"clearanceHeight":1.7,"clearancePrepared":true},"geometry":{"type":"Polygon","coordinates":[[[103.7890337,1.283825],[103.7889679,1.2839134],[103.7889499,1.2839376],[103.7889926,1.2839693],[103.7888176,1.2842045],[103.7889023,1.2842675],[103.7890773,1.2840323],[103.7891303,1.2840717],[103.789214,1.2839592],[103.7891611,1.2839198],[103.7893743,1.2836333],[103.7892896,1.2835703],[103.7891269,1.2837889],[103.7890764,1.2838568],[103.7890337,1.283825]]]}},{"type":"Feature","id":"way/453228921-0","properties":{"building":"yes","clearanceGeometry":{"type":"Polygon","coordinates":[[[103.7889108,1.2831148],[103.7885939,1.283401],[103.7884133,1.283564],[103.7884981,1.2836579],[103.7889957,1.2832088],[103.7889108,1.2831148]]]},"clearanceHeight":1.7,"clearancePrepared":true},"geometry":{"type":"Polygon","coordinates":[[[103.7889957,1.2832088],[103.7889108,1.2831148],[103.7885939,1.283401],[103.7884133,1.283564],[103.7884981,1.2836579],[103.7889957,1.2832088]]]}},{"type":"Feature","id":"way/453228922-0","properties":{"building":"yes","building:levels":"1","clearanceGeometry":{"type":"Polygon","coordinates":[[[103.7884918,1.2827443],[103.7880835,1.2832991],[103.7881558,1.2833523],[103.7885641,1.2827975],[103.7884918,1.2827443]]]},"clearanceHeight":1.7,"clearancePrepared":true},"geometry":{"type":"Polygon","coordinates":[[[103.7885641,1.2827975],[103.7884918,1.2827443],[103.7880835,1.2832991],[103.7881558,1.2833523],[103.7885641,1.2827975]]]}},{"type":"Feature","id":"way/453228923-0","properties":{"building":"yes","building:levels":"2","name":"Executive Central","name:zh":"\u884c\u653f\u4e2d\u5fc3","office":"yes","clearanceGeometry":{"type":"Polygon","coordinates":[[[103.7883853,1.2826651],[103.7882019,1.2829143],[103.7882915,1.2829801],[103.7884749,1.2827309],[103.7883853,1.2826651]]]},"clearanceHeight":1.7,"clearancePrepared":true},"geometry":{"type":"Polygon","coordinates":[[[103.7884749,1.2827309],[103.7883853,1.2826651],[103.7882019,1.2829143],[103.7882915,1.2829801],[103.7884749,1.2827309]]]}},{"type":"Feature","id":"way/453228924-0","properties":{"building":"yes","clearanceGeometry":{"type":"Polygon","coordinates":[[[103.7886649,1.282444],[103.7885494,1.2823591],[103.7884356,1.2825137],[103.7885511,1.2825987],[103.7886649,1.282444]]]},"clearanceHeight":1.7,"clearancePrepared":true},"geometry":{"type":"Polygon","coordinates":[[[103.7885511,1.2825987],[103.7886649,1.282444],[103.7885494,1.2823591],[103.7884356,1.2825137],[103.7885511,1.2825987]]]}},{"type":"Feature","id":"way/453228925-0","properties":{"building":"yes","clearanceGeometry":{"type":"Polygon","coordinates":[[[103.7887735,1.2823877],[103.7887095,1.2824748],[103.7887588,1.2825111],[103.7888229,1.282424],[103.7887735,1.2823877]]]},"clearanceHeight":1.7,"clearancePrepared":true},"geometry":{"type":"Polygon","coordinates":[[[103.7888229,1.282424],[103.7887735,1.2823877],[103.7887095,1.2824748],[103.7887588,1.2825111],[103.7888229,1.282424]]]}},{"type":"Feature","id":"way/453228926-0","properties":{"building":"yes","clearanceGeometry":{"type":"Polygon","coordinates":[[[103.7886823,1.2824802],[103.7885775,1.2826226],[103.7886555,1.28268],[103.7887603,1.2825376],[103.7886823,1.2824802]]]},"clearanceHeight":1.7,"clearancePrepared":true},"geometry":{"type":"Polygon","coordinates":[[[103.7887603,1.2825376],[103.7886823,1.2824802],[103.7885775,1.2826226],[103.7886555,1.28268],[103.7887603,1.2825376]]]}},{"type":"Feature","id":"way/453228927-0","properties":{"building":"yes","clearanceGeometry":{"type":"Polygon","coordinates":[[[103.7889144,1.2825379],[103.7887448,1.2827683],[103.7888124,1.2828181],[103.788982,1.2825877],[103.7889144,1.2825379]]]},"clearanceHeight":1.7,"clearancePrepared":true},"geometry":{"type":"Polygon","coordinates":[[[103.788982,1.2825877],[103.7889144,1.2825379],[103.7887448,1.2827683],[103.7888124,1.2828181],[103.788982,1.2825877]]]}},{"type":"Feature","id":"way/453228928-0","properties":{"addr:housenumber":"70","addr:street":"South Buona Vista Road","building":"yes","clearanceGeometry":{"type":"Polygon","coordinates":[[[103.7893753,1.282253],[103.7892161,1.2821303],[103.7890647,1.2823282],[103.789228,1.2824483],[103.7893753,1.282253]]]},"clearanceHeight":1.7,"clearancePrepared":true},"geometry":{"type":"Polygon","coordinates":[[[103.789228,1.2824483],[103.7893753,1.282253],[103.7892161,1.2821303],[103.7890647,1.2823282],[103.789228,1.2824483]]]}},{"type":"Feature","id":"way/453228929-0","properties":{"addr:housenumber":"70","addr:street":"South Buona Vista Road","building":"yes","clearanceGeometry":{"type":"Polygon","coordinates":[[[103.7892615,1.2824729],[103.789228,1.2824483],[103.7890647,1.2823282],[103.7890026,1.2822825],[103.7889103,1.282408],[103.7888808,1.2824481],[103.7891397,1.2826384],[103.7892615,1.2824729]]]},"clearanceHeight":1.7,"clearancePrepared":true},"geometry":{"type":"Polygon","coordinates":[[[103.7891397,1.2826384],[103.7892615,1.2824729],[103.789228,1.2824483],[103.7890647,1.2823282],[103.7890026,1.2822825],[103.7889103,1.282408],[103.7888808,1.2824481],[103.7891397,1.2826384]]]}},{"type":"Feature","id":"way/453230062-0","properties":{"addr:housenumber":"38A","addr:street":"Jalan Mat Jambol","building":"yes","clearanceGeometry":{"type":"Polygon","coordinates":[[[103.7925159,1.2796487],[103.792383,1.2795024],[103.7922801,1.2795958],[103.792413,1.2797422],[103.7925159,1.2796487]]]},"clearanceHeight":1.7,"clearancePrepared":true},"geometry":{"type":"Polygon","coordinates":[[[103.792413,1.2797422],[103.7925159,1.2796487],[103.792383,1.2795024],[103.7922801,1.2795958],[103.792413,1.2797422]]]}},{"type":"Feature","id":"way/453230063-0","properties":{"addr:housenumber":"38A","addr:street":"Jalan Mat Jambol","building":"yes","clearanceGeometry":{"type":"Polygon","coordinates":[[[103.7923481,1.2796949],[103.7922122,1.2795452],[103.7921186,1.2796301],[103.7922546,1.2797798],[103.7923481,1.2796949]]]},"clearanceHeight":1.7,"clearancePrepared":true},"geometry":{"type":"Polygon","coordinates":[[[103.7922546,1.2797798],[103.7923481,1.2796949],[103.7922122,1.2795452],[103.7921186,1.2796301],[103.7922546,1.2797798]]]}},{"type":"Feature","id":"way/453230064-0","properties":{"addr:housenumber":"38A","addr:street":"Jalan Mat Jambol","building":"yes","clearanceGeometry":{"type":"Polygon","coordinates":[[[103.792151,1.2796922],[103.7920151,1.2795425],[103.7919215,1.2796274],[103.7920574,1.2797771],[103.792151,1.2796922]]]},"clearanceHeight":1.7,"clearancePrepared":true},"geometry":{"type":"Polygon","coordinates":[[[103.7920574,1.2797771],[103.792151,1.2796922],[103.7920151,1.2795425],[103.7919215,1.2796274],[103.7920574,1.2797771]]]}},{"type":"Feature","id":"way/453230065-0","properties":{"addr:housenumber":"38A","addr:street":"Jalan Mat Jambol","building":"yes","clearanceGeometry":{"type":"Polygon","coordinates":[[[103.7920115,1.2797485],[103.7918756,1.2795988],[103.791782,1.2796838],[103.791918,1.2798334],[103.7920115,1.2797485]]]},"clearanceHeight":1.7,"clearancePrepared":true},"geometry":{"type":"Polygon","coordinates":[[[103.791918,1.2798334],[103.7920115,1.2797485],[103.7918756,1.2795988],[103.791782,1.2796838],[103.791918,1.2798334]]]}},{"type":"Feature","id":"way/453230066-0","properties":{"addr:housenumber":"38A","addr:street":"Jalan Mat Jambol","building":"yes","clearanceGeometry":{"type":"Polygon","coordinates":[[[103.7919686,1.2799107],[103.7918327,1.2797611],[103.7917391,1.279846],[103.791875,1.2799957],[103.7919686,1.2799107]]]},"clearanceHeight":1.7,"clearancePrepared":true},"geometry":{"type":"Polygon","coordinates":[[[103.791875,1.2799957],[103.7919686,1.2799107],[103.7918327,1.2797611],[103.7917391,1.279846],[103.791875,1.2799957]]]}},{"type":"Feature","id":"way/453230067-0","properties":{"addr:housenumber":"38B","addr:street":"Jalan Mat Jambol","building":"yes","clearanceGeometry":{"type":"Polygon","coordinates":[[[103.7926183,1.2801254],[103.792486,1.2799724],[103.7923903,1.280055],[103.7925226,1.280208],[103.7926183,1.2801254]]]},"clearanceHeight":1.7,"clearancePrepared":true},"geometry":{"type":"Polygon","coordinates":[[[103.7925226,1.280208],[103.7926183,1.2801254],[103.792486,1.2799724],[103.7923903,1.280055],[103.7925226,1.280208]]]}},{"type":"Feature","id":"way/453230068-0","properties":{"addr:housenumber":"38B","addr:street":"Jalan Mat Jambol","building":"yes","clearanceGeometry":{"type":"Polygon","coordinates":[[[103.7925324,1.2802273],[103.7924001,1.2800743],[103.7923045,1.2801569],[103.7924368,1.2803099],[103.7925324,1.2802273]]]},"clearanceHeight":1.7,"clearancePrepared":true},"geometry":{"type":"Polygon","coordinates":[[[103.7924368,1.2803099],[103.7925324,1.2802273],[103.7924001,1.2800743],[103.7923045,1.2801569],[103.7924368,1.2803099]]]}},{"type":"Feature","id":"way/453230069-0","properties":{"addr:housenumber":"38B","addr:street":"Jalan Mat Jambol","building":"yes","clearanceGeometry":{"type":"Polygon","coordinates":[[[103.7924251,1.2803091],[103.7922928,1.2801561],[103.7921972,1.2802387],[103.7923295,1.2803917],[103.7924251,1.2803091]]]},"clearanceHeight":1.7,"clearancePrepared":true},"geometry":{"type":"Polygon","coordinates":[[[103.7923295,1.2803917],[103.7924251,1.2803091],[103.7922928,1.2801561],[103.7921972,1.2802387],[103.7923295,1.2803917]]]}},{"type":"Feature","id":"way/453230070-0","properties":{"addr:housenumber":"38B","addr:street":"Jalan Mat Jambol","building":"yes","clearanceGeometry":{"type":"Polygon","coordinates":[[[103.7922971,1.28036],[103.7921648,1.280207],[103.7920691,1.2802897],[103.7922014,1.2804427],[103.7922971,1.28036]]]},"clearanceHeight":1.7,"clearancePrepared":true},"geometry":{"type":"Polygon","coordinates":[[[103.7922014,1.2804427],[103.7922971,1.28036],[103.7921648,1.280207],[103.7920691,1.2802897],[103.7922014,1.2804427]]]}},{"type":"Feature","id":"way/453230071-0","properties":{"addr:housenumber":"38B","addr:street":"Jalan Mat Jambol","building":"yes","clearanceGeometry":{"type":"Polygon","coordinates":[[[103.7921453,1.2803917],[103.792013,1.2802387],[103.7919174,1.2803213],[103.7920497,1.2804743],[103.7921453,1.2803917]]]},"clearanceHeight":1.7,"clearancePrepared":true},"geometry":{"type":"Polygon","coordinates":[[[103.7920497,1.2804743],[103.7921453,1.2803917],[103.792013,1.2802387],[103.7919174,1.2803213],[103.7920497,1.2804743]]]}},{"type":"Feature","id":"way/453230332-0","properties":{"addr:city":"Singapore","addr:housenumber":"102","addr:street":"Chwee Chian Road","building":"house","building:levels":"3","clearanceGeometry":{"type":"Polygon","coordinates":[[[103.7896579,1.2804126],[103.7895557,1.2804562],[103.7896043,1.2805702],[103.7897065,1.2805266],[103.7896579,1.2804126]]]},"clearanceHeight":1.7,"clearancePrepared":true},"geometry":{"type":"Polygon","coordinates":[[[103.7897065,1.2805266],[103.7896579,1.2804126],[103.7895557,1.2804562],[103.7896043,1.2805702],[103.7897065,1.2805266]]]}},{"type":"Feature","id":"way/453230334-0","properties":{"building":"yes","building:levels":"4","clearanceGeometry":{"type":"Polygon","coordinates":[[[103.7894006,1.2804869],[103.7893349,1.2805183],[103.7892799,1.2804036],[103.7887996,1.2806336],[103.7888549,1.2807491],[103.7888914,1.2807317],[103.7889438,1.280841],[103.7894534,1.280597],[103.7894006,1.2804869]]]},"clearanceHeight":1.7,"clearancePrepared":true},"geometry":{"type":"Polygon","coordinates":[[[103.7894534,1.280597],[103.7894006,1.2804869],[103.7893349,1.2805183],[103.7892799,1.2804036],[103.7887996,1.2806336],[103.7888549,1.2807491],[103.7888914,1.2807317],[103.7889438,1.280841],[103.7894534,1.280597]]]}},{"type":"Feature","id":"way/453230336-0","properties":{"building":"yes","building:levels":"4","clearanceGeometry":{"type":"Polygon","coordinates":[[[103.7885317234665,1.280515757022482],[103.78844767612476,1.2804262948660035],[103.7882693,1.280568],[103.7886197,1.2810089],[103.7888061,1.2808609],[103.7885317234665,1.280515757022482]]]},"clearanceHeight":1.7,"clearancePrepared":true},"geometry":{"type":"Polygon","coordinates":[[[103.7888061,1.2808609],[103.7884556,1.28042],[103.7882693,1.280568],[103.7886197,1.2810089],[103.7888061,1.2808609]]]}},{"type":"Feature","id":"way/453236679-0","properties":{"addr:city":"Singapore","addr:housenumber":"66","addr:street":"Chwee Chian Road","building":"yes","clearanceGeometry":{"type":"Polygon","coordinates":[[[103.7895939,1.2796194],[103.7894906,1.2796999],[103.7895673,1.2797982],[103.7896705,1.2797178],[103.7895939,1.2796194]]]},"clearanceHeight":1.7,"clearancePrepared":true},"geometry":{"type":"Polygon","coordinates":[[[103.7896705,1.2797178],[103.7895939,1.2796194],[103.7894906,1.2796999],[103.7895673,1.2797982],[103.7896705,1.2797178]]]}},{"type":"Feature","id":"way/453236680-0","properties":{"addr:city":"Singapore","addr:housenumber":"70","addr:street":"Chwee Chian Road","building":"yes","clearanceGeometry":{"type":"Polygon","coordinates":[[[103.7894638,1.2797401],[103.7893605,1.2798205],[103.7894372,1.2799189],[103.7895405,1.2798385],[103.7894638,1.2797401]]]},"clearanceHeight":1.7,"clearancePrepared":true},"geometry":{"type":"Polygon","coordinates":[[[103.7895405,1.2798385],[103.7894638,1.2797401],[103.7893605,1.2798205],[103.7894372,1.2799189],[103.7895405,1.2798385]]]}},{"type":"Feature","id":"way/453236681-0","properties":{"addr:city":"Singapore","addr:housenumber":"74","addr:street":"Chwee Chian Road","building":"yes","clearanceGeometry":{"type":"Polygon","coordinates":[[[103.7892767,1.2798976],[103.789225,1.2799378],[103.7893017,1.2800362],[103.7893533,1.279996],[103.7892767,1.2798976]]]},"clearanceHeight":1.7,"clearancePrepared":true},"geometry":{"type":"Polygon","coordinates":[[[103.7893533,1.279996],[103.7892767,1.2798976],[103.789225,1.2799378],[103.7893017,1.2800362],[103.7893533,1.279996]]]}},{"type":"Feature","id":"way/453238056-0","properties":{"addr:city":"Singapore","addr:housenumber":"92","addr:street":"Chwee Chian Road","building":"house","building:levels":"3","clearanceGeometry":{"type":"Polygon","coordinates":[[[103.789911,1.2804395],[103.7899621,1.2804177],[103.7899135,1.2803037],[103.7898624,1.2803255],[103.789911,1.2804395]]]},"clearanceHeight":1.7,"clearancePrepared":true},"geometry":{"type":"Polygon","coordinates":[[[103.7898624,1.2803255],[103.789911,1.2804395],[103.7899621,1.2804177],[103.7899135,1.2803037],[103.7898624,1.2803255]]]}},{"type":"Feature","id":"way/453238057-0","properties":{"addr:city":"Singapore","addr:housenumber":"96","addr:street":"Chwee Chian Road","building":"house","building:levels":"3","clearanceGeometry":{"type":"Polygon","coordinates":[[[103.7898088,1.2804831],[103.789859,1.2804617],[103.7898097,1.280348],[103.7897602,1.2803691],[103.7898088,1.2804831]]]},"clearanceHeight":1.7,"clearancePrepared":true},"geometry":{"type":"Polygon","coordinates":[[[103.7897602,1.2803691],[103.7898088,1.2804831],[103.789859,1.2804617],[103.7898097,1.280348],[103.7897602,1.2803691]]]}},{"type":"Feature","id":"way/453238058-0","properties":{"addr:city":"Singapore","addr:housenumber":"100","addr:street":"Chwee Chian Road","building":"house","building:levels":"3","clearanceGeometry":{"type":"Polygon","coordinates":[[[103.7897065,1.2805266],[103.7897581,1.2805047],[103.7897072,1.2803916],[103.7896579,1.2804126],[103.7897065,1.2805266]]]},"clearanceHeight":1.7,"clearancePrepared":true},"geometry":{"type":"Polygon","coordinates":[[[103.7896579,1.2804126],[103.7897065,1.2805266],[103.7897581,1.2805047],[103.7897072,1.2803916],[103.7896579,1.2804126]]]}},{"type":"Feature","id":"way/453238059-0","properties":{"addr:city":"Singapore","addr:housenumber":"86","addr:street":"Chwee Chian Road","building":"house","clearanceGeometry":{"type":"Polygon","coordinates":[[[103.7896788,1.2799755],[103.7897709,1.2801277],[103.7898228,1.2800963],[103.7897222,1.2799322],[103.7896712,1.279963],[103.7896788,1.2799755]]]},"clearanceHeight":1.7,"clearancePrepared":true},"geometry":{"type":"Polygon","coordinates":[[[103.7896712,1.279963],[103.7896788,1.2799755],[103.7897709,1.2801277],[103.7898228,1.2800963],[103.7897222,1.2799322],[103.7896712,1.279963]]]}},{"type":"Feature","id":"way/453238060-0","properties":{"addr:city":"Singapore","addr:housenumber":"78","addr:street":"Chwee Chian Road","building":"house","clearanceGeometry":{"type":"Polygon","coordinates":[[[103.7894996,1.2801206],[103.7895647,1.2802282],[103.7895912,1.2802122],[103.7896019,1.2802299],[103.7896236,1.2802167],[103.7895343,1.2800755],[103.7894889,1.2801029],[103.7894996,1.2801206]]]},"clearanceHeight":1.7,"clearancePrepared":true},"geometry":{"type":"Polygon","coordinates":[[[103.7894889,1.2801029],[103.7894996,1.2801206],[103.7895647,1.2802282],[103.7895912,1.2802122],[103.7896019,1.2802299],[103.7896236,1.2802167],[103.7895343,1.2800755],[103.7894889,1.2801029]]]}},{"type":"Feature","id":"way/453238061-0","properties":{"addr:city":"Singapore","addr:housenumber":"76","addr:street":"Chwee Chian Road","building":"house","clearanceGeometry":{"type":"Polygon","coordinates":[[[103.78948,1.280267],[103.7895216,1.2802419],[103.7895271,1.280251],[103.7895647,1.2802282],[103.7894996,1.2801206],[103.7894204,1.2801685],[103.78948,1.280267]]]},"clearanceHeight":1.7,"clearancePrepared":true},"geometry":{"type":"Polygon","coordinates":[[[103.7894204,1.2801685],[103.78948,1.280267],[103.7895216,1.2802419],[103.7895271,1.280251],[103.7895647,1.2802282],[103.7894996,1.2801206],[103.7894204,1.2801685]]]}},{"type":"Feature","id":"way/453238062-0","properties":{"addr:city":"Singapore","addr:housenumber":"82","addr:street":"Chwee Chian Road","building":"house","clearanceGeometry":{"type":"Polygon","coordinates":[[[103.7895822,1.2800465],[103.7896687,1.2801895],[103.7897184,1.2801594],[103.7896272,1.2800068],[103.7895767,1.2800373],[103.7895822,1.2800465]]]},"clearanceHeight":1.7,"clearancePrepared":true},"geometry":{"type":"Polygon","coordinates":[[[103.7895767,1.2800373],[103.7895822,1.2800465],[103.7896687,1.2801895],[103.7897184,1.2801594],[103.7896272,1.2800068],[103.7895767,1.2800373]]]}},{"type":"Feature","id":"way/453238063-0","properties":{"addr:city":"Singapore","addr:housenumber":"20","addr:street":"Jambol Place","building":"house","building:levels":"3","clearanceGeometry":{"type":"Polygon","coordinates":[[[103.7898624,1.2796931],[103.7898902,1.2797467],[103.7898071,1.2797897],[103.7898177,1.2798102],[103.789785,1.2798271],[103.7898144,1.2798802],[103.7900185,1.279777],[103.7899497,1.2796478],[103.7898624,1.2796931]]]},"clearanceHeight":1.7,"clearancePrepared":true},"geometry":{"type":"Polygon","coordinates":[[[103.7899497,1.2796478],[103.7898624,1.2796931],[103.7898902,1.2797467],[103.7898071,1.2797897],[103.7898177,1.2798102],[103.789785,1.2798271],[103.7898144,1.2798802],[103.7900185,1.279777],[103.7899497,1.2796478]]]}},{"type":"Feature","id":"way/453238070-0","properties":{"addr:city":"Singapore","addr:housenumber":"34","addr:street":"Chwee Chian Road","building":"house","clearanceGeometry":{"type":"Polygon","coordinates":[[[103.7892123,1.2795179],[103.7890643,1.2796349],[103.7890923,1.2796703],[103.7892515,1.2795444],[103.7892235,1.279509],[103.7892123,1.2795179]]]},"clearanceHeight":1.7,"clearancePrepared":true},"geometry":{"type":"Polygon","coordinates":[[[103.7892235,1.279509],[103.7892123,1.2795179],[103.7890643,1.2796349],[103.7890923,1.2796703],[103.7892515,1.2795444],[103.7892235,1.279509]]]}},{"type":"Feature","id":"way/453238700-0","properties":{"addr:housenumber":"1","addr:street":"Springwood Height","building":"house","clearanceGeometry":{"type":"Polygon","coordinates":[[[103.7916805,1.2801886],[103.7917446,1.2803547],[103.791808,1.2803303],[103.791744,1.2801641],[103.7917346,1.2801677],[103.7916805,1.2801886]]]},"clearanceHeight":1.7,"clearancePrepared":true},"geometry":{"type":"Polygon","coordinates":[[[103.7917346,1.2801677],[103.7916805,1.2801886],[103.7917446,1.2803547],[103.791808,1.2803303],[103.791744,1.2801641],[103.7917346,1.2801677]]]}},{"type":"Feature","id":"way/453238701-0","properties":{"addr:housenumber":"7","addr:street":"Springwood Terrace","building":"house","building:levels":"3","clearanceGeometry":{"type":"Polygon","coordinates":[[[103.791664,1.280117],[103.7917262,1.280093],[103.7916747,1.2799595],[103.7916125,1.2799835],[103.791664,1.280117]]]},"clearanceHeight":1.7,"clearancePrepared":true},"geometry":{"type":"Polygon","coordinates":[[[103.7916125,1.2799835],[103.791664,1.280117],[103.7917262,1.280093],[103.7916747,1.2799595],[103.7916125,1.2799835]]]}},{"type":"Feature","id":"way/453238702-0","properties":{"addr:housenumber":"70","addr:street":"Jalan Mat Jambol","building":"house","building:levels":"3","clearanceGeometry":{"type":"Polygon","coordinates":[[[103.7909987,1.280267],[103.7909274,1.2800869],[103.7908691,1.2801101],[103.7909404,1.2802901],[103.7909527,1.2802852],[103.7909987,1.280267]]]},"clearanceHeight":1.7,"clearancePrepared":true},"geometry":{"type":"Polygon","coordinates":[[[103.7909527,1.2802852],[103.7909987,1.280267],[103.7909274,1.2800869],[103.7908691,1.2801101],[103.7909404,1.2802901],[103.7909527,1.2802852]]]}},{"type":"Feature","id":"way/453238703-0","properties":{"addr:housenumber":"19","addr:street":"Springwood Height","building":"house","clearanceGeometry":{"type":"Polygon","coordinates":[[[103.7910338,1.280336],[103.7909731,1.2803623],[103.7910451,1.2805285],[103.7911059,1.2805022],[103.7910338,1.280336]]]},"clearanceHeight":1.7,"clearancePrepared":true},"geometry":{"type":"Polygon","coordinates":[[[103.7911059,1.2805022],[103.7910338,1.280336],[103.7909731,1.2803623],[103.7910451,1.2805285],[103.7911059,1.2805022]]]}},{"type":"Feature","id":"way/453238706-0","properties":{"addr:city":"Singapore","addr:housenumber":"16","addr:street":"Springwood Height","building":"house","clearanceGeometry":{"type":"Polygon","coordinates":[[[103.7914736,1.2808289],[103.7914671,1.2808091],[103.7913978,1.2805997],[103.7913394,1.280619],[103.7914079,1.280826],[103.7914153,1.2808482],[103.7914736,1.2808289]]]},"clearanceHeight":1.7,"clearancePrepared":true},"geometry":{"type":"Polygon","coordinates":[[[103.7914153,1.2808482],[103.7914736,1.2808289],[103.7914671,1.2808091],[103.7913978,1.2805997],[103.7913394,1.280619],[103.7914079,1.280826],[103.7914153,1.2808482]]]}},{"type":"Feature","id":"way/453240388-0","properties":{"addr:city":"Singapore","addr:housenumber":"1","addr:street":"Chwee Chian View","building":"yes","clearanceGeometry":{"type":"Polygon","coordinates":[[[103.7885598,1.2796266],[103.78857395954131,1.2796443183565047],[103.78859095505705,1.279640040219798],[103.7886369,1.2796033],[103.7886472,1.2796162],[103.7887115,1.2795648],[103.788646,1.2794831],[103.7884907,1.2796073],[103.7885271,1.2796528],[103.7885598,1.2796266]]]},"clearanceHeight":1.7,"clearancePrepared":true},"geometry":{"type":"Polygon","coordinates":[[[103.7885271,1.2796528],[103.7885598,1.2796266],[103.7885785,1.27965],[103.7886369,1.2796033],[103.7886472,1.2796162],[103.7887115,1.2795648],[103.788646,1.2794831],[103.7884907,1.2796073],[103.7885271,1.2796528]]]}},{"type":"Feature","id":"way/453242259-0","properties":{"addr:housenumber":"71","addr:street":"Jalan Mat Jambol","building":"house","clearanceGeometry":{"type":"Polygon","coordinates":[[[103.7907992,1.2796423],[103.7907504,1.2796664],[103.790825,1.2798165],[103.7908735,1.2797924],[103.7907992,1.2796423]]]},"clearanceHeight":1.7,"clearancePrepared":true},"geometry":{"type":"Polygon","coordinates":[[[103.7908735,1.2797924],[103.7907992,1.2796423],[103.7907504,1.2796664],[103.790825,1.2798165],[103.7908735,1.2797924]]]}},{"type":"Feature","id":"way/453242260-0","properties":{"addr:city":"Singapore","addr:housenumber":"73","addr:street":"Jalan Mat Jambol","building":"yes","clearanceGeometry":{"type":"Polygon","coordinates":[[[103.790825,1.2798165],[103.7907448,1.2796608],[103.7906796,1.2796944],[103.7907863,1.2799016],[103.7908515,1.2798681],[103.790825,1.2798165]]]},"clearanceHeight":1.7,"clearancePrepared":true},"geometry":{"type":"Polygon","coordinates":[[[103.7908515,1.2798681],[103.790825,1.2798165],[103.7907448,1.2796608],[103.7906796,1.2796944],[103.7907863,1.2799016],[103.7908515,1.2798681]]]}},{"type":"Feature","id":"way/453242261-0","properties":{"addr:housenumber":"75","addr:street":"Jalan Mat Jambol","building":"house","building:levels":"3","clearanceGeometry":{"type":"Polygon","coordinates":[[[103.7906868,1.2799393],[103.7907364,1.279916],[103.7906653,1.2797645],[103.7906157,1.2797878],[103.7906868,1.2799393]]]},"clearanceHeight":1.7,"clearancePrepared":true},"geometry":{"type":"Polygon","coordinates":[[[103.7906157,1.2797878],[103.7906868,1.2799393],[103.7907364,1.279916],[103.7906653,1.2797645],[103.7906157,1.2797878]]]}},{"type":"Feature","id":"way/743767768-0","properties":{"addr:housenumber":"2","addr:street":"Springwood Terrace","building":"house","clearanceGeometry":{"type":"Polygon","coordinates":[[[103.7913412,1.2796835],[103.7912845,1.2797048],[103.7913429,1.2798598],[103.7913996,1.2798385],[103.7913412,1.2796835]]]},"clearanceHeight":1.7,"clearancePrepared":true},"geometry":{"type":"Polygon","coordinates":[[[103.7913996,1.2798385],[103.7913412,1.2796835],[103.7912845,1.2797048],[103.7913429,1.2798598],[103.7913996,1.2798385]]]}},{"type":"Feature","id":"way/934910552-0","properties":{"access":"yes","amenity":"toilets","building":"toilets","fee":"no","clearanceGeometry":{"type":"Polygon","coordinates":[[[103.7911046,1.2834564],[103.7910657,1.2834964],[103.7911021,1.2835319],[103.79110524472344,1.283528666351217],[103.79109348157444,1.2835109639807851],[103.79113337789838,1.2834844663569427],[103.7911046,1.2834564]]]},"clearanceHeight":1.7,"clearancePrepared":true},"geometry":{"type":"Polygon","coordinates":[[[103.791141,1.2834919],[103.7911046,1.2834564],[103.7910657,1.2834964],[103.7911021,1.2835319],[103.791141,1.2834919]]]}},{"type":"Feature","id":"way/982336508-0","properties":{"building":"yes","building:levels":"1","name":"showflat","name:zh":"\u793a\u8303\u9648\u5217\u5ba4","clearanceGeometry":{"type":"Polygon","coordinates":[[[103.7883492,1.2818248],[103.7884438,1.2820134],[103.7887691,1.2818504],[103.7886356,1.2815842],[103.7886078,1.2815982],[103.7885386,1.2814602],[103.7883306,1.2815645],[103.7884387,1.2817799],[103.7883492,1.2818248]]]},"clearanceHeight":1.7,"clearancePrepared":true},"geometry":{"type":"Polygon","coordinates":[[[103.7884387,1.2817799],[103.7883492,1.2818248],[103.7884438,1.2820134],[103.7887691,1.2818504],[103.7886356,1.2815842],[103.7886078,1.2815982],[103.7885386,1.2814602],[103.7883306,1.2815645],[103.7884387,1.2817799]]]}},{"type":"Feature","id":"way/1052381011-0","properties":{"addr:city":"Singapore","addr:housenumber":"80","addr:street":"Chwee Chian Road","building":"house","clearanceGeometry":{"type":"Polygon","coordinates":[[[103.7895822,1.2800465],[103.7895343,1.2800755],[103.7896236,1.2802167],[103.7896687,1.2801895],[103.7895822,1.2800465]]]},"clearanceHeight":1.7,"clearancePrepared":true},"geometry":{"type":"Polygon","coordinates":[[[103.7896687,1.2801895],[103.7895822,1.2800465],[103.7895343,1.2800755],[103.7896236,1.2802167],[103.7896687,1.2801895]]]}},{"type":"Feature","id":"way/1052381012-0","properties":{"addr:city":"Singapore","addr:housenumber":"84","addr:street":"Chwee Chian Road","building":"house","clearanceGeometry":{"type":"Polygon","coordinates":[[[103.7896788,1.2799755],[103.7896272,1.2800068],[103.7897184,1.2801594],[103.7897709,1.2801277],[103.7896788,1.2799755]]]},"clearanceHeight":1.7,"clearancePrepared":true},"geometry":{"type":"Polygon","coordinates":[[[103.7897709,1.2801277],[103.7896788,1.2799755],[103.7896272,1.2800068],[103.7897184,1.2801594],[103.7897709,1.2801277]]]}},{"type":"Feature","id":"way/1052381013-0","properties":{"addr:city":"Singapore","addr:housenumber":"88","addr:street":"Chwee Chian Road","building":"house","clearanceGeometry":{"type":"Polygon","coordinates":[[[103.7897744,1.2799006],[103.7897222,1.2799322],[103.7898228,1.2800963],[103.7898741,1.2800653],[103.7897744,1.2799006]]]},"clearanceHeight":1.7,"clearancePrepared":true},"geometry":{"type":"Polygon","coordinates":[[[103.7898741,1.2800653],[103.7897744,1.2799006],[103.7897222,1.2799322],[103.7898228,1.2800963],[103.7898741,1.2800653]]]}},{"type":"Feature","id":"way/1052381014-0","properties":{"addr:city":"Singapore","addr:housenumber":"98","addr:street":"Chwee Chian Road","building":"house","building:levels":"3","clearanceGeometry":{"type":"Polygon","coordinates":[[[103.7897602,1.2803691],[103.7897072,1.2803916],[103.7897581,1.2805047],[103.7898088,1.2804831],[103.7897602,1.2803691]]]},"clearanceHeight":1.7,"clearancePrepared":true},"geometry":{"type":"Polygon","coordinates":[[[103.7898088,1.2804831],[103.7897602,1.2803691],[103.7897072,1.2803916],[103.7897581,1.2805047],[103.7898088,1.2804831]]]}},{"type":"Feature","id":"way/1052381015-0","properties":{"addr:city":"Singapore","addr:housenumber":"94","addr:street":"Chwee Chian Road","building":"house","building:levels":"3","clearanceGeometry":{"type":"Polygon","coordinates":[[[103.7898624,1.2803255],[103.7898097,1.280348],[103.789859,1.2804617],[103.789911,1.2804395],[103.7898624,1.2803255]]]},"clearanceHeight":1.7,"clearancePrepared":true},"geometry":{"type":"Polygon","coordinates":[[[103.789911,1.2804395],[103.7898624,1.2803255],[103.7898097,1.280348],[103.789859,1.2804617],[103.789911,1.2804395]]]}},{"type":"Feature","id":"way/1052381016-0","properties":{"addr:city":"Singapore","addr:housenumber":"90","addr:street":"Chwee Chian Road","building":"house","building:levels":"3","clearanceGeometry":{"type":"Polygon","coordinates":[[[103.7899647,1.2802819],[103.7899135,1.2803037],[103.7899621,1.2804177],[103.7900133,1.2803959],[103.7899647,1.2802819]]]},"clearanceHeight":1.7,"clearancePrepared":true},"geometry":{"type":"Polygon","coordinates":[[[103.7900133,1.2803959],[103.7899647,1.2802819],[103.7899135,1.2803037],[103.7899621,1.2804177],[103.7900133,1.2803959]]]}},{"type":"Feature","id":"way/1052381017-0","properties":{"addr:city":"Singapore","addr:housenumber":"2","addr:street":"Jambol Place","building":"house","building:levels":"3","clearanceGeometry":{"type":"Polygon","coordinates":[[[103.7902421,1.2802115],[103.7902164,1.2801626],[103.7900423,1.2802522],[103.790068,1.2803018],[103.7902421,1.2802115]]]},"clearanceHeight":1.7,"clearancePrepared":true},"geometry":{"type":"Polygon","coordinates":[[[103.790068,1.2803018],[103.7902421,1.2802115],[103.7902164,1.2801626],[103.7900423,1.2802522],[103.790068,1.2803018]]]}},{"type":"Feature","id":"way/1052381018-0","properties":{"addr:city":"Singapore","addr:housenumber":"4","addr:street":"Jambol Place","building":"house","building:levels":"3","clearanceGeometry":{"type":"Polygon","coordinates":[[[103.7902164,1.2801626],[103.7901907,1.2801136],[103.7900166,1.2802027],[103.7900423,1.2802522],[103.7902164,1.2801626]]]},"clearanceHeight":1.7,"clearancePrepared":true},"geometry":{"type":"Polygon","coordinates":[[[103.7900423,1.2802522],[103.7902164,1.2801626],[103.7901907,1.2801136],[103.7900166,1.2802027],[103.7900423,1.2802522]]]}},{"type":"Feature","id":"way/1052381019-0","properties":{"addr:city":"Singapore","addr:housenumber":"6","addr:street":"Jambol Place","building":"house","building:levels":"3","clearanceGeometry":{"type":"Polygon","coordinates":[[[103.7901907,1.2801136],[103.790165,1.2800647],[103.789991,1.2801532],[103.7900166,1.2802027],[103.7901907,1.2801136]]]},"clearanceHeight":1.7,"clearancePrepared":true},"geometry":{"type":"Polygon","coordinates":[[[103.7900166,1.2802027],[103.7901907,1.2801136],[103.790165,1.2800647],[103.789991,1.2801532],[103.7900166,1.2802027]]]}},{"type":"Feature","id":"way/1052381020-0","properties":{"addr:city":"Singapore","addr:housenumber":"18","addr:street":"Jambol Place","building":"house","building:levels":"3","clearanceGeometry":{"type":"Polygon","coordinates":[[[103.7898144,1.2798802],[103.7898402,1.2799311],[103.7900423,1.279824],[103.7900185,1.279777],[103.7898144,1.2798802]]]},"clearanceHeight":1.7,"clearancePrepared":true},"geometry":{"type":"Polygon","coordinates":[[[103.7900185,1.279777],[103.7898144,1.2798802],[103.7898402,1.2799311],[103.7900423,1.279824],[103.7900185,1.279777]]]}},{"type":"Feature","id":"way/1052381021-0","properties":{"addr:city":"Singapore","addr:housenumber":"16","addr:street":"Jambol Place","building":"house","building:levels":"3","clearanceGeometry":{"type":"Polygon","coordinates":[[[103.790071,1.2798807],[103.7900423,1.279824],[103.7898402,1.2799311],[103.7898652,1.2799806],[103.790071,1.2798807]]]},"clearanceHeight":1.7,"clearancePrepared":true},"geometry":{"type":"Polygon","coordinates":[[[103.7898652,1.2799806],[103.790071,1.2798807],[103.7900423,1.279824],[103.7898402,1.2799311],[103.7898652,1.2799806]]]}},{"type":"Feature","id":"way/1052381022-0","properties":{"addr:city":"Singapore","addr:housenumber":"14","addr:street":"Jambol Place","building":"house","building:levels":"3","clearanceGeometry":{"type":"Polygon","coordinates":[[[103.7900917,1.2799217],[103.790071,1.2798807],[103.7898652,1.2799806],[103.7898875,1.2800248],[103.7900917,1.2799217]]]},"clearanceHeight":1.7,"clearancePrepared":true},"geometry":{"type":"Polygon","coordinates":[[[103.7898875,1.2800248],[103.7900917,1.2799217],[103.790071,1.2798807],[103.7898652,1.2799806],[103.7898875,1.2800248]]]}},{"type":"Feature","id":"way/1052381023-0","properties":{"addr:city":"Singapore","addr:housenumber":"12","addr:street":"Jambol Place","building":"house","building:levels":"3","clearanceGeometry":{"type":"Polygon","coordinates":[[[103.7901154,1.2799685],[103.7900917,1.2799217],[103.7898875,1.2800248],[103.7899113,1.2800717],[103.7901154,1.2799685]]]},"clearanceHeight":1.7,"clearancePrepared":true},"geometry":{"type":"Polygon","coordinates":[[[103.7899113,1.2800717],[103.7901154,1.2799685],[103.7900917,1.2799217],[103.7898875,1.2800248],[103.7899113,1.2800717]]]}},{"type":"Feature","id":"way/1052381024-0","properties":{"addr:city":"Singapore","addr:housenumber":"10","addr:street":"Jambol Place","building":"house","building:levels":"3","clearanceGeometry":{"type":"Polygon","coordinates":[[[103.7899653,1.2801037],[103.7901393,1.2800157],[103.7901154,1.2799685],[103.7899113,1.2800717],[103.7899352,1.280119],[103.7899653,1.2801037]]]},"clearanceHeight":1.7,"clearancePrepared":true},"geometry":{"type":"Polygon","coordinates":[[[103.7899352,1.280119],[103.7899653,1.2801037],[103.7901393,1.2800157],[103.7901154,1.2799685],[103.7899113,1.2800717],[103.7899352,1.280119]]]}},{"type":"Feature","id":"way/1052381025-0","properties":{"addr:city":"Singapore","addr:housenumber":"8","addr:street":"Jambol Place","building":"house","building:levels":"3","clearanceGeometry":{"type":"Polygon","coordinates":[[[103.790165,1.2800647],[103.7901393,1.2800157],[103.7899653,1.2801037],[103.789991,1.2801532],[103.790165,1.2800647]]]},"clearanceHeight":1.7,"clearancePrepared":true},"geometry":{"type":"Polygon","coordinates":[[[103.789991,1.2801532],[103.790165,1.2800647],[103.7901393,1.2800157],[103.7899653,1.2801037],[103.789991,1.2801532]]]}},{"type":"Feature","id":"way/1052381026-0","properties":{"addr:city":"Singapore","addr:housenumber":"18","addr:street":"Springwood Height","building":"house","clearanceGeometry":{"type":"Polygon","coordinates":[[[103.7913394,1.280619],[103.791282,1.2806379],[103.7913506,1.280845],[103.7914079,1.280826],[103.7913394,1.280619]]]},"clearanceHeight":1.7,"clearancePrepared":true},"geometry":{"type":"Polygon","coordinates":[[[103.7914079,1.280826],[103.7913394,1.280619],[103.791282,1.2806379],[103.7913506,1.280845],[103.7914079,1.280826]]]}},{"type":"Feature","id":"way/1052381027-0","properties":{"building":"yes","clearanceGeometry":{"type":"Polygon","coordinates":[[[103.7912319,1.2808851],[103.7912932,1.280864],[103.7912247,1.2806569],[103.7911607,1.2806778],[103.7912319,1.2808851]]]},"clearanceHeight":1.7,"clearancePrepared":true},"geometry":{"type":"Polygon","coordinates":[[[103.7911607,1.2806778],[103.7912319,1.2808851],[103.7912932,1.280864],[103.7912247,1.2806569],[103.7911607,1.2806778]]]}},{"type":"Feature","id":"way/1052381028-0","properties":{"addr:city":"Singapore","addr:housenumber":"20","addr:street":"Springwood Height","building":"house","clearanceGeometry":{"type":"Polygon","coordinates":[[[103.7912932,1.280864],[103.7913506,1.280845],[103.791282,1.2806379],[103.7912247,1.2806569],[103.7912932,1.280864]]]},"clearanceHeight":1.7,"clearancePrepared":true},"geometry":{"type":"Polygon","coordinates":[[[103.7912247,1.2806569],[103.7912932,1.280864],[103.7913506,1.280845],[103.791282,1.2806379],[103.7912247,1.2806569]]]}},{"type":"Feature","id":"way/1052381029-0","properties":{"addr:city":"Singapore","addr:housenumber":"14","addr:street":"Springwood Height","building":"house","clearanceGeometry":{"type":"Polygon","coordinates":[[[103.7914725,1.2806271],[103.7914569,1.2805801],[103.7913978,1.2805997],[103.7914671,1.2808091],[103.7915262,1.2807895],[103.7914725,1.2806271]]]},"clearanceHeight":1.7,"clearancePrepared":true},"geometry":{"type":"Polygon","coordinates":[[[103.7915262,1.2807895],[103.7914725,1.2806271],[103.7914569,1.2805801],[103.7913978,1.2805997],[103.7914671,1.2808091],[103.7915262,1.2807895]]]}},{"type":"Feature","id":"way/1052381030-0","properties":{"addr:city":"Singapore","addr:housenumber":"2","addr:street":"Springwood Height","building":"house","clearanceGeometry":{"type":"Polygon","coordinates":[[[103.7918271,1.2805098],[103.7917681,1.2805293],[103.7918341,1.2807289],[103.7918931,1.2807094],[103.7918271,1.2805098]]]},"clearanceHeight":1.7,"clearancePrepared":true},"geometry":{"type":"Polygon","coordinates":[[[103.7918931,1.2807094],[103.7918271,1.2805098],[103.7917681,1.2805293],[103.7918341,1.2807289],[103.7918931,1.2807094]]]}},{"type":"Feature","id":"way/1052381031-0","properties":{"addr:city":"Singapore","addr:housenumber":"4","addr:street":"Springwood Height","building":"house","clearanceGeometry":{"type":"Polygon","coordinates":[[[103.7917681,1.2805293],[103.791709,1.2805488],[103.7917751,1.2807484],[103.7918341,1.2807289],[103.7917681,1.2805293]]]},"clearanceHeight":1.7,"clearancePrepared":true},"geometry":{"type":"Polygon","coordinates":[[[103.7918341,1.2807289],[103.7917681,1.2805293],[103.791709,1.2805488],[103.7917751,1.2807484],[103.7918341,1.2807289]]]}},{"type":"Feature","id":"way/1052381032-0","properties":{"addr:city":"Singapore","addr:housenumber":"6","addr:street":"Springwood Height","building":"house","clearanceGeometry":{"type":"Polygon","coordinates":[[[103.791709,1.2805488],[103.79165,1.2805684],[103.7917161,1.280768],[103.7917751,1.2807484],[103.791709,1.2805488]]]},"clearanceHeight":1.7,"clearancePrepared":true},"geometry":{"type":"Polygon","coordinates":[[[103.7917751,1.2807484],[103.791709,1.2805488],[103.79165,1.2805684],[103.7917161,1.280768],[103.7917751,1.2807484]]]}},{"type":"Feature","id":"way/1052381033-0","properties":{"addr:city":"Singapore","addr:housenumber":"8","addr:street":"Springwood Height","building":"house","clearanceGeometry":{"type":"Polygon","coordinates":[[[103.79165,1.2805684],[103.791591,1.2805879],[103.791657,1.2807875],[103.7917161,1.280768],[103.79165,1.2805684]]]},"clearanceHeight":1.7,"clearancePrepared":true},"geometry":{"type":"Polygon","coordinates":[[[103.7917161,1.280768],[103.79165,1.2805684],[103.791591,1.2805879],[103.791657,1.2807875],[103.7917161,1.280768]]]}},{"type":"Feature","id":"way/1052381034-0","properties":{"addr:city":"Singapore","addr:housenumber":"10","addr:street":"Springwood Height","building":"house","clearanceGeometry":{"type":"Polygon","coordinates":[[[103.791591,1.2805879],[103.7915319,1.2806074],[103.791598,1.280807],[103.791657,1.2807875],[103.791591,1.2805879]]]},"clearanceHeight":1.7,"clearancePrepared":true},"geometry":{"type":"Polygon","coordinates":[[[103.791657,1.2807875],[103.791591,1.2805879],[103.7915319,1.2806074],[103.791598,1.280807],[103.791657,1.2807875]]]}},{"type":"Feature","id":"way/1052381035-0","properties":{"addr:city":"Singapore","addr:housenumber":"12","addr:street":"Springwood Height","building":"house","clearanceGeometry":{"type":"Polygon","coordinates":[[[103.7915262,1.2807895],[103.7915385,1.2808267],[103.791598,1.280807],[103.7915319,1.2806074],[103.7914725,1.2806271],[103.7915262,1.2807895]]]},"clearanceHeight":1.7,"clearancePrepared":true},"geometry":{"type":"Polygon","coordinates":[[[103.7914725,1.2806271],[103.7915262,1.2807895],[103.7915385,1.2808267],[103.791598,1.280807],[103.7915319,1.2806074],[103.7914725,1.2806271]]]}},{"type":"Feature","id":"way/1052381036-0","properties":{"addr:housenumber":"9","addr:street":"Springwood Height","building":"house","clearanceGeometry":{"type":"Polygon","coordinates":[[[103.7912725,1.2802326],[103.7913445,1.2803988],[103.79140024433988,1.2803747285805045],[103.79133084473155,1.280207310968632],[103.7912725,1.2802326]]]},"clearanceHeight":1.7,"clearancePrepared":true},"geometry":{"type":"Polygon","coordinates":[[[103.7914061,1.2803722],[103.7913341,1.2802059],[103.7912725,1.2802326],[103.7913445,1.2803988],[103.7914061,1.2803722]]]}},{"type":"Feature","id":"way/1052381037-0","properties":{"addr:housenumber":"11","addr:street":"Springwood Height","building":"house","clearanceGeometry":{"type":"Polygon","coordinates":[[[103.7912725,1.2802326],[103.7912108,1.2802593],[103.7912829,1.2804255],[103.7913445,1.2803988],[103.7912725,1.2802326]]]},"clearanceHeight":1.7,"clearancePrepared":true},"geometry":{"type":"Polygon","coordinates":[[[103.7913445,1.2803988],[103.7912725,1.2802326],[103.7912108,1.2802593],[103.7912829,1.2804255],[103.7913445,1.2803988]]]}},{"type":"Feature","id":"way/1052381038-0","properties":{"addr:housenumber":"13","addr:street":"Springwood Height","building":"house","clearanceGeometry":{"type":"Polygon","coordinates":[[[103.7912108,1.2802593],[103.7911492,1.280286],[103.7912213,1.2804522],[103.7912829,1.2804255],[103.7912108,1.2802593]]]},"clearanceHeight":1.7,"clearancePrepared":true},"geometry":{"type":"Polygon","coordinates":[[[103.7912829,1.2804255],[103.7912108,1.2802593],[103.7911492,1.280286],[103.7912213,1.2804522],[103.7912829,1.2804255]]]}},{"type":"Feature","id":"way/1052381039-0","properties":{"addr:housenumber":"15","addr:street":"Springwood Height","building":"house","clearanceGeometry":{"type":"Polygon","coordinates":[[[103.7911492,1.280286],[103.7910955,1.2803093],[103.7911675,1.2804755],[103.7912213,1.2804522],[103.7911492,1.280286]]]},"clearanceHeight":1.7,"clearancePrepared":true},"geometry":{"type":"Polygon","coordinates":[[[103.7912213,1.2804522],[103.7911492,1.280286],[103.7910955,1.2803093],[103.7911675,1.2804755],[103.7912213,1.2804522]]]}},{"type":"Feature","id":"way/1052381040-0","properties":{"addr:housenumber":"17","addr:street":"Springwood Height","building":"house","clearanceGeometry":{"type":"Polygon","coordinates":[[[103.7910955,1.2803093],[103.7910338,1.280336],[103.7911059,1.2805022],[103.7911675,1.2804755],[103.7910955,1.2803093]]]},"clearanceHeight":1.7,"clearancePrepared":true},"geometry":{"type":"Polygon","coordinates":[[[103.7911675,1.2804755],[103.7910955,1.2803093],[103.7910338,1.280336],[103.7911059,1.2805022],[103.7911675,1.2804755]]]}},{"type":"Feature","id":"way/1052381041-0","properties":{"addr:housenumber":"60","addr:street":"Jalan Mat Jambol","building":"house","building:levels":"3","clearanceGeometry":{"type":"Polygon","coordinates":[[[103.7912902,1.2801514],[103.7912189,1.2799714],[103.7911606,1.2799945],[103.7912319,1.2801746],[103.791267,1.2801606],[103.7912902,1.2801514]]]},"clearanceHeight":1.7,"clearancePrepared":true},"geometry":{"type":"Polygon","coordinates":[[[103.791267,1.2801606],[103.7912902,1.2801514],[103.7912189,1.2799714],[103.7911606,1.2799945],[103.7912319,1.2801746],[103.791267,1.2801606]]]}},{"type":"Feature","id":"way/1052381042-0","properties":{"addr:housenumber":"62","addr:street":"Jalan Mat Jambol","building":"house","building:levels":"3","clearanceGeometry":{"type":"Polygon","coordinates":[[[103.7912319,1.2801746],[103.7911606,1.2799945],[103.7911023,1.2800176],[103.7911736,1.2801977],[103.7912042,1.2801856],[103.7912319,1.2801746]]]},"clearanceHeight":1.7,"clearancePrepared":true},"geometry":{"type":"Polygon","coordinates":[[[103.7912042,1.2801856],[103.7912319,1.2801746],[103.7911606,1.2799945],[103.7911023,1.2800176],[103.7911736,1.2801977],[103.7912042,1.2801856]]]}},{"type":"Feature","id":"way/1052381043-0","properties":{"addr:housenumber":"64","addr:street":"Jalan Mat Jambol","building":"house","building:levels":"3","clearanceGeometry":{"type":"Polygon","coordinates":[[[103.7911736,1.2801977],[103.7911023,1.2800176],[103.791044,1.2800407],[103.7911153,1.2802208],[103.7911486,1.2802076],[103.7911736,1.2801977]]]},"clearanceHeight":1.7,"clearancePrepared":true},"geometry":{"type":"Polygon","coordinates":[[[103.7911486,1.2802076],[103.7911736,1.2801977],[103.7911023,1.2800176],[103.791044,1.2800407],[103.7911153,1.2802208],[103.7911486,1.2802076]]]}},{"type":"Feature","id":"way/1052381044-0","properties":{"addr:housenumber":"66","addr:street":"Jalan Mat Jambol","building":"house","building:levels":"3","clearanceGeometry":{"type":"Polygon","coordinates":[[[103.7911153,1.2802208],[103.791044,1.2800407],[103.7909857,1.2800638],[103.791057,1.2802439],[103.7910916,1.2802302],[103.7911153,1.2802208]]]},"clearanceHeight":1.7,"clearancePrepared":true},"geometry":{"type":"Polygon","coordinates":[[[103.7910916,1.2802302],[103.7911153,1.2802208],[103.791044,1.2800407],[103.7909857,1.2800638],[103.791057,1.2802439],[103.7910916,1.2802302]]]}},{"type":"Feature","id":"way/1052381045-0","properties":{"addr:housenumber":"68","addr:street":"Jalan Mat Jambol","building":"house","building:levels":"3","clearanceGeometry":{"type":"Polygon","coordinates":[[[103.791057,1.2802439],[103.7909857,1.2800638],[103.7909274,1.2800869],[103.7909987,1.280267],[103.7910296,1.2802548],[103.791057,1.2802439]]]},"clearanceHeight":1.7,"clearancePrepared":true},"geometry":{"type":"Polygon","coordinates":[[[103.7910296,1.2802548],[103.791057,1.2802439],[103.7909857,1.2800638],[103.7909274,1.2800869],[103.7909987,1.280267],[103.7910296,1.2802548]]]}},{"type":"Feature","id":"way/1052381046-0","properties":{"addr:housenumber":"1","addr:street":"Springwood Terrace","building":"house","building:levels":"3","clearanceGeometry":{"type":"Polygon","coordinates":[[[103.7914772,1.2801889],[103.7915395,1.2801649],[103.791488,1.2800314],[103.7914258,1.2800554],[103.7914772,1.2801889]]]},"clearanceHeight":1.7,"clearancePrepared":true},"geometry":{"type":"Polygon","coordinates":[[[103.7914258,1.2800554],[103.7914772,1.2801889],[103.7915395,1.2801649],[103.791488,1.2800314],[103.7914258,1.2800554]]]}},{"type":"Feature","id":"way/1052381047-0","properties":{"addr:housenumber":"3","addr:street":"Springwood Terrace","building":"house","building:levels":"3","clearanceGeometry":{"type":"Polygon","coordinates":[[[103.7915395,1.2801649],[103.7915554,1.2801588],[103.7916017,1.280141],[103.7915503,1.2800075],[103.791488,1.2800314],[103.7915395,1.2801649]]]},"clearanceHeight":1.7,"clearancePrepared":true},"geometry":{"type":"Polygon","coordinates":[[[103.791488,1.2800314],[103.7915395,1.2801649],[103.7915554,1.2801588],[103.7916017,1.280141],[103.7915503,1.2800075],[103.791488,1.2800314]]]}},{"type":"Feature","id":"way/1052381048-0","properties":{"addr:housenumber":"5","addr:street":"Springwood Terrace","building":"house","building:levels":"3","clearanceGeometry":{"type":"Polygon","coordinates":[[[103.7916017,1.280141],[103.7916232,1.2801327],[103.791664,1.280117],[103.7916125,1.2799835],[103.7915503,1.2800075],[103.7916017,1.280141]]]},"clearanceHeight":1.7,"clearancePrepared":true},"geometry":{"type":"Polygon","coordinates":[[[103.7915503,1.2800075],[103.7916017,1.280141],[103.7916232,1.2801327],[103.791664,1.280117],[103.7916125,1.2799835],[103.7915503,1.2800075]]]}},{"type":"Feature","id":"way/1052381049-0","properties":{"addr:housenumber":"7","addr:street":"Springwood Height","building":"house","clearanceGeometry":{"type":"Polygon","coordinates":[[[103.7915542,1.280428],[103.7916177,1.2804036],[103.7915536,1.2802375],[103.7914901,1.2802619],[103.7915542,1.280428]]]},"clearanceHeight":1.7,"clearancePrepared":true},"geometry":{"type":"Polygon","coordinates":[[[103.7914901,1.2802619],[103.7915542,1.280428],[103.7916177,1.2804036],[103.7915536,1.2802375],[103.7914901,1.2802619]]]}},{"type":"Feature","id":"way/1052381050-0","properties":{"addr:housenumber":"5","addr:street":"Springwood Height","building":"house","clearanceGeometry":{"type":"Polygon","coordinates":[[[103.7915536,1.2802375],[103.7916177,1.2804036],[103.7916811,1.2803792],[103.7916171,1.280213],[103.7915835,1.280226],[103.7915536,1.2802375]]]},"clearanceHeight":1.7,"clearancePrepared":true},"geometry":{"type":"Polygon","coordinates":[[[103.7915835,1.280226],[103.7915536,1.2802375],[103.7916177,1.2804036],[103.7916811,1.2803792],[103.7916171,1.280213],[103.7915835,1.280226]]]}},{"type":"Feature","id":"way/1052381051-0","properties":{"addr:housenumber":"3","addr:street":"Springwood Height","building":"house","clearanceGeometry":{"type":"Polygon","coordinates":[[[103.7916171,1.280213],[103.7916811,1.2803792],[103.7917446,1.2803547],[103.7916805,1.2801886],[103.791657,1.2801976],[103.7916171,1.280213]]]},"clearanceHeight":1.7,"clearancePrepared":true},"geometry":{"type":"Polygon","coordinates":[[[103.791657,1.2801976],[103.7916171,1.280213],[103.7916811,1.2803792],[103.7917446,1.2803547],[103.7916805,1.2801886],[103.791657,1.2801976]]]}},{"type":"Feature","id":"way/1052381052-0","properties":{"addr:housenumber":"10","addr:street":"Springwood Terrace","building":"house","clearanceGeometry":{"type":"Polygon","coordinates":[[[103.7915678,1.2795981],[103.7915228,1.279615],[103.7915111,1.2796194],[103.7915695,1.2797744],[103.7916262,1.2797531],[103.7915678,1.2795981]]]},"clearanceHeight":1.7,"clearancePrepared":true},"geometry":{"type":"Polygon","coordinates":[[[103.7916262,1.2797531],[103.7915678,1.2795981],[103.7915228,1.279615],[103.7915111,1.2796194],[103.7915695,1.2797744],[103.7916262,1.2797531]]]}},{"type":"Feature","id":"way/1052381053-0","properties":{"addr:housenumber":"8","addr:street":"Springwood Terrace","building":"house","clearanceGeometry":{"type":"Polygon","coordinates":[[[103.7915111,1.2796194],[103.7914998,1.2796237],[103.7914545,1.2796408],[103.7915129,1.2797958],[103.7915695,1.2797744],[103.7915111,1.2796194]]]},"clearanceHeight":1.7,"clearancePrepared":true},"geometry":{"type":"Polygon","coordinates":[[[103.7915695,1.2797744],[103.7915111,1.2796194],[103.7914998,1.2796237],[103.7914545,1.2796408],[103.7915129,1.2797958],[103.7915695,1.2797744]]]}},{"type":"Feature","id":"way/1052381054-0","properties":{"addr:housenumber":"6","addr:street":"Springwood Terrace","building":"house","clearanceGeometry":{"type":"Polygon","coordinates":[[[103.7914545,1.2796408],[103.7913978,1.2796621],[103.7914562,1.2798171],[103.7915129,1.2797958],[103.7914545,1.2796408]]]},"clearanceHeight":1.7,"clearancePrepared":true},"geometry":{"type":"Polygon","coordinates":[[[103.7915129,1.2797958],[103.7914545,1.2796408],[103.7913978,1.2796621],[103.7914562,1.2798171],[103.7915129,1.2797958]]]}},{"type":"Feature","id":"way/1052381055-0","properties":{"addr:housenumber":"4","addr:street":"Springwood Terrace","building":"house","clearanceGeometry":{"type":"Polygon","coordinates":[[[103.7913978,1.2796621],[103.7913412,1.2796835],[103.7913996,1.2798385],[103.7914562,1.2798171],[103.7913978,1.2796621]]]},"clearanceHeight":1.7,"clearancePrepared":true},"geometry":{"type":"Polygon","coordinates":[[[103.7914562,1.2798171],[103.7913978,1.2796621],[103.7913412,1.2796835],[103.7913996,1.2798385],[103.7914562,1.2798171]]]}},{"type":"Feature","id":"way/1052381090-0","properties":{"addr:city":"Singapore","addr:housenumber":"32","addr:street":"Chwee Chian Road","building":"house","clearanceGeometry":{"type":"Polygon","coordinates":[[[103.7892818,1.2795828],[103.7892515,1.2795444],[103.7890923,1.2796703],[103.7891226,1.2797087],[103.7892818,1.2795828]]]},"clearanceHeight":1.7,"clearancePrepared":true},"geometry":{"type":"Polygon","coordinates":[[[103.7891226,1.2797087],[103.7892818,1.2795828],[103.7892515,1.2795444],[103.7890923,1.2796703],[103.7891226,1.2797087]]]}},{"type":"Feature","id":"way/1052381091-0","properties":{"addr:city":"Singapore","addr:housenumber":"36","addr:street":"Chwee Chian Road","building":"house","clearanceGeometry":{"type":"Polygon","coordinates":[[[103.7892123,1.2795179],[103.7891751,1.2794708],[103.7890271,1.2795879],[103.7890643,1.2796349],[103.7892123,1.2795179]]]},"clearanceHeight":1.7,"clearancePrepared":true},"geometry":{"type":"Polygon","coordinates":[[[103.7890643,1.2796349],[103.7892123,1.2795179],[103.7891751,1.2794708],[103.7890271,1.2795879],[103.7890643,1.2796349]]]}},{"type":"Feature","id":"way/1052381107-0","properties":{"addr:city":"Singapore","addr:housenumber":"72","addr:street":"Chwee Chian Road","building":"yes","clearanceGeometry":{"type":"Polygon","coordinates":[[[103.7893283,1.2798574],[103.7892767,1.2798976],[103.7893533,1.279996],[103.7894049,1.2799558],[103.7893283,1.2798574]]]},"clearanceHeight":1.7,"clearancePrepared":true},"geometry":{"type":"Polygon","coordinates":[[[103.7894049,1.2799558],[103.7893283,1.2798574],[103.7892767,1.2798976],[103.7893533,1.279996],[103.7894049,1.2799558]]]}},{"type":"Feature","id":"way/1052381108-0","properties":{"addr:city":"Singapore","addr:housenumber":"3","addr:street":"Chwee Chian View","building":"yes","clearanceGeometry":{"type":"Polygon","coordinates":[[[103.7885974,1.2795041],[103.7885611,1.2794587],[103.7884514,1.2795457],[103.7884881,1.2795915],[103.7885974,1.2795041]]]},"clearanceHeight":1.7,"clearancePrepared":true},"geometry":{"type":"Polygon","coordinates":[[[103.7884881,1.2795915],[103.7885974,1.2795041],[103.7885611,1.2794587],[103.7884514,1.2795457],[103.7884881,1.2795915]]]}},{"type":"Feature","id":"way/1052381151-0","properties":{"addr:housenumber":"89","addr:street":"Jalan Mat Jambol","building":"house","building:levels":"3","clearanceGeometry":{"type":"Polygon","coordinates":[[[103.7903395,1.2801023],[103.7903821,1.2800823],[103.7903891,1.280079],[103.790318,1.2799275],[103.7902684,1.2799508],[103.7903395,1.2801023]]]},"clearanceHeight":1.7,"clearancePrepared":true},"geometry":{"type":"Polygon","coordinates":[[[103.7902684,1.2799508],[103.7903395,1.2801023],[103.7903821,1.2800823],[103.7903891,1.280079],[103.790318,1.2799275],[103.7902684,1.2799508]]]}},{"type":"Feature","id":"way/1052381152-0","properties":{"addr:housenumber":"87","addr:street":"Jalan Mat Jambol","building":"house","building:levels":"3","clearanceGeometry":{"type":"Polygon","coordinates":[[[103.7903891,1.280079],[103.7904387,1.2800557],[103.7903676,1.2799042],[103.790318,1.2799275],[103.7903891,1.280079]]]},"clearanceHeight":1.7,"clearancePrepared":true},"geometry":{"type":"Polygon","coordinates":[[[103.790318,1.2799275],[103.7903891,1.280079],[103.7904387,1.2800557],[103.7903676,1.2799042],[103.790318,1.2799275]]]}},{"type":"Feature","id":"way/1052381153-0","properties":{"addr:housenumber":"85","addr:street":"Jalan Mat Jambol","building":"house","building:levels":"3","clearanceGeometry":{"type":"Polygon","coordinates":[[[103.7904387,1.2800557],[103.7904883,1.2800324],[103.7904172,1.2798809],[103.7903676,1.2799042],[103.7904387,1.2800557]]]},"clearanceHeight":1.7,"clearancePrepared":true},"geometry":{"type":"Polygon","coordinates":[[[103.7903676,1.2799042],[103.7904387,1.2800557],[103.7904883,1.2800324],[103.7904172,1.2798809],[103.7903676,1.2799042]]]}},{"type":"Feature","id":"way/1052381154-0","properties":{"addr:housenumber":"83","addr:street":"Jalan Mat Jambol","building":"house","building:levels":"3","clearanceGeometry":{"type":"Polygon","coordinates":[[[103.7904883,1.2800324],[103.790538,1.2800092],[103.7904669,1.2798577],[103.7904172,1.2798809],[103.7904883,1.2800324]]]},"clearanceHeight":1.7,"clearancePrepared":true},"geometry":{"type":"Polygon","coordinates":[[[103.7904172,1.2798809],[103.7904883,1.2800324],[103.790538,1.2800092],[103.7904669,1.2798577],[103.7904172,1.2798809]]]}},{"type":"Feature","id":"way/1052381155-0","properties":{"addr:housenumber":"81","addr:street":"Jalan Mat Jambol","building":"house","building:levels":"3","clearanceGeometry":{"type":"Polygon","coordinates":[[[103.790538,1.2800092],[103.7905876,1.2799859],[103.7905165,1.2798344],[103.7904669,1.2798577],[103.790538,1.2800092]]]},"clearanceHeight":1.7,"clearancePrepared":true},"geometry":{"type":"Polygon","coordinates":[[[103.7904669,1.2798577],[103.790538,1.2800092],[103.7905876,1.2799859],[103.7905165,1.2798344],[103.7904669,1.2798577]]]}},{"type":"Feature","id":"way/1052381156-0","properties":{"addr:housenumber":"79","addr:street":"Jalan Mat Jambol","building":"house","building:levels":"3","clearanceGeometry":{"type":"Polygon","coordinates":[[[103.7905876,1.2799859],[103.7906372,1.2799626],[103.7905661,1.2798111],[103.7905165,1.2798344],[103.7905876,1.2799859]]]},"clearanceHeight":1.7,"clearancePrepared":true},"geometry":{"type":"Polygon","coordinates":[[[103.7905165,1.2798344],[103.7905876,1.2799859],[103.7906372,1.2799626],[103.7905661,1.2798111],[103.7905165,1.2798344]]]}},{"type":"Feature","id":"way/1052381157-0","properties":{"addr:housenumber":"77","addr:street":"Jalan Mat Jambol","building":"house","building:levels":"3","clearanceGeometry":{"type":"Polygon","coordinates":[[[103.7906372,1.2799626],[103.7906868,1.2799393],[103.7906157,1.2797878],[103.7905661,1.2798111],[103.7906372,1.2799626]]]},"clearanceHeight":1.7,"clearancePrepared":true},"geometry":{"type":"Polygon","coordinates":[[[103.7905661,1.2798111],[103.7906372,1.2799626],[103.7906868,1.2799393],[103.7906157,1.2797878],[103.7905661,1.2798111]]]}},{"type":"Feature","id":"way/1052381158-0","properties":{"addr:housenumber":"67","addr:street":"Jalan Mat Jambol","building":"house","clearanceGeometry":{"type":"Polygon","coordinates":[[[103.7909027,1.2795929],[103.7908511,1.2796171],[103.7909215,1.2797669],[103.7909731,1.2797427],[103.7909027,1.2795929]]]},"clearanceHeight":1.7,"clearancePrepared":true},"geometry":{"type":"Polygon","coordinates":[[[103.7909731,1.2797427],[103.7909027,1.2795929],[103.7908511,1.2796171],[103.7909215,1.2797669],[103.7909731,1.2797427]]]}},{"type":"Feature","id":"way/1052381159-0","properties":{"addr:housenumber":"69","addr:street":"Jalan Mat Jambol","building":"house","clearanceGeometry":{"type":"Polygon","coordinates":[[[103.7908511,1.2796171],[103.7907992,1.2796423],[103.7908735,1.2797924],[103.7909215,1.2797669],[103.7908511,1.2796171]]]},"clearanceHeight":1.7,"clearancePrepared":true},"geometry":{"type":"Polygon","coordinates":[[[103.7909215,1.2797669],[103.7908511,1.2796171],[103.7907992,1.2796423],[103.7908735,1.2797924],[103.7909215,1.2797669]]]}},{"type":"Feature","id":"way/1052381160-0","properties":{"addr:housenumber":"4","addr:street":"Springwood Avenue","building":"house","clearanceGeometry":{"type":"Polygon","coordinates":[[[103.7908399,1.2795571],[103.7908265,1.2795275],[103.790843,1.2795188],[103.7908331,1.2794982],[103.7906334,1.2795914],[103.7906587,1.2796451],[103.7908399,1.2795571]]]},"clearanceHeight":1.7,"clearancePrepared":true},"geometry":{"type":"Polygon","coordinates":[[[103.7906587,1.2796451],[103.7908399,1.2795571],[103.7908265,1.2795275],[103.790843,1.2795188],[103.7908331,1.2794982],[103.7906334,1.2795914],[103.7906587,1.2796451]]]}},{"type":"Feature","id":"way/1052381161-0","properties":{"addr:housenumber":"6","addr:street":"Springwood Avenue","building":"house","clearanceGeometry":{"type":"Polygon","coordinates":[[[103.7908331,1.2794982],[103.7908185,1.279466],[103.7908024,1.2794737],[103.7907909,1.2794513],[103.7906097,1.2795409],[103.7906334,1.2795914],[103.7908331,1.2794982]]]},"clearanceHeight":1.7,"clearancePrepared":true},"geometry":{"type":"Polygon","coordinates":[[[103.7906334,1.2795914],[103.7908331,1.2794982],[103.7908185,1.279466],[103.7908024,1.2794737],[103.7907909,1.2794513],[103.7906097,1.2795409],[103.7906334,1.2795914]]]}},{"type":"Feature","id":"way/1057587612-0","properties":{"building":"grandstand","building:levels":"1","clearanceGeometry":{"type":"Polygon","coordinates":[[[103.789701,1.2824243],[103.7896657,1.2824745],[103.7898443,1.2825998],[103.7898796,1.2825495],[103.789701,1.2824243]]]},"clearanceHeight":1.7,"clearancePrepared":true},"geometry":{"type":"Polygon","coordinates":[[[103.7898796,1.2825495],[103.789701,1.2824243],[103.7896657,1.2824745],[103.7898443,1.2825998],[103.7898796,1.2825495]]]}},{"type":"Feature","id":"way/1059172774-0","properties":{"addr:housenumber":"51","addr:street":"Chwee Chian Road","building":"kindergarten","name":"Little Kinder Montessori","clearanceGeometry":{"type":"Polygon","coordinates":[[[103.7890201,1.2800452],[103.7889833,1.2800009],[103.7888563,1.2801065],[103.7888886,1.2801423],[103.7890201,1.2800452]]]},"clearanceHeight":1.7,"clearancePrepared":true},"geometry":{"type":"Polygon","coordinates":[[[103.7888886,1.2801423],[103.7890201,1.2800452],[103.7889833,1.2800009],[103.7888563,1.2801065],[103.7888886,1.2801423]]]}},{"type":"Feature","id":"way/1059172775-0","properties":{"addr:housenumber":"49","addr:street":"Chwee Chian Road","building":"house","clearanceGeometry":{"type":"Polygon","coordinates":[[[103.7889833,1.2800009],[103.7889463,1.2799566],[103.7888193,1.2800623],[103.7888563,1.2801065],[103.7889833,1.2800009]]]},"clearanceHeight":1.7,"clearancePrepared":true},"geometry":{"type":"Polygon","coordinates":[[[103.7888563,1.2801065],[103.7889833,1.2800009],[103.7889463,1.2799566],[103.7888193,1.2800623],[103.7888563,1.2801065]]]}},{"type":"Feature","id":"way/1059172776-0","properties":{"addr:housenumber":"47","addr:street":"Chwee Chian Road","building":"house","clearanceGeometry":{"type":"Polygon","coordinates":[[[103.7889463,1.2799566],[103.7889095,1.2799123],[103.7887825,1.280018],[103.7888193,1.2800623],[103.7889463,1.2799566]]]},"clearanceHeight":1.7,"clearancePrepared":true},"geometry":{"type":"Polygon","coordinates":[[[103.7888193,1.2800623],[103.7889463,1.2799566],[103.7889095,1.2799123],[103.7887825,1.280018],[103.7888193,1.2800623]]]}},{"type":"Feature","id":"way/1059172777-0","properties":{"addr:housenumber":"45","addr:street":"Chwee Chian Road","building":"house","clearanceGeometry":{"type":"Polygon","coordinates":[[[103.7889095,1.2799123],[103.7888727,1.2798681],[103.7887457,1.2799737],[103.7887825,1.280018],[103.7889095,1.2799123]]]},"clearanceHeight":1.7,"clearancePrepared":true},"geometry":{"type":"Polygon","coordinates":[[[103.7887825,1.280018],[103.7889095,1.2799123],[103.7888727,1.2798681],[103.7887457,1.2799737],[103.7887825,1.280018]]]}},{"type":"Feature","id":"way/1059172778-0","properties":{"addr:housenumber":"43","addr:street":"Chwee Chian Road","building":"house","clearanceGeometry":{"type":"Polygon","coordinates":[[[103.7888727,1.2798681],[103.7888359,1.2798238],[103.7887089,1.2799294],[103.7887457,1.2799737],[103.7888727,1.2798681]]]},"clearanceHeight":1.7,"clearancePrepared":true},"geometry":{"type":"Polygon","coordinates":[[[103.7887457,1.2799737],[103.7888727,1.2798681],[103.7888359,1.2798238],[103.7887089,1.2799294],[103.7887457,1.2799737]]]}},{"type":"Feature","id":"way/1059172779-0","properties":{"addr:housenumber":"41","addr:street":"Chwee Chian Road","building":"house","clearanceGeometry":{"type":"Polygon","coordinates":[[[103.7888359,1.2798238],[103.788799,1.2797795],[103.788672,1.2798851],[103.7887089,1.2799294],[103.7888359,1.2798238]]]},"clearanceHeight":1.7,"clearancePrepared":true},"geometry":{"type":"Polygon","coordinates":[[[103.7887089,1.2799294],[103.7888359,1.2798238],[103.788799,1.2797795],[103.788672,1.2798851],[103.7887089,1.2799294]]]}},{"type":"Feature","id":"way/1059172780-0","properties":{"addr:housenumber":"38","addr:street":"Lor Sarhad","building":"house","clearanceGeometry":{"type":"Polygon","coordinates":[[[103.7886545,1.2799755],[103.7886106,1.2800129],[103.788718,1.2801385],[103.7887618,1.2801011],[103.7886545,1.2799755]]]},"clearanceHeight":1.7,"clearancePrepared":true},"geometry":{"type":"Polygon","coordinates":[[[103.7887618,1.2801011],[103.7886545,1.2799755],[103.7886106,1.2800129],[103.788718,1.2801385],[103.7887618,1.2801011]]]}},{"type":"Feature","id":"way/1059172781-0","properties":{"addr:housenumber":"36","addr:street":"Lor Sarhad","building":"house","clearanceGeometry":{"type":"Polygon","coordinates":[[[103.7886106,1.2800129],[103.7885668,1.2800503],[103.7886741,1.2801759],[103.788718,1.2801385],[103.7886106,1.2800129]]]},"clearanceHeight":1.7,"clearancePrepared":true},"geometry":{"type":"Polygon","coordinates":[[[103.788718,1.2801385],[103.7886106,1.2800129],[103.7885668,1.2800503],[103.7886741,1.2801759],[103.788718,1.2801385]]]}},{"type":"Feature","id":"way/1059172782-0","properties":{"addr:housenumber":"20","addr:street":"Chwee Chian View","building":"house","clearanceGeometry":{"type":"Polygon","coordinates":[[[103.7881582,1.2800807],[103.7881141,1.2801181],[103.7882457,1.2802738],[103.7882904,1.2802365],[103.7881582,1.2800807]]]},"clearanceHeight":1.7,"clearancePrepared":true},"geometry":{"type":"Polygon","coordinates":[[[103.7882904,1.2802365],[103.7881582,1.2800807],[103.7881141,1.2801181],[103.7882457,1.2802738],[103.7882904,1.2802365]]]}},{"type":"Feature","id":"way/1059172783-0","properties":{"addr:housenumber":"18","addr:street":"Chwee Chian View","building":"house","clearanceGeometry":{"type":"Polygon","coordinates":[[[103.7881141,1.2801181],[103.7880698,1.2801555],[103.7882014,1.2803113],[103.7882457,1.2802738],[103.7881141,1.2801181]]]},"clearanceHeight":1.7,"clearancePrepared":true},"geometry":{"type":"Polygon","coordinates":[[[103.7882457,1.2802738],[103.7881141,1.2801181],[103.7880698,1.2801555],[103.7882014,1.2803113],[103.7882457,1.2802738]]]}},{"type":"Feature","id":"way/1059172784-0","properties":{"addr:housenumber":"24","addr:street":"Lor Sarhad","building":"house","clearanceGeometry":{"type":"Polygon","coordinates":[[[103.7883604,1.2800855],[103.7883166,1.2801229],[103.7884239,1.2802485],[103.7884677,1.2802111],[103.7883604,1.2800855]]]},"clearanceHeight":1.7,"clearancePrepared":true},"geometry":{"type":"Polygon","coordinates":[[[103.7884677,1.2802111],[103.7883604,1.2800855],[103.7883166,1.2801229],[103.7884239,1.2802485],[103.7884677,1.2802111]]]}},{"type":"Feature","id":"way/1059172785-0","properties":{"addr:housenumber":"22","addr:street":"Lor Sarhad","building":"house","clearanceGeometry":{"type":"Polygon","coordinates":[[[103.7883166,1.2801229],[103.7882727,1.2801603],[103.7883801,1.2802859],[103.7884239,1.2802485],[103.7883166,1.2801229]]]},"clearanceHeight":1.7,"clearancePrepared":true},"geometry":{"type":"Polygon","coordinates":[[[103.7884239,1.2802485],[103.7883166,1.2801229],[103.7882727,1.2801603],[103.7883801,1.2802859],[103.7884239,1.2802485]]]}},{"type":"Feature","id":"way/1059172786-0","properties":{"addr:housenumber":"34","addr:street":"Lor Sarhad","building":"house","clearanceGeometry":{"type":"Polygon","coordinates":[[[103.7885089,1.2800261],[103.7884651,1.2800635],[103.7885724,1.2801891],[103.7886162,1.2801517],[103.7885089,1.2800261]]]},"clearanceHeight":1.7,"clearancePrepared":true},"geometry":{"type":"Polygon","coordinates":[[[103.7886162,1.2801517],[103.7885089,1.2800261],[103.7884651,1.2800635],[103.7885724,1.2801891],[103.7886162,1.2801517]]]}},{"type":"Feature","id":"way/1059172787-0","properties":{"addr:housenumber":"32","addr:street":"Lor Sarhad","building":"house","clearanceGeometry":{"type":"Polygon","coordinates":[[[103.7884651,1.2800635],[103.7884213,1.280101],[103.7885286,1.2802265],[103.7885724,1.2801891],[103.7884651,1.2800635]]]},"clearanceHeight":1.7,"clearancePrepared":true},"geometry":{"type":"Polygon","coordinates":[[[103.7885724,1.2801891],[103.7884651,1.2800635],[103.7884213,1.280101],[103.7885286,1.2802265],[103.7885724,1.2801891]]]}},{"type":"Feature","id":"way/1059172788-0","properties":{"addr:housenumber":"16","addr:street":"Chwee Chian View","building":"house","clearanceGeometry":{"type":"Polygon","coordinates":[[[103.7881786,1.2799668],[103.7881493259497,1.279991739623717],[103.78813798679863,1.2800080407190777],[103.7882421,1.2801297],[103.7882859,1.2800923],[103.7881786,1.2799668]]]},"clearanceHeight":1.7,"clearancePrepared":true},"geometry":{"type":"Polygon","coordinates":[[[103.7882859,1.2800923],[103.7881786,1.2799668],[103.7881347,1.2800042],[103.7882421,1.2801297],[103.7882859,1.2800923]]]}},{"type":"Feature","id":"way/1059172789-0","properties":{"addr:housenumber":"14","addr:street":"Chwee Chian View","building":"house","clearanceGeometry":{"type":"Polygon","coordinates":[[[103.7882224,1.2799294],[103.7881786,1.2799668],[103.7882859,1.2800923],[103.7883297,1.2800549],[103.7882224,1.2799294]]]},"clearanceHeight":1.7,"clearancePrepared":true},"geometry":{"type":"Polygon","coordinates":[[[103.7883297,1.2800549],[103.7882224,1.2799294],[103.7881786,1.2799668],[103.7882859,1.2800923],[103.7883297,1.2800549]]]}},{"type":"Feature","id":"way/1059172790-0","properties":{"addr:housenumber":"12","addr:street":"Chwee Chian View","building":"house","clearanceGeometry":{"type":"Polygon","coordinates":[[[103.7883079,1.2798853],[103.7882641,1.2799228],[103.7883714,1.2800483],[103.7884153,1.2800109],[103.7883079,1.2798853]]]},"clearanceHeight":1.7,"clearancePrepared":true},"geometry":{"type":"Polygon","coordinates":[[[103.7884153,1.2800109],[103.7883079,1.2798853],[103.7882641,1.2799228],[103.7883714,1.2800483],[103.7884153,1.2800109]]]}},{"type":"Feature","id":"way/1059172791-0","properties":{"addr:housenumber":"10","addr:street":"Chwee Chian View","building":"house","clearanceGeometry":{"type":"Polygon","coordinates":[[[103.7883518,1.2798479],[103.7883079,1.2798853],[103.7884153,1.2800109],[103.7884591,1.2799735],[103.7883518,1.2798479]]]},"clearanceHeight":1.7,"clearancePrepared":true},"geometry":{"type":"Polygon","coordinates":[[[103.7884591,1.2799735],[103.7883518,1.2798479],[103.7883079,1.2798853],[103.7884153,1.2800109],[103.7884591,1.2799735]]]}},{"type":"Feature","id":"way/1059172792-0","properties":{"addr:housenumber":"8","addr:street":"Chwee Chian View","building":"house","clearanceGeometry":{"type":"Polygon","coordinates":[[[103.7884632,1.279848],[103.7884193,1.2798854],[103.7885267,1.280011],[103.7885705,1.2799735],[103.7884632,1.279848]]]},"clearanceHeight":1.7,"clearancePrepared":true},"geometry":{"type":"Polygon","coordinates":[[[103.7885705,1.2799735],[103.7884632,1.279848],[103.7884193,1.2798854],[103.7885267,1.280011],[103.7885705,1.2799735]]]}},{"type":"Feature","id":"way/1059172793-0","properties":{"addr:housenumber":"6","addr:street":"Chwee Chian View","building":"house","clearanceGeometry":{"type":"Polygon","coordinates":[[[103.788507,1.2798106],[103.7884632,1.279848],[103.7885705,1.2799735],[103.7886143,1.2799361],[103.788507,1.2798106]]]},"clearanceHeight":1.7,"clearancePrepared":true},"geometry":{"type":"Polygon","coordinates":[[[103.7886143,1.2799361],[103.788507,1.2798106],[103.7884632,1.279848],[103.7885705,1.2799735],[103.7886143,1.2799361]]]}},{"type":"Feature","id":"way/1059172794-0","properties":{"addr:housenumber":"2","addr:street":"Chwee Chian View","building":"house","layer":"1","clearanceGeometry":{"type":"Polygon","coordinates":[[[103.78870354198342,1.279722861443312],[103.78869410462411,1.2797252370295513],[103.7885389,1.2797848],[103.7885652,1.2798256],[103.7885967,1.2798738],[103.788711,1.2797587],[103.788717,1.2797403],[103.78870354198342,1.279722861443312]]]},"clearanceHeight":1.7,"clearancePrepared":true},"geometry":{"type":"Polygon","coordinates":[[[103.788717,1.2797403],[103.7887028,1.2797219],[103.7885389,1.2797848],[103.7885652,1.2798256],[103.7885967,1.2798738],[103.788711,1.2797587],[103.788717,1.2797403]]]}},{"type":"Feature","id":"way/1059172809-0","properties":{"addr:housenumber":"19","addr:street":"Chwee Chian View","building":"house","clearanceGeometry":{"type":"Polygon","coordinates":[[[103.788181,1.2794957],[103.7881367,1.2795325],[103.7882423,1.2796595],[103.7882865,1.2796228],[103.788181,1.2794957]]]},"clearanceHeight":1.7,"clearancePrepared":true},"geometry":{"type":"Polygon","coordinates":[[[103.7882865,1.2796228],[103.788181,1.2794957],[103.7881367,1.2795325],[103.7882423,1.2796595],[103.7882865,1.2796228]]]}},{"type":"Feature","id":"way/1059172810-0","properties":{"addr:housenumber":"21","addr:street":"Chwee Chian View","building":"house","clearanceGeometry":{"type":"Polygon","coordinates":[[[103.7881367,1.2795325],[103.7880924,1.2795694],[103.788198,1.2796964],[103.7882423,1.2796595],[103.7881367,1.2795325]]]},"clearanceHeight":1.7,"clearancePrepared":true},"geometry":{"type":"Polygon","coordinates":[[[103.7882423,1.2796595],[103.7881367,1.2795325],[103.7880924,1.2795694],[103.788198,1.2796964],[103.7882423,1.2796595]]]}},{"type":"Feature","id":"way/1059172811-0","properties":{"addr:housenumber":"23","addr:street":"Chwee Chian View","building":"house","clearanceGeometry":{"type":"Polygon","coordinates":[[[103.7880924,1.2795694],[103.7880481,1.2796062],[103.7881536,1.2797332],[103.788198,1.2796964],[103.7880924,1.2795694]]]},"clearanceHeight":1.7,"clearancePrepared":true},"geometry":{"type":"Polygon","coordinates":[[[103.788198,1.2796964],[103.7880924,1.2795694],[103.7880481,1.2796062],[103.7881536,1.2797332],[103.788198,1.2796964]]]}},{"type":"Feature","id":"way/1068691167-0","properties":{"addr:housenumber":"15","addr:street":"Jambol Place","building":"house","clearanceGeometry":{"type":"Polygon","coordinates":[[[103.7905991,1.2797477],[103.7906487,1.2797244],[103.7905776,1.2795729],[103.790528,1.2795962],[103.7905991,1.2797477]]]},"clearanceHeight":1.7,"clearancePrepared":true},"geometry":{"type":"Polygon","coordinates":[[[103.790528,1.2795962],[103.7905991,1.2797477],[103.7906487,1.2797244],[103.7905776,1.2795729],[103.790528,1.2795962]]]}},{"type":"Feature","id":"way/1068691168-0","properties":{"addr:housenumber":"13","addr:street":"Jambol Place","building":"house","clearanceGeometry":{"type":"Polygon","coordinates":[[[103.7905495,1.279771],[103.7905991,1.2797477],[103.790528,1.2795962],[103.7904784,1.2796195],[103.7905495,1.279771]]]},"clearanceHeight":1.7,"clearancePrepared":true},"geometry":{"type":"Polygon","coordinates":[[[103.7904784,1.2796195],[103.7905495,1.279771],[103.7905991,1.2797477],[103.790528,1.2795962],[103.7904784,1.2796195]]]}},{"type":"Feature","id":"way/1068691169-0","properties":{"addr:housenumber":"11","addr:street":"Jambol Place","building":"house","clearanceGeometry":{"type":"Polygon","coordinates":[[[103.7904999,1.2797943],[103.7905495,1.279771],[103.7904784,1.2796195],[103.7904288,1.2796428],[103.7904999,1.2797943]]]},"clearanceHeight":1.7,"clearancePrepared":true},"geometry":{"type":"Polygon","coordinates":[[[103.7904288,1.2796428],[103.7904999,1.2797943],[103.7905495,1.279771],[103.7904784,1.2796195],[103.7904288,1.2796428]]]}},{"type":"Feature","id":"way/1068691170-0","properties":{"addr:housenumber":"9","addr:street":"Jambol Place","building":"house","clearanceGeometry":{"type":"Polygon","coordinates":[[[103.7904503,1.2798176],[103.7904999,1.2797943],[103.7904288,1.2796428],[103.7903792,1.2796661],[103.7904503,1.2798176]]]},"clearanceHeight":1.7,"clearancePrepared":true},"geometry":{"type":"Polygon","coordinates":[[[103.7903792,1.2796661],[103.7904503,1.2798176],[103.7904999,1.2797943],[103.7904288,1.2796428],[103.7903792,1.2796661]]]}},{"type":"Feature","id":"way/1068691171-0","properties":{"addr:housenumber":"7","addr:street":"Jambol Place","building":"house","clearanceGeometry":{"type":"Polygon","coordinates":[[[103.7904006,1.2798408],[103.7904503,1.2798176],[103.7903792,1.2796661],[103.7903295,1.2796893],[103.7904006,1.2798408]]]},"clearanceHeight":1.7,"clearancePrepared":true},"geometry":{"type":"Polygon","coordinates":[[[103.7903295,1.2796893],[103.7904006,1.2798408],[103.7904503,1.2798176],[103.7903792,1.2796661],[103.7903295,1.2796893]]]}},{"type":"Feature","id":"way/1068691172-0","properties":{"addr:housenumber":"3","addr:street":"Jambol Place","building":"house","clearanceGeometry":{"type":"Polygon","coordinates":[[[103.7903014,1.2798874],[103.790351,1.2798641],[103.7902799,1.2797126],[103.7902303,1.2797359],[103.7903014,1.2798874]]]},"clearanceHeight":1.7,"clearancePrepared":true},"geometry":{"type":"Polygon","coordinates":[[[103.7902303,1.2797359],[103.7903014,1.2798874],[103.790351,1.2798641],[103.7902799,1.2797126],[103.7902303,1.2797359]]]}},{"type":"Feature","id":"way/1068691173-0","properties":{"addr:housenumber":"1","addr:street":"Jambol Place","building":"house","clearanceGeometry":{"type":"Polygon","coordinates":[[[103.7902518,1.2799107],[103.7903014,1.2798874],[103.7902303,1.2797359],[103.7901807,1.2797592],[103.7902518,1.2799107]]]},"clearanceHeight":1.7,"clearancePrepared":true},"geometry":{"type":"Polygon","coordinates":[[[103.7901807,1.2797592],[103.7902518,1.2799107],[103.7903014,1.2798874],[103.7902303,1.2797359],[103.7901807,1.2797592]]]}},{"type":"Feature","id":"way/1068691174-0","properties":{"addr:housenumber":"5","addr:street":"Jambol Place","building":"house","clearanceGeometry":{"type":"Polygon","coordinates":[[[103.790351,1.2798641],[103.7904006,1.2798408],[103.7903295,1.2796893],[103.7902799,1.2797126],[103.790351,1.2798641]]]},"clearanceHeight":1.7,"clearancePrepared":true},"geometry":{"type":"Polygon","coordinates":[[[103.7902799,1.2797126],[103.790351,1.2798641],[103.7904006,1.2798408],[103.7903295,1.2796893],[103.7902799,1.2797126]]]}},{"type":"Feature","id":"way/1087872152-0","properties":{"addr:city":"Singapore","addr:housenumber":"66","addr:street":"South Buona Vista Road","building":"residential","building:levels":"5","roof:levels":"1","clearanceGeometry":{"type":"Polygon","coordinates":[[[103.7894871,1.281932],[103.7895106,1.2819221],[103.7895136,1.2819294],[103.7897592,1.281827],[103.7897561,1.2818189],[103.7897788,1.2818094],[103.7897763,1.281803],[103.7897979,1.2817938],[103.7897836,1.2817539],[103.7897698,1.2817594],[103.7897597,1.2817335],[103.7896772,1.2817663],[103.7896652,1.2817368],[103.7897065,1.2817213],[103.7897032,1.2817136],[103.7897452,1.2816962],[103.789735,1.2816698],[103.7897574,1.28166],[103.7897448,1.281625],[103.7897199,1.2816354],[103.7897179,1.2816305],[103.7896942,1.2816404],[103.7896896,1.2816307],[103.7896375,1.2816535],[103.7896439,1.2816673],[103.7896232,1.2816759],[103.7896168,1.2816594],[103.7894209,1.2817425],[103.789425,1.2817525],[103.7894019,1.2817621],[103.7894044,1.2817676],[103.7893804,1.2817776],[103.7893964,1.2818168],[103.7894096,1.2818119],[103.7894213,1.2818395],[103.7895181,1.2817988],[103.7895291,1.2818267],[103.7894989,1.2818398],[103.7895022,1.2818467],[103.7894564,1.2818644],[103.7894696,1.2818913],[103.789447,1.2819003],[103.7894621,1.2819359],[103.7894845,1.2819265],[103.7894871,1.281932]]]},"clearanceHeight":1.7,"clearancePrepared":true},"geometry":{"type":"Polygon","coordinates":[[[103.7894845,1.2819265],[103.7894871,1.281932],[103.7895106,1.2819221],[103.7895136,1.2819294],[103.7897592,1.281827],[103.7897561,1.2818189],[103.7897788,1.2818094],[103.7897763,1.281803],[103.7897979,1.2817938],[103.7897836,1.2817539],[103.7897698,1.2817594],[103.7897597,1.2817335],[103.7896772,1.2817663],[103.7896652,1.2817368],[103.7897065,1.2817213],[103.7897032,1.2817136],[103.7897452,1.2816962],[103.789735,1.2816698],[103.7897574,1.28166],[103.7897448,1.281625],[103.7897199,1.2816354],[103.7897179,1.2816305],[103.7896942,1.2816404],[103.7896896,1.2816307],[103.7896375,1.2816535],[103.7896439,1.2816673],[103.7896232,1.2816759],[103.7896168,1.2816594],[103.7894209,1.2817425],[103.789425,1.2817525],[103.7894019,1.2817621],[103.7894044,1.2817676],[103.7893804,1.2817776],[103.7893964,1.2818168],[103.7894096,1.2818119],[103.7894213,1.2818395],[103.7895181,1.2817988],[103.7895291,1.2818267],[103.7894989,1.2818398],[103.7895022,1.2818467],[103.7894564,1.2818644],[103.7894696,1.2818913],[103.789447,1.2819003],[103.7894621,1.2819359],[103.7894845,1.2819265]]]}},{"type":"Feature","id":"way/1118798488-0","properties":{"addr:city":"Singapore","addr:housenumber":"39","addr:street":"Lor Sarhad","building":"yes","clearanceGeometry":{"type":"Polygon","coordinates":[[[103.7883159,1.2810241],[103.7882828,1.2809793],[103.7881341,1.2810891],[103.7881673,1.281134],[103.7883159,1.2810241]]]},"clearanceHeight":1.7,"clearancePrepared":true},"geometry":{"type":"Polygon","coordinates":[[[103.7881673,1.281134],[103.7883159,1.2810241],[103.7882828,1.2809793],[103.7881341,1.2810891],[103.7881673,1.281134]]]}},{"type":"Feature","id":"way/1118798489-0","properties":{"addr:city":"Singapore","addr:housenumber":"37","addr:street":"Lor Sarhad","building":"yes","clearanceGeometry":{"type":"Polygon","coordinates":[[[103.7882828,1.2809793],[103.7882382,1.2809179],[103.7880886,1.2810263],[103.7881341,1.2810891],[103.7882828,1.2809793]]]},"clearanceHeight":1.7,"clearancePrepared":true},"geometry":{"type":"Polygon","coordinates":[[[103.7881341,1.2810891],[103.7882828,1.2809793],[103.7882382,1.2809179],[103.7880886,1.2810263],[103.7881341,1.2810891]]]}},{"type":"Feature","id":"way/1118798490-0","properties":{"addr:city":"Singapore","addr:housenumber":"35","addr:street":"Lor Sarhad","building":"yes","clearanceGeometry":{"type":"Polygon","coordinates":[[[103.7882382,1.2809179],[103.7881989,1.2808641],[103.7880496,1.2809732],[103.7880886,1.2810263],[103.7882382,1.2809179]]]},"clearanceHeight":1.7,"clearancePrepared":true},"geometry":{"type":"Polygon","coordinates":[[[103.7880886,1.2810263],[103.7882382,1.2809179],[103.7881989,1.2808641],[103.7880496,1.2809732],[103.7880886,1.2810263]]]}},{"type":"Feature","id":"way/1118798491-0","properties":{"addr:city":"Singapore","addr:housenumber":"33","addr:street":"Lor Sarhad","building":"yes","clearanceGeometry":{"type":"Polygon","coordinates":[[[103.7881989,1.2808641],[103.78817122126983,1.28082629490514],[103.78809513086352,1.2808806736510068],[103.78808774778548,1.2808859615312267],[103.78808332399761,1.2808797880231764],[103.7880168,1.2809284],[103.7880496,1.2809732],[103.7881989,1.2808641]]]},"clearanceHeight":1.7,"clearancePrepared":true},"geometry":{"type":"Polygon","coordinates":[[[103.7880496,1.2809732],[103.7881989,1.2808641],[103.7881661,1.2808193],[103.7880168,1.2809284],[103.7880496,1.2809732]]]}},{"type":"Feature","id":"way/1118798492-0","properties":{"addr:housenumber":"41","addr:street":"Lor Sarhad","building":"house","clearanceGeometry":{"type":"Polygon","coordinates":[[[103.7883735,1.2811152],[103.788338,1.2810699],[103.7883064,1.2810946],[103.7882079,1.2811716],[103.7882433,1.2812171],[103.7883735,1.2811152]]]},"clearanceHeight":1.7,"clearancePrepared":true},"geometry":{"type":"Polygon","coordinates":[[[103.7882433,1.2812171],[103.7883735,1.2811152],[103.788338,1.2810699],[103.7883064,1.2810946],[103.7882079,1.2811716],[103.7882433,1.2812171]]]}},{"type":"Feature","id":"way/1118798493-0","properties":{"addr:housenumber":"43","addr:street":"Lor Sarhad","building":"house","clearanceGeometry":{"type":"Polygon","coordinates":[[[103.788409,1.2811607],[103.7883735,1.2811152],[103.7882433,1.2812171],[103.7882789,1.2812625],[103.788409,1.2811607]]]},"clearanceHeight":1.7,"clearancePrepared":true},"geometry":{"type":"Polygon","coordinates":[[[103.7882789,1.2812625],[103.788409,1.2811607],[103.7883735,1.2811152],[103.7882433,1.2812171],[103.7882789,1.2812625]]]}},{"type":"Feature","id":"way/1151099835-0","properties":{"addr:city":"Singapore","addr:housenumber":"58G","addr:street":"South Buona Vista Road","building":"terrace","building:levels":"2","clearanceGeometry":{"type":"Polygon","coordinates":[[[103.7904141,1.2812252],[103.7904643,1.2812047],[103.7904163,1.2810905],[103.790368,1.2811104],[103.7904141,1.2812252]]]},"clearanceHeight":1.7,"clearancePrepared":true},"geometry":{"type":"Polygon","coordinates":[[[103.790368,1.2811104],[103.7904141,1.2812252],[103.7904643,1.2812047],[103.7904163,1.2810905],[103.790368,1.2811104]]]}},{"type":"Feature","id":"way/1167472408-0","properties":{"amenity":"shelter","building":"yes","building:levels":"1","clearanceGeometry":{"type":"Polygon","coordinates":[[[103.7891779,1.2802689],[103.7891321,1.2802942],[103.7891635,1.280351],[103.7892093,1.2803256],[103.7891779,1.2802689]]]},"clearanceHeight":1.7,"clearancePrepared":true},"geometry":{"type":"Polygon","coordinates":[[[103.7892093,1.2803256],[103.7891779,1.2802689],[103.7891321,1.2802942],[103.7891635,1.280351],[103.7892093,1.2803256]]]}},{"type":"Feature","id":"way/1167472409-0","properties":{"amenity":"shelter","building":"yes","building:levels":"1","clearanceGeometry":{"type":"Polygon","coordinates":[[[103.788917,1.2803827],[103.7890176,1.2803443],[103.7890913,1.2802933],[103.78908896747406,1.2802844127809174],[103.78899930411472,1.2803249132644106],[103.7889895353782,1.2803293615283582],[103.78893845951302,1.2803573977369755],[103.78891399988646,1.2803763664269618],[103.788917,1.2803827]]]},"clearanceHeight":1.7,"clearancePrepared":true},"geometry":{"type":"Polygon","coordinates":[[[103.7890834,1.2802632],[103.7889879,1.2803021],[103.788899,1.2803447],[103.788917,1.2803827],[103.7890176,1.2803443],[103.7890913,1.2802933],[103.7890834,1.2802632]]]}},{"type":"Feature","id":"way/1182892362-0","properties":{"addr:city":"Singapore","addr:housenumber":"68B","addr:street":"South Buona Vista Road","building":"yes","building:levels":"1","clearanceGeometry":{"type":"Polygon","coordinates":[[[103.7898698,1.2813769],[103.7898827,1.2814076],[103.7899672,1.2813738],[103.7899527,1.2813431],[103.7900023,1.2813228],[103.7900136,1.2813498],[103.79004,1.28134],[103.7899763,1.2811847],[103.7899491,1.2811957],[103.7899753,1.2812581],[103.7899605,1.2812649],[103.7899513,1.2812428],[103.7899051,1.2812607],[103.7899208,1.2812991],[103.7898537,1.281326],[103.7898626,1.2813463],[103.7898272,1.2813596],[103.7898193,1.2813399],[103.7897262,1.2813773],[103.7897482,1.2814265],[103.7898698,1.2813769]]]},"clearanceHeight":1.7,"clearancePrepared":true},"geometry":{"type":"Polygon","coordinates":[[[103.7897482,1.2814265],[103.7898698,1.2813769],[103.7898827,1.2814076],[103.7899672,1.2813738],[103.7899527,1.2813431],[103.7900023,1.2813228],[103.7900136,1.2813498],[103.79004,1.28134],[103.7899763,1.2811847],[103.7899491,1.2811957],[103.7899753,1.2812581],[103.7899605,1.2812649],[103.7899513,1.2812428],[103.7899051,1.2812607],[103.7899208,1.2812991],[103.7898537,1.281326],[103.7898626,1.2813463],[103.7898272,1.2813596],[103.7898193,1.2813399],[103.7897262,1.2813773],[103.7897482,1.2814265]]]}},{"type":"Feature","id":"way/1182892363-0","properties":{"addr:city":"Singapore","addr:housenumber":"52","addr:street":"South Buona Vista Road","building":"residential","building:levels":"5","roof:levels":"1","clearanceGeometry":{"type":"Polygon","coordinates":[[[103.7904338,1.2807249],[103.7904527,1.2807141],[103.7904558,1.280719],[103.7905716,1.2806533],[103.7905628,1.280638],[103.7905832,1.2806264],[103.7905881,1.2806366],[103.7906143,1.2806209],[103.7906104,1.2806132],[103.79063,1.2805995],[103.7906273,1.280594],[103.7906493,1.280582],[103.7906153,1.2805285],[103.7905925,1.2805413],[103.7905976,1.2805501],[103.7905716,1.2805657],[103.7905614,1.2805494],[103.7905357,1.2805658],[103.7905243,1.2805453],[103.7905371,1.2805382],[103.7905251,1.2805188],[103.7905481,1.2805058],[103.7905521,1.2805123],[103.7905782,1.280497],[103.7905432,1.280437],[103.7904988,1.2804634],[103.7904947,1.2804565],[103.7904677,1.2804724],[103.7904752,1.2804838],[103.7904561,1.280497],[103.7904477,1.2804812],[103.7903572,1.2805373],[103.7903661,1.280553],[103.790348,1.2805638],[103.7903421,1.2805524],[103.7903142,1.2805697],[103.7903185,1.2805772],[103.7902756,1.2806035],[103.7903146,1.2806648],[103.7903409,1.2806479],[103.7903352,1.2806383],[103.790358,1.2806245],[103.7903698,1.2806434],[103.7903879,1.280633],[103.7903985,1.2806517],[103.7903725,1.2806677],[103.7903793,1.2806801],[103.7903557,1.2806944],[103.7903512,1.280686],[103.7903227,1.2807041],[103.7903283,1.2807128],[103.790363,1.2807672],[103.7903844,1.2807538],[103.7903921,1.2807658],[103.7904401,1.2807369],[103.7904338,1.2807249]]]},"clearanceHeight":1.7,"clearancePrepared":true},"geometry":{"type":"Polygon","coordinates":[[[103.7904401,1.2807369],[103.7904338,1.2807249],[103.7904527,1.2807141],[103.7904558,1.280719],[103.7905716,1.2806533],[103.7905628,1.280638],[103.7905832,1.2806264],[103.7905881,1.2806366],[103.7906143,1.2806209],[103.7906104,1.2806132],[103.79063,1.2805995],[103.7906273,1.280594],[103.7906493,1.280582],[103.7906153,1.2805285],[103.7905925,1.2805413],[103.7905976,1.2805501],[103.7905716,1.2805657],[103.7905614,1.2805494],[103.7905357,1.2805658],[103.7905243,1.2805453],[103.7905371,1.2805382],[103.7905251,1.2805188],[103.7905481,1.2805058],[103.7905521,1.2805123],[103.7905782,1.280497],[103.7905432,1.280437],[103.7904988,1.2804634],[103.7904947,1.2804565],[103.7904677,1.2804724],[103.7904752,1.2804838],[103.7904561,1.280497],[103.7904477,1.2804812],[103.7903572,1.2805373],[103.7903661,1.280553],[103.790348,1.2805638],[103.7903421,1.2805524],[103.7903142,1.2805697],[103.7903185,1.2805772],[103.7902756,1.2806035],[103.7903146,1.2806648],[103.7903409,1.2806479],[103.7903352,1.2806383],[103.790358,1.2806245],[103.7903698,1.2806434],[103.7903879,1.280633],[103.7903985,1.2806517],[103.7903725,1.2806677],[103.7903793,1.2806801],[103.7903557,1.2806944],[103.7903512,1.280686],[103.7903227,1.2807041],[103.7903283,1.2807128],[103.790363,1.2807672],[103.7903844,1.2807538],[103.7903921,1.2807658],[103.7904401,1.2807369]]]}},{"type":"Feature","id":"way/1182892364-0","properties":{"addr:city":"Singapore","addr:housenumber":"50A","addr:street":"South Buona Vista Road","building":"residential","building:levels":"5","roof:levels":"1","clearanceGeometry":{"type":"Polygon","coordinates":[[[103.7900976,1.2808704],[103.7900714,1.2808865],[103.7900671,1.2808786],[103.7900431,1.2808916],[103.7900793,1.2809472],[103.7901204,1.2809207],[103.790129,1.2809321],[103.7902006,1.280892],[103.7901982,1.2808877],[103.7903308,1.2808045],[103.7903253,1.2807964],[103.7903451,1.2807846],[103.7903424,1.2807799],[103.790363,1.2807672],[103.7903283,1.2807128],[103.7903082,1.2807241],[103.7903141,1.2807343],[103.7902879,1.2807497],[103.7902771,1.2807337],[103.7902504,1.2807495],[103.790239,1.280729],[103.7902517,1.2807219],[103.7902397,1.2807025],[103.7902627,1.2806895],[103.7902667,1.280696],[103.7902928,1.2806807],[103.7902578,1.2806207],[103.7902134,1.280647],[103.7902093,1.2806402],[103.7901823,1.2806561],[103.7901898,1.2806675],[103.7901707,1.2806807],[103.7901623,1.2806649],[103.7900718,1.280721],[103.7900807,1.2807367],[103.7900626,1.2807475],[103.7900567,1.2807361],[103.7900288,1.2807534],[103.7900331,1.2807609],[103.7899902,1.2807872],[103.7900292,1.2808485],[103.7900555,1.2808316],[103.7900498,1.280822],[103.7900726,1.2808082],[103.7900844,1.2808271],[103.7900944,1.2808212],[103.7901078,1.2808403],[103.7900872,1.2808527],[103.7900976,1.2808704]]]},"clearanceHeight":1.7,"clearancePrepared":true},"geometry":{"type":"Polygon","coordinates":[[[103.7900872,1.2808527],[103.7900976,1.2808704],[103.7900714,1.2808865],[103.7900671,1.2808786],[103.7900431,1.2808916],[103.7900793,1.2809472],[103.7901204,1.2809207],[103.790129,1.2809321],[103.7902006,1.280892],[103.7901982,1.2808877],[103.7903308,1.2808045],[103.7903253,1.2807964],[103.7903451,1.2807846],[103.7903424,1.2807799],[103.790363,1.2807672],[103.7903283,1.2807128],[103.7903082,1.2807241],[103.7903141,1.2807343],[103.7902879,1.2807497],[103.7902771,1.2807337],[103.7902504,1.2807495],[103.790239,1.280729],[103.7902517,1.2807219],[103.7902397,1.2807025],[103.7902627,1.2806895],[103.7902667,1.280696],[103.7902928,1.2806807],[103.7902578,1.2806207],[103.7902134,1.280647],[103.7902093,1.2806402],[103.7901823,1.2806561],[103.7901898,1.2806675],[103.7901707,1.2806807],[103.7901623,1.2806649],[103.7900718,1.280721],[103.7900807,1.2807367],[103.7900626,1.2807475],[103.7900567,1.2807361],[103.7900288,1.2807534],[103.7900331,1.2807609],[103.7899902,1.2807872],[103.7900292,1.2808485],[103.7900555,1.2808316],[103.7900498,1.280822],[103.7900726,1.2808082],[103.7900844,1.2808271],[103.7900944,1.2808212],[103.7901078,1.2808403],[103.7900872,1.2808527]]]}},{"type":"Feature","id":"way/1182892365-0","properties":{"addr:city":"Singapore","addr:housenumber":"50","addr:street":"South Buona Vista Road","building":"residential","building:levels":"5","roof:levels":"1","clearanceGeometry":{"type":"Polygon","coordinates":[[[103.7899684,1.2807953],[103.7899216,1.2808163],[103.7899181,1.2808082],[103.7898896,1.2808218],[103.7898909,1.2808247],[103.7897734,1.2808812],[103.7897755,1.2808861],[103.7897559,1.2808951],[103.7897523,1.2808882],[103.7897246,1.2809006],[103.7897285,1.2809085],[103.7897057,1.2809187],[103.7897075,1.2809222],[103.7896841,1.2809335],[103.7897006,1.2809694],[103.7897061,1.2809671],[103.78971412366,1.2809845084766005],[103.78971412897864,1.280984506173438],[103.78971422894344,1.2809847369040592],[103.7897173,1.2809914],[103.7897435,1.2809804],[103.7897385,1.2809714],[103.7897618,1.2809602],[103.7897698,1.2809808],[103.7897875,1.2809728],[103.7897977,1.2809944],[103.789768,1.2810082],[103.7897773,1.2810258],[103.7897394381356,1.2810429227145042],[103.78974627102134,1.2810586938265622],[103.7897331171772,1.281064389910854],[103.7897531,1.2811076],[103.7898286,1.2810771],[103.7898249,1.2810687],[103.7898433,1.2810614],[103.7898461,1.2810661],[103.7899419,1.2810229],[103.789943,1.281027],[103.7899713,1.281014],[103.7899639,1.2809975],[103.7899835,1.2809885],[103.7899887,1.2809993],[103.7900166,1.2809867],[103.7900126,1.2809789],[103.7900347,1.2809694],[103.7900323,1.2809633],[103.7900563,1.2809541],[103.790027,1.2808949],[103.7900036,1.280905],[103.7900079,1.280916],[103.7899798,1.2809285],[103.7899712,1.2809089],[103.7899493,1.2809201],[103.7899411,1.2808987],[103.7899513,1.2808947],[103.7899415,1.2808731],[103.7899641,1.2808625],[103.7899688,1.2808719],[103.7899963,1.2808593],[103.7899684,1.2807953]]]},"clearanceHeight":1.7,"clearancePrepared":true},"geometry":{"type":"Polygon","coordinates":[[[103.7899963,1.2808593],[103.7899684,1.2807953],[103.7899216,1.2808163],[103.7899181,1.2808082],[103.7898896,1.2808218],[103.7898909,1.2808247],[103.7897734,1.2808812],[103.7897755,1.2808861],[103.7897559,1.2808951],[103.7897523,1.2808882],[103.7897246,1.2809006],[103.7897285,1.2809085],[103.7897057,1.2809187],[103.7897075,1.2809222],[103.7896841,1.2809335],[103.7897006,1.2809694],[103.7897061,1.2809671],[103.7897173,1.2809914],[103.7897435,1.2809804],[103.7897385,1.2809714],[103.7897618,1.2809602],[103.7897698,1.2809808],[103.7897875,1.2809728],[103.7897977,1.2809944],[103.789768,1.2810082],[103.7897773,1.2810258],[103.789726,1.281049],[103.7897531,1.2811076],[103.7898286,1.2810771],[103.7898249,1.2810687],[103.7898433,1.2810614],[103.7898461,1.2810661],[103.7899419,1.2810229],[103.789943,1.281027],[103.7899713,1.281014],[103.7899639,1.2809975],[103.7899835,1.2809885],[103.7899887,1.2809993],[103.7900166,1.2809867],[103.7900126,1.2809789],[103.7900347,1.2809694],[103.7900323,1.2809633],[103.7900563,1.2809541],[103.790027,1.2808949],[103.7900036,1.280905],[103.7900079,1.280916],[103.7899798,1.2809285],[103.7899712,1.2809089],[103.7899493,1.2809201],[103.7899411,1.2808987],[103.7899513,1.2808947],[103.7899415,1.2808731],[103.7899641,1.2808625],[103.7899688,1.2808719],[103.7899963,1.2808593]]]}},{"type":"Feature","id":"way/1182892366-0","properties":{"addr:city":"Singapore","addr:housenumber":"68","addr:street":"South Buona Vista Road","building":"residential","building:levels":"5","roof:levels":"1","clearanceGeometry":{"type":"Polygon","coordinates":[[[103.7889766,1.2814612],[103.7889814,1.2814715],[103.7890105,1.2814593],[103.7890065,1.281451],[103.7890504,1.28143],[103.7890199,1.2813676],[103.7889967,1.2813789],[103.7890004,1.2813867],[103.7889747,1.2813989],[103.7889651,1.2813813],[103.7889422,1.2813923],[103.7889336,1.2813706],[103.7889441,1.2813656],[103.788935,1.2813466],[103.788958,1.2813354],[103.7889621,1.2813445],[103.7889896,1.2813313],[103.7889606,1.281271],[103.7889381,1.281282],[103.7889361,1.2812777],[103.7889141,1.2812881],[103.7889106,1.2812815],[103.7887171,1.2813744],[103.7887212,1.2813834],[103.7886994,1.2813928],[103.7887012,1.281397],[103.7886788,1.281407],[103.7887081,1.2814687],[103.7887372,1.2814552],[103.7887315,1.2814447],[103.7887547,1.2814335],[103.7887647,1.2814575],[103.7887851,1.2814493],[103.7887914,1.2814662],[103.7887637,1.2814793],[103.7887729,1.2814964],[103.7887474,1.2815082],[103.7887419,1.2814955],[103.7887112,1.2815094],[103.7887434,1.2815772],[103.788767,1.2815656],[103.7887724,1.2815796],[103.7888245,1.281554],[103.7888203,1.2815464],[103.7889645,1.2814852],[103.788957,1.2814703],[103.7889766,1.2814612]]]},"clearanceHeight":1.7,"clearancePrepared":true},"geometry":{"type":"Polygon","coordinates":[[[103.788957,1.2814703],[103.7889766,1.2814612],[103.7889814,1.2814715],[103.7890105,1.2814593],[103.7890065,1.281451],[103.7890504,1.28143],[103.7890199,1.2813676],[103.7889967,1.2813789],[103.7890004,1.2813867],[103.7889747,1.2813989],[103.7889651,1.2813813],[103.7889422,1.2813923],[103.7889336,1.2813706],[103.7889441,1.2813656],[103.788935,1.2813466],[103.788958,1.2813354],[103.7889621,1.2813445],[103.7889896,1.2813313],[103.7889606,1.281271],[103.7889381,1.281282],[103.7889361,1.2812777],[103.7889141,1.2812881],[103.7889106,1.2812815],[103.7887171,1.2813744],[103.7887212,1.2813834],[103.7886994,1.2813928],[103.7887012,1.281397],[103.7886788,1.281407],[103.7887081,1.2814687],[103.7887372,1.2814552],[103.7887315,1.2814447],[103.7887547,1.2814335],[103.7887647,1.2814575],[103.7887851,1.2814493],[103.7887914,1.2814662],[103.7887637,1.2814793],[103.7887729,1.2814964],[103.7887474,1.2815082],[103.7887419,1.2814955],[103.7887112,1.2815094],[103.7887434,1.2815772],[103.788767,1.2815656],[103.7887724,1.2815796],[103.7888245,1.281554],[103.7888203,1.2815464],[103.7889645,1.2814852],[103.788957,1.2814703]]]}},{"type":"Feature","id":"way/1182892367-0","properties":{"addr:city":"Singapore","addr:housenumber":"68A","addr:street":"South Buona Vista Road","building":"residential","building:levels":"5","roof:levels":"1","clearanceGeometry":{"type":"Polygon","coordinates":[[[103.7890942,1.2814089],[103.7890978,1.2814158],[103.7891245,1.2814031],[103.7891188,1.2813907],[103.7891401,1.2813813],[103.7891469,1.281397],[103.789176,1.2813843],[103.7891741,1.2813796],[103.7892678,1.2813389],[103.789263,1.2813267],[103.7892853,1.2813172],[103.7892665,1.2812761],[103.7892595,1.2812782],[103.7892528,1.2812609],[103.7892303,1.2812688],[103.7892081,1.2812173],[103.7892144,1.2812146],[103.7892047,1.2811966],[103.7892107,1.2811939],[103.7891874,1.2811487],[103.7890191,1.2812295],[103.7890223,1.281237],[103.7890008,1.2812471],[103.7890019,1.281251],[103.7889786,1.2812623],[103.7890078,1.2813226],[103.7890368,1.2813087],[103.7890324,1.2812991],[103.7890551,1.2812881],[103.7890642,1.2813086],[103.7890757,1.2813031],[103.7890871,1.2813232],[103.7890647,1.2813339],[103.7890735,1.281352],[103.7890468,1.2813647],[103.789042,1.2813569],[103.7890199,1.2813676],[103.7890504,1.28143],[103.7890942,1.2814089]]]},"clearanceHeight":1.7,"clearancePrepared":true},"geometry":{"type":"Polygon","coordinates":[[[103.7890504,1.28143],[103.7890942,1.2814089],[103.7890978,1.2814158],[103.7891245,1.2814031],[103.7891188,1.2813907],[103.7891401,1.2813813],[103.7891469,1.281397],[103.789176,1.2813843],[103.7891741,1.2813796],[103.7892678,1.2813389],[103.789263,1.2813267],[103.7892853,1.2813172],[103.7892665,1.2812761],[103.7892595,1.2812782],[103.7892528,1.2812609],[103.7892303,1.2812688],[103.7892081,1.2812173],[103.7892144,1.2812146],[103.7892047,1.2811966],[103.7892107,1.2811939],[103.7891874,1.2811487],[103.7890191,1.2812295],[103.7890223,1.281237],[103.7890008,1.2812471],[103.7890019,1.281251],[103.7889786,1.2812623],[103.7890078,1.2813226],[103.7890368,1.2813087],[103.7890324,1.2812991],[103.7890551,1.2812881],[103.7890642,1.2813086],[103.7890757,1.2813031],[103.7890871,1.2813232],[103.7890647,1.2813339],[103.7890735,1.281352],[103.7890468,1.2813647],[103.789042,1.2813569],[103.7890199,1.2813676],[103.7890504,1.28143]]]}},{"type":"Feature","id":"way/1182892368-0","properties":{"addr:city":"Singapore","addr:housenumber":"66A","addr:street":"South Buona Vista Road","building":"residential","building:levels":"5","roof:levels":"1","clearanceGeometry":{"type":"Polygon","coordinates":[[[103.7892932,1.2815609],[103.7892977,1.2815717],[103.7893229,1.2815615],[103.7893388,1.2816004],[103.7893215,1.2816071],[103.7893166,1.2815926],[103.7892755,1.2816099],[103.7893048,1.2816783],[103.7893288,1.2816688],[103.7893335,1.2816824],[103.7895862,1.28158],[103.7895659,1.2815342],[103.7895742,1.281531],[103.7895563,1.2814913],[103.7894969,1.2815135],[103.7894873,1.2814896],[103.7895374,1.2814711],[103.7895317,1.2814583],[103.7895541,1.2814491],[103.7895421,1.2814192],[103.7895354,1.2814219],[103.7895162,1.2813771],[103.7894593,1.2814009],[103.7894633,1.2814099],[103.7893154,1.281464],[103.7893211,1.2814772],[103.7893005,1.2814854],[103.7892962,1.2814736],[103.7892676,1.281485],[103.7892712,1.2814937],[103.7892238,1.2815124],[103.7892515,1.281578],[103.7892932,1.2815609]]]},"clearanceHeight":1.7,"clearancePrepared":true},"geometry":{"type":"Polygon","coordinates":[[[103.7892515,1.281578],[103.7892932,1.2815609],[103.7892977,1.2815717],[103.7893229,1.2815615],[103.7893388,1.2816004],[103.7893215,1.2816071],[103.7893166,1.2815926],[103.7892755,1.2816099],[103.7893048,1.2816783],[103.7893288,1.2816688],[103.7893335,1.2816824],[103.7895862,1.28158],[103.7895659,1.2815342],[103.7895742,1.281531],[103.7895563,1.2814913],[103.7894969,1.2815135],[103.7894873,1.2814896],[103.7895374,1.2814711],[103.7895317,1.2814583],[103.7895541,1.2814491],[103.7895421,1.2814192],[103.7895354,1.2814219],[103.7895162,1.2813771],[103.7894593,1.2814009],[103.7894633,1.2814099],[103.7893154,1.281464],[103.7893211,1.2814772],[103.7893005,1.2814854],[103.7892962,1.2814736],[103.7892676,1.281485],[103.7892712,1.2814937],[103.7892238,1.2815124],[103.7892515,1.281578]]]}},{"type":"Feature","id":"way/1182892373-0","properties":{"access":"private","building":"yes","layer":"1","leisure":"pitch","sport":"tennis","clearanceGeometry":{"type":"Polygon","coordinates":[[[103.7893895,1.2813596],[103.7895413,1.2812885],[103.7894179,1.2810321],[103.7893127,1.2810828],[103.7892661,1.2811053],[103.7892733,1.28112],[103.7893895,1.2813596]]]},"clearanceHeight":1.7,"clearancePrepared":true},"geometry":{"type":"Polygon","coordinates":[[[103.7892733,1.28112],[103.7893895,1.2813596],[103.7895413,1.2812885],[103.7894179,1.2810321],[103.7893127,1.2810828],[103.7892661,1.2811053],[103.7892733,1.28112]]]}},{"type":"Feature","id":"way/1182892374-0","properties":{"addr:city":"Singapore","addr:housenumber":"56","addr:street":"South Buona Vista Road","building":"terrace","building:levels":"2","clearanceGeometry":{"type":"Polygon","coordinates":[[[103.7910587,1.2807436],[103.7910115,1.2806265],[103.7909595,1.2806465],[103.7910098,1.2807643],[103.7910587,1.2807436]]]},"clearanceHeight":1.7,"clearancePrepared":true},"geometry":{"type":"Polygon","coordinates":[[[103.7910098,1.2807643],[103.7910587,1.2807436],[103.7910115,1.2806265],[103.7909595,1.2806465],[103.7910098,1.2807643]]]}},{"type":"Feature","id":"way/1182892375-0","properties":{"addr:city":"Singapore","addr:housenumber":"56A","addr:street":"South Buona Vista Road","building":"terrace","building:levels":"2","clearanceGeometry":{"type":"Polygon","coordinates":[[[103.7909627,1.2807842],[103.7910098,1.2807643],[103.7909595,1.2806465],[103.7909116,1.280665],[103.7909186,1.2806812],[103.7909627,1.2807842]]]},"clearanceHeight":1.7,"clearancePrepared":true},"geometry":{"type":"Polygon","coordinates":[[[103.7909186,1.2806812],[103.7909627,1.2807842],[103.7910098,1.2807643],[103.7909595,1.2806465],[103.7909116,1.280665],[103.7909186,1.2806812]]]}},{"type":"Feature","id":"way/1182892376-0","properties":{"addr:city":"Singapore","addr:housenumber":"56B","addr:street":"South Buona Vista Road","building":"terrace","building:levels":"2","clearanceGeometry":{"type":"Polygon","coordinates":[[[103.7909678,1.2807963],[103.7909627,1.2807842],[103.7909186,1.2806812],[103.7908706,1.2807007],[103.7909208,1.2808159],[103.7909678,1.2807963]]]},"clearanceHeight":1.7,"clearancePrepared":true},"geometry":{"type":"Polygon","coordinates":[[[103.7909208,1.2808159],[103.7909678,1.2807963],[103.7909627,1.2807842],[103.7909186,1.2806812],[103.7908706,1.2807007],[103.7909208,1.2808159]]]}},{"type":"Feature","id":"way/1182892377-0","properties":{"addr:city":"Singapore","addr:housenumber":"56C","addr:street":"South Buona Vista Road","building":"terrace","building:levels":"2","clearanceGeometry":{"type":"Polygon","coordinates":[[[103.7909208,1.2808159],[103.7908706,1.2807007],[103.7908234,1.2807198],[103.7908737,1.2808356],[103.7909208,1.2808159]]]},"clearanceHeight":1.7,"clearancePrepared":true},"geometry":{"type":"Polygon","coordinates":[[[103.7908737,1.2808356],[103.7909208,1.2808159],[103.7908706,1.2807007],[103.7908234,1.2807198],[103.7908737,1.2808356]]]}},{"type":"Feature","id":"way/1182892378-0","properties":{"addr:city":"Singapore","addr:housenumber":"56D","addr:street":"South Buona Vista Road","building":"terrace","building:levels":"2","clearanceGeometry":{"type":"Polygon","coordinates":[[[103.7908234,1.2807198],[103.7907748,1.2807395],[103.7908243,1.2808561],[103.7908737,1.2808356],[103.7908234,1.2807198]]]},"clearanceHeight":1.7,"clearancePrepared":true},"geometry":{"type":"Polygon","coordinates":[[[103.7908737,1.2808356],[103.7908234,1.2807198],[103.7907748,1.2807395],[103.7908243,1.2808561],[103.7908737,1.2808356]]]}},{"type":"Feature","id":"way/1182892379-0","properties":{"addr:city":"Singapore","addr:housenumber":"56E","addr:street":"South Buona Vista Road","building":"terrace","building:levels":"2","clearanceGeometry":{"type":"Polygon","coordinates":[[[103.7908243,1.2808561],[103.7907748,1.2807395],[103.7907275,1.2807587],[103.7907788,1.2808751],[103.7908243,1.2808561]]]},"clearanceHeight":1.7,"clearancePrepared":true},"geometry":{"type":"Polygon","coordinates":[[[103.7907788,1.2808751],[103.7908243,1.2808561],[103.7907748,1.2807395],[103.7907275,1.2807587],[103.7907788,1.2808751]]]}},{"type":"Feature","id":"way/1182892380-0","properties":{"addr:city":"Singapore","addr:housenumber":"56F","addr:street":"South Buona Vista Road","building":"terrace","building:levels":"2","clearanceGeometry":{"type":"Polygon","coordinates":[[[103.7907788,1.2808751],[103.7907275,1.2807587],[103.7906776,1.280779],[103.7907267,1.2808968],[103.7907788,1.2808751]]]},"clearanceHeight":1.7,"clearancePrepared":true},"geometry":{"type":"Polygon","coordinates":[[[103.7907267,1.2808968],[103.7907788,1.2808751],[103.7907275,1.2807587],[103.7906776,1.280779],[103.7907267,1.2808968]]]}},{"type":"Feature","id":"way/1182892381-0","properties":{"addr:city":"Singapore","addr:housenumber":"58","addr:street":"South Buona Vista Road","building":"terrace","building:levels":"2","clearanceGeometry":{"type":"Polygon","coordinates":[[[103.790677,1.2809012],[103.7906298,1.2807841],[103.7905779,1.2808041],[103.7906282,1.2809219],[103.790677,1.2809012]]]},"clearanceHeight":1.7,"clearancePrepared":true},"geometry":{"type":"Polygon","coordinates":[[[103.7906282,1.2809219],[103.790677,1.2809012],[103.7906298,1.2807841],[103.7905779,1.2808041],[103.7906282,1.2809219]]]}},{"type":"Feature","id":"way/1182892382-0","properties":{"addr:city":"Singapore","addr:housenumber":"58A","addr:street":"South Buona Vista Road","building":"terrace","building:levels":"2","clearanceGeometry":{"type":"Polygon","coordinates":[[[103.790581,1.2809418],[103.7906282,1.2809219],[103.7905779,1.2808041],[103.7905299,1.2808226],[103.7905369,1.2808388],[103.790581,1.2809418]]]},"clearanceHeight":1.7,"clearancePrepared":true},"geometry":{"type":"Polygon","coordinates":[[[103.7905369,1.2808388],[103.790581,1.2809418],[103.7906282,1.2809219],[103.7905779,1.2808041],[103.7905299,1.2808226],[103.7905369,1.2808388]]]}},{"type":"Feature","id":"way/1182892383-0","properties":{"addr:city":"Singapore","addr:housenumber":"58B","addr:street":"South Buona Vista Road","building":"terrace","building:levels":"2","clearanceGeometry":{"type":"Polygon","coordinates":[[[103.7905862,1.2809539],[103.790581,1.2809418],[103.7905369,1.2808388],[103.7904889,1.2808583],[103.7905391,1.2809735],[103.7905862,1.2809539]]]},"clearanceHeight":1.7,"clearancePrepared":true},"geometry":{"type":"Polygon","coordinates":[[[103.7905391,1.2809735],[103.7905862,1.2809539],[103.790581,1.2809418],[103.7905369,1.2808388],[103.7904889,1.2808583],[103.7905391,1.2809735]]]}},{"type":"Feature","id":"way/1182892384-0","properties":{"addr:city":"Singapore","addr:housenumber":"58C","addr:street":"South Buona Vista Road","building":"terrace","building:levels":"2","clearanceGeometry":{"type":"Polygon","coordinates":[[[103.7905391,1.2809735],[103.7904889,1.2808583],[103.7904418,1.2808774],[103.790492,1.2809932],[103.7905391,1.2809735]]]},"clearanceHeight":1.7,"clearancePrepared":true},"geometry":{"type":"Polygon","coordinates":[[[103.790492,1.2809932],[103.7905391,1.2809735],[103.7904889,1.2808583],[103.7904418,1.2808774],[103.790492,1.2809932]]]}},{"type":"Feature","id":"way/1182892385-0","properties":{"addr:city":"Singapore","addr:housenumber":"58D","addr:street":"South Buona Vista Road","building":"terrace","building:levels":"2","clearanceGeometry":{"type":"Polygon","coordinates":[[[103.7904418,1.2808774],[103.7903932,1.2808971],[103.7904427,1.2810137],[103.790492,1.2809932],[103.7904418,1.2808774]]]},"clearanceHeight":1.7,"clearancePrepared":true},"geometry":{"type":"Polygon","coordinates":[[[103.790492,1.2809932],[103.7904418,1.2808774],[103.7903932,1.2808971],[103.7904427,1.2810137],[103.790492,1.2809932]]]}},{"type":"Feature","id":"way/1182892386-0","properties":{"addr:city":"Singapore","addr:housenumber":"58E","addr:street":"South Buona Vista Road","building":"terrace","building:levels":"2","clearanceGeometry":{"type":"Polygon","coordinates":[[[103.7904427,1.2810137],[103.7903932,1.2808971],[103.7903458,1.2809163],[103.7903971,1.2810327],[103.7904427,1.2810137]]]},"clearanceHeight":1.7,"clearancePrepared":true},"geometry":{"type":"Polygon","coordinates":[[[103.7903971,1.2810327],[103.7904427,1.2810137],[103.7903932,1.2808971],[103.7903458,1.2809163],[103.7903971,1.2810327]]]}},{"type":"Feature","id":"way/1182892387-0","properties":{"addr:city":"Singapore","addr:housenumber":"58F","addr:street":"South Buona Vista Road","building":"terrace","building:levels":"2","clearanceGeometry":{"type":"Polygon","coordinates":[[[103.7903971,1.2810327],[103.7903458,1.2809163],[103.7902959,1.2809365],[103.7903451,1.2810544],[103.7903971,1.2810327]]]},"clearanceHeight":1.7,"clearancePrepared":true},"geometry":{"type":"Polygon","coordinates":[[[103.7903451,1.2810544],[103.7903971,1.2810327],[103.7903458,1.2809163],[103.7902959,1.2809365],[103.7903451,1.2810544]]]}},{"type":"Feature","id":"way/1182892388-0","properties":{"addr:city":"Singapore","addr:housenumber":"54","addr:street":"South Buona Vista Road","building":"terrace","building:levels":"2","clearanceGeometry":{"type":"Polygon","coordinates":[[[103.7908396,1.2803348],[103.7908323,1.2803234],[103.7907722,1.2802297],[103.7907285,1.2802566],[103.7907957,1.2803616],[103.7908396,1.2803348]]]},"clearanceHeight":1.7,"clearancePrepared":true},"geometry":{"type":"Polygon","coordinates":[[[103.7907957,1.2803616],[103.7908396,1.2803348],[103.7908323,1.2803234],[103.7907722,1.2802297],[103.7907285,1.2802566],[103.7907957,1.2803616]]]}},{"type":"Feature","id":"way/1182892389-0","properties":{"addr:city":"Singapore","addr:housenumber":"54A","addr:street":"South Buona Vista Road","building":"terrace","building:levels":"2","clearanceGeometry":{"type":"Polygon","coordinates":[[[103.7907957,1.2803616],[103.7907285,1.2802566],[103.790685,1.2802835],[103.7907495,1.2803897],[103.7907957,1.2803616]]]},"clearanceHeight":1.7,"clearancePrepared":true},"geometry":{"type":"Polygon","coordinates":[[[103.7907495,1.2803897],[103.7907957,1.2803616],[103.7907285,1.2802566],[103.790685,1.2802835],[103.7907495,1.2803897]]]}},{"type":"Feature","id":"way/1182892390-0","properties":{"addr:city":"Singapore","addr:housenumber":"54B","addr:street":"South Buona Vista Road","building":"terrace","building:levels":"2","clearanceGeometry":{"type":"Polygon","coordinates":[[[103.7907495,1.2803897],[103.790685,1.2802835],[103.7906407,1.2803107],[103.7907074,1.2804154],[103.7907495,1.2803897]]]},"clearanceHeight":1.7,"clearancePrepared":true},"geometry":{"type":"Polygon","coordinates":[[[103.7907074,1.2804154],[103.7907495,1.2803897],[103.790685,1.2802835],[103.7906407,1.2803107],[103.7907074,1.2804154]]]}},{"type":"Feature","id":"way/1182892391-0","properties":{"addr:city":"Singapore","addr:housenumber":"54C","addr:street":"South Buona Vista Road","building":"terrace","building:levels":"2","clearanceGeometry":{"type":"Polygon","coordinates":[[[103.7907074,1.2804154],[103.7906407,1.2803107],[103.7905967,1.2803378],[103.7906624,1.2804429],[103.7907074,1.2804154]]]},"clearanceHeight":1.7,"clearancePrepared":true},"geometry":{"type":"Polygon","coordinates":[[[103.7906624,1.2804429],[103.7907074,1.2804154],[103.7906407,1.2803107],[103.7905967,1.2803378],[103.7906624,1.2804429]]]}},{"type":"Feature","id":"way/1182892392-0","properties":{"addr:city":"Singapore","addr:housenumber":"54D","addr:street":"South Buona Vista Road","building":"terrace","building:levels":"2","clearanceGeometry":{"type":"Polygon","coordinates":[[[103.7906161,1.2804711],[103.7906624,1.2804429],[103.7905967,1.2803378],[103.7905522,1.2803652],[103.7906161,1.2804711]]]},"clearanceHeight":1.7,"clearancePrepared":true},"geometry":{"type":"Polygon","coordinates":[[[103.7905522,1.2803652],[103.7906161,1.2804711],[103.7906624,1.2804429],[103.7905967,1.2803378],[103.7905522,1.2803652]]]}},{"type":"Feature","id":"way/1182892393-0","properties":{"addr:city":"Singapore","addr:housenumber":"54J","addr:street":"South Buona Vista Road","building":"terrace","building:levels":"2","clearanceGeometry":{"type":"Polygon","coordinates":[[[103.7909342,1.2804626],[103.7909269,1.2804511],[103.7908668,1.2803575],[103.7908231,1.2803844],[103.7908903,1.2804893],[103.7909342,1.2804626]]]},"clearanceHeight":1.7,"clearancePrepared":true},"geometry":{"type":"Polygon","coordinates":[[[103.7908903,1.2804893],[103.7909342,1.2804626],[103.7909269,1.2804511],[103.7908668,1.2803575],[103.7908231,1.2803844],[103.7908903,1.2804893]]]}},{"type":"Feature","id":"way/1182892394-0","properties":{"addr:city":"Singapore","addr:housenumber":"54H","addr:street":"South Buona Vista Road","building":"terrace","building:levels":"2","clearanceGeometry":{"type":"Polygon","coordinates":[[[103.7908903,1.2804893],[103.7908231,1.2803844],[103.7907795,1.2804112],[103.7908441,1.2805175],[103.7908903,1.2804893]]]},"clearanceHeight":1.7,"clearancePrepared":true},"geometry":{"type":"Polygon","coordinates":[[[103.7908441,1.2805175],[103.7908903,1.2804893],[103.7908231,1.2803844],[103.7907795,1.2804112],[103.7908441,1.2805175]]]}},{"type":"Feature","id":"way/1182892395-0","properties":{"addr:city":"Singapore","addr:housenumber":"54G","addr:street":"South Buona Vista Road","building":"terrace","building:levels":"2","clearanceGeometry":{"type":"Polygon","coordinates":[[[103.7908441,1.2805175],[103.7907795,1.2804112],[103.7907353,1.2804384],[103.790802,1.2805432],[103.7908441,1.2805175]]]},"clearanceHeight":1.7,"clearancePrepared":true},"geometry":{"type":"Polygon","coordinates":[[[103.790802,1.2805432],[103.7908441,1.2805175],[103.7907795,1.2804112],[103.7907353,1.2804384],[103.790802,1.2805432]]]}},{"type":"Feature","id":"way/1182892396-0","properties":{"addr:city":"Singapore","addr:housenumber":"54F","addr:street":"South Buona Vista Road","building":"terrace","building:levels":"2","clearanceGeometry":{"type":"Polygon","coordinates":[[[103.790802,1.2805432],[103.7907353,1.2804384],[103.7906913,1.2804655],[103.790757,1.2805706],[103.790802,1.2805432]]]},"clearanceHeight":1.7,"clearancePrepared":true},"geometry":{"type":"Polygon","coordinates":[[[103.790757,1.2805706],[103.790802,1.2805432],[103.7907353,1.2804384],[103.7906913,1.2804655],[103.790757,1.2805706]]]}},{"type":"Feature","id":"way/1182892397-0","properties":{"addr:city":"Singapore","addr:housenumber":"54E","addr:street":"South Buona Vista Road","building":"terrace","building:levels":"2","clearanceGeometry":{"type":"Polygon","coordinates":[[[103.7907107,1.2805988],[103.790757,1.2805706],[103.7906913,1.2804655],[103.7906468,1.280493],[103.7907107,1.2805988]]]},"clearanceHeight":1.7,"clearancePrepared":true},"geometry":{"type":"Polygon","coordinates":[[[103.7906468,1.280493],[103.7907107,1.2805988],[103.790757,1.2805706],[103.7906913,1.2804655],[103.7906468,1.280493]]]}},{"type":"Feature","id":"way/1182892398-0","properties":{"addr:city":"Singapore","addr:housenumber":"56N","addr:street":"South Buona Vista Road","building":"terrace","building:levels":"2","clearanceGeometry":{"type":"Polygon","coordinates":[[[103.791092,1.280798],[103.7910424,1.2808176],[103.791091,1.2809327],[103.7911391,1.2809128],[103.791092,1.280798]]]},"clearanceHeight":1.7,"clearancePrepared":true},"geometry":{"type":"Polygon","coordinates":[[[103.7911391,1.2809128],[103.791092,1.280798],[103.7910424,1.2808176],[103.791091,1.2809327],[103.7911391,1.2809128]]]}},{"type":"Feature","id":"way/1182892399-0","properties":{"addr:city":"Singapore","addr:housenumber":"56M","addr:street":"South Buona Vista Road","building":"terrace","building:levels":"2","clearanceGeometry":{"type":"Polygon","coordinates":[[[103.7909997,1.2808502],[103.791044,1.2809522],[103.791091,1.2809327],[103.7910424,1.2808176],[103.7909938,1.2808368],[103.7909997,1.2808502]]]},"clearanceHeight":1.7,"clearancePrepared":true},"geometry":{"type":"Polygon","coordinates":[[[103.7909938,1.2808368],[103.7909997,1.2808502],[103.791044,1.2809522],[103.791091,1.2809327],[103.7910424,1.2808176],[103.7909938,1.2808368]]]}},{"type":"Feature","id":"way/1182892400-0","properties":{"addr:city":"Singapore","addr:housenumber":"56L","addr:street":"South Buona Vista Road","building":"terrace","building:levels":"2","clearanceGeometry":{"type":"Polygon","coordinates":[[[103.7910494,1.2809647],[103.791044,1.2809522],[103.7909997,1.2808502],[103.7909522,1.2808697],[103.7910017,1.2809841],[103.7910494,1.2809647]]]},"clearanceHeight":1.7,"clearancePrepared":true},"geometry":{"type":"Polygon","coordinates":[[[103.7910017,1.2809841],[103.7910494,1.2809647],[103.791044,1.2809522],[103.7909997,1.2808502],[103.7909522,1.2808697],[103.7910017,1.2809841]]]}},{"type":"Feature","id":"way/1182892401-0","properties":{"addr:city":"Singapore","addr:housenumber":"56K","addr:street":"South Buona Vista Road","building":"terrace","building:levels":"2","clearanceGeometry":{"type":"Polygon","coordinates":[[[103.7910017,1.2809841],[103.7909522,1.2808697],[103.790905,1.2808892],[103.7909517,1.2810045],[103.7910017,1.2809841]]]},"clearanceHeight":1.7,"clearancePrepared":true},"geometry":{"type":"Polygon","coordinates":[[[103.7909517,1.2810045],[103.7910017,1.2809841],[103.7909522,1.2808697],[103.790905,1.2808892],[103.7909517,1.2810045]]]}},{"type":"Feature","id":"way/1182892402-0","properties":{"addr:city":"Singapore","addr:housenumber":"56J","addr:street":"South Buona Vista Road","building":"terrace","building:levels":"2","clearanceGeometry":{"type":"Polygon","coordinates":[[[103.7909517,1.2810045],[103.790905,1.2808892],[103.7908569,1.280909],[103.7909059,1.2810231],[103.7909517,1.2810045]]]},"clearanceHeight":1.7,"clearancePrepared":true},"geometry":{"type":"Polygon","coordinates":[[[103.7909059,1.2810231],[103.7909517,1.2810045],[103.790905,1.2808892],[103.7908569,1.280909],[103.7909059,1.2810231]]]}},{"type":"Feature","id":"way/1182892403-0","properties":{"addr:city":"Singapore","addr:housenumber":"56H","addr:street":"South Buona Vista Road","building":"terrace","building:levels":"2","clearanceGeometry":{"type":"Polygon","coordinates":[[[103.7909059,1.2810231],[103.7908569,1.280909],[103.7908091,1.2809287],[103.7908571,1.281043],[103.7909059,1.2810231]]]},"clearanceHeight":1.7,"clearancePrepared":true},"geometry":{"type":"Polygon","coordinates":[[[103.7908571,1.281043],[103.7909059,1.2810231],[103.7908569,1.280909],[103.7908091,1.2809287],[103.7908571,1.281043]]]}},{"type":"Feature","id":"way/1182892404-0","properties":{"addr:city":"Singapore","addr:housenumber":"56G","addr:street":"South Buona Vista Road","building":"terrace","building:levels":"2","clearanceGeometry":{"type":"Polygon","coordinates":[[[103.7908069,1.2810634],[103.7908571,1.281043],[103.7908091,1.2809287],[103.7907608,1.2809487],[103.7908069,1.2810634]]]},"clearanceHeight":1.7,"clearancePrepared":true},"geometry":{"type":"Polygon","coordinates":[[[103.7907608,1.2809487],[103.7908069,1.2810634],[103.7908571,1.281043],[103.7908091,1.2809287],[103.7907608,1.2809487]]]}},{"type":"Feature","id":"way/1182892405-0","properties":{"addr:city":"Singapore","addr:housenumber":"60","addr:street":"South Buona Vista Road","building":"terrace","building:levels":"2","clearanceGeometry":{"type":"Polygon","coordinates":[[[103.7902519,1.2809867],[103.7902023,1.2810063],[103.7902508,1.2811215],[103.7902989,1.2811015],[103.7902519,1.2809867]]]},"clearanceHeight":1.7,"clearancePrepared":true},"geometry":{"type":"Polygon","coordinates":[[[103.7902989,1.2811015],[103.7902519,1.2809867],[103.7902023,1.2810063],[103.7902508,1.2811215],[103.7902989,1.2811015]]]}},{"type":"Feature","id":"way/1182892406-0","properties":{"addr:city":"Singapore","addr:housenumber":"60A","addr:street":"South Buona Vista Road","building":"terrace","building:levels":"2","clearanceGeometry":{"type":"Polygon","coordinates":[[[103.7901595,1.2810389],[103.7902038,1.281141],[103.7902508,1.2811215],[103.7902023,1.2810063],[103.7901537,1.2810255],[103.7901595,1.2810389]]]},"clearanceHeight":1.7,"clearancePrepared":true},"geometry":{"type":"Polygon","coordinates":[[[103.7901537,1.2810255],[103.7901595,1.2810389],[103.7902038,1.281141],[103.7902508,1.2811215],[103.7902023,1.2810063],[103.7901537,1.2810255]]]}},{"type":"Feature","id":"way/1182892407-0","properties":{"addr:city":"Singapore","addr:housenumber":"60B","addr:street":"South Buona Vista Road","building":"terrace","building:levels":"2","clearanceGeometry":{"type":"Polygon","coordinates":[[[103.7902092,1.2811534],[103.7902038,1.281141],[103.7901595,1.2810389],[103.7901121,1.2810584],[103.7901616,1.2811728],[103.7902092,1.2811534]]]},"clearanceHeight":1.7,"clearancePrepared":true},"geometry":{"type":"Polygon","coordinates":[[[103.7901616,1.2811728],[103.7902092,1.2811534],[103.7902038,1.281141],[103.7901595,1.2810389],[103.7901121,1.2810584],[103.7901616,1.2811728]]]}},{"type":"Feature","id":"way/1182892408-0","properties":{"addr:city":"Singapore","addr:housenumber":"60C","addr:street":"South Buona Vista Road","building":"terrace","building:levels":"2","clearanceGeometry":{"type":"Polygon","coordinates":[[[103.7901616,1.2811728],[103.7901121,1.2810584],[103.7900648,1.2810779],[103.7901115,1.2811932],[103.7901616,1.2811728]]]},"clearanceHeight":1.7,"clearancePrepared":true},"geometry":{"type":"Polygon","coordinates":[[[103.7901115,1.2811932],[103.7901616,1.2811728],[103.7901121,1.2810584],[103.7900648,1.2810779],[103.7901115,1.2811932]]]}},{"type":"Feature","id":"way/1182892409-0","properties":{"addr:city":"Singapore","addr:housenumber":"60D","addr:street":"South Buona Vista Road","building":"terrace","building:levels":"2","clearanceGeometry":{"type":"Polygon","coordinates":[[[103.7901115,1.2811932],[103.7900648,1.2810779],[103.7900167,1.2810977],[103.7900658,1.2812118],[103.7901115,1.2811932]]]},"clearanceHeight":1.7,"clearancePrepared":true},"geometry":{"type":"Polygon","coordinates":[[[103.7900658,1.2812118],[103.7901115,1.2811932],[103.7900648,1.2810779],[103.7900167,1.2810977],[103.7900658,1.2812118]]]}},{"type":"Feature","id":"way/1182892410-0","properties":{"addr:city":"Singapore","addr:housenumber":"60E","addr:street":"South Buona Vista Road","building":"terrace","building:levels":"2","clearanceGeometry":{"type":"Polygon","coordinates":[[[103.7900658,1.2812118],[103.7900167,1.2810977],[103.789969,1.2811174],[103.790017,1.2812317],[103.7900658,1.2812118]]]},"clearanceHeight":1.7,"clearancePrepared":true},"geometry":{"type":"Polygon","coordinates":[[[103.790017,1.2812317],[103.7900658,1.2812118],[103.7900167,1.2810977],[103.789969,1.2811174],[103.790017,1.2812317]]]}},{"type":"Feature","id":"way/1182892411-0","properties":{"addr:city":"Singapore","addr:housenumber":"60F","addr:street":"South Buona Vista Road","building":"terrace","building:levels":"2","clearanceGeometry":{"type":"Polygon","coordinates":[[[103.7901323,1.2813698],[103.7900832,1.2812558],[103.7900354,1.2812755],[103.7900834,1.2813897],[103.7901323,1.2813698]]]},"clearanceHeight":1.7,"clearancePrepared":true},"geometry":{"type":"Polygon","coordinates":[[[103.7900834,1.2813897],[103.7901323,1.2813698],[103.7900832,1.2812558],[103.7900354,1.2812755],[103.7900834,1.2813897]]]}},{"type":"Feature","id":"way/1182892412-0","properties":{"addr:city":"Singapore","addr:housenumber":"60G","addr:street":"South Buona Vista Road","building":"terrace","building:levels":"2","clearanceGeometry":{"type":"Polygon","coordinates":[[[103.790178,1.2813512],[103.7901313,1.281236],[103.7900832,1.2812558],[103.7901323,1.2813698],[103.790178,1.2813512]]]},"clearanceHeight":1.7,"clearancePrepared":true},"geometry":{"type":"Polygon","coordinates":[[[103.7901323,1.2813698],[103.790178,1.2813512],[103.7901313,1.281236],[103.7900832,1.2812558],[103.7901323,1.2813698]]]}},{"type":"Feature","id":"way/1182892413-0","properties":{"addr:city":"Singapore","addr:housenumber":"60H","addr:street":"South Buona Vista Road","building":"terrace","building:levels":"2","clearanceGeometry":{"type":"Polygon","coordinates":[[[103.7902281,1.2813308],[103.7901785,1.2812165],[103.7901313,1.281236],[103.790178,1.2813512],[103.7902281,1.2813308]]]},"clearanceHeight":1.7,"clearancePrepared":true},"geometry":{"type":"Polygon","coordinates":[[[103.790178,1.2813512],[103.7902281,1.2813308],[103.7901785,1.2812165],[103.7901313,1.281236],[103.790178,1.2813512]]]}},{"type":"Feature","id":"way/1182892414-0","properties":{"addr:city":"Singapore","addr:housenumber":"60J","addr:street":"South Buona Vista Road","building":"terrace","building:levels":"2","clearanceGeometry":{"type":"Polygon","coordinates":[[[103.7902757,1.2813114],[103.7902703,1.281299],[103.790226,1.2811969],[103.7901785,1.2812165],[103.7902281,1.2813308],[103.7902757,1.2813114]]]},"clearanceHeight":1.7,"clearancePrepared":true},"geometry":{"type":"Polygon","coordinates":[[[103.7902281,1.2813308],[103.7902757,1.2813114],[103.7902703,1.281299],[103.790226,1.2811969],[103.7901785,1.2812165],[103.7902281,1.2813308]]]}},{"type":"Feature","id":"way/1182892415-0","properties":{"addr:city":"Singapore","addr:housenumber":"60K","addr:street":"South Buona Vista Road","building":"terrace","building:levels":"2","clearanceGeometry":{"type":"Polygon","coordinates":[[[103.790226,1.2811969],[103.7902703,1.281299],[103.7903173,1.2812795],[103.7902687,1.2811643],[103.7902201,1.2811835],[103.790226,1.2811969]]]},"clearanceHeight":1.7,"clearancePrepared":true},"geometry":{"type":"Polygon","coordinates":[[[103.7902201,1.2811835],[103.790226,1.2811969],[103.7902703,1.281299],[103.7903173,1.2812795],[103.7902687,1.2811643],[103.7902201,1.2811835]]]}},{"type":"Feature","id":"way/1182892416-0","properties":{"addr:city":"Singapore","addr:housenumber":"60L","addr:street":"South Buona Vista Road","building":"terrace","building:levels":"2","clearanceGeometry":{"type":"Polygon","coordinates":[[[103.7903183,1.2811447],[103.7902687,1.2811643],[103.7903173,1.2812795],[103.7903654,1.2812595],[103.7903183,1.2811447]]]},"clearanceHeight":1.7,"clearancePrepared":true},"geometry":{"type":"Polygon","coordinates":[[[103.7903654,1.2812595],[103.7903183,1.2811447],[103.7902687,1.2811643],[103.7903173,1.2812795],[103.7903654,1.2812595]]]}},{"type":"Feature","id":"way/1182892417-0","properties":{"addr:city":"Singapore","addr:housenumber":"58N","addr:street":"South Buona Vista Road","building":"terrace","building:levels":"2","clearanceGeometry":{"type":"Polygon","coordinates":[[[103.7906992,1.2809598],[103.7906496,1.2809794],[103.7906982,1.2810945],[103.7907463,1.2810746],[103.7906992,1.2809598]]]},"clearanceHeight":1.7,"clearancePrepared":true},"geometry":{"type":"Polygon","coordinates":[[[103.7907463,1.2810746],[103.7906992,1.2809598],[103.7906496,1.2809794],[103.7906982,1.2810945],[103.7907463,1.2810746]]]}},{"type":"Feature","id":"way/1182892418-0","properties":{"addr:city":"Singapore","addr:housenumber":"58M","addr:street":"South Buona Vista Road","building":"terrace","building:levels":"2","clearanceGeometry":{"type":"Polygon","coordinates":[[[103.7906069,1.2810119],[103.7906512,1.281114],[103.7906982,1.2810945],[103.7906496,1.2809794],[103.790601,1.2809985],[103.7906069,1.2810119]]]},"clearanceHeight":1.7,"clearancePrepared":true},"geometry":{"type":"Polygon","coordinates":[[[103.790601,1.2809985],[103.7906069,1.2810119],[103.7906512,1.281114],[103.7906982,1.2810945],[103.7906496,1.2809794],[103.790601,1.2809985]]]}},{"type":"Feature","id":"way/1182892419-0","properties":{"addr:city":"Singapore","addr:housenumber":"58L","addr:street":"South Buona Vista Road","building":"terrace","building:levels":"2","clearanceGeometry":{"type":"Polygon","coordinates":[[[103.7906566,1.2811265],[103.7906512,1.281114],[103.7906069,1.2810119],[103.7905594,1.2810315],[103.790609,1.2811459],[103.7906566,1.2811265]]]},"clearanceHeight":1.7,"clearancePrepared":true},"geometry":{"type":"Polygon","coordinates":[[[103.790609,1.2811459],[103.7906566,1.2811265],[103.7906512,1.281114],[103.7906069,1.2810119],[103.7905594,1.2810315],[103.790609,1.2811459]]]}},{"type":"Feature","id":"way/1182892420-0","properties":{"addr:city":"Singapore","addr:housenumber":"58K","addr:street":"South Buona Vista Road","building":"terrace","building:levels":"2","clearanceGeometry":{"type":"Polygon","coordinates":[[[103.790609,1.2811459],[103.7905594,1.2810315],[103.7905122,1.281051],[103.7905589,1.2811662],[103.790609,1.2811459]]]},"clearanceHeight":1.7,"clearancePrepared":true},"geometry":{"type":"Polygon","coordinates":[[[103.7905589,1.2811662],[103.790609,1.2811459],[103.7905594,1.2810315],[103.7905122,1.281051],[103.7905589,1.2811662]]]}},{"type":"Feature","id":"way/1182892421-0","properties":{"addr:city":"Singapore","addr:housenumber":"58J","addr:street":"South Buona Vista Road","building":"terrace","building:levels":"2","clearanceGeometry":{"type":"Polygon","coordinates":[[[103.7905589,1.2811662],[103.7905122,1.281051],[103.7904641,1.2810708],[103.7905132,1.2811849],[103.7905589,1.2811662]]]},"clearanceHeight":1.7,"clearancePrepared":true},"geometry":{"type":"Polygon","coordinates":[[[103.7905132,1.2811849],[103.7905589,1.2811662],[103.7905122,1.281051],[103.7904641,1.2810708],[103.7905132,1.2811849]]]}},{"type":"Feature","id":"way/1182892422-0","properties":{"addr:city":"Singapore","addr:housenumber":"58H","addr:street":"South Buona Vista Road","building":"terrace","building:levels":"2","clearanceGeometry":{"type":"Polygon","coordinates":[[[103.7905132,1.2811849],[103.7904641,1.2810708],[103.7904163,1.2810905],[103.7904643,1.2812047],[103.7905132,1.2811849]]]},"clearanceHeight":1.7,"clearancePrepared":true},"geometry":{"type":"Polygon","coordinates":[[[103.7904643,1.2812047],[103.7905132,1.2811849],[103.7904641,1.2810708],[103.7904163,1.2810905],[103.7904643,1.2812047]]]}},{"type":"Feature","id":"way/1182892423-0","properties":{"addr:city":"Singapore","addr:housenumber":"64A","addr:street":"South Buona Vista Road","building":"residential","building:levels":"5","roof:levels":"1","clearanceGeometry":{"type":"Polygon","coordinates":[[[103.7898451,1.2817833],[103.7898669,1.281774],[103.7898698,1.2817812],[103.7901184,1.2816792],[103.7901153,1.2816711],[103.7901379,1.2816616],[103.7901355,1.2816552],[103.7901571,1.281646],[103.7901441,1.2816104],[103.7901223,1.2816201],[103.7901107,1.2815888],[103.7900323,1.2816195],[103.7900203,1.2815908],[103.7900385,1.2815832],[103.7900348,1.2815749],[103.79008,1.2815562],[103.7900684,1.2815311],[103.7900903,1.2815224],[103.7900771,1.2814874],[103.7900536,1.2814977],[103.7900518,1.2814929],[103.790029,1.2815025],[103.7900244,1.2814923],[103.7899699,1.2815155],[103.7899761,1.2815289],[103.7899572,1.2815374],[103.7899509,1.2815208],[103.7898025,1.2815841],[103.7898066,1.2815941],[103.7897839,1.2816034],[103.7897862,1.2816077],[103.7897622,1.2816182],[103.7897788,1.2816584],[103.789792,1.2816535],[103.7898031,1.2816807],[103.7898773,1.281651],[103.7898883,1.2816789],[103.7898042,1.2817143],[103.7898152,1.2817402],[103.7898029,1.2817462],[103.7898192,1.2817879],[103.7898425,1.2817777],[103.7898451,1.2817833]]]},"clearanceHeight":1.7,"clearancePrepared":true},"geometry":{"type":"Polygon","coordinates":[[[103.7898425,1.2817777],[103.7898451,1.2817833],[103.7898669,1.281774],[103.7898698,1.2817812],[103.7901184,1.2816792],[103.7901153,1.2816711],[103.7901379,1.2816616],[103.7901355,1.2816552],[103.7901571,1.281646],[103.7901441,1.2816104],[103.7901223,1.2816201],[103.7901107,1.2815888],[103.7900323,1.2816195],[103.7900203,1.2815908],[103.7900385,1.2815832],[103.7900348,1.2815749],[103.79008,1.2815562],[103.7900684,1.2815311],[103.7900903,1.2815224],[103.7900771,1.2814874],[103.7900536,1.2814977],[103.7900518,1.2814929],[103.790029,1.2815025],[103.7900244,1.2814923],[103.7899699,1.2815155],[103.7899761,1.2815289],[103.7899572,1.2815374],[103.7899509,1.2815208],[103.7898025,1.2815841],[103.7898066,1.2815941],[103.7897839,1.2816034],[103.7897862,1.2816077],[103.7897622,1.2816182],[103.7897788,1.2816584],[103.789792,1.2816535],[103.7898031,1.2816807],[103.7898773,1.281651],[103.7898883,1.2816789],[103.7898042,1.2817143],[103.7898152,1.2817402],[103.7898029,1.2817462],[103.7898192,1.2817879],[103.7898425,1.2817777]]]}},{"type":"Feature","id":"way/1182892424-0","properties":{"addr:city":"Singapore","addr:housenumber":"62","addr:street":"South Buona Vista Road","building":"residential","building:levels":"5","roof:levels":"1","clearanceGeometry":{"type":"Polygon","coordinates":[[[103.7909289,1.2813331],[103.7909525,1.2813232],[103.7909555,1.2813305],[103.7912011,1.281228],[103.791198,1.28122],[103.7912206,1.2812105],[103.7912181,1.281204],[103.7912398,1.2811949],[103.7912254,1.281155],[103.7912117,1.2811605],[103.7912016,1.2811346],[103.7911191,1.2811674],[103.7911071,1.2811379],[103.7911484,1.2811224],[103.791145,1.2811147],[103.7911871,1.2810972],[103.7911769,1.2810709],[103.7911993,1.2810611],[103.7911867,1.2810261],[103.7911618,1.2810365],[103.7911598,1.2810316],[103.7911361,1.2810414],[103.7911314,1.2810318],[103.7910793,1.2810546],[103.7910857,1.2810683],[103.791065,1.281077],[103.7910587,1.2810605],[103.7908628,1.2811436],[103.7908669,1.2811536],[103.7908438,1.2811632],[103.7908463,1.2811687],[103.7908239,1.281178],[103.7908376,1.2812098],[103.7908406,1.2812167],[103.7908515,1.281213],[103.7908632,1.2812406],[103.79096,1.2811998],[103.790971,1.2812278],[103.7909471,1.2812381],[103.7909407,1.2812409],[103.7909441,1.2812478],[103.7908983,1.2812655],[103.7909114,1.2812924],[103.7908889,1.2813014],[103.790904,1.281337],[103.7909263,1.2813276],[103.7909289,1.2813331]]]},"clearanceHeight":1.7,"clearancePrepared":true},"geometry":{"type":"Polygon","coordinates":[[[103.7909263,1.2813276],[103.7909289,1.2813331],[103.7909525,1.2813232],[103.7909555,1.2813305],[103.7912011,1.281228],[103.791198,1.28122],[103.7912206,1.2812105],[103.7912181,1.281204],[103.7912398,1.2811949],[103.7912254,1.281155],[103.7912117,1.2811605],[103.7912016,1.2811346],[103.7911191,1.2811674],[103.7911071,1.2811379],[103.7911484,1.2811224],[103.791145,1.2811147],[103.7911871,1.2810972],[103.7911769,1.2810709],[103.7911993,1.2810611],[103.7911867,1.2810261],[103.7911618,1.2810365],[103.7911598,1.2810316],[103.7911361,1.2810414],[103.7911314,1.2810318],[103.7910793,1.2810546],[103.7910857,1.2810683],[103.791065,1.281077],[103.7910587,1.2810605],[103.7908628,1.2811436],[103.7908669,1.2811536],[103.7908438,1.2811632],[103.7908463,1.2811687],[103.7908239,1.281178],[103.7908376,1.2812098],[103.7908406,1.2812167],[103.7908515,1.281213],[103.7908632,1.2812406],[103.79096,1.2811998],[103.790971,1.2812278],[103.7909471,1.2812381],[103.7909407,1.2812409],[103.7909441,1.2812478],[103.7908983,1.2812655],[103.7909114,1.2812924],[103.7908889,1.2813014],[103.790904,1.281337],[103.7909263,1.2813276]]]}},{"type":"Feature","id":"way/1182892425-0","properties":{"addr:city":"Singapore","addr:housenumber":"62A","addr:street":"South Buona Vista Road","building":"residential","building:levels":"5","roof:levels":"1","clearanceGeometry":{"type":"Polygon","coordinates":[[[103.7905702,1.2814833],[103.7905938,1.2814734],[103.7905968,1.2814806],[103.7908423,1.2813782],[103.7908393,1.2813701],[103.7908619,1.2813606],[103.7908594,1.2813542],[103.790881,1.2813451],[103.7908667,1.2813052],[103.7908529,1.2813107],[103.7908429,1.2812848],[103.7907603,1.2813176],[103.7907483,1.2812881],[103.7907896,1.2812726],[103.7907863,1.2812649],[103.7908284,1.2812474],[103.7908162,1.2812199],[103.7908376,1.2812098],[103.7908239,1.281178],[103.7908031,1.2811867],[103.790801,1.2811818],[103.7907774,1.2811916],[103.7907727,1.281182],[103.7907206,1.2812048],[103.790727,1.2812185],[103.7907063,1.2812272],[103.7907,1.2812107],[103.790504,1.2812938],[103.7905081,1.2813037],[103.7904851,1.2813134],[103.7904875,1.2813188],[103.790465,1.2813277],[103.7904789,1.28136],[103.7904819,1.2813669],[103.7904927,1.2813632],[103.7905044,1.2813908],[103.7906013,1.28135],[103.7906123,1.2813779],[103.790582,1.2813911],[103.7905853,1.281398],[103.7905395,1.2814157],[103.7905527,1.2814426],[103.7905302,1.2814515],[103.7905453,1.2814872],[103.7905676,1.2814777],[103.7905702,1.2814833]]]},"clearanceHeight":1.7,"clearancePrepared":true},"geometry":{"type":"Polygon","coordinates":[[[103.7905676,1.2814777],[103.7905702,1.2814833],[103.7905938,1.2814734],[103.7905968,1.2814806],[103.7908423,1.2813782],[103.7908393,1.2813701],[103.7908619,1.2813606],[103.7908594,1.2813542],[103.790881,1.2813451],[103.7908667,1.2813052],[103.7908529,1.2813107],[103.7908429,1.2812848],[103.7907603,1.2813176],[103.7907483,1.2812881],[103.7907896,1.2812726],[103.7907863,1.2812649],[103.7908284,1.2812474],[103.7908162,1.2812199],[103.7908376,1.2812098],[103.7908239,1.281178],[103.7908031,1.2811867],[103.790801,1.2811818],[103.7907774,1.2811916],[103.7907727,1.281182],[103.7907206,1.2812048],[103.790727,1.2812185],[103.7907063,1.2812272],[103.7907,1.2812107],[103.790504,1.2812938],[103.7905081,1.2813037],[103.7904851,1.2813134],[103.7904875,1.2813188],[103.790465,1.2813277],[103.7904789,1.28136],[103.7904819,1.2813669],[103.7904927,1.2813632],[103.7905044,1.2813908],[103.7906013,1.28135],[103.7906123,1.2813779],[103.790582,1.2813911],[103.7905853,1.281398],[103.7905395,1.2814157],[103.7905527,1.2814426],[103.7905302,1.2814515],[103.7905453,1.2814872],[103.7905676,1.2814777]]]}},{"type":"Feature","id":"way/1182892426-0","properties":{"addr:city":"Singapore","addr:housenumber":"64","addr:street":"South Buona Vista Road","building":"residential","building:levels":"5","roof:levels":"1","clearanceGeometry":{"type":"Polygon","coordinates":[[[103.7902118,1.2816323],[103.7902353,1.2816224],[103.7902383,1.2816296],[103.7904839,1.2815272],[103.7904808,1.2815192],[103.7905035,1.2815096],[103.790501,1.2815032],[103.7905226,1.2814941],[103.7905083,1.2814542],[103.7904945,1.2814597],[103.7904844,1.2814338],[103.7904019,1.2814666],[103.7903899,1.2814371],[103.7904312,1.2814216],[103.7904279,1.2814139],[103.7904699,1.2813964],[103.7904591,1.2813689],[103.7904789,1.28136],[103.790465,1.2813277],[103.7904446,1.2813357],[103.7904426,1.2813308],[103.7904189,1.2813406],[103.7904143,1.281331],[103.7903622,1.2813538],[103.7903686,1.2813675],[103.7903479,1.2813762],[103.7903415,1.2813597],[103.7901456,1.2814428],[103.7901497,1.2814527],[103.7901266,1.2814624],[103.7901291,1.2814678],[103.7901051,1.2814779],[103.7901211,1.2815171],[103.7901343,1.2815122],[103.790146,1.2815398],[103.7902428,1.281499],[103.7902538,1.2815269],[103.7902236,1.2815401],[103.7902269,1.281547],[103.7901811,1.2815647],[103.7901943,1.2815916],[103.7901717,1.2816005],[103.7901868,1.2816362],[103.7902092,1.2816267],[103.7902118,1.2816323]]]},"clearanceHeight":1.7,"clearancePrepared":true},"geometry":{"type":"Polygon","coordinates":[[[103.7902092,1.2816267],[103.7902118,1.2816323],[103.7902353,1.2816224],[103.7902383,1.2816296],[103.7904839,1.2815272],[103.7904808,1.2815192],[103.7905035,1.2815096],[103.790501,1.2815032],[103.7905226,1.2814941],[103.7905083,1.2814542],[103.7904945,1.2814597],[103.7904844,1.2814338],[103.7904019,1.2814666],[103.7903899,1.2814371],[103.7904312,1.2814216],[103.7904279,1.2814139],[103.7904699,1.2813964],[103.7904591,1.2813689],[103.7904789,1.28136],[103.790465,1.2813277],[103.7904446,1.2813357],[103.7904426,1.2813308],[103.7904189,1.2813406],[103.7904143,1.281331],[103.7903622,1.2813538],[103.7903686,1.2813675],[103.7903479,1.2813762],[103.7903415,1.2813597],[103.7901456,1.2814428],[103.7901497,1.2814527],[103.7901266,1.2814624],[103.7901291,1.2814678],[103.7901051,1.2814779],[103.7901211,1.2815171],[103.7901343,1.2815122],[103.790146,1.2815398],[103.7902428,1.281499],[103.7902538,1.2815269],[103.7902236,1.2815401],[103.7902269,1.281547],[103.7901811,1.2815647],[103.7901943,1.2815916],[103.7901717,1.2816005],[103.7901868,1.2816362],[103.7902092,1.2816267]]]}},{"type":"Feature","id":"way/1183936099-0","properties":{"building":"yes","office":"security","clearanceGeometry":{"type":"Polygon","coordinates":[[[103.78968974720938,1.2810831823523177],[103.78965977225106,1.2810961924452002],[103.7896705,1.2811201],[103.7897003,1.2811067],[103.78968974720938,1.2810831823523177]]]},"clearanceHeight":1.7,"clearancePrepared":true},"geometry":{"type":"Polygon","coordinates":[[[103.7897003,1.2811067],[103.7896863,1.2810755],[103.7896565,1.2810889],[103.7896705,1.2811201],[103.7897003,1.2811067]]]}},{"type":"Feature","id":"node/686670855","properties":{"highway":"crossing"},"geometry":{"type":"Point","coordinates":[103.7917442,1.2824792]}},{"type":"Feature","id":"node/1363285227","properties":{"highway":"crossing"},"geometry":{"type":"Point","coordinates":[103.7905656,1.2839431]}},{"type":"Feature","id":"node/7254748938","properties":{"crossing":"unmarked","crossing:markings":"no","highway":"crossing"},"geometry":{"type":"Point","coordinates":[103.7911704,1.279706]}},{"type":"Feature","id":"node/7254768513","properties":{"crossing":"unmarked","crossing:markings":"no","highway":"crossing"},"geometry":{"type":"Point","coordinates":[103.7910968,1.2797344]}},{"type":"Feature","id":"node/7254768515","properties":{"crossing":"unmarked","crossing:markings":"no","highway":"crossing"},"geometry":{"type":"Point","coordinates":[103.7911713,1.2796758]}},{"type":"Feature","id":"node/7254768521","properties":{"crossing":"unmarked","crossing:markings":"no","highway":"crossing"},"geometry":{"type":"Point","coordinates":[103.7903511,1.280287]}},{"type":"Feature","id":"node/7254768565","properties":{"crossing":"unmarked","crossing:markings":"no","highway":"crossing"},"geometry":{"type":"Point","coordinates":[103.7913106,1.2799788]}},{"type":"Feature","id":"node/7254768574","properties":{"crossing":"unmarked","crossing:markings":"no","highway":"crossing"},"geometry":{"type":"Point","coordinates":[103.7914621,1.2804363]}},{"type":"Feature","id":"node/7933630762","properties":{"highway":"crossing"},"geometry":{"type":"Point","coordinates":[103.7892288,1.2801325]}},{"type":"Feature","id":"node/7933630763","properties":{"highway":"crossing"},"geometry":{"type":"Point","coordinates":[103.7888,1.279643]}},{"type":"Feature","id":"node/7933712682","properties":{"highway":"crossing"},"geometry":{"type":"Point","coordinates":[103.7890813,1.2798413]}},{"type":"Feature","id":"node/7933841321","properties":{"highway":"crossing"},"geometry":{"type":"Point","coordinates":[103.788455,1.2796872]}},{"type":"Feature","id":"node/7933891479","properties":{"highway":"crossing"},"geometry":{"type":"Point","coordinates":[103.7888996,1.2802388]}},{"type":"Feature","id":"node/7933891481","properties":{"highway":"crossing"},"geometry":{"type":"Point","coordinates":[103.788445,1.2803644]}},{"type":"Feature","id":"node/7933929558","properties":{"highway":"crossing"},"geometry":{"type":"Point","coordinates":[103.7881862,1.2807659]}},{"type":"Feature","id":"node/7933929562","properties":{"highway":"crossing"},"geometry":{"type":"Point","coordinates":[103.7893438,1.2795289]}},{"type":"Feature","id":"node/7936137503","properties":{"highway":"crossing"},"geometry":{"type":"Point","coordinates":[103.7900849,1.2796696]}},{"type":"Feature","id":"node/9967559210","properties":{"highway":"crossing"},"geometry":{"type":"Point","coordinates":[103.7894457,1.2809291]}},{"type":"Feature","id":"node/10655085595","properties":{"highway":"crossing"},"geometry":{"type":"Point","coordinates":[103.7885666,1.2797436]}},{"type":"Feature","id":"node/10857375324","properties":{"highway":"crossing"},"geometry":{"type":"Point","coordinates":[103.7889661,1.2802234]}},{"type":"Feature","id":"node/10984145553","properties":{"highway":"crossing"},"geometry":{"type":"Point","coordinates":[103.789508,1.280898]}},{"type":"Feature","id":"node/11237519314","properties":{"highway":"crossing"},"geometry":{"type":"Point","coordinates":[103.7892753,1.2795253]}},{"type":"Feature","id":"node/13474006528","properties":{"highway":"crossing"},"geometry":{"type":"Point","coordinates":[103.7894719,1.2810666]}},{"type":"Feature","id":"way/46650504-0-0-0","properties":{"highway":"residential","lanes":"2","lanes:backward":"1","lanes:forward":"1","lit":"yes","maxspeed":"50","name":"Spingwood Height","name:en":"Spingwood Height","name:zh":"\u6625\u6797\u5cad","sidewalk:both":"separate","surface":"asphalt","startNodeId":"2640951803","endNodeId":"2640951804"},"geometry":{"type":"LineString","coordinates":[[103.7914811,1.280429],[103.7915032,1.2804759]]}},{"type":"Feature","id":"way/46650504-0-1-0","properties":{"highway":"residential","lanes":"2","lanes:backward":"1","lanes:forward":"1","lit":"yes","maxspeed":"50","name":"Spingwood Height","name:en":"Spingwood Height","name:zh":"\u6625\u6797\u5cad","sidewalk:both":"separate","surface":"asphalt","startNodeId":"2640951804","endNodeId":"596067254"},"geometry":{"type":"LineString","coordinates":[[103.7915032,1.2804759],[103.7915574,1.2805052]]}},{"type":"Feature","id":"way/46650504-0-2-0","properties":{"highway":"residential","lanes":"2","lanes:backward":"1","lanes:forward":"1","lit":"yes","maxspeed":"50","name":"Spingwood Height","name:en":"Spingwood Height","name:zh":"\u6625\u6797\u5cad","sidewalk:both":"separate","surface":"asphalt","startNodeId":"596067254","endNodeId":"2640951805"},"geometry":{"type":"LineString","coordinates":[[103.7915574,1.2805052],[103.7916151,1.2805024]]}},{"type":"Feature","id":"way/46650504-0-3-0","properties":{"highway":"residential","lanes":"2","lanes:backward":"1","lanes:forward":"1","lit":"yes","maxspeed":"50","name":"Spingwood Height","name:en":"Spingwood Height","name:zh":"\u6625\u6797\u5cad","sidewalk:both":"separate","surface":"asphalt","startNodeId":"2640951805","endNodeId":"596067252"},"geometry":{"type":"LineString","coordinates":[[103.7916151,1.2805024],[103.7918179,1.2804218]]}},{"type":"Feature","id":"way/55781211-0-23-0","properties":{"highway":"residential","lanes":"2","lit":"yes","maxspeed":"50","name":"Chwee Chian Road","name:en":"Chwee Chian Road","name:zh":"\u63a8\u8fc1\u8def","sidewalk:both":"separate","surface":"asphalt","startNodeId":"700700725","endNodeId":"1119699693"},"geometry":{"type":"LineString","coordinates":[[103.7887523,1.2794396],[103.7888479,1.2796377]]}},{"type":"Feature","id":"way/96681930-0-1-0","properties":{"highway":"residential","lit":"yes","maxspeed":"50","name":"Lorong Sarhad","name:en":"Lorong Sarhad","name:zh":"\u7f57\u5f04\u6c99\u54c8","sidewalk:both":"separate","surface":"asphalt","startNodeId":"7933891483","endNodeId":"6493307771"},"geometry":{"type":"LineString","coordinates":[[103.7880526,1.2805059],[103.7882316,1.2807311]]}},{"type":"Feature","id":"way/96681930-0-2-0","properties":{"highway":"residential","lit":"yes","maxspeed":"50","name":"Lorong Sarhad","name:en":"Lorong Sarhad","name:zh":"\u7f57\u5f04\u6c99\u54c8","sidewalk:both":"separate","surface":"asphalt","startNodeId":"6493307771","endNodeId":"7933929556"},"geometry":{"type":"LineString","coordinates":[[103.7882316,1.2807311],[103.788457,1.2810147]]}},{"type":"Feature","id":"way/96681930-0-3-0","properties":{"highway":"residential","lit":"yes","maxspeed":"50","name":"Lorong Sarhad","name:en":"Lorong Sarhad","name:zh":"\u7f57\u5f04\u6c99\u54c8","sidewalk:both":"separate","surface":"asphalt","startNodeId":"7933929556","endNodeId":"1119694433"},"geometry":{"type":"LineString","coordinates":[[103.788457,1.2810147],[103.7885153,1.281088]]}},{"type":"Feature","id":"way/96682372-0-0-0","properties":{"highway":"residential","lanes":"2","lanes:backward":"1","lanes:forward":"1","maxspeed":"50","name":"Chwee Chian View","name:en":"Chwee Chian View","name:zh":"\u63a8\u8fc1\u666f","surface":"asphalt","startNodeId":"1119699709","endNodeId":"7933841321"},"geometry":{"type":"LineString","coordinates":[[103.7884831,1.2797228],[103.788455,1.2796872]]}},{"type":"Feature","id":"way/96682372-0-1-0","properties":{"highway":"residential","lanes":"2","lanes:backward":"1","lanes:forward":"1","maxspeed":"50","name":"Chwee Chian View","name:en":"Chwee Chian View","name:zh":"\u63a8\u8fc1\u666f","surface":"asphalt","startNodeId":"7933841321","endNodeId":"11237519319"},"geometry":{"type":"LineString","coordinates":[[103.788455,1.2796872],[103.7884453,1.2796752]]}},{"type":"Feature","id":"way/96682372-0-2-0","properties":{"highway":"residential","lanes":"2","lanes:backward":"1","lanes:forward":"1","maxspeed":"50","name":"Chwee Chian View","name:en":"Chwee Chian View","name:zh":"\u63a8\u8fc1\u666f","surface":"asphalt","startNodeId":"11237519319","endNodeId":"10173458992"},"geometry":{"type":"LineString","coordinates":[[103.7884453,1.2796752],[103.788386,1.2796014]]}},{"type":"Feature","id":"way/96682372-0-3-0","properties":{"highway":"residential","lanes":"2","lanes:backward":"1","lanes:forward":"1","maxspeed":"50","name":"Chwee Chian View","name:en":"Chwee Chian View","name:zh":"\u63a8\u8fc1\u666f","surface":"asphalt","startNodeId":"10173458992","endNodeId":"10083780788"},"geometry":{"type":"LineString","coordinates":[[103.788386,1.2796014],[103.7882633,1.2794488]]}},{"type":"Feature","id":"way/96682373-0-0-0","properties":{"highway":"residential","lit":"yes","maxspeed":"50","name":"Chwee Chian View","name:en":"Chwee Chian View","name:zh":"\u63a8\u8fc1\u666f","sidewalk:both":"separate","surface":"asphalt","startNodeId":"1119699709","endNodeId":"11237519321"},"geometry":{"type":"LineString","coordinates":[[103.7884831,1.2797228],[103.7883341,1.2797747]]}},{"type":"Feature","id":"way/96682373-0-1-0","properties":{"highway":"residential","lit":"yes","maxspeed":"50","name":"Chwee Chian View","name:en":"Chwee Chian View","name:zh":"\u63a8\u8fc1\u666f","sidewalk:both":"separate","surface":"asphalt","startNodeId":"11237519321","endNodeId":"6621965433"},"geometry":{"type":"LineString","coordinates":[[103.7883341,1.2797747],[103.7882321,1.2798102]]}},{"type":"Feature","id":"way/96682373-0-2-0","properties":{"highway":"residential","lit":"yes","maxspeed":"50","name":"Chwee Chian View","name:en":"Chwee Chian View","name:zh":"\u63a8\u8fc1\u666f","sidewalk:both":"separate","surface":"asphalt","startNodeId":"6621965433","endNodeId":"1119699712"},"geometry":{"type":"LineString","coordinates":[[103.7882321,1.2798102],[103.7882001,1.2798276]]}},{"type":"Feature","id":"way/96682373-0-3-0","properties":{"highway":"residential","lit":"yes","maxspeed":"50","name":"Chwee Chian View","name:en":"Chwee Chian View","name:zh":"\u63a8\u8fc1\u666f","sidewalk:both":"separate","surface":"asphalt","startNodeId":"1119699712","endNodeId":"6621965432"},"geometry":{"type":"LineString","coordinates":[[103.7882001,1.2798276],[103.788169,1.2798692]]}},{"type":"Feature","id":"way/96682373-0-4-0","properties":{"highway":"residential","lit":"yes","maxspeed":"50","name":"Chwee Chian View","name:en":"Chwee Chian View","name:zh":"\u63a8\u8fc1\u666f","sidewalk:both":"separate","surface":"asphalt","startNodeId":"6621965432","endNodeId":"10173458993"},"geometry":{"type":"LineString","coordinates":[[103.788169,1.2798692],[103.7881385,1.2799129]]}},{"type":"Feature","id":"way/96682374-0-0-0","properties":{"highway":"residential","lanes":"2","lanes:backward":"1","lanes:forward":"1","lit":"yes","maxspeed":"50","name":"Chwee Chian Road","name:en":"Chwee Chian Road","name:zh":"\u63a8\u8fc1\u8def","sidewalk:both":"separate","surface":"asphalt","startNodeId":"1119699696","endNodeId":"7933712682"},"geometry":{"type":"LineString","coordinates":[[103.7890477,1.2798695],[103.7890813,1.2798413]]}},{"type":"Feature","id":"way/96682374-0-1-0","properties":{"highway":"residential","lanes":"2","lanes:backward":"1","lanes:forward":"1","lit":"yes","maxspeed":"50","name":"Chwee Chian Road","name:en":"Chwee Chian Road","name:zh":"\u63a8\u8fc1\u8def","sidewalk:both":"separate","surface":"asphalt","startNodeId":"7933712682","endNodeId":"1119699701"},"geometry":{"type":"LineString","coordinates":[[103.7890813,1.2798413],[103.7893946,1.2795896]]}},{"type":"Feature","id":"way/96682376-0-0-0","properties":{"highway":"residential","lanes":"2","lanes:backward":"1","lanes:forward":"1","lit":"yes","maxspeed":"50","name":"Chwee Chian Road","name:en":"Chwee Chian Road","name:zh":"\u63a8\u8fc1\u8def","sidewalk:both":"separate","surface":"asphalt","startNodeId":"1119699701","endNodeId":"7933929562"},"geometry":{"type":"LineString","coordinates":[[103.7893946,1.2795896],[103.7893438,1.2795289]]}},{"type":"Feature","id":"way/96682376-0-1-0","properties":{"highway":"residential","lanes":"2","lanes:backward":"1","lanes:forward":"1","lit":"yes","maxspeed":"50","name":"Chwee Chian Road","name:en":"Chwee Chian Road","name:zh":"\u63a8\u8fc1\u8def","sidewalk:both":"separate","surface":"asphalt","startNodeId":"7933929562","endNodeId":"11237519313"},"geometry":{"type":"LineString","coordinates":[[103.7893438,1.2795289],[103.7893159,1.2794926]]}},{"type":"Feature","id":"way/121881933-0-0-0","properties":{"highway":"residential","lanes":"2","lanes:backward":"1","lanes:forward":"1","maxspeed":"50","name":"Springwood Avenue","name:zh":"\u6625\u6797\u9053","sidewalk:both":"separate","surface":"asphalt","turn:lanes:backward":"through","width":"12.2","startNodeId":"1363285090","endNodeId":"10154441149"},"geometry":{"type":"LineString","coordinates":[[103.7910281,1.279614],[103.7909419,1.2794463]]}},{"type":"Feature","id":"way/121881941-0-0-0","properties":{"bicycle":"yes","highway":"service","surface":"asphalt","startNodeId":"1363285198","endNodeId":"1363285196"},"geometry":{"type":"LineString","coordinates":[[103.7895388,1.2830269],[103.789568,1.2829832]]}},{"type":"Feature","id":"way/121881954-0-0-0","properties":{"bicycle":"yes","highway":"service","oneway":"yes","service":"parking_aisle","surface":"paved","startNodeId":"686670943","endNodeId":"1363285208"},"geometry":{"type":"LineString","coordinates":[[103.7910138,1.2836],[103.79064,1.2833144]]}},{"type":"Feature","id":"way/121881954-0-1-0","properties":{"bicycle":"yes","highway":"service","oneway":"yes","service":"parking_aisle","surface":"paved","startNodeId":"1363285208","endNodeId":"1363285212"},"geometry":{"type":"LineString","coordinates":[[103.79064,1.2833144],[103.7905753,1.2834018]]}},{"type":"Feature","id":"way/121883247-0-0-0","properties":{"highway":"residential","lit":"yes","maxspeed":"50","name":"Jambol Place","name:en":"Jambol Place","name:zh":"\u5360\u6ce2\u574a","sidewalk:both":"separate","surface":"paved","startNodeId":"1363297015","endNodeId":"7936137503"},"geometry":{"type":"LineString","coordinates":[[103.79005,1.2796874],[103.7900849,1.2796696]]}},{"type":"Feature","id":"way/121883247-0-1-0","properties":{"highway":"residential","lit":"yes","maxspeed":"50","name":"Jambol Place","name:en":"Jambol Place","name:zh":"\u5360\u6ce2\u574a","sidewalk:both":"separate","surface":"paved","startNodeId":"7936137503","endNodeId":"1363297014"},"geometry":{"type":"LineString","coordinates":[[103.7900849,1.2796696],[103.7904871,1.2794688]]}},{"type":"Feature","id":"way/121883643-0-1-0","properties":{"highway":"residential","lanes":"2","lanes:backward":"1","lanes:forward":"1","lit":"yes","maxspeed":"50","name":"Jambol Place","name:en":"Jambol Place","name:zh":"\u5360\u6ce2\u574a","sidewalk:both":"separate","surface":"asphalt","startNodeId":"7933712683","endNodeId":"1363297015"},"geometry":{"type":"LineString","coordinates":[[103.7899327,1.2794543],[103.79005,1.2796874]]}},{"type":"Feature","id":"way/258769073-0-0-0","properties":{"alt_name:zh":"\u60f9\u5170\u9ed8\u73cd\u5b9d","highway":"residential","lanes":"2","lanes:backward":"1","lanes:forward":"1","lit":"yes","maxspeed":"50","name":"Jalan Mat Jambol","name:en":"Jalan Mat Jambol","name:zh":"\u60f9\u5170\u9ed8\u5360\u6ce2","oneway":"no","sidewalk:both":"separate","surface":"asphalt","startNodeId":"596030619","endNodeId":"7254768515"},"geometry":{"type":"LineString","coordinates":[[103.7911625,1.2796887],[103.7911713,1.2796758]]}},{"type":"Feature","id":"way/258769073-0-1-0","properties":{"alt_name:zh":"\u60f9\u5170\u9ed8\u73cd\u5b9d","highway":"residential","lanes":"2","lanes:backward":"1","lanes:forward":"1","lit":"yes","maxspeed":"50","name":"Jalan Mat Jambol","name:en":"Jalan Mat Jambol","name:zh":"\u60f9\u5170\u9ed8\u5360\u6ce2","oneway":"no","sidewalk:both":"separate","surface":"asphalt","startNodeId":"7254768515","endNodeId":"1363285080"},"geometry":{"type":"LineString","coordinates":[[103.7911713,1.2796758],[103.7913517,1.2794098]]}},{"type":"Feature","id":"way/258769075-0-0-0","properties":{"highway":"residential","lanes":"2","lanes:backward":"1","lanes:forward":"1","lit":"yes","maxspeed":"50","name":"Springwood Height","name:en":"Springwood Height","name:zh":"\u6625\u6797\u5cad","sidewalk:both":"separate","surface":"asphalt","turn:lanes:backward":"left;through","startNodeId":"2640951803","endNodeId":"2640951802"},"geometry":{"type":"LineString","coordinates":[[103.7914811,1.280429],[103.7912968,1.2799844]]}},{"type":"Feature","id":"way/258769076-0-0-0","properties":{"addr:street":"Springwood Crescent","highway":"residential","lanes":"2","lanes:backward":"1","lanes:forward":"1","maxspeed":"50","name":"Springwood Terrace","name:en":"Springwood Terrace","name:zh":"\u6625\u6797\u53f0","sidewalk:both":"separate","surface":"asphalt","turn:lanes:backward":"left;right","startNodeId":"2640951802","endNodeId":"7254768565"},"geometry":{"type":"LineString","coordinates":[[103.7912968,1.2799844],[103.7913106,1.2799788]]}},{"type":"Feature","id":"way/258769076-0-1-0","properties":{"addr:street":"Springwood Crescent","highway":"residential","lanes":"2","lanes:backward":"1","lanes:forward":"1","maxspeed":"50","name":"Springwood Terrace","name:en":"Springwood Terrace","name:zh":"\u6625\u6797\u53f0","sidewalk:both":"separate","surface":"asphalt","turn:lanes:backward":"left;right","startNodeId":"7254768565","endNodeId":"2640951801"},"geometry":{"type":"LineString","coordinates":[[103.7913106,1.2799788],[103.7916287,1.279849]]}},{"type":"Feature","id":"way/399015777-0-0-0","properties":{"highway":"residential","maxspeed":"15","name":"Vigilante Drive","name:en":"Vigilante Drive","name:zh":"\u7ef4\u5b89\u901a\u9053","surface":"asphalt","startNodeId":"1363285221","endNodeId":"686670943"},"geometry":{"type":"LineString","coordinates":[[103.7908838,1.2836901],[103.7910138,1.2836]]}},{"type":"Feature","id":"way/399015780-0-0-0","properties":{"highway":"residential","lanes":"2","lanes:backward":"1","lanes:forward":"1","maxspeed":"15","name":"Vigilante Drive","name:en":"Vigilante Drive","name:zh":"\u7ef4\u5b89\u901a\u9053","surface":"asphalt","turn:lanes:backward":"through","turn:lanes:forward":"through","startNodeId":"1363285227","endNodeId":"686670942"},"geometry":{"type":"LineString","coordinates":[[103.7905656,1.2839431],[103.7908022,1.2837541]]}},{"type":"Feature","id":"way/399015780-0-1-0","properties":{"highway":"residential","lanes":"2","lanes:backward":"1","lanes:forward":"1","maxspeed":"15","name":"Vigilante Drive","name:en":"Vigilante Drive","name:zh":"\u7ef4\u5b89\u901a\u9053","surface":"asphalt","turn:lanes:backward":"through","turn:lanes:forward":"through","startNodeId":"686670942","endNodeId":"5248112890"},"geometry":{"type":"LineString","coordinates":[[103.7908022,1.2837541],[103.7908559,1.283712]]}},{"type":"Feature","id":"way/399015780-0-2-0","properties":{"highway":"residential","lanes":"2","lanes:backward":"1","lanes:forward":"1","maxspeed":"15","name":"Vigilante Drive","name:en":"Vigilante Drive","name:zh":"\u7ef4\u5b89\u901a\u9053","surface":"asphalt","turn:lanes:backward":"through","turn:lanes:forward":"through","startNodeId":"5248112890","endNodeId":"1363285221"},"geometry":{"type":"LineString","coordinates":[[103.7908559,1.283712],[103.7908838,1.2836901]]}},{"type":"Feature","id":"way/453238704-0-0-0","properties":{"highway":"residential","lanes":"2","lanes:backward":"1","lanes:forward":"1","lit":"yes","maxspeed":"50","name":"Spingwood Height","name:en":"Spingwood Height","name:zh":"\u6625\u6797\u5cad","sidewalk:both":"separate","surface":"asphalt","turn:lanes:forward":"left;right","startNodeId":"2640951806","endNodeId":"7254768574"},"geometry":{"type":"LineString","coordinates":[[103.7910878,1.2805805],[103.7914621,1.2804363]]}},{"type":"Feature","id":"way/453238704-0-1-0","properties":{"highway":"residential","lanes":"2","lanes:backward":"1","lanes:forward":"1","lit":"yes","maxspeed":"50","name":"Spingwood Height","name:en":"Spingwood Height","name:zh":"\u6625\u6797\u5cad","sidewalk:both":"separate","surface":"asphalt","turn:lanes:forward":"left;right","startNodeId":"7254768574","endNodeId":"2640951803"},"geometry":{"type":"LineString","coordinates":[[103.7914621,1.2804363],[103.7914811,1.280429]]}},{"type":"Feature","id":"way/540522394-0-0-0","properties":{"highway":"service","oneway":"yes","service":"parking_aisle","startNodeId":"5229109219","endNodeId":"7933891479"},"geometry":{"type":"LineString","coordinates":[[103.7888941,1.2802159],[103.7888996,1.2802388]]}},{"type":"Feature","id":"way/540522394-0-1-0","properties":{"highway":"service","oneway":"yes","service":"parking_aisle","startNodeId":"7933891479","endNodeId":"5229109220"},"geometry":{"type":"LineString","coordinates":[[103.7888996,1.2802388],[103.7889162,1.2803235]]}},{"type":"Feature","id":"way/540522395-0-0-0","properties":{"highway":"service","service":"parking_aisle","startNodeId":"5229110728","endNodeId":"5229109218"},"geometry":{"type":"LineString","coordinates":[[103.7887851,1.2805576],[103.7887571,1.2805101]]}},{"type":"Feature","id":"way/540522395-0-1-0","properties":{"highway":"service","service":"parking_aisle","startNodeId":"5229109218","endNodeId":"5229110727"},"geometry":{"type":"LineString","coordinates":[[103.7887571,1.2805101],[103.7887514,1.2804828]]}},{"type":"Feature","id":"way/540522395-0-2-0","properties":{"highway":"service","service":"parking_aisle","startNodeId":"5229110727","endNodeId":"5229110726"},"geometry":{"type":"LineString","coordinates":[[103.7887514,1.2804828],[103.7887585,1.2804534]]}},{"type":"Feature","id":"way/540522395-0-3-0","properties":{"highway":"service","service":"parking_aisle","startNodeId":"5229110726","endNodeId":"5229110725"},"geometry":{"type":"LineString","coordinates":[[103.7887585,1.2804534],[103.7887866,1.2804256]]}},{"type":"Feature","id":"way/540522395-0-4-0","properties":{"highway":"service","service":"parking_aisle","startNodeId":"5229110725","endNodeId":"5229110724"},"geometry":{"type":"LineString","coordinates":[[103.7887866,1.2804256],[103.7888378,1.2803843]]}},{"type":"Feature","id":"way/540522395-0-5-0","properties":{"highway":"service","service":"parking_aisle","startNodeId":"5229110724","endNodeId":"5229109220"},"geometry":{"type":"LineString","coordinates":[[103.7888378,1.2803843],[103.7889162,1.2803235]]}},{"type":"Feature","id":"way/540522396-0-0-0","properties":{"highway":"service","service":"parking_aisle","startNodeId":"5229110730","endNodeId":"7933891481"},"geometry":{"type":"LineString","coordinates":[[103.7884222,1.2803423],[103.788445,1.2803644]]}},{"type":"Feature","id":"way/540522396-0-1-0","properties":{"highway":"service","service":"parking_aisle","startNodeId":"7933891481","endNodeId":"5229110729"},"geometry":{"type":"LineString","coordinates":[[103.788445,1.2803644],[103.7886235,1.2805544]]}},{"type":"Feature","id":"way/611872237-0-0-0","properties":{"bicycle":"yes","highway":"service","oneway":"yes","service":"parking_aisle","surface":"paved","startNodeId":"1363285212","endNodeId":"1363285214"},"geometry":{"type":"LineString","coordinates":[[103.7905753,1.2834018],[103.7905547,1.2834296]]}},{"type":"Feature","id":"way/611872237-0-1-0","properties":{"bicycle":"yes","highway":"service","oneway":"yes","service":"parking_aisle","surface":"paved","startNodeId":"1363285214","endNodeId":"1363285216"},"geometry":{"type":"LineString","coordinates":[[103.7905547,1.2834296],[103.7905608,1.2834569]]}},{"type":"Feature","id":"way/611872237-0-2-0","properties":{"bicycle":"yes","highway":"service","oneway":"yes","service":"parking_aisle","surface":"paved","startNodeId":"1363285216","endNodeId":"1363285221"},"geometry":{"type":"LineString","coordinates":[[103.7905608,1.2834569],[103.7908838,1.2836901]]}},{"type":"Feature","id":"way/633811499-0-0-0","properties":{"highway":"residential","lanes":"2","lanes:backward":"1","lanes:forward":"1","lit":"yes","maxspeed":"50","name":"Jambol Place","name:en":"Jambol Place","name:zh":"\u5360\u6ce2\u574a","sidewalk:both":"separate","surface":"asphalt","turn:lanes:backward":"left;through","startNodeId":"1363297015","endNodeId":"6377168375"},"geometry":{"type":"LineString","coordinates":[[103.79005,1.2796874],[103.7902645,1.2801165]]}},{"type":"Feature","id":"way/640209812-0-0-0","properties":{"alt_name:zh":"\u60f9\u5170\u9ed8\u73cd\u5b9d","highway":"residential","lanes":"2","lanes:backward":"1","lanes:forward":"1","lit":"yes","maxspeed":"50","name":"Jalan Mat Jambol","name:en":"Jalan Mat Jambol","name:zh":"\u60f9\u5170\u9ed8\u5360\u6ce2","oneway":"no","sidewalk:both":"separate","surface":"asphalt","startNodeId":"1363285103","endNodeId":"596030619"},"geometry":{"type":"LineString","coordinates":[[103.7911038,1.2797466],[103.7911625,1.2796887]]}},{"type":"Feature","id":"way/640209813-0-0-0","properties":{"alt_name:zh":"\u60f9\u5170\u9ed8\u73cd\u5b9d","highway":"residential","lanes":"2","lanes:backward":"1","lanes:forward":"1","lit":"yes","maxspeed":"50","name":"Jalan Mat Jambol","name:en":"Jalan Mat Jambol","name:zh":"\u60f9\u5170\u9ed8\u5360\u6ce2","oneway":"no","sidewalk:both":"separate","surface":"asphalt","startNodeId":"596030616","endNodeId":"10701779961"},"geometry":{"type":"LineString","coordinates":[[103.790366,1.2803163],[103.7904639,1.2802539]]}},{"type":"Feature","id":"way/640209813-0-1-0","properties":{"alt_name:zh":"\u60f9\u5170\u9ed8\u73cd\u5b9d","highway":"residential","lanes":"2","lanes:backward":"1","lanes:forward":"1","lit":"yes","maxspeed":"50","name":"Jalan Mat Jambol","name:en":"Jalan Mat Jambol","name:zh":"\u60f9\u5170\u9ed8\u5360\u6ce2","oneway":"no","sidewalk:both":"separate","surface":"asphalt","startNodeId":"10701779961","endNodeId":"1363285112"},"geometry":{"type":"LineString","coordinates":[[103.7904639,1.2802539],[103.7908286,1.2800218]]}},{"type":"Feature","id":"way/640209813-0-2-0","properties":{"alt_name:zh":"\u60f9\u5170\u9ed8\u73cd\u5b9d","highway":"residential","lanes":"2","lanes:backward":"1","lanes:forward":"1","lit":"yes","maxspeed":"50","name":"Jalan Mat Jambol","name:en":"Jalan Mat Jambol","name:zh":"\u60f9\u5170\u9ed8\u5360\u6ce2","oneway":"no","sidewalk:both":"separate","surface":"asphalt","startNodeId":"1363285112","endNodeId":"596030617"},"geometry":{"type":"LineString","coordinates":[[103.7908286,1.2800218],[103.7909479,1.2799246]]}},{"type":"Feature","id":"way/640209813-0-3-0","properties":{"alt_name:zh":"\u60f9\u5170\u9ed8\u73cd\u5b9d","highway":"residential","lanes":"2","lanes:backward":"1","lanes:forward":"1","lit":"yes","maxspeed":"50","name":"Jalan Mat Jambol","name:en":"Jalan Mat Jambol","name:zh":"\u60f9\u5170\u9ed8\u5360\u6ce2","oneway":"no","sidewalk:both":"separate","surface":"asphalt","startNodeId":"596030617","endNodeId":"1363285103"},"geometry":{"type":"LineString","coordinates":[[103.7909479,1.2799246],[103.7911038,1.2797466]]}},{"type":"Feature","id":"way/640209814-0-0-0","properties":{"highway":"residential","lanes":"2","lanes:backward":"1","lanes:forward":"1","lit":"yes","maxspeed":"50","name":"Springwood Height","name:en":"Springwood Height","name:zh":"\u6625\u6797\u5cad","sidewalk:both":"separate","surface":"asphalt","turn:lanes:forward":"left;through;right","startNodeId":"2640951802","endNodeId":"7254748938"},"geometry":{"type":"LineString","coordinates":[[103.7912968,1.2799844],[103.7911704,1.279706]]}},{"type":"Feature","id":"way/640209814-0-1-0","properties":{"highway":"residential","lanes":"2","lanes:backward":"1","lanes:forward":"1","lit":"yes","maxspeed":"50","name":"Springwood Height","name:en":"Springwood Height","name:zh":"\u6625\u6797\u5cad","sidewalk:both":"separate","surface":"asphalt","turn:lanes:forward":"left;through;right","startNodeId":"7254748938","endNodeId":"596030619"},"geometry":{"type":"LineString","coordinates":[[103.7911704,1.279706],[103.7911625,1.2796887]]}},{"type":"Feature","id":"way/640209923-0-0-0","properties":{"highway":"residential","lanes":"2","lanes:backward":"1","lanes:forward":"1","lit":"yes","maxspeed":"50","name":"South Buona Vista Road","name:en":"South Buona Vista Road","name:zh":"\u5357\u6ce2\u90a3\u7ef4\u65af\u8fbe\u8def","sidewalk:both":"separate","surface":"asphalt","startNodeId":"596030602","endNodeId":"10984145552"},"geometry":{"type":"LineString","coordinates":[[103.7894178,1.2808736],[103.7894802,1.2808432]]}},{"type":"Feature","id":"way/640209923-0-1-0","properties":{"highway":"residential","lanes":"2","lanes:backward":"1","lanes:forward":"1","lit":"yes","maxspeed":"50","name":"South Buona Vista Road","name:en":"South Buona Vista Road","name:zh":"\u5357\u6ce2\u90a3\u7ef4\u65af\u8fbe\u8def","sidewalk:both":"separate","surface":"asphalt","startNodeId":"10984145552","endNodeId":"596030610"},"geometry":{"type":"LineString","coordinates":[[103.7894802,1.2808432],[103.789752,1.280711]]}},{"type":"Feature","id":"way/640209923-0-2-0","properties":{"highway":"residential","lanes":"2","lanes:backward":"1","lanes:forward":"1","lit":"yes","maxspeed":"50","name":"South Buona Vista Road","name:en":"South Buona Vista Road","name:zh":"\u5357\u6ce2\u90a3\u7ef4\u65af\u8fbe\u8def","sidewalk:both":"separate","surface":"asphalt","startNodeId":"596030610","endNodeId":"596030616"},"geometry":{"type":"LineString","coordinates":[[103.789752,1.280711],[103.790366,1.2803163]]}},{"type":"Feature","id":"way/644703365-0-0-0","properties":{"highway":"residential","lanes":"2","lanes:backward":"1","lanes:forward":"1","lit":"yes","maxspeed":"50","name":"Chwee Chian Road","name:en":"Chwee Chian Road","name:zh":"\u63a8\u8fc1\u8def","surface":"asphalt","startNodeId":"700700332","endNodeId":"1363294736"},"geometry":{"type":"LineString","coordinates":[[103.7892668,1.28012],[103.7892812,1.2801365]]}},{"type":"Feature","id":"way/644703365-0-1-0","properties":{"highway":"residential","lanes":"2","lanes:backward":"1","lanes:forward":"1","lit":"yes","maxspeed":"50","name":"Chwee Chian Road","name:en":"Chwee Chian Road","name:zh":"\u63a8\u8fc1\u8def","surface":"asphalt","startNodeId":"1363294736","endNodeId":"700700733"},"geometry":{"type":"LineString","coordinates":[[103.7892812,1.2801365],[103.7893967,1.280265]]}},{"type":"Feature","id":"way/644703365-0-2-0","properties":{"highway":"residential","lanes":"2","lanes:backward":"1","lanes:forward":"1","lit":"yes","maxspeed":"50","name":"Chwee Chian Road","name:en":"Chwee Chian Road","name:zh":"\u63a8\u8fc1\u8def","surface":"asphalt","startNodeId":"700700733","endNodeId":"1832476932"},"geometry":{"type":"LineString","coordinates":[[103.7893967,1.280265],[103.7894793,1.2803476]]}},{"type":"Feature","id":"way/644703365-0-3-0","properties":{"highway":"residential","lanes":"2","lanes:backward":"1","lanes:forward":"1","lit":"yes","maxspeed":"50","name":"Chwee Chian Road","name:en":"Chwee Chian Road","name:zh":"\u63a8\u8fc1\u8def","surface":"asphalt","startNodeId":"1832476932","endNodeId":"9753068492"},"geometry":{"type":"LineString","coordinates":[[103.7894793,1.2803476],[103.7894984,1.2803516]]}},{"type":"Feature","id":"way/644703365-0-4-0","properties":{"highway":"residential","lanes":"2","lanes:backward":"1","lanes:forward":"1","lit":"yes","maxspeed":"50","name":"Chwee Chian Road","name:en":"Chwee Chian Road","name:zh":"\u63a8\u8fc1\u8def","surface":"asphalt","startNodeId":"9753068492","endNodeId":"700700737"},"geometry":{"type":"LineString","coordinates":[[103.7894984,1.2803516],[103.7895192,1.280356]]}},{"type":"Feature","id":"way/644703365-0-5-0","properties":{"highway":"residential","lanes":"2","lanes:backward":"1","lanes:forward":"1","lit":"yes","maxspeed":"50","name":"Chwee Chian Road","name:en":"Chwee Chian Road","name:zh":"\u63a8\u8fc1\u8def","surface":"asphalt","startNodeId":"700700737","endNodeId":"13135628247"},"geometry":{"type":"LineString","coordinates":[[103.7895192,1.280356],[103.7895984,1.2803195]]}},{"type":"Feature","id":"way/644703541-0-0-0","properties":{"highway":"residential","lanes":"2","lanes:backward":"1","lanes:forward":"1","lit":"yes","maxspeed":"50","name":"Chwee Chian Road","name:en":"Chwee Chian Road","name:zh":"\u63a8\u8fc1\u8def","sidewalk":"left","surface":"asphalt","turn:lanes:forward":"through;right","startNodeId":"1119699693","endNodeId":"700700728"},"geometry":{"type":"LineString","coordinates":[[103.7888479,1.2796377],[103.7888749,1.2796738]]}},{"type":"Feature","id":"way/644703541-0-1-0","properties":{"highway":"residential","lanes":"2","lanes:backward":"1","lanes:forward":"1","lit":"yes","maxspeed":"50","name":"Chwee Chian Road","name:en":"Chwee Chian Road","name:zh":"\u63a8\u8fc1\u8def","sidewalk":"left","surface":"asphalt","turn:lanes:forward":"through;right","startNodeId":"700700728","endNodeId":"10655085599"},"geometry":{"type":"LineString","coordinates":[[103.7888749,1.2796738],[103.7890036,1.2798196]]}},{"type":"Feature","id":"way/644703541-0-2-0","properties":{"highway":"residential","lanes":"2","lanes:backward":"1","lanes:forward":"1","lit":"yes","maxspeed":"50","name":"Chwee Chian Road","name:en":"Chwee Chian Road","name:zh":"\u63a8\u8fc1\u8def","sidewalk":"left","surface":"asphalt","turn:lanes:forward":"through;right","startNodeId":"10655085599","endNodeId":"1119699696"},"geometry":{"type":"LineString","coordinates":[[103.7890036,1.2798196],[103.7890477,1.2798695]]}},{"type":"Feature","id":"way/644703960-0-0-0","properties":{"highway":"residential","lanes":"2","lanes:backward":"1","lanes:forward":"1","lit":"yes","maxspeed":"50","name":"Chwee Chian Road","name:en":"Chwee Chian Road","name:zh":"\u63a8\u8fc1\u8def","sidewalk:both":"separate","surface":"asphalt","startNodeId":"1119699701","endNodeId":"1119699691"},"geometry":{"type":"LineString","coordinates":[[103.7893946,1.2795896],[103.7895091,1.279498]]}},{"type":"Feature","id":"way/644704196-0-0-0","properties":{"highway":"residential","lanes":"2","lanes:backward":"1","lanes:forward":"1","lit":"yes","maxspeed":"50","name":"Chwee Chian View","name:en":"Chwee Chian View","name:zh":"\u63a8\u8fc1\u666f","sidewalk:both":"separate","surface":"asphalt","startNodeId":"1119699693","endNodeId":"7933630763"},"geometry":{"type":"LineString","coordinates":[[103.7888479,1.2796377],[103.7888,1.279643]]}},{"type":"Feature","id":"way/644704196-0-1-0","properties":{"highway":"residential","lanes":"2","lanes:backward":"1","lanes:forward":"1","lit":"yes","maxspeed":"50","name":"Chwee Chian View","name:en":"Chwee Chian View","name:zh":"\u63a8\u8fc1\u666f","sidewalk:both":"separate","surface":"asphalt","startNodeId":"7933630763","endNodeId":"10655085593"},"geometry":{"type":"LineString","coordinates":[[103.7888,1.279643],[103.7885386,1.2797088]]}},{"type":"Feature","id":"way/644704196-0-2-0","properties":{"highway":"residential","lanes":"2","lanes:backward":"1","lanes:forward":"1","lit":"yes","maxspeed":"50","name":"Chwee Chian View","name:en":"Chwee Chian View","name:zh":"\u63a8\u8fc1\u666f","sidewalk:both":"separate","surface":"asphalt","startNodeId":"10655085593","endNodeId":"1119699709"},"geometry":{"type":"LineString","coordinates":[[103.7885386,1.2797088],[103.7884831,1.2797228]]}},{"type":"Feature","id":"way/645146774-0-1-0","properties":{"highway":"residential","lanes":"2","lanes:backward":"1","lanes:forward":"1","lit":"yes","maxspeed":"50","name":"Lorong Sarhad","name:en":"Lorong Sarhad","name:zh":"\u7f57\u5f04\u6c99\u54c8","sidewalk:both":"separate","surface":"asphalt","startNodeId":"10173458994","endNodeId":"1363294737"},"geometry":{"type":"LineString","coordinates":[[103.7881513,1.2804162],[103.7882796,1.280374]]}},{"type":"Feature","id":"way/645146774-0-2-0","properties":{"highway":"residential","lanes":"2","lanes:backward":"1","lanes:forward":"1","lit":"yes","maxspeed":"50","name":"Lorong Sarhad","name:en":"Lorong Sarhad","name:zh":"\u7f57\u5f04\u6c99\u54c8","sidewalk:both":"separate","surface":"asphalt","startNodeId":"1363294737","endNodeId":"5229110730"},"geometry":{"type":"LineString","coordinates":[[103.7882796,1.280374],[103.7884222,1.2803423]]}},{"type":"Feature","id":"way/645146775-0-0-0","properties":{"highway":"service","service":"parking_aisle","startNodeId":"5229109220","endNodeId":"5229110723"},"geometry":{"type":"LineString","coordinates":[[103.7889162,1.2803235],[103.7889714,1.2802932]]}},{"type":"Feature","id":"way/645146775-0-1-0","properties":{"highway":"service","service":"parking_aisle","startNodeId":"5229110723","endNodeId":"10857375323"},"geometry":{"type":"LineString","coordinates":[[103.7889714,1.2802932],[103.7889826,1.2802881]]}},{"type":"Feature","id":"way/645146775-0-2-0","properties":{"highway":"service","service":"parking_aisle","startNodeId":"10857375323","endNodeId":"5229110722"},"geometry":{"type":"LineString","coordinates":[[103.7889826,1.2802881],[103.7891006,1.2802348]]}},{"type":"Feature","id":"way/645146775-0-3-0","properties":{"highway":"service","service":"parking_aisle","startNodeId":"5229110722","endNodeId":"5229110721"},"geometry":{"type":"LineString","coordinates":[[103.7891006,1.2802348],[103.7892227,1.2801994]]}},{"type":"Feature","id":"way/645146776-0-0-0","properties":{"highway":"residential","lanes":"2","lanes:backward":"1","lanes:forward":"1","lit":"yes","maxspeed":"50","name":"Lorong Sarhad","name:en":"Lorong Sarhad","name:zh":"\u7f57\u5f04\u6c99\u54c8","sidewalk:both":"separate","surface":"asphalt","startNodeId":"5229109219","endNodeId":"10857375322"},"geometry":{"type":"LineString","coordinates":[[103.7888941,1.2802159],[103.7889599,1.2801995]]}},{"type":"Feature","id":"way/645146776-0-1-0","properties":{"highway":"residential","lanes":"2","lanes:backward":"1","lanes:forward":"1","lit":"yes","maxspeed":"50","name":"Lorong Sarhad","name:en":"Lorong Sarhad","name:zh":"\u7f57\u5f04\u6c99\u54c8","sidewalk:both":"separate","surface":"asphalt","startNodeId":"10857375322","endNodeId":"7933630762"},"geometry":{"type":"LineString","coordinates":[[103.7889599,1.2801995],[103.7892288,1.2801325]]}},{"type":"Feature","id":"way/645146776-0-2-0","properties":{"highway":"residential","lanes":"2","lanes:backward":"1","lanes:forward":"1","lit":"yes","maxspeed":"50","name":"Lorong Sarhad","name:en":"Lorong Sarhad","name:zh":"\u7f57\u5f04\u6c99\u54c8","sidewalk:both":"separate","surface":"asphalt","startNodeId":"7933630762","endNodeId":"700700332"},"geometry":{"type":"LineString","coordinates":[[103.7892288,1.2801325],[103.7892668,1.28012]]}},{"type":"Feature","id":"way/645146777-0-0-0","properties":{"highway":"residential","lanes":"2","lanes:backward":"1","lanes:forward":"1","lit":"yes","maxspeed":"50","name":"Lorong Sarhad","name:en":"Lorong Sarhad","name:zh":"\u7f57\u5f04\u6c99\u54c8","sidewalk:both":"separate","surface":"asphalt","startNodeId":"5229110730","endNodeId":"5229109219"},"geometry":{"type":"LineString","coordinates":[[103.7884222,1.2803423],[103.7888941,1.2802159]]}},{"type":"Feature","id":"way/646393074-0-0-0","properties":{"access":"destination","highway":"service","service":"driveway","surface":"asphalt","startNodeId":"3325190260","endNodeId":"3325195562"},"geometry":{"type":"LineString","coordinates":[[103.7886599,1.2822462],[103.7884061,1.2823932]]}},{"type":"Feature","id":"way/646393074-0-1-0","properties":{"access":"destination","highway":"service","service":"driveway","surface":"asphalt","startNodeId":"3325195562","endNodeId":"3325195567"},"geometry":{"type":"LineString","coordinates":[[103.7884061,1.2823932],[103.7882495,1.2825494]]}},{"type":"Feature","id":"way/646393074-0-2-0","properties":{"access":"destination","highway":"service","service":"driveway","surface":"asphalt","startNodeId":"3325195567","endNodeId":"3325195484"},"geometry":{"type":"LineString","coordinates":[[103.7882495,1.2825494],[103.7880329,1.2827468]]}},{"type":"Feature","id":"way/646623387-0-0-0","properties":{"bicycle":"yes","highway":"service","surface":"asphalt","startNodeId":"1363285196","endNodeId":"1363285192"},"geometry":{"type":"LineString","coordinates":[[103.789568,1.2829832],[103.789641,1.2828735]]}},{"type":"Feature","id":"way/647098046-0-0-0","properties":{"highway":"residential","lanes":"2","lanes:backward":"1","lanes:forward":"1","lit":"yes","maxspeed":"50","name":"Chwee Chian Road","name:en":"Chwee Chian Road","name:zh":"\u63a8\u8fc1\u8def","sidewalk":"left","surface":"asphalt","startNodeId":"1119699696","endNodeId":"9753068493"},"geometry":{"type":"LineString","coordinates":[[103.7890477,1.2798695],[103.7890544,1.2798782]]}},{"type":"Feature","id":"way/647098046-0-1-0","properties":{"highway":"residential","lanes":"2","lanes:backward":"1","lanes:forward":"1","lit":"yes","maxspeed":"50","name":"Chwee Chian Road","name:en":"Chwee Chian Road","name:zh":"\u63a8\u8fc1\u8def","sidewalk":"left","surface":"asphalt","startNodeId":"9753068493","endNodeId":"9753068496"},"geometry":{"type":"LineString","coordinates":[[103.7890544,1.2798782],[103.789062,1.2798869]]}},{"type":"Feature","id":"way/647098046-0-2-0","properties":{"highway":"residential","lanes":"2","lanes:backward":"1","lanes:forward":"1","lit":"yes","maxspeed":"50","name":"Chwee Chian Road","name:en":"Chwee Chian Road","name:zh":"\u63a8\u8fc1\u8def","sidewalk":"left","surface":"asphalt","startNodeId":"9753068496","endNodeId":"10655085598"},"geometry":{"type":"LineString","coordinates":[[103.789062,1.2798869],[103.7890842,1.2799121]]}},{"type":"Feature","id":"way/647098046-0-3-0","properties":{"highway":"residential","lanes":"2","lanes:backward":"1","lanes:forward":"1","lit":"yes","maxspeed":"50","name":"Chwee Chian Road","name:en":"Chwee Chian Road","name:zh":"\u63a8\u8fc1\u8def","sidewalk":"left","surface":"asphalt","startNodeId":"10655085598","endNodeId":"7933891790"},"geometry":{"type":"LineString","coordinates":[[103.7890842,1.2799121],[103.7892211,1.2800677]]}},{"type":"Feature","id":"way/647098046-0-4-0","properties":{"highway":"residential","lanes":"2","lanes:backward":"1","lanes:forward":"1","lit":"yes","maxspeed":"50","name":"Chwee Chian Road","name:en":"Chwee Chian Road","name:zh":"\u63a8\u8fc1\u8def","sidewalk":"left","surface":"asphalt","startNodeId":"7933891790","endNodeId":"700700332"},"geometry":{"type":"LineString","coordinates":[[103.7892211,1.2800677],[103.7892668,1.28012]]}},{"type":"Feature","id":"way/674873959-0-0-0","properties":{"highway":"residential","lanes":"2","lanes:backward":"1","lanes:forward":"1","maxspeed":"50","name":"Springwood Avenue","name:zh":"\u6625\u6797\u9053","sidewalk:both":"separate","surface":"asphalt","turn:lanes:backward":"left;through;right","startNodeId":"1363285103","endNodeId":"7254768513"},"geometry":{"type":"LineString","coordinates":[[103.7911038,1.2797466],[103.7910968,1.2797344]]}},{"type":"Feature","id":"way/674873959-0-1-0","properties":{"highway":"residential","lanes":"2","lanes:backward":"1","lanes:forward":"1","maxspeed":"50","name":"Springwood Avenue","name:zh":"\u6625\u6797\u9053","sidewalk:both":"separate","surface":"asphalt","turn:lanes:backward":"left;through;right","startNodeId":"7254768513","endNodeId":"1363285090"},"geometry":{"type":"LineString","coordinates":[[103.7910968,1.2797344],[103.7910281,1.279614]]}},{"type":"Feature","id":"way/676759461-0-0-0","properties":{"highway":"residential","lanes":"2","lanes:backward":"1","lanes:forward":"1","lit":"yes","maxspeed":"50","name":"South Buona Vista Road","name:en":"South Buona Vista Road","name:zh":"\u5357\u6ce2\u90a3\u7ef4\u65af\u8fbe\u8def","sidewalk:both":"separate","surface":"asphalt","startNodeId":"3325193017","endNodeId":"596030602"},"geometry":{"type":"LineString","coordinates":[[103.7879786,1.2815738],[103.7894178,1.2808736]]}},{"type":"Feature","id":"way/681024700-0-0-0","properties":{"highway":"residential","lanes":"2","lanes:backward":"1","lanes:forward":"1","lit":"yes","maxspeed":"50","name":"Jambol Place","name:en":"Jambol Place","name:zh":"\u5360\u6ce2\u574a","sidewalk:both":"separate","surface":"asphalt","turn:lanes:forward":"left;right","startNodeId":"6377168375","endNodeId":"7254768521"},"geometry":{"type":"LineString","coordinates":[[103.7902645,1.2801165],[103.7903511,1.280287]]}},{"type":"Feature","id":"way/681024700-0-1-0","properties":{"highway":"residential","lanes":"2","lanes:backward":"1","lanes:forward":"1","lit":"yes","maxspeed":"50","name":"Jambol Place","name:en":"Jambol Place","name:zh":"\u5360\u6ce2\u574a","sidewalk:both":"separate","surface":"asphalt","turn:lanes:forward":"left;right","startNodeId":"7254768521","endNodeId":"596030616"},"geometry":{"type":"LineString","coordinates":[[103.7903511,1.280287],[103.790366,1.2803163]]}},{"type":"Feature","id":"way/691839782-0-1-0","properties":{"highway":"service","maxspeed":"50","service":"driveway","startNodeId":"10130406966","endNodeId":"7933929558"},"geometry":{"type":"LineString","coordinates":[[103.7880716,1.2808478],[103.7881862,1.2807659]]}},{"type":"Feature","id":"way/691839782-0-2-0","properties":{"highway":"service","maxspeed":"50","service":"driveway","startNodeId":"7933929558","endNodeId":"6493307771"},"geometry":{"type":"LineString","coordinates":[[103.7881862,1.2807659],[103.7882316,1.2807311]]}},{"type":"Feature","id":"way/1059424438-0-0-0","properties":{"highway":"residential","maxspeed":"15","name":"Vigilante Drive","name:en":"Vigilante Drive","name:zh":"\u7ef4\u5b89\u901a\u9053","surface":"asphalt","startNodeId":"686670943","endNodeId":"5135885344"},"geometry":{"type":"LineString","coordinates":[[103.7910138,1.2836],[103.7910463,1.2836107]]}},{"type":"Feature","id":"way/1167472410-0-0-0","properties":{"highway":"service","oneway":"yes","service":"driveway","startNodeId":"10857375323","endNodeId":"10857375324"},"geometry":{"type":"LineString","coordinates":[[103.7889826,1.2802881],[103.7889661,1.2802234]]}},{"type":"Feature","id":"way/1167472410-0-1-0","properties":{"highway":"service","oneway":"yes","service":"driveway","startNodeId":"10857375324","endNodeId":"10857375322"},"geometry":{"type":"LineString","coordinates":[[103.7889661,1.2802234],[103.7889599,1.2801995]]}},{"type":"Feature","id":"way/1168466912-0-0-0","properties":{"bicycle":"yes","foot":"yes","highway":"living_street","lit":"yes","surface":"asphalt","startNodeId":"560769097","endNodeId":"1363285209"},"geometry":{"type":"LineString","coordinates":[[103.7911258,1.2835596],[103.7914319,1.2833563]]}},{"type":"Feature","id":"way/1168466912-0-1-0","properties":{"bicycle":"yes","foot":"yes","highway":"living_street","lit":"yes","surface":"asphalt","startNodeId":"1363285209","endNodeId":"1363285206"},"geometry":{"type":"LineString","coordinates":[[103.7914319,1.2833563],[103.7914876,1.2832327]]}},{"type":"Feature","id":"way/1168466912-0-2-0","properties":{"bicycle":"yes","foot":"yes","highway":"living_street","lit":"yes","surface":"asphalt","startNodeId":"1363285206","endNodeId":"596067313"},"geometry":{"type":"LineString","coordinates":[[103.7914876,1.2832327],[103.7915825,1.2830879]]}},{"type":"Feature","id":"way/1183936100-0-0-0","properties":{"fixme":"check","highway":"service","service":"driveway","startNodeId":"10994757369","endNodeId":"11056089078"},"geometry":{"type":"LineString","coordinates":[[103.7896043,1.2810762],[103.7896854,1.281041]]}},{"type":"Feature","id":"way/1183936100-0-1-0","properties":{"fixme":"check","highway":"service","service":"driveway","startNodeId":"11056089078","endNodeId":"10994757370"},"geometry":{"type":"LineString","coordinates":[[103.7896854,1.281041],[103.7897302,1.2810216]]}},{"type":"Feature","id":"way/1428924028-0-0-0","properties":{"highway":"residential","lanes":"2","lanes:backward":"1","lanes:forward":"1","lit":"yes","maxspeed":"50","name":"Chwee Chian Road","name:en":"Chwee Chian Road","name:zh":"\u63a8\u8fc1\u8def","sidewalk:both":"separate","surface":"asphalt","startNodeId":"13135628247","endNodeId":"700700739"},"geometry":{"type":"LineString","coordinates":[[103.7895984,1.2803195],[103.789878,1.2801905]]}}]}