{"type":"FeatureCollection","features":[{"type":"Feature","id":"relation/2302803-0","properties":{"building":"yes","layer":"1","type":"multipolygon","clearanceGeometry":{"type":"MultiPolygon","coordinates":[[[[103.7795112,1.3031867],[103.7794657,1.3032971],[103.7796163,1.3033632],[103.7797812,1.3033836],[103.7801957,1.3033844],[103.7801987,1.3035458],[103.7799607,1.3035466],[103.7799619,1.3039203],[103.7804043,1.3039298],[103.78041261420063,1.3043635078305194],[103.78050964791761,1.3043711413453207],[103.78069469472216,1.304367105686979],[103.7806971,1.3042313],[103.7808083,1.3042324],[103.78080685998879,1.304364659491299],[103.78113020731543,1.3043576076573633],[103.78118313176789,1.304353801446741],[103.78119438897245,1.304350413084175],[103.7811975,1.3040102],[103.7808147,1.3040051],[103.7808157,1.3030873],[103.78067,1.3031351],[103.7806722,1.3031011],[103.7805101,1.3030969],[103.7804907,1.3030165],[103.7804609,1.3029549],[103.7804201,1.302965],[103.7804429,1.3029033],[103.7807902,1.3027343],[103.78084946311301,1.3025506586608036],[103.78075307792545,1.302347763550867],[103.7805818,1.3022835],[103.7805076,1.3023183],[103.7803627,1.3019667],[103.7802737,1.3019313],[103.7802434,1.3018706],[103.7802819,1.3017562],[103.7798065,1.3015839],[103.7797688,1.3016749],[103.7792726,1.3014962],[103.7792502,1.3015779],[103.7792439,1.3016711],[103.7792534,1.3018019],[103.7793066,1.3019932],[103.77940351951229,1.3021452023203457],[103.77940656901535,1.3021462955384266],[103.77943517613728,1.3021740142403972],[103.77944988060611,1.3022110411559222],[103.77944959393965,1.3022174624845049],[103.7794544,1.302225],[103.7796581,1.302378],[103.7799724,1.302494],[103.779982,1.3024611],[103.7800245,1.302477],[103.7799532,1.3026801],[103.7802085,1.3027715],[103.780308,1.3024953],[103.7803319,1.3025412],[103.7801751,1.3029583],[103.7800255,1.3029172],[103.7799041,1.3029033],[103.7798086,1.3029119],[103.77981,1.302941],[103.7796535,1.3029837],[103.7796846,1.3030824],[103.7797857,1.3030662],[103.7798096,1.3032606],[103.7796414,1.3032418],[103.7795112,1.3031867]],[[103.7797729,1.3022993],[103.779661,1.3022405],[103.7795634,1.3021669],[103.7794998,1.302083],[103.7794491,1.3020095],[103.7794034,1.3019202],[103.7793742,1.3017957],[103.7793676,1.3016778],[103.7797239,1.3018079],[103.7796801,1.3019289],[103.7798173,1.3019793],[103.7798054,1.3020124],[103.7799426,1.3020561],[103.7799298,1.3020911],[103.7800634,1.3021396],[103.7800447,1.3021889],[103.780071,1.3021982],[103.7800082,1.3023798],[103.7797729,1.3022993]],[[103.7801742,1.302062],[103.7802371,1.3020851],[103.7803582,1.3023448],[103.7803343,1.3024015],[103.7800832,1.3023073],[103.7801742,1.302062]],[[103.780498,1.3025439],[103.780504,1.3025414],[103.7805477,1.3025589],[103.7805647,1.3025164],[103.7805353,1.302445],[103.7806567,1.3024905],[103.7806896,1.3025613],[103.7806597,1.3026542],[103.7805714,1.3026917],[103.7805486,1.3026837],[103.7805694,1.3026214],[103.7804877,1.3025942],[103.780498,1.3025439]],[[103.7803869,1.3029756],[103.7804439,1.3031654],[103.7803978,1.3031628],[103.7803933,1.3032133],[103.7803789,1.3032113],[103.7803463,1.3031855],[103.7803967,1.3031293],[103.7803444,1.3030709],[103.7803558,1.3030597],[103.7802896,1.3030098],[103.7802186,1.3029744],[103.7802858,1.3027952],[103.7804393,1.3028463],[103.7803869,1.3029756]],[[103.779846,1.3032518],[103.7798365,1.3030679],[103.7799403,1.3030738],[103.7800967,1.3031292],[103.7802114,1.3031885],[103.7801557,1.3032519],[103.7800894,1.3032527],[103.7800511,1.3032093],[103.7799737,1.3032074],[103.7799413,1.3032531],[103.779846,1.3032518]],[[103.7802297,1.3033716],[103.780284,1.3033716],[103.780284,1.3032717],[103.7802413,1.3032717],[103.7802421,1.3032561],[103.7802987,1.303186],[103.7803944,1.3032764],[103.7804227,1.3032763],[103.7804238,1.3032986],[103.7805089,1.3032978],[103.780511,1.3035068],[103.7803935,1.303502],[103.780393,1.3035463],[103.7802256,1.3035445],[103.7802297,1.3033716]]],[[[103.7808057,1.3044712],[103.7811933,1.3044695],[103.78119362367514,1.3044341038124927],[103.78113399268456,1.3044383923426366],[103.78080597931559,1.304445545937598],[103.7808057,1.3044712]]]]},"clearanceHeight":1.7,"clearancePrepared":true},"geometry":{"type":"Polygon","coordinates":[[[103.7796414,1.3032418],[103.7795112,1.3031867],[103.7794657,1.3032971],[103.7796163,1.3033632],[103.7797812,1.3033836],[103.7801957,1.3033844],[103.7801987,1.3035458],[103.7799607,1.3035466],[103.7799619,1.3039203],[103.7804043,1.3039298],[103.7804128,1.3043732],[103.7806945,1.3043781],[103.7806971,1.3042313],[103.7808083,1.3042324],[103.7808057,1.3044712],[103.7811933,1.3044695],[103.7811975,1.3040102],[103.7808147,1.3040051],[103.7808157,1.3030873],[103.78067,1.3031351],[103.7806722,1.3031011],[103.7805101,1.3030969],[103.7804907,1.3030165],[103.7804609,1.3029549],[103.7804201,1.302965],[103.7804429,1.3029033],[103.7807902,1.3027343],[103.780854,1.3025366],[103.7807689,1.3023537],[103.7805818,1.3022835],[103.7805076,1.3023183],[103.7803627,1.3019667],[103.7802737,1.3019313],[103.7802434,1.3018706],[103.7802819,1.3017562],[103.7798065,1.3015839],[103.7797688,1.3016749],[103.7792726,1.3014962],[103.7792502,1.3015779],[103.7792439,1.3016711],[103.7792534,1.3018019],[103.7793066,1.3019932],[103.7794544,1.302225],[103.7796581,1.302378],[103.7799724,1.302494],[103.779982,1.3024611],[103.7800245,1.302477],[103.7799532,1.3026801],[103.7802085,1.3027715],[103.780308,1.3024953],[103.7803319,1.3025412],[103.7801751,1.3029583],[103.7800255,1.3029172],[103.7799041,1.3029033],[103.7798086,1.3029119],[103.77981,1.302941],[103.7796535,1.3029837],[103.7796846,1.3030824],[103.7797857,1.3030662],[103.7798096,1.3032606],[103.7796414,1.3032418]],[[103.7800082,1.3023798],[103.7797729,1.3022993],[103.779661,1.3022405],[103.7795634,1.3021669],[103.7794998,1.302083],[103.7794491,1.3020095],[103.7794034,1.3019202],[103.7793742,1.3017957],[103.7793676,1.3016778],[103.7797239,1.3018079],[103.7796801,1.3019289],[103.7798173,1.3019793],[103.7798054,1.3020124],[103.7799426,1.3020561],[103.7799298,1.3020911],[103.7800634,1.3021396],[103.7800447,1.3021889],[103.780071,1.3021982],[103.7800082,1.3023798]],[[103.7800832,1.3023073],[103.7801742,1.302062],[103.7802371,1.3020851],[103.7803582,1.3023448],[103.7803343,1.3024015],[103.7800832,1.3023073]],[[103.7804877,1.3025942],[103.780498,1.3025439],[103.780504,1.3025414],[103.7805477,1.3025589],[103.7805647,1.3025164],[103.7805353,1.302445],[103.7806567,1.3024905],[103.7806896,1.3025613],[103.7806597,1.3026542],[103.7805714,1.3026917],[103.7805486,1.3026837],[103.7805694,1.3026214],[103.7804877,1.3025942]],[[103.7804393,1.3028463],[103.7803869,1.3029756],[103.7804439,1.3031654],[103.7803978,1.3031628],[103.7803933,1.3032133],[103.7803789,1.3032113],[103.7803463,1.3031855],[103.7803967,1.3031293],[103.7803444,1.3030709],[103.7803558,1.3030597],[103.7802896,1.3030098],[103.7802186,1.3029744],[103.7802858,1.3027952],[103.7804393,1.3028463]],[[103.7799413,1.3032531],[103.779846,1.3032518],[103.7798365,1.3030679],[103.7799403,1.3030738],[103.7800967,1.3031292],[103.7802114,1.3031885],[103.7801557,1.3032519],[103.7800894,1.3032527],[103.7800511,1.3032093],[103.7799737,1.3032074],[103.7799413,1.3032531]],[[103.7802256,1.3035445],[103.7802297,1.3033716],[103.780284,1.3033716],[103.780284,1.3032717],[103.7802413,1.3032717],[103.7802421,1.3032561],[103.7802987,1.303186],[103.7803944,1.3032764],[103.7804227,1.3032763],[103.7804238,1.3032986],[103.7805089,1.3032978],[103.780511,1.3035068],[103.7803935,1.303502],[103.780393,1.3035463],[103.7802256,1.3035445]]]}},{"type":"Feature","id":"relation/2302805-0","properties":{"building":"yes","type":"multipolygon","clearanceGeometry":{"type":"Polygon","coordinates":[[[103.78124965432202,1.3026198004194238],[103.78124967049789,1.302619762804679],[103.7812503643893,1.3026200610562475],[103.78135050605856,1.3026568189914376],[103.78135831248544,1.3026571806791698],[103.78139483320405,1.302669435139567],[103.78147476384868,1.3027013062193862],[103.7815204431356,1.302719195983058],[103.7821397,1.3029465],[103.7821405,1.3029442],[103.7822007,1.3027976],[103.7823455,1.3027415],[103.7822921,1.3026309],[103.7821171,1.3027005],[103.782041,1.3025421],[103.7818728,1.302609],[103.7818003,1.3024609],[103.7816476,1.3025217],[103.7815773,1.302374],[103.781275,1.3024943],[103.7812314,1.3026131],[103.78124965432202,1.3026198004194238]],[[103.7814809,1.3026279],[103.7814542,1.302618],[103.7814859,1.3025408],[103.7815725,1.3025072],[103.7815904,1.3025445],[103.781498,1.3025812],[103.7814809,1.3026279]],[[103.7817387,1.3026624],[103.7817192,1.3027153],[103.781679,1.3027006],[103.7817089,1.3026277],[103.7817973,1.3025935],[103.7818157,1.3026318],[103.7817387,1.3026624]],[[103.7819495,1.3027089],[103.7820368,1.3026751],[103.78206,1.3027232],[103.7819898,1.3027511],[103.7819693,1.3028071],[103.7819171,1.3027879],[103.7819495,1.3027089]]]},"clearanceHeight":1.7,"clearancePrepared":true},"geometry":{"type":"Polygon","coordinates":[[[103.7812314,1.3026131],[103.7821397,1.3029465],[103.7821405,1.3029442],[103.7822007,1.3027976],[103.7823455,1.3027415],[103.7822921,1.3026309],[103.7821171,1.3027005],[103.782041,1.3025421],[103.7818728,1.302609],[103.7818003,1.3024609],[103.7816476,1.3025217],[103.7815773,1.302374],[103.781275,1.3024943],[103.7812314,1.3026131]],[[103.781498,1.3025812],[103.7814809,1.3026279],[103.7814542,1.302618],[103.7814859,1.3025408],[103.7815725,1.3025072],[103.7815904,1.3025445],[103.781498,1.3025812]],[[103.7818157,1.3026318],[103.7817387,1.3026624],[103.7817192,1.3027153],[103.781679,1.3027006],[103.7817089,1.3026277],[103.7817973,1.3025935],[103.7818157,1.3026318]],[[103.7819171,1.3027879],[103.7819495,1.3027089],[103.7820368,1.3026751],[103.78206,1.3027232],[103.7819898,1.3027511],[103.7819693,1.3028071],[103.7819171,1.3027879]]]}},{"type":"Feature","id":"relation/2317132-0","properties":{"addr:city":"Singapore","addr:country":"SG","addr:housename":"Heritage View","addr:housenumber":"8","addr:postcode":"138679","addr:street":"Dover Rise","building":"residential","building:levels":"20","residential":"condominium","type":"multipolygon","clearanceGeometry":{"type":"Polygon","coordinates":[[[103.7835732,1.3043857],[103.7835357,1.3043753],[103.7834894,1.3043726],[103.7834512,1.3043773],[103.7834213,1.3043857],[103.7833942,1.3043991],[103.7833771,1.3043988],[103.7833778,1.3043894],[103.7832926,1.3043877],[103.7832906,1.3044149],[103.7832675,1.3044212],[103.7832504,1.304435],[103.7832423,1.3044568],[103.7832423,1.3044772],[103.7832473,1.3044896],[103.7832225,1.3045047],[103.7832678,1.3045835],[103.7832782,1.3045784],[103.7832872,1.3045935],[103.7832876,1.3046166],[103.783296,1.3046488],[103.7833154,1.3046944],[103.7833322,1.3047199],[103.7833607,1.3047524],[103.7833915,1.3047732],[103.7834012,1.3047842],[103.7833928,1.3047899],[103.7834393,1.3048648],[103.7834579,1.304852],[103.783468,1.3048617],[103.7834814,1.3048711],[103.7834995,1.3048747],[103.7835196,1.3048721],[103.783537,1.3048633],[103.7835471,1.3048506],[103.7835705,1.304863],[103.7836141,1.3047889],[103.7836064,1.3047839],[103.7836148,1.3047658],[103.7836423,1.3047467],[103.7836681,1.3047175],[103.7836899,1.30468],[103.7837067,1.3046408],[103.783713,1.3045925],[103.7837234,1.3045754],[103.7837311,1.3045791],[103.7837734,1.304502],[103.7837509,1.3044903],[103.7837543,1.3044732],[103.7837529,1.3044537],[103.7837422,1.304434],[103.7837261,1.3044209],[103.7837073,1.3044152],[103.7837067,1.304387],[103.7836178,1.3043891],[103.7836185,1.3043968],[103.7836021,1.3044005],[103.7835732,1.3043857]],[[103.7833429,1.3045245],[103.7833365,1.3045298],[103.7833198,1.3044987],[103.7833308,1.3044782],[103.7833664,1.3044755],[103.783365,1.3044846],[103.7833791,1.3044923],[103.7833573,1.3045318],[103.7833429,1.3045245]],[[103.7836347,1.3044842],[103.7836333,1.304476],[103.7836687,1.3044775],[103.7836807,1.3044974],[103.7836649,1.3045294],[103.7836578,1.3045236],[103.783644,1.3045318],[103.783621,1.3044929],[103.7836347,1.3044842]],[[103.7833506,1.3045855],[103.783363,1.3045761],[103.7833459,1.3045486],[103.783357,1.3045426],[103.7833788,1.3045546],[103.7833828,1.3045459],[103.7834133,1.304561],[103.7834348,1.3045251],[103.7834063,1.304508],[103.7834099,1.3044983],[103.7833885,1.3044863],[103.7833902,1.3044759],[103.7834173,1.3044755],[103.783418,1.3044615],[103.7835739,1.3044594],[103.7835746,1.3044729],[103.7836098,1.3044742],[103.7836104,1.3044859],[103.783588,1.3044987],[103.783592,1.304506],[103.7835642,1.3045248],[103.7835823,1.3045597],[103.7836128,1.3045436],[103.7836202,1.3045536],[103.783641,1.3045426],[103.7836517,1.3045473],[103.7836359,1.3045744],[103.7836493,1.3045818],[103.7835722,1.3047179],[103.7835595,1.3047105],[103.7835444,1.3047373],[103.7835333,1.3047326],[103.783533,1.3047078],[103.7835199,1.3047071],[103.7835196,1.3046716],[103.783481,1.3046706],[103.7834814,1.3047075],[103.78347,1.3047092],[103.7834686,1.3047346],[103.7834589,1.3047383],[103.7834421,1.3047105],[103.7834321,1.3047175],[103.7833506,1.3045855]],[[103.7835263,1.3047557],[103.7835341,1.3047587],[103.7835148,1.3047883],[103.7834915,1.3047884],[103.7834721,1.3047585],[103.7834807,1.3047554],[103.7834807,1.3047393],[103.7835259,1.3047395],[103.7835263,1.3047557]]]},"clearanceHeight":1.7,"clearancePrepared":true},"geometry":{"type":"Polygon","coordinates":[[[103.7836021,1.3044005],[103.7835732,1.3043857],[103.7835357,1.3043753],[103.7834894,1.3043726],[103.7834512,1.3043773],[103.7834213,1.3043857],[103.7833942,1.3043991],[103.7833771,1.3043988],[103.7833778,1.3043894],[103.7832926,1.3043877],[103.7832906,1.3044149],[103.7832675,1.3044212],[103.7832504,1.304435],[103.7832423,1.3044568],[103.7832423,1.3044772],[103.7832473,1.3044896],[103.7832225,1.3045047],[103.7832678,1.3045835],[103.7832782,1.3045784],[103.7832872,1.3045935],[103.7832876,1.3046166],[103.783296,1.3046488],[103.7833154,1.3046944],[103.7833322,1.3047199],[103.7833607,1.3047524],[103.7833915,1.3047732],[103.7834012,1.3047842],[103.7833928,1.3047899],[103.7834393,1.3048648],[103.7834579,1.304852],[103.783468,1.3048617],[103.7834814,1.3048711],[103.7834995,1.3048747],[103.7835196,1.3048721],[103.783537,1.3048633],[103.7835471,1.3048506],[103.7835705,1.304863],[103.7836141,1.3047889],[103.7836064,1.3047839],[103.7836148,1.3047658],[103.7836423,1.3047467],[103.7836681,1.3047175],[103.7836899,1.30468],[103.7837067,1.3046408],[103.783713,1.3045925],[103.7837234,1.3045754],[103.7837311,1.3045791],[103.7837734,1.304502],[103.7837509,1.3044903],[103.7837543,1.3044732],[103.7837529,1.3044537],[103.7837422,1.304434],[103.7837261,1.3044209],[103.7837073,1.3044152],[103.7837067,1.304387],[103.7836178,1.3043891],[103.7836185,1.3043968],[103.7836021,1.3044005]],[[103.7833573,1.3045318],[103.7833429,1.3045245],[103.7833365,1.3045298],[103.7833198,1.3044987],[103.7833308,1.3044782],[103.7833664,1.3044755],[103.783365,1.3044846],[103.7833791,1.3044923],[103.7833573,1.3045318]],[[103.783621,1.3044929],[103.7836347,1.3044842],[103.7836333,1.304476],[103.7836687,1.3044775],[103.7836807,1.3044974],[103.7836649,1.3045294],[103.7836578,1.3045236],[103.783644,1.3045318],[103.783621,1.3044929]],[[103.7834321,1.3047175],[103.7833506,1.3045855],[103.783363,1.3045761],[103.7833459,1.3045486],[103.783357,1.3045426],[103.7833788,1.3045546],[103.7833828,1.3045459],[103.7834133,1.304561],[103.7834348,1.3045251],[103.7834063,1.304508],[103.7834099,1.3044983],[103.7833885,1.3044863],[103.7833902,1.3044759],[103.7834173,1.3044755],[103.783418,1.3044615],[103.7835739,1.3044594],[103.7835746,1.3044729],[103.7836098,1.3044742],[103.7836104,1.3044859],[103.783588,1.3044987],[103.783592,1.304506],[103.7835642,1.3045248],[103.7835823,1.3045597],[103.7836128,1.3045436],[103.7836202,1.3045536],[103.783641,1.3045426],[103.7836517,1.3045473],[103.7836359,1.3045744],[103.7836493,1.3045818],[103.7835722,1.3047179],[103.7835595,1.3047105],[103.7835444,1.3047373],[103.7835333,1.3047326],[103.783533,1.3047078],[103.7835199,1.3047071],[103.7835196,1.3046716],[103.783481,1.3046706],[103.7834814,1.3047075],[103.78347,1.3047092],[103.7834686,1.3047346],[103.7834589,1.3047383],[103.7834421,1.3047105],[103.7834321,1.3047175]],[[103.7835259,1.3047395],[103.7835263,1.3047557],[103.7835341,1.3047587],[103.7835148,1.3047883],[103.7834915,1.3047884],[103.7834721,1.3047585],[103.7834807,1.3047554],[103.7834807,1.3047393],[103.7835259,1.3047395]]]}},{"type":"Feature","id":"relation/3058604-0","properties":{"addr:city":"Singapore","addr:country":"SG","addr:housename":"Dover Parkview","addr:housenumber":"32","addr:postcode":"138686","addr:street":"Dover Rise","building":"residential","building:colour":"#CEBC8A","building:levels":"16","residential":"condominium","type":"multipolygon","clearanceGeometry":{"type":"Polygon","coordinates":[[[103.7831805,1.3060399],[103.7831226,1.3061013],[103.783128,1.3061879],[103.783183,1.3062398],[103.783221,1.3061994],[103.7832378,1.3062152],[103.7831791,1.3062775],[103.7831994,1.3062966],[103.7831989,1.3063109],[103.7832132,1.3063096],[103.783242,1.3063367],[103.7833584,1.3062131],[103.7833977,1.3062103],[103.7835218,1.3063271],[103.7835452,1.3063022],[103.7835603,1.3063032],[103.7835602,1.3062863],[103.78358,1.3062653],[103.7835154,1.3062045],[103.7835309,1.306188],[103.7835779,1.3062322],[103.7836359,1.3061707],[103.7836326,1.3060883],[103.7835698,1.3060292],[103.7835238,1.306078],[103.783505,1.3060603],[103.7835769,1.305984],[103.783554,1.3059624],[103.7835539,1.3059446],[103.783537,1.3059464],[103.7835139,1.3059247],[103.7833927,1.3060533],[103.7833552,1.306055],[103.7832293,1.3059364],[103.7831721,1.3059972],[103.7832473,1.306068],[103.7832299,1.3060865],[103.7831805,1.3060399]],[[103.7833743,1.3060729],[103.7834261,1.3061216],[103.7834248,1.3061426],[103.7833783,1.306192],[103.7833293,1.3061458],[103.7833266,1.3061235],[103.7833743,1.3060729]]]},"clearanceHeight":1.7,"clearancePrepared":true},"geometry":{"type":"Polygon","coordinates":[[[103.7832299,1.3060865],[103.7831805,1.3060399],[103.7831226,1.3061013],[103.783128,1.3061879],[103.783183,1.3062398],[103.783221,1.3061994],[103.7832378,1.3062152],[103.7831791,1.3062775],[103.7831994,1.3062966],[103.7831989,1.3063109],[103.7832132,1.3063096],[103.783242,1.3063367],[103.7833584,1.3062131],[103.7833977,1.3062103],[103.7835218,1.3063271],[103.7835452,1.3063022],[103.7835603,1.3063032],[103.7835602,1.3062863],[103.78358,1.3062653],[103.7835154,1.3062045],[103.7835309,1.306188],[103.7835779,1.3062322],[103.7836359,1.3061707],[103.7836326,1.3060883],[103.7835698,1.3060292],[103.7835238,1.306078],[103.783505,1.3060603],[103.7835769,1.305984],[103.783554,1.3059624],[103.7835539,1.3059446],[103.783537,1.3059464],[103.7835139,1.3059247],[103.7833927,1.3060533],[103.7833552,1.306055],[103.7832293,1.3059364],[103.7831721,1.3059972],[103.7832473,1.306068],[103.7832299,1.3060865]],[[103.7833266,1.3061235],[103.7833743,1.3060729],[103.7834261,1.3061216],[103.7834248,1.3061426],[103.7833783,1.306192],[103.7833293,1.3061458],[103.7833266,1.3061235]]]}},{"type":"Feature","id":"relation/10484290-0","properties":{"addr:city":"Singapore","addr:country":"SG","addr:housename":"Dover Parkview","addr:housenumber":"36","addr:postcode":"138685","addr:street":"Dover Rise","building":"residential","building:colour":"#CEBC8A","building:levels":"16","residential":"condominium","type":"multipolygon","clearanceGeometry":{"type":"Polygon","coordinates":[[[103.7829974,1.3052797],[103.7829396,1.3053412],[103.7829449,1.3054277],[103.783,1.3054796],[103.783038,1.3054392],[103.7830547,1.305455],[103.7829961,1.3055173],[103.7830163,1.3055364],[103.7830159,1.3055507],[103.7830302,1.3055494],[103.783059,1.3055765],[103.7831754,1.3054529],[103.7832147,1.3054501],[103.7833388,1.3055669],[103.7833622,1.305542],[103.7833773,1.305543],[103.7833772,1.3055261],[103.783397,1.3055051],[103.7833323,1.3054443],[103.7833479,1.3054278],[103.7833949,1.305472],[103.7834528,1.3054105],[103.7834496,1.3053281],[103.7833868,1.305269],[103.7833408,1.3053179],[103.783322,1.3053001],[103.7833939,1.3052238],[103.783371,1.3052022],[103.7833709,1.3051844],[103.783354,1.3051862],[103.7833309,1.3051645],[103.7832097,1.3052931],[103.7831722,1.3052948],[103.7830463,1.3051762],[103.7829891,1.305237],[103.7830643,1.3053078],[103.7830469,1.3053263],[103.7829974,1.3052797]],[[103.7831913,1.3053127],[103.783243,1.3053615],[103.7832417,1.3053825],[103.7831953,1.3054318],[103.7831462,1.3053856],[103.7831435,1.3053634],[103.7831913,1.3053127]]]},"clearanceHeight":1.7,"clearancePrepared":true},"geometry":{"type":"Polygon","coordinates":[[[103.7830469,1.3053263],[103.7829974,1.3052797],[103.7829396,1.3053412],[103.7829449,1.3054277],[103.783,1.3054796],[103.783038,1.3054392],[103.7830547,1.305455],[103.7829961,1.3055173],[103.7830163,1.3055364],[103.7830159,1.3055507],[103.7830302,1.3055494],[103.783059,1.3055765],[103.7831754,1.3054529],[103.7832147,1.3054501],[103.7833388,1.3055669],[103.7833622,1.305542],[103.7833773,1.305543],[103.7833772,1.3055261],[103.783397,1.3055051],[103.7833323,1.3054443],[103.7833479,1.3054278],[103.7833949,1.305472],[103.7834528,1.3054105],[103.7834496,1.3053281],[103.7833868,1.305269],[103.7833408,1.3053179],[103.783322,1.3053001],[103.7833939,1.3052238],[103.783371,1.3052022],[103.7833709,1.3051844],[103.783354,1.3051862],[103.7833309,1.3051645],[103.7832097,1.3052931],[103.7831722,1.3052948],[103.7830463,1.3051762],[103.7829891,1.305237],[103.7830643,1.3053078],[103.7830469,1.3053263]],[[103.7831435,1.3053634],[103.7831913,1.3053127],[103.783243,1.3053615],[103.7832417,1.3053825],[103.7831953,1.3054318],[103.7831462,1.3053856],[103.7831435,1.3053634]]]}},{"type":"Feature","id":"way/157966057-0","properties":{"addr:city":"Singapore","addr:country":"SG","addr:housenumber":"28","addr:neighbourhood":"Dover Gardens","addr:postcode":"130028","addr:street":"Dover Crescent","amenity":"parking","building":"garage","building:levels":"9","parking":"multi-storey","clearanceGeometry":{"type":"Polygon","coordinates":[[[103.7814484,1.3049321],[103.7814484,1.3048781],[103.781468,1.3048781],[103.7814678,1.3051773],[103.7817874,1.3051775],[103.7817874,1.3051697],[103.7818051,1.3051697],[103.78180518604006,1.305110590472709],[103.78178116645887,1.305110722867121],[103.78178111284011,1.305101],[103.7817767,1.305101],[103.7817768,1.3050561],[103.7817768,1.3050156759971254],[103.7817768315566,1.3050156759971254],[103.7817769,1.304928],[103.78178000121707,1.3049234632711009],[103.7817799395409,1.3049139925507234],[103.78178949887776,1.3048666303817293],[103.78189561869448,1.3047458252974344],[103.78189925096163,1.304749014417988],[103.78189925377637,1.3047490103003427],[103.78189562240617,1.3047458210727079],[103.7819217952279,1.3047160347130002],[103.7819470999608,1.3046790167583748],[103.78193952253177,1.304669696055797],[103.7819709,1.3046442],[103.7820763,1.3044901],[103.7818065,1.3043057],[103.7814173,1.3048747],[103.7814172,1.304932],[103.7814484,1.3049321]]]},"clearanceHeight":1.7,"clearancePrepared":true},"geometry":{"type":"Polygon","coordinates":[[[103.7814172,1.304932],[103.7814484,1.3049321],[103.7814484,1.3048781],[103.781468,1.3048781],[103.7814678,1.3051773],[103.7817874,1.3051775],[103.7817874,1.3051697],[103.7818051,1.3051697],[103.7818052,1.305101],[103.7817767,1.305101],[103.7817768,1.3050561],[103.7817769,1.304928],[103.7819709,1.3046442],[103.7820763,1.3044901],[103.7818065,1.3043057],[103.7814173,1.3048747],[103.7814172,1.304932]]]}},{"type":"Feature","id":"way/173550972-0","properties":{"addr:city":"Singapore","addr:country":"SG","addr:housenumber":"1","addr:postcode":"130001","addr:street":"Dover Road","building":"residential","building:levels":"12","residential":"HDB","year":"1975","clearanceGeometry":{"type":"Polygon","coordinates":[[[103.7835666,1.3022625],[103.7833806,1.3023719],[103.783352,1.3023234],[103.7833243,1.3023397],[103.7833528,1.3023882],[103.7831604,1.3025013],[103.7831292,1.3024483],[103.7830998,1.3024656],[103.783131,1.3025186],[103.7829352,1.3026337],[103.782983,1.3027151],[103.7830029,1.3027034],[103.7830238,1.302739],[103.7830473,1.3027252],[103.7830264,1.3026896],[103.7830458,1.3026782],[103.7830668,1.3027138],[103.7830888,1.3027008],[103.7830678,1.3026652],[103.7830922,1.3026509],[103.7831131,1.3026863],[103.7831335,1.3026743],[103.7831126,1.3026389],[103.7831354,1.3026255],[103.7831566,1.3026615],[103.7831782,1.3026488],[103.783157,1.3026128],[103.783209,1.3025822],[103.7832304,1.3026186],[103.7832566,1.3026032],[103.7832352,1.3025668],[103.7832561,1.3025545],[103.783278,1.3025918],[103.7832973,1.3025804],[103.7832754,1.3025432],[103.7833086,1.3025236],[103.783331,1.3025616],[103.7833502,1.3025503],[103.7833278,1.3025123],[103.7833547,1.3024965],[103.7833773,1.3025348],[103.7833935,1.3025252],[103.783371,1.302487],[103.7834296,1.3024525],[103.7834524,1.3024912],[103.7834711,1.3024802],[103.7834483,1.3024415],[103.7834722,1.3024274],[103.7834959,1.3024677],[103.7835194,1.302454],[103.7834957,1.3024136],[103.7835222,1.3023981],[103.7835462,1.3024389],[103.783569,1.3024255],[103.783545,1.3023847],[103.7835687,1.3023707],[103.7835938,1.3024134],[103.7836172,1.3023997],[103.783592,1.302357],[103.7836145,1.3023438],[103.7835666,1.3022625]]]},"clearanceHeight":1.7,"clearancePrepared":true},"geometry":{"type":"Polygon","coordinates":[[[103.7836145,1.3023438],[103.7835666,1.3022625],[103.7833806,1.3023719],[103.783352,1.3023234],[103.7833243,1.3023397],[103.7833528,1.3023882],[103.7831604,1.3025013],[103.7831292,1.3024483],[103.7830998,1.3024656],[103.783131,1.3025186],[103.7829352,1.3026337],[103.782983,1.3027151],[103.7830029,1.3027034],[103.7830238,1.302739],[103.7830473,1.3027252],[103.7830264,1.3026896],[103.7830458,1.3026782],[103.7830668,1.3027138],[103.7830888,1.3027008],[103.7830678,1.3026652],[103.7830922,1.3026509],[103.7831131,1.3026863],[103.7831335,1.3026743],[103.7831126,1.3026389],[103.7831354,1.3026255],[103.7831566,1.3026615],[103.7831782,1.3026488],[103.783157,1.3026128],[103.783209,1.3025822],[103.7832304,1.3026186],[103.7832566,1.3026032],[103.7832352,1.3025668],[103.7832561,1.3025545],[103.783278,1.3025918],[103.7832973,1.3025804],[103.7832754,1.3025432],[103.7833086,1.3025236],[103.783331,1.3025616],[103.7833502,1.3025503],[103.7833278,1.3025123],[103.7833547,1.3024965],[103.7833773,1.3025348],[103.7833935,1.3025252],[103.783371,1.302487],[103.7834296,1.3024525],[103.7834524,1.3024912],[103.7834711,1.3024802],[103.7834483,1.3024415],[103.7834722,1.3024274],[103.7834959,1.3024677],[103.7835194,1.302454],[103.7834957,1.3024136],[103.7835222,1.3023981],[103.7835462,1.3024389],[103.783569,1.3024255],[103.783545,1.3023847],[103.7835687,1.3023707],[103.7835938,1.3024134],[103.7836172,1.3023997],[103.783592,1.302357],[103.7836145,1.3023438]]]}},{"type":"Feature","id":"way/173550981-0","properties":{"addr:city":"Singapore","addr:country":"SG","addr:housenumber":"2","addr:postcode":"130002","addr:street":"Dover Road","building":"residential","building:levels":"12","residential":"HDB","year":"1975","clearanceGeometry":{"type":"Polygon","coordinates":[[[103.783209,1.3028503],[103.783023,1.3029596],[103.7829945,1.3029112],[103.7829667,1.3029275],[103.7829952,1.302976],[103.7828028,1.3030891],[103.7827716,1.3030361],[103.7827422,1.3030534],[103.7827734,1.3031064],[103.7825776,1.3032215],[103.7826255,1.3033029],[103.7826453,1.3032912],[103.7826663,1.3033268],[103.7826898,1.303313],[103.7826688,1.3032774],[103.7826883,1.3032659],[103.7827092,1.3033016],[103.7827312,1.3032886],[103.7827103,1.303253],[103.7827346,1.3032387],[103.7827555,1.3032741],[103.7827759,1.3032621],[103.7827551,1.3032267],[103.7827779,1.3032132],[103.7827991,1.3032493],[103.7828207,1.3032366],[103.7827995,1.3032005],[103.7828514,1.30317],[103.7828728,1.3032064],[103.782899,1.303191],[103.7828776,1.3031546],[103.7828985,1.3031423],[103.7829204,1.3031796],[103.7829397,1.3031682],[103.7829178,1.3031309],[103.7829511,1.3031114],[103.7829734,1.3031494],[103.7829926,1.3031381],[103.7829703,1.3031001],[103.7829972,1.3030843],[103.7830197,1.3031226],[103.7830359,1.303113],[103.7830134,1.3030748],[103.783072,1.3030403],[103.7830948,1.303079],[103.7831135,1.303068],[103.7830907,1.3030293],[103.7831146,1.3030152],[103.7831384,1.3030555],[103.7831618,1.3030418],[103.7831381,1.3030014],[103.7831646,1.3029858],[103.7831887,1.3030267],[103.7832114,1.3030133],[103.7831874,1.3029725],[103.7832111,1.3029585],[103.7832363,1.3030012],[103.7832596,1.3029875],[103.7832344,1.3029448],[103.7832569,1.3029316],[103.783209,1.3028503]]]},"clearanceHeight":1.7,"clearancePrepared":true},"geometry":{"type":"Polygon","coordinates":[[[103.7832569,1.3029316],[103.783209,1.3028503],[103.783023,1.3029596],[103.7829945,1.3029112],[103.7829667,1.3029275],[103.7829952,1.302976],[103.7828028,1.3030891],[103.7827716,1.3030361],[103.7827422,1.3030534],[103.7827734,1.3031064],[103.7825776,1.3032215],[103.7826255,1.3033029],[103.7826453,1.3032912],[103.7826663,1.3033268],[103.7826898,1.303313],[103.7826688,1.3032774],[103.7826883,1.3032659],[103.7827092,1.3033016],[103.7827312,1.3032886],[103.7827103,1.303253],[103.7827346,1.3032387],[103.7827555,1.3032741],[103.7827759,1.3032621],[103.7827551,1.3032267],[103.7827779,1.3032132],[103.7827991,1.3032493],[103.7828207,1.3032366],[103.7827995,1.3032005],[103.7828514,1.30317],[103.7828728,1.3032064],[103.782899,1.303191],[103.7828776,1.3031546],[103.7828985,1.3031423],[103.7829204,1.3031796],[103.7829397,1.3031682],[103.7829178,1.3031309],[103.7829511,1.3031114],[103.7829734,1.3031494],[103.7829926,1.3031381],[103.7829703,1.3031001],[103.7829972,1.3030843],[103.7830197,1.3031226],[103.7830359,1.303113],[103.7830134,1.3030748],[103.783072,1.3030403],[103.7830948,1.303079],[103.7831135,1.303068],[103.7830907,1.3030293],[103.7831146,1.3030152],[103.7831384,1.3030555],[103.7831618,1.3030418],[103.7831381,1.3030014],[103.7831646,1.3029858],[103.7831887,1.3030267],[103.7832114,1.3030133],[103.7831874,1.3029725],[103.7832111,1.3029585],[103.7832363,1.3030012],[103.7832596,1.3029875],[103.7832344,1.3029448],[103.7832569,1.3029316]]]}},{"type":"Feature","id":"way/173550996-0","properties":{"addr:city":"Singapore","addr:country":"SG","addr:housenumber":"26","addr:neighbourhood":"Dover Gardens","addr:postcode":"130026","addr:street":"Dover Crescent","building":"residential","building:levels":"25","residential":"HDB","clearanceGeometry":{"type":"Polygon","coordinates":[[[103.7817192,1.3057771],[103.7816434,1.3057784],[103.78164,1.3057686],[103.7816315,1.3057626],[103.7816212,1.3057628],[103.7816129,1.305769],[103.7816098,1.3057789],[103.7815743,1.3057795],[103.7815708,1.3057692],[103.781562,1.305763],[103.7815512,1.3057632],[103.7815426,1.3057697],[103.7815394,1.30578],[103.7814631,1.3057812],[103.7814635,1.3058162],[103.7814653,1.3059152],[103.7814667,1.3060024],[103.7815462,1.3060012],[103.7815499,1.3060121],[103.7815594,1.3060188],[103.781571,1.3060186],[103.7815803,1.3060117],[103.7815837,1.3060006],[103.7816139,1.3060001],[103.7816178,1.3060115],[103.7816276,1.3060184],[103.7816396,1.3060182],[103.7816493,1.306011],[103.7816528,1.3059995],[103.7817227,1.3059984],[103.7817192,1.3057771]]]},"clearanceHeight":1.7,"clearancePrepared":true},"geometry":{"type":"Polygon","coordinates":[[[103.7817227,1.3059984],[103.7817192,1.3057771],[103.7816434,1.3057784],[103.78164,1.3057686],[103.7816315,1.3057626],[103.7816212,1.3057628],[103.7816129,1.305769],[103.7816098,1.3057789],[103.7815743,1.3057795],[103.7815708,1.3057692],[103.781562,1.305763],[103.7815512,1.3057632],[103.7815426,1.3057697],[103.7815394,1.30578],[103.7814631,1.3057812],[103.7814635,1.3058162],[103.7814653,1.3059152],[103.7814667,1.3060024],[103.7815462,1.3060012],[103.7815499,1.3060121],[103.7815594,1.3060188],[103.781571,1.3060186],[103.7815803,1.3060117],[103.7815837,1.3060006],[103.7816139,1.3060001],[103.7816178,1.3060115],[103.7816276,1.3060184],[103.7816396,1.3060182],[103.7816493,1.306011],[103.7816528,1.3059995],[103.7817227,1.3059984]]]}},{"type":"Feature","id":"way/173550998-0","properties":{"addr:city":"Singapore","addr:country":"SG","addr:housenumber":"27","addr:neighbourhood":"Dover Gardens","addr:postcode":"130027","addr:street":"Dover Crescent","building":"residential","building:levels":"25","residential":"HDB","clearanceGeometry":{"type":"Polygon","coordinates":[[[103.7814719,1.3052993],[103.7814716,1.3052807],[103.7813958,1.3052819],[103.7813924,1.3052721],[103.7813839,1.3052661],[103.7813736,1.3052663],[103.7813653,1.3052725],[103.7813622,1.3052824],[103.7813267,1.305283],[103.7813232,1.3052728],[103.7813144,1.3052666],[103.7813036,1.3052668],[103.781295,1.3052732],[103.7812918,1.3052836],[103.7812155,1.3052848],[103.7812177,1.3054187],[103.781219,1.305506],[103.7812986,1.3055047],[103.7813023,1.3055157],[103.7813118,1.3055223],[103.7813234,1.3055222],[103.7813327,1.3055152],[103.7813361,1.3055041],[103.7813662,1.3055036],[103.7813701,1.305515],[103.78138,1.3055219],[103.781392,1.3055217],[103.7814016,1.3055145],[103.7814052,1.305503],[103.7814751,1.3055019],[103.7814719,1.3052993]]]},"clearanceHeight":1.7,"clearancePrepared":true},"geometry":{"type":"Polygon","coordinates":[[[103.7814751,1.3055019],[103.7814719,1.3052993],[103.7814716,1.3052807],[103.7813958,1.3052819],[103.7813924,1.3052721],[103.7813839,1.3052661],[103.7813736,1.3052663],[103.7813653,1.3052725],[103.7813622,1.3052824],[103.7813267,1.305283],[103.7813232,1.3052728],[103.7813144,1.3052666],[103.7813036,1.3052668],[103.781295,1.3052732],[103.7812918,1.3052836],[103.7812155,1.3052848],[103.7812177,1.3054187],[103.781219,1.305506],[103.7812986,1.3055047],[103.7813023,1.3055157],[103.7813118,1.3055223],[103.7813234,1.3055222],[103.7813327,1.3055152],[103.7813361,1.3055041],[103.7813662,1.3055036],[103.7813701,1.305515],[103.78138,1.3055219],[103.781392,1.3055217],[103.7814016,1.3055145],[103.7814052,1.305503],[103.7814751,1.3055019]]]}},{"type":"Feature","id":"way/173551001-0","properties":{"addr:city":"Singapore","addr:country":"SG","addr:housenumber":"28A","addr:neighbourhood":"Dover Gardens","addr:postcode":"131028","addr:street":"Dover Crescent","building":"residential","height":"0","residential":"HDB","clearanceGeometry":{"type":"Polygon","coordinates":[[[103.7823554,1.3049321],[103.7823553,1.3049142],[103.7823745,1.3049141],[103.7823744,1.3049078],[103.7823926,1.3049077],[103.7823925,1.3048981],[103.78240537377697,1.3048980190328492],[103.78239458038469,1.3048490711207066],[103.7823699,1.3048492],[103.7823699,1.3048423],[103.7823163,1.3048425],[103.7823163,1.3048496],[103.7822634,1.3048499],[103.7822636,1.3048867],[103.7822403,1.3048869],[103.7822404,1.304896],[103.782224,1.3048961],[103.7822238,1.304873],[103.7821883,1.3048732],[103.7821882,1.3048542],[103.7822355,1.304854],[103.7822354,1.3048423],[103.7822495,1.3048422],[103.7822492,1.304788],[103.7822218,1.3047882],[103.7822217,1.3047781],[103.7821623,1.3047784],[103.7821624,1.3047958],[103.7821019,1.3047961],[103.7821018,1.3047767],[103.7820479,1.304777],[103.7820479,1.3047878],[103.7820147,1.304788],[103.782015,1.3048391],[103.7820326,1.304839],[103.7820327,1.3048544],[103.7820775,1.3048542],[103.7820776,1.3048758],[103.7820859,1.3048757],[103.782086,1.3048949],[103.782054,1.3048951],[103.7820542,1.3049236],[103.7820385,1.3049237],[103.7820385,1.3049353],[103.7820146,1.3049355],[103.7820148,1.3049807],[103.7820432,1.3049806],[103.7820432,1.3049922],[103.7821049,1.3049919],[103.7821048,1.304977],[103.782128,1.3049769],[103.7821281,1.3050029],[103.7821754,1.3050027],[103.7821752,1.3049718],[103.782242,1.3049714],[103.7822422,1.3050121],[103.7822054,1.3050364],[103.7822225,1.3050623],[103.7822112,1.3050698],[103.7822165,1.3050779],[103.7821971,1.3050907],[103.7822215,1.3051278],[103.7822467,1.3051112],[103.7822504,1.3051169],[103.7823009,1.3050836],[103.7822949,1.3050744],[103.7823155,1.3050609],[103.7823235,1.3050731],[103.7824191,1.3050103],[103.7824105,1.3049973],[103.78242514156403,1.3049876657241017],[103.78241902140907,1.3049599108904102],[103.7824041,1.3049372],[103.782395,1.3049432],[103.7823895,1.3049349],[103.7823436,1.3049651],[103.7823583,1.3049875],[103.7823462,1.3049954],[103.7823261,1.3049649],[103.782326,1.3049323],[103.7823554,1.3049321]]]},"clearanceHeight":1.7,"clearancePrepared":true},"geometry":{"type":"Polygon","coordinates":[[[103.782326,1.3049323],[103.7823554,1.3049321],[103.7823553,1.3049142],[103.7823745,1.3049141],[103.7823744,1.3049078],[103.7823926,1.3049077],[103.7823925,1.3048981],[103.7824084,1.304898],[103.7824082,1.304849],[103.7823699,1.3048492],[103.7823699,1.3048423],[103.7823163,1.3048425],[103.7823163,1.3048496],[103.7822634,1.3048499],[103.7822636,1.3048867],[103.7822403,1.3048869],[103.7822404,1.304896],[103.782224,1.3048961],[103.7822238,1.304873],[103.7821883,1.3048732],[103.7821882,1.3048542],[103.7822355,1.304854],[103.7822354,1.3048423],[103.7822495,1.3048422],[103.7822492,1.304788],[103.7822218,1.3047882],[103.7822217,1.3047781],[103.7821623,1.3047784],[103.7821624,1.3047958],[103.7821019,1.3047961],[103.7821018,1.3047767],[103.7820479,1.304777],[103.7820479,1.3047878],[103.7820147,1.304788],[103.782015,1.3048391],[103.7820326,1.304839],[103.7820327,1.3048544],[103.7820775,1.3048542],[103.7820776,1.3048758],[103.7820859,1.3048757],[103.782086,1.3048949],[103.782054,1.3048951],[103.7820542,1.3049236],[103.7820385,1.3049237],[103.7820385,1.3049353],[103.7820146,1.3049355],[103.7820148,1.3049807],[103.7820432,1.3049806],[103.7820432,1.3049922],[103.7821049,1.3049919],[103.7821048,1.304977],[103.782128,1.3049769],[103.7821281,1.3050029],[103.7821754,1.3050027],[103.7821752,1.3049718],[103.782242,1.3049714],[103.7822422,1.3050121],[103.7822054,1.3050364],[103.7822225,1.3050623],[103.7822112,1.3050698],[103.7822165,1.3050779],[103.7821971,1.3050907],[103.7822215,1.3051278],[103.7822467,1.3051112],[103.7822504,1.3051169],[103.7823009,1.3050836],[103.7822949,1.3050744],[103.7823155,1.3050609],[103.7823235,1.3050731],[103.7824191,1.3050103],[103.7824105,1.3049973],[103.7824336,1.3049821],[103.7824041,1.3049372],[103.782395,1.3049432],[103.7823895,1.3049349],[103.7823436,1.3049651],[103.7823583,1.3049875],[103.7823462,1.3049954],[103.7823261,1.3049649],[103.782326,1.3049323]]]}},{"type":"Feature","id":"way/173551002-0","properties":{"addr:city":"Singapore","addr:country":"SG","addr:housenumber":"28B","addr:neighbourhood":"Dover Gardens","addr:postcode":"132028","addr:street":"Dover Crescent","building":"residential","height":"0","residential":"HDB","source":"Bing","clearanceGeometry":{"type":"Polygon","coordinates":[[[103.7819536,1.3053245],[103.7819534,1.3052999],[103.7819086,1.3053003],[103.7819091,1.3053478],[103.7818815,1.305348],[103.7818813,1.3053242],[103.7818217,1.3053246],[103.7818218,1.3053374],[103.7817941,1.3053376],[103.7817944,1.3053784],[103.7818088,1.3053783],[103.7818089,1.305386],[103.781829,1.3053858],[103.7818293,1.3054177],[103.7818654,1.3054174],[103.7818656,1.30544],[103.781855,1.3054401],[103.7818552,1.3054591],[103.7818118,1.3054595],[103.7818119,1.3054711],[103.781792,1.3054713],[103.7817925,1.3055261],[103.781818,1.3055259],[103.7818181,1.3055372],[103.7818817,1.3055367],[103.7818815,1.3055197],[103.7819385,1.3055193],[103.7819387,1.3055383],[103.7819983,1.3055379],[103.7819982,1.305526],[103.7820293,1.3055257],[103.7820289,1.3054726],[103.7820102,1.3054728],[103.7820101,1.3054615],[103.7819655,1.3054618],[103.7819653,1.3054357],[103.7819985,1.3054353],[103.7819977,1.3053554],[103.7820302,1.3053551],[103.7820304,1.3053746],[103.7820119,1.3053748],[103.7820125,1.3054327],[103.7820767,1.305432],[103.7820764,1.3054065],[103.7821327,1.3054059],[103.782133,1.3054325],[103.7821985,1.3054318],[103.7821979,1.3053732],[103.7821774,1.3053735],[103.7821772,1.3053464],[103.7821509,1.3053467],[103.7821507,1.305328],[103.7821877,1.3053276],[103.7821874,1.3052947],[103.7822065,1.3052945],[103.7822064,1.3052848],[103.7822244,1.3052846],[103.782224,1.3052465],[103.7821933,1.3052468],[103.7821932,1.3052361],[103.7821358,1.3052367],[103.782136,1.3052587],[103.7821062,1.305259],[103.7821063,1.3052668],[103.782084,1.305267],[103.7820838,1.3052492],[103.7820552,1.3052495],[103.782055,1.3052294],[103.7819955,1.30523],[103.7819956,1.3052387],[103.7819672,1.305239],[103.7819677,1.3052846],[103.7819834,1.3052844],[103.7819836,1.3053037],[103.7820298,1.3053032],[103.7820301,1.3053237],[103.7819536,1.3053245]]]},"clearanceHeight":1.7,"clearancePrepared":true},"geometry":{"type":"Polygon","coordinates":[[[103.7820301,1.3053237],[103.7819536,1.3053245],[103.7819534,1.3052999],[103.7819086,1.3053003],[103.7819091,1.3053478],[103.7818815,1.305348],[103.7818813,1.3053242],[103.7818217,1.3053246],[103.7818218,1.3053374],[103.7817941,1.3053376],[103.7817944,1.3053784],[103.7818088,1.3053783],[103.7818089,1.305386],[103.781829,1.3053858],[103.7818293,1.3054177],[103.7818654,1.3054174],[103.7818656,1.30544],[103.781855,1.3054401],[103.7818552,1.3054591],[103.7818118,1.3054595],[103.7818119,1.3054711],[103.781792,1.3054713],[103.7817925,1.3055261],[103.781818,1.3055259],[103.7818181,1.3055372],[103.7818817,1.3055367],[103.7818815,1.3055197],[103.7819385,1.3055193],[103.7819387,1.3055383],[103.7819983,1.3055379],[103.7819982,1.305526],[103.7820293,1.3055257],[103.7820289,1.3054726],[103.7820102,1.3054728],[103.7820101,1.3054615],[103.7819655,1.3054618],[103.7819653,1.3054357],[103.7819985,1.3054353],[103.7819977,1.3053554],[103.7820302,1.3053551],[103.7820304,1.3053746],[103.7820119,1.3053748],[103.7820125,1.3054327],[103.7820767,1.305432],[103.7820764,1.3054065],[103.7821327,1.3054059],[103.782133,1.3054325],[103.7821985,1.3054318],[103.7821979,1.3053732],[103.7821774,1.3053735],[103.7821772,1.3053464],[103.7821509,1.3053467],[103.7821507,1.305328],[103.7821877,1.3053276],[103.7821874,1.3052947],[103.7822065,1.3052945],[103.7822064,1.3052848],[103.7822244,1.3052846],[103.782224,1.3052465],[103.7821933,1.3052468],[103.7821932,1.3052361],[103.7821358,1.3052367],[103.782136,1.3052587],[103.7821062,1.305259],[103.7821063,1.3052668],[103.782084,1.305267],[103.7820838,1.3052492],[103.7820552,1.3052495],[103.782055,1.3052294],[103.7819955,1.30523],[103.7819956,1.3052387],[103.7819672,1.305239],[103.7819677,1.3052846],[103.7819834,1.3052844],[103.7819836,1.3053037],[103.7820298,1.3053032],[103.7820301,1.3053237]]]}},{"type":"Feature","id":"way/173551003-0","properties":{"addr:city":"Singapore","addr:country":"SG","addr:housenumber":"28C","addr:neighbourhood":"Dover Gardens","addr:postcode":"133028","addr:street":"Dover Crescent","building":"residential","height":"0","residential":"HDB","clearanceGeometry":{"type":"Polygon","coordinates":[[[103.782322,1.3057944],[103.7823226,1.3058158],[103.7823657,1.3058147],[103.7823648,1.3057805],[103.7823922,1.3057798],[103.7823925,1.3057899],[103.7824524,1.3057884],[103.7824522,1.3057812],[103.7824798,1.3057805],[103.7824787,1.3057363],[103.7824639,1.3057367],[103.7824637,1.3057291],[103.7824441,1.3057295],[103.7824432,1.3056947],[103.7824145,1.3056954],[103.782414,1.3056725],[103.7824244,1.3056722],[103.7824239,1.3056518],[103.7824696,1.3056506],[103.782469,1.3056288],[103.7824882,1.3056284],[103.7824872,1.3055857],[103.782458,1.3055864],[103.7824577,1.3055758],[103.7823942,1.3055774],[103.7823946,1.3055941],[103.7823386,1.3055955],[103.7823382,1.305578],[103.7822786,1.3055795],[103.7822788,1.3055854],[103.7822508,1.3055861],[103.7822519,1.3056301],[103.7822689,1.3056297],[103.7822694,1.3056522],[103.7823076,1.3056512],[103.7823082,1.3056784],[103.7822764,1.3056792],[103.7822783,1.3057569],[103.7822437,1.3057577],[103.7822434,1.3057443],[103.7822609,1.3057438],[103.7822593,1.3056801],[103.7821954,1.3056817],[103.782196,1.3057076],[103.7821397,1.305709],[103.7821391,1.3056828],[103.7820738,1.3056844],[103.7820752,1.3057431],[103.7820959,1.3057426],[103.7820966,1.3057695],[103.7821229,1.3057688],[103.7821234,1.3057876],[103.7820866,1.3057885],[103.7820874,1.3058216],[103.7820684,1.305822],[103.7820687,1.3058318],[103.7820509,1.3058323],[103.782052,1.3058747],[103.782083,1.3058739],[103.7820832,1.3058837],[103.7821396,1.3058823],[103.7821393,1.3058717],[103.7821677,1.305871],[103.7821679,1.3058796],[103.7821929,1.305879],[103.7821928,1.3058721],[103.7822211,1.3058714],[103.7822214,1.3058838],[103.7822806,1.3058823],[103.7822804,1.3058734],[103.7823086,1.3058727],[103.7823075,1.305827],[103.7822916,1.3058274],[103.7822914,1.3058171],[103.7822728,1.3058175],[103.7822723,1.3057956],[103.782322,1.3057944]]]},"clearanceHeight":1.7,"clearancePrepared":true},"geometry":{"type":"Polygon","coordinates":[[[103.7822723,1.3057956],[103.782322,1.3057944],[103.7823226,1.3058158],[103.7823657,1.3058147],[103.7823648,1.3057805],[103.7823922,1.3057798],[103.7823925,1.3057899],[103.7824524,1.3057884],[103.7824522,1.3057812],[103.7824798,1.3057805],[103.7824787,1.3057363],[103.7824639,1.3057367],[103.7824637,1.3057291],[103.7824441,1.3057295],[103.7824432,1.3056947],[103.7824145,1.3056954],[103.782414,1.3056725],[103.7824244,1.3056722],[103.7824239,1.3056518],[103.7824696,1.3056506],[103.782469,1.3056288],[103.7824882,1.3056284],[103.7824872,1.3055857],[103.782458,1.3055864],[103.7824577,1.3055758],[103.7823942,1.3055774],[103.7823946,1.3055941],[103.7823386,1.3055955],[103.7823382,1.305578],[103.7822786,1.3055795],[103.7822788,1.3055854],[103.7822508,1.3055861],[103.7822519,1.3056301],[103.7822689,1.3056297],[103.7822694,1.3056522],[103.7823076,1.3056512],[103.7823082,1.3056784],[103.7822764,1.3056792],[103.7822783,1.3057569],[103.7822437,1.3057577],[103.7822434,1.3057443],[103.7822609,1.3057438],[103.7822593,1.3056801],[103.7821954,1.3056817],[103.782196,1.3057076],[103.7821397,1.305709],[103.7821391,1.3056828],[103.7820738,1.3056844],[103.7820752,1.3057431],[103.7820959,1.3057426],[103.7820966,1.3057695],[103.7821229,1.3057688],[103.7821234,1.3057876],[103.7820866,1.3057885],[103.7820874,1.3058216],[103.7820684,1.305822],[103.7820687,1.3058318],[103.7820509,1.3058323],[103.782052,1.3058747],[103.782083,1.3058739],[103.7820832,1.3058837],[103.7821396,1.3058823],[103.7821393,1.3058717],[103.7821677,1.305871],[103.7821679,1.3058796],[103.7821929,1.305879],[103.7821928,1.3058721],[103.7822211,1.3058714],[103.7822214,1.3058838],[103.7822806,1.3058823],[103.7822804,1.3058734],[103.7823086,1.3058727],[103.7823075,1.305827],[103.7822916,1.3058274],[103.7822914,1.3058171],[103.7822728,1.3058175],[103.7822723,1.3057956]]]}},{"type":"Feature","id":"way/173551004-0","properties":{"addr:city":"Singapore","addr:country":"SG","addr:housenumber":"28D","addr:neighbourhood":"Dover Gardens","addr:postcode":"134028","addr:street":"Dover Crescent","building":"residential","height":"0","residential":"HDB","clearanceGeometry":{"type":"Polygon","coordinates":[[[103.7822955,1.3062539],[103.7823591,1.3062545],[103.7823593,1.3062385],[103.7823811,1.3062387],[103.7823809,1.3062651],[103.7824281,1.3062655],[103.7824284,1.3062291],[103.7824902,1.3062297],[103.78249,1.3062528],[103.7824713,1.3062526],[103.7824714,1.3062503],[103.7824466,1.3062501],[103.7824465,1.3062551],[103.7824387,1.306255],[103.7824382,1.3063092],[103.7824664,1.3063095],[103.7824663,1.3063233],[103.7825261,1.3063239],[103.7825262,1.3063153],[103.7826244,1.3063162],[103.7826243,1.306326],[103.782683,1.3063266],[103.7826831,1.3063186],[103.7827159,1.3063189],[103.7827163,1.3062705],[103.7827021,1.3062704],[103.7827022,1.3062605],[103.7826877,1.3062604],[103.7826878,1.306254],[103.7826644,1.3062538],[103.7826646,1.3062339],[103.7826386,1.3062337],[103.7826387,1.3062198],[103.7826522,1.3062199],[103.7826523,1.3062078],[103.7826958,1.3062082],[103.7826962,1.3061613],[103.7826698,1.3061611],[103.7826702,1.3061254],[103.7826058,1.3061249],[103.7826058,1.3061327],[103.7825755,1.3061324],[103.782575,1.3061922],[103.7825469,1.3061919],[103.782547,1.3061722],[103.7824924,1.3061717],[103.7824929,1.3061175],[103.7825501,1.3061181],[103.7825502,1.3061053],[103.782565,1.3061055],[103.7825655,1.3060516],[103.7825364,1.3060513],[103.7825364,1.3060455],[103.7824754,1.306045],[103.7824753,1.3060607],[103.782417,1.3060602],[103.7824171,1.306043],[103.7823592,1.3060424],[103.7823592,1.3060499],[103.7823301,1.3060496],[103.7823296,1.306104],[103.7823482,1.3061041],[103.7823481,1.3061201],[103.7823924,1.3061205],[103.7823923,1.3061345],[103.7823618,1.3061342],[103.7823616,1.3061601],[103.7823064,1.3061596],[103.7823061,1.3061889],[103.7822893,1.3061888],[103.7822892,1.3061987],[103.7822684,1.3061986],[103.782268,1.3062444],[103.7822955,1.3062446],[103.7822955,1.3062539]]]},"clearanceHeight":1.7,"clearancePrepared":true},"geometry":{"type":"Polygon","coordinates":[[[103.7822955,1.3062446],[103.7822955,1.3062539],[103.7823591,1.3062545],[103.7823593,1.3062385],[103.7823811,1.3062387],[103.7823809,1.3062651],[103.7824281,1.3062655],[103.7824284,1.3062291],[103.7824902,1.3062297],[103.78249,1.3062528],[103.7824713,1.3062526],[103.7824714,1.3062503],[103.7824466,1.3062501],[103.7824465,1.3062551],[103.7824387,1.306255],[103.7824382,1.3063092],[103.7824664,1.3063095],[103.7824663,1.3063233],[103.7825261,1.3063239],[103.7825262,1.3063153],[103.7826244,1.3063162],[103.7826243,1.306326],[103.782683,1.3063266],[103.7826831,1.3063186],[103.7827159,1.3063189],[103.7827163,1.3062705],[103.7827021,1.3062704],[103.7827022,1.3062605],[103.7826877,1.3062604],[103.7826878,1.306254],[103.7826644,1.3062538],[103.7826646,1.3062339],[103.7826386,1.3062337],[103.7826387,1.3062198],[103.7826522,1.3062199],[103.7826523,1.3062078],[103.7826958,1.3062082],[103.7826962,1.3061613],[103.7826698,1.3061611],[103.7826702,1.3061254],[103.7826058,1.3061249],[103.7826058,1.3061327],[103.7825755,1.3061324],[103.782575,1.3061922],[103.7825469,1.3061919],[103.782547,1.3061722],[103.7824924,1.3061717],[103.7824929,1.3061175],[103.7825501,1.3061181],[103.7825502,1.3061053],[103.782565,1.3061055],[103.7825655,1.3060516],[103.7825364,1.3060513],[103.7825364,1.3060455],[103.7824754,1.306045],[103.7824753,1.3060607],[103.782417,1.3060602],[103.7824171,1.306043],[103.7823592,1.3060424],[103.7823592,1.3060499],[103.7823301,1.3060496],[103.7823296,1.306104],[103.7823482,1.3061041],[103.7823481,1.3061201],[103.7823924,1.3061205],[103.7823923,1.3061345],[103.7823618,1.3061342],[103.7823616,1.3061601],[103.7823064,1.3061596],[103.7823061,1.3061889],[103.7822893,1.3061888],[103.7822892,1.3061987],[103.7822684,1.3061986],[103.782268,1.3062444],[103.7822955,1.3062446]]]}},{"type":"Feature","id":"way/173551006-0","properties":{"addr:city":"Singapore","addr:country":"SG","addr:housenumber":"3","addr:postcode":"130003","addr:street":"Dover Road","building":"residential","building:levels":"12","residential":"HDB","source":"Bing","year":"1975","clearanceGeometry":{"type":"Polygon","coordinates":[[[103.7827544,1.3034871],[103.7825683,1.3035965],[103.7825398,1.303548],[103.7825121,1.3035644],[103.7825406,1.3036128],[103.7823481,1.303726],[103.7823169,1.303673],[103.7822876,1.3036902],[103.7823188,1.3037433],[103.782123,1.3038584],[103.7821708,1.3039397],[103.7821907,1.303928],[103.7822116,1.3039636],[103.7822351,1.3039498],[103.7822142,1.3039142],[103.7822336,1.3039028],[103.7822546,1.3039384],[103.7822766,1.3039255],[103.7822556,1.3038899],[103.78228,1.3038755],[103.7823008,1.3039109],[103.7823213,1.3038989],[103.7823004,1.3038635],[103.7823232,1.3038501],[103.7823444,1.3038861],[103.782366,1.3038734],[103.7823448,1.3038374],[103.7823968,1.3038069],[103.7824181,1.3038432],[103.7824443,1.3038278],[103.782423,1.3037915],[103.7824439,1.3037792],[103.7824658,1.3038164],[103.7824851,1.3038051],[103.7824632,1.3037678],[103.7824964,1.3037483],[103.7825188,1.3037862],[103.782538,1.303775],[103.7825156,1.303737],[103.7825425,1.3037212],[103.782565,1.3037594],[103.7825813,1.3037499],[103.7825588,1.3037116],[103.7826174,1.3036772],[103.7826401,1.3037159],[103.7826588,1.3037049],[103.7826361,1.3036662],[103.78266,1.3036521],[103.7826837,1.3036924],[103.7827072,1.3036786],[103.7826835,1.3036383],[103.78271,1.3036227],[103.782734,1.3036636],[103.7827568,1.3036502],[103.7827327,1.3036093],[103.7827565,1.3035954],[103.7827816,1.3036381],[103.782805,1.3036244],[103.7827798,1.3035816],[103.7828022,1.3035685],[103.7827544,1.3034871]]]},"clearanceHeight":1.7,"clearancePrepared":true},"geometry":{"type":"Polygon","coordinates":[[[103.7828022,1.3035685],[103.7827544,1.3034871],[103.7825683,1.3035965],[103.7825398,1.303548],[103.7825121,1.3035644],[103.7825406,1.3036128],[103.7823481,1.303726],[103.7823169,1.303673],[103.7822876,1.3036902],[103.7823188,1.3037433],[103.782123,1.3038584],[103.7821708,1.3039397],[103.7821907,1.303928],[103.7822116,1.3039636],[103.7822351,1.3039498],[103.7822142,1.3039142],[103.7822336,1.3039028],[103.7822546,1.3039384],[103.7822766,1.3039255],[103.7822556,1.3038899],[103.78228,1.3038755],[103.7823008,1.3039109],[103.7823213,1.3038989],[103.7823004,1.3038635],[103.7823232,1.3038501],[103.7823444,1.3038861],[103.782366,1.3038734],[103.7823448,1.3038374],[103.7823968,1.3038069],[103.7824181,1.3038432],[103.7824443,1.3038278],[103.782423,1.3037915],[103.7824439,1.3037792],[103.7824658,1.3038164],[103.7824851,1.3038051],[103.7824632,1.3037678],[103.7824964,1.3037483],[103.7825188,1.3037862],[103.782538,1.303775],[103.7825156,1.303737],[103.7825425,1.3037212],[103.782565,1.3037594],[103.7825813,1.3037499],[103.7825588,1.3037116],[103.7826174,1.3036772],[103.7826401,1.3037159],[103.7826588,1.3037049],[103.7826361,1.3036662],[103.78266,1.3036521],[103.7826837,1.3036924],[103.7827072,1.3036786],[103.7826835,1.3036383],[103.78271,1.3036227],[103.782734,1.3036636],[103.7827568,1.3036502],[103.7827327,1.3036093],[103.7827565,1.3035954],[103.7827816,1.3036381],[103.782805,1.3036244],[103.7827798,1.3035816],[103.7828022,1.3035685]]]}},{"type":"Feature","id":"way/173551070-0","properties":{"addr:city":"Singapore","addr:country":"SG","addr:housenumber":"4","addr:postcode":"130004","addr:street":"Dover Road","building":"residential","building:levels":"14","residential":"HDB","clearanceGeometry":{"type":"Polygon","coordinates":[[[103.7830476,1.3035717],[103.7830795,1.3036273],[103.7831058,1.3036122],[103.7830851,1.3035761],[103.783406,1.3033923],[103.7834144,1.3034069],[103.7834709,1.3033745],[103.7834633,1.3033612],[103.7835656,1.3033026],[103.7835362,1.3032514],[103.7835626,1.3032362],[103.7835424,1.3032011],[103.7835272,1.3032098],[103.7835159,1.3031901],[103.7833728,1.3032722],[103.7833844,1.3032924],[103.7833647,1.3033037],[103.7833556,1.3032879],[103.7830113,1.3034853],[103.783022,1.303504],[103.7830011,1.303516],[103.7830367,1.303578],[103.7830476,1.3035717]]]},"clearanceHeight":1.7,"clearancePrepared":true},"geometry":{"type":"Polygon","coordinates":[[[103.7830367,1.303578],[103.7830476,1.3035717],[103.7830795,1.3036273],[103.7831058,1.3036122],[103.7830851,1.3035761],[103.783406,1.3033923],[103.7834144,1.3034069],[103.7834709,1.3033745],[103.7834633,1.3033612],[103.7835656,1.3033026],[103.7835362,1.3032514],[103.7835626,1.3032362],[103.7835424,1.3032011],[103.7835272,1.3032098],[103.7835159,1.3031901],[103.7833728,1.3032722],[103.7833844,1.3032924],[103.7833647,1.3033037],[103.7833556,1.3032879],[103.7830113,1.3034853],[103.783022,1.303504],[103.7830011,1.303516],[103.7830367,1.303578]]]}},{"type":"Feature","id":"way/173551117-0","properties":{"addr:city":"Singapore","addr:country":"SG","addr:housenumber":"5","addr:postcode":"130005","addr:street":"Dover Crescent","building":"residential","building:levels":"14","residential":"HDB","clearanceGeometry":{"type":"Polygon","coordinates":[[[103.7823285,1.3041946],[103.782347,1.3042258],[103.7823368,1.3042319],[103.782379,1.3043033],[103.7824927,1.3042362],[103.7825055,1.3042578],[103.7825345,1.3042407],[103.7825225,1.3042205],[103.7827828,1.3040668],[103.7827877,1.3040751],[103.7828341,1.3040477],[103.7828273,1.3040361],[103.7830084,1.3039292],[103.7829688,1.3038622],[103.7829567,1.3038694],[103.7829399,1.303841],[103.7829261,1.3038492],[103.7829081,1.3038189],[103.7827393,1.3039186],[103.7827539,1.3039434],[103.7827223,1.303962],[103.7827072,1.3039365],[103.7824421,1.3040931],[103.7824559,1.3041165],[103.7824251,1.3041348],[103.78241,1.3041093],[103.7823258,1.304159],[103.7823421,1.3041866],[103.7823285,1.3041946]]]},"clearanceHeight":1.7,"clearancePrepared":true},"geometry":{"type":"Polygon","coordinates":[[[103.7823421,1.3041866],[103.7823285,1.3041946],[103.782347,1.3042258],[103.7823368,1.3042319],[103.782379,1.3043033],[103.7824927,1.3042362],[103.7825055,1.3042578],[103.7825345,1.3042407],[103.7825225,1.3042205],[103.7827828,1.3040668],[103.7827877,1.3040751],[103.7828341,1.3040477],[103.7828273,1.3040361],[103.7830084,1.3039292],[103.7829688,1.3038622],[103.7829567,1.3038694],[103.7829399,1.303841],[103.7829261,1.3038492],[103.7829081,1.3038189],[103.7827393,1.3039186],[103.7827539,1.3039434],[103.7827223,1.303962],[103.7827072,1.3039365],[103.7824421,1.3040931],[103.7824559,1.3041165],[103.7824251,1.3041348],[103.78241,1.3041093],[103.7823258,1.304159],[103.7823421,1.3041866]]]}},{"type":"Feature","id":"way/241882386-0","properties":{"building":"school","name":"Dover Court International School","name:zh":"\u675c\u4f5b\u56fd\u9645\u5b66\u6821","clearanceGeometry":{"type":"Polygon","coordinates":[[[103.7794286,1.306092],[103.7795723,1.3060997],[103.7795793,1.3059702],[103.7796055,1.3059728],[103.7796065,1.3058322],[103.7795622,1.3058212],[103.7795629,1.3058071],[103.7795245,1.305805],[103.7795288,1.3057266],[103.7793715,1.3057181],[103.7793807,1.3055477],[103.778827,1.3055178],[103.7788202,1.3056427],[103.7790209,1.3056535],[103.7790091,1.3058726],[103.7790719,1.305876],[103.7790713,1.3058888],[103.7793417,1.3059034],[103.7793445,1.3058533],[103.7794377,1.3058583],[103.7794321,1.305962],[103.7793088,1.3059553],[103.7793071,1.3059876],[103.7789963,1.3059708],[103.7789944,1.3060059],[103.7788807,1.3059998],[103.7788623,1.3063399],[103.7792707,1.3063619],[103.7792613,1.3065349],[103.7794043,1.3065426],[103.7794286,1.306092]]]},"clearanceHeight":1.7,"clearancePrepared":true},"geometry":{"type":"Polygon","coordinates":[[[103.7794043,1.3065426],[103.7794286,1.306092],[103.7795723,1.3060997],[103.7795793,1.3059702],[103.7796055,1.3059728],[103.7796065,1.3058322],[103.7795622,1.3058212],[103.7795629,1.3058071],[103.7795245,1.305805],[103.7795288,1.3057266],[103.7793715,1.3057181],[103.7793807,1.3055477],[103.778827,1.3055178],[103.7788202,1.3056427],[103.7790209,1.3056535],[103.7790091,1.3058726],[103.7790719,1.305876],[103.7790713,1.3058888],[103.7793417,1.3059034],[103.7793445,1.3058533],[103.7794377,1.3058583],[103.7794321,1.305962],[103.7793088,1.3059553],[103.7793071,1.3059876],[103.7789963,1.3059708],[103.7789944,1.3060059],[103.7788807,1.3059998],[103.7788623,1.3063399],[103.7792707,1.3063619],[103.7792613,1.3065349],[103.7794043,1.3065426]]]}},{"type":"Feature","id":"way/241882612-0","properties":{"building":"yes","clearanceGeometry":{"type":"Polygon","coordinates":[[[103.7799392,1.3056035],[103.7798754,1.3055885],[103.7797731,1.3055644],[103.779708,1.3058444],[103.7798676,1.3058868],[103.7799392,1.3056035]]]},"clearanceHeight":1.7,"clearancePrepared":true},"geometry":{"type":"Polygon","coordinates":[[[103.7798676,1.3058868],[103.7799392,1.3056035],[103.7798754,1.3055885],[103.7797731,1.3055644],[103.779708,1.3058444],[103.7798676,1.3058868]]]}},{"type":"Feature","id":"way/241882646-0","properties":{"building":"yes","clearanceGeometry":{"type":"Polygon","coordinates":[[[103.7796519,1.3051343],[103.7795323,1.3052546],[103.7797264,1.3054475],[103.779846,1.3053273],[103.7796519,1.3051343]]]},"clearanceHeight":1.7,"clearancePrepared":true},"geometry":{"type":"Polygon","coordinates":[[[103.779846,1.3053273],[103.7796519,1.3051343],[103.7795323,1.3052546],[103.7797264,1.3054475],[103.779846,1.3053273]]]}},{"type":"Feature","id":"way/376175764-0","properties":{"addr:city":"Singapore","addr:country":"SG","addr:housenumber":"25","addr:neighbourhood":"Dover Gardens","addr:postcode":"130025","addr:street":"Dover Crescent","building":"yes","building:levels":"1","clearanceGeometry":{"type":"Polygon","coordinates":[[[103.7820957,1.306075],[103.7820956,1.3060903],[103.7821582,1.3060906],[103.7821588,1.3059798],[103.7819759,1.3059789],[103.7819754,1.3060744],[103.7820957,1.306075]]]},"clearanceHeight":1.7,"clearancePrepared":true},"geometry":{"type":"Polygon","coordinates":[[[103.7819754,1.3060744],[103.7820957,1.306075],[103.7820956,1.3060903],[103.7821582,1.3060906],[103.7821588,1.3059798],[103.7819759,1.3059789],[103.7819754,1.3060744]]]}},{"type":"Feature","id":"way/380518620-0","properties":{"building":"roof","layer":"1","clearanceGeometry":{"type":"Polygon","coordinates":[[[103.782968,1.3037663],[103.7829879,1.3037373],[103.7829871,1.3037009],[103.7829676,1.303635],[103.7829343,1.3035982],[103.7828979,1.3035764],[103.7828462,1.303568],[103.7828308,1.303604],[103.7828341,1.3036557],[103.7828472,1.3036993],[103.7829,1.3037502],[103.7829289,1.3037667],[103.782968,1.3037663]]]},"clearanceHeight":1.7,"clearancePrepared":true},"geometry":{"type":"Polygon","coordinates":[[[103.7829289,1.3037667],[103.782968,1.3037663],[103.7829879,1.3037373],[103.7829871,1.3037009],[103.7829676,1.303635],[103.7829343,1.3035982],[103.7828979,1.3035764],[103.7828462,1.303568],[103.7828308,1.303604],[103.7828341,1.3036557],[103.7828472,1.3036993],[103.7829,1.3037502],[103.7829289,1.3037667]]]}},{"type":"Feature","id":"way/454472530-0","properties":{"building":"yes","clearanceGeometry":{"type":"Polygon","coordinates":[[[103.7815262,1.3023442],[103.78134,1.3019685],[103.7810917,1.3020788],[103.781271,1.3024477],[103.7815262,1.3023442]]]},"clearanceHeight":1.7,"clearancePrepared":true},"geometry":{"type":"Polygon","coordinates":[[[103.781271,1.3024477],[103.7815262,1.3023442],[103.78134,1.3019685],[103.7810917,1.3020788],[103.781271,1.3024477]]]}},{"type":"Feature","id":"way/758842670-0","properties":{"building:levels":"40","building:part":"yes","clearanceGeometry":{"type":"Polygon","coordinates":[[[103.7822422,1.3050121],[103.7822054,1.3050364],[103.7822225,1.3050623],[103.7822112,1.3050698],[103.7822165,1.3050779],[103.7821971,1.3050907],[103.7822215,1.3051278],[103.7822467,1.3051112],[103.7822504,1.3051169],[103.7823009,1.3050836],[103.7822949,1.3050744],[103.7823155,1.3050609],[103.7823235,1.3050731],[103.7824191,1.3050103],[103.7824105,1.3049973],[103.78242514156403,1.3049876657241017],[103.78241902140907,1.3049599108904102],[103.7824041,1.3049372],[103.782395,1.3049432],[103.7823895,1.3049349],[103.7823436,1.3049651],[103.7823583,1.3049875],[103.7823462,1.3049954],[103.7823261,1.3049649],[103.782326,1.3049323],[103.7823554,1.3049321],[103.7823553,1.3049142],[103.7823745,1.3049141],[103.7823744,1.3049078],[103.7823926,1.3049077],[103.7823925,1.3048981],[103.78240537377697,1.3048980190328492],[103.78239458038469,1.3048490711207066],[103.7823699,1.3048492],[103.7823699,1.3048423],[103.7823163,1.3048425],[103.7823163,1.3048496],[103.7822634,1.3048499],[103.7822636,1.3048867],[103.7822403,1.3048869],[103.7822404,1.304896],[103.782224,1.3048961],[103.7822238,1.304873],[103.7821883,1.3048732],[103.7821882,1.3048542],[103.7822355,1.304854],[103.7822354,1.3048423],[103.7822495,1.3048422],[103.7822492,1.304788],[103.7822218,1.3047882],[103.7822217,1.3047781],[103.7821623,1.3047784],[103.7821624,1.3047958],[103.7821019,1.3047961],[103.7821018,1.3047767],[103.7820479,1.304777],[103.7820479,1.3047878],[103.7820147,1.304788],[103.782015,1.3048391],[103.7820326,1.304839],[103.7820327,1.3048544],[103.7820775,1.3048542],[103.7820776,1.3048758],[103.7820859,1.3048757],[103.782086,1.3048949],[103.782054,1.3048951],[103.7820542,1.3049236],[103.7820385,1.3049237],[103.7820385,1.3049353],[103.7820146,1.3049355],[103.7820148,1.3049807],[103.7820432,1.3049806],[103.7820432,1.3049922],[103.7821049,1.3049919],[103.7821048,1.304977],[103.782128,1.3049769],[103.7821281,1.3050029],[103.7821754,1.3050027],[103.7821752,1.3049718],[103.782242,1.3049714],[103.7822422,1.3050121]]]},"clearanceHeight":1.7,"clearancePrepared":true},"geometry":{"type":"Polygon","coordinates":[[[103.782242,1.3049714],[103.7822422,1.3050121],[103.7822054,1.3050364],[103.7822225,1.3050623],[103.7822112,1.3050698],[103.7822165,1.3050779],[103.7821971,1.3050907],[103.7822215,1.3051278],[103.7822467,1.3051112],[103.7822504,1.3051169],[103.7823009,1.3050836],[103.7822949,1.3050744],[103.7823155,1.3050609],[103.7823235,1.3050731],[103.7824191,1.3050103],[103.7824105,1.3049973],[103.7824336,1.3049821],[103.7824041,1.3049372],[103.782395,1.3049432],[103.7823895,1.3049349],[103.7823436,1.3049651],[103.7823583,1.3049875],[103.7823462,1.3049954],[103.7823261,1.3049649],[103.782326,1.3049323],[103.7823554,1.3049321],[103.7823553,1.3049142],[103.7823745,1.3049141],[103.7823744,1.3049078],[103.7823926,1.3049077],[103.7823925,1.3048981],[103.7824084,1.304898],[103.7824082,1.304849],[103.7823699,1.3048492],[103.7823699,1.3048423],[103.7823163,1.3048425],[103.7823163,1.3048496],[103.7822634,1.3048499],[103.7822636,1.3048867],[103.7822403,1.3048869],[103.7822404,1.304896],[103.782224,1.3048961],[103.7822238,1.304873],[103.7821883,1.3048732],[103.7821882,1.3048542],[103.7822355,1.304854],[103.7822354,1.3048423],[103.7822495,1.3048422],[103.7822492,1.304788],[103.7822218,1.3047882],[103.7822217,1.3047781],[103.7821623,1.3047784],[103.7821624,1.3047958],[103.7821019,1.3047961],[103.7821018,1.3047767],[103.7820479,1.304777],[103.7820479,1.3047878],[103.7820147,1.304788],[103.782015,1.3048391],[103.7820326,1.304839],[103.7820327,1.3048544],[103.7820775,1.3048542],[103.7820776,1.3048758],[103.7820859,1.3048757],[103.782086,1.3048949],[103.782054,1.3048951],[103.7820542,1.3049236],[103.7820385,1.3049237],[103.7820385,1.3049353],[103.7820146,1.3049355],[103.7820148,1.3049807],[103.7820432,1.3049806],[103.7820432,1.3049922],[103.7821049,1.3049919],[103.7821048,1.304977],[103.782128,1.3049769],[103.7821281,1.3050029],[103.7821754,1.3050027],[103.7821752,1.3049718],[103.782242,1.3049714]]]}},{"type":"Feature","id":"way/758842671-0","properties":{"building:levels":"40","building:part":"yes","clearanceGeometry":{"type":"Polygon","coordinates":[[[103.7826058,1.3061327],[103.7825755,1.3061324],[103.782575,1.3061922],[103.7825469,1.3061919],[103.782547,1.3061722],[103.7824924,1.3061717],[103.7824929,1.3061175],[103.7825501,1.3061181],[103.7825502,1.3061053],[103.782565,1.3061055],[103.7825655,1.3060516],[103.7825364,1.3060513],[103.7825364,1.3060455],[103.7824754,1.306045],[103.7824753,1.3060607],[103.782417,1.3060602],[103.7824171,1.306043],[103.7823592,1.3060424],[103.7823592,1.3060499],[103.7823301,1.3060496],[103.7823296,1.306104],[103.7823482,1.3061041],[103.7823481,1.3061201],[103.7823924,1.3061205],[103.7823923,1.3061345],[103.7823618,1.3061342],[103.7823616,1.3061601],[103.7823064,1.3061596],[103.7823061,1.3061889],[103.7822893,1.3061888],[103.7822892,1.3061987],[103.7822684,1.3061986],[103.782268,1.3062444],[103.7822955,1.3062446],[103.7822955,1.3062539],[103.7823591,1.3062545],[103.7823593,1.3062385],[103.7823811,1.3062387],[103.7823809,1.3062651],[103.7824281,1.3062655],[103.7824284,1.3062291],[103.7824902,1.3062297],[103.78249,1.3062528],[103.7824713,1.3062526],[103.7824714,1.3062503],[103.7824466,1.3062501],[103.7824465,1.3062551],[103.7824387,1.306255],[103.7824382,1.3063092],[103.7824664,1.3063095],[103.7824663,1.3063233],[103.7825261,1.3063239],[103.7825262,1.3063153],[103.7826244,1.3063162],[103.7826243,1.306326],[103.782683,1.3063266],[103.7826831,1.3063186],[103.7827159,1.3063189],[103.7827163,1.3062705],[103.7827021,1.3062704],[103.7827022,1.3062605],[103.7826877,1.3062604],[103.7826878,1.306254],[103.7826644,1.3062538],[103.7826646,1.3062339],[103.7826386,1.3062337],[103.7826387,1.3062198],[103.7826522,1.3062199],[103.7826523,1.3062078],[103.7826958,1.3062082],[103.7826962,1.3061613],[103.7826698,1.3061611],[103.7826702,1.3061254],[103.7826058,1.3061249],[103.7826058,1.3061327]]]},"clearanceHeight":1.7,"clearancePrepared":true},"geometry":{"type":"Polygon","coordinates":[[[103.7826058,1.3061249],[103.7826058,1.3061327],[103.7825755,1.3061324],[103.782575,1.3061922],[103.7825469,1.3061919],[103.782547,1.3061722],[103.7824924,1.3061717],[103.7824929,1.3061175],[103.7825501,1.3061181],[103.7825502,1.3061053],[103.782565,1.3061055],[103.7825655,1.3060516],[103.7825364,1.3060513],[103.7825364,1.3060455],[103.7824754,1.306045],[103.7824753,1.3060607],[103.782417,1.3060602],[103.7824171,1.306043],[103.7823592,1.3060424],[103.7823592,1.3060499],[103.7823301,1.3060496],[103.7823296,1.306104],[103.7823482,1.3061041],[103.7823481,1.3061201],[103.7823924,1.3061205],[103.7823923,1.3061345],[103.7823618,1.3061342],[103.7823616,1.3061601],[103.7823064,1.3061596],[103.7823061,1.3061889],[103.7822893,1.3061888],[103.7822892,1.3061987],[103.7822684,1.3061986],[103.782268,1.3062444],[103.7822955,1.3062446],[103.7822955,1.3062539],[103.7823591,1.3062545],[103.7823593,1.3062385],[103.7823811,1.3062387],[103.7823809,1.3062651],[103.7824281,1.3062655],[103.7824284,1.3062291],[103.7824902,1.3062297],[103.78249,1.3062528],[103.7824713,1.3062526],[103.7824714,1.3062503],[103.7824466,1.3062501],[103.7824465,1.3062551],[103.7824387,1.306255],[103.7824382,1.3063092],[103.7824664,1.3063095],[103.7824663,1.3063233],[103.7825261,1.3063239],[103.7825262,1.3063153],[103.7826244,1.3063162],[103.7826243,1.306326],[103.782683,1.3063266],[103.7826831,1.3063186],[103.7827159,1.3063189],[103.7827163,1.3062705],[103.7827021,1.3062704],[103.7827022,1.3062605],[103.7826877,1.3062604],[103.7826878,1.306254],[103.7826644,1.3062538],[103.7826646,1.3062339],[103.7826386,1.3062337],[103.7826387,1.3062198],[103.7826522,1.3062199],[103.7826523,1.3062078],[103.7826958,1.3062082],[103.7826962,1.3061613],[103.7826698,1.3061611],[103.7826702,1.3061254],[103.7826058,1.3061249]]]}},{"type":"Feature","id":"way/758842672-0","properties":{"building:levels":"40","building:part":"yes","clearanceGeometry":{"type":"Polygon","coordinates":[[[103.7822783,1.3057569],[103.7822437,1.3057577],[103.7822434,1.3057443],[103.7822609,1.3057438],[103.7822593,1.3056801],[103.7821954,1.3056817],[103.782196,1.3057076],[103.7821397,1.305709],[103.7821391,1.3056828],[103.7820738,1.3056844],[103.7820752,1.3057431],[103.7820959,1.3057426],[103.7820966,1.3057695],[103.7821229,1.3057688],[103.7821234,1.3057876],[103.7820866,1.3057885],[103.7820874,1.3058216],[103.7820684,1.305822],[103.7820687,1.3058318],[103.7820509,1.3058323],[103.782052,1.3058747],[103.782083,1.3058739],[103.7820832,1.3058837],[103.7821396,1.3058823],[103.7821393,1.3058717],[103.7821677,1.305871],[103.7821679,1.3058796],[103.7821929,1.305879],[103.7821928,1.3058721],[103.7822211,1.3058714],[103.7822214,1.3058838],[103.7822806,1.3058823],[103.7822804,1.3058734],[103.7823086,1.3058727],[103.7823075,1.305827],[103.7822916,1.3058274],[103.7822914,1.3058171],[103.7822728,1.3058175],[103.7822723,1.3057956],[103.782322,1.3057944],[103.7823226,1.3058158],[103.7823657,1.3058147],[103.7823648,1.3057805],[103.7823922,1.3057798],[103.7823925,1.3057899],[103.7824524,1.3057884],[103.7824522,1.3057812],[103.7824798,1.3057805],[103.7824787,1.3057363],[103.7824639,1.3057367],[103.7824637,1.3057291],[103.7824441,1.3057295],[103.7824432,1.3056947],[103.7824145,1.3056954],[103.782414,1.3056725],[103.7824244,1.3056722],[103.7824239,1.3056518],[103.7824696,1.3056506],[103.782469,1.3056288],[103.7824882,1.3056284],[103.7824872,1.3055857],[103.782458,1.3055864],[103.7824577,1.3055758],[103.7823942,1.3055774],[103.7823946,1.3055941],[103.7823386,1.3055955],[103.7823382,1.305578],[103.7822786,1.3055795],[103.7822788,1.3055854],[103.7822508,1.3055861],[103.7822519,1.3056301],[103.7822689,1.3056297],[103.7822694,1.3056522],[103.7823076,1.3056512],[103.7823082,1.3056784],[103.7822764,1.3056792],[103.7822783,1.3057569]]]},"clearanceHeight":1.7,"clearancePrepared":true},"geometry":{"type":"Polygon","coordinates":[[[103.7822764,1.3056792],[103.7822783,1.3057569],[103.7822437,1.3057577],[103.7822434,1.3057443],[103.7822609,1.3057438],[103.7822593,1.3056801],[103.7821954,1.3056817],[103.782196,1.3057076],[103.7821397,1.305709],[103.7821391,1.3056828],[103.7820738,1.3056844],[103.7820752,1.3057431],[103.7820959,1.3057426],[103.7820966,1.3057695],[103.7821229,1.3057688],[103.7821234,1.3057876],[103.7820866,1.3057885],[103.7820874,1.3058216],[103.7820684,1.305822],[103.7820687,1.3058318],[103.7820509,1.3058323],[103.782052,1.3058747],[103.782083,1.3058739],[103.7820832,1.3058837],[103.7821396,1.3058823],[103.7821393,1.3058717],[103.7821677,1.305871],[103.7821679,1.3058796],[103.7821929,1.305879],[103.7821928,1.3058721],[103.7822211,1.3058714],[103.7822214,1.3058838],[103.7822806,1.3058823],[103.7822804,1.3058734],[103.7823086,1.3058727],[103.7823075,1.305827],[103.7822916,1.3058274],[103.7822914,1.3058171],[103.7822728,1.3058175],[103.7822723,1.3057956],[103.782322,1.3057944],[103.7823226,1.3058158],[103.7823657,1.3058147],[103.7823648,1.3057805],[103.7823922,1.3057798],[103.7823925,1.3057899],[103.7824524,1.3057884],[103.7824522,1.3057812],[103.7824798,1.3057805],[103.7824787,1.3057363],[103.7824639,1.3057367],[103.7824637,1.3057291],[103.7824441,1.3057295],[103.7824432,1.3056947],[103.7824145,1.3056954],[103.782414,1.3056725],[103.7824244,1.3056722],[103.7824239,1.3056518],[103.7824696,1.3056506],[103.782469,1.3056288],[103.7824882,1.3056284],[103.7824872,1.3055857],[103.782458,1.3055864],[103.7824577,1.3055758],[103.7823942,1.3055774],[103.7823946,1.3055941],[103.7823386,1.3055955],[103.7823382,1.305578],[103.7822786,1.3055795],[103.7822788,1.3055854],[103.7822508,1.3055861],[103.7822519,1.3056301],[103.7822689,1.3056297],[103.7822694,1.3056522],[103.7823076,1.3056512],[103.7823082,1.3056784],[103.7822764,1.3056792]]]}},{"type":"Feature","id":"way/758842673-0","properties":{"building:levels":"37","building:part":"yes","clearanceGeometry":{"type":"Polygon","coordinates":[[[103.7818813,1.3053242],[103.7818217,1.3053246],[103.7818218,1.3053374],[103.7817941,1.3053376],[103.7817944,1.3053784],[103.7818088,1.3053783],[103.7818089,1.305386],[103.781829,1.3053858],[103.7818293,1.3054177],[103.7818654,1.3054174],[103.7818656,1.30544],[103.781855,1.3054401],[103.7818552,1.3054591],[103.7818118,1.3054595],[103.7818119,1.3054711],[103.781792,1.3054713],[103.7817925,1.3055261],[103.781818,1.3055259],[103.7818181,1.3055372],[103.7818817,1.3055367],[103.7818815,1.3055197],[103.7819385,1.3055193],[103.7819387,1.3055383],[103.7819983,1.3055379],[103.7819982,1.305526],[103.7820293,1.3055257],[103.7820289,1.3054726],[103.7820102,1.3054728],[103.7820101,1.3054615],[103.7819655,1.3054618],[103.7819653,1.3054357],[103.781949,1.3054359],[103.7819489,1.3054259],[103.7819099,1.3054263],[103.7819091,1.3053478],[103.7818815,1.305348],[103.7818813,1.3053242]]]},"clearanceHeight":1.7,"clearancePrepared":true},"geometry":{"type":"Polygon","coordinates":[[[103.7818815,1.305348],[103.7818813,1.3053242],[103.7818217,1.3053246],[103.7818218,1.3053374],[103.7817941,1.3053376],[103.7817944,1.3053784],[103.7818088,1.3053783],[103.7818089,1.305386],[103.781829,1.3053858],[103.7818293,1.3054177],[103.7818654,1.3054174],[103.7818656,1.30544],[103.781855,1.3054401],[103.7818552,1.3054591],[103.7818118,1.3054595],[103.7818119,1.3054711],[103.781792,1.3054713],[103.7817925,1.3055261],[103.781818,1.3055259],[103.7818181,1.3055372],[103.7818817,1.3055367],[103.7818815,1.3055197],[103.7819385,1.3055193],[103.7819387,1.3055383],[103.7819983,1.3055379],[103.7819982,1.305526],[103.7820293,1.3055257],[103.7820289,1.3054726],[103.7820102,1.3054728],[103.7820101,1.3054615],[103.7819655,1.3054618],[103.7819653,1.3054357],[103.781949,1.3054359],[103.7819489,1.3054259],[103.7819099,1.3054263],[103.7819091,1.3053478],[103.7818815,1.305348]]]}},{"type":"Feature","id":"way/758842674-0","properties":{"building:levels":"40","building:part":"yes","clearanceGeometry":{"type":"Polygon","coordinates":[[[103.7819489,1.3054259],[103.781949,1.3054359],[103.7819653,1.3054357],[103.7819985,1.3054353],[103.7819977,1.3053554],[103.7820302,1.3053551],[103.7820304,1.3053746],[103.7820119,1.3053748],[103.7820125,1.3054327],[103.7820767,1.305432],[103.7820764,1.3054065],[103.7821327,1.3054059],[103.782133,1.3054325],[103.7821985,1.3054318],[103.7821979,1.3053732],[103.7821774,1.3053735],[103.7821772,1.3053464],[103.7821509,1.3053467],[103.7821507,1.305328],[103.7821877,1.3053276],[103.7821874,1.3052947],[103.7822065,1.3052945],[103.7822064,1.3052848],[103.7822244,1.3052846],[103.782224,1.3052465],[103.7821933,1.3052468],[103.7821932,1.3052361],[103.7821358,1.3052367],[103.782136,1.3052587],[103.7821062,1.305259],[103.7821063,1.3052668],[103.782084,1.305267],[103.7820838,1.3052492],[103.7820552,1.3052495],[103.782055,1.3052294],[103.7819955,1.30523],[103.7819956,1.3052387],[103.7819672,1.305239],[103.7819677,1.3052846],[103.7819834,1.3052844],[103.7819836,1.3053037],[103.7820298,1.3053032],[103.7820301,1.3053237],[103.7819536,1.3053245],[103.7819534,1.3052999],[103.7819086,1.3053003],[103.7819091,1.3053478],[103.7819099,1.3054263],[103.7819489,1.3054259]]]},"clearanceHeight":1.7,"clearancePrepared":true},"geometry":{"type":"Polygon","coordinates":[[[103.7819099,1.3054263],[103.7819489,1.3054259],[103.781949,1.3054359],[103.7819653,1.3054357],[103.7819985,1.3054353],[103.7819977,1.3053554],[103.7820302,1.3053551],[103.7820304,1.3053746],[103.7820119,1.3053748],[103.7820125,1.3054327],[103.7820767,1.305432],[103.7820764,1.3054065],[103.7821327,1.3054059],[103.782133,1.3054325],[103.7821985,1.3054318],[103.7821979,1.3053732],[103.7821774,1.3053735],[103.7821772,1.3053464],[103.7821509,1.3053467],[103.7821507,1.305328],[103.7821877,1.3053276],[103.7821874,1.3052947],[103.7822065,1.3052945],[103.7822064,1.3052848],[103.7822244,1.3052846],[103.782224,1.3052465],[103.7821933,1.3052468],[103.7821932,1.3052361],[103.7821358,1.3052367],[103.782136,1.3052587],[103.7821062,1.305259],[103.7821063,1.3052668],[103.782084,1.305267],[103.7820838,1.3052492],[103.7820552,1.3052495],[103.782055,1.3052294],[103.7819955,1.30523],[103.7819956,1.3052387],[103.7819672,1.305239],[103.7819677,1.3052846],[103.7819834,1.3052844],[103.7819836,1.3053037],[103.7820298,1.3053032],[103.7820301,1.3053237],[103.7819536,1.3053245],[103.7819534,1.3052999],[103.7819086,1.3053003],[103.7819091,1.3053478],[103.7819099,1.3054263]]]}},{"type":"Feature","id":"way/1148266660-0","properties":{"building":"yes","clearanceGeometry":{"type":"Polygon","coordinates":[[[103.7801431,1.3051341],[103.7800306,1.3050305],[103.7799357,1.3051319],[103.7801277,1.3053216],[103.7802909,1.305337],[103.7803394,1.3049842],[103.7801607,1.3049621],[103.7801431,1.3051341]]]},"clearanceHeight":1.7,"clearancePrepared":true},"geometry":{"type":"Polygon","coordinates":[[[103.7801607,1.3049621],[103.7801431,1.3051341],[103.7800306,1.3050305],[103.7799357,1.3051319],[103.7801277,1.3053216],[103.7802909,1.305337],[103.7803394,1.3049842],[103.7801607,1.3049621]]]}},{"type":"Feature","id":"way/1148266661-0","properties":{"building":"yes","clearanceGeometry":{"type":"Polygon","coordinates":[[[103.7794208,1.3049417],[103.7794757,1.3049988],[103.7795567,1.3049211],[103.7792492,1.3046008],[103.7791183,1.3047263],[103.779371,1.3049895],[103.7794208,1.3049417]]]},"clearanceHeight":1.7,"clearancePrepared":true},"geometry":{"type":"Polygon","coordinates":[[[103.779371,1.3049895],[103.7794208,1.3049417],[103.7794757,1.3049988],[103.7795567,1.3049211],[103.7792492,1.3046008],[103.7791183,1.3047263],[103.779371,1.3049895]]]}},{"type":"Feature","id":"way/1148266662-0","properties":{"building":"yes","clearanceGeometry":{"type":"Polygon","coordinates":[[[103.7801547,1.3058014],[103.7800371,1.3057116],[103.7798643,1.3059327],[103.7796065,1.3058322],[103.7796055,1.3059728],[103.7798804,1.3061792],[103.7801547,1.3058014]]]},"clearanceHeight":1.7,"clearancePrepared":true},"geometry":{"type":"Polygon","coordinates":[[[103.7798804,1.3061792],[103.7801547,1.3058014],[103.7800371,1.3057116],[103.7798643,1.3059327],[103.7796065,1.3058322],[103.7796055,1.3059728],[103.7798804,1.3061792]]]}},{"type":"Feature","id":"way/1150428561-0","properties":{"building":"roof","layer":"1","clearanceGeometry":{"type":"Polygon","coordinates":[[[103.7792241,1.3051407],[103.77919,1.3052163],[103.7792677,1.3052514],[103.7792975,1.3051737],[103.7792241,1.3051407]]]},"clearanceHeight":1.7,"clearancePrepared":true},"geometry":{"type":"Polygon","coordinates":[[[103.7792975,1.3051737],[103.7792241,1.3051407],[103.77919,1.3052163],[103.7792677,1.3052514],[103.7792975,1.3051737]]]}},{"type":"Feature","id":"way/1150428562-0","properties":{"building":"roof","layer":"1","clearanceGeometry":{"type":"Polygon","coordinates":[[[103.77933,1.3051801],[103.7792959,1.3052556],[103.7793737,1.3052908],[103.7794035,1.3052131],[103.77933,1.3051801]]]},"clearanceHeight":1.7,"clearancePrepared":true},"geometry":{"type":"Polygon","coordinates":[[[103.7794035,1.3052131],[103.77933,1.3051801],[103.7792959,1.3052556],[103.7793737,1.3052908],[103.7794035,1.3052131]]]}},{"type":"Feature","id":"way/1150428563-0","properties":{"building":"roof","layer":"1","clearanceGeometry":{"type":"Polygon","coordinates":[[[103.779362,1.3050821],[103.7793279,1.3051577],[103.7794056,1.3051928],[103.7794354,1.3051151],[103.779362,1.3050821]]]},"clearanceHeight":1.7,"clearancePrepared":true},"geometry":{"type":"Polygon","coordinates":[[[103.7794354,1.3051151],[103.779362,1.3050821],[103.7793279,1.3051577],[103.7794056,1.3051928],[103.7794354,1.3051151]]]}},{"type":"Feature","id":"way/1150428564-0","properties":{"building":"roof","layer":"1","clearanceGeometry":{"type":"Polygon","coordinates":[[[103.7792608,1.3050417],[103.7792267,1.3051173],[103.7793045,1.3051524],[103.7793343,1.3050747],[103.7792608,1.3050417]]]},"clearanceHeight":1.7,"clearancePrepared":true},"geometry":{"type":"Polygon","coordinates":[[[103.7793343,1.3050747],[103.7792608,1.3050417],[103.7792267,1.3051173],[103.7793045,1.3051524],[103.7793343,1.3050747]]]}},{"type":"Feature","id":"way/1150428565-0","properties":{"building":"yes","clearanceGeometry":{"type":"Polygon","coordinates":[[[103.7793807,1.3053014],[103.7791589,1.305263],[103.7791462,1.3053361],[103.779368,1.3053745],[103.7793807,1.3053014]]]},"clearanceHeight":1.7,"clearancePrepared":true},"geometry":{"type":"Polygon","coordinates":[[[103.779368,1.3053745],[103.7793807,1.3053014],[103.7791589,1.305263],[103.7791462,1.3053361],[103.779368,1.3053745]]]}},{"type":"Feature","id":"way/1150428567-0","properties":{"building":"yes","clearanceGeometry":{"type":"Polygon","coordinates":[[[103.7791102,1.3040982],[103.7791179,1.3042069],[103.7793111,1.3041932],[103.77930351776324,1.304086260920404],[103.77930197745916,1.3040847001374507],[103.7791102,1.3040982]]]},"clearanceHeight":1.7,"clearancePrepared":true},"geometry":{"type":"Polygon","coordinates":[[[103.7793034,1.3040846],[103.7791102,1.3040982],[103.7791179,1.3042069],[103.7793111,1.3041932],[103.7793034,1.3040846]]]}},{"type":"Feature","id":"way/1197459296-0","properties":{"amenity":"social_facility","building":"yes","name":"St. John's - St. Margaret's Nursing Home","social_facility":"nursing_home","social_facility:for":"senior","clearanceGeometry":{"type":"Polygon","coordinates":[[[103.7814821,1.3061592],[103.7813362,1.3062042],[103.7813837,1.3063159],[103.7815021,1.3064725],[103.7820238,1.3066808],[103.7821038,1.3063908],[103.7814821,1.3061592]]]},"clearanceHeight":1.7,"clearancePrepared":true},"geometry":{"type":"Polygon","coordinates":[[[103.7821038,1.3063908],[103.7814821,1.3061592],[103.7813362,1.3062042],[103.7813837,1.3063159],[103.7815021,1.3064725],[103.7820238,1.3066808],[103.7821038,1.3063908]]]}},{"type":"Feature","id":"node/239620883","properties":{"highway":"traffic_signals"},"geometry":{"type":"Point","coordinates":[103.782354,1.3032034]}},{"type":"Feature","id":"node/4732376950","properties":{"highway":"traffic_signals"},"geometry":{"type":"Point","coordinates":[103.7817794,1.3040331]}},{"type":"Feature","id":"node/4732376955","properties":{"highway":"traffic_signals","source":"Kaart Ground Survey 2017"},"geometry":{"type":"Point","coordinates":[103.7816879,1.3039741]}},{"type":"Feature","id":"node/4733003080","properties":{"highway":"traffic_signals"},"geometry":{"type":"Point","coordinates":[103.7806773,1.3056389]}},{"type":"Feature","id":"node/4733026397","properties":{"highway":"traffic_signals"},"geometry":{"type":"Point","coordinates":[103.7806157,1.3055607]}},{"type":"Feature","id":"node/6214873026","properties":{"highway":"traffic_signals"},"geometry":{"type":"Point","coordinates":[103.7806256,1.3056975]}},{"type":"Feature","id":"node/6214873027","properties":{"highway":"traffic_signals"},"geometry":{"type":"Point","coordinates":[103.7805653,1.305634]}},{"type":"Feature","id":"node/1701910735","properties":{"highway":"crossing"},"geometry":{"type":"Point","coordinates":[103.7824212,1.3045755]}},{"type":"Feature","id":"node/4734860518","properties":{"highway":"crossing"},"geometry":{"type":"Point","coordinates":[103.7808673,1.3050172]}},{"type":"Feature","id":"node/5173934573","properties":{"highway":"crossing"},"geometry":{"type":"Point","coordinates":[103.7807577,1.3050865]}},{"type":"Feature","id":"node/5239881923","properties":{"highway":"crossing"},"geometry":{"type":"Point","coordinates":[103.7821452,1.304366]}},{"type":"Feature","id":"node/5239881926","properties":{"highway":"crossing"},"geometry":{"type":"Point","coordinates":[103.7822746,1.3044555]}},{"type":"Feature","id":"node/7903656251","properties":{"button_operated":"yes","crossing":"traffic_signals","highway":"crossing"},"geometry":{"type":"Point","coordinates":[103.7806511,1.3055109]}},{"type":"Feature","id":"node/7903656252","properties":{"button_operated":"yes","crossing":"traffic_signals","highway":"crossing"},"geometry":{"type":"Point","coordinates":[103.7807269,1.3055652]}},{"type":"Feature","id":"node/7903666115","properties":{"crossing":"traffic_signals","highway":"crossing"},"geometry":{"type":"Point","coordinates":[103.7805586,1.3057938]}},{"type":"Feature","id":"node/7903666116","properties":{"crossing":"traffic_signals","highway":"crossing"},"geometry":{"type":"Point","coordinates":[103.7804909,1.3057436]}},{"type":"Feature","id":"node/7903666117","properties":{"crossing":"traffic_signals","highway":"crossing"},"geometry":{"type":"Point","coordinates":[103.7806696,1.3057556]}},{"type":"Feature","id":"node/7903666118","properties":{"button_operated":"yes","crossing":"traffic_signals","highway":"crossing"},"geometry":{"type":"Point","coordinates":[103.7807205,1.305696]}},{"type":"Feature","id":"node/7903671332","properties":{"crossing":"unmarked","crossing:markings":"no","highway":"crossing","tactile_paving":"yes"},"geometry":{"type":"Point","coordinates":[103.7811849,1.3061834]}},{"type":"Feature","id":"node/7904442996","properties":{"highway":"crossing"},"geometry":{"type":"Point","coordinates":[103.782071,1.3041995]}},{"type":"Feature","id":"node/7904443026","properties":{"highway":"crossing"},"geometry":{"type":"Point","coordinates":[103.7826009,1.3054155]}},{"type":"Feature","id":"node/7904443031","properties":{"button_operated":"yes","crossing":"traffic_signals","crossing:island":"no","highway":"crossing"},"geometry":{"type":"Point","coordinates":[103.7818274,1.3040731]}},{"type":"Feature","id":"node/7907184273","properties":{"highway":"crossing"},"geometry":{"type":"Point","coordinates":[103.7796114,1.3039748]}},{"type":"Feature","id":"node/7907189796","properties":{"highway":"crossing"},"geometry":{"type":"Point","coordinates":[103.7813404,1.3043953]}},{"type":"Feature","id":"node/7911378242","properties":{"highway":"crossing"},"geometry":{"type":"Point","coordinates":[103.7810397,1.3059842]}},{"type":"Feature","id":"node/7918770858","properties":{"highway":"crossing"},"geometry":{"type":"Point","coordinates":[103.7821956,1.3031401]}},{"type":"Feature","id":"node/7926827209","properties":{"button_operated":"yes","crossing":"traffic_signals","highway":"crossing"},"geometry":{"type":"Point","coordinates":[103.7817411,1.3039077]}},{"type":"Feature","id":"node/7926827212","properties":{"button_operated":"yes","crossing":"traffic_signals","highway":"crossing"},"geometry":{"type":"Point","coordinates":[103.7818236,1.303966]}},{"type":"Feature","id":"node/7926832401","properties":{"button_operated":"yes","crossing":"traffic_signals","highway":"crossing"},"geometry":{"type":"Point","coordinates":[103.782282,1.3033083]}},{"type":"Feature","id":"node/7926832402","properties":{"button_operated":"yes","crossing":"traffic_signals","highway":"crossing"},"geometry":{"type":"Point","coordinates":[103.7822158,1.3032654]}},{"type":"Feature","id":"way/25098860-0-3-0","properties":{"highway":"tertiary","lanes":"2","maxspeed":"50","name":"Dover Avenue","name:zh":"\u675c\u4f5b\u9053","oneway":"yes","sidewalk:left":"separate","sidewalk:right":"no","surface":"asphalt","startNodeId":"6214873002","endNodeId":"1617421500"},"geometry":{"type":"LineString","coordinates":[[103.7813103,1.3064407],[103.7811216,1.3062212]]}},{"type":"Feature","id":"way/104661040-0-5-0","properties":{"highway":"service","lanes":"2","lanes:backward":"1","lanes:forward":"1","service":"driveway","turn:lanes:backward":"through","startNodeId":"1207251267","endNodeId":"6980153795"},"geometry":{"type":"LineString","coordinates":[[103.7801487,1.3065101],[103.7804847,1.3063471]]}},{"type":"Feature","id":"way/104661040-0-6-0","properties":{"highway":"service","lanes":"2","lanes:backward":"1","lanes:forward":"1","service":"driveway","turn:lanes:backward":"through","startNodeId":"6980153795","endNodeId":"6980153794"},"geometry":{"type":"LineString","coordinates":[[103.7804847,1.3063471],[103.7805851,1.3062984]]}},{"type":"Feature","id":"way/104661040-0-7-0","properties":{"highway":"service","lanes":"2","lanes:backward":"1","lanes:forward":"1","service":"driveway","turn:lanes:backward":"through","startNodeId":"6980153794","endNodeId":"1207252068"},"geometry":{"type":"LineString","coordinates":[[103.7805851,1.3062984],[103.7806419,1.3062709]]}},{"type":"Feature","id":"way/104661040-0-8-0","properties":{"highway":"service","lanes":"2","lanes:backward":"1","lanes:forward":"1","service":"driveway","turn:lanes:backward":"through","startNodeId":"1207252068","endNodeId":"1601329366"},"geometry":{"type":"LineString","coordinates":[[103.7806419,1.3062709],[103.7806954,1.3062637]]}},{"type":"Feature","id":"way/104661040-0-9-0","properties":{"highway":"service","lanes":"2","lanes:backward":"1","lanes:forward":"1","service":"driveway","turn:lanes:backward":"through","startNodeId":"1601329366","endNodeId":"1207252346"},"geometry":{"type":"LineString","coordinates":[[103.7806954,1.3062637],[103.7807483,1.3062744]]}},{"type":"Feature","id":"way/157966053-0-0-0","properties":{"highway":"service","lanes":"2","lanes:backward":"1","lanes:forward":"1","service":"driveway","startNodeId":"6993014016","endNodeId":"1701910760"},"geometry":{"type":"LineString","coordinates":[[103.781926,1.3047725],[103.781827,1.3048852]]}},{"type":"Feature","id":"way/157966053-0-1-0","properties":{"highway":"service","lanes":"2","lanes:backward":"1","lanes:forward":"1","service":"driveway","startNodeId":"1701910760","endNodeId":"5239881770"},"geometry":{"type":"LineString","coordinates":[[103.781827,1.3048852],[103.7818204,1.3049179]]}},{"type":"Feature","id":"way/157966053-0-2-0","properties":{"highway":"service","lanes":"2","lanes:backward":"1","lanes:forward":"1","service":"driveway","startNodeId":"5239881770","endNodeId":"7087365909"},"geometry":{"type":"LineString","coordinates":[[103.7818204,1.3049179],[103.7818213,1.3050561]]}},{"type":"Feature","id":"way/157966053-0-3-0","properties":{"highway":"service","lanes":"2","lanes:backward":"1","lanes:forward":"1","service":"driveway","startNodeId":"7087365909","endNodeId":"1701910742"},"geometry":{"type":"LineString","coordinates":[[103.7818213,1.3050561],[103.7818216,1.3051105]]}},{"type":"Feature","id":"way/157966054-0-0-0","properties":{"highway":"service","lanes":"1","oneway":"yes","service":"driveway","startNodeId":"1701910751","endNodeId":"1701910752"},"geometry":{"type":"LineString","coordinates":[[103.7825329,1.3052888],[103.7824779,1.305349]]}},{"type":"Feature","id":"way/157966054-0-1-0","properties":{"highway":"service","lanes":"1","oneway":"yes","service":"driveway","startNodeId":"1701910752","endNodeId":"5239881779"},"geometry":{"type":"LineString","coordinates":[[103.7824779,1.305349],[103.7824547,1.3053876]]}},{"type":"Feature","id":"way/157966054-0-2-0","properties":{"highway":"service","lanes":"1","oneway":"yes","service":"driveway","startNodeId":"5239881779","endNodeId":"1701910753"},"geometry":{"type":"LineString","coordinates":[[103.7824547,1.3053876],[103.7824417,1.3054335]]}},{"type":"Feature","id":"way/157966054-0-3-0","properties":{"highway":"service","lanes":"1","oneway":"yes","service":"driveway","startNodeId":"1701910753","endNodeId":"1701910754"},"geometry":{"type":"LineString","coordinates":[[103.7824417,1.3054335],[103.7824444,1.3054907]]}},{"type":"Feature","id":"way/157966054-0-4-0","properties":{"highway":"service","lanes":"1","oneway":"yes","service":"driveway","startNodeId":"1701910754","endNodeId":"5239881778"},"geometry":{"type":"LineString","coordinates":[[103.7824444,1.3054907],[103.7824593,1.3055209]]}},{"type":"Feature","id":"way/157966054-0-5-0","properties":{"highway":"service","lanes":"1","oneway":"yes","service":"driveway","startNodeId":"5239881778","endNodeId":"1701910757"},"geometry":{"type":"LineString","coordinates":[[103.7824593,1.3055209],[103.7824935,1.3055422]]}},{"type":"Feature","id":"way/157966055-0-0-0","properties":{"highway":"residential","lanes":"2","lanes:backward":"1","lanes:forward":"1","maxspeed":"50","name":"Dover Crescent","name:zh":"\u675c\u4f5b\u5f2f","surface":"asphalt","startNodeId":"1701910724","endNodeId":"3838403041"},"geometry":{"type":"LineString","coordinates":[[103.7825051,1.3047386],[103.7824836,1.3046899]]}},{"type":"Feature","id":"way/157966055-0-1-0","properties":{"highway":"residential","lanes":"2","lanes:backward":"1","lanes:forward":"1","maxspeed":"50","name":"Dover Crescent","name:zh":"\u675c\u4f5b\u5f2f","surface":"asphalt","startNodeId":"3838403041","endNodeId":"1701910735"},"geometry":{"type":"LineString","coordinates":[[103.7824836,1.3046899],[103.7824212,1.3045755]]}},{"type":"Feature","id":"way/157966055-0-2-0","properties":{"highway":"residential","lanes":"2","lanes:backward":"1","lanes:forward":"1","maxspeed":"50","name":"Dover Crescent","name:zh":"\u675c\u4f5b\u5f2f","surface":"asphalt","startNodeId":"1701910735","endNodeId":"6993382576"},"geometry":{"type":"LineString","coordinates":[[103.7824212,1.3045755],[103.7823867,1.3045237]]}},{"type":"Feature","id":"way/157966056-0-0-0","properties":{"highway":"service","lanes":"2","lanes:backward":"1","lanes:forward":"1","service":"driveway","turn:lanes:backward":"left;right","turn:lanes:forward":"left;right","startNodeId":"1701910756","endNodeId":"7904443026"},"geometry":{"type":"LineString","coordinates":[[103.7825681,1.3054227],[103.7826009,1.3054155]]}},{"type":"Feature","id":"way/157966056-0-1-0","properties":{"highway":"service","lanes":"2","lanes:backward":"1","lanes:forward":"1","service":"driveway","turn:lanes:backward":"left;right","turn:lanes:forward":"left;right","startNodeId":"7904443026","endNodeId":"1701910762"},"geometry":{"type":"LineString","coordinates":[[103.7826009,1.3054155],[103.782661,1.3054024]]}},{"type":"Feature","id":"way/172342476-0-0-0","properties":{"access":"permissive","highway":"service","startNodeId":"5239755724","endNodeId":"5239755739"},"geometry":{"type":"LineString","coordinates":[[103.7810486,1.3027106],[103.7809389,1.3026447]]}},{"type":"Feature","id":"way/172342476-0-1-0","properties":{"access":"permissive","highway":"service","startNodeId":"5239755739","endNodeId":"6977549439"},"geometry":{"type":"LineString","coordinates":[[103.7809389,1.3026447],[103.7807704,1.30229]]}},{"type":"Feature","id":"way/173551191-0-0-0","properties":{"highway":"service","lanes":"2","lanes:backward":"1","lanes:forward":"1","service":"driveway","sidewalk":"both","startNodeId":"6977207971","endNodeId":"1843450745"},"geometry":{"type":"LineString","coordinates":[[103.783331,1.3030338],[103.7829841,1.3032372]]}},{"type":"Feature","id":"way/173551214-0-0-0","properties":{"highway":"service","lanes":"2","lanes:backward":"1","lanes:forward":"1","service":"driveway","turn:lanes:backward":"through","turn:lanes:forward":"through","startNodeId":"1843450727","endNodeId":"1843450729"},"geometry":{"type":"LineString","coordinates":[[103.7833869,1.3027185],[103.7833687,1.302754]]}},{"type":"Feature","id":"way/173551214-0-1-0","properties":{"highway":"service","lanes":"2","lanes:backward":"1","lanes:forward":"1","service":"driveway","turn:lanes:backward":"through","turn:lanes:forward":"through","startNodeId":"1843450729","endNodeId":"1843450731"},"geometry":{"type":"LineString","coordinates":[[103.7833687,1.302754],[103.7833617,1.3027694]]}},{"type":"Feature","id":"way/173551214-0-2-0","properties":{"highway":"service","lanes":"2","lanes:backward":"1","lanes:forward":"1","service":"driveway","turn:lanes:backward":"through","turn:lanes:forward":"through","startNodeId":"1843450731","endNodeId":"1843450735"},"geometry":{"type":"LineString","coordinates":[[103.7833617,1.3027694],[103.7833548,1.3028518]]}},{"type":"Feature","id":"way/173553210-0-0-0","properties":{"highway":"service","lanes":"1","oneway":"yes","surface":"asphalt","startNodeId":"4734863621","endNodeId":"4734860519"},"geometry":{"type":"LineString","coordinates":[[103.7809809,1.3050237],[103.7809086,1.3050219]]}},{"type":"Feature","id":"way/173553210-0-1-0","properties":{"highway":"service","lanes":"1","oneway":"yes","surface":"asphalt","startNodeId":"4734860519","endNodeId":"4734860518"},"geometry":{"type":"LineString","coordinates":[[103.7809086,1.3050219],[103.7808673,1.3050172]]}},{"type":"Feature","id":"way/173553210-0-2-0","properties":{"highway":"service","lanes":"1","oneway":"yes","surface":"asphalt","startNodeId":"4734860518","endNodeId":"4734860517"},"geometry":{"type":"LineString","coordinates":[[103.7808673,1.3050172],[103.7807943,1.3049957]]}},{"type":"Feature","id":"way/173553210-0-3-0","properties":{"highway":"service","lanes":"1","oneway":"yes","surface":"asphalt","startNodeId":"4734860517","endNodeId":"4733026396"},"geometry":{"type":"LineString","coordinates":[[103.7807943,1.3049957],[103.7807028,1.3049661]]}},{"type":"Feature","id":"way/173896144-0-2-0","properties":{"highway":"tertiary","lanes":"2","maxspeed":"40","name":"Dover Road","name:en":"Dover Road","name:zh":"\u675c\u4f5b\u8def","oneway":"yes","sidewalk:left":"separate","sidewalk:right":"no","surface":"asphalt","startNodeId":"4732376953","endNodeId":"6987759914"},"geometry":{"type":"LineString","coordinates":[[103.7831933,1.3019037],[103.782729,1.3025193]]}},{"type":"Feature","id":"way/380518618-0-0-0","properties":{"highway":"service","lanes":"2","lanes:backward":"1","lanes:forward":"1","service":"parking_aisle","turn:lanes:backward":"left;right","turn:lanes:forward":"through","startNodeId":"3838403018","endNodeId":"7904442996"},"geometry":{"type":"LineString","coordinates":[[103.7820199,1.3042335],[103.782071,1.3041995]]}},{"type":"Feature","id":"way/380518618-0-1-0","properties":{"highway":"service","lanes":"2","lanes:backward":"1","lanes:forward":"1","service":"parking_aisle","turn:lanes:backward":"left;right","turn:lanes:forward":"through","startNodeId":"7904442996","endNodeId":"6995867177"},"geometry":{"type":"LineString","coordinates":[[103.782071,1.3041995],[103.7822337,1.3041076]]}},{"type":"Feature","id":"way/480302342-0-0-0","properties":{"highway":"service","lanes":"1","oneway":"yes","surface":"asphalt","turn:lanes":"left","startNodeId":"4733026396","endNodeId":"4733026395"},"geometry":{"type":"LineString","coordinates":[[103.7807028,1.3049661],[103.7807456,1.3050589]]}},{"type":"Feature","id":"way/480302342-0-1-0","properties":{"highway":"service","lanes":"1","oneway":"yes","surface":"asphalt","turn:lanes":"left","startNodeId":"4733026395","endNodeId":"5173934573"},"geometry":{"type":"LineString","coordinates":[[103.7807456,1.3050589],[103.7807577,1.3050865]]}},{"type":"Feature","id":"way/480302342-0-2-0","properties":{"highway":"service","lanes":"1","oneway":"yes","surface":"asphalt","turn:lanes":"left","startNodeId":"5173934573","endNodeId":"4733026394"},"geometry":{"type":"LineString","coordinates":[[103.7807577,1.3050865],[103.7807963,1.3052037]]}},{"type":"Feature","id":"way/480302342-0-3-0","properties":{"highway":"service","lanes":"1","oneway":"yes","surface":"asphalt","turn:lanes":"left","startNodeId":"4733026394","endNodeId":"4733026393"},"geometry":{"type":"LineString","coordinates":[[103.7807963,1.3052037],[103.7808279,1.3052682]]}},{"type":"Feature","id":"way/480302345-0-0-0","properties":{"highway":"service","lanes":"2","lanes:backward":"1","lanes:forward":"1","surface":"asphalt","startNodeId":"4733026396","endNodeId":"1843468893"},"geometry":{"type":"LineString","coordinates":[[103.7807028,1.3049661],[103.7803603,1.3045971]]}},{"type":"Feature","id":"way/480302345-0-1-0","properties":{"highway":"service","lanes":"2","lanes:backward":"1","lanes:forward":"1","surface":"asphalt","startNodeId":"1843468893","endNodeId":"5173934574"},"geometry":{"type":"LineString","coordinates":[[103.7803603,1.3045971],[103.7801587,1.3043746]]}},{"type":"Feature","id":"way/480302345-0-2-0","properties":{"highway":"service","lanes":"2","lanes:backward":"1","lanes:forward":"1","surface":"asphalt","startNodeId":"5173934574","endNodeId":"1843468891"},"geometry":{"type":"LineString","coordinates":[[103.7801587,1.3043746],[103.7799531,1.3041903]]}},{"type":"Feature","id":"way/480302345-0-3-0","properties":{"highway":"service","lanes":"2","lanes:backward":"1","lanes:forward":"1","surface":"asphalt","startNodeId":"1843468891","endNodeId":"5173934575"},"geometry":{"type":"LineString","coordinates":[[103.7799531,1.3041903],[103.7797791,1.3040606]]}},{"type":"Feature","id":"way/480302345-0-4-0","properties":{"highway":"service","lanes":"2","lanes:backward":"1","lanes:forward":"1","surface":"asphalt","startNodeId":"5173934575","endNodeId":"7645147676"},"geometry":{"type":"LineString","coordinates":[[103.7797791,1.3040606],[103.7796352,1.3039605]]}},{"type":"Feature","id":"way/480302345-0-5-0","properties":{"highway":"service","lanes":"2","lanes:backward":"1","lanes:forward":"1","surface":"asphalt","startNodeId":"7645147676","endNodeId":"1843468887"},"geometry":{"type":"LineString","coordinates":[[103.7796352,1.3039605],[103.7790676,1.3035657]]}},{"type":"Feature","id":"way/512870223-0-0-0","properties":{"highway":"tertiary","lanes":"2","maxspeed":"40","name":"Dover Road","name:en":"Dover Road","name:zh":"\u675c\u4f5b\u8def","oneway":"yes","surface":"asphalt","startNodeId":"239620883","endNodeId":"4732376960"},"geometry":{"type":"LineString","coordinates":[[103.782354,1.3032034],[103.7823859,1.3031511]]}},{"type":"Feature","id":"way/512870223-0-1-0","properties":{"highway":"tertiary","lanes":"2","maxspeed":"40","name":"Dover Road","name:en":"Dover Road","name:zh":"\u675c\u4f5b\u8def","oneway":"yes","surface":"asphalt","startNodeId":"4732376960","endNodeId":"3838403050"},"geometry":{"type":"LineString","coordinates":[[103.7823859,1.3031511],[103.7824339,1.3030545]]}},{"type":"Feature","id":"way/512870223-0-2-0","properties":{"highway":"tertiary","lanes":"2","maxspeed":"40","name":"Dover Road","name:en":"Dover Road","name:zh":"\u675c\u4f5b\u8def","oneway":"yes","surface":"asphalt","startNodeId":"3838403050","endNodeId":"4732376959"},"geometry":{"type":"LineString","coordinates":[[103.7824339,1.3030545],[103.7830513,1.3022263]]}},{"type":"Feature","id":"way/512870224-0-0-0","properties":{"highway":"tertiary","maxspeed":"50","name":"Dover Avenue","name:zh":"\u675c\u4f5b\u9053","oneway":"yes","surface":"asphalt","startNodeId":"4733003080","endNodeId":"4733026397"},"geometry":{"type":"LineString","coordinates":[[103.7806773,1.3056389],[103.7806157,1.3055607]]}},{"type":"Feature","id":"way/512870225-0-0-0","properties":{"highway":"tertiary","lanes":"2","maxspeed":"40","name":"Dover Road","name:en":"Dover Road","name:zh":"\u675c\u4f5b\u8def","oneway":"yes","surface":"asphalt","startNodeId":"6214873027","endNodeId":"7903666116"},"geometry":{"type":"LineString","coordinates":[[103.7805653,1.305634],[103.7804909,1.3057436]]}},{"type":"Feature","id":"way/512870225-0-1-0","properties":{"highway":"tertiary","lanes":"2","maxspeed":"40","name":"Dover Road","name:en":"Dover Road","name:zh":"\u675c\u4f5b\u8def","oneway":"yes","surface":"asphalt","startNodeId":"7903666116","endNodeId":"4733003115"},"geometry":{"type":"LineString","coordinates":[[103.7804909,1.3057436],[103.7802639,1.3060758]]}},{"type":"Feature","id":"way/512870225-0-2-0","properties":{"highway":"tertiary","lanes":"2","maxspeed":"40","name":"Dover Road","name:en":"Dover Road","name:zh":"\u675c\u4f5b\u8def","oneway":"yes","surface":"asphalt","startNodeId":"4733003115","endNodeId":"5173650955"},"geometry":{"type":"LineString","coordinates":[[103.7802639,1.3060758],[103.7800976,1.3062869]]}},{"type":"Feature","id":"way/512870225-0-3-0","properties":{"highway":"tertiary","lanes":"2","maxspeed":"40","name":"Dover Road","name:en":"Dover Road","name:zh":"\u675c\u4f5b\u8def","oneway":"yes","surface":"asphalt","startNodeId":"5173650955","endNodeId":"4733003116"},"geometry":{"type":"LineString","coordinates":[[103.7800976,1.3062869],[103.7800277,1.3063519]]}},{"type":"Feature","id":"way/512870225-0-4-0","properties":{"highway":"tertiary","lanes":"2","maxspeed":"40","name":"Dover Road","name:en":"Dover Road","name:zh":"\u675c\u4f5b\u8def","oneway":"yes","surface":"asphalt","startNodeId":"4733003116","endNodeId":"5173650954"},"geometry":{"type":"LineString","coordinates":[[103.7800277,1.3063519],[103.7799404,1.3064386]]}},{"type":"Feature","id":"way/512870225-0-5-0","properties":{"highway":"tertiary","lanes":"2","maxspeed":"40","name":"Dover Road","name:en":"Dover Road","name:zh":"\u675c\u4f5b\u8def","oneway":"yes","surface":"asphalt","startNodeId":"5173650954","endNodeId":"5432126802"},"geometry":{"type":"LineString","coordinates":[[103.7799404,1.3064386],[103.7798865,1.3064742]]}},{"type":"Feature","id":"way/526889768-0-0-0","properties":{"highway":"service","lanes":"2","lanes:backward":"1","lanes:forward":"1","service":"parking_aisle","turn:lanes:backward":"left;right","turn:lanes:forward":"through","startNodeId":"1617421500","endNodeId":"7903671332"},"geometry":{"type":"LineString","coordinates":[[103.7811216,1.3062212],[103.7811849,1.3061834]]}},{"type":"Feature","id":"way/526889768-0-1-0","properties":{"highway":"service","lanes":"2","lanes:backward":"1","lanes:forward":"1","service":"parking_aisle","turn:lanes:backward":"left;right","turn:lanes:forward":"through","startNodeId":"7903671332","endNodeId":"5122901542"},"geometry":{"type":"LineString","coordinates":[[103.7811849,1.3061834],[103.7812113,1.3061676]]}},{"type":"Feature","id":"way/541921330-0-0-0","properties":{"highway":"service","lanes":"2","lanes:backward":"1","lanes:forward":"1","service":"parking_aisle","startNodeId":"5239755678","endNodeId":"5239755677"},"geometry":{"type":"LineString","coordinates":[[103.7796227,1.3025902],[103.7796118,1.3026789]]}},{"type":"Feature","id":"way/541921330-0-1-0","properties":{"highway":"service","lanes":"2","lanes:backward":"1","lanes:forward":"1","service":"parking_aisle","startNodeId":"5239755677","endNodeId":"5239755676"},"geometry":{"type":"LineString","coordinates":[[103.7796118,1.3026789],[103.7796076,1.3027218]]}},{"type":"Feature","id":"way/541921330-0-2-0","properties":{"highway":"service","lanes":"2","lanes:backward":"1","lanes:forward":"1","service":"parking_aisle","startNodeId":"5239755676","endNodeId":"5239755675"},"geometry":{"type":"LineString","coordinates":[[103.7796076,1.3027218],[103.7795987,1.3027582]]}},{"type":"Feature","id":"way/541921330-0-3-0","properties":{"highway":"service","lanes":"2","lanes:backward":"1","lanes:forward":"1","service":"parking_aisle","startNodeId":"5239755675","endNodeId":"5239755674"},"geometry":{"type":"LineString","coordinates":[[103.7795987,1.3027582],[103.7793891,1.3031775]]}},{"type":"Feature","id":"way/541921330-0-4-0","properties":{"highway":"service","lanes":"2","lanes:backward":"1","lanes:forward":"1","service":"parking_aisle","startNodeId":"5239755674","endNodeId":"5239755673"},"geometry":{"type":"LineString","coordinates":[[103.7793891,1.3031775],[103.7793799,1.3032199]]}},{"type":"Feature","id":"way/541921330-0-5-0","properties":{"highway":"service","lanes":"2","lanes:backward":"1","lanes:forward":"1","service":"parking_aisle","startNodeId":"5239755673","endNodeId":"5239755672"},"geometry":{"type":"LineString","coordinates":[[103.7793799,1.3032199],[103.7793781,1.3032655]]}},{"type":"Feature","id":"way/541921330-0-6-0","properties":{"highway":"service","lanes":"2","lanes:backward":"1","lanes:forward":"1","service":"parking_aisle","startNodeId":"5239755672","endNodeId":"5239755671"},"geometry":{"type":"LineString","coordinates":[[103.7793781,1.3032655],[103.7793922,1.3035337]]}},{"type":"Feature","id":"way/541921330-0-7-0","properties":{"highway":"service","lanes":"2","lanes:backward":"1","lanes:forward":"1","service":"parking_aisle","startNodeId":"5239755671","endNodeId":"5239755667"},"geometry":{"type":"LineString","coordinates":[[103.7793922,1.3035337],[103.7794016,1.3035705]]}},{"type":"Feature","id":"way/541921330-0-8-0","properties":{"highway":"service","lanes":"2","lanes:backward":"1","lanes:forward":"1","service":"parking_aisle","startNodeId":"5239755667","endNodeId":"5239755670"},"geometry":{"type":"LineString","coordinates":[[103.7794016,1.3035705],[103.779423,1.3036154]]}},{"type":"Feature","id":"way/541921330-0-9-0","properties":{"highway":"service","lanes":"2","lanes:backward":"1","lanes:forward":"1","service":"parking_aisle","startNodeId":"5239755670","endNodeId":"5239755669"},"geometry":{"type":"LineString","coordinates":[[103.779423,1.3036154],[103.7794654,1.3036534]]}},{"type":"Feature","id":"way/541921330-0-10-0","properties":{"highway":"service","lanes":"2","lanes:backward":"1","lanes:forward":"1","service":"parking_aisle","startNodeId":"5239755669","endNodeId":"5239755668"},"geometry":{"type":"LineString","coordinates":[[103.7794654,1.3036534],[103.7799613,1.3040342]]}},{"type":"Feature","id":"way/541921330-0-11-0","properties":{"highway":"service","lanes":"2","lanes:backward":"1","lanes:forward":"1","service":"parking_aisle","startNodeId":"5239755668","endNodeId":"5239755665"},"geometry":{"type":"LineString","coordinates":[[103.7799613,1.3040342],[103.7800452,1.304086]]}},{"type":"Feature","id":"way/541921330-0-12-0","properties":{"highway":"service","lanes":"2","lanes:backward":"1","lanes:forward":"1","service":"parking_aisle","startNodeId":"5239755665","endNodeId":"5239755664"},"geometry":{"type":"LineString","coordinates":[[103.7800452,1.304086],[103.780135,1.3041544]]}},{"type":"Feature","id":"way/541921330-0-13-0","properties":{"highway":"service","lanes":"2","lanes:backward":"1","lanes:forward":"1","service":"parking_aisle","startNodeId":"5239755664","endNodeId":"5239755663"},"geometry":{"type":"LineString","coordinates":[[103.780135,1.3041544],[103.780318,1.3043558]]}},{"type":"Feature","id":"way/541921330-0-14-0","properties":{"highway":"service","lanes":"2","lanes:backward":"1","lanes:forward":"1","service":"parking_aisle","startNodeId":"5239755663","endNodeId":"5239755662"},"geometry":{"type":"LineString","coordinates":[[103.780318,1.3043558],[103.7803763,1.3044012]]}},{"type":"Feature","id":"way/541921330-0-15-0","properties":{"highway":"service","lanes":"2","lanes:backward":"1","lanes:forward":"1","service":"parking_aisle","startNodeId":"5239755662","endNodeId":"5239755661"},"geometry":{"type":"LineString","coordinates":[[103.7803763,1.3044012],[103.7805085,1.3044116]]}},{"type":"Feature","id":"way/541921330-0-16-0","properties":{"highway":"service","lanes":"2","lanes:backward":"1","lanes:forward":"1","service":"parking_aisle","startNodeId":"5239755661","endNodeId":"5239755660"},"geometry":{"type":"LineString","coordinates":[[103.7805085,1.3044116],[103.7811321,1.304398]]}},{"type":"Feature","id":"way/541921330-0-17-0","properties":{"highway":"service","lanes":"2","lanes:backward":"1","lanes:forward":"1","service":"parking_aisle","startNodeId":"5239755660","endNodeId":"5239755659"},"geometry":{"type":"LineString","coordinates":[[103.7811321,1.304398],[103.7811905,1.3043938]]}},{"type":"Feature","id":"way/541921330-0-18-0","properties":{"highway":"service","lanes":"2","lanes:backward":"1","lanes:forward":"1","service":"parking_aisle","startNodeId":"5239755659","endNodeId":"5239755658"},"geometry":{"type":"LineString","coordinates":[[103.7811905,1.3043938],[103.7812307,1.3043817]]}},{"type":"Feature","id":"way/541921330-0-19-0","properties":{"highway":"service","lanes":"2","lanes:backward":"1","lanes:forward":"1","service":"parking_aisle","startNodeId":"5239755658","endNodeId":"5239755691"},"geometry":{"type":"LineString","coordinates":[[103.7812307,1.3043817],[103.7812681,1.3043497]]}},{"type":"Feature","id":"way/541921331-0-0-0","properties":{"highway":"service","lanes":"1","oneway":"yes","service":"parking_aisle","turn:lanes":"through","startNodeId":"7645373300","endNodeId":"7645373287"},"geometry":{"type":"LineString","coordinates":[[103.7793214,1.3021864],[103.7793087,1.3022027]]}},{"type":"Feature","id":"way/541921331-0-1-0","properties":{"highway":"service","lanes":"1","oneway":"yes","service":"parking_aisle","turn:lanes":"through","startNodeId":"7645373287","endNodeId":"7645373288"},"geometry":{"type":"LineString","coordinates":[[103.7793087,1.3022027],[103.7793031,1.3022226]]}},{"type":"Feature","id":"way/541921331-0-2-0","properties":{"highway":"service","lanes":"1","oneway":"yes","service":"parking_aisle","turn:lanes":"through","startNodeId":"7645373288","endNodeId":"7645373301"},"geometry":{"type":"LineString","coordinates":[[103.7793031,1.3022226],[103.7793056,1.3022432]]}},{"type":"Feature","id":"way/541921331-0-3-0","properties":{"highway":"service","lanes":"1","oneway":"yes","service":"parking_aisle","turn:lanes":"through","startNodeId":"7645373301","endNodeId":"7645373289"},"geometry":{"type":"LineString","coordinates":[[103.7793056,1.3022432],[103.7793125,1.3022572]]}},{"type":"Feature","id":"way/541921331-0-4-0","properties":{"highway":"service","lanes":"1","oneway":"yes","service":"parking_aisle","turn:lanes":"through","startNodeId":"7645373289","endNodeId":"7645373290"},"geometry":{"type":"LineString","coordinates":[[103.7793125,1.3022572],[103.7793231,1.3022685]]}},{"type":"Feature","id":"way/541921331-0-5-0","properties":{"highway":"service","lanes":"1","oneway":"yes","service":"parking_aisle","turn:lanes":"through","startNodeId":"7645373290","endNodeId":"5239755684"},"geometry":{"type":"LineString","coordinates":[[103.7793231,1.3022685],[103.7793366,1.3022764]]}},{"type":"Feature","id":"way/541921331-0-6-0","properties":{"highway":"service","lanes":"1","oneway":"yes","service":"parking_aisle","turn:lanes":"through","startNodeId":"5239755684","endNodeId":"7645373291"},"geometry":{"type":"LineString","coordinates":[[103.7793366,1.3022764],[103.7793587,1.3022801]]}},{"type":"Feature","id":"way/541921331-0-7-0","properties":{"highway":"service","lanes":"1","oneway":"yes","service":"parking_aisle","turn:lanes":"through","startNodeId":"7645373291","endNodeId":"7645373292"},"geometry":{"type":"LineString","coordinates":[[103.7793587,1.3022801],[103.7793805,1.3022745]]}},{"type":"Feature","id":"way/541921331-0-8-0","properties":{"highway":"service","lanes":"1","oneway":"yes","service":"parking_aisle","turn:lanes":"through","startNodeId":"7645373292","endNodeId":"5239755683"},"geometry":{"type":"LineString","coordinates":[[103.7793805,1.3022745],[103.7793892,1.3022674]]}},{"type":"Feature","id":"way/541921331-0-9-0","properties":{"highway":"service","lanes":"1","oneway":"yes","service":"parking_aisle","turn:lanes":"through","startNodeId":"5239755683","endNodeId":"7645373293"},"geometry":{"type":"LineString","coordinates":[[103.7793892,1.3022674],[103.779398,1.3022604]]}},{"type":"Feature","id":"way/541921331-0-10-0","properties":{"highway":"service","lanes":"1","oneway":"yes","service":"parking_aisle","turn:lanes":"through","startNodeId":"7645373293","endNodeId":"7645373294"},"geometry":{"type":"LineString","coordinates":[[103.779398,1.3022604],[103.7794081,1.3022403]]}},{"type":"Feature","id":"way/541921331-0-11-0","properties":{"highway":"service","lanes":"1","oneway":"yes","service":"parking_aisle","turn:lanes":"through","startNodeId":"7645373294","endNodeId":"7645373295"},"geometry":{"type":"LineString","coordinates":[[103.7794081,1.3022403],[103.7794091,1.3022179]]}},{"type":"Feature","id":"way/541921331-0-12-0","properties":{"highway":"service","lanes":"1","oneway":"yes","service":"parking_aisle","turn:lanes":"through","startNodeId":"7645373295","endNodeId":"7645373296"},"geometry":{"type":"LineString","coordinates":[[103.7794091,1.3022179],[103.7794008,1.302197]]}},{"type":"Feature","id":"way/541921331-0-13-0","properties":{"highway":"service","lanes":"1","oneway":"yes","service":"parking_aisle","turn:lanes":"through","startNodeId":"7645373296","endNodeId":"7645373297"},"geometry":{"type":"LineString","coordinates":[[103.7794008,1.302197],[103.7793847,1.3021814]]}},{"type":"Feature","id":"way/541921331-0-14-0","properties":{"highway":"service","lanes":"1","oneway":"yes","service":"parking_aisle","turn:lanes":"through","startNodeId":"7645373297","endNodeId":"7645373298"},"geometry":{"type":"LineString","coordinates":[[103.7793847,1.3021814],[103.7793635,1.3021738]]}},{"type":"Feature","id":"way/541921331-0-15-0","properties":{"highway":"service","lanes":"1","oneway":"yes","service":"parking_aisle","turn:lanes":"through","startNodeId":"7645373298","endNodeId":"7645373299"},"geometry":{"type":"LineString","coordinates":[[103.7793635,1.3021738],[103.7793411,1.3021755]]}},{"type":"Feature","id":"way/541921331-0-16-0","properties":{"highway":"service","lanes":"1","oneway":"yes","service":"parking_aisle","turn:lanes":"through","startNodeId":"7645373299","endNodeId":"6979307345"},"geometry":{"type":"LineString","coordinates":[[103.7793411,1.3021755],[103.7793306,1.3021809]]}},{"type":"Feature","id":"way/541921331-0-17-0","properties":{"highway":"service","lanes":"1","oneway":"yes","service":"parking_aisle","turn:lanes":"through","startNodeId":"6979307345","endNodeId":"7645373300"},"geometry":{"type":"LineString","coordinates":[[103.7793306,1.3021809],[103.7793214,1.3021864]]}},{"type":"Feature","id":"way/541921333-0-0-0","properties":{"highway":"service","lanes":"2","lanes:backward":"1","lanes:forward":"1","service":"parking_aisle","turn:lanes:backward":"left","startNodeId":"5239755687","endNodeId":"5239755686"},"geometry":{"type":"LineString","coordinates":[[103.7815677,1.3033324],[103.7817012,1.3033217]]}},{"type":"Feature","id":"way/541921334-0-0-0","properties":{"highway":"service","lanes":"2","lanes:backward":"1","lanes:forward":"1","service":"parking_aisle","startNodeId":"5239755689","endNodeId":"6979277299"},"geometry":{"type":"LineString","coordinates":[[103.7816913,1.3037016],[103.7816978,1.303452]]}},{"type":"Feature","id":"way/541921335-0-0-0","properties":{"highway":"service","lanes":"2","lanes:backward":"1","lanes:forward":"1","turn:lanes:backward":"left;right","turn:lanes:forward":"left","startNodeId":"5239755691","endNodeId":"7907189796"},"geometry":{"type":"LineString","coordinates":[[103.7812681,1.3043497],[103.7813404,1.3043953]]}},{"type":"Feature","id":"way/541921335-0-1-0","properties":{"highway":"service","lanes":"2","lanes:backward":"1","lanes:forward":"1","turn:lanes:backward":"left;right","turn:lanes:forward":"left","startNodeId":"7907189796","endNodeId":"5239755690"},"geometry":{"type":"LineString","coordinates":[[103.7813404,1.3043953],[103.7813791,1.3044198]]}},{"type":"Feature","id":"way/541921336-0-0-0","properties":{"highway":"service","lanes":"2","lanes:backward":"1","lanes:forward":"1","startNodeId":"5239755687","endNodeId":"5239755695"},"geometry":{"type":"LineString","coordinates":[[103.7815677,1.3033324],[103.7815589,1.3039071]]}},{"type":"Feature","id":"way/541921336-0-1-0","properties":{"highway":"service","lanes":"2","lanes:backward":"1","lanes:forward":"1","startNodeId":"5239755695","endNodeId":"5239755694"},"geometry":{"type":"LineString","coordinates":[[103.7815589,1.3039071],[103.7815507,1.3039456]]}},{"type":"Feature","id":"way/541921336-0-2-0","properties":{"highway":"service","lanes":"2","lanes:backward":"1","lanes:forward":"1","startNodeId":"5239755694","endNodeId":"5239755693"},"geometry":{"type":"LineString","coordinates":[[103.7815507,1.3039456],[103.7815332,1.3039923]]}},{"type":"Feature","id":"way/541921336-0-3-0","properties":{"highway":"service","lanes":"2","lanes:backward":"1","lanes:forward":"1","startNodeId":"5239755693","endNodeId":"5239755692"},"geometry":{"type":"LineString","coordinates":[[103.7815332,1.3039923],[103.7815098,1.3040261]]}},{"type":"Feature","id":"way/541921336-0-4-0","properties":{"highway":"service","lanes":"2","lanes:backward":"1","lanes:forward":"1","startNodeId":"5239755692","endNodeId":"6979307347"},"geometry":{"type":"LineString","coordinates":[[103.7815098,1.3040261],[103.7813661,1.3042185]]}},{"type":"Feature","id":"way/541921336-0-5-0","properties":{"highway":"service","lanes":"2","lanes:backward":"1","lanes:forward":"1","startNodeId":"6979307347","endNodeId":"5239755691"},"geometry":{"type":"LineString","coordinates":[[103.7813661,1.3042185],[103.7812681,1.3043497]]}},{"type":"Feature","id":"way/541921337-0-0-0","properties":{"highway":"service","lanes":"1","oneway":"yes","startNodeId":"5239755711","endNodeId":"5239755696"},"geometry":{"type":"LineString","coordinates":[[103.7814746,1.3030049],[103.7815228,1.3030088]]}},{"type":"Feature","id":"way/541921337-0-1-0","properties":{"highway":"service","lanes":"1","oneway":"yes","startNodeId":"5239755696","endNodeId":"5239755699"},"geometry":{"type":"LineString","coordinates":[[103.7815228,1.3030088],[103.7817227,1.3030737]]}},{"type":"Feature","id":"way/541921338-0-0-0","properties":{"highway":"service","lanes":"1","oneway":"yes","startNodeId":"5239755711","endNodeId":"5239755708"},"geometry":{"type":"LineString","coordinates":[[103.7814746,1.3030049],[103.7814941,1.3030223]]}},{"type":"Feature","id":"way/541921338-0-1-0","properties":{"highway":"service","lanes":"1","oneway":"yes","startNodeId":"5239755708","endNodeId":"5239755707"},"geometry":{"type":"LineString","coordinates":[[103.7814941,1.3030223],[103.7815275,1.3030548]]}},{"type":"Feature","id":"way/541921338-0-2-0","properties":{"highway":"service","lanes":"1","oneway":"yes","startNodeId":"5239755707","endNodeId":"5239755706"},"geometry":{"type":"LineString","coordinates":[[103.7815275,1.3030548],[103.7815434,1.3030746]]}},{"type":"Feature","id":"way/541921338-0-3-0","properties":{"highway":"service","lanes":"1","oneway":"yes","startNodeId":"5239755706","endNodeId":"5239755705"},"geometry":{"type":"LineString","coordinates":[[103.7815434,1.3030746],[103.781572,1.3031752]]}},{"type":"Feature","id":"way/541921339-0-0-0","properties":{"access":"permissive","bridge":"yes","highway":"service","lanes":"2","lanes:backward":"1","lanes:forward":"1","layer":"1","startNodeId":"5239755709","endNodeId":"5239755710"},"geometry":{"type":"LineString","coordinates":[[103.7813407,1.3028248],[103.7811949,1.3027735]]}},{"type":"Feature","id":"way/541921340-0-0-0","properties":{"highway":"service","lanes":"2","lanes:backward":"1","lanes:forward":"1","startNodeId":"239620883","endNodeId":"595964051"},"geometry":{"type":"LineString","coordinates":[[103.782354,1.3032034],[103.7822838,1.3031765]]}},{"type":"Feature","id":"way/541921341-0-0-0","properties":{"highway":"service","lanes":"1","startNodeId":"5239755705","endNodeId":"5239755704"},"geometry":{"type":"LineString","coordinates":[[103.781572,1.3031752],[103.7816189,1.3031221]]}},{"type":"Feature","id":"way/541921341-0-1-0","properties":{"highway":"service","lanes":"1","startNodeId":"5239755704","endNodeId":"5239755703"},"geometry":{"type":"LineString","coordinates":[[103.7816189,1.3031221],[103.7816433,1.3031128]]}},{"type":"Feature","id":"way/541921341-0-2-0","properties":{"highway":"service","lanes":"1","startNodeId":"5239755703","endNodeId":"5239755702"},"geometry":{"type":"LineString","coordinates":[[103.7816433,1.3031128],[103.7816643,1.303101]]}},{"type":"Feature","id":"way/541921341-0-3-0","properties":{"highway":"service","lanes":"1","startNodeId":"5239755702","endNodeId":"5239755701"},"geometry":{"type":"LineString","coordinates":[[103.7816643,1.303101],[103.7816927,1.3030906]]}},{"type":"Feature","id":"way/541921341-0-4-0","properties":{"highway":"service","lanes":"1","startNodeId":"5239755701","endNodeId":"5239755700"},"geometry":{"type":"LineString","coordinates":[[103.7816927,1.3030906],[103.7817064,1.3030846]]}},{"type":"Feature","id":"way/541921341-0-5-0","properties":{"highway":"service","lanes":"1","startNodeId":"5239755700","endNodeId":"5239755699"},"geometry":{"type":"LineString","coordinates":[[103.7817064,1.3030846],[103.7817227,1.3030737]]}},{"type":"Feature","id":"way/541921342-0-0-0","properties":{"highway":"service","lanes":"1","oneway":"yes","service":"driveway","startNodeId":"5239755715","endNodeId":"5239755714"},"geometry":{"type":"LineString","coordinates":[[103.7813249,1.3026961],[103.781313,1.302707]]}},{"type":"Feature","id":"way/541921342-0-1-0","properties":{"highway":"service","lanes":"1","oneway":"yes","service":"driveway","startNodeId":"5239755714","endNodeId":"5239755713"},"geometry":{"type":"LineString","coordinates":[[103.781313,1.302707],[103.7813031,1.3027256]]}},{"type":"Feature","id":"way/541921342-0-2-0","properties":{"highway":"service","lanes":"1","oneway":"yes","service":"driveway","startNodeId":"5239755713","endNodeId":"5239755712"},"geometry":{"type":"LineString","coordinates":[[103.7813031,1.3027256],[103.7812223,1.3029208]]}},{"type":"Feature","id":"way/541921343-0-0-0","properties":{"highway":"service","lanes":"1","oneway":"yes","service":"parking_aisle","turn:lanes":"through","startNodeId":"5239755723","endNodeId":"5239755722"},"geometry":{"type":"LineString","coordinates":[[103.7818993,1.303026],[103.7819184,1.3029649]]}},{"type":"Feature","id":"way/541921343-0-1-0","properties":{"highway":"service","lanes":"1","oneway":"yes","service":"parking_aisle","turn:lanes":"through","startNodeId":"5239755722","endNodeId":"5239755721"},"geometry":{"type":"LineString","coordinates":[[103.7819184,1.3029649],[103.7819183,1.3029518]]}},{"type":"Feature","id":"way/541921343-0-2-0","properties":{"highway":"service","lanes":"1","oneway":"yes","service":"parking_aisle","turn:lanes":"through","startNodeId":"5239755721","endNodeId":"5239755720"},"geometry":{"type":"LineString","coordinates":[[103.7819183,1.3029518],[103.7819197,1.3029443]]}},{"type":"Feature","id":"way/541921343-0-3-0","properties":{"highway":"service","lanes":"1","oneway":"yes","service":"parking_aisle","turn:lanes":"through","startNodeId":"5239755720","endNodeId":"5239755719"},"geometry":{"type":"LineString","coordinates":[[103.7819197,1.3029443],[103.7819132,1.3029316]]}},{"type":"Feature","id":"way/541921343-0-4-0","properties":{"highway":"service","lanes":"1","oneway":"yes","service":"parking_aisle","turn:lanes":"through","startNodeId":"5239755719","endNodeId":"5239755718"},"geometry":{"type":"LineString","coordinates":[[103.7819132,1.3029316],[103.7819024,1.3029122]]}},{"type":"Feature","id":"way/541921343-0-5-0","properties":{"highway":"service","lanes":"1","oneway":"yes","service":"parking_aisle","turn:lanes":"through","startNodeId":"5239755718","endNodeId":"6292689271"},"geometry":{"type":"LineString","coordinates":[[103.7819024,1.3029122],[103.7814599,1.3027389]]}},{"type":"Feature","id":"way/541921344-0-0-0","properties":{"highway":"service","service":"driveway","startNodeId":"5239755730","endNodeId":"5239755729"},"geometry":{"type":"LineString","coordinates":[[103.780598,1.3028916],[103.7807813,1.3029255]]}},{"type":"Feature","id":"way/541921344-0-1-0","properties":{"highway":"service","service":"driveway","startNodeId":"5239755729","endNodeId":"5239755728"},"geometry":{"type":"LineString","coordinates":[[103.7807813,1.3029255],[103.7808514,1.3029208]]}},{"type":"Feature","id":"way/541921344-0-2-0","properties":{"highway":"service","service":"driveway","startNodeId":"5239755728","endNodeId":"5239755727"},"geometry":{"type":"LineString","coordinates":[[103.7808514,1.3029208],[103.7809249,1.3028905]]}},{"type":"Feature","id":"way/541921344-0-3-0","properties":{"highway":"service","service":"driveway","startNodeId":"5239755727","endNodeId":"5239755726"},"geometry":{"type":"LineString","coordinates":[[103.7809249,1.3028905],[103.7809775,1.3028496]]}},{"type":"Feature","id":"way/541921344-0-4-0","properties":{"highway":"service","service":"driveway","startNodeId":"5239755726","endNodeId":"5239755725"},"geometry":{"type":"LineString","coordinates":[[103.7809775,1.3028496],[103.7810055,1.3028111]]}},{"type":"Feature","id":"way/541921344-0-5-0","properties":{"highway":"service","service":"driveway","startNodeId":"5239755725","endNodeId":"5239755724"},"geometry":{"type":"LineString","coordinates":[[103.7810055,1.3028111],[103.7810486,1.3027106]]}},{"type":"Feature","id":"way/541921345-0-0-0","properties":{"highway":"service","service":"parking_aisle","startNodeId":"5239755734","endNodeId":"5239755733"},"geometry":{"type":"LineString","coordinates":[[103.7806224,1.3022456],[103.7806516,1.3021634]]}},{"type":"Feature","id":"way/541921345-0-1-0","properties":{"highway":"service","service":"parking_aisle","startNodeId":"5239755733","endNodeId":"5239755732"},"geometry":{"type":"LineString","coordinates":[[103.7806516,1.3021634],[103.7806578,1.3021545]]}},{"type":"Feature","id":"way/541921345-0-2-0","properties":{"highway":"service","service":"parking_aisle","startNodeId":"5239755732","endNodeId":"5239755731"},"geometry":{"type":"LineString","coordinates":[[103.7806578,1.3021545],[103.7806667,1.3021501]]}},{"type":"Feature","id":"way/541921345-0-3-0","properties":{"highway":"service","service":"parking_aisle","startNodeId":"5239755731","endNodeId":"5239755738"},"geometry":{"type":"LineString","coordinates":[[103.7806667,1.3021501],[103.7806999,1.3021415]]}},{"type":"Feature","id":"way/541921347-0-0-0","properties":{"highway":"service","service":"parking_aisle","startNodeId":"5239755736","endNodeId":"5239755737"},"geometry":{"type":"LineString","coordinates":[[103.7810793,1.3022403],[103.7808245,1.3021515]]}},{"type":"Feature","id":"way/541921348-0-0-0","properties":{"highway":"service","service":"parking_aisle","startNodeId":"5239755738","endNodeId":"5239755737"},"geometry":{"type":"LineString","coordinates":[[103.7806999,1.3021415],[103.7808245,1.3021515]]}},{"type":"Feature","id":"way/541933850-0-0-0","properties":{"highway":"service","lanes":"2","lanes:backward":"1","lanes:forward":"1","service":"driveway","startNodeId":"5239881772","endNodeId":"5239881777"},"geometry":{"type":"LineString","coordinates":[[103.7826811,1.305943],[103.7827696,1.306255]]}},{"type":"Feature","id":"way/541933850-0-1-0","properties":{"highway":"service","lanes":"2","lanes:backward":"1","lanes:forward":"1","service":"driveway","startNodeId":"5239881777","endNodeId":"5239881771"},"geometry":{"type":"LineString","coordinates":[[103.7827696,1.306255],[103.7827734,1.3063053]]}},{"type":"Feature","id":"way/541933850-0-2-0","properties":{"highway":"service","lanes":"2","lanes:backward":"1","lanes:forward":"1","service":"driveway","startNodeId":"5239881771","endNodeId":"5239881776"},"geometry":{"type":"LineString","coordinates":[[103.7827734,1.3063053],[103.7827617,1.3063448]]}},{"type":"Feature","id":"way/541933850-0-3-0","properties":{"highway":"service","lanes":"2","lanes:backward":"1","lanes:forward":"1","service":"driveway","startNodeId":"5239881776","endNodeId":"5239881775"},"geometry":{"type":"LineString","coordinates":[[103.7827617,1.3063448],[103.7827083,1.3063941]]}},{"type":"Feature","id":"way/541933850-0-4-0","properties":{"highway":"service","lanes":"2","lanes:backward":"1","lanes:forward":"1","service":"driveway","startNodeId":"5239881775","endNodeId":"5239881774"},"geometry":{"type":"LineString","coordinates":[[103.7827083,1.3063941],[103.7826684,1.3064056]]}},{"type":"Feature","id":"way/541933850-0-5-0","properties":{"highway":"service","lanes":"2","lanes:backward":"1","lanes:forward":"1","service":"driveway","startNodeId":"5239881774","endNodeId":"5239881773"},"geometry":{"type":"LineString","coordinates":[[103.7826684,1.3064056],[103.782511,1.3064066]]}},{"type":"Feature","id":"way/541933851-0-0-0","properties":{"highway":"service","lanes":"2","lanes:backward":"1","lanes:forward":"1","service":"driveway","turn:lanes:forward":"left;through","startNodeId":"1701910755","endNodeId":"1701910756"},"geometry":{"type":"LineString","coordinates":[[103.7825936,1.3055566],[103.7825681,1.3054227]]}},{"type":"Feature","id":"way/541933852-0-0-0","properties":{"highway":"service","lanes":"2","lanes:backward":"1","lanes:forward":"1","service":"driveway","startNodeId":"6993014015","endNodeId":"1701910749"},"geometry":{"type":"LineString","coordinates":[[103.7821754,1.304693],[103.7822379,1.3046961]]}},{"type":"Feature","id":"way/541933852-0-1-0","properties":{"highway":"service","lanes":"2","lanes:backward":"1","lanes:forward":"1","service":"driveway","startNodeId":"1701910749","endNodeId":"1701910750"},"geometry":{"type":"LineString","coordinates":[[103.7822379,1.3046961],[103.7823393,1.3047023]]}},{"type":"Feature","id":"way/541933852-0-2-0","properties":{"highway":"service","lanes":"2","lanes:backward":"1","lanes:forward":"1","service":"driveway","startNodeId":"1701910750","endNodeId":"6992992499"},"geometry":{"type":"LineString","coordinates":[[103.7823393,1.3047023],[103.7823755,1.3047162]]}},{"type":"Feature","id":"way/541933852-0-3-0","properties":{"highway":"service","lanes":"2","lanes:backward":"1","lanes:forward":"1","service":"driveway","startNodeId":"6992992499","endNodeId":"1701910758"},"geometry":{"type":"LineString","coordinates":[[103.7823755,1.3047162],[103.7824135,1.3047471]]}},{"type":"Feature","id":"way/541933852-0-4-0","properties":{"highway":"service","lanes":"2","lanes:backward":"1","lanes:forward":"1","service":"driveway","startNodeId":"1701910758","endNodeId":"6993026933"},"geometry":{"type":"LineString","coordinates":[[103.7824135,1.3047471],[103.7825021,1.3051489]]}},{"type":"Feature","id":"way/541933860-0-0-0","properties":{"highway":"service","lanes":"2","lanes:backward":"1","lanes:forward":"1","service":"driveway","sidewalk":"left","turn:lanes:backward":"right","startNodeId":"5239881922","endNodeId":"5239881923"},"geometry":{"type":"LineString","coordinates":[[103.7821495,1.3043193],[103.7821452,1.304366]]}},{"type":"Feature","id":"way/541933860-0-1-0","properties":{"highway":"service","lanes":"2","lanes:backward":"1","lanes:forward":"1","service":"driveway","sidewalk":"left","turn:lanes:backward":"right","startNodeId":"5239881923","endNodeId":"5239881924"},"geometry":{"type":"LineString","coordinates":[[103.7821452,1.304366],[103.7821354,1.3044356]]}},{"type":"Feature","id":"way/573704885-0-0-0","properties":{"highway":"tertiary","lanes":"3","maxspeed":"40","name":"Dover Road","name:en":"Dover Road","name:zh":"\u675c\u4f5b\u8def","oneway":"yes","surface":"asphalt","turn:lanes":"through|through;right|right","startNodeId":"4734863621","endNodeId":"4733026393"},"geometry":{"type":"LineString","coordinates":[[103.7809809,1.3050237],[103.7808279,1.3052682]]}},{"type":"Feature","id":"way/573704885-0-1-0","properties":{"highway":"tertiary","lanes":"3","maxspeed":"40","name":"Dover Road","name:en":"Dover Road","name:zh":"\u675c\u4f5b\u8def","oneway":"yes","surface":"asphalt","turn:lanes":"through|through;right|right","startNodeId":"4733026393","endNodeId":"7903656251"},"geometry":{"type":"LineString","coordinates":[[103.7808279,1.3052682],[103.7806511,1.3055109]]}},{"type":"Feature","id":"way/573704885-0-2-0","properties":{"highway":"tertiary","lanes":"3","maxspeed":"40","name":"Dover Road","name:en":"Dover Road","name:zh":"\u675c\u4f5b\u8def","oneway":"yes","surface":"asphalt","turn:lanes":"through|through;right|right","startNodeId":"7903656251","endNodeId":"4733026397"},"geometry":{"type":"LineString","coordinates":[[103.7806511,1.3055109],[103.7806157,1.3055607]]}},{"type":"Feature","id":"way/573704887-0-0-0","properties":{"highway":"service","lanes":"2","lanes:backward":"1","lanes:forward":"1","turn:lanes:backward":"left;right","startNodeId":"595964051","endNodeId":"7918770858"},"geometry":{"type":"LineString","coordinates":[[103.7822838,1.3031765],[103.7821956,1.3031401]]}},{"type":"Feature","id":"way/573704887-0-1-0","properties":{"highway":"service","lanes":"2","lanes:backward":"1","lanes:forward":"1","turn:lanes:backward":"left;right","startNodeId":"7918770858","endNodeId":"12594713425"},"geometry":{"type":"LineString","coordinates":[[103.7821956,1.3031401],[103.7821584,1.3031261]]}},{"type":"Feature","id":"way/633808836-0-0-0","properties":{"highway":"tertiary","lanes":"2","maxspeed":"40","name":"Dover Road","name:en":"Dover Road","name:zh":"\u675c\u4f5b\u8def","oneway":"yes","sidewalk:left":"separate","sidewalk:right":"no","surface":"asphalt","startNodeId":"4733003080","endNodeId":"7903656252"},"geometry":{"type":"LineString","coordinates":[[103.7806773,1.3056389],[103.7807269,1.3055652]]}},{"type":"Feature","id":"way/633808836-0-1-0","properties":{"highway":"tertiary","lanes":"2","maxspeed":"40","name":"Dover Road","name:en":"Dover Road","name:zh":"\u675c\u4f5b\u8def","oneway":"yes","sidewalk:left":"separate","sidewalk:right":"no","surface":"asphalt","startNodeId":"7903656252","endNodeId":"6141950652"},"geometry":{"type":"LineString","coordinates":[[103.7807269,1.3055652],[103.7812801,1.3047545]]}},{"type":"Feature","id":"way/633809027-0-0-0","properties":{"highway":"tertiary","lanes":"2","maxspeed":"40","name":"Dover Road","name:en":"Dover Road","name:zh":"\u675c\u4f5b\u8def","oneway":"yes","surface":"asphalt","turn:lanes":"through|through;right","startNodeId":"5982501059","endNodeId":"7926832401"},"geometry":{"type":"LineString","coordinates":[[103.7820992,1.3035712],[103.782282,1.3033083]]}},{"type":"Feature","id":"way/633809027-0-1-0","properties":{"highway":"tertiary","lanes":"2","maxspeed":"40","name":"Dover Road","name:en":"Dover Road","name:zh":"\u675c\u4f5b\u8def","oneway":"yes","surface":"asphalt","turn:lanes":"through|through;right","startNodeId":"7926832401","endNodeId":"239620883"},"geometry":{"type":"LineString","coordinates":[[103.782282,1.3033083],[103.782354,1.3032034]]}},{"type":"Feature","id":"way/635253797-0-0-0","properties":{"highway":"service","lanes":"1","oneway":"yes","service":"driveway","sidewalk":"left","turn:lanes":"left","startNodeId":"5239881925","endNodeId":"5239881926"},"geometry":{"type":"LineString","coordinates":[[103.7822254,1.3044841],[103.7822746,1.3044555]]}},{"type":"Feature","id":"way/635253797-0-1-0","properties":{"highway":"service","lanes":"1","oneway":"yes","service":"driveway","sidewalk":"left","turn:lanes":"left","startNodeId":"5239881926","endNodeId":"1701910722"},"geometry":{"type":"LineString","coordinates":[[103.7822746,1.3044555],[103.7823233,1.3044401]]}},{"type":"Feature","id":"way/635730439-0-0-0","properties":{"highway":"tertiary","lanes":"2","maxspeed":"50","name":"Dover Avenue","name:zh":"\u675c\u4f5b\u9053","oneway":"yes","sidewalk:left":"separate","sidewalk:right":"no","surface":"asphalt","turn:lanes":"left;through|through","startNodeId":"1617421500","endNodeId":"6987955097"},"geometry":{"type":"LineString","coordinates":[[103.7811216,1.3062212],[103.7809797,1.3060352]]}},{"type":"Feature","id":"way/638946001-0-0-0","properties":{"highway":"tertiary","lanes":"2","maxspeed":"40","name":"Dover Road","name:en":"Dover Road","name:zh":"\u675c\u4f5b\u8def","oneway":"yes","sidewalk:left":"separate","sidewalk:right":"no","surface":"asphalt","turn:lanes":"through|through;right","startNodeId":"595964051","endNodeId":"7926832402"},"geometry":{"type":"LineString","coordinates":[[103.7822838,1.3031765],[103.7822158,1.3032654]]}},{"type":"Feature","id":"way/638946001-0-1-0","properties":{"highway":"tertiary","lanes":"2","maxspeed":"40","name":"Dover Road","name:en":"Dover Road","name:zh":"\u675c\u4f5b\u8def","oneway":"yes","sidewalk:left":"separate","sidewalk:right":"no","surface":"asphalt","turn:lanes":"through|through;right","startNodeId":"7926832402","endNodeId":"7926827211"},"geometry":{"type":"LineString","coordinates":[[103.7822158,1.3032654],[103.7819497,1.3036242]]}},{"type":"Feature","id":"way/638946001-0-2-0","properties":{"highway":"tertiary","lanes":"2","maxspeed":"40","name":"Dover Road","name:en":"Dover Road","name:zh":"\u675c\u4f5b\u8def","oneway":"yes","sidewalk:left":"separate","sidewalk:right":"no","surface":"asphalt","turn:lanes":"through|through;right","startNodeId":"7926827211","endNodeId":"7926827210"},"geometry":{"type":"LineString","coordinates":[[103.7819497,1.3036242],[103.7818155,1.3038045]]}},{"type":"Feature","id":"way/638946001-0-3-0","properties":{"highway":"tertiary","lanes":"2","maxspeed":"40","name":"Dover Road","name:en":"Dover Road","name:zh":"\u675c\u4f5b\u8def","oneway":"yes","sidewalk:left":"separate","sidewalk:right":"no","surface":"asphalt","turn:lanes":"through|through;right","startNodeId":"7926827210","endNodeId":"7926827209"},"geometry":{"type":"LineString","coordinates":[[103.7818155,1.3038045],[103.7817411,1.3039077]]}},{"type":"Feature","id":"way/638946001-0-4-0","properties":{"highway":"tertiary","lanes":"2","maxspeed":"40","name":"Dover Road","name:en":"Dover Road","name:zh":"\u675c\u4f5b\u8def","oneway":"yes","sidewalk:left":"separate","sidewalk:right":"no","surface":"asphalt","turn:lanes":"through|through;right","startNodeId":"7926827209","endNodeId":"4732376955"},"geometry":{"type":"LineString","coordinates":[[103.7817411,1.3039077],[103.7816879,1.3039741]]}},{"type":"Feature","id":"way/640062959-0-0-0","properties":{"highway":"tertiary","lanes":"2","maxspeed":"40","name":"Dover Road","name:en":"Dover Road","name:zh":"\u675c\u4f5b\u8def","oneway":"yes","sidewalk:left":"separate","sidewalk:right":"no","surface":"asphalt","startNodeId":"4732376955","endNodeId":"5239755690"},"geometry":{"type":"LineString","coordinates":[[103.7816879,1.3039741],[103.7813791,1.3044198]]}},{"type":"Feature","id":"way/640062960-0-0-0","properties":{"highway":"tertiary","lanes":"2","maxspeed":"40","name":"Dover Road","name:en":"Dover Road","name:zh":"\u675c\u4f5b\u8def","oneway":"yes","surface":"asphalt","startNodeId":"4732376950","endNodeId":"7926827212"},"geometry":{"type":"LineString","coordinates":[[103.7817794,1.3040331],[103.7818236,1.303966]]}},{"type":"Feature","id":"way/640062960-0-1-0","properties":{"highway":"tertiary","lanes":"2","maxspeed":"40","name":"Dover Road","name:en":"Dover Road","name:zh":"\u675c\u4f5b\u8def","oneway":"yes","surface":"asphalt","startNodeId":"7926827212","endNodeId":"7926827213"},"geometry":{"type":"LineString","coordinates":[[103.7818236,1.303966],[103.7819349,1.3038045]]}},{"type":"Feature","id":"way/640062960-0-2-0","properties":{"highway":"tertiary","lanes":"2","maxspeed":"40","name":"Dover Road","name:en":"Dover Road","name:zh":"\u675c\u4f5b\u8def","oneway":"yes","surface":"asphalt","startNodeId":"7926827213","endNodeId":"5982501059"},"geometry":{"type":"LineString","coordinates":[[103.7819349,1.3038045],[103.7820992,1.3035712]]}},{"type":"Feature","id":"way/640062961-0-0-0","properties":{"highway":"residential","lanes":"3","lanes:backward":"1","lanes:forward":"2","maxspeed":"40","name":"Dover Crescent","name:zh":"\u675c\u4f5b\u5f2f","surface":"asphalt","startNodeId":"4732376950","endNodeId":"4732376955"},"geometry":{"type":"LineString","coordinates":[[103.7817794,1.3040331],[103.7816879,1.3039741]]}},{"type":"Feature","id":"way/640093272-0-0-0","properties":{"highway":"residential","lanes":"3","lanes:backward":"1","lanes:forward":"2","maxspeed":"40","name":"Dover Crescent","name:zh":"\u675c\u4f5b\u5f2f","surface":"asphalt","turn:lanes:forward":"left|right","startNodeId":"3838403018","endNodeId":"6996963218"},"geometry":{"type":"LineString","coordinates":[[103.7820199,1.3042335],[103.7819,1.3041336]]}},{"type":"Feature","id":"way/640093273-0-0-0","properties":{"highway":"residential","lanes":"2","lanes:backward":"1","lanes:forward":"1","maxspeed":"50","name":"Dover Crescent","name:zh":"\u675c\u4f5b\u5f2f","surface":"asphalt","turn:lanes:backward":"left;through","startNodeId":"5239881922","endNodeId":"3838403018"},"geometry":{"type":"LineString","coordinates":[[103.7821495,1.3043193],[103.7820199,1.3042335]]}},{"type":"Feature","id":"way/640093274-0-0-0","properties":{"highway":"residential","lanes":"2","lanes:backward":"1","lanes:forward":"1","maxspeed":"50","name":"Dover Crescent","name:zh":"\u675c\u4f5b\u5f2f","surface":"asphalt","turn:lanes:forward":"left;through;right","startNodeId":"1701910722","endNodeId":"1701910715"},"geometry":{"type":"LineString","coordinates":[[103.7823233,1.3044401],[103.7822227,1.3043691]]}},{"type":"Feature","id":"way/640093274-0-1-0","properties":{"highway":"residential","lanes":"2","lanes:backward":"1","lanes:forward":"1","maxspeed":"50","name":"Dover Crescent","name:zh":"\u675c\u4f5b\u5f2f","surface":"asphalt","turn:lanes:forward":"left;through;right","startNodeId":"1701910715","endNodeId":"5239881922"},"geometry":{"type":"LineString","coordinates":[[103.7822227,1.3043691],[103.7821495,1.3043193]]}},{"type":"Feature","id":"way/644824559-0-0-0","properties":{"highway":"service","lanes":"1","oneway":"yes","service":"driveway","startNodeId":"6977214157","endNodeId":"6977214156"},"geometry":{"type":"LineString","coordinates":[[103.7835371,1.3031253],[103.783563,1.3031451]]}},{"type":"Feature","id":"way/644824559-0-1-0","properties":{"highway":"service","lanes":"1","oneway":"yes","service":"driveway","startNodeId":"6977214156","endNodeId":"6977214155"},"geometry":{"type":"LineString","coordinates":[[103.783563,1.3031451],[103.7835863,1.3031409]]}},{"type":"Feature","id":"way/646179695-0-0-0","properties":{"highway":"service","lanes":"2","lanes:backward":"1","lanes:forward":"1","turn:lanes:backward":"left","turn:lanes:forward":"through;right","startNodeId":"5239755705","endNodeId":"5239755687"},"geometry":{"type":"LineString","coordinates":[[103.781572,1.3031752],[103.7815677,1.3033324]]}},{"type":"Feature","id":"way/646636087-0-0-0","properties":{"highway":"service","lanes":"2","lanes:backward":"1","lanes:forward":"1","service":"driveway","sidewalk":"both","startNodeId":"5239881927","endNodeId":"6993014017"},"geometry":{"type":"LineString","coordinates":[[103.7821206,1.3045426],[103.782068,1.3046062]]}},{"type":"Feature","id":"way/646812454-0-0-0","properties":{"access":"permissive","highway":"service","lanes":"2","lanes:backward":"1","lanes:forward":"1","startNodeId":"5239755710","endNodeId":"8654210842"},"geometry":{"type":"LineString","coordinates":[[103.7811949,1.3027735],[103.7810912,1.3027314]]}},{"type":"Feature","id":"way/646812454-0-1-0","properties":{"access":"permissive","highway":"service","lanes":"2","lanes:backward":"1","lanes:forward":"1","startNodeId":"8654210842","endNodeId":"5239755724"},"geometry":{"type":"LineString","coordinates":[[103.7810912,1.3027314],[103.7810486,1.3027106]]}},{"type":"Feature","id":"way/646812455-0-0-0","properties":{"access":"permissive","highway":"service","lanes":"2","lanes:backward":"1","lanes:forward":"1","turn:lanes:backward":"through","turn:lanes:forward":"through","startNodeId":"5239755723","endNodeId":"5239755697"},"geometry":{"type":"LineString","coordinates":[[103.7818993,1.303026],[103.7817541,1.3029733]]}},{"type":"Feature","id":"way/646812456-0-0-0","properties":{"access":"permissive","highway":"service","lanes":"2","lanes:backward":"1","lanes:forward":"1","turn:lanes:backward":"through","turn:lanes:forward":"through","startNodeId":"5239755697","endNodeId":"12594713426"},"geometry":{"type":"LineString","coordinates":[[103.7817541,1.3029733],[103.7817244,1.3029619]]}},{"type":"Feature","id":"way/646812456-0-1-0","properties":{"access":"permissive","highway":"service","lanes":"2","lanes:backward":"1","lanes:forward":"1","turn:lanes:backward":"through","turn:lanes:forward":"through","startNodeId":"12594713426","endNodeId":"6292689273"},"geometry":{"type":"LineString","coordinates":[[103.7817244,1.3029619],[103.7815862,1.3029089]]}},{"type":"Feature","id":"way/646812457-0-0-0","properties":{"highway":"service","lanes":"1","startNodeId":"5239755699","endNodeId":"5239755698"},"geometry":{"type":"LineString","coordinates":[[103.7817227,1.3030737],[103.7817426,1.3030401]]}},{"type":"Feature","id":"way/646812457-0-1-0","properties":{"highway":"service","lanes":"1","startNodeId":"5239755698","endNodeId":"10855367895"},"geometry":{"type":"LineString","coordinates":[[103.7817426,1.3030401],[103.7817467,1.3030165]]}},{"type":"Feature","id":"way/646812457-0-2-0","properties":{"highway":"service","lanes":"1","startNodeId":"10855367895","endNodeId":"5239755697"},"geometry":{"type":"LineString","coordinates":[[103.7817467,1.3030165],[103.7817541,1.3029733]]}},{"type":"Feature","id":"way/646812458-0-0-0","properties":{"highway":"service","lanes":"2","lanes:backward":"1","lanes:forward":"1","service":"parking_aisle","turn:lanes:backward":"left;through","turn:lanes:forward":"through","startNodeId":"5239755686","endNodeId":"5239755688"},"geometry":{"type":"LineString","coordinates":[[103.7817012,1.3033217],[103.781703,1.3031718]]}},{"type":"Feature","id":"way/646812459-0-0-0","properties":{"highway":"service","lanes":"2","lanes:backward":"1","lanes:forward":"1","service":"parking_aisle","turn:lanes:backward":"through","turn:lanes:forward":"through","startNodeId":"5239755680","endNodeId":"6979307344"},"geometry":{"type":"LineString","coordinates":[[103.7796501,1.3024521],[103.7797761,1.3025325]]}},{"type":"Feature","id":"way/646952427-0-0-0","properties":{"highway":"service","lanes":"2","lanes:backward":"1","lanes:forward":"1","service":"driveway","turn:lanes:backward":"through;right","startNodeId":"1701910756","endNodeId":"1701910751"},"geometry":{"type":"LineString","coordinates":[[103.7825681,1.3054227],[103.7825329,1.3052888]]}},{"type":"Feature","id":"way/647107656-0-0-0","properties":{"highway":"service","lanes":"2","lanes:backward":"1","lanes:forward":"1","name":"Prince Edward Drive","name:en":"Prince Edward Drive","name:zh":"\u7231\u5fb7\u534e\u592a\u5b50\u901a\u9053","service":"driveway","startNodeId":"1207252346","endNodeId":"1601329369"},"geometry":{"type":"LineString","coordinates":[[103.7807483,1.3062744],[103.780805,1.3063542]]}},{"type":"Feature","id":"way/647107656-0-1-0","properties":{"highway":"service","lanes":"2","lanes:backward":"1","lanes:forward":"1","name":"Prince Edward Drive","name:en":"Prince Edward Drive","name:zh":"\u7231\u5fb7\u534e\u592a\u5b50\u901a\u9053","service":"driveway","startNodeId":"1601329369","endNodeId":"6980135407"},"geometry":{"type":"LineString","coordinates":[[103.780805,1.3063542],[103.780951,1.306501]]}},{"type":"Feature","id":"way/650913236-0-0-0","properties":{"highway":"service","lanes":"2","lanes:backward":"1","lanes:forward":"1","service":"driveway","turn:lanes:backward":"left","turn:lanes:forward":"left;through","startNodeId":"1843450735","endNodeId":"1843450737"},"geometry":{"type":"LineString","coordinates":[[103.7833548,1.3028518],[103.783433,1.3029748]]}},{"type":"Feature","id":"way/650913237-0-0-0","properties":{"highway":"service","lanes":"2","lanes:backward":"1","lanes:forward":"1","service":"driveway","turn:lanes:forward":"left;right","startNodeId":"6105118302","endNodeId":"1843450727"},"geometry":{"type":"LineString","coordinates":[[103.7834664,1.3026718],[103.7833869,1.3027185]]}},{"type":"Feature","id":"way/650913238-0-0-0","properties":{"highway":"service","lanes":"2","lanes:backward":"1","lanes:forward":"1","service":"driveway","sidewalk":"left","startNodeId":"6105118303","endNodeId":"6977171213"},"geometry":{"type":"LineString","coordinates":[[103.7836639,1.3025593],[103.7835387,1.3026306]]}},{"type":"Feature","id":"way/650913240-0-0-0","properties":{"highway":"service","lanes":"1","oneway":"yes","service":"driveway","startNodeId":"6105118308","endNodeId":"6105118307"},"geometry":{"type":"LineString","coordinates":[[103.7832975,1.3027105],[103.7832485,1.3027279]]}},{"type":"Feature","id":"way/650913240-0-1-0","properties":{"highway":"service","lanes":"1","oneway":"yes","service":"driveway","startNodeId":"6105118307","endNodeId":"6105118306"},"geometry":{"type":"LineString","coordinates":[[103.7832485,1.3027279],[103.7832291,1.302764]]}},{"type":"Feature","id":"way/650913240-0-2-0","properties":{"highway":"service","lanes":"1","oneway":"yes","service":"driveway","startNodeId":"6105118306","endNodeId":"6977213001"},"geometry":{"type":"LineString","coordinates":[[103.7832291,1.302764],[103.7832264,1.3027835]]}},{"type":"Feature","id":"way/650913240-0-3-0","properties":{"highway":"service","lanes":"1","oneway":"yes","service":"driveway","startNodeId":"6977213001","endNodeId":"6105118305"},"geometry":{"type":"LineString","coordinates":[[103.7832264,1.3027835],[103.7832398,1.3028157]]}},{"type":"Feature","id":"way/650913240-0-4-0","properties":{"highway":"service","lanes":"1","oneway":"yes","service":"driveway","startNodeId":"6105118305","endNodeId":"6105118304"},"geometry":{"type":"LineString","coordinates":[[103.7832398,1.3028157],[103.7832733,1.3028337]]}},{"type":"Feature","id":"way/652341053-0-0-0","properties":{"highway":"tertiary","lanes":"2","maxspeed":"40","name":"Dover Road","name:en":"Dover Road","name:zh":"\u675c\u4f5b\u8def","oneway":"yes","sidewalk:left":"separate","sidewalk:right":"no","surface":"asphalt","turn:lanes":"left;through|through","startNodeId":"5239755690","endNodeId":"4734863621"},"geometry":{"type":"LineString","coordinates":[[103.7813791,1.3044198],[103.7809809,1.3050237]]}},{"type":"Feature","id":"way/655553097-0-0-0","properties":{"highway":"tertiary","lanes":"2","maxspeed":"40","name":"Dover Road","name:en":"Dover Road","name:zh":"\u675c\u4f5b\u8def","oneway":"yes","sidewalk:left":"separate","sidewalk:right":"no","surface":"asphalt","turn:lanes":"left;through|through","startNodeId":"6141950652","endNodeId":"4732376950"},"geometry":{"type":"LineString","coordinates":[[103.7812801,1.3047545],[103.7817794,1.3040331]]}},{"type":"Feature","id":"way/655554433-0-0-0","properties":{"highway":"tertiary","lanes":"2","maxspeed":"40","name":"Dover Road","name:en":"Dover Road","name:zh":"\u675c\u4f5b\u8def","oneway":"yes","surface":"asphalt","turn:lanes":"left;through|through","startNodeId":"5136216720","endNodeId":"5173650950"},"geometry":{"type":"LineString","coordinates":[[103.7800607,1.306425],[103.7801727,1.3063197]]}},{"type":"Feature","id":"way/655554433-0-1-0","properties":{"highway":"tertiary","lanes":"2","maxspeed":"40","name":"Dover Road","name:en":"Dover Road","name:zh":"\u675c\u4f5b\u8def","oneway":"yes","surface":"asphalt","turn:lanes":"left;through|through","startNodeId":"5173650950","endNodeId":"4733003099"},"geometry":{"type":"LineString","coordinates":[[103.7801727,1.3063197],[103.7802859,1.3061841]]}},{"type":"Feature","id":"way/655554433-0-2-0","properties":{"highway":"tertiary","lanes":"2","maxspeed":"40","name":"Dover Road","name:en":"Dover Road","name:zh":"\u675c\u4f5b\u8def","oneway":"yes","surface":"asphalt","turn:lanes":"left;through|through","startNodeId":"4733003099","endNodeId":"7903666115"},"geometry":{"type":"LineString","coordinates":[[103.7802859,1.3061841],[103.7805586,1.3057938]]}},{"type":"Feature","id":"way/655554433-0-3-0","properties":{"highway":"tertiary","lanes":"2","maxspeed":"40","name":"Dover Road","name:en":"Dover Road","name:zh":"\u675c\u4f5b\u8def","oneway":"yes","surface":"asphalt","turn:lanes":"left;through|through","startNodeId":"7903666115","endNodeId":"6214873026"},"geometry":{"type":"LineString","coordinates":[[103.7805586,1.3057938],[103.7806256,1.3056975]]}},{"type":"Feature","id":"way/655602240-0-0-0","properties":{"highway":"tertiary","lanes":"2","maxspeed":"40","name":"Dover Road","name:en":"Dover Road","name:zh":"\u675c\u4f5b\u8def","oneway":"yes","surface":"asphalt","turn:lanes":"left;through|through","startNodeId":"4732376959","endNodeId":"7911591105"},"geometry":{"type":"LineString","coordinates":[[103.7830513,1.3022263],[103.7833214,1.3018644]]}},{"type":"Feature","id":"way/663990772-0-0-0","properties":{"highway":"service","service":"parking_aisle","startNodeId":"6214873025","endNodeId":"1617421500"},"geometry":{"type":"LineString","coordinates":[[103.7810598,1.3062615],[103.7811216,1.3062212]]}},{"type":"Feature","id":"way/663990774-0-0-0","properties":{"highway":"tertiary","maxspeed":"40","name":"Dover Road","name:en":"Dover Road","name:zh":"\u675c\u4f5b\u8def","oneway":"yes","surface":"asphalt","startNodeId":"6214873026","endNodeId":"4733003080"},"geometry":{"type":"LineString","coordinates":[[103.7806256,1.3056975],[103.7806773,1.3056389]]}},{"type":"Feature","id":"way/663990775-0-0-0","properties":{"highway":"tertiary","maxspeed":"40","name":"Dover Road","name:en":"Dover Road","name:zh":"\u675c\u4f5b\u8def","oneway":"yes","surface":"asphalt","startNodeId":"4733026397","endNodeId":"6214873027"},"geometry":{"type":"LineString","coordinates":[[103.7806157,1.3055607],[103.7805653,1.305634]]}},{"type":"Feature","id":"way/663990778-0-0-0","properties":{"highway":"tertiary","lanes":"2","maxspeed":"50","name":"Dover Avenue","name:zh":"\u675c\u4f5b\u9053","oneway":"yes","surface":"asphalt","startNodeId":"6214873026","endNodeId":"7903666117"},"geometry":{"type":"LineString","coordinates":[[103.7806256,1.3056975],[103.7806696,1.3057556]]}},{"type":"Feature","id":"way/663990778-0-1-0","properties":{"highway":"tertiary","lanes":"2","maxspeed":"50","name":"Dover Avenue","name:zh":"\u675c\u4f5b\u9053","oneway":"yes","surface":"asphalt","startNodeId":"7903666117","endNodeId":"11219158060"},"geometry":{"type":"LineString","coordinates":[[103.7806696,1.3057556],[103.7809194,1.3060794]]}},{"type":"Feature","id":"way/663990779-0-0-0","properties":{"highway":"tertiary","maxspeed":"50","name":"Dover Avenue","name:zh":"\u675c\u4f5b\u9053","oneway":"yes","surface":"asphalt","startNodeId":"6214873027","endNodeId":"6214873026"},"geometry":{"type":"LineString","coordinates":[[103.7805653,1.305634],[103.7806256,1.3056975]]}},{"type":"Feature","id":"way/671758126-0-0-0","properties":{"highway":"service","lanes":"2","lanes:backward":"1","lanes:forward":"1","service":"parking_aisle","startNodeId":"5122901542","endNodeId":"5122901541"},"geometry":{"type":"LineString","coordinates":[[103.7812113,1.3061676],[103.7812931,1.306186]]}},{"type":"Feature","id":"way/671976214-0-0-0","properties":{"highway":"service","lanes":"2","lanes:backward":"1","lanes:forward":"1","service":"parking_aisle","turn:lanes:backward":"left;right","turn:lanes:forward":"left;right","startNodeId":"6292689272","endNodeId":"6292689271"},"geometry":{"type":"LineString","coordinates":[[103.7814206,1.3028559],[103.7814599,1.3027389]]}},{"type":"Feature","id":"way/671976215-0-0-0","properties":{"access":"permissive","highway":"service","lanes":"2","lanes:backward":"1","lanes:forward":"1","startNodeId":"6292689272","endNodeId":"5239755709"},"geometry":{"type":"LineString","coordinates":[[103.7814206,1.3028559],[103.7813407,1.3028248]]}},{"type":"Feature","id":"way/671976216-0-0-0","properties":{"access":"permissive","highway":"service","lanes":"2","lanes:backward":"1","lanes:forward":"1","turn:lanes:backward":"through","turn:lanes:forward":"left;through","startNodeId":"6292689273","endNodeId":"6292689272"},"geometry":{"type":"LineString","coordinates":[[103.7815862,1.3029089],[103.7814206,1.3028559]]}},{"type":"Feature","id":"way/681340232-0-1-0","properties":{"highway":"residential","lanes":"2","lanes:backward":"1","lanes:forward":"1","maxspeed":"50","name":"Dover Crescent","name:zh":"\u675c\u4f5b\u5f2f","surface":"asphalt","startNodeId":"1701910763","endNodeId":"7001080965"},"geometry":{"type":"LineString","coordinates":[[103.7829609,1.3066739],[103.7828053,1.3060142]]}},{"type":"Feature","id":"way/745356717-0-0-0","properties":{"highway":"residential","lanes":"3","lanes:backward":"2","lanes:forward":"1","maxspeed":"50","name":"Dover Rise","surface":"asphalt","turn:lanes:backward":"left|right","turn:lanes:forward":"through;right","startNodeId":"6977180247","endNodeId":"6977180246"},"geometry":{"type":"LineString","coordinates":[[103.7834871,1.3019477],[103.7835922,1.3020408]]}},{"type":"Feature","id":"way/745360266-0-0-0","properties":{"highway":"service","lanes":"2","lanes:backward":"1","lanes:forward":"1","service":"driveway","turn:lanes:forward":"through","startNodeId":"6977171213","endNodeId":"6105118302"},"geometry":{"type":"LineString","coordinates":[[103.7835387,1.3026306],[103.7834664,1.3026718]]}},{"type":"Feature","id":"way/745361562-0-0-0","properties":{"highway":"service","lanes":"1","oneway":"yes","service":"driveway","turn:lanes":"through","startNodeId":"6105118304","endNodeId":"1843450735"},"geometry":{"type":"LineString","coordinates":[[103.7832733,1.3028337],[103.7833548,1.3028518]]}},{"type":"Feature","id":"way/745361563-0-0-0","properties":{"highway":"service","lanes":"1","oneway":"yes","service":"driveway","sidewalk":"left","turn:lanes":"through","startNodeId":"1843450727","endNodeId":"6105118309"},"geometry":{"type":"LineString","coordinates":[[103.7833869,1.3027185],[103.7833357,1.3027037]]}},{"type":"Feature","id":"way/745361563-0-1-0","properties":{"highway":"service","lanes":"1","oneway":"yes","service":"driveway","sidewalk":"left","turn:lanes":"through","startNodeId":"6105118309","endNodeId":"6105118308"},"geometry":{"type":"LineString","coordinates":[[103.7833357,1.3027037],[103.7832975,1.3027105]]}},{"type":"Feature","id":"way/745361683-0-0-0","properties":{"highway":"service","lanes":"2","lanes:backward":"1","lanes:forward":"1","service":"driveway","sidewalk":"left","turn:lanes:backward":"left;right","startNodeId":"1843450737","endNodeId":"6977207971"},"geometry":{"type":"LineString","coordinates":[[103.783433,1.3029748],[103.783331,1.3030338]]}},{"type":"Feature","id":"way/745363466-0-0-0","properties":{"highway":"service","lanes":"1","oneway":"yes","service":"driveway","turn:lanes":"right","startNodeId":"6977214158","endNodeId":"6977214157"},"geometry":{"type":"LineString","coordinates":[[103.7834883,1.3030501],[103.7835371,1.3031253]]}},{"type":"Feature","id":"way/745363467-0-0-0","properties":{"highway":"service","lanes":"1","oneway":"yes","service":"driveway","startNodeId":"1843450737","endNodeId":"6977214158"},"geometry":{"type":"LineString","coordinates":[[103.783433,1.3029748],[103.7834883,1.3030501]]}},{"type":"Feature","id":"way/745388567-0-0-0","properties":{"highway":"service","lanes":"2","lanes:backward":"1","lanes:forward":"1","service":"driveway","startNodeId":"5239755737","endNodeId":"6977392143"},"geometry":{"type":"LineString","coordinates":[[103.7808245,1.3021515],[103.7808901,1.3019657]]}},{"type":"Feature","id":"way/745404388-0-0-0","properties":{"highway":"service","lanes":"2","lanes:backward":"1","lanes:forward":"1","turn:lanes:backward":"through","turn:lanes:forward":"through","startNodeId":"6977549439","endNodeId":"5239755738"},"geometry":{"type":"LineString","coordinates":[[103.7807704,1.30229],[103.7806999,1.3021415]]}},{"type":"Feature","id":"way/745406355-0-0-0","properties":{"access":"permissive","highway":"service","lanes":"2","lanes:backward":"1","lanes:forward":"1","turn:lanes:backward":"through","turn:lanes:forward":"left","startNodeId":"6977574324","endNodeId":"5239755723"},"geometry":{"type":"LineString","coordinates":[[103.7820532,1.3030864],[103.7818993,1.303026]]}},{"type":"Feature","id":"way/745408017-0-0-0","properties":{"highway":"service","lanes":"1","oneway":"yes","service":"driveway","turn:lanes":"right","startNodeId":"6292689271","endNodeId":"5239755717"},"geometry":{"type":"LineString","coordinates":[[103.7814599,1.3027389],[103.7813809,1.3027074]]}},{"type":"Feature","id":"way/745408017-0-1-0","properties":{"highway":"service","lanes":"1","oneway":"yes","service":"driveway","turn:lanes":"right","startNodeId":"5239755717","endNodeId":"5239755716"},"geometry":{"type":"LineString","coordinates":[[103.7813809,1.3027074],[103.7813508,1.3026973]]}},{"type":"Feature","id":"way/745408017-0-2-0","properties":{"highway":"service","lanes":"1","oneway":"yes","service":"driveway","turn:lanes":"right","startNodeId":"5239755716","endNodeId":"5239755715"},"geometry":{"type":"LineString","coordinates":[[103.7813508,1.3026973],[103.7813249,1.3026961]]}},{"type":"Feature","id":"way/745640999-0-0-0","properties":{"highway":"service","lanes":"2","oneway":"yes","turn:lanes":"left|through","startNodeId":"5239755712","endNodeId":"5239755711"},"geometry":{"type":"LineString","coordinates":[[103.7812223,1.3029208],[103.7814746,1.3030049]]}},{"type":"Feature","id":"way/745641911-0-0-0","properties":{"highway":"service","lanes":"2","lanes:backward":"1","lanes:forward":"1","service":"parking_aisle","turn:lanes:backward":"through","turn:lanes:forward":"through;right","startNodeId":"6979277299","endNodeId":"5239755686"},"geometry":{"type":"LineString","coordinates":[[103.7816978,1.303452],[103.7817012,1.3033217]]}},{"type":"Feature","id":"way/745645465-0-0-0","properties":{"highway":"service","lanes":"2","lanes:backward":"1","lanes:forward":"1","service":"parking_aisle","turn:lanes:backward":"through","turn:lanes:forward":"through","startNodeId":"6979307344","endNodeId":"5239755681"},"geometry":{"type":"LineString","coordinates":[[103.7797761,1.3025325],[103.7798924,1.3026106]]}},{"type":"Feature","id":"way/745645466-0-0-0","properties":{"highway":"service","lanes":"2","lanes:backward":"1","lanes:forward":"1","service":"parking_aisle","startNodeId":"5239755682","endNodeId":"5239755680"},"geometry":{"type":"LineString","coordinates":[[103.7794935,1.30238],[103.7796501,1.3024521]]}},{"type":"Feature","id":"way/745645467-0-0-0","properties":{"highway":"service","lanes":"2","lanes:backward":"1","lanes:forward":"1","service":"parking_aisle","turn:lanes:backward":"through","turn:lanes:forward":"through","startNodeId":"5239755683","endNodeId":"5239755682"},"geometry":{"type":"LineString","coordinates":[[103.7793892,1.3022674],[103.7794935,1.30238]]}},{"type":"Feature","id":"way/745645468-0-0-0","properties":{"highway":"service","lanes":"2","lanes:backward":"1","lanes:forward":"1","service":"parking_aisle","turn:lanes:backward":"through","turn:lanes:forward":"through","startNodeId":"6979307346","endNodeId":"6979307345"},"geometry":{"type":"LineString","coordinates":[[103.7792646,1.3020622],[103.7793306,1.3021809]]}},{"type":"Feature","id":"way/745645521-0-0-0","properties":{"highway":"service","lanes":"2","lanes:backward":"1","lanes:forward":"1","service":"parking_aisle","turn:lanes:backward":"left;right","turn:lanes:forward":"through","startNodeId":"5239755680","endNodeId":"5239755666"},"geometry":{"type":"LineString","coordinates":[[103.7796501,1.3024521],[103.7796313,1.3024912]]}},{"type":"Feature","id":"way/745645521-0-1-0","properties":{"highway":"service","lanes":"2","lanes:backward":"1","lanes:forward":"1","service":"parking_aisle","turn:lanes:backward":"left;right","turn:lanes:forward":"through","startNodeId":"5239755666","endNodeId":"5239755679"},"geometry":{"type":"LineString","coordinates":[[103.7796313,1.3024912],[103.7796274,1.3025139]]}},{"type":"Feature","id":"way/745645521-0-2-0","properties":{"highway":"service","lanes":"2","lanes:backward":"1","lanes:forward":"1","service":"parking_aisle","turn:lanes:backward":"left;right","turn:lanes:forward":"through","startNodeId":"5239755679","endNodeId":"5239755678"},"geometry":{"type":"LineString","coordinates":[[103.7796274,1.3025139],[103.7796227,1.3025902]]}},{"type":"Feature","id":"way/746714736-0-0-0","properties":{"highway":"tertiary","lanes":"2","maxspeed":"40","name":"Dover Road","name:en":"Dover Road","name:zh":"\u675c\u4f5b\u8def","oneway":"yes","sidewalk:left":"separate","sidewalk:right":"no","surface":"asphalt","turn:lanes":"left;through|through","startNodeId":"6987759914","endNodeId":"4732376954"},"geometry":{"type":"LineString","coordinates":[[103.782729,1.3025193],[103.782331,1.3031101]]}},{"type":"Feature","id":"way/746714736-0-1-0","properties":{"highway":"tertiary","lanes":"2","maxspeed":"40","name":"Dover Road","name:en":"Dover Road","name:zh":"\u675c\u4f5b\u8def","oneway":"yes","sidewalk:left":"separate","sidewalk:right":"no","surface":"asphalt","turn:lanes":"left;through|through","startNodeId":"4732376954","endNodeId":"595964051"},"geometry":{"type":"LineString","coordinates":[[103.782331,1.3031101],[103.7822838,1.3031765]]}},{"type":"Feature","id":"way/746736953-0-0-0","properties":{"highway":"service","lanes":"1","oneway":"yes","service":"driveway","sidewalk":"left","startNodeId":"6987955085","endNodeId":"6987955095"},"geometry":{"type":"LineString","coordinates":[[103.7811089,1.3059633],[103.7811584,1.3059829]]}},{"type":"Feature","id":"way/746736954-0-0-0","properties":{"highway":"service","lanes":"2","lanes:backward":"1","lanes:forward":"1","service":"driveway","sidewalk":"both","startNodeId":"6987955097","endNodeId":"7911378242"},"geometry":{"type":"LineString","coordinates":[[103.7809797,1.3060352],[103.7810397,1.3059842]]}},{"type":"Feature","id":"way/746736954-0-1-0","properties":{"highway":"service","lanes":"2","lanes:backward":"1","lanes:forward":"1","service":"driveway","sidewalk":"both","startNodeId":"7911378242","endNodeId":"6987955096"},"geometry":{"type":"LineString","coordinates":[[103.7810397,1.3059842],[103.7810904,1.3059431]]}},{"type":"Feature","id":"way/746736955-0-0-0","properties":{"highway":"service","lanes":"1","oneway":"yes","service":"driveway","sidewalk":"left","startNodeId":"6987955095","endNodeId":"6987955094"},"geometry":{"type":"LineString","coordinates":[[103.7811584,1.3059829],[103.7812054,1.3059738]]}},{"type":"Feature","id":"way/746736955-0-1-0","properties":{"highway":"service","lanes":"1","oneway":"yes","service":"driveway","sidewalk":"left","startNodeId":"6987955094","endNodeId":"6987955093"},"geometry":{"type":"LineString","coordinates":[[103.7812054,1.3059738],[103.7812411,1.3059419]]}},{"type":"Feature","id":"way/746736955-0-2-0","properties":{"highway":"service","lanes":"1","oneway":"yes","service":"driveway","sidewalk":"left","startNodeId":"6987955093","endNodeId":"6987955092"},"geometry":{"type":"LineString","coordinates":[[103.7812411,1.3059419],[103.7812554,1.3058962]]}},{"type":"Feature","id":"way/746736955-0-3-0","properties":{"highway":"service","lanes":"1","oneway":"yes","service":"driveway","sidewalk":"left","startNodeId":"6987955092","endNodeId":"6987955091"},"geometry":{"type":"LineString","coordinates":[[103.7812554,1.3058962],[103.7812443,1.3058496]]}},{"type":"Feature","id":"way/746736955-0-4-0","properties":{"highway":"service","lanes":"1","oneway":"yes","service":"driveway","sidewalk":"left","startNodeId":"6987955091","endNodeId":"6987955090"},"geometry":{"type":"LineString","coordinates":[[103.7812443,1.3058496],[103.7812109,1.3058153]]}},{"type":"Feature","id":"way/746736955-0-5-0","properties":{"highway":"service","lanes":"1","oneway":"yes","service":"driveway","sidewalk":"left","startNodeId":"6987955090","endNodeId":"6987955089"},"geometry":{"type":"LineString","coordinates":[[103.7812109,1.3058153],[103.7811646,1.305803]]}},{"type":"Feature","id":"way/746736955-0-6-0","properties":{"highway":"service","lanes":"1","oneway":"yes","service":"driveway","sidewalk":"left","startNodeId":"6987955089","endNodeId":"6987955088"},"geometry":{"type":"LineString","coordinates":[[103.7811646,1.305803],[103.7811186,1.3058161]]}},{"type":"Feature","id":"way/746736955-0-7-0","properties":{"highway":"service","lanes":"1","oneway":"yes","service":"driveway","sidewalk":"left","startNodeId":"6987955088","endNodeId":"6987955087"},"geometry":{"type":"LineString","coordinates":[[103.7811186,1.3058161],[103.7810857,1.3058509]]}},{"type":"Feature","id":"way/746736955-0-8-0","properties":{"highway":"service","lanes":"1","oneway":"yes","service":"driveway","sidewalk":"left","startNodeId":"6987955087","endNodeId":"6987955086"},"geometry":{"type":"LineString","coordinates":[[103.7810857,1.3058509],[103.7810754,1.3058977]]}},{"type":"Feature","id":"way/746736955-0-9-0","properties":{"highway":"service","lanes":"1","oneway":"yes","service":"driveway","sidewalk":"left","startNodeId":"6987955086","endNodeId":"6987955096"},"geometry":{"type":"LineString","coordinates":[[103.7810754,1.3058977],[103.7810904,1.3059431]]}},{"type":"Feature","id":"way/746736956-0-0-0","properties":{"highway":"tertiary","lanes":"2","maxspeed":"50","name":"Dover Avenue","name:zh":"\u675c\u4f5b\u9053","oneway":"yes","sidewalk:left":"separate","sidewalk:right":"no","surface":"asphalt","turn:lanes":"left|right","startNodeId":"6987955097","endNodeId":"7903666118"},"geometry":{"type":"LineString","coordinates":[[103.7809797,1.3060352],[103.7807205,1.305696]]}},{"type":"Feature","id":"way/746736956-0-1-0","properties":{"highway":"tertiary","lanes":"2","maxspeed":"50","name":"Dover Avenue","name:zh":"\u675c\u4f5b\u9053","oneway":"yes","sidewalk:left":"separate","sidewalk:right":"no","surface":"asphalt","turn:lanes":"left|right","startNodeId":"7903666118","endNodeId":"4733003080"},"geometry":{"type":"LineString","coordinates":[[103.7807205,1.305696],[103.7806773,1.3056389]]}},{"type":"Feature","id":"way/746919744-0-0-0","properties":{"highway":"tertiary","lanes":"2","maxspeed":"50","name":"Dover Avenue","name:zh":"\u675c\u4f5b\u9053","oneway":"yes","surface":"asphalt","startNodeId":"6214873025","endNodeId":"6214873004"},"geometry":{"type":"LineString","coordinates":[[103.7810598,1.3062615],[103.7812453,1.3064615]]}},{"type":"Feature","id":"way/747358562-0-0-0","properties":{"highway":"service","lanes":"2","lanes:backward":"1","lanes:forward":"1","service":"driveway","startNodeId":"5239881772","endNodeId":"6992992501"},"geometry":{"type":"LineString","coordinates":[[103.7826811,1.305943],[103.782535,1.3059551]]}},{"type":"Feature","id":"way/747358562-0-1-0","properties":{"highway":"service","lanes":"2","lanes:backward":"1","lanes:forward":"1","service":"driveway","startNodeId":"6992992501","endNodeId":"6992992500"},"geometry":{"type":"LineString","coordinates":[[103.782535,1.3059551],[103.7822722,1.3059725]]}},{"type":"Feature","id":"way/747362955-0-0-0","properties":{"highway":"service","lanes":"2","lanes:backward":"1","lanes:forward":"1","service":"driveway","turn:lanes:backward":"left;through;right","startNodeId":"1701910748","endNodeId":"7904262443"},"geometry":{"type":"LineString","coordinates":[[103.7820035,1.3046843],[103.7820456,1.3046864]]}},{"type":"Feature","id":"way/747362955-0-1-0","properties":{"highway":"service","lanes":"2","lanes:backward":"1","lanes:forward":"1","service":"driveway","turn:lanes:backward":"left;through;right","startNodeId":"7904262443","endNodeId":"6993014015"},"geometry":{"type":"LineString","coordinates":[[103.7820456,1.3046864],[103.7821754,1.304693]]}},{"type":"Feature","id":"way/747362956-0-0-0","properties":{"highway":"service","lanes":"2","lanes:backward":"1","lanes:forward":"1","service":"driveway","turn:lanes:backward":"through;right","startNodeId":"1701910748","endNodeId":"6993014016"},"geometry":{"type":"LineString","coordinates":[[103.7820035,1.3046843],[103.781926,1.3047725]]}},{"type":"Feature","id":"way/747362957-0-0-0","properties":{"highway":"service","lanes":"2","lanes:backward":"1","lanes:forward":"1","service":"driveway","sidewalk":"both","turn:lanes:forward":"left;through","startNodeId":"6993014017","endNodeId":"1701910748"},"geometry":{"type":"LineString","coordinates":[[103.782068,1.3046062],[103.7820035,1.3046843]]}},{"type":"Feature","id":"way/747362958-0-0-0","properties":{"highway":"service","lanes":"2","lanes:backward":"1","lanes:forward":"1","service":"driveway","startNodeId":"1701910748","endNodeId":"6993014018"},"geometry":{"type":"LineString","coordinates":[[103.7820035,1.3046843],[103.7819709,1.3046442]]}},{"type":"Feature","id":"way/747362959-0-0-0","properties":{"highway":"service","lanes":"1","oneway":"yes","service":"driveway","sidewalk":"left","startNodeId":"5239881927","endNodeId":"5239881925"},"geometry":{"type":"LineString","coordinates":[[103.7821206,1.3045426],[103.7822254,1.3044841]]}},{"type":"Feature","id":"way/747362960-0-0-0","properties":{"highway":"service","lanes":"2","lanes:backward":"1","lanes:forward":"1","service":"driveway","sidewalk":"left","startNodeId":"5239881924","endNodeId":"5239881927"},"geometry":{"type":"LineString","coordinates":[[103.7821354,1.3044356],[103.7821206,1.3045426]]}},{"type":"Feature","id":"way/747362961-0-0-0","properties":{"highway":"service","lanes":"2","lanes:backward":"1","lanes:forward":"1","service":"driveway","startNodeId":"1701910755","endNodeId":"5239881772"},"geometry":{"type":"LineString","coordinates":[[103.7825936,1.3055566],[103.7826811,1.305943]]}},{"type":"Feature","id":"way/747363005-0-0-0","properties":{"highway":"service","lanes":"2","lanes:backward":"1","lanes:forward":"1","service":"driveway","turn:lanes:backward":"through","turn:lanes:forward":"left;through","startNodeId":"6993026933","endNodeId":"1701910751"},"geometry":{"type":"LineString","coordinates":[[103.7825021,1.3051489],[103.7825329,1.3052888]]}},{"type":"Feature","id":"way/747363505-0-0-0","properties":{"highway":"service","lanes":"1","oneway":"yes","service":"driveway","turn:lanes":"left;right","startNodeId":"1701910757","endNodeId":"1701910755"},"geometry":{"type":"LineString","coordinates":[[103.7824935,1.3055422],[103.7825936,1.3055566]]}},{"type":"Feature","id":"way/747396450-0-0-0","properties":{"highway":"residential","lanes":"2","lanes:backward":"1","lanes:forward":"1","maxspeed":"50","name":"Dover Crescent","name:zh":"\u675c\u4f5b\u5f2f","surface":"asphalt","turn:lanes:backward":"through","startNodeId":"6993382576","endNodeId":"1701910722"},"geometry":{"type":"LineString","coordinates":[[103.7823867,1.3045237],[103.7823233,1.3044401]]}},{"type":"Feature","id":"way/747396451-0-0-0","properties":{"highway":"residential","lanes":"2","lanes:backward":"1","lanes:forward":"1","maxspeed":"50","name":"Dover Crescent","name:zh":"\u675c\u4f5b\u5f2f","surface":"asphalt","turn:lanes:forward":"through","startNodeId":"6993382577","endNodeId":"1701910724"},"geometry":{"type":"LineString","coordinates":[[103.7825397,1.3048104],[103.7825051,1.3047386]]}},{"type":"Feature","id":"way/747396452-0-0-0","properties":{"highway":"residential","lanes":"2","lanes:backward":"1","lanes:forward":"1","maxspeed":"50","name":"Dover Crescent","name:zh":"\u675c\u4f5b\u5f2f","surface":"asphalt","startNodeId":"6993382579","endNodeId":"6993382577"},"geometry":{"type":"LineString","coordinates":[[103.7825685,1.3049847],[103.7825397,1.3048104]]}},{"type":"Feature","id":"way/747396453-0-0-0","properties":{"highway":"residential","lanes":"2","lanes:backward":"1","lanes:forward":"1","maxspeed":"50","name":"Dover Crescent","name:zh":"\u675c\u4f5b\u5f2f","surface":"asphalt","turn:lanes:backward":"left;through","turn:lanes:forward":"through","startNodeId":"6993382578","endNodeId":"6993382579"},"geometry":{"type":"LineString","coordinates":[[103.7825939,1.3050994],[103.7825685,1.3049847]]}},{"type":"Feature","id":"way/747396454-0-0-0","properties":{"highway":"residential","lanes":"2","lanes:backward":"1","lanes:forward":"1","maxspeed":"50","name":"Dover Crescent","name:zh":"\u675c\u4f5b\u5f2f","surface":"asphalt","startNodeId":"1701910762","endNodeId":"6993382578"},"geometry":{"type":"LineString","coordinates":[[103.782661,1.3054024],[103.7825939,1.3050994]]}},{"type":"Feature","id":"way/747758791-0-0-0","properties":{"highway":"service","lanes":"2","lanes:backward":"1","lanes:forward":"1","service":"parking_aisle","startNodeId":"6995867177","endNodeId":"3838403019"},"geometry":{"type":"LineString","coordinates":[[103.7822337,1.3041076],[103.7827286,1.3038162]]}},{"type":"Feature","id":"way/747864322-0-0-0","properties":{"highway":"residential","lanes":"3","lanes:backward":"1","lanes:forward":"2","maxspeed":"40","name":"Dover Crescent","name:zh":"\u675c\u4f5b\u5f2f","surface":"asphalt","turn:lanes:backward":"left;through;right","turn:lanes:forward":"left|right","startNodeId":"6996963218","endNodeId":"7904443031"},"geometry":{"type":"LineString","coordinates":[[103.7819,1.3041336],[103.7818274,1.3040731]]}},{"type":"Feature","id":"way/747864322-0-1-0","properties":{"highway":"residential","lanes":"3","lanes:backward":"1","lanes:forward":"2","maxspeed":"40","name":"Dover Crescent","name:zh":"\u675c\u4f5b\u5f2f","surface":"asphalt","turn:lanes:backward":"left;through;right","turn:lanes:forward":"left|right","startNodeId":"7904443031","endNodeId":"4732376950"},"geometry":{"type":"LineString","coordinates":[[103.7818274,1.3040731],[103.7817794,1.3040331]]}},{"type":"Feature","id":"way/748619395-0-0-0","properties":{"highway":"residential","lanes":"2","lanes:backward":"1","lanes:forward":"1","maxspeed":"50","name":"Dover Crescent","name:zh":"\u675c\u4f5b\u5f2f","surface":"asphalt","startNodeId":"7001080966","endNodeId":"1701910762"},"geometry":{"type":"LineString","coordinates":[[103.782782,1.3059154],[103.782661,1.3054024]]}},{"type":"Feature","id":"way/748619396-0-0-0","properties":{"highway":"residential","lanes":"2","lanes:backward":"1","lanes:forward":"1","maxspeed":"50","name":"Dover Crescent","name:zh":"\u675c\u4f5b\u5f2f","surface":"asphalt","turn:lanes:backward":"left;through","startNodeId":"7001080965","endNodeId":"7001080966"},"geometry":{"type":"LineString","coordinates":[[103.7828053,1.3060142],[103.782782,1.3059154]]}},{"type":"Feature","id":"way/758842669-0-0-0","properties":{"highway":"service","service":"driveway","startNodeId":"7087365909","endNodeId":"7087365908"},"geometry":{"type":"LineString","coordinates":[[103.7818213,1.3050561],[103.7817768,1.3050561]]}},{"type":"Feature","id":"way/818655392-0-0-0","properties":{"highway":"service","service":"driveway","startNodeId":"10855367885","endNodeId":"7645147677"},"geometry":{"type":"LineString","coordinates":[[103.7792895,1.3040145],[103.7793948,1.3041212]]}},{"type":"Feature","id":"way/818655392-0-1-0","properties":{"highway":"service","service":"driveway","startNodeId":"7645147677","endNodeId":"7907184273"},"geometry":{"type":"LineString","coordinates":[[103.7793948,1.3041212],[103.7796114,1.3039748]]}},{"type":"Feature","id":"way/818655392-0-2-0","properties":{"highway":"service","service":"driveway","startNodeId":"7907184273","endNodeId":"7645147676"},"geometry":{"type":"LineString","coordinates":[[103.7796114,1.3039748],[103.7796352,1.3039605]]}},{"type":"Feature","id":"way/848764840-0-0-0","properties":{"highway":"service","lanes":"2","lanes:backward":"1","lanes:forward":"1","service":"driveway","startNodeId":"1843450745","endNodeId":"1843450748"},"geometry":{"type":"LineString","coordinates":[[103.7829841,1.3032372],[103.7830688,1.3033855]]}},{"type":"Feature","id":"way/933720434-0-0-0","properties":{"highway":"service","service":"driveway","startNodeId":"8654210842","endNodeId":"8654210841"},"geometry":{"type":"LineString","coordinates":[[103.7810912,1.3027314],[103.7811678,1.3024336]]}},{"type":"Feature","id":"way/933720434-0-1-0","properties":{"highway":"service","service":"driveway","startNodeId":"8654210841","endNodeId":"8654210839"},"geometry":{"type":"LineString","coordinates":[[103.7811678,1.3024336],[103.7811738,1.3023846]]}},{"type":"Feature","id":"way/933720434-0-2-0","properties":{"highway":"service","service":"driveway","startNodeId":"8654210839","endNodeId":"8654210840"},"geometry":{"type":"LineString","coordinates":[[103.7811738,1.3023846],[103.7811678,1.3023377]]}},{"type":"Feature","id":"way/933720434-0-3-0","properties":{"highway":"service","service":"driveway","startNodeId":"8654210840","endNodeId":"5239755736"},"geometry":{"type":"LineString","coordinates":[[103.7811678,1.3023377],[103.7810793,1.3022403]]}},{"type":"Feature","id":"way/1167289504-0-0-0","properties":{"highway":"service","service":"driveway","startNodeId":"5239755712","endNodeId":"10855367906"},"geometry":{"type":"LineString","coordinates":[[103.7812223,1.3029208],[103.7810385,1.3029139]]}},{"type":"Feature","id":"way/1167289505-0-0-0","properties":{"highway":"service","layer":"-1","service":"driveway","tunnel":"yes","startNodeId":"10855367906","endNodeId":"10855367907"},"geometry":{"type":"LineString","coordinates":[[103.7810385,1.3029139],[103.7809198,1.3029156]]}},{"type":"Feature","id":"way/1167289602-0-0-0","properties":{"highway":"service","service":"driveway","startNodeId":"5239755715","endNodeId":"10855331049"},"geometry":{"type":"LineString","coordinates":[[103.7813249,1.3026961],[103.7812337,1.3026569]]}},{"type":"Feature","id":"way/1210904834-0-0-0","properties":{"highway":"service","service":"driveway","startNodeId":"6987955097","endNodeId":"11219158060"},"geometry":{"type":"LineString","coordinates":[[103.7809797,1.3060352],[103.7809194,1.3060794]]}},{"type":"Feature","id":"way/1360536881-0-0-0","properties":{"access":"permissive","highway":"service","lanes":"2","lanes:backward":"1","lanes:forward":"1","turn:lanes:backward":"left;right","startNodeId":"12594713425","endNodeId":"6977574324"},"geometry":{"type":"LineString","coordinates":[[103.7821584,1.3031261],[103.7820532,1.3030864]]}},{"type":"Feature","id":"way/1408702633-0-0-0","properties":{"highway":"tertiary","lanes":"2","maxspeed":"50","name":"Dover Avenue","name:zh":"\u675c\u4f5b\u9053","oneway":"yes","surface":"asphalt","startNodeId":"11219158060","endNodeId":"6214873025"},"geometry":{"type":"LineString","coordinates":[[103.7809194,1.3060794],[103.7810598,1.3062615]]}},{"type":"Feature","id":"way/1408702634-0-0-0","properties":{"highway":"service","lanes":"1","oneway":"yes","service":"driveway","sidewalk":"left","startNodeId":"6987955096","endNodeId":"6987955085"},"geometry":{"type":"LineString","coordinates":[[103.7810904,1.3059431],[103.7811089,1.3059633]]}},{"type":"Feature","id":"way/1467975651-0-0-0","properties":{"highway":"service","incline":"yes","layer":"1","maxspeed":"20","name":"30 Dover Avenue","service":"parking_aisle","surface":"concrete","startNodeId":"5122901542","endNodeId":"13463911083"},"geometry":{"type":"LineString","coordinates":[[103.7812113,1.3061676],[103.7813098,1.3062588]]}},{"type":"Feature","id":"way/1467975651-0-1-0","properties":{"highway":"service","incline":"yes","layer":"1","maxspeed":"20","name":"30 Dover Avenue","service":"parking_aisle","surface":"concrete","startNodeId":"13463911083","endNodeId":"13463911084"},"geometry":{"type":"LineString","coordinates":[[103.7813098,1.3062588],[103.7814198,1.3063768]]}},{"type":"Feature","id":"way/1467975651-0-2-0","properties":{"highway":"service","incline":"yes","layer":"1","maxspeed":"20","name":"30 Dover Avenue","service":"parking_aisle","surface":"concrete","startNodeId":"13463911084","endNodeId":"13463911085"},"geometry":{"type":"LineString","coordinates":[[103.7814198,1.3063768],[103.7815364,1.3064948]]}}]}