{"type":"FeatureCollection","features":[{"type":"Feature","id":"relation/2326490-0","properties":{"building":"yes","type":"multipolygon"},"geometry":{"type":"Polygon","coordinates":[[[103.7764905,1.4381717],[103.7764741,1.4381191],[103.7764457,1.4380718],[103.7764069,1.4380327],[103.7763599,1.4380038],[103.7763074,1.4379869],[103.7763375,1.4378197],[103.7763828,1.4378112],[103.7764242,1.4377911],[103.776459,1.4377608],[103.7764846,1.4377225],[103.7764993,1.4376788],[103.7765021,1.4376328],[103.7764927,1.4375877],[103.7764001,1.4376121],[103.7763808,1.4375955],[103.7763841,1.4375728],[103.7764892,1.4375744],[103.7764981,1.4369811],[103.7764715,1.4369807],[103.7764775,1.4365794],[103.7763225,1.4365771],[103.776321,1.4366789],[103.7762091,1.4366772],[103.7762103,1.4365945],[103.7755747,1.4365849],[103.7755726,1.4367256],[103.7758675,1.43673],[103.775866,1.4368263],[103.7756369,1.4368229],[103.7756358,1.4368989],[103.7756249,1.4368987],[103.7756093,1.4368804],[103.7755892,1.4368689],[103.7755661,1.4368657],[103.7755436,1.4368715],[103.775525,1.4368854],[103.7755129,1.4369053],[103.7755093,1.4369282],[103.7755145,1.4369509],[103.775528,1.4369698],[103.7755476,1.4369823],[103.7755704,1.4369865],[103.7755932,1.4369818],[103.7756125,1.4369688],[103.7756242,1.436949],[103.7756347,1.4369491],[103.7756345,1.4369609],[103.7758733,1.4369645],[103.7758632,1.4376339],[103.7759106,1.4376346],[103.7759055,1.4379777],[103.7758623,1.4379771],[103.7758612,1.4380503],[103.7762128,1.4380556],[103.7762192,1.4376304],[103.7759266,1.437626],[103.7759323,1.4372416],[103.7760124,1.4372428],[103.7760114,1.4373044],[103.7761592,1.4373066],[103.7761602,1.4372437],[103.7762117,1.4372445],[103.7762122,1.4372143],[103.7762177,1.4372144],[103.7762164,1.4372999],[103.776269,1.4373007],[103.7762704,1.4372084],[103.7763282,1.4372093],[103.7763228,1.4375709],[103.7762948,1.4375803],[103.7762764,1.4375965],[103.7762643,1.4376178],[103.7762597,1.4376419],[103.7762632,1.4376662],[103.7762743,1.437688],[103.776292,1.4377051],[103.7763142,1.4377155],[103.7762523,1.4381137],[103.7762199,1.438111],[103.7761884,1.4381187],[103.7761608,1.4381358],[103.77614,1.4381606],[103.776128,1.4381908],[103.7761261,1.4382232],[103.7761687,1.4382253],[103.776175,1.4382515],[103.7761855,1.4382694],[103.7761897,1.4382741],[103.7762112,1.4382903],[103.776237,1.4382983],[103.7762639,1.4382972],[103.7762889,1.4382869],[103.7763089,1.4382689],[103.7763155,1.4382568],[103.7763216,1.4382451],[103.7763255,1.4382184],[103.776494,1.4382267],[103.7764905,1.4381717]],[[103.7762115,1.4368315],[103.7759267,1.4368272],[103.7759282,1.4367257],[103.7762083,1.4367299],[103.7762086,1.4367117],[103.7763204,1.4367134],[103.7763173,1.4369209],[103.7762102,1.4369193],[103.7762115,1.4368315]],[[103.7762134,1.4370988],[103.7759272,1.4370945],[103.7759292,1.4369653],[103.7762094,1.4369695],[103.7762096,1.4369533],[103.7763168,1.4369549],[103.7763164,1.4369845],[103.7763409,1.4369849],[103.776338,1.4371784],[103.7762122,1.4371765],[103.7762134,1.4370988]]]}},{"type":"Feature","id":"relation/15791607-0","properties":{"addr:city":"Singapore","addr:country":"SG","addr:housenumber":"187","addr:neighbourhood":"Marsiling Grove","addr:postcode":"730187","addr:street":"Marsiling Road","amenity":"parking","building":"parking","building:levels":"4","parking":"multi-storey","roof:colour":"green","roof:material":"grass","type":"multipolygon"},"geometry":{"type":"Polygon","coordinates":[[[103.7747701,1.4380533],[103.7748596,1.4380535],[103.7748596,1.4380635],[103.7748596,1.4380758],[103.7749102,1.4380759],[103.7749102,1.4380917],[103.775013,1.438092],[103.7750131,1.4380325],[103.775177,1.4380329],[103.7751772,1.4379278],[103.7751781,1.437552],[103.7752158,1.4375521],[103.775216,1.4374775],[103.7751783,1.4374774],[103.7751792,1.437088],[103.7751794,1.4369921],[103.7752171,1.4369922],[103.7752173,1.4369162],[103.7751796,1.4369161],[103.7751797,1.4368744],[103.7750263,1.4368741],[103.7750262,1.4369288],[103.7748494,1.4369284],[103.7748493,1.4369703],[103.774792,1.4369702],[103.7747835,1.4369701],[103.7747834,1.437021],[103.7747833,1.4370321],[103.7746197,1.4370317],[103.7745826,1.4372897],[103.7745823,1.4373917],[103.7745823,1.437421],[103.7745822,1.4374388],[103.7746186,1.4375256],[103.7746181,1.4377149],[103.7746181,1.4377248],[103.774601,1.4379146],[103.7746253,1.4379855],[103.7746412,1.4380317],[103.7747701,1.438032],[103.7747701,1.4380533]],[[103.775029,1.4374825],[103.7749974,1.4374824],[103.7749983,1.4370876],[103.7750299,1.4370876],[103.775029,1.4374825]],[[103.7747933,1.4379765],[103.7747954,1.4370874],[103.7748486,1.4370876],[103.7748466,1.4379766],[103.7747933,1.4379765]],[[103.7750286,1.4376742],[103.774997,1.4376741],[103.7749973,1.437509],[103.775029,1.437509],[103.7750286,1.4376742]],[[103.7750284,1.4377292],[103.775028,1.4379253],[103.7749964,1.4379253],[103.7749968,1.4377291],[103.7750284,1.4377292]]]}},{"type":"Feature","id":"way/194260706-0","properties":{"addr:city":"Singapore","addr:country":"SG","addr:housenumber":"123","addr:postcode":"730123","addr:street":"Marsiling Rise","building":"residential","building:levels":"13","residential":"HDB","start_date":"1984"},"geometry":{"type":"Polygon","coordinates":[[[103.7791739,1.439284],[103.779174,1.4393012],[103.7792145,1.4393011],[103.7792146,1.4393399],[103.7792428,1.4393398],[103.7792426,1.4393009],[103.7792806,1.4393007],[103.7792805,1.4392835],[103.7793811,1.439283],[103.7793812,1.4393006],[103.7794189,1.4393004],[103.7794191,1.4393386],[103.779449,1.4393385],[103.7794488,1.4393003],[103.7794885,1.4393001],[103.7794884,1.4392825],[103.7795413,1.4392822],[103.7795407,1.43916],[103.7795192,1.4391601],[103.7795193,1.4391772],[103.7794682,1.4391774],[103.779468,1.4391416],[103.7793992,1.4391419],[103.7793994,1.4391786],[103.7793469,1.4391789],[103.7793468,1.4391621],[103.7793106,1.4391623],[103.7793107,1.439179],[103.7792636,1.4391792],[103.7792634,1.4391425],[103.7791914,1.4391429],[103.7791916,1.4391797],[103.7791421,1.4391799],[103.779142,1.4391637],[103.7791194,1.4391638],[103.7791195,1.4391851],[103.77909,1.4391851],[103.7790825,1.4391776],[103.7791129,1.4391467],[103.7790449,1.4390796],[103.77902,1.4391049],[103.778985,1.4390704],[103.7789978,1.4390574],[103.7789708,1.4390308],[103.778958,1.4390438],[103.7789213,1.4390075],[103.7789462,1.4389823],[103.7788978,1.4389345],[103.7788692,1.4389634],[103.7788651,1.4389594],[103.7788657,1.4389272],[103.7788858,1.4389276],[103.7788862,1.4389036],[103.778868,1.4389032],[103.7788689,1.4388548],[103.7788997,1.4388554],[103.778901,1.4387882],[103.7788681,1.4387875],[103.7788691,1.4387353],[103.7788833,1.4387355],[103.7788838,1.4387143],[103.7787658,1.438712],[103.7787648,1.438764],[103.7787475,1.4387637],[103.7787468,1.4388012],[103.7787044,1.4388004],[103.7787038,1.438831],[103.7787462,1.4388318],[103.7787454,1.4388723],[103.7787627,1.4388726],[103.7787605,1.4389977],[103.778785,1.4390221],[103.7787733,1.4390338],[103.7787983,1.4390587],[103.7787718,1.4390854],[103.7787926,1.4391061],[103.7788192,1.4390795],[103.7788462,1.4391064],[103.7788579,1.4390947],[103.778932,1.4391685],[103.7789202,1.4391802],[103.7790136,1.4392732],[103.7790253,1.4392615],[103.7790485,1.4392846],[103.7791739,1.439284]]]}},{"type":"Feature","id":"way/194260711-0","properties":{"addr:city":"Singapore","addr:country":"SG","addr:housenumber":"131","addr:postcode":"730131","addr:street":"Marsiling Rise","building":"residential","building:levels":"10","residential":"HDB","start_date":"1983"},"geometry":{"type":"Polygon","coordinates":[[[103.7783987,1.4385423],[103.7783988,1.4385717],[103.7784304,1.4385716],[103.7784303,1.4385422],[103.7789151,1.4385406],[103.7789152,1.4385674],[103.7789494,1.4385673],[103.7789493,1.4385405],[103.7790562,1.4385401],[103.7790559,1.4384461],[103.7790353,1.4384462],[103.7790352,1.4384214],[103.778956,1.4384217],[103.7789561,1.4384476],[103.7789021,1.4384477],[103.778902,1.4384219],[103.7788282,1.4384221],[103.7788283,1.4384489],[103.7787924,1.4384491],[103.7787924,1.4384222],[103.7787136,1.4384225],[103.7787136,1.4384465],[103.7786349,1.4384468],[103.7786348,1.4384228],[103.7785536,1.438423],[103.7785537,1.4384443],[103.7785225,1.4384444],[103.7785225,1.4384231],[103.7784403,1.4384234],[103.7784404,1.4384463],[103.7783861,1.4384464],[103.778386,1.4384236],[103.7783049,1.4384239],[103.7783049,1.4384469],[103.7782744,1.438447],[103.7782744,1.438424],[103.7781939,1.4384242],[103.7781939,1.4384454],[103.778178,1.4384455],[103.7781783,1.438543],[103.7783987,1.4385423]]]}},{"type":"Feature","id":"way/194260724-0","properties":{"addr:city":"Singapore","addr:country":"SG","addr:housenumber":"130","addr:postcode":"730130","addr:street":"Marsiling Rise","building":"residential","building:levels":"10","residential":"HDB","start_date":"1983"},"geometry":{"type":"Polygon","coordinates":[[[103.7783578,1.4381938],[103.7783579,1.4381721],[103.7784122,1.4381722],[103.7784122,1.4381939],[103.7784936,1.4381939],[103.7784936,1.4381715],[103.7785221,1.4381715],[103.7785221,1.4381939],[103.7786026,1.438194],[103.7786026,1.4381728],[103.7786817,1.4381728],[103.7786817,1.438194],[103.7787632,1.4381941],[103.7787632,1.4381735],[103.7787961,1.4381735],[103.778796,1.4381941],[103.7788758,1.4381942],[103.7788759,1.4381741],[103.778904,1.4381742],[103.778904,1.4381942],[103.7789868,1.4381942],[103.7789868,1.4381728],[103.7790405,1.4381728],[103.7790405,1.4381943],[103.7791206,1.4381943],[103.7791206,1.4381711],[103.7791392,1.4381711],[103.7791392,1.4380722],[103.7790264,1.4380721],[103.7790264,1.4380448],[103.7789929,1.4380448],[103.7789929,1.4380721],[103.7786489,1.4380719],[103.7786489,1.4380438],[103.7786335,1.4380438],[103.7786334,1.4380718],[103.7783974,1.4380717],[103.7783974,1.4380465],[103.778374,1.4380464],[103.7783739,1.4380717],[103.7782605,1.4380716],[103.7782604,1.4381738],[103.7782774,1.4381738],[103.7782774,1.4381938],[103.7783578,1.4381938]]]}},{"type":"Feature","id":"way/194262442-0","properties":{"addr:city":"Singapore","addr:country":"SG","addr:housenumber":"141","addr:postcode":"730141","addr:street":"Marsiling Road","building":"residential","building:levels":"10","residential":"HDB","start_date":"1984"},"geometry":{"type":"Polygon","coordinates":[[[103.7767037,1.4373524],[103.7766524,1.4373522],[103.7766521,1.4374514],[103.7766679,1.4374514],[103.7766679,1.4374395],[103.7766951,1.4374396],[103.7766951,1.4374515],[103.7768848,1.437452],[103.7768849,1.4374301],[103.7769603,1.4374303],[103.7769603,1.4374523],[103.7770444,1.4374525],[103.7770445,1.4374252],[103.7770673,1.4374252],[103.7770672,1.4374526],[103.7771487,1.4374528],[103.7771488,1.4374268],[103.7772316,1.4374271],[103.7772315,1.437453],[103.7773153,1.4374533],[103.7773154,1.4374265],[103.7773664,1.4374267],[103.7773663,1.4374534],[103.7774431,1.4374537],[103.7774431,1.4374386],[103.7774716,1.4374387],[103.7774716,1.4374537],[103.7774876,1.4374538],[103.7774879,1.4373466],[103.7774417,1.4373464],[103.7774418,1.4373121],[103.7773678,1.4373118],[103.7773679,1.4373036],[103.7773568,1.4373036],[103.777357,1.437262],[103.7773258,1.437262],[103.7773256,1.4373035],[103.7773162,1.4373035],[103.7773162,1.4373117],[103.7769772,1.4373107],[103.7769773,1.4372764],[103.7768697,1.4372761],[103.7768696,1.4373104],[103.7767038,1.4373099],[103.7767037,1.4373524]]]}},{"type":"Feature","id":"way/194262443-0","properties":{"addr:city":"Singapore","addr:country":"SG","addr:housenumber":"134","addr:postcode":"730134","addr:street":"Marsiling Road","building":"residential","building:levels":"9","residential":"HDB","start_date":"1984"},"geometry":{"type":"Polygon","coordinates":[[[103.7776038,1.4366438],[103.777633,1.4366136],[103.7775733,1.4365559],[103.7775448,1.4365845],[103.7771294,1.4365772],[103.7771296,1.436565],[103.777118,1.4365648],[103.7771188,1.4365184],[103.77709,1.4365179],[103.7770892,1.4365643],[103.7770766,1.4365641],[103.7770764,1.4365763],[103.7770037,1.436575],[103.777003,1.4366169],[103.7769556,1.436616],[103.7769538,1.4367164],[103.7769695,1.4367167],[103.7769697,1.4367031],[103.7769979,1.4367036],[103.7769976,1.4367172],[103.7770771,1.4367186],[103.7770775,1.4366916],[103.7771272,1.4366924],[103.7771267,1.4367195],[103.7772142,1.436721],[103.7772147,1.4366929],[103.7772385,1.4366934],[103.777238,1.4367214],[103.7773202,1.4367228],[103.7773207,1.4366953],[103.7774008,1.4366967],[103.7774003,1.4367243],[103.7774838,1.4367257],[103.7774843,1.4366973],[103.7775066,1.4366977],[103.7775261,1.4367168],[103.7775077,1.4367353],[103.7775674,1.4367945],[103.7775837,1.4367781],[103.7776413,1.4368355],[103.7776234,1.4368534],[103.7776823,1.4369119],[103.7777004,1.4368937],[103.7777165,1.4369098],[103.7777162,1.4369237],[103.7776911,1.4369233],[103.7776898,1.4370098],[103.7777159,1.4370102],[103.7777155,1.4370306],[103.7776894,1.4370302],[103.7776881,1.4371127],[103.7777039,1.4371129],[103.7777035,1.4371407],[103.7776876,1.4371405],[103.7776874,1.4371573],[103.7778298,1.4371596],[103.777834,1.4369042],[103.7778704,1.4369048],[103.7778709,1.4368734],[103.7778345,1.4368729],[103.7778346,1.4368669],[103.7776038,1.4366438]]]}},{"type":"Feature","id":"way/194262444-0","properties":{"addr:city":"Singapore","addr:country":"SG","addr:housenumber":"128","addr:postcode":"730128","addr:street":"Marsiling Rise","building":"residential","building:levels":"9","residential":"HDB","start_date":"1984"},"geometry":{"type":"Polygon","coordinates":[[[103.7791917,1.4373921],[103.7788618,1.4373922],[103.7788618,1.4373627],[103.7788329,1.4373627],[103.7788329,1.4373922],[103.7785647,1.4373922],[103.7785647,1.4373543],[103.7785352,1.4373543],[103.7785352,1.4373922],[103.77845,1.4373923],[103.77845,1.4374311],[103.7784028,1.4374311],[103.7784028,1.4375347],[103.7784192,1.4375347],[103.7784192,1.4375192],[103.778446,1.4375192],[103.778446,1.4375347],[103.7785268,1.4375347],[103.7785268,1.4375065],[103.7785741,1.4375065],[103.7785741,1.4375346],[103.7786572,1.4375346],[103.7786572,1.4375058],[103.7787394,1.4375058],[103.7787394,1.4375346],[103.7788229,1.4375346],[103.7788229,1.4375065],[103.7788711,1.4375065],[103.7788711,1.4375346],[103.7789543,1.4375346],[103.7789543,1.4375052],[103.7790361,1.4375051],[103.7790361,1.4375346],[103.7791188,1.4375345],[103.7791187,1.4375082],[103.7791429,1.4375083],[103.7791606,1.4375251],[103.7791425,1.4375442],[103.7792007,1.4375995],[103.7792185,1.4375808],[103.779278,1.4376374],[103.7792595,1.4376569],[103.7793188,1.4377133],[103.779336,1.4376952],[103.7793493,1.4377072],[103.7793493,1.4377272],[103.7793228,1.4377272],[103.7793225,1.4378135],[103.7793493,1.4378136],[103.7793492,1.4378351],[103.7793224,1.437835],[103.7793221,1.4379157],[103.7793385,1.4379158],[103.7793384,1.4379413],[103.779322,1.4379412],[103.779322,1.4379593],[103.7794268,1.4379597],[103.779427,1.4379061],[103.7794614,1.4379062],[103.7794621,1.437696],[103.7794917,1.4376961],[103.7794918,1.4376629],[103.7794639,1.4376628],[103.7791917,1.4373921]]]}},{"type":"Feature","id":"way/194262446-0","properties":{"addr:city":"Singapore","addr:country":"SG","addr:housenumber":"140","addr:postcode":"730140","addr:street":"Marsiling Road","building":"residential","building:levels":"4","residential":"HDB","start_date":"1984"},"geometry":{"type":"Polygon","coordinates":[[[103.7767963,1.4378256],[103.7767964,1.4378073],[103.7767811,1.4378072],[103.7767814,1.437777],[103.7767967,1.4377771],[103.7767974,1.4376982],[103.7767684,1.4376979],[103.7767691,1.4376204],[103.7767982,1.4376206],[103.7767989,1.4375409],[103.7767785,1.4375407],[103.7767788,1.4375125],[103.7767991,1.4375127],[103.7767993,1.4374954],[103.7766923,1.4374944],[103.776692,1.4375288],[103.7766516,1.4375284],[103.7766513,1.4375636],[103.7766098,1.4375633],[103.7766096,1.437586],[103.7766637,1.4375865],[103.7766624,1.4377273],[103.7766087,1.4377268],[103.7766085,1.4377479],[103.7766496,1.4377483],[103.7766492,1.4377858],[103.7766897,1.4377862],[103.7766893,1.4378246],[103.7767963,1.4378256]]]}},{"type":"Feature","id":"way/194262448-0","properties":{"addr:city":"Singapore","addr:country":"SG","addr:housenumber":"135","addr:postcode":"730135","addr:street":"Marsiling Road","building":"residential","building:levels":"4","residential":"HDB","start_date":"1984"},"geometry":{"type":"Polygon","coordinates":[[[103.7777916,1.4378857],[103.7777921,1.4378328],[103.7778285,1.4378331],[103.7778291,1.4377605],[103.7778413,1.4377607],[103.7778414,1.4377451],[103.7778746,1.4377454],[103.7778748,1.437723],[103.7778416,1.4377227],[103.7778417,1.4377091],[103.7778296,1.437709],[103.7778319,1.4374653],[103.7778422,1.4374654],[103.7778424,1.4374495],[103.7778782,1.4374499],[103.7778785,1.437425],[103.7778426,1.4374247],[103.7778427,1.4374128],[103.7778324,1.4374127],[103.7778334,1.437296],[103.77769,1.4372947],[103.7776899,1.4373074],[103.7777028,1.4373075],[103.7777026,1.437334],[103.7776896,1.4373339],[103.7776889,1.437414],[103.777716,1.4374142],[103.7777156,1.4374648],[103.7776884,1.4374646],[103.7776877,1.4375457],[103.7777146,1.4375459],[103.7777138,1.4376257],[103.777687,1.4376255],[103.7776862,1.4377093],[103.7777137,1.4377095],[103.7777133,1.4377571],[103.7776858,1.4377569],[103.777685,1.4378383],[103.7777025,1.4378384],[103.7777022,1.437867],[103.7776847,1.4378668],[103.7776846,1.4378847],[103.7777916,1.4378857]]]}},{"type":"Feature","id":"way/194262450-0","properties":{"addr:city":"Singapore","addr:country":"SG","addr:housenumber":"132","addr:postcode":"730132","addr:street":"Marsiling Rise","building":"residential","building:levels":"4","residential":"HDB","start_date":"1984"},"geometry":{"type":"Polygon","coordinates":[[[103.777993,1.4385628],[103.7779928,1.4386123],[103.7781004,1.4386128],[103.7781004,1.4385971],[103.7780865,1.4385971],[103.7780867,1.4385689],[103.7781005,1.438569],[103.7781008,1.4384879],[103.7780764,1.4384878],[103.7780766,1.4384372],[103.778101,1.4384373],[103.7781013,1.4383531],[103.7780755,1.438353],[103.7780756,1.4383313],[103.7781014,1.4383314],[103.7781018,1.4382462],[103.7780774,1.4382461],[103.7780776,1.4381942],[103.778102,1.4381943],[103.7781023,1.4381115],[103.7780772,1.4381114],[103.7780772,1.4380889],[103.7781024,1.438089],[103.7781027,1.4380091],[103.7780833,1.438009],[103.7780835,1.4379632],[103.777962,1.4379628],[103.7779597,1.4385627],[103.777993,1.4385628]]]}},{"type":"Feature","id":"way/194262451-0","properties":{"addr:city":"Singapore","addr:country":"SG","addr:housenumber":"133","addr:postcode":"730133","addr:street":"Marsiling Rise","building":"residential","building:levels":"4","residential":"HDB","start_date":"1984","wheelchair":"limited"},"geometry":{"type":"Polygon","coordinates":[[[103.7779364,1.4375856],[103.7779363,1.4375755],[103.7778997,1.4375759],[103.7779004,1.4376472],[103.777957,1.4376467],[103.7779587,1.4378283],[103.777996,1.4378279],[103.7779965,1.4378799],[103.7780997,1.4378789],[103.7780995,1.4378641],[103.7780841,1.4378643],[103.7780838,1.4378347],[103.7780994,1.4378346],[103.7780987,1.4377582],[103.7780727,1.4377584],[103.7780724,1.4377332],[103.7780988,1.437733],[103.778098,1.4376493],[103.7780734,1.4376496],[103.7780733,1.4376318],[103.7780872,1.4376182],[103.7781044,1.4376357],[103.7781638,1.4375773],[103.7781453,1.4375585],[103.7782029,1.4375021],[103.7782214,1.4375209],[103.7782805,1.437463],[103.7782621,1.4374443],[103.7782975,1.4374096],[103.7783158,1.4374283],[103.7783725,1.4373727],[103.778361,1.437361],[103.7783802,1.4373422],[103.7783917,1.4373539],[103.7784062,1.4373397],[103.7783333,1.4372654],[103.7782956,1.4373024],[103.7782706,1.437277],[103.7782089,1.4373375],[103.7781795,1.4373075],[103.7781626,1.4373241],[103.778192,1.4373541],[103.7779565,1.4375851],[103.7779364,1.4375856]]]}},{"type":"Feature","id":"way/194262455-0","properties":{"addr:city":"Singapore","addr:country":"SG","addr:housenumber":"142","addr:postcode":"730142","addr:street":"Marsiling Road","building":"residential","building:levels":"10","residential":"HDB","start_date":"1984"},"geometry":{"type":"Polygon","coordinates":[[[103.7768669,1.4371042],[103.7768667,1.4371386],[103.7769743,1.4371391],[103.7769745,1.4371048],[103.7773135,1.4371067],[103.7773134,1.4371149],[103.7773228,1.437115],[103.7773226,1.4371565],[103.7773538,1.4371567],[103.777354,1.4371151],[103.7773651,1.4371152],[103.7773651,1.437107],[103.7774391,1.4371074],[103.7774393,1.437073],[103.7774855,1.4370732],[103.7774861,1.436966],[103.77747,1.4369659],[103.77747,1.436981],[103.7774415,1.4369809],[103.7774415,1.4369658],[103.7773648,1.4369654],[103.7773646,1.4369922],[103.7773136,1.4369919],[103.7773138,1.4369651],[103.77723,1.4369646],[103.7772298,1.4369906],[103.777147,1.4369902],[103.7771472,1.4369642],[103.7770657,1.4369637],[103.7770655,1.4369911],[103.7770427,1.4369909],[103.7770429,1.4369636],[103.7769587,1.4369631],[103.7769586,1.4369851],[103.7768832,1.4369847],[103.7768833,1.4369627],[103.7766935,1.4369617],[103.7766935,1.4369736],[103.7766663,1.4369735],[103.7766664,1.4369615],[103.7766505,1.4369614],[103.77665,1.4370606],[103.7767013,1.4370609],[103.7767011,1.4371033],[103.7768669,1.4371042]]]}},{"type":"Feature","id":"way/194262458-0","properties":{"addr:city":"Singapore","addr:country":"SG","addr:housenumber":"137","addr:postcode":"730137","addr:street":"Marsiling Road","building":"residential","building:levels":"12","residential":"HDB","start_date":"1984"},"geometry":{"type":"Polygon","coordinates":[[[103.777304,1.4384036],[103.7772825,1.4384035],[103.7772824,1.4384232],[103.7772304,1.4384229],[103.7772306,1.4383853],[103.7771596,1.4383849],[103.7771593,1.4384233],[103.7771113,1.4384231],[103.7771114,1.4384038],[103.7770748,1.4384036],[103.7770747,1.4384228],[103.7770242,1.4384226],[103.7770245,1.4383841],[103.7769292,1.4383835],[103.776929,1.4384231],[103.7768776,1.4384228],[103.7768777,1.4384018],[103.7768392,1.4384016],[103.776839,1.4384226],[103.7767909,1.4384223],[103.7767911,1.4383827],[103.7767206,1.4383823],[103.7767204,1.4384225],[103.7766717,1.4384222],[103.7766718,1.4384011],[103.7766501,1.438401],[103.7766494,1.4385249],[103.7767045,1.4385252],[103.7767044,1.4385442],[103.7767415,1.4385444],[103.7767413,1.438583],[103.7767714,1.4385832],[103.7767717,1.4385446],[103.7768055,1.4385448],[103.7768056,1.4385263],[103.7769085,1.4385269],[103.7769084,1.4385451],[103.7770422,1.4385459],[103.7770423,1.4385264],[103.7771436,1.438527],[103.7771434,1.4385459],[103.7771801,1.4385461],[103.7771799,1.4385853],[103.7772091,1.4385855],[103.7772093,1.4385461],[103.777248,1.4385463],[103.7772481,1.4385285],[103.7772883,1.4385287],[103.7773183,1.4385575],[103.7773059,1.4385703],[103.7773318,1.4385952],[103.7773006,1.4386277],[103.7773193,1.4386456],[103.7773504,1.4386131],[103.7773805,1.4386419],[103.7773928,1.4386291],[103.7774325,1.4386672],[103.7775137,1.4385826],[103.7775005,1.4385699],[103.7774867,1.4385842],[103.777447,1.4385461],[103.7774762,1.4385156],[103.7774258,1.4384673],[103.7773986,1.4384957],[103.7773651,1.4384636],[103.777382,1.438446],[103.7773651,1.4384298],[103.7773135,1.4384835],[103.7773036,1.4384723],[103.777304,1.4384036]]]}},{"type":"Feature","id":"way/194262459-0","properties":{"addr:city":"Singapore","addr:country":"SG","addr:housenumber":"129","addr:postcode":"730129","addr:street":"Marsiling Rise","building":"residential","building:levels":"10","residential":"HDB","start_date":"1983"},"geometry":{"type":"Polygon","coordinates":[[[103.7783713,1.4378785],[103.7783713,1.4379017],[103.7784015,1.4379016],[103.7784014,1.4378784],[103.7789992,1.4378761],[103.7789993,1.4379011],[103.7790295,1.4379009],[103.7790294,1.437876],[103.7791528,1.4378755],[103.7791524,1.4377749],[103.7791196,1.437775],[103.7791195,1.4377547],[103.7790415,1.437755],[103.7790415,1.4377752],[103.7789869,1.4377754],[103.7789868,1.4377552],[103.7789067,1.4377555],[103.7789068,1.437781],[103.7788773,1.4377811],[103.7788772,1.4377556],[103.7787957,1.4377559],[103.7787958,1.4377774],[103.778715,1.4377777],[103.7787149,1.4377562],[103.7786348,1.4377565],[103.7786348,1.4377749],[103.778603,1.437775],[103.7786029,1.4377566],[103.7785221,1.437757],[103.7785222,1.4377759],[103.7784937,1.437776],[103.7784936,1.4377571],[103.7784138,1.4377574],[103.7784139,1.4377836],[103.7783563,1.4377838],[103.7783562,1.4377576],[103.778278,1.4377579],[103.7782781,1.4377798],[103.7782613,1.4377798],[103.7782616,1.4378789],[103.7783713,1.4378785]]]}},{"type":"Feature","id":"way/194262460-0","properties":{"addr:city":"Singapore","addr:country":"SG","addr:housenumber":"143","addr:postcode":"730143","addr:street":"Marsiling Road","building":"residential","building:levels":"4","residential":"HDB","start_date":"1984"},"geometry":{"type":"Polygon","coordinates":[[[103.7767936,1.4369198],[103.7767938,1.4369015],[103.7767785,1.4369014],[103.7767788,1.4368712],[103.7767941,1.4368713],[103.7767948,1.4367924],[103.7767657,1.4367921],[103.7767664,1.4367146],[103.7767955,1.4367148],[103.7767962,1.4366351],[103.7767759,1.4366349],[103.7767761,1.4366067],[103.7767965,1.4366069],[103.7767966,1.4365896],[103.7766897,1.4365886],[103.7766894,1.436623],[103.776649,1.4366226],[103.7766486,1.4366578],[103.7766071,1.4366575],[103.7766069,1.4366802],[103.776661,1.4366807],[103.7766598,1.4368215],[103.7766061,1.436821],[103.7766059,1.4368421],[103.7766469,1.4368425],[103.7766466,1.43688],[103.776687,1.4368804],[103.7766866,1.4369188],[103.7767936,1.4369198]]]}},{"type":"Feature","id":"way/194262472-0","properties":{"addr:city":"Singapore","addr:country":"SG","addr:housenumber":"136","addr:postcode":"730136","addr:street":"Marsiling Road","building":"residential","building:levels":"4","residential":"HDB","start_date":"1984"},"geometry":{"type":"Polygon","coordinates":[[[103.777701,1.438586],[103.7776835,1.4385689],[103.7776238,1.4386299],[103.7776069,1.4386472],[103.7775508,1.4387045],[103.7775603,1.4387139],[103.7775411,1.4387336],[103.7775304,1.4387232],[103.777519,1.4387348],[103.7775308,1.4387463],[103.7775108,1.4387667],[103.7776033,1.4388573],[103.7777799,1.4386769],[103.7778024,1.4386989],[103.7778581,1.438642],[103.7778268,1.4386105],[103.7778765,1.438611],[103.7778768,1.4385799],[103.7778272,1.4385794],[103.7778307,1.4382372],[103.777842,1.4382373],[103.7778421,1.4382231],[103.7778829,1.4382235],[103.7778832,1.4381984],[103.7778424,1.4381979],[103.7778425,1.4381877],[103.7778313,1.4381876],[103.7778337,1.437951],[103.7776982,1.4379496],[103.777698,1.4379724],[103.7777098,1.4379725],[103.7777096,1.437999],[103.7776977,1.4379989],[103.7776969,1.438079],[103.7777172,1.4380792],[103.777717,1.438102],[103.7776966,1.4381018],[103.7776957,1.4381866],[103.7777194,1.4381868],[103.7777189,1.4382364],[103.7776952,1.4382362],[103.7776943,1.4383216],[103.7777192,1.4383219],[103.777719,1.4383463],[103.7776941,1.4383461],[103.7776932,1.4384315],[103.7777189,1.4384318],[103.7777187,1.4384516],[103.777693,1.4384513],[103.7776921,1.4385361],[103.77772,1.4385364],[103.7777199,1.4385479],[103.77771,1.4385769],[103.777701,1.438586]]]}},{"type":"Feature","id":"way/194262473-0","properties":{"addr:city":"Singapore","addr:country":"SG","addr:housenumber":"139","addr:postcode":"730139","addr:street":"Marsiling Road","building":"residential","building:levels":"11","residential":"HDB","start_date":"1984"},"geometry":{"type":"Polygon","coordinates":[[[103.7770409,1.4378322],[103.7770409,1.437838],[103.7770506,1.437838],[103.7770506,1.4378846],[103.7770797,1.4378846],[103.7770798,1.437838],[103.7770915,1.437838],[103.7770915,1.4378322],[103.7773242,1.4378324],[103.7773242,1.4378657],[103.7774308,1.4378658],[103.7774308,1.4378325],[103.7775961,1.4378326],[103.7775961,1.437793],[103.777648,1.4377931],[103.7776481,1.4376889],[103.7776303,1.4376888],[103.7776303,1.4377046],[103.7776018,1.4377046],[103.7776018,1.4376888],[103.7775233,1.4376888],[103.7775233,1.4377163],[103.7775005,1.4377163],[103.7775005,1.4376887],[103.7774147,1.4376887],[103.7774147,1.437713],[103.7773382,1.4377129],[103.7773383,1.4376886],[103.7772551,1.4376886],[103.7772551,1.437713],[103.777174,1.4377129],[103.777174,1.4376885],[103.7770888,1.4376884],[103.7770888,1.4377123],[103.7770405,1.4377123],[103.7770405,1.4376884],[103.7769614,1.4376883],[103.7769614,1.4377002],[103.7769336,1.4377002],[103.7769336,1.4376883],[103.7769182,1.4376883],[103.7769181,1.4377897],[103.7769675,1.4377897],[103.7769674,1.4378321],[103.7770409,1.4378322]]]}},{"type":"Feature","id":"way/194262480-0","properties":{"addr:city":"Singapore","addr:country":"SG","addr:housenumber":"138","addr:postcode":"730138","addr:street":"Marsiling Road","building":"residential","building:levels":"12","residential":"HDB","start_date":"1984"},"geometry":{"type":"Polygon","coordinates":[[[103.7769564,1.4380796],[103.7769071,1.4380793],[103.7769065,1.4381807],[103.7769219,1.4381808],[103.7769219,1.4381689],[103.7769498,1.4381691],[103.7769497,1.438181],[103.7770288,1.4381814],[103.777029,1.4381575],[103.7770772,1.4381578],[103.7770771,1.4381817],[103.7771623,1.4381822],[103.7771624,1.4381577],[103.7772435,1.4381582],[103.7772434,1.4381826],[103.7773265,1.4381831],[103.7773267,1.4381588],[103.7774031,1.4381592],[103.777403,1.4381835],[103.7774888,1.438184],[103.777489,1.4381564],[103.7775118,1.4381566],[103.7775116,1.4381841],[103.7775901,1.4381846],[103.7775902,1.4381688],[103.7776186,1.438169],[103.7776186,1.4381847],[103.7776364,1.4381848],[103.777637,1.4380806],[103.777585,1.4380803],[103.7775853,1.4380408],[103.77742,1.4380398],[103.7774202,1.4380065],[103.7773136,1.4380059],[103.7773134,1.4380392],[103.7770807,1.4380379],[103.7770807,1.4380321],[103.777069,1.4380321],[103.7770692,1.4379905],[103.7770401,1.4379904],[103.7770398,1.4380319],[103.7770301,1.4380318],[103.7770301,1.4380376],[103.7769566,1.4380372],[103.7769564,1.4380796]]]}},{"type":"Feature","id":"way/194283285-0","properties":{"addr:city":"Singapore","addr:country":"SG","addr:housenumber":"11","addr:postcode":"730011","addr:street":"Marsiling Drive","building":"residential","building:levels":"22","residential":"HDB","start_date":"1975"},"geometry":{"type":"Polygon","coordinates":[[[103.7779127,1.4405169],[103.7779128,1.4405284],[103.7779564,1.4405281],[103.7779563,1.4405167],[103.7780501,1.4405161],[103.7780498,1.4404612],[103.7780587,1.4404611],[103.7780585,1.4404239],[103.777999,1.4404243],[103.7779989,1.4403961],[103.7780593,1.4403958],[103.7780591,1.4403549],[103.7780492,1.4403549],[103.7780488,1.4402979],[103.7779553,1.4402984],[103.7779552,1.4402804],[103.7779133,1.4402806],[103.7779134,1.4402987],[103.7778196,1.4402992],[103.7778199,1.4403539],[103.7778127,1.440354],[103.7778129,1.4403942],[103.7778661,1.4403939],[103.7778662,1.4404204],[103.7778121,1.4404207],[103.7778123,1.4404592],[103.7778205,1.4404592],[103.7778209,1.4405175],[103.7779127,1.4405169]]]}},{"type":"Feature","id":"way/194283287-0","properties":{"addr:city":"Singapore","addr:country":"SG","addr:housenumber":"12B","addr:neighbourhood":"Straits Vista","addr:postcode":"730012","addr:street":"Marsiling Lane","building":"residential","building:levels":"30","residential":"HDB"},"geometry":{"type":"Polygon","coordinates":[[[103.7782267,1.4412201],[103.778227,1.4411743],[103.7782153,1.4411742],[103.7782154,1.4411578],[103.7781939,1.4411577],[103.778194,1.4411416],[103.7781334,1.4411413],[103.7781337,1.441087],[103.778162,1.4410871],[103.7781621,1.4410637],[103.7781865,1.4410638],[103.7781865,1.4410529],[103.7782126,1.441053],[103.7782128,1.4410224],[103.7782278,1.4410225],[103.778228,1.4409748],[103.7780015,1.4409736],[103.7780012,1.4410168],[103.7780153,1.4410168],[103.7780152,1.441043],[103.7780455,1.4410432],[103.7780453,1.4410649],[103.7780576,1.441065],[103.7780571,1.4411448],[103.7780424,1.4411447],[103.7780424,1.4411588],[103.7780176,1.4411586],[103.7780176,1.4411707],[103.7780004,1.4411706],[103.7780001,1.4412189],[103.7782267,1.4412201]]]}},{"type":"Feature","id":"way/194283288-0","properties":{"addr:city":"Singapore","addr:country":"SG","addr:housenumber":"12","addr:postcode":"730012","addr:street":"Marsiling Lane","building":"residential","building:levels":"12","residential":"HDB","start_date":"1975"},"geometry":{"type":"Polygon","coordinates":[[[103.7785053,1.4405467],[103.7785126,1.4405383],[103.7785374,1.4405598],[103.77853,1.4405683],[103.7785872,1.4406179],[103.7785952,1.4406087],[103.7786219,1.4406319],[103.7786139,1.440641],[103.778673,1.4406923],[103.7786797,1.4406846],[103.7787043,1.4407059],[103.7786976,1.4407136],[103.7787565,1.4407646],[103.7787659,1.4407537],[103.7787734,1.4407602],[103.7787883,1.440743],[103.7788174,1.4407682],[103.7788016,1.4407864],[103.7788101,1.4407937],[103.7788015,1.4408036],[103.7788569,1.4408517],[103.7788645,1.4408429],[103.7788907,1.4408656],[103.7788831,1.4408744],[103.7789411,1.4409246],[103.7789503,1.440914],[103.7789669,1.4409284],[103.7790527,1.4408296],[103.7788826,1.4406821],[103.7789033,1.4406582],[103.7788801,1.4406381],[103.7788594,1.440662],[103.7784482,1.4403055],[103.7784201,1.440338],[103.7781934,1.440343],[103.7781962,1.4404712],[103.7782197,1.4404707],[103.77822,1.4404836],[103.7782955,1.440482],[103.7782952,1.4404676],[103.7783284,1.4404669],[103.7783287,1.4404809],[103.778406,1.4404791],[103.7784217,1.4404376],[103.7784621,1.4404529],[103.778446,1.4404954],[103.7785053,1.4405467]]]}},{"type":"Feature","id":"way/194283290-0","properties":{"addr:city":"Singapore","addr:country":"SG","addr:housenumber":"12C","addr:neighbourhood":"Straits Vista","addr:postcode":"730012","addr:street":"Marsiling Lane","building":"residential","building:levels":"30","residential":"HDB"},"geometry":{"type":"Polygon","coordinates":[[[103.777887,1.4412207],[103.7778873,1.4411749],[103.7778756,1.4411749],[103.7778757,1.4411584],[103.7778542,1.4411583],[103.7778543,1.4411422],[103.7777937,1.4411419],[103.777794,1.4410876],[103.7778223,1.4410878],[103.7778225,1.4410643],[103.7778468,1.4410644],[103.7778468,1.4410535],[103.7778729,1.4410537],[103.7778731,1.441023],[103.7778881,1.4410231],[103.7778884,1.4409754],[103.7776618,1.4409742],[103.7776615,1.4410174],[103.7776756,1.4410175],[103.7776755,1.4410436],[103.7777058,1.4410438],[103.7777056,1.4410656],[103.7777179,1.4410656],[103.7777174,1.4411454],[103.7777027,1.4411453],[103.7777027,1.4411594],[103.7776779,1.4411593],[103.7776779,1.4411713],[103.7776607,1.4411712],[103.7776604,1.4412195],[103.777887,1.4412207]]]}},{"type":"Feature","id":"way/194283296-0","properties":{"addr:city":"Singapore","addr:country":"SG","addr:housenumber":"10","addr:postcode":"730010","addr:street":"Marsiling Drive","building":"residential","building:levels":"22","residential":"HDB","start_date":"1975"},"geometry":{"type":"Polygon","coordinates":[[[103.7772992,1.4409258],[103.7772993,1.4409373],[103.7773428,1.440937],[103.7773428,1.4409256],[103.7774366,1.440925],[103.7774362,1.4408701],[103.7774451,1.44087],[103.7774449,1.4408328],[103.7773855,1.4408332],[103.7773853,1.440805],[103.7774458,1.4408047],[103.7774455,1.4407638],[103.7774356,1.4407638],[103.7774353,1.4407068],[103.7773418,1.4407073],[103.7773417,1.4406893],[103.7772998,1.4406895],[103.7772999,1.4407076],[103.777206,1.4407081],[103.7772064,1.4407628],[103.7771991,1.4407629],[103.7771994,1.4408031],[103.7772525,1.4408028],[103.7772527,1.4408293],[103.7771986,1.4408296],[103.7771988,1.4408681],[103.777207,1.4408681],[103.7772073,1.4409264],[103.7772992,1.4409258]]]}},{"type":"Feature","id":"way/194283300-0","properties":{"addr:city":"Singapore","addr:country":"SG","addr:housenumber":"12D","addr:neighbourhood":"Straits Vista","addr:postcode":"730012","addr:street":"Marsiling Lane","building":"public","building:levels":"2"},"geometry":{"type":"Polygon","coordinates":[[[103.7784111,1.4412222],[103.778438,1.4412014],[103.7784534,1.4411712],[103.7784635,1.4411451],[103.7784588,1.4411096],[103.7784205,1.4410801],[103.7784259,1.441069],[103.7784222,1.4410573],[103.7784054,1.4410496],[103.7783739,1.4410422],[103.7783719,1.440937],[103.7782965,1.4409406],[103.7782941,1.441133],[103.778327,1.4411327],[103.7783275,1.4412212],[103.7784111,1.4412222]]]}},{"type":"Feature","id":"way/194283778-0","properties":{"addr:city":"Singapore","addr:country":"SG","addr:housenumber":"3","addr:neighbourhood":"Marsiling Spring","addr:postcode":"730003","addr:street":"Marsiling Road","building":"residential","building:levels":"13","residential":"HDB","start_date":"1973"},"geometry":{"type":"Polygon","coordinates":[[[103.775958,1.4394717],[103.7759584,1.439451],[103.7759786,1.4394514],[103.7759781,1.4394721],[103.7760566,1.4394737],[103.776057,1.4394564],[103.7760714,1.4394567],[103.776071,1.439474],[103.776126,1.4394751],[103.7761264,1.4394575],[103.776135,1.4394577],[103.7761347,1.4394752],[103.7762145,1.4394768],[103.776215,1.4394559],[103.7762327,1.4394562],[103.7762323,1.4394772],[103.7763125,1.4394788],[103.7763129,1.4394579],[103.7763311,1.4394582],[103.7763306,1.4394792],[103.7764104,1.4394808],[103.7764108,1.4394588],[103.7764249,1.4394591],[103.7764245,1.439481],[103.7764789,1.4394821],[103.7764793,1.4394612],[103.7764917,1.4394614],[103.7764913,1.4394824],[103.7765665,1.4394839],[103.7765669,1.4394634],[103.7765902,1.4394639],[103.7765897,1.4394843],[103.7766624,1.4394858],[103.7766628,1.4394667],[103.7766869,1.4394672],[103.7766865,1.4394863],[103.7767649,1.4394879],[103.7767653,1.4394698],[103.7767788,1.4394701],[103.7767784,1.4394881],[103.7768294,1.4394891],[103.7768298,1.439469],[103.7768425,1.4394692],[103.7768421,1.4394894],[103.7769149,1.4394909],[103.7769153,1.4394711],[103.7769361,1.4394715],[103.7769357,1.4394913],[103.7770155,1.4394929],[103.777016,1.439471],[103.7770284,1.4394713],[103.7770291,1.4394333],[103.7770475,1.4394337],[103.7770481,1.4394062],[103.777035,1.4394059],[103.7770357,1.4393714],[103.7770181,1.4393711],[103.7770185,1.4393511],[103.7769367,1.4393495],[103.7769363,1.4393682],[103.7769166,1.4393678],[103.7769169,1.439349],[103.7768439,1.4393476],[103.7768435,1.4393644],[103.7768335,1.4393642],[103.7768338,1.4393473],[103.7767825,1.4393463],[103.7767821,1.4393635],[103.7767633,1.4393631],[103.7767637,1.4393458],[103.7766856,1.4393443],[103.7766852,1.4393642],[103.7766633,1.4393638],[103.7766637,1.4393437],[103.7765876,1.4393422],[103.7765872,1.4393611],[103.7765668,1.4393607],[103.7765671,1.4393417],[103.7764876,1.4393401],[103.7764873,1.4393543],[103.7764763,1.439354],[103.7764766,1.4393399],[103.7764186,1.4393387],[103.7764183,1.4393536],[103.7764095,1.4393534],[103.7764098,1.4393385],[103.7763351,1.439337],[103.7763347,1.4393555],[103.7763132,1.4393551],[103.7763136,1.4393365],[103.7762351,1.4393349],[103.7762348,1.4393493],[103.7762129,1.4393488],[103.7762132,1.4393344],[103.7761358,1.4393328],[103.7761355,1.4393487],[103.776126,1.4393485],[103.7761264,1.4393326],[103.7760748,1.4393316],[103.7760744,1.4393528],[103.7760556,1.4393524],[103.776056,1.4393311],[103.7759795,1.4393296],[103.7759791,1.4393503],[103.7759584,1.4393499],[103.7759588,1.4393291],[103.7758856,1.4393276],[103.7758852,1.439348],[103.7758663,1.4393476],[103.7758658,1.4393732],[103.7758443,1.4393728],[103.7758436,1.4394085],[103.7758645,1.4394089],[103.7758638,1.4394483],[103.7758779,1.4394486],[103.7758775,1.4394701],[103.775958,1.4394717]]]}},{"type":"Feature","id":"way/194283779-0","properties":{"addr:city":"Singapore","addr:country":"SG","addr:housenumber":"2","addr:neighbourhood":"Marsiling Spring","addr:postcode":"730002","addr:street":"Marsiling Road","building":"residential","building:levels":"13","residential":"HDB","start_date":"1973"},"geometry":{"type":"Polygon","coordinates":[[[103.7762251,1.4399833],[103.7762249,1.4399933],[103.7762775,1.4399945],[103.7762778,1.4399846],[103.7766992,1.4399944],[103.7766986,1.440019],[103.7767583,1.4400204],[103.7767589,1.4399958],[103.7770764,1.4400032],[103.7770762,1.4400108],[103.7771295,1.440012],[103.7771297,1.4400044],[103.7773398,1.4400093],[103.777342,1.4399162],[103.7773261,1.4399158],[103.7773273,1.4398638],[103.7772974,1.4398631],[103.7772968,1.4398879],[103.777274,1.4398874],[103.7772746,1.4398626],[103.7772409,1.4398618],[103.7772396,1.4399138],[103.7772155,1.4399133],[103.7772167,1.4398617],[103.7771867,1.439861],[103.7771861,1.4398879],[103.7771613,1.4398874],[103.7771619,1.4398604],[103.7771315,1.4398597],[103.7771303,1.4399113],[103.7770774,1.43991],[103.7770786,1.4398559],[103.7770446,1.4398551],[103.777044,1.4398817],[103.7770252,1.4398813],[103.7770258,1.4398547],[103.7769962,1.439854],[103.7769949,1.4399081],[103.7769667,1.4399074],[103.776968,1.4398529],[103.7769373,1.4398521],[103.7769367,1.4398794],[103.7769158,1.4398789],[103.7769165,1.4398517],[103.7768862,1.4398509],[103.776885,1.4399055],[103.7768608,1.439905],[103.7768621,1.4398514],[103.7768307,1.4398507],[103.77683,1.4398788],[103.7768072,1.4398783],[103.7768078,1.4398501],[103.7767703,1.4398493],[103.7767691,1.4399028],[103.7767424,1.4399022],[103.776743,1.4398765],[103.7767152,1.4398758],[103.7767146,1.4399016],[103.7766942,1.4399011],[103.7766954,1.4398505],[103.7766624,1.4398497],[103.7766617,1.4398783],[103.7766402,1.4398778],[103.7766409,1.4398492],[103.7766089,1.4398485],[103.7766077,1.4398991],[103.7765849,1.4398985],[103.7765861,1.4398483],[103.7765537,1.4398476],[103.776553,1.4398754],[103.7765263,1.4398748],[103.7765269,1.4398469],[103.7764986,1.4398463],[103.7764974,1.4398965],[103.7764757,1.439896],[103.7764769,1.4398448],[103.7764438,1.4398441],[103.7764431,1.4398726],[103.7764189,1.4398721],[103.7764196,1.4398435],[103.7763897,1.4398428],[103.7763885,1.439894],[103.7763637,1.4398934],[103.7763649,1.4398417],[103.7763351,1.439841],[103.7763345,1.4398683],[103.7763117,1.4398678],[103.7763123,1.4398405],[103.7762784,1.4398397],[103.7762772,1.4398914],[103.7762286,1.4398902],[103.7762298,1.4398393],[103.7762004,1.4398387],[103.7761998,1.439865],[103.7761722,1.4398644],[103.7761728,1.439838],[103.7761466,1.4398374],[103.7761454,1.4398883],[103.7761186,1.4398877],[103.7761198,1.4398362],[103.7760871,1.4398355],[103.7760865,1.4398596],[103.7760657,1.4398591],[103.7760663,1.439835],[103.7760332,1.4398342],[103.776032,1.4398856],[103.7760147,1.4398852],[103.7760125,1.4399784],[103.7762251,1.4399833]]]}},{"type":"Feature","id":"way/194283781-0","properties":{"addr:city":"Singapore","addr:country":"SG","addr:housenumber":"1","addr:neighbourhood":"Marsiling Spring","addr:postcode":"730001","addr:street":"Marsiling Drive","building":"residential","building:levels":"11","residential":"HDB","start_date":"1973"},"geometry":{"type":"Polygon","coordinates":[[[103.775462,1.440719],[103.7754618,1.4407247],[103.7755162,1.4407265],[103.7755164,1.4407195],[103.7759382,1.4407339],[103.7759371,1.440766],[103.7759955,1.440768],[103.7759966,1.4407345],[103.7762217,1.4407422],[103.7762248,1.4406528],[103.776206,1.4406522],[103.7762077,1.4406016],[103.7761772,1.4406005],[103.7761764,1.4406233],[103.7761557,1.4406226],[103.7761565,1.4405998],[103.7761246,1.4405987],[103.7761228,1.4406493],[103.776099,1.4406485],[103.7761008,1.4405965],[103.7760709,1.4405955],[103.7760701,1.4406207],[103.7760446,1.4406199],[103.7760454,1.4405946],[103.7760147,1.4405935],[103.7760129,1.4406455],[103.7759821,1.4406445],[103.775983,1.4406185],[103.7759551,1.4406175],[103.7759542,1.4406435],[103.7759345,1.4406429],[103.7759362,1.4405919],[103.775907,1.4405909],[103.7759062,1.4406142],[103.7758824,1.4406134],[103.7758832,1.44059],[103.7758501,1.4405889],[103.7758483,1.4406399],[103.7758269,1.4406392],[103.7758286,1.4405894],[103.775796,1.4405883],[103.7757952,1.4406106],[103.7757718,1.4406098],[103.7757725,1.4405875],[103.7757431,1.4405865],[103.7757414,1.4406362],[103.7757122,1.4406352],[103.7757141,1.4405816],[103.775683,1.4405805],[103.7756821,1.4406082],[103.7756593,1.4406074],[103.7756602,1.4405798],[103.7756282,1.4405787],[103.7756264,1.4406323],[103.7756019,1.4406315],[103.7756038,1.4405766],[103.7755734,1.4405756],[103.7755724,1.4406039],[103.7755516,1.4406032],[103.7755526,1.4405748],[103.7755196,1.4405737],[103.7755177,1.4406286],[103.7754644,1.4406268],[103.7754664,1.4405708],[103.7754339,1.4405697],[103.775433,1.4405971],[103.7754122,1.4405964],[103.7754131,1.440569],[103.7753855,1.440568],[103.7753836,1.440624],[103.7753565,1.4406231],[103.7753584,1.4405661],[103.7753276,1.4405651],[103.7753266,1.4405961],[103.7753034,1.4405953],[103.7753045,1.4405643],[103.7752763,1.4405633],[103.7752743,1.4406203],[103.7752523,1.4406195],[103.7752491,1.4407117],[103.775462,1.440719]]]}},{"type":"Feature","id":"way/194283782-0","properties":{"addr:city":"Singapore","addr:country":"SG","addr:housenumber":"5A","addr:neighbourhood":"Marsiling Spring","addr:postcode":"732005","addr:street":"Marsiling Road","building":"residential","building:levels":"13","residential":"HDB","start_date":"1973"},"geometry":{"type":"Polygon","coordinates":[[[103.7753605,1.440352],[103.7753706,1.4403599],[103.7753838,1.4403603],[103.7753948,1.4403528],[103.775399,1.4403528],[103.7753994,1.440334],[103.7754356,1.4403347],[103.7754352,1.4403535],[103.7755033,1.4403549],[103.7755037,1.4403335],[103.7755192,1.4403338],[103.7755187,1.4403552],[103.7755637,1.4403561],[103.7755641,1.4403345],[103.7755795,1.4403348],[103.7755791,1.4403564],[103.7756493,1.4403578],[103.7756494,1.4403509],[103.7756705,1.4403513],[103.7756701,1.4403703],[103.7757396,1.4403717],[103.7757401,1.4403489],[103.7757542,1.4403492],[103.7757537,1.440372],[103.7758077,1.4403731],[103.7758081,1.4403556],[103.7758205,1.4403559],[103.7758201,1.4403733],[103.7758573,1.4403741],[103.775859,1.4402909],[103.7758673,1.4402852],[103.7758721,1.4402713],[103.7758679,1.4402573],[103.7758562,1.4402484],[103.7758415,1.4402481],[103.7758295,1.4402565],[103.7758268,1.4402702],[103.7758246,1.4402703],[103.7758253,1.4402358],[103.7757759,1.4402348],[103.7757752,1.4402666],[103.7756809,1.4402647],[103.7756811,1.440252],[103.775431,1.440247],[103.7754314,1.4402308],[103.775462,1.4402314],[103.7754635,1.4401528],[103.7754788,1.4401531],[103.7754792,1.4401299],[103.7754955,1.4401302],[103.775495,1.4401528],[103.7755598,1.4401541],[103.7755605,1.4401201],[103.7755365,1.4401196],[103.7755379,1.4400523],[103.7749862,1.4400412],[103.7749777,1.4404656],[103.7750568,1.4404672],[103.7750669,1.4404743],[103.775082,1.4404741],[103.7750941,1.4404651],[103.7750986,1.4404506],[103.7751,1.4404363],[103.7751177,1.4404375],[103.7751188,1.4403846],[103.775085,1.4403839],[103.7750898,1.4401446],[103.7753987,1.4401507],[103.7753967,1.4402504],[103.7752802,1.440248],[103.7752795,1.4402834],[103.7752974,1.4402837],[103.7752961,1.4403507],[103.7753605,1.440352]]]}},{"type":"Feature","id":"way/194283784-0","properties":{"addr:city":"Singapore","addr:country":"SG","addr:housenumber":"5","addr:neighbourhood":"Marsiling Spring","addr:postcode":"730005","addr:street":"Marsiling Road","building":"residential","building:levels":"18","residential":"HDB","start_date":"1974"},"geometry":{"type":"Polygon","coordinates":[[[103.7756718,1.4396982],[103.7756257,1.4396969],[103.7756263,1.4396739],[103.7755244,1.4396709],[103.7755237,1.4396939],[103.775235,1.4396855],[103.7752357,1.4396629],[103.7751505,1.4396604],[103.7751499,1.439683],[103.7750914,1.4396813],[103.7750887,1.4397738],[103.7751767,1.4397764],[103.7751757,1.439809],[103.7752079,1.43981],[103.7752088,1.4397774],[103.7753544,1.4397816],[103.7753541,1.4397933],[103.7753675,1.4397937],[103.7753665,1.4398282],[103.7753919,1.439829],[103.7753929,1.4397944],[103.7754079,1.4397949],[103.7754082,1.4397832],[103.7755531,1.4397874],[103.7755522,1.4398174],[103.775583,1.4398183],[103.7755839,1.4397883],[103.7756691,1.4397908],[103.7756718,1.4396982]]]}},{"type":"Feature","id":"way/194283785-0","properties":{"addr:city":"Singapore","addr:country":"SG","addr:housenumber":"4","addr:neighbourhood":"Marsiling Spring","addr:postcode":"730004","addr:street":"Marsiling Road","building":"residential","building:levels":"13","residential":"HDB","start_date":"1973"},"geometry":{"type":"Polygon","coordinates":[[[103.7752669,1.4390406],[103.7752676,1.4390199],[103.7752878,1.4390206],[103.7752871,1.4390413],[103.7753655,1.4390439],[103.7753661,1.4390267],[103.7753805,1.4390272],[103.7753799,1.4390444],[103.7754349,1.4390463],[103.7754355,1.4390288],[103.7754442,1.4390291],[103.7754436,1.4390466],[103.7755234,1.4390493],[103.7755241,1.4390283],[103.7755418,1.4390289],[103.7755411,1.4390499],[103.7756213,1.4390526],[103.775622,1.4390316],[103.7756402,1.4390322],[103.7756394,1.4390532],[103.7757192,1.4390558],[103.7757199,1.4390339],[103.775734,1.4390344],[103.7757333,1.4390563],[103.7757877,1.4390582],[103.7757884,1.4390372],[103.7758007,1.4390376],[103.7758,1.4390586],[103.7758752,1.4390611],[103.7758759,1.4390407],[103.7758992,1.4390414],[103.7758985,1.4390619],[103.7759711,1.4390643],[103.7759717,1.4390452],[103.7759959,1.439046],[103.7759952,1.4390651],[103.7760736,1.4390678],[103.7760742,1.4390497],[103.7760877,1.4390502],[103.7760871,1.4390682],[103.776138,1.4390699],[103.7761387,1.4390498],[103.7761514,1.4390502],[103.7761508,1.4390704],[103.7762235,1.4390728],[103.7762241,1.4390531],[103.7762449,1.4390538],[103.7762443,1.4390735],[103.7763241,1.4390762],[103.7763248,1.4390544],[103.7763372,1.4390548],[103.7763385,1.4390168],[103.7763569,1.4390174],[103.776359,1.4389555],[103.7763283,1.4389544],[103.776329,1.4389345],[103.7762472,1.4389318],[103.7762466,1.4389504],[103.7762269,1.4389498],[103.7762275,1.438931],[103.7761544,1.4389286],[103.7761539,1.4389454],[103.7761438,1.4389451],[103.7761444,1.4389282],[103.776093,1.4389264],[103.7760925,1.4389437],[103.7760737,1.438943],[103.7760743,1.4389257],[103.7759962,1.4389231],[103.7759955,1.4389431],[103.7759737,1.4389424],[103.7759744,1.4389223],[103.7758982,1.4389197],[103.7758976,1.4389386],[103.7758772,1.438938],[103.7758778,1.438919],[103.7757983,1.4389163],[103.7757978,1.4389304],[103.7757868,1.43893],[103.7757873,1.4389159],[103.7757293,1.4389139],[103.7757288,1.4389288],[103.7757201,1.4389285],[103.7757206,1.4389136],[103.7756459,1.4389111],[103.7756452,1.4389296],[103.7756237,1.4389289],[103.7756243,1.4389103],[103.7755459,1.4389076],[103.7755454,1.438922],[103.7755235,1.4389213],[103.775524,1.4389068],[103.7754466,1.4389042],[103.7754461,1.43892],[103.7754367,1.4389197],[103.7754372,1.4389038],[103.7753857,1.4389021],[103.775385,1.4389233],[103.7753662,1.4389227],[103.7753669,1.4389014],[103.7752904,1.4388988],[103.7752897,1.4389195],[103.775269,1.4389188],[103.7752697,1.438898],[103.7751965,1.4388956],[103.7751959,1.438916],[103.7751554,1.4389146],[103.7751534,1.4389759],[103.7751744,1.4389766],[103.775173,1.4390159],[103.7751872,1.4390164],[103.7751865,1.4390379],[103.7752669,1.4390406]]]}},{"type":"Feature","id":"way/194283786-0","properties":{"addr:city":"Singapore","addr:country":"SG","addr:housenumber":"2A","addr:neighbourhood":"Marsiling Spring","addr:postcode":"732002","addr:street":"Marsiling Road","amenity":"parking","building":"parking","building:levels":"2","parking":"multi-storey"},"geometry":{"type":"Polygon","coordinates":[[[103.7760161,1.440349],[103.776081,1.4403499],[103.7760793,1.4404658],[103.7761147,1.4404663],[103.776115,1.4404493],[103.776142,1.4404497],[103.7761413,1.4404946],[103.7764022,1.4404983],[103.7764067,1.4405227],[103.7764233,1.4405495],[103.7764487,1.4405673],[103.7764694,1.4405729],[103.7764977,1.4405713],[103.7765169,1.4405638],[103.7765344,1.4405504],[103.776545,1.4405369],[103.7765548,1.4405125],[103.7765564,1.4404942],[103.7765536,1.4404755],[103.7765436,1.4404537],[103.7765201,1.4404309],[103.7764926,1.4404204],[103.776494,1.4403521],[103.7766043,1.4403556],[103.7766059,1.4403785],[103.7766146,1.4404054],[103.7766305,1.4404232],[103.7766534,1.4404353],[103.7766825,1.4404426],[103.7767114,1.4404384],[103.7767314,1.4404309],[103.7767436,1.4404162],[103.7767558,1.4403947],[103.776759,1.4403644],[103.7767531,1.4403438],[103.7767374,1.4403239],[103.7767192,1.4403096],[103.7766943,1.4402997],[103.7766952,1.4402167],[103.7768018,1.440218],[103.7768072,1.4402465],[103.7768206,1.440271],[103.7768458,1.4402874],[103.7768696,1.4402974],[103.7768947,1.4402988],[103.7769179,1.4402954],[103.776938,1.440281],[103.7769558,1.4402642],[103.7769685,1.4402394],[103.7769732,1.440215],[103.7769688,1.4401895],[103.7769558,1.4401647],[103.7769387,1.4401483],[103.7769107,1.4401319],[103.7769112,1.4400943],[103.7769122,1.4400246],[103.776021,1.4400118],[103.7760161,1.440349]]]}},{"type":"Feature","id":"way/232355128-0","properties":{"addr:city":"Singapore","addr:country":"SG","addr:housenumber":"180","addr:neighbourhood":"Marsiling Heights","addr:postcode":"<different>","addr:street":"Marsiling Road","building":"yes"},"geometry":{"type":"Polygon","coordinates":[[[103.7787598,1.4399197],[103.7788802,1.4397806],[103.7788829,1.4397739],[103.7788805,1.4397679],[103.7788121,1.4397364],[103.7788011,1.4397357],[103.7787934,1.4397407],[103.7786918,1.439856],[103.7786928,1.4398701],[103.7787451,1.4399187],[103.7787598,1.4399197]]]}},{"type":"Feature","id":"way/232355129-0","properties":{"addr:city":"Singapore","addr:country":"SG","addr:housenumber":"180C","addr:neighbourhood":"Marsiling Heights","addr:postcode":"<different>","addr:street":"Marsiling Road","building":"residential","building:levels":"31","residential":"HDB","start_date":"2014"},"geometry":{"type":"Polygon","coordinates":[[[103.7784335,1.4395708],[103.7783951,1.4396174],[103.7784757,1.4396837],[103.7784893,1.4396672],[103.7784935,1.4396707],[103.7785087,1.4396523],[103.7785225,1.4396637],[103.7784919,1.4397007],[103.7785816,1.4397746],[103.7785961,1.4397569],[103.7786008,1.4397608],[103.7786162,1.4397422],[103.7786292,1.4397529],[103.7786218,1.4397618],[103.778631,1.4397694],[103.7786064,1.4397993],[103.7786598,1.4398433],[103.778684,1.439814],[103.7786995,1.4398267],[103.7787147,1.4398082],[103.7787022,1.4397978],[103.7787092,1.4397893],[103.7787326,1.4398085],[103.7787809,1.4397499],[103.7787356,1.4397126],[103.7787277,1.4397223],[103.7787173,1.4397137],[103.7787273,1.4397016],[103.7786817,1.439664],[103.778659,1.4396915],[103.7786784,1.4397075],[103.7786665,1.4397221],[103.7786493,1.4397079],[103.7786429,1.4397156],[103.7786294,1.4397045],[103.7786349,1.4396979],[103.778618,1.439684],[103.7786338,1.4396649],[103.7786382,1.4396685],[103.7786585,1.4396439],[103.7786053,1.4396001],[103.7785722,1.4396403],[103.7785623,1.4396321],[103.7785547,1.4396413],[103.7785395,1.4396287],[103.7785758,1.4395847],[103.77855,1.4395634],[103.7785483,1.4394448],[103.7784584,1.4394461],[103.7784581,1.4394245],[103.7784326,1.4394249],[103.7784329,1.4394467],[103.77842,1.4394469],[103.7784197,1.4394251],[103.7783921,1.4394255],[103.7783937,1.4395434],[103.7784454,1.4395427],[103.7784456,1.4395553],[103.7784533,1.4395552],[103.7784538,1.4395875],[103.7784335,1.4395708]]]}},{"type":"Feature","id":"way/232355130-0","properties":{"addr:city":"Singapore","addr:country":"SG","addr:housenumber":"180A","addr:neighbourhood":"Marsiling Heights","addr:postcode":"<different>","addr:street":"Marsiling Road","building":"residential","building:levels":"31","residential":"HDB","start_date":"2014"},"geometry":{"type":"Polygon","coordinates":[[[103.7780468,1.4390908],[103.7780177,1.4390721],[103.7779927,1.4390723],[103.7779705,1.4391069],[103.7779743,1.4391267],[103.7780026,1.4391448],[103.7779992,1.43915],[103.7779566,1.4391227],[103.7779389,1.4391503],[103.7779253,1.4391416],[103.7779089,1.4391672],[103.777916,1.4391717],[103.7779032,1.4391918],[103.777947,1.4392199],[103.7779615,1.4391973],[103.7779808,1.4392097],[103.7779915,1.439193],[103.7780008,1.439199],[103.7779848,1.4392241],[103.7780008,1.4392344],[103.7779862,1.4392571],[103.7780306,1.4392856],[103.7780418,1.4392681],[103.778053,1.4392752],[103.7780689,1.4392504],[103.7780457,1.4392356],[103.7780713,1.4391957],[103.7780836,1.4392036],[103.7781004,1.4391774],[103.7780883,1.4391696],[103.7780935,1.4391616],[103.7780681,1.4391453],[103.7780646,1.4391508],[103.7780429,1.4391369],[103.7780497,1.4391263],[103.7780663,1.439137],[103.7780834,1.4391104],[103.7780692,1.4391013],[103.7780756,1.439091],[103.7780896,1.4390883],[103.7780933,1.4391073],[103.7781169,1.4391027],[103.7781205,1.4391211],[103.7781002,1.439125],[103.7781044,1.4391469],[103.7782247,1.4391236],[103.7782185,1.4390917],[103.7782072,1.4390938],[103.7782053,1.4390841],[103.7782155,1.4390821],[103.7782079,1.4390431],[103.7781994,1.4390448],[103.7781954,1.4390242],[103.7782224,1.4390189],[103.7782162,1.4389773],[103.7781894,1.4389824],[103.7781879,1.4389743],[103.7781578,1.4389801],[103.7781599,1.4389911],[103.7781312,1.4389967],[103.778133,1.4390057],[103.778064,1.439019],[103.7780682,1.4390407],[103.7780751,1.4390394],[103.7780794,1.4390615],[103.7780636,1.4390646],[103.778066,1.4390768],[103.7780546,1.439079],[103.7780468,1.4390908]]]}},{"type":"Feature","id":"way/232355131-0","properties":{"addr:city":"Singapore","addr:country":"SG","addr:housenumber":"180B","addr:neighbourhood":"Marsiling Heights","addr:postcode":"<different>","addr:street":"Marsiling Road","building":"residential","building:levels":"31","residential":"HDB","start_date":"2014"},"geometry":{"type":"Polygon","coordinates":[[[103.7784299,1.4390743],[103.7784322,1.439062],[103.7784165,1.439059],[103.7784208,1.4390368],[103.7784277,1.4390382],[103.7784319,1.4390165],[103.7783629,1.4390031],[103.7783646,1.4389941],[103.7783359,1.4389886],[103.7783381,1.4389775],[103.778308,1.4389717],[103.7783064,1.4389799],[103.7782773,1.438974],[103.7782729,1.4390185],[103.7783005,1.4390217],[103.7782965,1.4390422],[103.778288,1.4390406],[103.7782804,1.4390796],[103.7782905,1.4390815],[103.7782886,1.4390913],[103.7782774,1.4390891],[103.7782712,1.439121],[103.7783914,1.4391443],[103.7783957,1.4391225],[103.7783754,1.4391186],[103.7783789,1.4391002],[103.7784026,1.4391047],[103.7784062,1.4390858],[103.7784203,1.4390885],[103.7784267,1.4390987],[103.7784124,1.4391079],[103.7784295,1.4391345],[103.7784462,1.4391238],[103.778453,1.4391343],[103.7784313,1.4391483],[103.7784277,1.4391428],[103.7784024,1.439159],[103.7784075,1.4391671],[103.7783954,1.4391748],[103.7784123,1.439201],[103.7784245,1.4391932],[103.7784501,1.439233],[103.7784269,1.4392479],[103.7784428,1.4392727],[103.778454,1.4392655],[103.7784652,1.439283],[103.7785097,1.4392545],[103.7784951,1.4392318],[103.7785111,1.4392215],[103.778495,1.4391965],[103.7785044,1.4391905],[103.7785151,1.4392072],[103.7785344,1.4391948],[103.7785489,1.4392174],[103.7785927,1.4391892],[103.7785798,1.4391692],[103.7785869,1.4391647],[103.7785705,1.4391391],[103.7785569,1.4391478],[103.7785392,1.4391202],[103.7784967,1.4391475],[103.7784933,1.4391422],[103.7785215,1.4391241],[103.7785253,1.4391043],[103.7785031,1.4390698],[103.7784782,1.4390696],[103.778449,1.4390883],[103.7784413,1.4390765],[103.7784299,1.4390743]]]}},{"type":"Feature","id":"way/453722345-0","properties":{"amenity":"fuel","brand":"Shell","brand:wikidata":"Q110716465","building":"yes","name":"Shell","name:zh":"\u58f3\u724c"},"geometry":{"type":"Polygon","coordinates":[[[103.7755909,1.4384237],[103.7755947,1.4381847],[103.7754595,1.438181],[103.7754587,1.4382109],[103.7752493,1.4382071],[103.7752462,1.4383768],[103.775307,1.4383779],[103.7753066,1.438421],[103.7755909,1.4384237]]]}},{"type":"Feature","id":"way/724712030-0","properties":{"addr:city":"Singapore","addr:country":"SG","addr:housenumber":"187C","addr:neighbourhood":"Marsiling Grove","addr:postcode":"733187","addr:street":"Marsiling Road","building":"commercial","building:levels":"1","roof:material":"grass","roof:shape":"flat"},"geometry":{"type":"Polygon","coordinates":[[[103.7747845,1.4383251],[103.7747836,1.4382777],[103.7748223,1.4382788],[103.7748226,1.4380999],[103.7747101,1.4381002],[103.7746737,1.4380775],[103.7746642,1.4380716],[103.7746727,1.4380589],[103.7744417,1.4379097],[103.7743756,1.4380133],[103.7743683,1.4380247],[103.7745895,1.4381644],[103.7745906,1.438321],[103.7747845,1.4383251]]]}},{"type":"Feature","id":"way/724716792-0","properties":{"addr:city":"Singapore","addr:country":"SG","addr:housenumber":"187A","addr:neighbourhood":"Marsiling Grove","addr:postcode":"731187","addr:street":"Marsiling Road","building":"residential","residential":"HDB"},"geometry":{"type":"Polygon","coordinates":[[[103.7745524,1.4368585],[103.7745534,1.4368501],[103.7746491,1.4368616],[103.7746481,1.4368695],[103.7747291,1.4368792],[103.7747343,1.4368351],[103.7747254,1.436834],[103.7747282,1.4368104],[103.7747028,1.4368074],[103.7747046,1.4367922],[103.774738,1.4367769],[103.7747641,1.4368349],[103.7748025,1.4368176],[103.7748428,1.4367995],[103.7748176,1.4367433],[103.7748374,1.4367344],[103.7748447,1.4367506],[103.7748772,1.436736],[103.774868,1.4367156],[103.7748924,1.4367042],[103.7749164,1.4367014],[103.7749177,1.4367121],[103.7748971,1.4367145],[103.7749001,1.43674],[103.7748923,1.4367409],[103.7748975,1.4367848],[103.7749243,1.4367816],[103.7749318,1.4367807],[103.7749807,1.436775],[103.7749791,1.4367618],[103.7750391,1.4367547],[103.7750406,1.4367673],[103.7750996,1.4367604],[103.7750988,1.436754],[103.7751256,1.4367508],[103.7751206,1.4367079],[103.7751097,1.4367092],[103.7751069,1.436685],[103.7750866,1.4366874],[103.7750854,1.4366773],[103.7750769,1.4366784],[103.7750742,1.4366558],[103.775087,1.4366543],[103.7750851,1.436638],[103.7751077,1.4366353],[103.7750995,1.4365657],[103.7750207,1.436575],[103.7750215,1.4365815],[103.7749591,1.4365888],[103.7749664,1.4366513],[103.7749891,1.4366486],[103.7749916,1.4366695],[103.7749468,1.4366748],[103.7749024,1.43668],[103.7748978,1.4366708],[103.7749173,1.436662],[103.7749075,1.4366402],[103.7749179,1.4366355],[103.7748996,1.4365948],[103.7748735,1.4366065],[103.7748723,1.4366039],[103.7748181,1.4366282],[103.7748236,1.4366403],[103.7747685,1.436665],[103.7747623,1.4366511],[103.7747136,1.436673],[103.7747152,1.4366765],[103.7746877,1.4366888],[103.774704,1.4367251],[103.77471,1.4367224],[103.7747221,1.4367494],[103.7747418,1.4367406],[103.7747456,1.436749],[103.7746887,1.4367744],[103.7746289,1.4367673],[103.7746352,1.4367144],[103.7746122,1.4367117],[103.7746148,1.4366902],[103.7745666,1.4366844],[103.7745679,1.4366735],[103.7744867,1.4366638],[103.7744825,1.4366983],[103.7744806,1.4367148],[103.7744905,1.4367159],[103.7744877,1.4367397],[103.7745114,1.4367425],[103.7745101,1.4367536],[103.774563,1.4367599],[103.7745612,1.4367746],[103.7745151,1.4367691],[103.7745136,1.4367813],[103.7744893,1.4367784],[103.7744866,1.4368013],[103.7744753,1.4367999],[103.7744695,1.4368486],[103.7745524,1.4368585]]]}},{"type":"Feature","id":"way/1167545518-0","properties":{"building":"public","building:levels":"1","roof:colour":"blue"},"geometry":{"type":"Polygon","coordinates":[[[103.777909,1.4387481],[103.7779533,1.4387052],[103.7779102,1.4386608],[103.777866,1.4387037],[103.777909,1.4387481]]]}},{"type":"Feature","id":"way/1167545611-0","properties":{"addr:city":"Singapore","addr:country":"SG","addr:housenumber":"180A","addr:neighbourhood":"Marsiling Heights","addr:postcode":"<different>","addr:street":"Marsiling Road","building":"residential","building:levels":"31","residential":"HDB","start_date":"2014"},"geometry":{"type":"Polygon","coordinates":[[[103.7782327,1.4390871],[103.7782664,1.4390858],[103.7782729,1.4390185],[103.7782773,1.438974],[103.7782162,1.4389773],[103.7782224,1.4390189],[103.7782327,1.4390871]]]}},{"type":"Feature","id":"way/1167545620-0","properties":{"building":"yes","building:levels":"1"},"geometry":{"type":"Polygon","coordinates":[[[103.7767394,1.438171],[103.7768097,1.4381714],[103.7768106,1.4380286],[103.7767403,1.4380282],[103.7767394,1.438171]]]}},{"type":"Feature","id":"way/1167545621-0","properties":{"building":"yes","building:levels":"1"},"geometry":{"type":"Polygon","coordinates":[[[103.7767394,1.438171],[103.7767403,1.4380282],[103.7765961,1.4380273],[103.7765953,1.4381701],[103.7767394,1.438171]]]}},{"type":"Feature","id":"way/1167545632-0","properties":{"addr:city":"Singapore","addr:country":"SG","addr:neighbourhood":"Marsiling Grove","building":"yes","power":"substation"},"geometry":{"type":"Polygon","coordinates":[[[103.7748711,1.4383698],[103.7750912,1.4383712],[103.7750918,1.4382909],[103.7748716,1.4382895],[103.7748711,1.4383698]]]}},{"type":"Feature","id":"way/1167545633-0","properties":{"addr:city":"Singapore","addr:country":"SG","addr:housenumber":"187B","addr:neighbourhood":"Marsiling Grove","addr:postcode":"732187","addr:street":"Marsiling Road","building":"yes"},"geometry":{"type":"Polygon","coordinates":[[[103.7748716,1.4382895],[103.7750775,1.4382908],[103.7750785,1.4381313],[103.7748726,1.4381299],[103.7748716,1.4382895]]]}},{"type":"Feature","id":"way/75402297-0-0-0","properties":{"highway":"tertiary","maxspeed":"50","name":"Marsiling Road","oneway":"yes","source":"Yahoo aerial images","surface":"asphalt"},"geometry":{"type":"LineString","coordinates":[[103.7780524,1.4395877],[103.7780987,1.4396275]]}},{"type":"Feature","id":"way/95887458-0-0-0","properties":{"highway":"service","lanes":"2","lanes:backward":"1","lanes:forward":"1","service":"parking_aisle"},"geometry":{"type":"LineString","coordinates":[[103.7790846,1.4379814],[103.7784165,1.4379811]]}},{"type":"Feature","id":"way/176174557-0-0-0","properties":{"highway":"residential","lanes":"2","maxspeed":"50","name":"Marsiling Drive","oneway":"yes","sidewalk":"left","source":"Yahoo aerial images","surface":"asphalt"},"geometry":{"type":"LineString","coordinates":[[103.7771406,1.440399],[103.7765148,1.4407427]]}},{"type":"Feature","id":"way/465774019-0-4-0","properties":{"highway":"service","service":"parking_aisle","sidewalk":"both"},"geometry":{"type":"LineString","coordinates":[[103.7767247,1.4411983],[103.7766566,1.4411601]]}},{"type":"Feature","id":"way/465774019-0-5-0","properties":{"highway":"service","service":"parking_aisle","sidewalk":"both"},"geometry":{"type":"LineString","coordinates":[[103.7766566,1.4411601],[103.7765627,1.4411152]]}},{"type":"Feature","id":"way/465774019-0-6-0","properties":{"highway":"service","service":"parking_aisle","sidewalk":"both"},"geometry":{"type":"LineString","coordinates":[[103.7765627,1.4411152],[103.7765028,1.4411016]]}},{"type":"Feature","id":"way/465774019-0-7-0","properties":{"highway":"service","service":"parking_aisle","sidewalk":"both"},"geometry":{"type":"LineString","coordinates":[[103.7765028,1.4411016],[103.7764347,1.4410948]]}},{"type":"Feature","id":"way/465774019-0-8-0","properties":{"highway":"service","service":"parking_aisle","sidewalk":"both"},"geometry":{"type":"LineString","coordinates":[[103.7764347,1.4410948],[103.7763775,1.441103]]}},{"type":"Feature","id":"way/465774019-0-9-0","properties":{"highway":"service","service":"parking_aisle","sidewalk":"both"},"geometry":{"type":"LineString","coordinates":[[103.7763775,1.441103],[103.7763013,1.441137]]}},{"type":"Feature","id":"way/465774019-0-10-0","properties":{"highway":"service","service":"parking_aisle","sidewalk":"both"},"geometry":{"type":"LineString","coordinates":[[103.7763013,1.441137],[103.7762672,1.4411724]]}},{"type":"Feature","id":"way/465774019-0-11-0","properties":{"highway":"service","service":"parking_aisle","sidewalk":"both"},"geometry":{"type":"LineString","coordinates":[[103.7762672,1.4411724],[103.776255,1.4412051]]}},{"type":"Feature","id":"way/465774020-0-0-0","properties":{"highway":"service","service":"driveway"},"geometry":{"type":"LineString","coordinates":[[103.7759487,1.441143],[103.7760213,1.4412296]]}},{"type":"Feature","id":"way/465794554-0-0-0","properties":{"highway":"service"},"geometry":{"type":"LineString","coordinates":[[103.7784462,1.4407985],[103.7785481,1.4407007]]}},{"type":"Feature","id":"way/465794556-0-0-0","properties":{"highway":"service","lanes":"1","oneway":"yes","service":"parking_aisle"},"geometry":{"type":"LineString","coordinates":[[103.7776997,1.4406323],[103.7776979,1.4407114]]}},{"type":"Feature","id":"way/465794556-0-1-0","properties":{"highway":"service","lanes":"1","oneway":"yes","service":"parking_aisle"},"geometry":{"type":"LineString","coordinates":[[103.7776979,1.4407114],[103.7777193,1.4407543]]}},{"type":"Feature","id":"way/465794556-0-2-0","properties":{"highway":"service","lanes":"1","oneway":"yes","service":"parking_aisle"},"geometry":{"type":"LineString","coordinates":[[103.7777193,1.4407543],[103.7777689,1.4407838]]}},{"type":"Feature","id":"way/465794556-0-3-0","properties":{"highway":"service","lanes":"1","oneway":"yes","service":"parking_aisle"},"geometry":{"type":"LineString","coordinates":[[103.7777689,1.4407838],[103.777832,1.4407892]]}},{"type":"Feature","id":"way/465794556-0-4-0","properties":{"highway":"service","lanes":"1","oneway":"yes","service":"parking_aisle"},"geometry":{"type":"LineString","coordinates":[[103.777832,1.4407892],[103.7779552,1.4407886]]}},{"type":"Feature","id":"way/465794556-0-5-0","properties":{"highway":"service","lanes":"1","oneway":"yes","service":"parking_aisle"},"geometry":{"type":"LineString","coordinates":[[103.7779552,1.4407886],[103.7782804,1.440787]]}},{"type":"Feature","id":"way/465794556-0-6-0","properties":{"highway":"service","lanes":"1","oneway":"yes","service":"parking_aisle"},"geometry":{"type":"LineString","coordinates":[[103.7782804,1.440787],[103.7783939,1.4407865]]}},{"type":"Feature","id":"way/465794556-0-7-0","properties":{"highway":"service","lanes":"1","oneway":"yes","service":"parking_aisle"},"geometry":{"type":"LineString","coordinates":[[103.7783939,1.4407865],[103.7784462,1.4407985]]}},{"type":"Feature","id":"way/465794557-0-0-0","properties":{"highway":"service","lanes":"2","lanes:backward":"1","lanes:forward":"1"},"geometry":{"type":"LineString","coordinates":[[103.7775659,1.4402032],[103.7776456,1.4402435]]}},{"type":"Feature","id":"way/465794557-0-1-0","properties":{"highway":"service","lanes":"2","lanes:backward":"1","lanes:forward":"1"},"geometry":{"type":"LineString","coordinates":[[103.7776456,1.4402435],[103.7776687,1.4402758]]}},{"type":"Feature","id":"way/465794557-0-2-0","properties":{"highway":"service","lanes":"2","lanes:backward":"1","lanes:forward":"1"},"geometry":{"type":"LineString","coordinates":[[103.7776687,1.4402758],[103.7776925,1.4403092]]}},{"type":"Feature","id":"way/465794557-0-3-0","properties":{"highway":"service","lanes":"2","lanes:backward":"1","lanes:forward":"1"},"geometry":{"type":"LineString","coordinates":[[103.7776925,1.4403092],[103.7777059,1.4403695]]}},{"type":"Feature","id":"way/465794557-0-4-0","properties":{"highway":"service","lanes":"2","lanes:backward":"1","lanes:forward":"1"},"geometry":{"type":"LineString","coordinates":[[103.7777059,1.4403695],[103.7776997,1.4406323]]}},{"type":"Feature","id":"way/465794598-0-0-0","properties":{"highway":"service","lanes":"2","lanes:backward":"1","lanes:forward":"1","service":"parking_aisle","turn:lanes:backward":"right"},"geometry":{"type":"LineString","coordinates":[[103.7782371,1.4376901],[103.7782582,1.4376732]]}},{"type":"Feature","id":"way/465794598-0-1-0","properties":{"highway":"service","lanes":"2","lanes:backward":"1","lanes:forward":"1","service":"parking_aisle","turn:lanes:backward":"right"},"geometry":{"type":"LineString","coordinates":[[103.7782582,1.4376732],[103.7782907,1.4376597]]}},{"type":"Feature","id":"way/465794598-0-2-0","properties":{"highway":"service","lanes":"2","lanes:backward":"1","lanes:forward":"1","service":"parking_aisle","turn:lanes:backward":"right"},"geometry":{"type":"LineString","coordinates":[[103.7782907,1.4376597],[103.7784574,1.437656]]}},{"type":"Feature","id":"way/465794599-0-11-0","properties":{"highway":"service","lanes":"2","lanes:backward":"1","lanes:forward":"1","service":"parking_aisle"},"geometry":{"type":"LineString","coordinates":[[103.7796342,1.4383096],[103.7785238,1.4383042]]}},{"type":"Feature","id":"way/466504775-0-0-0","properties":{"highway":"service","lanes":"2","lanes:backward":"1","lanes:forward":"1","service":"parking_aisle"},"geometry":{"type":"LineString","coordinates":[[103.7768665,1.4379332],[103.7772328,1.4379333]]}},{"type":"Feature","id":"way/466504776-0-0-0","properties":{"highway":"service","lanes":"2","lanes:backward":"1","lanes:forward":"1","service":"parking_aisle","turn:lanes:backward":"through","turn:lanes:forward":"through"},"geometry":{"type":"LineString","coordinates":[[103.7768573,1.437213],[103.7773481,1.4372078]]}},{"type":"Feature","id":"way/466504777-0-0-0","properties":{"highway":"service","lanes":"2","lanes:backward":"1","lanes:forward":"1","service":"parking_aisle","turn:lanes:backward":"through","turn:lanes:forward":"right"},"geometry":{"type":"LineString","coordinates":[[103.7772429,1.43756],[103.7775507,1.4375522]]}},{"type":"Feature","id":"way/466504777-0-1-0","properties":{"highway":"service","lanes":"2","lanes:backward":"1","lanes:forward":"1","service":"parking_aisle","turn:lanes:backward":"through","turn:lanes:forward":"right"},"geometry":{"type":"LineString","coordinates":[[103.7775507,1.4375522],[103.7775748,1.4375374]]}},{"type":"Feature","id":"way/521946683-0-0-0","properties":{"highway":"service","lanes":"1","oneway":"yes","service":"driveway","sidewalk":"both","turn:lanes":"left;right"},"geometry":{"type":"LineString","coordinates":[[103.7768514,1.4404084],[103.7767348,1.4404687]]}},{"type":"Feature","id":"way/521946683-0-1-0","properties":{"highway":"service","lanes":"1","oneway":"yes","service":"driveway","sidewalk":"both","turn:lanes":"left;right"},"geometry":{"type":"LineString","coordinates":[[103.7767348,1.4404687],[103.7766845,1.4404788]]}},{"type":"Feature","id":"way/521946683-0-2-0","properties":{"highway":"service","lanes":"1","oneway":"yes","service":"driveway","sidewalk":"both","turn:lanes":"left;right"},"geometry":{"type":"LineString","coordinates":[[103.7766845,1.4404788],[103.7766409,1.4405069]]}},{"type":"Feature","id":"way/521946683-0-3-0","properties":{"highway":"service","lanes":"1","oneway":"yes","service":"driveway","sidewalk":"both","turn:lanes":"left;right"},"geometry":{"type":"LineString","coordinates":[[103.7766409,1.4405069],[103.7765846,1.4405733]]}},{"type":"Feature","id":"way/521946683-0-4-0","properties":{"highway":"service","lanes":"1","oneway":"yes","service":"driveway","sidewalk":"both","turn:lanes":"left;right"},"geometry":{"type":"LineString","coordinates":[[103.7765846,1.4405733],[103.776537,1.4406196]]}},{"type":"Feature","id":"way/521946683-0-5-0","properties":{"highway":"service","lanes":"1","oneway":"yes","service":"driveway","sidewalk":"both","turn:lanes":"left;right"},"geometry":{"type":"LineString","coordinates":[[103.776537,1.4406196],[103.7765048,1.4406283]]}},{"type":"Feature","id":"way/521946683-0-6-0","properties":{"highway":"service","lanes":"1","oneway":"yes","service":"driveway","sidewalk":"both","turn:lanes":"left;right"},"geometry":{"type":"LineString","coordinates":[[103.7765048,1.4406283],[103.7764622,1.4406339]]}},{"type":"Feature","id":"way/521946684-0-0-0","properties":{"highway":"service","service":"driveway","sidewalk":"both"},"geometry":{"type":"LineString","coordinates":[[103.7754067,1.4404616],[103.7759049,1.4404668]]}},{"type":"Feature","id":"way/521946684-0-1-0","properties":{"highway":"service","service":"driveway","sidewalk":"both"},"geometry":{"type":"LineString","coordinates":[[103.7759049,1.4404668],[103.7759678,1.440471]]}},{"type":"Feature","id":"way/521946684-0-2-0","properties":{"highway":"service","service":"driveway","sidewalk":"both"},"geometry":{"type":"LineString","coordinates":[[103.7759678,1.440471],[103.7760295,1.4404881]]}},{"type":"Feature","id":"way/521946684-0-3-0","properties":{"highway":"service","service":"driveway","sidewalk":"both"},"geometry":{"type":"LineString","coordinates":[[103.7760295,1.4404881],[103.7760753,1.4405157]]}},{"type":"Feature","id":"way/521946684-0-4-0","properties":{"highway":"service","service":"driveway","sidewalk":"both"},"geometry":{"type":"LineString","coordinates":[[103.7760753,1.4405157],[103.776121,1.440537]]}},{"type":"Feature","id":"way/521946684-0-5-0","properties":{"highway":"service","service":"driveway","sidewalk":"both"},"geometry":{"type":"LineString","coordinates":[[103.776121,1.440537],[103.776163,1.440543]]}},{"type":"Feature","id":"way/521946684-0-6-0","properties":{"highway":"service","service":"driveway","sidewalk":"both"},"geometry":{"type":"LineString","coordinates":[[103.776163,1.440543],[103.7763463,1.4405445]]}},{"type":"Feature","id":"way/521946684-0-7-0","properties":{"highway":"service","service":"driveway","sidewalk":"both"},"geometry":{"type":"LineString","coordinates":[[103.7763463,1.4405445],[103.7763825,1.4405502]]}},{"type":"Feature","id":"way/521946684-0-8-0","properties":{"highway":"service","service":"driveway","sidewalk":"both"},"geometry":{"type":"LineString","coordinates":[[103.7763825,1.4405502],[103.776412,1.4405747]]}},{"type":"Feature","id":"way/521946684-0-9-0","properties":{"highway":"service","service":"driveway","sidewalk":"both"},"geometry":{"type":"LineString","coordinates":[[103.776412,1.4405747],[103.7764622,1.4406339]]}},{"type":"Feature","id":"way/521946685-0-0-0","properties":{"highway":"service","service":"parking_aisle"},"geometry":{"type":"LineString","coordinates":[[103.7754514,1.439468],[103.7754632,1.43913]]}},{"type":"Feature","id":"way/521946686-0-0-0","properties":{"highway":"service","service":"parking_aisle"},"geometry":{"type":"LineString","coordinates":[[103.7752906,1.4394643],[103.7753014,1.4391239]]}},{"type":"Feature","id":"way/521946687-0-0-0","properties":{"highway":"service","service":"parking_aisle"},"geometry":{"type":"LineString","coordinates":[[103.7751212,1.4394604],[103.7751343,1.4391176]]}},{"type":"Feature","id":"way/521946688-0-0-0","properties":{"highway":"service","service":"parking_aisle"},"geometry":{"type":"LineString","coordinates":[[103.7756167,1.4391467],[103.7755991,1.439137]]}},{"type":"Feature","id":"way/521946688-0-1-0","properties":{"highway":"service","service":"parking_aisle"},"geometry":{"type":"LineString","coordinates":[[103.7755991,1.439137],[103.7755714,1.439134]]}},{"type":"Feature","id":"way/521946688-0-2-0","properties":{"highway":"service","service":"parking_aisle"},"geometry":{"type":"LineString","coordinates":[[103.7755714,1.439134],[103.7754632,1.43913]]}},{"type":"Feature","id":"way/521946689-0-0-0","properties":{"highway":"service","service":"parking_aisle"},"geometry":{"type":"LineString","coordinates":[[103.7756062,1.4394592],[103.7756156,1.4394397]]}},{"type":"Feature","id":"way/521946689-0-1-0","properties":{"highway":"service","service":"parking_aisle"},"geometry":{"type":"LineString","coordinates":[[103.7756156,1.4394397],[103.7756197,1.4394156]]}},{"type":"Feature","id":"way/521946689-0-2-0","properties":{"highway":"service","service":"parking_aisle"},"geometry":{"type":"LineString","coordinates":[[103.7756197,1.4394156],[103.7756257,1.4391655]]}},{"type":"Feature","id":"way/521946689-0-3-0","properties":{"highway":"service","service":"parking_aisle"},"geometry":{"type":"LineString","coordinates":[[103.7756257,1.4391655],[103.7756167,1.4391467]]}},{"type":"Feature","id":"way/521946690-0-0-0","properties":{"highway":"service","lanes":"2","lanes:backward":"1","lanes:forward":"1","service":"driveway","sidewalk":"both","turn:lanes:backward":"left;right"},"geometry":{"type":"LineString","coordinates":[[103.7749688,1.4386412],[103.7749642,1.4388857]]}},{"type":"Feature","id":"way/521946691-0-0-0","properties":{"highway":"service","service":"parking_aisle","sidewalk":"left"},"geometry":{"type":"LineString","coordinates":[[103.7749599,1.43911],[103.7749532,1.4394011]]}},{"type":"Feature","id":"way/521946691-0-1-0","properties":{"highway":"service","service":"parking_aisle","sidewalk":"left"},"geometry":{"type":"LineString","coordinates":[[103.7749532,1.4394011],[103.7749538,1.4394224]]}},{"type":"Feature","id":"way/521946691-0-2-0","properties":{"highway":"service","service":"parking_aisle","sidewalk":"left"},"geometry":{"type":"LineString","coordinates":[[103.7749538,1.4394224],[103.774958,1.4394394]]}},{"type":"Feature","id":"way/521946691-0-3-0","properties":{"highway":"service","service":"parking_aisle","sidewalk":"left"},"geometry":{"type":"LineString","coordinates":[[103.774958,1.4394394],[103.7749703,1.4394506]]}},{"type":"Feature","id":"way/521946692-0-0-0","properties":{"highway":"service","service":"parking_aisle"},"geometry":{"type":"LineString","coordinates":[[103.7749703,1.4394506],[103.7749937,1.4394575]]}},{"type":"Feature","id":"way/521946692-0-1-0","properties":{"highway":"service","service":"parking_aisle"},"geometry":{"type":"LineString","coordinates":[[103.7749937,1.4394575],[103.7751212,1.4394604]]}},{"type":"Feature","id":"way/522378887-0-0-0","properties":{"highway":"service","lanes":"2","lanes:backward":"1","lanes:forward":"1","service":"driveway","turn:lanes:backward":"through","turn:lanes:forward":"through"},"geometry":{"type":"LineString","coordinates":[[103.7781798,1.4388043],[103.7782314,1.4387909]]}},{"type":"Feature","id":"way/522378887-0-1-0","properties":{"highway":"service","lanes":"2","lanes:backward":"1","lanes:forward":"1","service":"driveway","turn:lanes:backward":"through","turn:lanes:forward":"through"},"geometry":{"type":"LineString","coordinates":[[103.7782314,1.4387909],[103.7782884,1.4387902]]}},{"type":"Feature","id":"way/522378887-0-2-0","properties":{"highway":"service","lanes":"2","lanes:backward":"1","lanes:forward":"1","service":"driveway","turn:lanes:backward":"through","turn:lanes:forward":"through"},"geometry":{"type":"LineString","coordinates":[[103.7782884,1.4387902],[103.7783461,1.4388183]]}},{"type":"Feature","id":"way/522378887-0-3-0","properties":{"highway":"service","lanes":"2","lanes:backward":"1","lanes:forward":"1","service":"driveway","turn:lanes:backward":"through","turn:lanes:forward":"through"},"geometry":{"type":"LineString","coordinates":[[103.7783461,1.4388183],[103.7784178,1.4388786]]}},{"type":"Feature","id":"way/522378887-0-4-0","properties":{"highway":"service","lanes":"2","lanes:backward":"1","lanes:forward":"1","service":"driveway","turn:lanes:backward":"through","turn:lanes:forward":"through"},"geometry":{"type":"LineString","coordinates":[[103.7784178,1.4388786],[103.7784467,1.4389028]]}},{"type":"Feature","id":"way/522378887-0-5-0","properties":{"highway":"service","lanes":"2","lanes:backward":"1","lanes:forward":"1","service":"driveway","turn:lanes:backward":"through","turn:lanes:forward":"through"},"geometry":{"type":"LineString","coordinates":[[103.7784467,1.4389028],[103.7786137,1.4391099]]}},{"type":"Feature","id":"way/522378887-0-6-0","properties":{"highway":"service","lanes":"2","lanes:backward":"1","lanes:forward":"1","service":"driveway","turn:lanes:backward":"through","turn:lanes:forward":"through"},"geometry":{"type":"LineString","coordinates":[[103.7786137,1.4391099],[103.7786512,1.439177]]}},{"type":"Feature","id":"way/522378887-0-7-0","properties":{"highway":"service","lanes":"2","lanes:backward":"1","lanes:forward":"1","service":"driveway","turn:lanes:backward":"through","turn:lanes:forward":"through"},"geometry":{"type":"LineString","coordinates":[[103.7786512,1.439177],[103.7786891,1.4392504]]}},{"type":"Feature","id":"way/522381998-0-0-0","properties":{"highway":"service","lanes":"2","lanes:backward":"1","lanes:forward":"1","service":"driveway","sidewalk":"left","turn:lanes:backward":"through","turn:lanes:forward":"through"},"geometry":{"type":"LineString","coordinates":[[103.7769761,1.4401169],[103.7769408,1.4401034]]}},{"type":"Feature","id":"way/522381998-0-1-0","properties":{"highway":"service","lanes":"2","lanes:backward":"1","lanes:forward":"1","service":"driveway","sidewalk":"left","turn:lanes:backward":"through","turn:lanes:forward":"through"},"geometry":{"type":"LineString","coordinates":[[103.7769408,1.4401034],[103.7769112,1.4400943]]}},{"type":"Feature","id":"way/523141060-0-0-0","properties":{"highway":"service","lanes":"1","oneway":"yes","service":"driveway"},"geometry":{"type":"LineString","coordinates":[[103.7756059,1.4385644],[103.7756066,1.4385236]]}},{"type":"Feature","id":"way/523141060-0-1-0","properties":{"highway":"service","lanes":"1","oneway":"yes","service":"driveway"},"geometry":{"type":"LineString","coordinates":[[103.7756066,1.4385236],[103.7756077,1.4384514]]}},{"type":"Feature","id":"way/523141060-0-2-0","properties":{"highway":"service","lanes":"1","oneway":"yes","service":"driveway"},"geometry":{"type":"LineString","coordinates":[[103.7756077,1.4384514],[103.7753222,1.4384473]]}},{"type":"Feature","id":"way/523141060-0-3-0","properties":{"highway":"service","lanes":"1","oneway":"yes","service":"driveway"},"geometry":{"type":"LineString","coordinates":[[103.7753222,1.4384473],[103.7753043,1.438453]]}},{"type":"Feature","id":"way/523141060-0-4-0","properties":{"highway":"service","lanes":"1","oneway":"yes","service":"driveway"},"geometry":{"type":"LineString","coordinates":[[103.7753043,1.438453],[103.7752948,1.4384653]]}},{"type":"Feature","id":"way/523141060-0-5-0","properties":{"highway":"service","lanes":"1","oneway":"yes","service":"driveway"},"geometry":{"type":"LineString","coordinates":[[103.7752948,1.4384653],[103.7752874,1.4385137]]}},{"type":"Feature","id":"way/523141060-0-6-0","properties":{"highway":"service","lanes":"1","oneway":"yes","service":"driveway"},"geometry":{"type":"LineString","coordinates":[[103.7752874,1.4385137],[103.7752811,1.4385594]]}},{"type":"Feature","id":"way/535310741-0-0-0","properties":{"highway":"service","lanes":"1","oneway":"yes","service":"driveway","turn:lanes":"through"},"geometry":{"type":"LineString","coordinates":[[103.7747302,1.4388325],[103.7747407,1.4386402]]}},{"type":"Feature","id":"way/535310743-0-3-0","properties":{"highway":"service","lanes":"1","oneway":"yes","service":"driveway"},"geometry":{"type":"LineString","coordinates":[[103.7747021,1.4388535],[103.7747185,1.4388453]]}},{"type":"Feature","id":"way/535310743-0-4-0","properties":{"highway":"service","lanes":"1","oneway":"yes","service":"driveway"},"geometry":{"type":"LineString","coordinates":[[103.7747185,1.4388453],[103.7747302,1.4388325]]}},{"type":"Feature","id":"way/545121702-0-0-0","properties":{"highway":"service","service":"parking_aisle"},"geometry":{"type":"LineString","coordinates":[[103.7779552,1.4407886],[103.7779565,1.4410513]]}},{"type":"Feature","id":"way/545520758-0-0-0","properties":{"highway":"service","service":"parking_aisle"},"geometry":{"type":"LineString","coordinates":[[103.7761352,1.4402827],[103.776134,1.4403867]]}},{"type":"Feature","id":"way/545520758-0-1-0","properties":{"highway":"service","service":"parking_aisle"},"geometry":{"type":"LineString","coordinates":[[103.776134,1.4403867],[103.776138,1.4404122]]}},{"type":"Feature","id":"way/545520758-0-2-0","properties":{"highway":"service","service":"parking_aisle"},"geometry":{"type":"LineString","coordinates":[[103.776138,1.4404122],[103.7761494,1.4404262]]}},{"type":"Feature","id":"way/545520758-0-3-0","properties":{"highway":"service","service":"parking_aisle"},"geometry":{"type":"LineString","coordinates":[[103.7761494,1.4404262],[103.7764008,1.4404316]]}},{"type":"Feature","id":"way/545520758-0-4-0","properties":{"highway":"service","service":"parking_aisle"},"geometry":{"type":"LineString","coordinates":[[103.7764008,1.4404316],[103.7764196,1.4404208]]}},{"type":"Feature","id":"way/545520758-0-5-0","properties":{"highway":"service","service":"parking_aisle"},"geometry":{"type":"LineString","coordinates":[[103.7764196,1.4404208],[103.776429,1.4404034]]}},{"type":"Feature","id":"way/545520758-0-6-0","properties":{"highway":"service","service":"parking_aisle"},"geometry":{"type":"LineString","coordinates":[[103.776429,1.4404034],[103.776435,1.4402892]]}},{"type":"Feature","id":"way/545520759-0-0-0","properties":{"highway":"service","service":"parking_aisle"},"geometry":{"type":"LineString","coordinates":[[103.7767213,1.4400909],[103.776683,1.4401032]]}},{"type":"Feature","id":"way/545520759-0-1-0","properties":{"highway":"service","service":"parking_aisle"},"geometry":{"type":"LineString","coordinates":[[103.776683,1.4401032],[103.7766575,1.4401198]]}},{"type":"Feature","id":"way/545520759-0-2-0","properties":{"highway":"service","service":"parking_aisle"},"geometry":{"type":"LineString","coordinates":[[103.7766575,1.4401198],[103.7766506,1.4401392]]}},{"type":"Feature","id":"way/545520759-0-3-0","properties":{"highway":"service","service":"parking_aisle"},"geometry":{"type":"LineString","coordinates":[[103.7766506,1.4401392],[103.7766491,1.4402528]]}},{"type":"Feature","id":"way/545520759-0-4-0","properties":{"highway":"service","service":"parking_aisle"},"geometry":{"type":"LineString","coordinates":[[103.7766491,1.4402528],[103.7766317,1.4402742]]}},{"type":"Feature","id":"way/545520759-0-5-0","properties":{"highway":"service","service":"parking_aisle"},"geometry":{"type":"LineString","coordinates":[[103.7766317,1.4402742],[103.7766009,1.4402876]]}},{"type":"Feature","id":"way/545520759-0-6-0","properties":{"highway":"service","service":"parking_aisle"},"geometry":{"type":"LineString","coordinates":[[103.7766009,1.4402876],[103.776435,1.4402892]]}},{"type":"Feature","id":"way/546142904-0-0-0","properties":{"highway":"service","lanes":"1","oneway":"yes","service":"driveway"},"geometry":{"type":"LineString","coordinates":[[103.7761855,1.4382694],[103.7761818,1.4382784]]}},{"type":"Feature","id":"way/546142904-0-1-0","properties":{"highway":"service","lanes":"1","oneway":"yes","service":"driveway"},"geometry":{"type":"LineString","coordinates":[[103.7761818,1.4382784],[103.7761768,1.4383386]]}},{"type":"Feature","id":"way/546142905-0-0-0","properties":{"highway":"service","lanes":"1","oneway":"yes","service":"driveway","turn:lanes":"left;right"},"geometry":{"type":"LineString","coordinates":[[103.7763168,1.4383668],[103.7763215,1.4383372]]}},{"type":"Feature","id":"way/546142905-0-1-0","properties":{"highway":"service","lanes":"1","oneway":"yes","service":"driveway","turn:lanes":"left;right"},"geometry":{"type":"LineString","coordinates":[[103.7763215,1.4383372],[103.7763258,1.438308]]}},{"type":"Feature","id":"way/546142905-0-2-0","properties":{"highway":"service","lanes":"1","oneway":"yes","service":"driveway","turn:lanes":"left;right"},"geometry":{"type":"LineString","coordinates":[[103.7763258,1.438308],[103.7763268,1.4382784]]}},{"type":"Feature","id":"way/546142905-0-3-0","properties":{"highway":"service","lanes":"1","oneway":"yes","service":"driveway","turn:lanes":"left;right"},"geometry":{"type":"LineString","coordinates":[[103.7763268,1.4382784],[103.7763199,1.4382633]]}},{"type":"Feature","id":"way/546142905-0-4-0","properties":{"highway":"service","lanes":"1","oneway":"yes","service":"driveway","turn:lanes":"left;right"},"geometry":{"type":"LineString","coordinates":[[103.7763199,1.4382633],[103.7763155,1.4382568]]}},{"type":"Feature","id":"way/546142906-0-0-0","properties":{"highway":"service","lanes":"1","oneway":"yes","service":"parking_aisle","turn:lanes":"through"},"geometry":{"type":"LineString","coordinates":[[103.7757154,1.4384315],[103.7757303,1.4384356]]}},{"type":"Feature","id":"way/546142906-0-1-0","properties":{"highway":"service","lanes":"1","oneway":"yes","service":"parking_aisle","turn:lanes":"through"},"geometry":{"type":"LineString","coordinates":[[103.7757303,1.4384356],[103.7759401,1.4384396]]}},{"type":"Feature","id":"way/546142906-0-2-0","properties":{"highway":"service","lanes":"1","oneway":"yes","service":"parking_aisle","turn:lanes":"through"},"geometry":{"type":"LineString","coordinates":[[103.7759401,1.4384396],[103.7759494,1.4384348]]}},{"type":"Feature","id":"way/546142907-0-0-0","properties":{"highway":"service","lanes":"2","lanes:backward":"1","lanes:forward":"1","service":"parking_aisle","turn:lanes:backward":"through","turn:lanes:forward":"through"},"geometry":{"type":"LineString","coordinates":[[103.7761768,1.4383386],[103.7759542,1.4383378]]}},{"type":"Feature","id":"way/546142909-0-0-0","properties":{"highway":"service","lanes":"1","oneway":"yes","service":"driveway","turn:lanes":"through"},"geometry":{"type":"LineString","coordinates":[[103.7761768,1.4383386],[103.7761739,1.4385027]]}},{"type":"Feature","id":"way/546142909-0-1-0","properties":{"highway":"service","lanes":"1","oneway":"yes","service":"driveway","turn:lanes":"through"},"geometry":{"type":"LineString","coordinates":[[103.7761739,1.4385027],[103.7761732,1.4385414]]}},{"type":"Feature","id":"way/546142909-0-2-0","properties":{"highway":"service","lanes":"1","oneway":"yes","service":"driveway","turn:lanes":"through"},"geometry":{"type":"LineString","coordinates":[[103.7761732,1.4385414],[103.7761722,1.4385776]]}},{"type":"Feature","id":"way/546142910-0-0-0","properties":{"covered":"yes","highway":"service","lanes":"1","oneway":"yes","service":"driveway"},"geometry":{"type":"LineString","coordinates":[[103.7763155,1.4382568],[103.7763053,1.4382456]]}},{"type":"Feature","id":"way/546142910-0-1-0","properties":{"covered":"yes","highway":"service","lanes":"1","oneway":"yes","service":"driveway"},"geometry":{"type":"LineString","coordinates":[[103.7763053,1.4382456],[103.7762768,1.4382295]]}},{"type":"Feature","id":"way/546142910-0-2-0","properties":{"covered":"yes","highway":"service","lanes":"1","oneway":"yes","service":"driveway"},"geometry":{"type":"LineString","coordinates":[[103.7762768,1.4382295],[103.7762504,1.4382262]]}},{"type":"Feature","id":"way/546142910-0-3-0","properties":{"covered":"yes","highway":"service","lanes":"1","oneway":"yes","service":"driveway"},"geometry":{"type":"LineString","coordinates":[[103.7762504,1.4382262],[103.7762189,1.4382348]]}},{"type":"Feature","id":"way/546142910-0-4-0","properties":{"covered":"yes","highway":"service","lanes":"1","oneway":"yes","service":"driveway"},"geometry":{"type":"LineString","coordinates":[[103.7762189,1.4382348],[103.7761985,1.4382503]]}},{"type":"Feature","id":"way/546142910-0-5-0","properties":{"covered":"yes","highway":"service","lanes":"1","oneway":"yes","service":"driveway"},"geometry":{"type":"LineString","coordinates":[[103.7761985,1.4382503],[103.7761855,1.4382694]]}},{"type":"Feature","id":"way/546142911-0-0-0","properties":{"highway":"service","service":"driveway"},"geometry":{"type":"LineString","coordinates":[[103.7756077,1.4384514],[103.7756176,1.4382157]]}},{"type":"Feature","id":"way/546143544-0-0-0","properties":{"highway":"service","lanes":"2","lanes:backward":"1","lanes:forward":"1","service":"driveway","sidewalk":"both"},"geometry":{"type":"LineString","coordinates":[[103.7765511,1.4388297],[103.7765376,1.439177]]}},{"type":"Feature","id":"way/546143544-0-1-0","properties":{"highway":"service","lanes":"2","lanes:backward":"1","lanes:forward":"1","service":"driveway","sidewalk":"both"},"geometry":{"type":"LineString","coordinates":[[103.7765376,1.439177],[103.7765457,1.4392105]]}},{"type":"Feature","id":"way/546143544-0-2-0","properties":{"highway":"service","lanes":"2","lanes:backward":"1","lanes:forward":"1","service":"driveway","sidewalk":"both"},"geometry":{"type":"LineString","coordinates":[[103.7765457,1.4392105],[103.7765685,1.4392293]]}},{"type":"Feature","id":"way/546143544-0-3-0","properties":{"highway":"service","lanes":"2","lanes:backward":"1","lanes:forward":"1","service":"driveway","sidewalk":"both"},"geometry":{"type":"LineString","coordinates":[[103.7765685,1.4392293],[103.7765966,1.439236]]}},{"type":"Feature","id":"way/546143544-0-4-0","properties":{"highway":"service","lanes":"2","lanes:backward":"1","lanes:forward":"1","service":"driveway","sidewalk":"both"},"geometry":{"type":"LineString","coordinates":[[103.7765966,1.439236],[103.7768152,1.4392413]]}},{"type":"Feature","id":"way/546154207-0-0-0","properties":{"highway":"service","lanes":"2","lanes:backward":"1","lanes:forward":"1","service":"driveway","turn:lanes:backward":"through","turn:lanes:forward":"through"},"geometry":{"type":"LineString","coordinates":[[103.7747302,1.4388325],[103.7747819,1.4389261]]}},{"type":"Feature","id":"way/546154207-0-1-0","properties":{"highway":"service","lanes":"2","lanes:backward":"1","lanes:forward":"1","service":"driveway","turn:lanes:backward":"through","turn:lanes:forward":"through"},"geometry":{"type":"LineString","coordinates":[[103.7747819,1.4389261],[103.7747929,1.4389937]]}},{"type":"Feature","id":"way/546154207-0-2-0","properties":{"highway":"service","lanes":"2","lanes:backward":"1","lanes:forward":"1","service":"driveway","turn:lanes:backward":"through","turn:lanes:forward":"through"},"geometry":{"type":"LineString","coordinates":[[103.7747929,1.4389937],[103.7747707,1.4396648]]}},{"type":"Feature","id":"way/546154207-0-3-0","properties":{"highway":"service","lanes":"2","lanes:backward":"1","lanes:forward":"1","service":"driveway","turn:lanes:backward":"through","turn:lanes:forward":"through"},"geometry":{"type":"LineString","coordinates":[[103.7747707,1.4396648],[103.7747634,1.4400828]]}},{"type":"Feature","id":"way/546154207-0-4-0","properties":{"highway":"service","lanes":"2","lanes:backward":"1","lanes:forward":"1","service":"driveway","turn:lanes:backward":"through","turn:lanes:forward":"through"},"geometry":{"type":"LineString","coordinates":[[103.7747634,1.4400828],[103.77478,1.4401069]]}},{"type":"Feature","id":"way/546154207-0-5-0","properties":{"highway":"service","lanes":"2","lanes:backward":"1","lanes:forward":"1","service":"driveway","turn:lanes:backward":"through","turn:lanes:forward":"through"},"geometry":{"type":"LineString","coordinates":[[103.77478,1.4401069],[103.7748032,1.4401072]]}},{"type":"Feature","id":"way/546154207-0-6-0","properties":{"highway":"service","lanes":"2","lanes:backward":"1","lanes:forward":"1","service":"driveway","turn:lanes:backward":"through","turn:lanes:forward":"through"},"geometry":{"type":"LineString","coordinates":[[103.7748032,1.4401072],[103.7748207,1.440123]]}},{"type":"Feature","id":"way/546154207-0-7-0","properties":{"highway":"service","lanes":"2","lanes:backward":"1","lanes:forward":"1","service":"driveway","turn:lanes:backward":"through","turn:lanes:forward":"through"},"geometry":{"type":"LineString","coordinates":[[103.7748207,1.440123],[103.7748159,1.4403349]]}},{"type":"Feature","id":"way/546154207-0-8-0","properties":{"highway":"service","lanes":"2","lanes:backward":"1","lanes:forward":"1","service":"driveway","turn:lanes:backward":"through","turn:lanes:forward":"through"},"geometry":{"type":"LineString","coordinates":[[103.7748159,1.4403349],[103.7748064,1.4403593]]}},{"type":"Feature","id":"way/546154207-0-9-0","properties":{"highway":"service","lanes":"2","lanes:backward":"1","lanes:forward":"1","service":"driveway","turn:lanes:backward":"through","turn:lanes:forward":"through"},"geometry":{"type":"LineString","coordinates":[[103.7748064,1.4403593],[103.7747864,1.4403738]]}},{"type":"Feature","id":"way/546154207-0-10-0","properties":{"highway":"service","lanes":"2","lanes:backward":"1","lanes:forward":"1","service":"driveway","turn:lanes:backward":"through","turn:lanes:forward":"through"},"geometry":{"type":"LineString","coordinates":[[103.7747864,1.4403738],[103.7746402,1.4403711]]}},{"type":"Feature","id":"way/596391314-0-0-0","properties":{"highway":"service","service":"parking_aisle"},"geometry":{"type":"LineString","coordinates":[[103.7768665,1.4382607],[103.7766516,1.4382613]]}},{"type":"Feature","id":"way/596391315-0-0-0","properties":{"highway":"residential","maxspeed":"50","name":"Marsiling Drive","oneway":"yes"},"geometry":{"type":"LineString","coordinates":[[103.778105,1.4395337],[103.7780524,1.4395877]]}},{"type":"Feature","id":"way/596391317-0-0-0","properties":{"highway":"tertiary","lanes":"2","maxspeed":"40","name":"Marsiling Road","oneway":"yes","turn:lanes":"through|through"},"geometry":{"type":"LineString","coordinates":[[103.777371,1.43892],[103.7772859,1.4388636]]}},{"type":"Feature","id":"way/596391317-0-1-0","properties":{"highway":"tertiary","lanes":"2","maxspeed":"40","name":"Marsiling Road","oneway":"yes","turn:lanes":"through|through"},"geometry":{"type":"LineString","coordinates":[[103.7772859,1.4388636],[103.7771829,1.4388097]]}},{"type":"Feature","id":"way/596391317-0-2-0","properties":{"highway":"tertiary","lanes":"2","maxspeed":"40","name":"Marsiling Road","oneway":"yes","turn:lanes":"through|through"},"geometry":{"type":"LineString","coordinates":[[103.7771829,1.4388097],[103.7770327,1.4387443]]}},{"type":"Feature","id":"way/596391317-0-3-0","properties":{"highway":"tertiary","lanes":"2","maxspeed":"40","name":"Marsiling Road","oneway":"yes","turn:lanes":"through|through"},"geometry":{"type":"LineString","coordinates":[[103.7770327,1.4387443],[103.7768635,1.4386809]]}},{"type":"Feature","id":"way/596391317-0-4-0","properties":{"highway":"tertiary","lanes":"2","maxspeed":"40","name":"Marsiling Road","oneway":"yes","turn:lanes":"through|through"},"geometry":{"type":"LineString","coordinates":[[103.7768635,1.4386809],[103.7767093,1.4386407]]}},{"type":"Feature","id":"way/596391317-0-5-0","properties":{"highway":"tertiary","lanes":"2","maxspeed":"40","name":"Marsiling Road","oneway":"yes","turn:lanes":"through|through"},"geometry":{"type":"LineString","coordinates":[[103.7767093,1.4386407],[103.7764558,1.4385991]]}},{"type":"Feature","id":"way/638179923-0-0-0","properties":{"highway":"residential","lanes":"2","maxspeed":"50","name":"Marsiling Drive","oneway":"yes","sidewalk":"left"},"geometry":{"type":"LineString","coordinates":[[103.776532,1.440784],[103.7769902,1.4405402]]}},{"type":"Feature","id":"way/638651180-0-0-0","properties":{"highway":"residential","lanes":"2","maxspeed":"50","name":"Marsiling Drive","oneway":"yes","sidewalk":"left","turn:lanes":"left|right"},"geometry":{"type":"LineString","coordinates":[[103.7775659,1.4402032],[103.7777419,1.4400291]]}},{"type":"Feature","id":"way/638651180-0-1-0","properties":{"highway":"residential","lanes":"2","maxspeed":"50","name":"Marsiling Drive","oneway":"yes","sidewalk":"left","turn:lanes":"left|right"},"geometry":{"type":"LineString","coordinates":[[103.7777419,1.4400291],[103.7780394,1.4396836]]}},{"type":"Feature","id":"way/638651180-0-2-0","properties":{"highway":"residential","lanes":"2","maxspeed":"50","name":"Marsiling Drive","oneway":"yes","sidewalk":"left","turn:lanes":"left|right"},"geometry":{"type":"LineString","coordinates":[[103.7780394,1.4396836],[103.7780987,1.4396275]]}},{"type":"Feature","id":"way/638651183-0-0-0","properties":{"highway":"service","service":"driveway"},"geometry":{"type":"LineString","coordinates":[[103.775917,1.44109],[103.7759487,1.441143]]}},{"type":"Feature","id":"way/638651184-0-0-0","properties":{"highway":"residential","lanes":"2","maxspeed":"50","name":"Marsiling Drive","oneway":"yes","source":"Yahoo aerial images","surface":"asphalt"},"geometry":{"type":"LineString","coordinates":[[103.775917,1.44109],[103.7758107,1.4412019]]}},{"type":"Feature","id":"way/638652317-0-0-0","properties":{"highway":"residential","lanes":"2","maxspeed":"50","name":"Marsiling Drive","oneway":"yes","sidewalk":"left","source":"Yahoo aerial images","surface":"asphalt"},"geometry":{"type":"LineString","coordinates":[[103.7780524,1.4395877],[103.7779973,1.4396455]]}},{"type":"Feature","id":"way/638652317-0-1-0","properties":{"highway":"residential","lanes":"2","maxspeed":"50","name":"Marsiling Drive","oneway":"yes","sidewalk":"left","source":"Yahoo aerial images","surface":"asphalt"},"geometry":{"type":"LineString","coordinates":[[103.7779973,1.4396455],[103.777666,1.440038]]}},{"type":"Feature","id":"way/638652317-0-2-0","properties":{"highway":"residential","lanes":"2","maxspeed":"50","name":"Marsiling Drive","oneway":"yes","sidewalk":"left","source":"Yahoo aerial images","surface":"asphalt"},"geometry":{"type":"LineString","coordinates":[[103.777666,1.440038],[103.7775447,1.4401531]]}},{"type":"Feature","id":"way/638931688-0-0-0","properties":{"highway":"tertiary","maxspeed":"50","name":"Marsiling Road","oneway":"yes","sidewalk":"left"},"geometry":{"type":"LineString","coordinates":[[103.7781489,1.439572],[103.778105,1.4395337]]}},{"type":"Feature","id":"way/638931690-0-1-0","properties":{"highway":"tertiary","lanes":"2","maxspeed":"50","name":"Marsiling Road","oneway":"yes"},"geometry":{"type":"LineString","coordinates":[[103.7792535,1.4405284],[103.7789416,1.440261]]}},{"type":"Feature","id":"way/638931690-0-2-0","properties":{"highway":"tertiary","lanes":"2","maxspeed":"50","name":"Marsiling Road","oneway":"yes"},"geometry":{"type":"LineString","coordinates":[[103.7789416,1.440261],[103.7786149,1.4399809]]}},{"type":"Feature","id":"way/638931692-0-0-0","properties":{"highway":"residential","maxspeed":"50","name":"Marsiling Drive","oneway":"yes"},"geometry":{"type":"LineString","coordinates":[[103.7780987,1.4396275],[103.7781489,1.439572]]}},{"type":"Feature","id":"way/638965654-0-0-0","properties":{"highway":"residential","lanes":"2","maxspeed":"50","name":"Marsiling Drive","oneway":"yes","sidewalk":"left","source":"Yahoo aerial images","surface":"asphalt"},"geometry":{"type":"LineString","coordinates":[[103.7775447,1.4401531],[103.7773647,1.4402863]]}},{"type":"Feature","id":"way/638965655-0-0-0","properties":{"highway":"residential","lanes":"2","maxspeed":"50","name":"Marsiling Drive","oneway":"yes","sidewalk":"left"},"geometry":{"type":"LineString","coordinates":[[103.7771559,1.4404447],[103.7774027,1.4403043]]}},{"type":"Feature","id":"way/638965655-0-1-0","properties":{"highway":"residential","lanes":"2","maxspeed":"50","name":"Marsiling Drive","oneway":"yes","sidewalk":"left"},"geometry":{"type":"LineString","coordinates":[[103.7774027,1.4403043],[103.7775659,1.4402032]]}},{"type":"Feature","id":"way/638965656-0-0-0","properties":{"highway":"residential","lanes":"2","maxspeed":"50","name":"Marsiling Drive","oneway":"yes","sidewalk":"left"},"geometry":{"type":"LineString","coordinates":[[103.7759487,1.441143],[103.7761028,1.4410375]]}},{"type":"Feature","id":"way/638965657-0-0-0","properties":{"highway":"residential","lanes":"2","maxspeed":"50","name":"Marsiling Drive","oneway":"yes","source":"Yahoo aerial images","surface":"asphalt","turn:lanes":"through|through;right"},"geometry":{"type":"LineString","coordinates":[[103.7765148,1.4407427],[103.7762496,1.440884]]}},{"type":"Feature","id":"way/638965657-0-1-0","properties":{"highway":"residential","lanes":"2","maxspeed":"50","name":"Marsiling Drive","oneway":"yes","source":"Yahoo aerial images","surface":"asphalt","turn:lanes":"through|through;right"},"geometry":{"type":"LineString","coordinates":[[103.7762496,1.440884],[103.776077,1.4409882]]}},{"type":"Feature","id":"way/638965657-0-2-0","properties":{"highway":"residential","lanes":"2","maxspeed":"50","name":"Marsiling Drive","oneway":"yes","source":"Yahoo aerial images","surface":"asphalt","turn:lanes":"through|through;right"},"geometry":{"type":"LineString","coordinates":[[103.776077,1.4409882],[103.775917,1.44109]]}},{"type":"Feature","id":"way/639299822-0-0-0","properties":{"highway":"tertiary","lanes":"2","maxspeed":"50","name":"Marsiling Road","oneway":"yes","source":"Yahoo aerial images","surface":"asphalt"},"geometry":{"type":"LineString","coordinates":[[103.7780987,1.4396275],[103.7781709,1.4396908]]}},{"type":"Feature","id":"way/639299822-0-1-0","properties":{"highway":"tertiary","lanes":"2","maxspeed":"50","name":"Marsiling Road","oneway":"yes","source":"Yahoo aerial images","surface":"asphalt"},"geometry":{"type":"LineString","coordinates":[[103.7781709,1.4396908],[103.7786692,1.4401321]]}},{"type":"Feature","id":"way/639299822-0-2-0","properties":{"highway":"tertiary","lanes":"2","maxspeed":"50","name":"Marsiling Road","oneway":"yes","source":"Yahoo aerial images","surface":"asphalt"},"geometry":{"type":"LineString","coordinates":[[103.7786692,1.4401321],[103.7789146,1.4403492]]}},{"type":"Feature","id":"way/639690805-0-0-0","properties":{"highway":"service","lanes":"2","lanes:backward":"1","lanes:forward":"1","oneway":"yes","service":"driveway"},"geometry":{"type":"LineString","coordinates":[[103.7771559,1.4404447],[103.7771406,1.440399]]}},{"type":"Feature","id":"way/639691585-0-0-0","properties":{"highway":"service","lanes":"2","lanes:backward":"1","lanes:forward":"1","service":"driveway"},"geometry":{"type":"LineString","coordinates":[[103.7765148,1.4407427],[103.776532,1.440784]]}},{"type":"Feature","id":"way/639880752-0-0-0","properties":{"highway":"tertiary","lanes":"2","maxspeed":"40","name":"Marsiling Road","oneway":"yes"},"geometry":{"type":"LineString","coordinates":[[103.7762958,1.4385868],[103.7761722,1.4385776]]}},{"type":"Feature","id":"way/639880753-0-0-0","properties":{"highway":"service","lanes":"1","oneway":"yes","service":"driveway","turn:lanes":"through"},"geometry":{"type":"LineString","coordinates":[[103.7762958,1.4385868],[103.7762999,1.4385441]]}},{"type":"Feature","id":"way/639880753-0-1-0","properties":{"highway":"service","lanes":"1","oneway":"yes","service":"driveway","turn:lanes":"through"},"geometry":{"type":"LineString","coordinates":[[103.7762999,1.4385441],[103.7763032,1.4385095]]}},{"type":"Feature","id":"way/639880753-0-2-0","properties":{"highway":"service","lanes":"1","oneway":"yes","service":"driveway","turn:lanes":"through"},"geometry":{"type":"LineString","coordinates":[[103.7763032,1.4385095],[103.7763168,1.4383668]]}},{"type":"Feature","id":"way/639880754-0-0-0","properties":{"highway":"tertiary","lanes":"2","maxspeed":"40","name":"Marsiling Road","oneway":"yes","sidewalk":"left","source":"Yahoo aerial images","surface":"asphalt","turn:lanes":"through|through"},"geometry":{"type":"LineString","coordinates":[[103.7765576,1.4387065],[103.7767063,1.4387311]]}},{"type":"Feature","id":"way/639880754-0-1-0","properties":{"highway":"tertiary","lanes":"2","maxspeed":"40","name":"Marsiling Road","oneway":"yes","sidewalk":"left","source":"Yahoo aerial images","surface":"asphalt","turn:lanes":"through|through"},"geometry":{"type":"LineString","coordinates":[[103.7767063,1.4387311],[103.7767894,1.4387525]]}},{"type":"Feature","id":"way/639880754-0-2-0","properties":{"highway":"tertiary","lanes":"2","maxspeed":"40","name":"Marsiling Road","oneway":"yes","sidewalk":"left","source":"Yahoo aerial images","surface":"asphalt","turn:lanes":"through|through"},"geometry":{"type":"LineString","coordinates":[[103.7767894,1.4387525],[103.7768742,1.4387772]]}},{"type":"Feature","id":"way/640204886-0-0-0","properties":{"highway":"tertiary","lanes":"2","maxspeed":"40","name":"Marsiling Road","oneway":"yes","sidewalk":"left","turn:lanes":"left;through|through"},"geometry":{"type":"LineString","coordinates":[[103.778105,1.4395337],[103.7780399,1.4394746]]}},{"type":"Feature","id":"way/640204886-0-1-0","properties":{"highway":"tertiary","lanes":"2","maxspeed":"40","name":"Marsiling Road","oneway":"yes","sidewalk":"left","turn:lanes":"left;through|through"},"geometry":{"type":"LineString","coordinates":[[103.7780399,1.4394746],[103.7777633,1.4392343]]}},{"type":"Feature","id":"way/640204888-0-0-0","properties":{"highway":"tertiary","lanes":"2","maxspeed":"40","name":"Marsiling Road","oneway":"yes","sidewalk":"left","source":"Yahoo aerial images","surface":"asphalt","turn:lanes":"left;through|through"},"geometry":{"type":"LineString","coordinates":[[103.7777174,1.4392872],[103.7779921,1.4395326]]}},{"type":"Feature","id":"way/640204888-0-1-0","properties":{"highway":"tertiary","lanes":"2","maxspeed":"40","name":"Marsiling Road","oneway":"yes","sidewalk":"left","source":"Yahoo aerial images","surface":"asphalt","turn:lanes":"left;through|through"},"geometry":{"type":"LineString","coordinates":[[103.7779921,1.4395326],[103.7780524,1.4395877]]}},{"type":"Feature","id":"way/640253962-0-0-0","properties":{"highway":"tertiary","lanes":"2","maxspeed":"40","name":"Marsiling Road","oneway":"yes","turn:lanes":"through|through"},"geometry":{"type":"LineString","coordinates":[[103.7747432,1.4385666],[103.7745409,1.4385654]]}},{"type":"Feature","id":"way/640253964-0-0-0","properties":{"highway":"tertiary","lanes":"2","maxspeed":"40","name":"Marsiling Road","oneway":"yes","sidewalk":"left","source":"Yahoo aerial images","surface":"asphalt","turn:lanes":"left;through|none"},"geometry":{"type":"LineString","coordinates":[[103.7747407,1.4386402],[103.7749688,1.4386412]]}},{"type":"Feature","id":"way/641061647-0-0-0","properties":{"highway":"tertiary","lanes":"2","maxspeed":"40","name":"Marsiling Road","oneway":"yes","sidewalk":"left","source":"Yahoo aerial images","surface":"asphalt","turn:lanes":"left;through|through"},"geometry":{"type":"LineString","coordinates":[[103.7756046,1.4386553],[103.776149,1.4386711]]}},{"type":"Feature","id":"way/641061647-0-1-0","properties":{"highway":"tertiary","lanes":"2","maxspeed":"40","name":"Marsiling Road","oneway":"yes","sidewalk":"left","source":"Yahoo aerial images","surface":"asphalt","turn:lanes":"left;through|through"},"geometry":{"type":"LineString","coordinates":[[103.776149,1.4386711],[103.7761684,1.4386722]]}},{"type":"Feature","id":"way/641397088-0-0-0","properties":{"highway":"tertiary","lanes":"2","maxspeed":"50","name":"Marsiling Road","oneway":"yes","source":"Yahoo aerial images","surface":"asphalt","turn:lanes":"through|through;right"},"geometry":{"type":"LineString","coordinates":[[103.7789146,1.4403492],[103.7789716,1.4403985]]}},{"type":"Feature","id":"way/641397088-0-1-0","properties":{"highway":"tertiary","lanes":"2","maxspeed":"50","name":"Marsiling Road","oneway":"yes","source":"Yahoo aerial images","surface":"asphalt","turn:lanes":"through|through;right"},"geometry":{"type":"LineString","coordinates":[[103.7789716,1.4403985],[103.7791917,1.4405889]]}},{"type":"Feature","id":"way/641430154-0-0-0","properties":{"highway":"service","lanes":"1","oneway":"yes","service":"driveway","sidewalk":"both","turn:lanes":"through|right"},"geometry":{"type":"LineString","coordinates":[[103.7771406,1.440399],[103.777118,1.44036]]}},{"type":"Feature","id":"way/641430154-0-1-0","properties":{"highway":"service","lanes":"1","oneway":"yes","service":"driveway","sidewalk":"both","turn:lanes":"through|right"},"geometry":{"type":"LineString","coordinates":[[103.777118,1.44036],[103.7770902,1.440312]]}},{"type":"Feature","id":"way/643633431-0-0-0","properties":{"highway":"service","service":"driveway"},"geometry":{"type":"LineString","coordinates":[[103.7773255,1.4389845],[103.777371,1.43892]]}},{"type":"Feature","id":"way/643772503-0-0-0","properties":{"highway":"service","lanes":"2","lanes:backward":"1","lanes:forward":"1","service":"driveway","sidewalk":"both","turn:lanes:backward":"through","turn:lanes:forward":"left;right"},"geometry":{"type":"LineString","coordinates":[[103.7764622,1.4406339],[103.7764952,1.440709]]}},{"type":"Feature","id":"way/643772503-0-1-0","properties":{"highway":"service","lanes":"2","lanes:backward":"1","lanes:forward":"1","service":"driveway","sidewalk":"both","turn:lanes:backward":"through","turn:lanes:forward":"left;right"},"geometry":{"type":"LineString","coordinates":[[103.7764952,1.440709],[103.7765148,1.4407427]]}},{"type":"Feature","id":"way/644639361-0-6-0","properties":{"highway":"service","service":"driveway"},"geometry":{"type":"LineString","coordinates":[[103.7756545,1.441178],[103.7756979,1.4411475]]}},{"type":"Feature","id":"way/644639361-0-7-0","properties":{"highway":"service","service":"driveway"},"geometry":{"type":"LineString","coordinates":[[103.7756979,1.4411475],[103.7757696,1.4411542]]}},{"type":"Feature","id":"way/644639361-0-8-0","properties":{"highway":"service","service":"driveway"},"geometry":{"type":"LineString","coordinates":[[103.7757696,1.4411542],[103.7758107,1.4412019]]}},{"type":"Feature","id":"way/644674096-0-0-0","properties":{"highway":"service","lanes":"2","lanes:backward":"1","lanes:forward":"1","service":"parking_aisle","turn:lanes:backward":"right"},"geometry":{"type":"LineString","coordinates":[[103.7782156,1.4382388],[103.7782174,1.4381239]]}},{"type":"Feature","id":"way/644846897-0-0-0","properties":{"highway":"service","service":"parking_aisle"},"geometry":{"type":"LineString","coordinates":[[103.7751212,1.4394604],[103.7752906,1.4394643]]}},{"type":"Feature","id":"way/644846898-0-0-0","properties":{"highway":"service","lanes":"2","lanes:backward":"1","lanes:forward":"1","service":"parking_aisle","turn:lanes:forward":"left;right"},"geometry":{"type":"LineString","coordinates":[[103.7751343,1.4391176],[103.7749599,1.43911]]}},{"type":"Feature","id":"way/644846899-0-0-0","properties":{"highway":"service","service":"parking_aisle"},"geometry":{"type":"LineString","coordinates":[[103.7752906,1.4394643],[103.7754514,1.439468]]}},{"type":"Feature","id":"way/644846900-0-0-0","properties":{"highway":"service","service":"parking_aisle"},"geometry":{"type":"LineString","coordinates":[[103.7754632,1.43913],[103.7753014,1.4391239]]}},{"type":"Feature","id":"way/644846901-0-0-0","properties":{"highway":"service","service":"parking_aisle"},"geometry":{"type":"LineString","coordinates":[[103.7754514,1.439468],[103.7755613,1.4394705]]}},{"type":"Feature","id":"way/644846901-0-1-0","properties":{"highway":"service","service":"parking_aisle"},"geometry":{"type":"LineString","coordinates":[[103.7755613,1.4394705],[103.7755888,1.4394705]]}},{"type":"Feature","id":"way/644846901-0-2-0","properties":{"highway":"service","service":"parking_aisle"},"geometry":{"type":"LineString","coordinates":[[103.7755888,1.4394705],[103.7756062,1.4394592]]}},{"type":"Feature","id":"way/644846902-0-0-0","properties":{"highway":"service","service":"parking_aisle"},"geometry":{"type":"LineString","coordinates":[[103.7753014,1.4391239],[103.7751343,1.4391176]]}},{"type":"Feature","id":"way/645275260-0-0-0","properties":{"highway":"service","lanes":"2","lanes:backward":"1","lanes:forward":"1","service":"parking_aisle","turn:lanes:backward":"through","turn:lanes:forward":"through"},"geometry":{"type":"LineString","coordinates":[[103.7775926,1.4369534],[103.7775859,1.4369363]]}},{"type":"Feature","id":"way/645275260-0-1-0","properties":{"highway":"service","lanes":"2","lanes:backward":"1","lanes:forward":"1","service":"parking_aisle","turn:lanes:backward":"through","turn:lanes:forward":"through"},"geometry":{"type":"LineString","coordinates":[[103.7775859,1.4369363],[103.7775766,1.436925]]}},{"type":"Feature","id":"way/645275260-0-2-0","properties":{"highway":"service","lanes":"2","lanes:backward":"1","lanes:forward":"1","service":"parking_aisle","turn:lanes:backward":"through","turn:lanes:forward":"through"},"geometry":{"type":"LineString","coordinates":[[103.7775766,1.436925],[103.7775092,1.4368639]]}},{"type":"Feature","id":"way/645275260-0-3-0","properties":{"highway":"service","lanes":"2","lanes:backward":"1","lanes:forward":"1","service":"parking_aisle","turn:lanes:backward":"through","turn:lanes:forward":"through"},"geometry":{"type":"LineString","coordinates":[[103.7775092,1.4368639],[103.7774817,1.4368453]]}},{"type":"Feature","id":"way/645275260-0-4-0","properties":{"highway":"service","lanes":"2","lanes:backward":"1","lanes:forward":"1","service":"parking_aisle","turn:lanes:backward":"through","turn:lanes:forward":"through"},"geometry":{"type":"LineString","coordinates":[[103.7774817,1.4368453],[103.7774507,1.4368382]]}},{"type":"Feature","id":"way/645275260-0-5-0","properties":{"highway":"service","lanes":"2","lanes:backward":"1","lanes:forward":"1","service":"parking_aisle","turn:lanes:backward":"through","turn:lanes:forward":"through"},"geometry":{"type":"LineString","coordinates":[[103.7774507,1.4368382],[103.7772723,1.4368375]]}},{"type":"Feature","id":"way/645275261-0-0-0","properties":{"highway":"service","lanes":"2","lanes:backward":"1","lanes:forward":"1","service":"parking_aisle"},"geometry":{"type":"LineString","coordinates":[[103.7768665,1.4382607],[103.7768665,1.4382138]]}},{"type":"Feature","id":"way/645275261-0-1-0","properties":{"highway":"service","lanes":"2","lanes:backward":"1","lanes:forward":"1","service":"parking_aisle"},"geometry":{"type":"LineString","coordinates":[[103.7768665,1.4382138],[103.7768665,1.4379941]]}},{"type":"Feature","id":"way/645275261-0-2-0","properties":{"highway":"service","lanes":"2","lanes:backward":"1","lanes:forward":"1","service":"parking_aisle"},"geometry":{"type":"LineString","coordinates":[[103.7768665,1.4379941],[103.7768665,1.4379332]]}},{"type":"Feature","id":"way/645275262-0-0-0","properties":{"highway":"service","lanes":"2","lanes:backward":"1","lanes:forward":"1","service":"driveway"},"geometry":{"type":"LineString","coordinates":[[103.7773978,1.4388888],[103.7774354,1.4387695]]}},{"type":"Feature","id":"way/645275262-0-1-0","properties":{"highway":"service","lanes":"2","lanes:backward":"1","lanes:forward":"1","service":"driveway"},"geometry":{"type":"LineString","coordinates":[[103.7774354,1.4387695],[103.7774523,1.4387158]]}},{"type":"Feature","id":"way/645275262-0-2-0","properties":{"highway":"service","lanes":"2","lanes:backward":"1","lanes:forward":"1","service":"driveway"},"geometry":{"type":"LineString","coordinates":[[103.7774523,1.4387158],[103.7774898,1.4386715]]}},{"type":"Feature","id":"way/645275262-0-3-0","properties":{"highway":"service","lanes":"2","lanes:backward":"1","lanes:forward":"1","service":"driveway"},"geometry":{"type":"LineString","coordinates":[[103.7774898,1.4386715],[103.7775676,1.4386072]]}},{"type":"Feature","id":"way/645275262-0-4-0","properties":{"highway":"service","lanes":"2","lanes:backward":"1","lanes:forward":"1","service":"driveway"},"geometry":{"type":"LineString","coordinates":[[103.7775676,1.4386072],[103.7776097,1.4385322]]}},{"type":"Feature","id":"way/645275262-0-5-0","properties":{"highway":"service","lanes":"2","lanes:backward":"1","lanes:forward":"1","service":"driveway"},"geometry":{"type":"LineString","coordinates":[[103.7776097,1.4385322],[103.7776105,1.4384356]]}},{"type":"Feature","id":"way/645275262-0-6-0","properties":{"highway":"service","lanes":"2","lanes:backward":"1","lanes:forward":"1","service":"driveway"},"geometry":{"type":"LineString","coordinates":[[103.7776105,1.4384356],[103.7775963,1.4383686]]}},{"type":"Feature","id":"way/645275262-0-7-0","properties":{"highway":"service","lanes":"2","lanes:backward":"1","lanes:forward":"1","service":"driveway"},"geometry":{"type":"LineString","coordinates":[[103.7775963,1.4383686],[103.7775595,1.4383136]]}},{"type":"Feature","id":"way/645275262-0-8-0","properties":{"highway":"service","lanes":"2","lanes:backward":"1","lanes:forward":"1","service":"driveway"},"geometry":{"type":"LineString","coordinates":[[103.7775595,1.4383136],[103.7775051,1.4382748]]}},{"type":"Feature","id":"way/645276018-0-0-0","properties":{"highway":"service"},"geometry":{"type":"LineString","coordinates":[[103.7789047,1.441164],[103.7789761,1.4410877]]}},{"type":"Feature","id":"way/646155924-0-0-0","properties":{"highway":"tertiary","lanes":"2","maxspeed":"40","name":"Marsiling Road","oneway":"yes","sidewalk":"left","source":"Yahoo aerial images","surface":"asphalt","turn:lanes":"left;through|through"},"geometry":{"type":"LineString","coordinates":[[103.7773255,1.4389845],[103.7775198,1.4391306]]}},{"type":"Feature","id":"way/646155924-0-1-0","properties":{"highway":"tertiary","lanes":"2","maxspeed":"40","name":"Marsiling Road","oneway":"yes","sidewalk":"left","source":"Yahoo aerial images","surface":"asphalt","turn:lanes":"left;through|through"},"geometry":{"type":"LineString","coordinates":[[103.7775198,1.4391306],[103.7777174,1.4392872]]}},{"type":"Feature","id":"way/646155925-0-0-0","properties":{"highway":"service","service":"driveway"},"geometry":{"type":"LineString","coordinates":[[103.777371,1.43892],[103.7773978,1.4388888]]}},{"type":"Feature","id":"way/646155926-0-0-0","properties":{"highway":"tertiary","lanes":"2","maxspeed":"40","name":"Marsiling Road","oneway":"yes","sidewalk":"left","turn:lanes":"left;through|through"},"geometry":{"type":"LineString","coordinates":[[103.7777633,1.4392343],[103.7775891,1.4390858]]}},{"type":"Feature","id":"way/646155926-0-1-0","properties":{"highway":"tertiary","lanes":"2","maxspeed":"40","name":"Marsiling Road","oneway":"yes","sidewalk":"left","turn:lanes":"left;through|through"},"geometry":{"type":"LineString","coordinates":[[103.7775891,1.4390858],[103.777371,1.43892]]}},{"type":"Feature","id":"way/646155927-0-0-0","properties":{"highway":"tertiary","lanes":"2","maxspeed":"40","name":"Marsiling Road","oneway":"yes","sidewalk":"left","source":"Yahoo aerial images","surface":"asphalt","turn:lanes":"left;through|through"},"geometry":{"type":"LineString","coordinates":[[103.7761684,1.4386722],[103.776294,1.4386776]]}},{"type":"Feature","id":"way/646155929-0-0-0","properties":{"highway":"tertiary","lanes":"2","maxspeed":"40","name":"Marsiling Road","oneway":"yes"},"geometry":{"type":"LineString","coordinates":[[103.7761722,1.4385776],[103.7756059,1.4385644]]}},{"type":"Feature","id":"way/646155930-0-0-0","properties":{"highway":"tertiary","lanes":"2","maxspeed":"40","name":"Marsiling Road","oneway":"yes","sidewalk":"left","source":"Yahoo aerial images","surface":"asphalt","turn:lanes":"none|through;right"},"geometry":{"type":"LineString","coordinates":[[103.7752713,1.4386483],[103.7756046,1.4386553]]}},{"type":"Feature","id":"way/646155931-0-0-0","properties":{"highway":"service","lanes":"1","oneway":"yes","service":"driveway"},"geometry":{"type":"LineString","coordinates":[[103.7752811,1.4385594],[103.7752713,1.4386483]]}},{"type":"Feature","id":"way/646155932-0-0-0","properties":{"highway":"tertiary","lanes":"2","maxspeed":"40","name":"Marsiling Road","oneway":"yes"},"geometry":{"type":"LineString","coordinates":[[103.7756059,1.4385644],[103.7752811,1.4385594]]}},{"type":"Feature","id":"way/646155933-0-0-0","properties":{"highway":"tertiary","lanes":"2","maxspeed":"40","name":"Marsiling Road","oneway":"yes"},"geometry":{"type":"LineString","coordinates":[[103.7752811,1.4385594],[103.7749702,1.4385666]]}},{"type":"Feature","id":"way/646847548-0-0-0","properties":{"highway":"service","service":"parking_aisle"},"geometry":{"type":"LineString","coordinates":[[103.7761352,1.4402827],[103.776065,1.4402816]]}},{"type":"Feature","id":"way/646847549-0-0-0","properties":{"highway":"service","service":"parking_aisle"},"geometry":{"type":"LineString","coordinates":[[103.776435,1.4402892],[103.7761352,1.4402827]]}},{"type":"Feature","id":"way/651108412-0-0-0","properties":{"highway":"service","lanes":"2","lanes:backward":"1","lanes:forward":"1","service":"parking_aisle","turn:lanes:backward":"through","turn:lanes:forward":"through"},"geometry":{"type":"LineString","coordinates":[[103.7775926,1.4372052],[103.7775926,1.4369534]]}},{"type":"Feature","id":"way/652264771-0-0-0","properties":{"highway":"tertiary","lanes":"2","maxspeed":"40","name":"Marsiling Road","oneway":"yes","turn:lanes":"left;through|through"},"geometry":{"type":"LineString","coordinates":[[103.7764558,1.4385991],[103.7762958,1.4385868]]}},{"type":"Feature","id":"way/655189009-0-0-0","properties":{"highway":"tertiary","lanes":"2","maxspeed":"40","name":"Marsiling Road","oneway":"yes","sidewalk":"left","source":"Yahoo aerial images","surface":"asphalt"},"geometry":{"type":"LineString","coordinates":[[103.7749688,1.4386412],[103.7752713,1.4386483]]}},{"type":"Feature","id":"way/674363677-0-0-0","properties":{"highway":"service","lanes":"2","lanes:backward":"1","lanes:forward":"1","service":"driveway","sidewalk":"both","turn:lanes:forward":"through;right"},"geometry":{"type":"LineString","coordinates":[[103.7749642,1.4388857],[103.7749599,1.43911]]}},{"type":"Feature","id":"way/747851070-0-0-0","properties":{"highway":"tertiary","lanes":"2","maxspeed":"50","name":"Marsiling Road","oneway":"yes","sidewalk":"left","turn:lanes":"through|through;right"},"geometry":{"type":"LineString","coordinates":[[103.7786149,1.4399809],[103.7782222,1.4396386]]}},{"type":"Feature","id":"way/747851070-0-1-0","properties":{"highway":"tertiary","lanes":"2","maxspeed":"50","name":"Marsiling Road","oneway":"yes","sidewalk":"left","turn:lanes":"through|through;right"},"geometry":{"type":"LineString","coordinates":[[103.7782222,1.4396386],[103.7781489,1.439572]]}},{"type":"Feature","id":"way/747851075-0-0-0","properties":{"highway":"tertiary","lanes":"2","maxspeed":"40","name":"Marsiling Road","oneway":"yes","sidewalk":"left","source":"Yahoo aerial images","surface":"asphalt","turn:lanes":"none|through;right"},"geometry":{"type":"LineString","coordinates":[[103.7768742,1.4387772],[103.7770066,1.4388206]]}},{"type":"Feature","id":"way/747851075-0-1-0","properties":{"highway":"tertiary","lanes":"2","maxspeed":"40","name":"Marsiling Road","oneway":"yes","sidewalk":"left","source":"Yahoo aerial images","surface":"asphalt","turn:lanes":"none|through;right"},"geometry":{"type":"LineString","coordinates":[[103.7770066,1.4388206],[103.7771501,1.4388808]]}},{"type":"Feature","id":"way/747851075-0-2-0","properties":{"highway":"tertiary","lanes":"2","maxspeed":"40","name":"Marsiling Road","oneway":"yes","sidewalk":"left","source":"Yahoo aerial images","surface":"asphalt","turn:lanes":"none|through;right"},"geometry":{"type":"LineString","coordinates":[[103.7771501,1.4388808],[103.77724,1.4389312]]}},{"type":"Feature","id":"way/747851075-0-3-0","properties":{"highway":"tertiary","lanes":"2","maxspeed":"40","name":"Marsiling Road","oneway":"yes","sidewalk":"left","source":"Yahoo aerial images","surface":"asphalt","turn:lanes":"none|through;right"},"geometry":{"type":"LineString","coordinates":[[103.77724,1.4389312],[103.7773255,1.4389845]]}},{"type":"Feature","id":"way/747851076-0-0-0","properties":{"highway":"tertiary","lanes":"2","maxspeed":"40","name":"Marsiling Road","oneway":"yes","sidewalk":"left","source":"Yahoo aerial images","surface":"asphalt","turn:lanes":"left;through|through"},"geometry":{"type":"LineString","coordinates":[[103.776294,1.4386776],[103.7764367,1.4386921]]}},{"type":"Feature","id":"way/747851076-0-1-0","properties":{"highway":"tertiary","lanes":"2","maxspeed":"40","name":"Marsiling Road","oneway":"yes","sidewalk":"left","source":"Yahoo aerial images","surface":"asphalt","turn:lanes":"left;through|through"},"geometry":{"type":"LineString","coordinates":[[103.7764367,1.4386921],[103.7765576,1.4387065]]}},{"type":"Feature","id":"way/748786884-0-0-0","properties":{"highway":"service","lanes":"2","lanes:backward":"1","lanes:forward":"1","service":"parking_aisle","turn:lanes:forward":"left;right"},"geometry":{"type":"LineString","coordinates":[[103.7784165,1.4379811],[103.7782208,1.4379813]]}},{"type":"Feature","id":"way/748786885-0-0-0","properties":{"highway":"service","lanes":"2","lanes:backward":"1","lanes:forward":"1","service":"parking_aisle"},"geometry":{"type":"LineString","coordinates":[[103.7784574,1.437656],[103.7791275,1.4376597]]}},{"type":"Feature","id":"way/748786886-0-0-0","properties":{"highway":"service","lanes":"2","lanes:backward":"1","lanes:forward":"1","service":"parking_aisle","sidewalk":"left","turn:lanes:forward":"left"},"geometry":{"type":"LineString","coordinates":[[103.7782227,1.4378303],[103.7782263,1.4377133]]}},{"type":"Feature","id":"way/748786886-0-1-0","properties":{"highway":"service","lanes":"2","lanes:backward":"1","lanes:forward":"1","service":"parking_aisle","sidewalk":"left","turn:lanes:forward":"left"},"geometry":{"type":"LineString","coordinates":[[103.7782263,1.4377133],[103.7782371,1.4376901]]}},{"type":"Feature","id":"way/748786887-0-0-0","properties":{"highway":"service","lanes":"2","lanes:backward":"1","lanes:forward":"1","service":"parking_aisle","sidewalk":"left","turn:lanes:backward":"through;right"},"geometry":{"type":"LineString","coordinates":[[103.7782208,1.4379813],[103.7782227,1.4378303]]}},{"type":"Feature","id":"way/748786888-0-0-0","properties":{"highway":"service","lanes":"2","lanes:backward":"1","lanes:forward":"1","service":"parking_aisle","turn:lanes:forward":"left;through"},"geometry":{"type":"LineString","coordinates":[[103.7782174,1.4381239],[103.7782208,1.4379813]]}},{"type":"Feature","id":"way/748786889-0-0-0","properties":{"highway":"service","lanes":"2","lanes:backward":"1","lanes:forward":"1","service":"parking_aisle","turn:lanes:forward":"left"},"geometry":{"type":"LineString","coordinates":[[103.7785238,1.4383042],[103.77828,1.4383032]]}},{"type":"Feature","id":"way/748786889-0-1-0","properties":{"highway":"service","lanes":"2","lanes:backward":"1","lanes:forward":"1","service":"parking_aisle","turn:lanes:forward":"left"},"geometry":{"type":"LineString","coordinates":[[103.77828,1.4383032],[103.7782448,1.4382952]]}},{"type":"Feature","id":"way/748786889-0-2-0","properties":{"highway":"service","lanes":"2","lanes:backward":"1","lanes:forward":"1","service":"parking_aisle","turn:lanes:forward":"left"},"geometry":{"type":"LineString","coordinates":[[103.7782448,1.4382952],[103.7782257,1.4382732]]}},{"type":"Feature","id":"way/748786889-0-3-0","properties":{"highway":"service","lanes":"2","lanes:backward":"1","lanes:forward":"1","service":"parking_aisle","turn:lanes:forward":"left"},"geometry":{"type":"LineString","coordinates":[[103.7782257,1.4382732],[103.7782156,1.4382388]]}},{"type":"Feature","id":"way/748786894-0-0-0","properties":{"highway":"service","lanes":"2","lanes:backward":"1","lanes:forward":"1","service":"driveway","turn:lanes:backward":"through","turn:lanes:forward":"through"},"geometry":{"type":"LineString","coordinates":[[103.7779874,1.4389946],[103.7780591,1.4389088]]}},{"type":"Feature","id":"way/748786894-0-1-0","properties":{"highway":"service","lanes":"2","lanes:backward":"1","lanes:forward":"1","service":"driveway","turn:lanes:backward":"through","turn:lanes:forward":"through"},"geometry":{"type":"LineString","coordinates":[[103.7780591,1.4389088],[103.778104,1.4388592]]}},{"type":"Feature","id":"way/748786894-0-2-0","properties":{"highway":"service","lanes":"2","lanes:backward":"1","lanes:forward":"1","service":"driveway","turn:lanes:backward":"through","turn:lanes:forward":"through"},"geometry":{"type":"LineString","coordinates":[[103.778104,1.4388592],[103.7781798,1.4388043]]}},{"type":"Feature","id":"way/748786895-0-0-0","properties":{"highway":"service","lanes":"2","lanes:backward":"1","lanes:forward":"1","service":"driveway","turn:lanes:backward":"through","turn:lanes:forward":"left;through"},"geometry":{"type":"LineString","coordinates":[[103.7779029,1.4390912],[103.7779874,1.4389946]]}},{"type":"Feature","id":"way/748786896-0-0-0","properties":{"highway":"service","lanes":"2","lanes:backward":"1","lanes:forward":"1","service":"driveway","turn:lanes:backward":"left","turn:lanes:forward":"through"},"geometry":{"type":"LineString","coordinates":[[103.7777633,1.4392343],[103.7779029,1.4390912]]}},{"type":"Feature","id":"way/748786897-0-0-0","properties":{"highway":"service","lanes":"1","oneway":"yes","service":"parking_aisle","turn:lanes":"through;right"},"geometry":{"type":"LineString","coordinates":[[103.7759542,1.4383378],[103.7759546,1.4382469]]}},{"type":"Feature","id":"way/748786898-0-0-0","properties":{"highway":"service","lanes":"1","oneway":"yes","service":"parking_aisle","turn:lanes":"left;through"},"geometry":{"type":"LineString","coordinates":[[103.7759494,1.4384348],[103.7759502,1.4384235]]}},{"type":"Feature","id":"way/748786898-0-1-0","properties":{"highway":"service","lanes":"1","oneway":"yes","service":"parking_aisle","turn:lanes":"left;through"},"geometry":{"type":"LineString","coordinates":[[103.7759502,1.4384235],[103.7759542,1.4383378]]}},{"type":"Feature","id":"way/748786899-0-0-0","properties":{"highway":"service","lanes":"1","oneway":"yes","service":"parking_aisle","turn:lanes":"through"},"geometry":{"type":"LineString","coordinates":[[103.7757182,1.4382371],[103.7757162,1.4382485]]}},{"type":"Feature","id":"way/748786899-0-1-0","properties":{"highway":"service","lanes":"1","oneway":"yes","service":"parking_aisle","turn:lanes":"through"},"geometry":{"type":"LineString","coordinates":[[103.7757162,1.4382485],[103.7757108,1.4384201]]}},{"type":"Feature","id":"way/748786899-0-2-0","properties":{"highway":"service","lanes":"1","oneway":"yes","service":"parking_aisle","turn:lanes":"through"},"geometry":{"type":"LineString","coordinates":[[103.7757108,1.4384201],[103.7757154,1.4384315]]}},{"type":"Feature","id":"way/748786900-0-0-0","properties":{"highway":"service","lanes":"1","oneway":"yes","service":"parking_aisle","turn:lanes":"through"},"geometry":{"type":"LineString","coordinates":[[103.7759546,1.4382469],[103.7759498,1.4382391]]}},{"type":"Feature","id":"way/748786900-0-1-0","properties":{"highway":"service","lanes":"1","oneway":"yes","service":"parking_aisle","turn:lanes":"through"},"geometry":{"type":"LineString","coordinates":[[103.7759498,1.4382391],[103.7759381,1.4382368]]}},{"type":"Feature","id":"way/748786900-0-2-0","properties":{"highway":"service","lanes":"1","oneway":"yes","service":"parking_aisle","turn:lanes":"through"},"geometry":{"type":"LineString","coordinates":[[103.7759381,1.4382368],[103.7757289,1.4382351]]}},{"type":"Feature","id":"way/748786900-0-3-0","properties":{"highway":"service","lanes":"1","oneway":"yes","service":"parking_aisle","turn:lanes":"through"},"geometry":{"type":"LineString","coordinates":[[103.7757289,1.4382351],[103.7757182,1.4382371]]}},{"type":"Feature","id":"way/748786901-0-0-0","properties":{"highway":"service","lanes":"2","lanes:backward":"1","lanes:forward":"1","service":"driveway"},"geometry":{"type":"LineString","coordinates":[[103.7769112,1.4400943],[103.7767213,1.4400909]]}},{"type":"Feature","id":"way/748786902-0-0-0","properties":{"highway":"service","lanes":"2","lanes:backward":"1","lanes:forward":"1","service":"driveway","sidewalk":"left","turn:lanes:backward":"left","turn:lanes:forward":"through"},"geometry":{"type":"LineString","coordinates":[[103.7770198,1.4401758],[103.7770164,1.440161]]}},{"type":"Feature","id":"way/748786902-0-1-0","properties":{"highway":"service","lanes":"2","lanes:backward":"1","lanes:forward":"1","service":"driveway","sidewalk":"left","turn:lanes:backward":"left","turn:lanes:forward":"through"},"geometry":{"type":"LineString","coordinates":[[103.7770164,1.440161],[103.7770044,1.4401462]]}},{"type":"Feature","id":"way/748786902-0-2-0","properties":{"highway":"service","lanes":"2","lanes:backward":"1","lanes:forward":"1","service":"driveway","sidewalk":"left","turn:lanes:backward":"left","turn:lanes:forward":"through"},"geometry":{"type":"LineString","coordinates":[[103.7770044,1.4401462],[103.776993,1.4401349]]}},{"type":"Feature","id":"way/748786902-0-3-0","properties":{"highway":"service","lanes":"2","lanes:backward":"1","lanes:forward":"1","service":"driveway","sidewalk":"left","turn:lanes:backward":"left","turn:lanes:forward":"through"},"geometry":{"type":"LineString","coordinates":[[103.776993,1.4401349],[103.7769761,1.4401169]]}},{"type":"Feature","id":"way/749423404-0-0-0","properties":{"highway":"service","lanes":"2","lanes:backward":"1","lanes:forward":"1","service":"driveway","turn:lanes:backward":"right","turn:lanes:forward":"through"},"geometry":{"type":"LineString","coordinates":[[103.776919,1.4368352],[103.7768897,1.4368113]]}},{"type":"Feature","id":"way/749423404-0-1-0","properties":{"highway":"service","lanes":"2","lanes:backward":"1","lanes:forward":"1","service":"driveway","turn:lanes:backward":"right","turn:lanes:forward":"through"},"geometry":{"type":"LineString","coordinates":[[103.7768897,1.4368113],[103.7768771,1.4367772]]}},{"type":"Feature","id":"way/749423404-0-2-0","properties":{"highway":"service","lanes":"2","lanes:backward":"1","lanes:forward":"1","service":"driveway","turn:lanes:backward":"right","turn:lanes:forward":"through"},"geometry":{"type":"LineString","coordinates":[[103.7768771,1.4367772],[103.776876,1.4367053]]}},{"type":"Feature","id":"way/749423405-0-0-0","properties":{"highway":"service","lanes":"2","lanes:backward":"1","lanes:forward":"1","service":"parking_aisle","turn:lanes:backward":"through","turn:lanes:forward":"through"},"geometry":{"type":"LineString","coordinates":[[103.7772723,1.4368375],[103.7771057,1.4368364]]}},{"type":"Feature","id":"way/749423406-0-0-0","properties":{"highway":"service","lanes":"2","lanes:backward":"1","lanes:forward":"1","service":"parking_aisle"},"geometry":{"type":"LineString","coordinates":[[103.7775748,1.4375374],[103.7775909,1.4375052]]}},{"type":"Feature","id":"way/749423406-0-1-0","properties":{"highway":"service","lanes":"2","lanes:backward":"1","lanes:forward":"1","service":"parking_aisle"},"geometry":{"type":"LineString","coordinates":[[103.7775909,1.4375052],[103.7775926,1.4372052]]}},{"type":"Feature","id":"way/749423407-0-0-0","properties":{"highway":"service","lanes":"2","lanes:backward":"1","lanes:forward":"1","service":"parking_aisle","turn:lanes:forward":"through"},"geometry":{"type":"LineString","coordinates":[[103.7768996,1.437569],[103.7772429,1.43756]]}},{"type":"Feature","id":"way/749423408-0-0-0","properties":{"highway":"service","lanes":"2","lanes:backward":"1","lanes:forward":"1","service":"parking_aisle","sidewalk":"left"},"geometry":{"type":"LineString","coordinates":[[103.7768665,1.4379332],[103.7768661,1.4376105]]}},{"type":"Feature","id":"way/749423408-0-1-0","properties":{"highway":"service","lanes":"2","lanes:backward":"1","lanes:forward":"1","service":"parking_aisle","sidewalk":"left"},"geometry":{"type":"LineString","coordinates":[[103.7768661,1.4376105],[103.7768704,1.437585]]}},{"type":"Feature","id":"way/749423408-0-2-0","properties":{"highway":"service","lanes":"2","lanes:backward":"1","lanes:forward":"1","service":"parking_aisle","sidewalk":"left"},"geometry":{"type":"LineString","coordinates":[[103.7768704,1.437585],[103.7768996,1.437569]]}},{"type":"Feature","id":"way/749423409-0-0-0","properties":{"highway":"service","lanes":"2","lanes:backward":"1","lanes:forward":"1","service":"parking_aisle","turn:lanes:forward":"through"},"geometry":{"type":"LineString","coordinates":[[103.7775051,1.4382748],[103.7772229,1.4382667]]}},{"type":"Feature","id":"way/749423410-0-0-0","properties":{"highway":"service","lanes":"2","lanes:backward":"1","lanes:forward":"1","service":"parking_aisle","turn:lanes:backward":"through","turn:lanes:forward":"left;through"},"geometry":{"type":"LineString","coordinates":[[103.7772229,1.4382667],[103.7768665,1.4382607]]}},{"type":"Feature","id":"way/750226695-0-0-0","properties":{"highway":"residential","lanes":"2","maxspeed":"50","name":"Marsiling Drive","oneway":"yes","sidewalk":"left","source":"Yahoo aerial images","surface":"asphalt","turn:lanes":"left;through|through;right"},"geometry":{"type":"LineString","coordinates":[[103.7773647,1.4402863],[103.7771406,1.440399]]}},{"type":"Feature","id":"way/750342329-0-0-0","properties":{"highway":"tertiary","lanes":"2","maxspeed":"40","name":"Marsiling Road","oneway":"yes"},"geometry":{"type":"LineString","coordinates":[[103.7749702,1.4385666],[103.7748317,1.4385671]]}},{"type":"Feature","id":"way/750342329-0-1-0","properties":{"highway":"tertiary","lanes":"2","maxspeed":"40","name":"Marsiling Road","oneway":"yes"},"geometry":{"type":"LineString","coordinates":[[103.7748317,1.4385671],[103.7747432,1.4385666]]}},{"type":"Feature","id":"way/750342330-0-0-0","properties":{"highway":"service","lanes":"2","lanes:backward":"1","lanes:forward":"1","service":"driveway"},"geometry":{"type":"LineString","coordinates":[[103.7749688,1.4386412],[103.7749702,1.4385666]]}},{"type":"Feature","id":"way/750342489-0-0-0","properties":{"highway":"service","lanes":"1","oneway":"yes","service":"driveway"},"geometry":{"type":"LineString","coordinates":[[103.7756046,1.4386553],[103.7756059,1.4385644]]}},{"type":"Feature","id":"way/750421728-0-0-0","properties":{"highway":"residential","lanes":"2","maxspeed":"50","name":"Marsiling Drive","oneway":"yes","sidewalk":"left","turn:lanes":"through|through;right"},"geometry":{"type":"LineString","coordinates":[[103.7769902,1.4405402],[103.7771559,1.4404447]]}},{"type":"Feature","id":"way/750421729-0-0-0","properties":{"highway":"residential","lanes":"2","maxspeed":"50","name":"Marsiling Drive","oneway":"yes","sidewalk":"left","turn:lanes":"through|through;right"},"geometry":{"type":"LineString","coordinates":[[103.7761028,1.4410375],[103.776532,1.440784]]}},{"type":"Feature","id":"way/750528938-0-0-0","properties":{"highway":"service","lanes":"1","oneway":"yes","service":"parking_aisle"},"geometry":{"type":"LineString","coordinates":[[103.7789761,1.4410877],[103.7785481,1.4407007]]}},{"type":"Feature","id":"way/750528939-0-0-0","properties":{"highway":"service","lanes":"1","oneway":"yes","service":"parking_aisle"},"geometry":{"type":"LineString","coordinates":[[103.7784462,1.4407985],[103.7784945,1.4408254]]}},{"type":"Feature","id":"way/750528939-0-1-0","properties":{"highway":"service","lanes":"1","oneway":"yes","service":"parking_aisle"},"geometry":{"type":"LineString","coordinates":[[103.7784945,1.4408254],[103.7789047,1.441164]]}},{"type":"Feature","id":"way/750528940-0-0-0","properties":{"highway":"service","lanes":"1","oneway":"yes","service":"parking_aisle"},"geometry":{"type":"LineString","coordinates":[[103.7785481,1.4407007],[103.7784864,1.4406511]]}},{"type":"Feature","id":"way/750528940-0-1-0","properties":{"highway":"service","lanes":"1","oneway":"yes","service":"parking_aisle"},"geometry":{"type":"LineString","coordinates":[[103.7784864,1.4406511],[103.7784422,1.4406336]]}},{"type":"Feature","id":"way/750528940-0-2-0","properties":{"highway":"service","lanes":"1","oneway":"yes","service":"parking_aisle"},"geometry":{"type":"LineString","coordinates":[[103.7784422,1.4406336],[103.7776997,1.4406323]]}},{"type":"Feature","id":"way/795600644-0-0-0","properties":{"highway":"service","lanes":"1","oneway":"yes","service":"driveway"},"geometry":{"type":"LineString","coordinates":[[103.7785949,1.4393426],[103.7785929,1.4393714]]}},{"type":"Feature","id":"way/795600644-0-1-0","properties":{"highway":"service","lanes":"1","oneway":"yes","service":"driveway"},"geometry":{"type":"LineString","coordinates":[[103.7785929,1.4393714],[103.7786056,1.4393955]]}},{"type":"Feature","id":"way/795600644-0-2-0","properties":{"highway":"service","lanes":"1","oneway":"yes","service":"driveway"},"geometry":{"type":"LineString","coordinates":[[103.7786056,1.4393955],[103.7786277,1.4394099]]}},{"type":"Feature","id":"way/795600644-0-3-0","properties":{"highway":"service","lanes":"1","oneway":"yes","service":"driveway"},"geometry":{"type":"LineString","coordinates":[[103.7786277,1.4394099],[103.7786536,1.4394136]]}},{"type":"Feature","id":"way/795600644-0-4-0","properties":{"highway":"service","lanes":"1","oneway":"yes","service":"driveway"},"geometry":{"type":"LineString","coordinates":[[103.7786536,1.4394136],[103.778678,1.4394089]]}},{"type":"Feature","id":"way/795600644-0-5-0","properties":{"highway":"service","lanes":"1","oneway":"yes","service":"driveway"},"geometry":{"type":"LineString","coordinates":[[103.778678,1.4394089],[103.7787032,1.4393945]]}},{"type":"Feature","id":"way/795600644-0-6-0","properties":{"highway":"service","lanes":"1","oneway":"yes","service":"driveway"},"geometry":{"type":"LineString","coordinates":[[103.7787032,1.4393945],[103.7787354,1.4393583]]}},{"type":"Feature","id":"way/795601187-0-0-0","properties":{"highway":"service","lanes":"1","oneway":"yes","service":"driveway","turn:lanes":"through"},"geometry":{"type":"LineString","coordinates":[[103.7786891,1.4392504],[103.7786056,1.4393198]]}},{"type":"Feature","id":"way/795601187-0-1-0","properties":{"highway":"service","lanes":"1","oneway":"yes","service":"driveway","turn:lanes":"through"},"geometry":{"type":"LineString","coordinates":[[103.7786056,1.4393198],[103.7785949,1.4393426]]}},{"type":"Feature","id":"way/800239149-0-0-0","properties":{"highway":"service","lanes":"2","lanes:backward":"1","lanes:forward":"1","service":"driveway","sidewalk":"both","turn:lanes:backward":"left"},"geometry":{"type":"LineString","coordinates":[[103.7765576,1.4387065],[103.7765511,1.4388297]]}},{"type":"Feature","id":"way/800253200-0-0-0","properties":{"highway":"service","lanes":"2","lanes:backward":"1","lanes:forward":"1","service":"parking_aisle","turn:lanes:backward":"through","turn:lanes:forward":"through"},"geometry":{"type":"LineString","coordinates":[[103.7772328,1.4379333],[103.7775601,1.4379333]]}},{"type":"Feature","id":"way/800253201-0-0-0","properties":{"highway":"service","lanes":"2","lanes:backward":"1","lanes:forward":"1","service":"parking_aisle","turn:lanes:backward":"through","turn:lanes:forward":"left;right"},"geometry":{"type":"LineString","coordinates":[[103.7773481,1.4372078],[103.7775926,1.4372052]]}},{"type":"Feature","id":"way/800253202-0-0-0","properties":{"highway":"service","lanes":"2","lanes:backward":"1","lanes:forward":"1","service":"parking_aisle"},"geometry":{"type":"LineString","coordinates":[[103.7771057,1.4368364],[103.7769468,1.4368392]]}},{"type":"Feature","id":"way/800253202-0-1-0","properties":{"highway":"service","lanes":"2","lanes:backward":"1","lanes:forward":"1","service":"parking_aisle"},"geometry":{"type":"LineString","coordinates":[[103.7769468,1.4368392],[103.776919,1.4368352]]}},{"type":"Feature","id":"way/800256338-0-0-0","properties":{"highway":"service","lanes":"1","oneway":"yes","service":"driveway","sidewalk":"left","turn:lanes":"through"},"geometry":{"type":"LineString","coordinates":[[103.7770902,1.440312],[103.7770687,1.4402489]]}},{"type":"Feature","id":"way/800256338-0-1-0","properties":{"highway":"service","lanes":"1","oneway":"yes","service":"driveway","sidewalk":"left","turn:lanes":"through"},"geometry":{"type":"LineString","coordinates":[[103.7770687,1.4402489],[103.7770392,1.4402059]]}},{"type":"Feature","id":"way/800256338-0-2-0","properties":{"highway":"service","lanes":"1","oneway":"yes","service":"driveway","sidewalk":"left","turn:lanes":"through"},"geometry":{"type":"LineString","coordinates":[[103.7770392,1.4402059],[103.7770198,1.4401758]]}},{"type":"Feature","id":"way/800256339-0-0-0","properties":{"highway":"service","lanes":"1","oneway":"yes","service":"driveway","sidewalk":"right"},"geometry":{"type":"LineString","coordinates":[[103.7770902,1.440312],[103.7770513,1.4403072]]}},{"type":"Feature","id":"way/800256339-0-1-0","properties":{"highway":"service","lanes":"1","oneway":"yes","service":"driveway","sidewalk":"right"},"geometry":{"type":"LineString","coordinates":[[103.7770513,1.4403072],[103.7770184,1.4403085]]}},{"type":"Feature","id":"way/800256339-0-2-0","properties":{"highway":"service","lanes":"1","oneway":"yes","service":"driveway","sidewalk":"right"},"geometry":{"type":"LineString","coordinates":[[103.7770184,1.4403085],[103.7769916,1.4403139]]}},{"type":"Feature","id":"way/800256340-0-0-0","properties":{"highway":"service","lanes":"1","oneway":"yes","service":"driveway"},"geometry":{"type":"LineString","coordinates":[[103.7770198,1.4401758],[103.7770137,1.4402187]]}},{"type":"Feature","id":"way/800256340-0-1-0","properties":{"highway":"service","lanes":"1","oneway":"yes","service":"driveway"},"geometry":{"type":"LineString","coordinates":[[103.7770137,1.4402187],[103.7770057,1.4402603]]}},{"type":"Feature","id":"way/800256340-0-2-0","properties":{"highway":"service","lanes":"1","oneway":"yes","service":"driveway"},"geometry":{"type":"LineString","coordinates":[[103.7770057,1.4402603],[103.777001,1.4402857]]}},{"type":"Feature","id":"way/800256340-0-3-0","properties":{"highway":"service","lanes":"1","oneway":"yes","service":"driveway"},"geometry":{"type":"LineString","coordinates":[[103.777001,1.4402857],[103.7769916,1.4403139]]}},{"type":"Feature","id":"way/800256341-0-0-0","properties":{"highway":"service","lanes":"1","oneway":"yes","service":"driveway","sidewalk":"both","turn:lanes":"left;through"},"geometry":{"type":"LineString","coordinates":[[103.7769916,1.4403139],[103.7768514,1.4404084]]}},{"type":"Feature","id":"way/1167545508-0-0-0","properties":{"highway":"service"},"geometry":{"type":"LineString","coordinates":[[103.7782777,1.4411733],[103.7782804,1.440787]]}},{"type":"Feature","id":"way/1167545510-0-0-0","properties":{"highway":"service","lanes":"1","oneway":"yes","service":"parking_aisle"},"geometry":{"type":"LineString","coordinates":[[103.779219,1.441283],[103.7789761,1.4410877]]}},{"type":"Feature","id":"way/1167545514-0-0-0","properties":{"highway":"service","lanes":"2","lanes:backward":"1","lanes:forward":"1","service":"driveway"},"geometry":{"type":"LineString","coordinates":[[103.7787354,1.4393583],[103.7786891,1.4392504]]}},{"type":"Feature","id":"way/1167545515-0-0-0","properties":{"highway":"service","lanes":"2","lanes:backward":"1","lanes:forward":"1","service":"driveway"},"geometry":{"type":"LineString","coordinates":[[103.7787354,1.4393583],[103.7787578,1.4393986]]}},{"type":"Feature","id":"way/1167545606-0-0-0","properties":{"highway":"service","oneway":"yes","service":"driveway"},"geometry":{"type":"LineString","coordinates":[[103.778104,1.4388592],[103.7781664,1.4388599]]}},{"type":"Feature","id":"way/1167545606-0-1-0","properties":{"highway":"service","oneway":"yes","service":"driveway"},"geometry":{"type":"LineString","coordinates":[[103.7781664,1.4388599],[103.7783448,1.4388626]]}},{"type":"Feature","id":"way/1167545606-0-2-0","properties":{"highway":"service","oneway":"yes","service":"driveway"},"geometry":{"type":"LineString","coordinates":[[103.7783448,1.4388626],[103.7784178,1.4388786]]}},{"type":"Feature","id":"way/1167545634-0-0-0","properties":{"highway":"service","service":"driveway"},"geometry":{"type":"LineString","coordinates":[[103.7751772,1.4379278],[103.7752628,1.437928]]}},{"type":"Feature","id":"way/1167545635-0-0-0","properties":{"highway":"service","service":"driveway"},"geometry":{"type":"LineString","coordinates":[[103.7752648,1.4370882],[103.7751792,1.437088]]}},{"type":"Feature","id":"way/1167545638-0-11-0","properties":{"highway":"service","service":"driveway"},"geometry":{"type":"LineString","coordinates":[[103.775244,1.4367126],[103.7752657,1.4367753]]}},{"type":"Feature","id":"way/1167545638-0-12-0","properties":{"highway":"service","service":"driveway"},"geometry":{"type":"LineString","coordinates":[[103.7752657,1.4367753],[103.7752648,1.4370882]]}},{"type":"Feature","id":"way/1167545638-0-13-0","properties":{"highway":"service","service":"driveway"},"geometry":{"type":"LineString","coordinates":[[103.7752648,1.4370882],[103.7752628,1.437928]]}},{"type":"Feature","id":"way/1167545638-0-14-0","properties":{"highway":"service","service":"driveway"},"geometry":{"type":"LineString","coordinates":[[103.7752628,1.437928],[103.7752588,1.4379966]]}},{"type":"Feature","id":"way/1167545638-0-15-0","properties":{"highway":"service","service":"driveway"},"geometry":{"type":"LineString","coordinates":[[103.7752588,1.4379966],[103.7752195,1.4380501]]}},{"type":"Feature","id":"way/1167545638-0-16-0","properties":{"highway":"service","service":"driveway"},"geometry":{"type":"LineString","coordinates":[[103.7752195,1.4380501],[103.7751818,1.4380647]]}},{"type":"Feature","id":"way/1167545638-0-17-0","properties":{"highway":"service","service":"driveway"},"geometry":{"type":"LineString","coordinates":[[103.7751818,1.4380647],[103.7751548,1.4380922]]}},{"type":"Feature","id":"way/1167545638-0-18-0","properties":{"highway":"service","service":"driveway"},"geometry":{"type":"LineString","coordinates":[[103.7751548,1.4380922],[103.7751505,1.4383512]]}},{"type":"Feature","id":"way/1167545638-0-19-0","properties":{"highway":"service","service":"driveway"},"geometry":{"type":"LineString","coordinates":[[103.7751505,1.4383512],[103.775124,1.4383883]]}},{"type":"Feature","id":"way/1167545638-0-20-0","properties":{"highway":"service","service":"driveway"},"geometry":{"type":"LineString","coordinates":[[103.775124,1.4383883],[103.7750896,1.4384152]]}},{"type":"Feature","id":"way/1167545638-0-21-0","properties":{"highway":"service","service":"driveway"},"geometry":{"type":"LineString","coordinates":[[103.7750896,1.4384152],[103.7748515,1.4384078]]}},{"type":"Feature","id":"way/1167545638-0-22-0","properties":{"highway":"service","service":"driveway"},"geometry":{"type":"LineString","coordinates":[[103.7748515,1.4384078],[103.7744896,1.4383966]]}},{"type":"Feature","id":"way/1442501162-0-0-0","properties":{"highway":"service","oneway":"yes"},"geometry":{"type":"LineString","coordinates":[[103.7775447,1.4401531],[103.7775659,1.4402032]]}}]}