{"type":"FeatureCollection","features":[{"type":"Feature","id":"way/104147231-0","properties":{"building":"sports_centre","building:levels":"2"},"geometry":{"type":"Polygon","coordinates":[[[103.7649089,1.3113744],[103.765098,1.3111847],[103.7647421,1.3108302],[103.7645531,1.3110199],[103.7649089,1.3113744]]]}},{"type":"Feature","id":"way/104147233-0","properties":{"addr:city":"Singapore","addr:housenumber":"3150","addr:postcode":"129580","addr:street":"Commonwealth Avenue West","building":"train_station"},"geometry":{"type":"Polygon","coordinates":[[[103.765008,1.3153734],[103.7648829,1.3156438],[103.7650586,1.3157243],[103.7651836,1.3154475],[103.7655602,1.3145645],[103.7654733,1.3145266],[103.7653907,1.3144906],[103.765008,1.3153734]]]}},{"type":"Feature","id":"way/118994815-0","properties":{"addr:city":"Singapore","addr:country":"SG","addr:housename":"The Clementi Mall","addr:housenumber":"3155","addr:postcode":"129588","addr:street":"Commonwealth Avenue West","building":"yes","building:levels":"5","layer":"1","name":"The Clementi Mall","name:zh":"\u91d1\u6587\u6cf0\u5e7f\u573a","shop":"mall","source":"HDB"},"geometry":{"type":"Polygon","coordinates":[[[103.7636133,1.3145982],[103.7636704,1.3147793],[103.7638369,1.3146584],[103.764047,1.3149484],[103.7640653,1.3149705],[103.7640927,1.3149922],[103.7644552,1.3151907],[103.7643965,1.315297],[103.7643368,1.3154051],[103.76429,1.3154898],[103.7643526,1.3155357],[103.764479,1.3156373],[103.7645202,1.3156499],[103.7645548,1.3156548],[103.7645917,1.3156528],[103.7646243,1.3156421],[103.7646516,1.3156257],[103.764671,1.3156043],[103.7646782,1.3155797],[103.7646828,1.3155556],[103.7646825,1.3155207],[103.7646744,1.3154863],[103.764654,1.3154436],[103.7647021,1.3153357],[103.7647365,1.3152587],[103.7648017,1.3151126],[103.7648147,1.3150836],[103.7648495,1.3150051],[103.7648712,1.3149563],[103.764695,1.3148704],[103.7645419,1.3147958],[103.7645062,1.3148694],[103.7644888,1.3148611],[103.76447,1.314852],[103.7643617,1.3148001],[103.764298,1.3147695],[103.7643232,1.314752],[103.7642965,1.3147137],[103.7642873,1.3147005],[103.7642786,1.314688],[103.7641061,1.3144407],[103.7640569,1.3144752],[103.7640434,1.3144565],[103.7640317,1.3144405],[103.763967,1.3143513],[103.7638915,1.3144047],[103.7638548,1.3144306],[103.76384,1.3143962],[103.7638225,1.3143643],[103.763806,1.3143446],[103.7637863,1.3143281],[103.7637645,1.3143165],[103.763739,1.3143098],[103.7637223,1.3143085],[103.7637018,1.3143107],[103.7636793,1.3143165],[103.7636585,1.3143259],[103.7636371,1.3143408],[103.7636193,1.3143587],[103.7636055,1.3143859],[103.7635972,1.314417],[103.7635951,1.3144485],[103.7635988,1.3144714],[103.7636062,1.3144948],[103.763621,1.3145163],[103.7636451,1.3145391],[103.7636719,1.3145551],[103.7636133,1.3145982]]]}},{"type":"Feature","id":"way/118994826-0","properties":{"addr:city":"Singapore","addr:country":"SG","addr:housenumber":"427","addr:postcode":"120427","addr:street":"Clementi Avenue 3","building":"residential","building:levels":"12","residential":"HDB","roof:colour":"black","source":"Bing"},"geometry":{"type":"Polygon","coordinates":[[[103.7636017,1.3120061],[103.7636017,1.3120273],[103.7636272,1.3120273],[103.7636271,1.3120105],[103.7639638,1.3120101],[103.7639638,1.312021],[103.7640261,1.3120209],[103.7640261,1.3120092],[103.7640426,1.3120092],[103.7642699,1.3120089],[103.7642698,1.3119382],[103.7642528,1.3119382],[103.7642528,1.3118963],[103.764239,1.3118963],[103.764239,1.3118683],[103.7640596,1.3118685],[103.763653,1.311869],[103.763653,1.3118952],[103.7636181,1.3118953],[103.7636181,1.3118683],[103.7633955,1.3118686],[103.7633955,1.3118963],[103.7633787,1.3118963],[103.7633787,1.3119315],[103.7633559,1.3119315],[103.763356,1.3120064],[103.7636017,1.3120061]]]}},{"type":"Feature","id":"way/118994828-0","properties":{"addr:city":"Singapore","addr:country":"SG","addr:housenumber":"428","addr:postcode":"120428","addr:street":"Clementi Avenue 3","building":"residential","building:levels":"12","residential":"HDB","source":"Bing"},"geometry":{"type":"Polygon","coordinates":[[[103.7630938,1.3125855],[103.7630937,1.3125577],[103.7631352,1.3125575],[103.7631353,1.3125853],[103.7631476,1.3125852],[103.7634666,1.3125841],[103.7634665,1.3125597],[103.7635017,1.3125596],[103.7635018,1.3125833],[103.7637207,1.3125825],[103.7637206,1.3125583],[103.7637362,1.3125582],[103.763736,1.3125198],[103.7637593,1.3125197],[103.7637591,1.3124644],[103.763759,1.3124452],[103.7634974,1.3124461],[103.7634973,1.3124194],[103.7634672,1.3124196],[103.7634673,1.312446],[103.7631145,1.3124473],[103.7631145,1.3124261],[103.7630528,1.3124263],[103.7630529,1.312447],[103.7628489,1.3124477],[103.7628492,1.3125184],[103.762863,1.3125184],[103.7628631,1.312559],[103.7628804,1.3125589],[103.7628805,1.3125863],[103.7630938,1.3125855]]]}},{"type":"Feature","id":"way/119879838-0","properties":{"addr:city":"Singapore","addr:country":"SG","addr:housenumber":"445A","addr:postcode":"121445","addr:street":"Clementi Avenue 3","building":"residential","building:levels":"40","residential":"HDB","source":"HDB"},"geometry":{"type":"Polygon","coordinates":[[[103.7641766,1.3128307],[103.7641252,1.3128093],[103.7640956,1.3128802],[103.7640275,1.3128519],[103.764007,1.3129011],[103.7640006,1.3129166],[103.7641599,1.312983],[103.7641551,1.3129946],[103.7641736,1.3130023],[103.7641631,1.3130275],[103.7641763,1.313033],[103.7641669,1.3130555],[103.7642134,1.3130749],[103.764316,1.3128331],[103.7642762,1.3128146],[103.7642668,1.3128369],[103.7642529,1.3128299],[103.7642411,1.3128557],[103.7641925,1.312836],[103.764214,1.3127907],[103.7642065,1.312778],[103.7642488,1.3127535],[103.7642545,1.3127646],[103.7642992,1.3127399],[103.7642955,1.3127336],[103.7642745,1.3126983],[103.7643037,1.3126813],[103.7642867,1.3126522],[103.7642743,1.3126308],[103.764075,1.3127468],[103.7641049,1.3127981],[103.7641384,1.3127786],[103.7641484,1.3127957],[103.7641851,1.3127743],[103.7641939,1.3127892],[103.7641766,1.3128307]]]}},{"type":"Feature","id":"way/119879841-0","properties":{"addr:city":"Singapore","addr:country":"SG","addr:housenumber":"448","addr:postcode":"120448","addr:street":"Clementi Avenue 3","building":"yes","building:levels":"2","roof:colour":"#945752","roof:material":"roof_tiles","smoking":"no"},"geometry":{"type":"Polygon","coordinates":[[[103.7642448,1.3134394],[103.764249,1.3134539],[103.7642676,1.3135172],[103.764271,1.3135291],[103.7643627,1.3135715],[103.764378,1.3135788],[103.7643931,1.313586],[103.7645223,1.3136466],[103.7646324,1.313613],[103.7646993,1.3134667],[103.7647099,1.3134434],[103.7647201,1.3134209],[103.7647631,1.3133268],[103.7647276,1.3132337],[103.7646922,1.3132175],[103.7647547,1.3130869],[103.76475,1.3130847],[103.7647387,1.3130794],[103.7647281,1.3130745],[103.7645944,1.3130121],[103.7646296,1.3129364],[103.7644502,1.3128522],[103.76435,1.31306],[103.7643723,1.3130704],[103.7643141,1.3131935],[103.7643401,1.3132055],[103.7643184,1.3132524],[103.7642397,1.3134222],[103.7642448,1.3134394]]]}},{"type":"Feature","id":"way/119879842-0","properties":{"addr:city":"Singapore","addr:housenumber":"3151","addr:postcode":"129581","addr:street":"Commonwealth Avenue West","building":"yes","building:levels":"4","name":"Grantral Mall @ Clementi","name:en":"Grantral Mall @ Clementi","name:zh":"\u541b\u8d85\u5e7f\u573a","shop":"mall"},"geometry":{"type":"Polygon","coordinates":[[[103.7650272,1.3144908],[103.7650547,1.3145033],[103.7650795,1.3145145],[103.7651727,1.3145563],[103.76536,1.3141537],[103.7652522,1.314105],[103.7652415,1.3141002],[103.7651824,1.3140735],[103.7650997,1.3140362],[103.7650751,1.3140902],[103.7649157,1.3144408],[103.7650272,1.3144908]]]}},{"type":"Feature","id":"way/119879843-0","properties":{"addr:city":"Singapore","addr:country":"SG","addr:housenumber":"450","addr:postcode":"120450","addr:street":"Clementi Avenue 3","building":"residential","building:levels":"4","residential":"HDB"},"geometry":{"type":"Polygon","coordinates":[[[103.7652873,1.3140245],[103.7653755,1.3138237],[103.7653978,1.313834],[103.7654098,1.3138082],[103.7653871,1.3137973],[103.7654005,1.3137667],[103.7654355,1.3136869],[103.7655,1.3135401],[103.7655213,1.3134917],[103.7655434,1.3135022],[103.7655535,1.3134789],[103.7655314,1.3134686],[103.76561,1.3132897],[103.7656398,1.3133105],[103.7656576,1.313287],[103.7656301,1.3132642],[103.765646,1.3132498],[103.7658098,1.3131018],[103.7658026,1.3130939],[103.7657956,1.3130864],[103.765729,1.3130141],[103.7657143,1.313028],[103.7656938,1.3130064],[103.7655258,1.313159],[103.7655484,1.3131839],[103.7655258,1.3132052],[103.7655101,1.3132421],[103.7654916,1.3132333],[103.7654112,1.3134077],[103.765437,1.3134197],[103.7654209,1.3134569],[103.765394,1.3134451],[103.7652569,1.3137425],[103.7652827,1.3137536],[103.7652677,1.3137871],[103.7652419,1.3137752],[103.7651401,1.3139962],[103.7651616,1.3140064],[103.7651561,1.3140188],[103.7651982,1.3140374],[103.7652584,1.3140641],[103.765268,1.3140684],[103.7652873,1.3140245]]]}},{"type":"Feature","id":"way/119879844-0","properties":{"addr:city":"Singapore","addr:country":"SG","addr:housenumber":"447","addr:postcode":"120447","addr:street":"Clementi Avenue 3","building":"residential","building:levels":"4","residential":"HDB"},"geometry":{"type":"Polygon","coordinates":[[[103.7648264,1.3129371],[103.7650069,1.3127574],[103.7650053,1.3127558],[103.7650016,1.312752],[103.7649975,1.3127478],[103.7649139,1.3126618],[103.7649042,1.3126708],[103.7648888,1.312685],[103.7648673,1.3126663],[103.7647265,1.312805],[103.7647443,1.3128201],[103.7647175,1.3128462],[103.764698,1.3128844],[103.7646774,1.3128747],[103.7646525,1.3129252],[103.76464,1.3129504],[103.7646742,1.3129665],[103.7646533,1.3130096],[103.7647396,1.31305],[103.7647503,1.3130551],[103.7647612,1.3130602],[103.7647663,1.3130626],[103.7648264,1.3129371]]]}},{"type":"Feature","id":"way/119879847-0","properties":{"addr:city":"Singapore","addr:country":"SG","addr:housenumber":"449","addr:postcode":"120449","addr:street":"Clementi Avenue 3","building":"residential","building:levels":"4","residential":"HDB"},"geometry":{"type":"Polygon","coordinates":[[[103.7648951,1.3141289],[103.7648629,1.3140453],[103.7648385,1.3140547],[103.7648217,1.3140116],[103.7648464,1.3140025],[103.7647821,1.3138354],[103.7647914,1.3138149],[103.7647662,1.3138033],[103.7647822,1.313768],[103.7648072,1.3137802],[103.7649842,1.313391],[103.764961,1.3133802],[103.7649798,1.3133389],[103.7650029,1.3133497],[103.7651622,1.3129994],[103.7651391,1.3129912],[103.7651511,1.3129653],[103.7651672,1.3129451],[103.7651931,1.3129702],[103.7653486,1.3128229],[103.7652543,1.3127231],[103.7652478,1.312716],[103.7650737,1.3128831],[103.7650548,1.3128633],[103.7650377,1.3128812],[103.7650563,1.3128998],[103.7648662,1.3132952],[103.7648437,1.3132848],[103.7648313,1.3133106],[103.7648539,1.3133208],[103.7647902,1.3134532],[103.76478,1.3134754],[103.7647692,1.3134989],[103.7646672,1.3137229],[103.7646449,1.3137127],[103.7646343,1.3137353],[103.7646568,1.3137456],[103.7646138,1.3138401],[103.7646834,1.3140392],[103.7646952,1.3140731],[103.7647058,1.3141034],[103.7647499,1.3142296],[103.7649231,1.3143087],[103.7649273,1.3142993],[103.7649857,1.314168],[103.7648951,1.3141289]]]}},{"type":"Feature","id":"way/119879884-0","properties":{"addr:city":"Singapore","addr:country":"SG","addr:housenumber":"442","addr:postcode":"120442","addr:street":"Clementi Avenue 3","building":"residential","building:levels":"4","residential":"HDB","roof:colour":"#945752","roof:material":"roof_tiles"},"geometry":{"type":"Polygon","coordinates":[[[103.7642672,1.3138192],[103.7642799,1.3137904],[103.7643232,1.3138112],[103.7643135,1.3138324],[103.7644482,1.3141999],[103.76447,1.3141928],[103.7644878,1.3142434],[103.7644667,1.3142506],[103.7645093,1.3143668],[103.7644283,1.3145314],[103.7643102,1.3146148],[103.7643012,1.3146211],[103.7643244,1.3146558],[103.7643337,1.3146698],[103.764342,1.3146823],[103.7643824,1.3147428],[103.7645412,1.3146366],[103.764675,1.3143504],[103.7646021,1.3141421],[103.7645903,1.3141105],[103.7645783,1.3140784],[103.7644579,1.3137335],[103.7643665,1.3136905],[103.7643538,1.3136845],[103.7643391,1.3136776],[103.7643349,1.3136756],[103.7643475,1.3136498],[103.7643235,1.3136382],[103.7643116,1.3136646],[103.7642847,1.313652],[103.7641526,1.3135898],[103.7641284,1.3136441],[103.7640971,1.3137114],[103.7640861,1.3137351],[103.7642672,1.3138192]]]}},{"type":"Feature","id":"way/119879885-0","properties":{"addr:city":"Singapore","addr:country":"SG","addr:housenumber":"443","addr:postcode":"120443","addr:street":"Clementi Avenue 3","building":"residential","building:levels":"4","residential":"HDB","roof:colour":"#945752","roof:material":"roof_tiles"},"geometry":{"type":"Polygon","coordinates":[[[103.7642786,1.31457],[103.7643875,1.3144956],[103.7642221,1.3142646],[103.7641338,1.3142216],[103.7641446,1.3141977],[103.763963,1.3141128],[103.7639553,1.3141348],[103.7639212,1.3141182],[103.7638825,1.3141188],[103.7638827,1.3140997],[103.7636934,1.3140967],[103.7636926,1.3140853],[103.763747,1.314086],[103.7637468,1.3140522],[103.7637796,1.3140519],[103.7637797,1.3139297],[103.763746,1.3139303],[103.7637459,1.3139151],[103.7637459,1.3139046],[103.7636369,1.3139045],[103.7636364,1.3140666],[103.763636,1.3142128],[103.7636359,1.3142358],[103.763839,1.314237],[103.7638901,1.3142373],[103.7639854,1.3142824],[103.7640043,1.3142914],[103.7640757,1.3143252],[103.7640962,1.3143349],[103.7642637,1.3145802],[103.7642786,1.31457]]]}},{"type":"Feature","id":"way/119879886-0","properties":{"addr:city":"Singapore","addr:country":"SG","addr:housename":"Clementi Crest","addr:housenumber":"445","addr:postcode":"120445","addr:street":"Clementi Avenue 3","amenity":"parking","building":"yes","building:levels":"8","parking":"multi-storey","source":"HDB"},"geometry":{"type":"Polygon","coordinates":[[[103.7636764,1.313644],[103.7639312,1.3136425],[103.763973,1.3136423],[103.7640126,1.3135523],[103.7640432,1.3134834],[103.7640627,1.3134934],[103.7641726,1.3132508],[103.7641518,1.3132423],[103.7641601,1.3132244],[103.7641695,1.313204],[103.7641777,1.3131862],[103.7641807,1.3131797],[103.7641305,1.3131562],[103.7638946,1.3130486],[103.7638529,1.3130296],[103.7638417,1.3130245],[103.7638353,1.3130385],[103.763661,1.31342],[103.7636127,1.3134197],[103.7636121,1.3136444],[103.7636764,1.313644]]]}},{"type":"Feature","id":"way/173551097-0","properties":{"addr:city":"Singapore","addr:country":"SG","addr:housenumber":"426","addr:postcode":"120426","addr:street":"Clementi Avenue 3","building":"residential","building:levels":"12","residential":"HDB","source":"Bing"},"geometry":{"type":"Polygon","coordinates":[[[103.7638143,1.3115138],[103.7638136,1.3115754],[103.7638282,1.3115756],[103.7638278,1.3116082],[103.7638476,1.3116085],[103.7638473,1.3116343],[103.7640591,1.3116367],[103.7640595,1.3116082],[103.7640883,1.3116085],[103.764088,1.3116343],[103.7640959,1.3116344],[103.7644273,1.3116382],[103.7644276,1.3116115],[103.7644618,1.3116119],[103.7644615,1.3116412],[103.7646868,1.3116438],[103.764687,1.3116318],[103.7646871,1.3116217],[103.7647021,1.3116218],[103.7647026,1.3115767],[103.7647214,1.3115769],[103.7647222,1.3115047],[103.7644434,1.3115015],[103.7644437,1.311471],[103.7644203,1.3114708],[103.7644199,1.3115037],[103.76408,1.3114998],[103.7640802,1.3114807],[103.7640132,1.3114799],[103.764013,1.3114996],[103.7638145,1.3114973],[103.7638143,1.3115138]]]}},{"type":"Feature","id":"way/173551098-0","properties":{"addr:city":"Singapore","addr:country":"SG","addr:housenumber":"429","addr:postcode":"120429","addr:street":"Clementi Avenue 3","building":"residential","building:levels":"12","residential":"HDB","source":"Bing"},"geometry":{"type":"Polygon","coordinates":[[[103.7626967,1.312947],[103.7626968,1.3129707],[103.762731,1.3129704],[103.7627309,1.3129469],[103.7630521,1.3129446],[103.7630522,1.3129607],[103.7631099,1.3129603],[103.7631098,1.3129436],[103.7632964,1.3129422],[103.7633582,1.3129418],[103.7633577,1.3128732],[103.7633299,1.3128734],[103.7633296,1.3128351],[103.7633131,1.3128352],[103.7633129,1.3128055],[103.7631192,1.3128069],[103.7630987,1.312807],[103.7630988,1.3128283],[103.7630683,1.3128285],[103.7630682,1.3128058],[103.7627329,1.3128082],[103.762733,1.3128324],[103.7627029,1.3128326],[103.7627027,1.3128075],[103.7624861,1.3128091],[103.7624863,1.3128384],[103.76247,1.3128385],[103.7624702,1.3128719],[103.7624511,1.3128721],[103.7624516,1.3129488],[103.7626967,1.312947]]]}},{"type":"Feature","id":"way/173551099-0","properties":{"addr:city":"Singapore","addr:country":"SG","addr:housenumber":"430","addr:postcode":"120430","addr:street":"Clementi Avenue 3","building":"residential","building:levels":"12","residential":"HDB","source":"Bing"},"geometry":{"type":"Polygon","coordinates":[[[103.7621939,1.3132447],[103.7621935,1.3133066],[103.7622123,1.3133067],[103.762212,1.3133527],[103.7622326,1.3133529],[103.7622324,1.3133821],[103.763027,1.3133875],[103.7630273,1.3133552],[103.7630362,1.3133552],[103.7630365,1.3133108],[103.7630505,1.3133109],[103.763051,1.3132351],[103.7630327,1.313235],[103.7628094,1.3132335],[103.7628096,1.3132029],[103.7627878,1.3132028],[103.7627876,1.3132349],[103.7624547,1.3132326],[103.7624549,1.3132097],[103.7624095,1.3132094],[103.7624094,1.3132338],[103.762194,1.3132323],[103.7621939,1.3132447]]]}},{"type":"Feature","id":"way/173551100-0","properties":{"addr:city":"Singapore","addr:country":"SG","addr:housenumber":"431","addr:postcode":"120431","addr:street":"Clementi Avenue 3","building":"residential","building:levels":"4","residential":"HDB","source":"Bing"},"geometry":{"type":"Polygon","coordinates":[[[103.7630406,1.3136044],[103.7629656,1.3136038],[103.7629654,1.3136244],[103.7628348,1.3136235],[103.7627622,1.3136943],[103.7623787,1.3136917],[103.7623319,1.3136912],[103.7622873,1.3136911],[103.7620168,1.3136899],[103.7619913,1.3136631],[103.7619907,1.3134934],[103.7620128,1.3134693],[103.7620953,1.3134693],[103.7620959,1.3134505],[103.7621094,1.3134505],[103.7621127,1.3133259],[103.7620993,1.313326],[103.7619457,1.3133272],[103.761905,1.3133636],[103.7618948,1.3133728],[103.7618673,1.3133453],[103.7618485,1.3133627],[103.7618753,1.3133922],[103.7618378,1.3134264],[103.7618415,1.3136255],[103.7618432,1.3137178],[103.7618713,1.3137462],[103.7618498,1.3137703],[103.7618706,1.3137884],[103.7618928,1.3137656],[103.76195,1.3138153],[103.7622869,1.3138174],[103.7623317,1.3138176],[103.7623779,1.313818],[103.7625573,1.3138192],[103.7625579,1.3138481],[103.7625868,1.3138481],[103.7625861,1.3138193],[103.7628169,1.3138208],[103.7629121,1.3137269],[103.7630916,1.3137264],[103.7632904,1.3135251],[103.7633117,1.3135035],[103.7633123,1.3134526],[103.7633324,1.3134526],[103.7633324,1.3134224],[103.7633126,1.3134225],[103.7633145,1.3132572],[103.763315,1.3132165],[103.7633005,1.3132168],[103.7631762,1.3132189],[103.7631786,1.31347],[103.7630406,1.3136044]]]}},{"type":"Feature","id":"way/173551101-0","properties":{"addr:city":"Singapore","addr:country":"SG","addr:housenumber":"432","addr:postcode":"120432","addr:street":"Clementi Avenue 3","building":"residential","building:levels":"13","residential":"HDB","source":"Bing"},"geometry":{"type":"Polygon","coordinates":[[[103.7623944,1.3139688],[103.7623932,1.3140696],[103.7624118,1.3140696],[103.7624118,1.3140849],[103.7626505,1.3140852],[103.7626505,1.3140706],[103.762683,1.3140707],[103.762683,1.3140845],[103.7630035,1.3140849],[103.7630035,1.3140619],[103.7630354,1.3140619],[103.7630354,1.3140847],[103.7631329,1.3140848],[103.763133,1.3140555],[103.7631483,1.3140556],[103.7631484,1.3140133],[103.7631661,1.3140133],[103.7631668,1.3139687],[103.7631662,1.3139533],[103.7630199,1.3139536],[103.76302,1.3139267],[103.7629945,1.3139267],[103.7629945,1.3139537],[103.7626582,1.3139545],[103.7626582,1.3139275],[103.7626002,1.3139276],[103.7626002,1.3139546],[103.7623946,1.3139534],[103.7623944,1.3139688]]]}},{"type":"Feature","id":"way/173551102-0","properties":{"addr:city":"Singapore","addr:country":"SG","addr:housenumber":"433","addr:postcode":"120433","addr:street":"Clementi Avenue 3","building":"residential","building:levels":"13","residential":"HDB","source":"Bing"},"geometry":{"type":"Polygon","coordinates":[[[103.761459,1.3139627],[103.761459,1.31402],[103.7614675,1.3140201],[103.7614671,1.3140562],[103.7614812,1.3140563],[103.7614809,1.3140818],[103.7617015,1.3140843],[103.7617018,1.3140624],[103.761736,1.3140628],[103.7617357,1.3140838],[103.7620858,1.3140877],[103.762086,1.3140654],[103.7621179,1.3140658],[103.7621176,1.3140901],[103.7622333,1.3140914],[103.7622335,1.3140739],[103.7622462,1.3140741],[103.7622468,1.3140239],[103.7622679,1.3140242],[103.7622685,1.3139681],[103.7622687,1.3139516],[103.7621021,1.3139503],[103.7621025,1.3139201],[103.7620746,1.3139198],[103.7620743,1.3139501],[103.7616995,1.3139473],[103.7616998,1.3139171],[103.7616492,1.3139167],[103.7616489,1.3139469],[103.761477,1.3139457],[103.761459,1.3139456],[103.761459,1.3139627]]]}},{"type":"Feature","id":"way/173551103-0","properties":{"addr:city":"Singapore","addr:country":"SG","addr:housenumber":"434","addr:postcode":"120434","addr:street":"Clementi Avenue 3","building":"residential","building:levels":"13","residential":"HDB","source":"Bing"},"geometry":{"type":"Polygon","coordinates":[[[103.7614254,1.314612],[103.7614254,1.3146338],[103.7614529,1.3146337],[103.7614529,1.3146136],[103.7617851,1.3146124],[103.7617851,1.3146205],[103.7618512,1.3146202],[103.7618512,1.3146109],[103.7620725,1.3146101],[103.7621018,1.31461],[103.7621015,1.3145419],[103.7620737,1.314542],[103.7620735,1.3144735],[103.7618387,1.3144743],[103.7618388,1.3144978],[103.761809,1.3144979],[103.7618089,1.3144713],[103.7614686,1.3144726],[103.7614687,1.3144955],[103.7614368,1.3144956],[103.7614367,1.3144701],[103.7613218,1.3144706],[103.7613219,1.314495],[103.761308,1.3144951],[103.7613081,1.3145392],[103.7612963,1.3145393],[103.7612965,1.3145915],[103.7612966,1.3146124],[103.7614254,1.314612]]]}},{"type":"Feature","id":"way/173551104-0","properties":{"addr:city":"Singapore","addr:country":"SG","addr:housenumber":"435","addr:postcode":"120435","addr:street":"Clementi Avenue 3","building":"residential","building:levels":"13","residential":"HDB","source":"Bing"},"geometry":{"type":"Polygon","coordinates":[[[103.7622227,1.3146076],[103.7623125,1.3146075],[103.7623126,1.3146331],[103.7623347,1.3146331],[103.7623346,1.3146089],[103.7626974,1.3146083],[103.7626974,1.3146184],[103.7627511,1.3146183],[103.7627511,1.3146061],[103.7628834,1.3146071],[103.7629734,1.3146057],[103.7629733,1.3145359],[103.762958,1.3145359],[103.7629579,1.3145171],[103.7629579,1.3144997],[103.7629459,1.3144997],[103.7629458,1.3144707],[103.7627279,1.314471],[103.762728,1.3144923],[103.7627025,1.3144923],[103.7627024,1.3144706],[103.7623554,1.3144711],[103.7623555,1.314493],[103.7623236,1.314493],[103.7623236,1.3144714],[103.7622149,1.3144716],[103.762215,1.3145017],[103.7622005,1.3145017],[103.7622006,1.3145386],[103.7621918,1.3145386],[103.7621919,1.3146077],[103.7622227,1.3146076]]]}},{"type":"Feature","id":"way/173551161-0","properties":{"building":"yes","building:levels":"2","source":"Bing"},"geometry":{"type":"Polygon","coordinates":[[[103.7640958,1.3140406],[103.7641487,1.313929],[103.7639996,1.3138584],[103.7639467,1.31397],[103.7640958,1.3140406]]]}},{"type":"Feature","id":"way/173552215-0","properties":{"addr:city":"Singapore","addr:country":"SG","addr:housenumber":"508","addr:postcode":"120508","addr:street":"West Coast Drive","building":"residential","building:levels":"14","residential":"HDB"},"geometry":{"type":"Polygon","coordinates":[[[103.7617271,1.3117532],[103.7617342,1.3117701],[103.7617847,1.3117491],[103.761778,1.3117333],[103.7620556,1.3116173],[103.7620644,1.3116384],[103.7620869,1.311629],[103.7620788,1.3116097],[103.7621891,1.3115636],[103.7621601,1.3114943],[103.7621444,1.3115009],[103.7621254,1.3114554],[103.762111,1.3114614],[103.7621015,1.3114386],[103.7620782,1.3114483],[103.762016,1.3114743],[103.762025,1.3114959],[103.7619919,1.3115098],[103.7619819,1.311486],[103.7616858,1.3116097],[103.7616938,1.3116289],[103.7616654,1.3116408],[103.7616563,1.311619],[103.7614681,1.3116977],[103.7614705,1.3117033],[103.7614779,1.3117212],[103.7614637,1.3117271],[103.7614802,1.3117666],[103.7614674,1.3117719],[103.7614994,1.3118483],[103.7617271,1.3117532]]]}},{"type":"Feature","id":"way/432868544-0","properties":{"addr:city":"Singapore","addr:country":"SG","addr:housenumber":"321","addr:postcode":"120321","addr:street":"Clementi Avenue 3","building":"commercial","building:colour":"#626C6C","building:levels":"7","building:material":"glass","description":"Cinema and mini mall","name":"Clementi 321","operator":"2","shop":"mall"},"geometry":{"type":"Polygon","coordinates":[[[103.7652812,1.3119139],[103.7650683,1.3117039],[103.76496,1.3118136],[103.7647808,1.3119952],[103.7647933,1.3120075],[103.7648054,1.3120195],[103.7647764,1.3120489],[103.7647616,1.3120639],[103.7649318,1.3122318],[103.7649434,1.3122432],[103.7649532,1.3122529],[103.7649671,1.3122666],[103.7651899,1.3120398],[103.7652595,1.3119703],[103.7652423,1.3119533],[103.7652812,1.3119139]]]}},{"type":"Feature","id":"way/432868545-0","properties":{"addr:city":"Singapore","addr:country":"SG","addr:housenumber":"446","addr:postcode":"120446","addr:street":"Clementi Avenue 3","building":"residential","building:levels":"4","residential":"HDB"},"geometry":{"type":"Polygon","coordinates":[[[103.7650278,1.3127177],[103.765032,1.3127219],[103.7650362,1.3127261],[103.7650373,1.3127272],[103.7651041,1.3126606],[103.7651196,1.3126753],[103.7651356,1.3126578],[103.7651201,1.3126447],[103.7651255,1.3126394],[103.7651539,1.3126399],[103.7651595,1.3126344],[103.7651602,1.3126194],[103.765155,1.3126139],[103.7651254,1.3126136],[103.7648955,1.3123749],[103.7648832,1.3123621],[103.7648718,1.3123503],[103.7648151,1.3122914],[103.7648049,1.3123014],[103.764708,1.3123962],[103.7650278,1.3127177]]]}},{"type":"Feature","id":"way/445015399-0","properties":{"addr:city":"Singapore","addr:country":"SG","addr:housename":"Clementi Towers","addr:housenumber":"441A","addr:street":"Commonwealth Avenue West","building":"residential","building:levels":"40","building:min_level":"5","layer":"2","roof:levels":"1"},"geometry":{"type":"Polygon","coordinates":[[[103.764758,1.3148197],[103.7647798,1.3147716],[103.764876,1.3148188],[103.7649127,1.3147402],[103.7648416,1.3147055],[103.7648569,1.314673],[103.764923,1.3145322],[103.7648406,1.3144933],[103.7648151,1.3145486],[103.7646887,1.314488],[103.7646484,1.3145714],[103.7647527,1.3146219],[103.7646776,1.3147795],[103.764758,1.3148197]]]}},{"type":"Feature","id":"way/445015400-0","properties":{"addr:city":"Singapore","addr:country":"SG","addr:housename":"Clementi Towers","addr:housenumber":"441B","addr:street":"Commonwealth Avenue West","building:levels":"42","building:min_level":"5","building:part":"residential","layer":"2","roof:levels":"1"},"geometry":{"type":"Polygon","coordinates":[[[103.7643232,1.314752],[103.7642965,1.3147137],[103.7642873,1.3147005],[103.7642786,1.314688],[103.7641061,1.3144407],[103.7639644,1.3145399],[103.7640079,1.3146023],[103.7640699,1.3145591],[103.7642653,1.3148394],[103.7642896,1.3148226],[103.7643183,1.3148379],[103.7642935,1.3148902],[103.7643545,1.3149191],[103.7643597,1.3149082],[103.7644492,1.3149507],[103.7644443,1.3149611],[103.7645133,1.3149939],[103.7645357,1.3149468],[103.7645646,1.3149605],[103.764542,1.3150081],[103.7646371,1.3150532],[103.7647112,1.3148972],[103.7646409,1.3148638],[103.7646304,1.3148858],[103.7646137,1.314921],[103.7645062,1.3148694],[103.7644888,1.3148611],[103.76447,1.314852],[103.7643617,1.3148001],[103.764298,1.3147695],[103.7643232,1.314752]]]}},{"type":"Feature","id":"way/445015411-0","properties":{"addr:city":"Singapore","addr:country":"SG","addr:housenumber":"445B","addr:postcode":"122445","addr:street":"Clementi Avenue 3","building":"residential","building:levels":"40","residential":"HDB","source":"HDB"},"geometry":{"type":"Polygon","coordinates":[[[103.7645135,1.3125981],[103.7644761,1.3125804],[103.7644657,1.3126024],[103.7644415,1.312591],[103.7644343,1.3126061],[103.7644231,1.3126007],[103.7644161,1.3126156],[103.7644047,1.3126396],[103.7644255,1.3126494],[103.7644791,1.3126748],[103.7644838,1.3126632],[103.7645125,1.3126765],[103.7645161,1.3126676],[103.7645442,1.3126802],[103.7645659,1.3126312],[103.7645711,1.3126337],[103.7645925,1.3126438],[103.7645623,1.3127077],[103.7645824,1.3127172],[103.7645699,1.3127437],[103.7645859,1.3127513],[103.7645759,1.3127724],[103.7646128,1.3127899],[103.7647274,1.3125476],[103.764686,1.312528],[103.7646734,1.3125545],[103.7646618,1.312549],[103.7646504,1.3125731],[103.7646296,1.3125634],[103.7646251,1.3125729],[103.7646015,1.3125617],[103.7645769,1.3126137],[103.7645392,1.3125959],[103.7645333,1.3125875],[103.7645775,1.3125629],[103.7645589,1.3125284],[103.7645425,1.3124982],[103.7645557,1.3124911],[103.7645421,1.3124659],[103.7645305,1.3124722],[103.7645194,1.3124518],[103.7645562,1.3124319],[103.7645396,1.3124011],[103.7645325,1.312388],[103.7643305,1.3124973],[103.7643552,1.3125428],[103.7643887,1.3125247],[103.764405,1.3125548],[103.7644722,1.3125184],[103.7645144,1.3125963],[103.7645135,1.3125981]]]}},{"type":"Feature","id":"way/503340853-0","properties":{"building":"yes","building:levels":"1"},"geometry":{"type":"Polygon","coordinates":[[[103.7619258,1.3113313],[103.7618669,1.3111732],[103.7617408,1.3112201],[103.7617997,1.3113782],[103.7619258,1.3113313]]]}},{"type":"Feature","id":"way/594986605-0","properties":{"addr:city":"Singapore","addr:country":"SG","addr:housename":"The Parc","addr:housenumber":"11","addr:postcode":"127161","addr:street":"West Coast Walk","building":"residential","building:levels":"25","building:levels:underground":"1","residential":"condominium","roof:levels":"1","roof:shape":"flat"},"geometry":{"type":"Polygon","coordinates":[[[103.7622669,1.3111214],[103.7622656,1.3111402],[103.7623097,1.3111432],[103.7623166,1.3110421],[103.7624507,1.3110512],[103.7624575,1.3109519],[103.7623707,1.310946],[103.762369,1.3109707],[103.7623453,1.3109691],[103.7623461,1.3109569],[103.7623586,1.3109578],[103.762365,1.310864],[103.7623521,1.3108631],[103.7623541,1.3108335],[103.7623226,1.3108313],[103.7623212,1.3108507],[103.7622865,1.3108483],[103.7622849,1.3108716],[103.7622572,1.3108697],[103.7622565,1.3108797],[103.7622445,1.3108788],[103.7622398,1.3109482],[103.7622179,1.3109467],[103.7622188,1.3109323],[103.7621398,1.3109269],[103.7621391,1.3109359],[103.762111,1.310934],[103.7621072,1.3109903],[103.762127,1.3109916],[103.7621252,1.3110182],[103.7622045,1.3110236],[103.7622033,1.3110407],[103.7622271,1.3110423],[103.7622292,1.3110114],[103.7622467,1.3110126],[103.7622394,1.3111195],[103.7622669,1.3111214]]]}},{"type":"Feature","id":"way/1137787767-0","properties":{"building":"roof","height":"4.5","layer":"1"},"geometry":{"type":"Polygon","coordinates":[[[103.7644838,1.3126632],[103.7644791,1.3126748],[103.7644255,1.3126494],[103.7644177,1.3126669],[103.7642955,1.3127336],[103.7642992,1.3127399],[103.7642545,1.3127646],[103.7642793,1.312807],[103.7642762,1.3128146],[103.764316,1.3128331],[103.764351,1.3127523],[103.7644754,1.3126833],[103.7645036,1.312696],[103.7645125,1.3126765],[103.7644838,1.3126632]]]}},{"type":"Feature","id":"way/1173043953-0","properties":{"building":"roof","layer":"1"},"geometry":{"type":"Polygon","coordinates":[[[103.7643852,1.3136487],[103.7643837,1.3136057],[103.7643931,1.313586],[103.764378,1.3135788],[103.7643627,1.3135715],[103.764354,1.313592],[103.7643574,1.313638],[103.7643391,1.3136776],[103.7643538,1.3136845],[103.7643665,1.3136905],[103.7643852,1.3136487]]]}},{"type":"Feature","id":"way/1173043954-0","properties":{"building":"roof","layer":"1"},"geometry":{"type":"Polygon","coordinates":[[[103.7649253,1.3123426],[103.7649306,1.3122779],[103.7649532,1.3122529],[103.7649434,1.3122432],[103.7649318,1.3122318],[103.7649021,1.3122625],[103.7648968,1.3123264],[103.7648718,1.3123503],[103.7648832,1.3123621],[103.7648955,1.3123749],[103.7649253,1.3123426]]]}},{"type":"Feature","id":"way/1173043955-0","properties":{"building":"roof","layer":"1"},"geometry":{"type":"Polygon","coordinates":[[[103.7643016,1.3136158],[103.7641693,1.3135542],[103.7641526,1.3135898],[103.7642847,1.313652],[103.7643016,1.3136158]]]}},{"type":"Feature","id":"way/1173043956-0","properties":{"building":"roof","layer":"1"},"geometry":{"type":"Polygon","coordinates":[[[103.7646952,1.3140731],[103.7646834,1.3140392],[103.7645783,1.3140784],[103.7645903,1.3141105],[103.7646021,1.3141421],[103.7647058,1.3141034],[103.7646952,1.3140731]]]}},{"type":"Feature","id":"way/1173043957-0","properties":{"amenity":"shelter","building":"roof","layer":"2","shelter_type":"public_transport"},"geometry":{"type":"Polygon","coordinates":[[[103.7648708,1.3151434],[103.7648666,1.3151528],[103.7649084,1.3151712],[103.7649503,1.3151898],[103.7649657,1.3151961],[103.7651254,1.3148349],[103.7650262,1.3147915],[103.7649886,1.3148766],[103.7649681,1.314923],[103.764918,1.3150365],[103.7648836,1.3151142],[103.7648708,1.3151434]]]}},{"type":"Feature","id":"way/1173043960-0","properties":{"building":"roof","layer":"2"},"geometry":{"type":"Polygon","coordinates":[[[103.7655667,1.3137346],[103.7656375,1.3136148],[103.7656141,1.3135976],[103.7655398,1.3135602],[103.7655,1.3135401],[103.7654355,1.3136869],[103.7654005,1.3137667],[103.7654599,1.3137955],[103.7653476,1.3140384],[103.7653769,1.3140512],[103.7653833,1.3140331],[103.76542,1.3140478],[103.7655667,1.3137346]]]}},{"type":"Feature","id":"way/1173043961-0","properties":{"building":"roof","layer":"1"},"geometry":{"type":"Polygon","coordinates":[[[103.7645732,1.3147274],[103.7645034,1.314776],[103.76447,1.314852],[103.7645062,1.3148694],[103.7645419,1.3147958],[103.764695,1.3148704],[103.7648712,1.3149563],[103.7649017,1.3148916],[103.7645732,1.3147274]]]}},{"type":"Feature","id":"way/1173043963-0","properties":{"building":"roof","layer":"1"},"geometry":{"type":"Polygon","coordinates":[[[103.76478,1.3134754],[103.7647902,1.3134532],[103.7647201,1.3134209],[103.7647099,1.3134434],[103.7646993,1.3134667],[103.7647692,1.3134989],[103.76478,1.3134754]]]}},{"type":"Feature","id":"way/1173048226-0","properties":{"building":"roof","layer":"1"},"geometry":{"type":"Polygon","coordinates":[[[103.7654667,1.3127068],[103.765449,1.3126894],[103.7653608,1.3126025],[103.7653301,1.3126329],[103.765399,1.3127008],[103.7654359,1.3127371],[103.7654667,1.3127068]]]}},{"type":"Feature","id":"way/1173048227-0","properties":{"building":"roof","layer":"1"},"geometry":{"type":"Polygon","coordinates":[[[103.7654359,1.3127371],[103.765399,1.3127008],[103.7653392,1.3127595],[103.7653754,1.3127966],[103.7654359,1.3127371]]]}},{"type":"Feature","id":"way/1173048228-0","properties":{"building":"roof","layer":"1"},"geometry":{"type":"Polygon","coordinates":[[[103.7653754,1.3127966],[103.7653392,1.3127595],[103.7652722,1.3126922],[103.7652478,1.312716],[103.7653486,1.3128229],[103.7653754,1.3127966]]]}},{"type":"Feature","id":"way/1322608346-0","properties":{"building":"service"},"geometry":{"type":"Polygon","coordinates":[[[103.7632949,1.3146592],[103.7632909,1.314489],[103.7630562,1.3144876],[103.7630562,1.3145138],[103.7630441,1.3145138],[103.7630461,1.3146599],[103.7632949,1.3146592]]]}},{"type":"Feature","id":"way/1322777817-0","properties":{"amenity":"shelter","building":"roof","layer":"1","shelter_type":"public_transport"},"geometry":{"type":"Polygon","coordinates":[[[103.765387,1.3154261],[103.7654759,1.3152089],[103.7653967,1.3151744],[103.7653052,1.3153909],[103.765387,1.3154261]]]}},{"type":"Feature","id":"way/1329870674-0","properties":{"building":"yes"},"geometry":{"type":"Polygon","coordinates":[[[103.7629921,1.313832],[103.76303,1.3138323],[103.7630448,1.3138132],[103.7630451,1.3137831],[103.7630294,1.3137643],[103.7629921,1.3137646],[103.7629777,1.31378],[103.7629764,1.3138152],[103.7629921,1.313832]]]}},{"type":"Feature","id":"way/1337676285-0","properties":{"building":"yes","building:levels":"2","layer":"1"},"geometry":{"type":"Polygon","coordinates":[[[103.7649017,1.3148916],[103.7649234,1.3148457],[103.7649773,1.3147317],[103.7649274,1.3147073],[103.7646484,1.3145714],[103.7646395,1.3145896],[103.7645732,1.3147274],[103.7649017,1.3148916]]]}},{"type":"Feature","id":"way/1337676364-0","properties":{"building":"service"},"geometry":{"type":"Polygon","coordinates":[[[103.7639923,1.3121708],[103.7639914,1.312089],[103.763799,1.312091],[103.7637998,1.3121728],[103.7639923,1.3121708]]]}},{"type":"Feature","id":"way/1338006302-0","properties":{"building":"roof","layer":"1"},"geometry":{"type":"Polygon","coordinates":[[[103.7636364,1.3140666],[103.7635934,1.3140665],[103.7635779,1.3140665],[103.7635772,1.3142126],[103.763636,1.3142128],[103.7636364,1.3140666]]]}},{"type":"Feature","id":"way/1338006304-0","properties":{"building":"roof","layer":"1"},"geometry":{"type":"Polygon","coordinates":[[[103.7642873,1.3147005],[103.7642965,1.3147137],[103.764342,1.3146823],[103.7643337,1.3146698],[103.7643244,1.3146558],[103.7642928,1.314678],[103.7642786,1.314688],[103.7642873,1.3147005]]]}},{"type":"Feature","id":"way/1338006337-0","properties":{"building":"roof","layer":"1"},"geometry":{"type":"Polygon","coordinates":[[[103.7653367,1.3140475],[103.7654293,1.3138487],[103.7653978,1.313834],[103.7653755,1.3138237],[103.7652873,1.3140245],[103.7653367,1.3140475]]]}},{"type":"Feature","id":"way/1338268484-0","properties":{"building":"roof","layer":"2"},"geometry":{"type":"Polygon","coordinates":[[[103.7640128,1.3144143],[103.7640569,1.314475],[103.7641061,1.3144407],[103.7640757,1.3143252],[103.7640043,1.3142914],[103.7639854,1.3142824],[103.7639897,1.314303],[103.7640128,1.3144143]]]}},{"type":"Feature","id":"way/1338268488-0","properties":{"building":"roof","layer":"1"},"geometry":{"type":"Polygon","coordinates":[[[103.7649681,1.314923],[103.7649886,1.3148766],[103.7649234,1.3148457],[103.7649017,1.3148916],[103.7649681,1.314923]]]}},{"type":"Feature","id":"way/1338268489-0","properties":{"building":"roof","layer":"1"},"geometry":{"type":"Polygon","coordinates":[[[103.7648836,1.3151142],[103.764918,1.3150365],[103.7648495,1.3150051],[103.7648147,1.3150836],[103.7648017,1.3151126],[103.7648708,1.3151434],[103.7648836,1.3151142]]]}},{"type":"Feature","id":"way/1338268495-0","properties":{"building":"roof","layer":"1"},"geometry":{"type":"Polygon","coordinates":[[[103.7649773,1.3147317],[103.765045,1.3145902],[103.7650411,1.3145884],[103.7649927,1.3145662],[103.7649274,1.3147073],[103.7649773,1.3147317]]]}},{"type":"Feature","id":"way/1338268496-0","properties":{"building":"roof","layer":"1"},"geometry":{"type":"Polygon","coordinates":[[[103.7650795,1.3145145],[103.7650547,1.3145033],[103.7650272,1.3144908],[103.7649935,1.3145651],[103.7650458,1.3145888],[103.7650795,1.3145145]]]}},{"type":"Feature","id":"way/1338578292-0","properties":{"building":"roof","layer":"1"},"geometry":{"type":"Polygon","coordinates":[[[103.7650362,1.3127261],[103.765032,1.3127219],[103.7650278,1.3127177],[103.7649975,1.3127478],[103.7650016,1.312752],[103.7650053,1.3127558],[103.7650362,1.3127261]]]}},{"type":"Feature","id":"way/1338578293-0","properties":{"building":"roof","layer":"1"},"geometry":{"type":"Polygon","coordinates":[[[103.7647503,1.3130551],[103.7647396,1.31305],[103.7647281,1.3130745],[103.7647387,1.3130794],[103.76475,1.3130847],[103.7647612,1.3130602],[103.7647503,1.3130551]]]}},{"type":"Feature","id":"way/1338578294-0","properties":{"building":"roof","layer":"1"},"geometry":{"type":"Polygon","coordinates":[[[103.764288,1.3132594],[103.7642789,1.3132787],[103.764214,1.3134198],[103.7642253,1.3134609],[103.764249,1.3134539],[103.7642448,1.3134394],[103.7642397,1.3134222],[103.7643184,1.3132524],[103.7642955,1.3132417],[103.764288,1.3132594]]]}},{"type":"Feature","id":"way/1338578295-0","properties":{"building":"roof","layer":"1"},"geometry":{"type":"Polygon","coordinates":[[[103.7642789,1.3132787],[103.764288,1.3132594],[103.7642952,1.3132415],[103.7641777,1.3131862],[103.7641695,1.313204],[103.7641601,1.3132244],[103.7642789,1.3132787]]]}},{"type":"Feature","id":"way/1338578298-0","properties":{"building":"roof","layer":"1"},"geometry":{"type":"Polygon","coordinates":[[[103.7652584,1.3140641],[103.7651982,1.3140374],[103.7651824,1.3140735],[103.7652415,1.3141002],[103.7652522,1.314105],[103.765268,1.3140684],[103.7652584,1.3140641]]]}},{"type":"Feature","id":"way/22892482-0-0-0","properties":{"highway":"residential","lanes":"2","maxspeed":"40","name":"Clementi Avenue 3","name:zh":"\u91d1\u6587\u6cf03\u9053","oneway":"yes","surface":"asphalt","turn:lanes":"left;through|through"},"geometry":{"type":"LineString","coordinates":[[103.7634581,1.3145881],[103.7634652,1.3146586]]}},{"type":"Feature","id":"way/22892482-0-1-0","properties":{"highway":"residential","lanes":"2","maxspeed":"40","name":"Clementi Avenue 3","name:zh":"\u91d1\u6587\u6cf03\u9053","oneway":"yes","surface":"asphalt","turn:lanes":"left;through|through"},"geometry":{"type":"LineString","coordinates":[[103.7634652,1.3146586],[103.7634952,1.314783]]}},{"type":"Feature","id":"way/22892482-0-2-0","properties":{"highway":"residential","lanes":"2","maxspeed":"40","name":"Clementi Avenue 3","name:zh":"\u91d1\u6587\u6cf03\u9053","oneway":"yes","surface":"asphalt","turn:lanes":"left;through|through"},"geometry":{"type":"LineString","coordinates":[[103.7634952,1.314783],[103.7635299,1.3148803]]}},{"type":"Feature","id":"way/44628826-0-0-0","properties":{"destination":"Clementi Avenue 6;West Coast Way","destination:ref":"PIE","highway":"motorway_link","lanes":"2","maxspeed":"70","oneway":"yes","surface":"asphalt","turn:lanes":"left|left;through"},"geometry":{"type":"LineString","coordinates":[[103.7627538,1.3119049],[103.7627102,1.311906]]}},{"type":"Feature","id":"way/44628826-0-1-0","properties":{"destination":"Clementi Avenue 6;West Coast Way","destination:ref":"PIE","highway":"motorway_link","lanes":"2","maxspeed":"70","oneway":"yes","surface":"asphalt","turn:lanes":"left|left;through"},"geometry":{"type":"LineString","coordinates":[[103.7627102,1.311906],[103.7626686,1.3119221]]}},{"type":"Feature","id":"way/44628826-0-2-0","properties":{"destination":"Clementi Avenue 6;West Coast Way","destination:ref":"PIE","highway":"motorway_link","lanes":"2","maxspeed":"70","oneway":"yes","surface":"asphalt","turn:lanes":"left|left;through"},"geometry":{"type":"LineString","coordinates":[[103.7626686,1.3119221],[103.7626297,1.311959]]}},{"type":"Feature","id":"way/44628826-0-3-0","properties":{"destination":"Clementi Avenue 6;West Coast Way","destination:ref":"PIE","highway":"motorway_link","lanes":"2","maxspeed":"70","oneway":"yes","surface":"asphalt","turn:lanes":"left|left;through"},"geometry":{"type":"LineString","coordinates":[[103.7626297,1.311959],[103.7624835,1.3121078]]}},{"type":"Feature","id":"way/44628826-0-4-0","properties":{"destination":"Clementi Avenue 6;West Coast Way","destination:ref":"PIE","highway":"motorway_link","lanes":"2","maxspeed":"70","oneway":"yes","surface":"asphalt","turn:lanes":"left|left;through"},"geometry":{"type":"LineString","coordinates":[[103.7624835,1.3121078],[103.762345,1.3122278]]}},{"type":"Feature","id":"way/44628826-0-5-0","properties":{"destination":"Clementi Avenue 6;West Coast Way","destination:ref":"PIE","highway":"motorway_link","lanes":"2","maxspeed":"70","oneway":"yes","surface":"asphalt","turn:lanes":"left|left;through"},"geometry":{"type":"LineString","coordinates":[[103.762345,1.3122278],[103.761918,1.3126135]]}},{"type":"Feature","id":"way/44628837-0-0-0","properties":{"destination":"Clementi Avenue 6","destination:ref":"PIE","highway":"motorway_link","lanes":"2","maxspeed":"50","oneway":"yes","surface":"asphalt"},"geometry":{"type":"LineString","coordinates":[[103.7618081,1.3127212],[103.7615938,1.3127943]]}},{"type":"Feature","id":"way/44628837-0-1-0","properties":{"destination":"Clementi Avenue 6","destination:ref":"PIE","highway":"motorway_link","lanes":"2","maxspeed":"50","oneway":"yes","surface":"asphalt"},"geometry":{"type":"LineString","coordinates":[[103.7615938,1.3127943],[103.7614998,1.3128298]]}},{"type":"Feature","id":"way/44628837-0-2-0","properties":{"destination":"Clementi Avenue 6","destination:ref":"PIE","highway":"motorway_link","lanes":"2","maxspeed":"50","oneway":"yes","surface":"asphalt"},"geometry":{"type":"LineString","coordinates":[[103.7614998,1.3128298],[103.7613853,1.3128479]]}},{"type":"Feature","id":"way/75044390-0-0-0","properties":{"highway":"motorway","lanes":"3","maxspeed":"90","name":"Ayer Rajah Expressway","name:ms":"Lebuhraya Ayer Rajah","name:ta":"\u0b86\u0baf\u0bb0\u0bcd \u0bb0\u0bbe\u0b9c\u0bbe \u0bb5\u0bbf\u0bb0\u0bb5\u0bc1\u0b9a\u0bcd\u0b9a\u0bbe\u0bb2\u0bc8","name:zh":"\u4e9a\u9038\u62c9\u60f9\u9ad8\u901f\u516c\u8def","oneway":"yes","ref":"AYE","surface":"asphalt","wikidata":"Q2657325","wikipedia":"en:Ayer Rajah Expressway"},"geometry":{"type":"LineString","coordinates":[[103.7627538,1.3119049],[103.762379,1.3123136]]}},{"type":"Feature","id":"way/75044390-0-1-0","properties":{"highway":"motorway","lanes":"3","maxspeed":"90","name":"Ayer Rajah Expressway","name:ms":"Lebuhraya Ayer Rajah","name:ta":"\u0b86\u0baf\u0bb0\u0bcd \u0bb0\u0bbe\u0b9c\u0bbe \u0bb5\u0bbf\u0bb0\u0bb5\u0bc1\u0b9a\u0bcd\u0b9a\u0bbe\u0bb2\u0bc8","name:zh":"\u4e9a\u9038\u62c9\u60f9\u9ad8\u901f\u516c\u8def","oneway":"yes","ref":"AYE","surface":"asphalt","wikidata":"Q2657325","wikipedia":"en:Ayer Rajah Expressway"},"geometry":{"type":"LineString","coordinates":[[103.762379,1.3123136],[103.7614463,1.3132203]]}},{"type":"Feature","id":"way/75411586-0-0-0","properties":{"foot":"yes","highway":"motorway","lanes":"4","maxspeed":"90","name":"Ayer Rajah Expressway","name:ms":"Lebuhraya Ayer Rajah","name:ta":"\u0b86\u0baf\u0bb0\u0bcd \u0bb0\u0bbe\u0b9c\u0bbe \u0bb5\u0bbf\u0bb0\u0bb5\u0bc1\u0b9a\u0bcd\u0b9a\u0bbe\u0bb2\u0bc8","name:zh":"\u4e9a\u9038\u62c9\u60f9\u9ad8\u901f\u516c\u8def","oneway":"yes","ref":"AYE","surface":"asphalt","wikidata":"Q2657325","wikipedia":"en:Ayer Rajah Expressway"},"geometry":{"type":"LineString","coordinates":[[103.7622011,1.3126855],[103.7629676,1.3119128]]}},{"type":"Feature","id":"way/75411587-0-0-0","properties":{"destination":"West Coast Way","highway":"motorway_link","lanes":"1","maxspeed":"70","oneway":"yes","surface":"asphalt","turn:lanes":"through"},"geometry":{"type":"LineString","coordinates":[[103.7618081,1.3127212],[103.7615023,1.3130209]]}},{"type":"Feature","id":"way/75411587-0-1-0","properties":{"destination":"West Coast Way","highway":"motorway_link","lanes":"1","maxspeed":"70","oneway":"yes","surface":"asphalt","turn:lanes":"through"},"geometry":{"type":"LineString","coordinates":[[103.7615023,1.3130209],[103.7613746,1.3131433]]}},{"type":"Feature","id":"way/105823593-0-0-0","properties":{"highway":"service","service":"parking_aisle"},"geometry":{"type":"LineString","coordinates":[[103.7629751,1.3134686],[103.762912,1.3134685]]}},{"type":"Feature","id":"way/105823593-0-1-0","properties":{"highway":"service","service":"parking_aisle"},"geometry":{"type":"LineString","coordinates":[[103.762912,1.3134685],[103.7627223,1.3134684]]}},{"type":"Feature","id":"way/105823594-0-0-0","properties":{"highway":"service","lanes":"2","lanes:backward":"1","lanes:forward":"1","service":"driveway","sidewalk":"left","surface":"asphalt","turn:lanes:backward":"right"},"geometry":{"type":"LineString","coordinates":[[103.763446,1.3143386],[103.7633899,1.3143427]]}},{"type":"Feature","id":"way/105823594-0-1-0","properties":{"highway":"service","lanes":"2","lanes:backward":"1","lanes:forward":"1","service":"driveway","sidewalk":"left","surface":"asphalt","turn:lanes:backward":"right"},"geometry":{"type":"LineString","coordinates":[[103.7633899,1.3143427],[103.7633698,1.3143442]]}},{"type":"Feature","id":"way/105823594-0-2-0","properties":{"highway":"service","lanes":"2","lanes:backward":"1","lanes:forward":"1","service":"driveway","sidewalk":"left","surface":"asphalt","turn:lanes:backward":"right"},"geometry":{"type":"LineString","coordinates":[[103.7633698,1.3143442],[103.7632781,1.3143509]]}},{"type":"Feature","id":"way/105823595-0-0-0","properties":{"highway":"service","service":"parking_aisle"},"geometry":{"type":"LineString","coordinates":[[103.762092,1.3135762],[103.7622877,1.3135763]]}},{"type":"Feature","id":"way/105823595-0-1-0","properties":{"highway":"service","service":"parking_aisle"},"geometry":{"type":"LineString","coordinates":[[103.7622877,1.3135763],[103.7623128,1.3135764]]}},{"type":"Feature","id":"way/105823596-0-0-0","properties":{"highway":"service","lanes":"1","oneway":"yes","service":"parking_aisle"},"geometry":{"type":"LineString","coordinates":[[103.7623235,1.3143517],[103.7626693,1.3143523]]}},{"type":"Feature","id":"way/119879864-0-0-0","properties":{"highway":"service","lanes":"1","maxspeed":"20","oneway":"yes","service":"driveway","sidewalk":"both","surface":"asphalt"},"geometry":{"type":"LineString","coordinates":[[103.7651001,1.3122681],[103.7650705,1.3123118]]}},{"type":"Feature","id":"way/119879864-0-1-0","properties":{"highway":"service","lanes":"1","maxspeed":"20","oneway":"yes","service":"driveway","sidewalk":"both","surface":"asphalt"},"geometry":{"type":"LineString","coordinates":[[103.7650705,1.3123118],[103.7650544,1.3123565]]}},{"type":"Feature","id":"way/119879864-0-2-0","properties":{"highway":"service","lanes":"1","maxspeed":"20","oneway":"yes","service":"driveway","sidewalk":"both","surface":"asphalt"},"geometry":{"type":"LineString","coordinates":[[103.7650544,1.3123565],[103.7650597,1.3123962]]}},{"type":"Feature","id":"way/119879864-0-3-0","properties":{"highway":"service","lanes":"1","maxspeed":"20","oneway":"yes","service":"driveway","sidewalk":"both","surface":"asphalt"},"geometry":{"type":"LineString","coordinates":[[103.7650597,1.3123962],[103.7650833,1.3124364]]}},{"type":"Feature","id":"way/119879864-0-4-0","properties":{"highway":"service","lanes":"1","maxspeed":"20","oneway":"yes","service":"driveway","sidewalk":"both","surface":"asphalt"},"geometry":{"type":"LineString","coordinates":[[103.7650833,1.3124364],[103.7651344,1.3124877]]}},{"type":"Feature","id":"way/155926483-0-0-0","properties":{"highway":"residential","lanes":"2","maxspeed":"40","name":"Clementi Avenue 3","name:zh":"\u91d1\u6587\u6cf03\u9053","oneway":"yes","surface":"asphalt"},"geometry":{"type":"LineString","coordinates":[[103.7650958,1.3115373],[103.7650503,1.3115427]]}},{"type":"Feature","id":"way/155926483-0-1-0","properties":{"highway":"residential","lanes":"2","maxspeed":"40","name":"Clementi Avenue 3","name:zh":"\u91d1\u6587\u6cf03\u9053","oneway":"yes","surface":"asphalt"},"geometry":{"type":"LineString","coordinates":[[103.7650503,1.3115427],[103.7650128,1.3115594]]}},{"type":"Feature","id":"way/155926483-0-2-0","properties":{"highway":"residential","lanes":"2","maxspeed":"40","name":"Clementi Avenue 3","name:zh":"\u91d1\u6587\u6cf03\u9053","oneway":"yes","surface":"asphalt"},"geometry":{"type":"LineString","coordinates":[[103.7650128,1.3115594],[103.7649787,1.311586]]}},{"type":"Feature","id":"way/155926483-0-3-0","properties":{"highway":"residential","lanes":"2","maxspeed":"40","name":"Clementi Avenue 3","name:zh":"\u91d1\u6587\u6cf03\u9053","oneway":"yes","surface":"asphalt"},"geometry":{"type":"LineString","coordinates":[[103.7649787,1.311586],[103.7648828,1.3116804]]}},{"type":"Feature","id":"way/155926483-0-4-0","properties":{"highway":"residential","lanes":"2","maxspeed":"40","name":"Clementi Avenue 3","name:zh":"\u91d1\u6587\u6cf03\u9053","oneway":"yes","surface":"asphalt"},"geometry":{"type":"LineString","coordinates":[[103.7648828,1.3116804],[103.7648323,1.3117302]]}},{"type":"Feature","id":"way/155926483-0-5-0","properties":{"highway":"residential","lanes":"2","maxspeed":"40","name":"Clementi Avenue 3","name:zh":"\u91d1\u6587\u6cf03\u9053","oneway":"yes","surface":"asphalt"},"geometry":{"type":"LineString","coordinates":[[103.7648323,1.3117302],[103.7647982,1.3117638]]}},{"type":"Feature","id":"way/166095680-0-0-0","properties":{"description":"Clementi Primary School Entrance","highway":"service","lanes":"2","lanes:backward":"1","lanes:forward":"1","surface":"asphalt"},"geometry":{"type":"LineString","coordinates":[[103.763377,1.3152669],[103.7635872,1.3151333]]}},{"type":"Feature","id":"way/166095680-0-1-0","properties":{"description":"Clementi Primary School Entrance","highway":"service","lanes":"2","lanes:backward":"1","lanes:forward":"1","surface":"asphalt"},"geometry":{"type":"LineString","coordinates":[[103.7635872,1.3151333],[103.7636,1.3151252]]}},{"type":"Feature","id":"way/166095680-0-2-0","properties":{"description":"Clementi Primary School Entrance","highway":"service","lanes":"2","lanes:backward":"1","lanes:forward":"1","surface":"asphalt"},"geometry":{"type":"LineString","coordinates":[[103.7636,1.3151252],[103.7636403,1.3150996]]}},{"type":"Feature","id":"way/173551180-0-0-0","properties":{"highway":"service","lanes":"2","lanes:backward":"1","lanes:forward":"1","service":"driveway","sidewalk":"both","surface":"asphalt","turn:lanes:forward":"left;right"},"geometry":{"type":"LineString","coordinates":[[103.7637371,1.3123088],[103.7638361,1.3124284]]}},{"type":"Feature","id":"way/173551187-0-0-0","properties":{"highway":"service","lanes":"2","lanes:backward":"1","lanes:forward":"1","service":"driveway","surface":"asphalt","turn:lanes:backward":"left;right","turn:lanes:forward":"left;right"},"geometry":{"type":"LineString","coordinates":[[103.763508,1.3137872],[103.7635558,1.3137886]]}},{"type":"Feature","id":"way/173551187-0-1-0","properties":{"highway":"service","lanes":"2","lanes:backward":"1","lanes:forward":"1","service":"driveway","surface":"asphalt","turn:lanes:backward":"left;right","turn:lanes:forward":"left;right"},"geometry":{"type":"LineString","coordinates":[[103.7635558,1.3137886],[103.7636549,1.3137915]]}},{"type":"Feature","id":"way/173551187-0-2-0","properties":{"highway":"service","lanes":"2","lanes:backward":"1","lanes:forward":"1","service":"driveway","surface":"asphalt","turn:lanes:backward":"left;right","turn:lanes:forward":"left;right"},"geometry":{"type":"LineString","coordinates":[[103.7636549,1.3137915],[103.7637745,1.3137931]]}},{"type":"Feature","id":"way/173551187-0-3-0","properties":{"highway":"service","lanes":"2","lanes:backward":"1","lanes:forward":"1","service":"driveway","surface":"asphalt","turn:lanes:backward":"left;right","turn:lanes:forward":"left;right"},"geometry":{"type":"LineString","coordinates":[[103.7637745,1.3137931],[103.7638857,1.3137945]]}},{"type":"Feature","id":"way/173551189-0-0-0","properties":{"highway":"service","lanes":"1","oneway":"yes","service":"parking_aisle","turn:lanes":"through"},"geometry":{"type":"LineString","coordinates":[[103.7629081,1.3143527],[103.7629083,1.3142072]]}},{"type":"Feature","id":"way/173551198-0-0-0","properties":{"highway":"service","lanes":"2","lanes:backward":"1","lanes:forward":"1","service":"driveway","surface":"asphalt","turn:lanes:backward":"left","turn:lanes:forward":"through;right"},"geometry":{"type":"LineString","coordinates":[[103.7654907,1.3117769],[103.7655177,1.3117526]]}},{"type":"Feature","id":"way/173551198-0-1-0","properties":{"highway":"service","lanes":"2","lanes:backward":"1","lanes:forward":"1","service":"driveway","surface":"asphalt","turn:lanes:backward":"left","turn:lanes:forward":"through;right"},"geometry":{"type":"LineString","coordinates":[[103.7655177,1.3117526],[103.7655583,1.3117101]]}},{"type":"Feature","id":"way/173551202-0-0-0","properties":{"highway":"service","service":"parking_aisle"},"geometry":{"type":"LineString","coordinates":[[103.7637371,1.3123088],[103.7629073,1.3123127]]}},{"type":"Feature","id":"way/173551205-0-0-0","properties":{"highway":"service","service":"parking_aisle"},"geometry":{"type":"LineString","coordinates":[[103.7641047,1.3117652],[103.7641839,1.3117645]]}},{"type":"Feature","id":"way/173551205-0-1-0","properties":{"highway":"service","service":"parking_aisle"},"geometry":{"type":"LineString","coordinates":[[103.7641839,1.3117645],[103.7643363,1.3117632]]}},{"type":"Feature","id":"way/173551205-0-2-0","properties":{"highway":"service","service":"parking_aisle"},"geometry":{"type":"LineString","coordinates":[[103.7643363,1.3117632],[103.7644589,1.3118741]]}},{"type":"Feature","id":"way/173551207-0-0-0","properties":{"highway":"service","lanes":"2","lanes:backward":"1","lanes:forward":"1","service":"parking_aisle"},"geometry":{"type":"LineString","coordinates":[[103.7623235,1.3143517],[103.7623247,1.3142769]]}},{"type":"Feature","id":"way/173551207-0-1-0","properties":{"highway":"service","lanes":"2","lanes:backward":"1","lanes:forward":"1","service":"parking_aisle"},"geometry":{"type":"LineString","coordinates":[[103.7623247,1.3142769],[103.7623258,1.3142035]]}},{"type":"Feature","id":"way/173551221-0-0-0","properties":{"highway":"service","lanes":"1","oneway":"yes","service":"parking_aisle"},"geometry":{"type":"LineString","coordinates":[[103.7638857,1.3137945],[103.7638857,1.3139551]]}},{"type":"Feature","id":"way/173551221-0-1-0","properties":{"highway":"service","lanes":"1","oneway":"yes","service":"parking_aisle"},"geometry":{"type":"LineString","coordinates":[[103.7638857,1.3139551],[103.763894,1.3139851]]}},{"type":"Feature","id":"way/173913069-0-1-0","properties":{"destination":"City","destination:ref":"AYE","highway":"motorway_link","lanes":"1","maxspeed":"50","oneway":"yes","surface":"asphalt"},"geometry":{"type":"LineString","coordinates":[[103.7611182,1.3139076],[103.7614853,1.3135137]]}},{"type":"Feature","id":"way/177601235-0-0-0","properties":{"highway":"service","service":"driveway","surface":"asphalt"},"geometry":{"type":"LineString","coordinates":[[103.7650958,1.3115373],[103.7650974,1.311488]]}},{"type":"Feature","id":"way/177601235-0-1-0","properties":{"highway":"service","service":"driveway","surface":"asphalt"},"geometry":{"type":"LineString","coordinates":[[103.7650974,1.311488],[103.7651025,1.3113921]]}},{"type":"Feature","id":"way/177601235-0-2-0","properties":{"highway":"service","service":"driveway","surface":"asphalt"},"geometry":{"type":"LineString","coordinates":[[103.7651025,1.3113921],[103.7651108,1.3113386]]}},{"type":"Feature","id":"way/177601235-0-3-0","properties":{"highway":"service","service":"driveway","surface":"asphalt"},"geometry":{"type":"LineString","coordinates":[[103.7651108,1.3113386],[103.7651329,1.3113071]]}},{"type":"Feature","id":"way/177601235-0-4-0","properties":{"highway":"service","service":"driveway","surface":"asphalt"},"geometry":{"type":"LineString","coordinates":[[103.7651329,1.3113071],[103.7652866,1.3111503]]}},{"type":"Feature","id":"way/177601235-0-5-0","properties":{"highway":"service","service":"driveway","surface":"asphalt"},"geometry":{"type":"LineString","coordinates":[[103.7652866,1.3111503],[103.7654619,1.3109713]]}},{"type":"Feature","id":"way/315710716-0-0-0","properties":{"highway":"service","lanes":"1","oneway":"yes","service":"parking_aisle","turn:lanes":"through"},"geometry":{"type":"LineString","coordinates":[[103.7654977,1.3128524],[103.7654509,1.3128931]]}},{"type":"Feature","id":"way/315710716-0-1-0","properties":{"highway":"service","lanes":"1","oneway":"yes","service":"parking_aisle","turn:lanes":"through"},"geometry":{"type":"LineString","coordinates":[[103.7654509,1.3128931],[103.7653946,1.3129456]]}},{"type":"Feature","id":"way/315710716-0-2-0","properties":{"highway":"service","lanes":"1","oneway":"yes","service":"parking_aisle","turn:lanes":"through"},"geometry":{"type":"LineString","coordinates":[[103.7653946,1.3129456],[103.7652939,1.3130634]]}},{"type":"Feature","id":"way/465236862-0-0-0","properties":{"highway":"service","lanes":"2","lanes:backward":"1","lanes:forward":"1","service":"driveway","surface":"asphalt"},"geometry":{"type":"LineString","coordinates":[[103.7655583,1.3117101],[103.7652899,1.3114363]]}},{"type":"Feature","id":"way/465236862-0-1-0","properties":{"highway":"service","lanes":"2","lanes:backward":"1","lanes:forward":"1","service":"driveway","surface":"asphalt"},"geometry":{"type":"LineString","coordinates":[[103.7652899,1.3114363],[103.7652747,1.311412]]}},{"type":"Feature","id":"way/465236864-0-0-0","properties":{"highway":"service","service":"parking_aisle"},"geometry":{"type":"LineString","coordinates":[[103.7637374,1.3121398],[103.7637371,1.3123088]]}},{"type":"Feature","id":"way/465236865-0-0-0","properties":{"highway":"service","service":"parking_aisle"},"geometry":{"type":"LineString","coordinates":[[103.7630594,1.3121392],[103.7633482,1.3121395]]}},{"type":"Feature","id":"way/465236865-0-1-0","properties":{"highway":"service","service":"parking_aisle"},"geometry":{"type":"LineString","coordinates":[[103.7633482,1.3121395],[103.7637374,1.3121398]]}},{"type":"Feature","id":"way/465236866-0-0-0","properties":{"highway":"service","service":"parking_aisle"},"geometry":{"type":"LineString","coordinates":[[103.7629073,1.3123127],[103.7630594,1.3121392]]}},{"type":"Feature","id":"way/465236867-0-0-0","properties":{"highway":"service","oneway":"yes","service":"parking_aisle"},"geometry":{"type":"LineString","coordinates":[[103.7623125,1.3134681],[103.7623128,1.3135764]]}},{"type":"Feature","id":"way/465236868-0-0-0","properties":{"highway":"service","lanes":"1","oneway":"yes","service":"parking_aisle","surface":"asphalt"},"geometry":{"type":"LineString","coordinates":[[103.7617989,1.3142002],[103.7614435,1.314198]]}},{"type":"Feature","id":"way/465236868-0-1-0","properties":{"highway":"service","lanes":"1","oneway":"yes","service":"parking_aisle","surface":"asphalt"},"geometry":{"type":"LineString","coordinates":[[103.7614435,1.314198],[103.7614241,1.3142035]]}},{"type":"Feature","id":"way/465236869-0-0-0","properties":{"highway":"service","oneway":"yes","service":"parking_aisle","surface":"asphalt"},"geometry":{"type":"LineString","coordinates":[[103.7614241,1.3142035],[103.761418,1.3142262]]}},{"type":"Feature","id":"way/465236869-0-1-0","properties":{"highway":"service","oneway":"yes","service":"parking_aisle","surface":"asphalt"},"geometry":{"type":"LineString","coordinates":[[103.761418,1.3142262],[103.761418,1.314314]]}},{"type":"Feature","id":"way/465236869-0-2-0","properties":{"highway":"service","oneway":"yes","service":"parking_aisle","surface":"asphalt"},"geometry":{"type":"LineString","coordinates":[[103.761418,1.314314],[103.761425,1.3143394]]}},{"type":"Feature","id":"way/465236872-0-0-0","properties":{"highway":"service","lanes":"1","oneway":"yes","service":"parking_aisle","turn:lanes":"through;right"},"geometry":{"type":"LineString","coordinates":[[103.7643075,1.3141028],[103.764236,1.313917]]}},{"type":"Feature","id":"way/465236872-0-1-0","properties":{"highway":"service","lanes":"1","oneway":"yes","service":"parking_aisle","turn:lanes":"through;right"},"geometry":{"type":"LineString","coordinates":[[103.764236,1.313917],[103.7642245,1.3139004]]}},{"type":"Feature","id":"way/465236872-0-2-0","properties":{"highway":"service","lanes":"1","oneway":"yes","service":"parking_aisle","turn:lanes":"through;right"},"geometry":{"type":"LineString","coordinates":[[103.7642245,1.3139004],[103.7642077,1.3138891]]}},{"type":"Feature","id":"way/465236872-0-3-0","properties":{"highway":"service","lanes":"1","oneway":"yes","service":"parking_aisle","turn:lanes":"through;right"},"geometry":{"type":"LineString","coordinates":[[103.7642077,1.3138891],[103.7639746,1.3137956]]}},{"type":"Feature","id":"way/465236873-0-0-0","properties":{"highway":"service","service":"parking_aisle"},"geometry":{"type":"LineString","coordinates":[[103.7643075,1.3141028],[103.7643989,1.3143534]]}},{"type":"Feature","id":"way/465236874-0-0-0","properties":{"highway":"residential","lanes":"2","maxspeed":"40","name":"Clementi Avenue 3","name:zh":"\u91d1\u6587\u6cf03\u9053","oneway":"yes","surface":"asphalt","turn:lanes":"through|through"},"geometry":{"type":"LineString","coordinates":[[103.763508,1.3137872],[103.7635088,1.3136825]]}},{"type":"Feature","id":"way/465236874-0-1-0","properties":{"highway":"residential","lanes":"2","maxspeed":"40","name":"Clementi Avenue 3","name:zh":"\u91d1\u6587\u6cf03\u9053","oneway":"yes","surface":"asphalt","turn:lanes":"through|through"},"geometry":{"type":"LineString","coordinates":[[103.7635088,1.3136825],[103.7635096,1.313585]]}},{"type":"Feature","id":"way/465236874-0-2-0","properties":{"highway":"residential","lanes":"2","maxspeed":"40","name":"Clementi Avenue 3","name:zh":"\u91d1\u6587\u6cf03\u9053","oneway":"yes","surface":"asphalt","turn:lanes":"through|through"},"geometry":{"type":"LineString","coordinates":[[103.7635096,1.313585],[103.7635198,1.313418]]}},{"type":"Feature","id":"way/465236874-0-3-0","properties":{"highway":"residential","lanes":"2","maxspeed":"40","name":"Clementi Avenue 3","name:zh":"\u91d1\u6587\u6cf03\u9053","oneway":"yes","surface":"asphalt","turn:lanes":"through|through"},"geometry":{"type":"LineString","coordinates":[[103.7635198,1.313418],[103.7635461,1.3132606]]}},{"type":"Feature","id":"way/465236874-0-4-0","properties":{"highway":"residential","lanes":"2","maxspeed":"40","name":"Clementi Avenue 3","name:zh":"\u91d1\u6587\u6cf03\u9053","oneway":"yes","surface":"asphalt","turn:lanes":"through|through"},"geometry":{"type":"LineString","coordinates":[[103.7635461,1.3132606],[103.7635905,1.3131287]]}},{"type":"Feature","id":"way/465236874-0-5-0","properties":{"highway":"residential","lanes":"2","maxspeed":"40","name":"Clementi Avenue 3","name:zh":"\u91d1\u6587\u6cf03\u9053","oneway":"yes","surface":"asphalt","turn:lanes":"through|through"},"geometry":{"type":"LineString","coordinates":[[103.7635905,1.3131287],[103.7636757,1.3129858]]}},{"type":"Feature","id":"way/465236875-0-0-0","properties":{"highway":"service","lanes":"1","oneway":"yes","service":"parking_aisle","sidewalk":"left"},"geometry":{"type":"LineString","coordinates":[[103.7655936,1.3129652],[103.7655863,1.3129413]]}},{"type":"Feature","id":"way/465236875-0-1-0","properties":{"highway":"service","lanes":"1","oneway":"yes","service":"parking_aisle","sidewalk":"left"},"geometry":{"type":"LineString","coordinates":[[103.7655863,1.3129413],[103.7654977,1.3128524]]}},{"type":"Feature","id":"way/465236876-0-0-0","properties":{"highway":"service","lanes":"1","oneway":"yes","service":"parking_aisle","surface":"asphalt"},"geometry":{"type":"LineString","coordinates":[[103.7650473,1.3139911],[103.7654273,1.313128]]}},{"type":"Feature","id":"way/465236877-0-0-0","properties":{"highway":"service","lanes":"2","lanes:backward":"1","lanes:forward":"1","service":"driveway","sidewalk":"both","surface":"asphalt","turn:lanes:backward":"left","turn:lanes:forward":"through"},"geometry":{"type":"LineString","coordinates":[[103.7651344,1.3124877],[103.7651825,1.3125361]]}},{"type":"Feature","id":"way/465236877-0-1-0","properties":{"highway":"service","lanes":"2","lanes:backward":"1","lanes:forward":"1","service":"driveway","sidewalk":"both","surface":"asphalt","turn:lanes:backward":"left","turn:lanes:forward":"through"},"geometry":{"type":"LineString","coordinates":[[103.7651825,1.3125361],[103.7652519,1.3126058]]}},{"type":"Feature","id":"way/465236877-0-2-0","properties":{"highway":"service","lanes":"2","lanes:backward":"1","lanes:forward":"1","service":"driveway","sidewalk":"both","surface":"asphalt","turn:lanes:backward":"left","turn:lanes:forward":"through"},"geometry":{"type":"LineString","coordinates":[[103.7652519,1.3126058],[103.7652772,1.3126312]]}},{"type":"Feature","id":"way/479165183-0-0-0","properties":{"highway":"motorway_link","lanes":"1","maxheight":"4.5","maxspeed":"50","oneway":"yes","surface":"asphalt"},"geometry":{"type":"LineString","coordinates":[[103.7614853,1.3135137],[103.7614896,1.313509]]}},{"type":"Feature","id":"way/479165184-0-0-0","properties":{"highway":"motorway_link","lanes":"2","maxspeed":"50","oneway":"yes","surface":"asphalt"},"geometry":{"type":"LineString","coordinates":[[103.7616011,1.3133994],[103.7616983,1.3132943]]}},{"type":"Feature","id":"way/479165185-0-0-0","properties":{"highway":"motorway","lanes":"3","maxheight":"4.5","maxspeed":"90","name":"Ayer Rajah Expressway","name:ms":"Lebuhraya Ayer Rajah","name:ta":"\u0b86\u0baf\u0bb0\u0bcd \u0bb0\u0bbe\u0b9c\u0bbe \u0bb5\u0bbf\u0bb0\u0bb5\u0bc1\u0b9a\u0bcd\u0b9a\u0bbe\u0bb2\u0bc8","name:zh":"\u4e9a\u9038\u62c9\u60f9\u9ad8\u901f\u516c\u8def","oneway":"yes","ref":"AYE","surface":"asphalt","wikidata":"Q2657325","wikipedia":"en:Ayer Rajah Expressway"},"geometry":{"type":"LineString","coordinates":[[103.761419,1.3134614],[103.7615713,1.3133103]]}},{"type":"Feature","id":"way/479165186-0-0-0","properties":{"highway":"motorway","lanes":"3","maxspeed":"90","name":"Ayer Rajah Expressway","name:ms":"Lebuhraya Ayer Rajah","name:ta":"\u0b86\u0baf\u0bb0\u0bcd \u0bb0\u0bbe\u0b9c\u0bbe \u0bb5\u0bbf\u0bb0\u0bb5\u0bc1\u0b9a\u0bcd\u0b9a\u0bbe\u0bb2\u0bc8","name:zh":"\u4e9a\u9038\u62c9\u60f9\u9ad8\u901f\u516c\u8def","oneway":"yes","ref":"AYE","surface":"asphalt","wikidata":"Q2657325","wikipedia":"en:Ayer Rajah Expressway"},"geometry":{"type":"LineString","coordinates":[[103.7615713,1.3133103],[103.7622011,1.3126855]]}},{"type":"Feature","id":"way/479165188-0-0-0","properties":{"highway":"motorway","lanes":"3","maxheight":"4.5","maxspeed":"90","name":"Ayer Rajah Expressway","name:ms":"Lebuhraya Ayer Rajah","name:ta":"\u0b86\u0baf\u0bb0\u0bcd \u0bb0\u0bbe\u0b9c\u0bbe \u0bb5\u0bbf\u0bb0\u0bb5\u0bc1\u0b9a\u0bcd\u0b9a\u0bbe\u0bb2\u0bc8","name:zh":"\u4e9a\u9038\u62c9\u60f9\u9ad8\u901f\u516c\u8def","oneway":"yes","ref":"AYE","surface":"asphalt","wikidata":"Q2657325","wikipedia":"en:Ayer Rajah Expressway"},"geometry":{"type":"LineString","coordinates":[[103.7614463,1.3132203],[103.7613066,1.3133598]]}},{"type":"Feature","id":"way/479165189-0-0-0","properties":{"destination":"West Coast Way","highway":"motorway_link","lanes":"1","maxspeed":"70","oneway":"yes","surface":"asphalt"},"geometry":{"type":"LineString","coordinates":[[103.7612338,1.3132789],[103.7610907,1.3134193]]}},{"type":"Feature","id":"way/479165190-0-0-0","properties":{"destination":"West Coast Way","highway":"motorway_link","lanes":"1","maxheight":"4.5","maxspeed":"70","oneway":"yes","surface":"asphalt"},"geometry":{"type":"LineString","coordinates":[[103.7613746,1.3131433],[103.7612661,1.3132472]]}},{"type":"Feature","id":"way/479165190-0-1-0","properties":{"destination":"West Coast Way","highway":"motorway_link","lanes":"1","maxheight":"4.5","maxspeed":"70","oneway":"yes","surface":"asphalt"},"geometry":{"type":"LineString","coordinates":[[103.7612661,1.3132472],[103.7612338,1.3132789]]}},{"type":"Feature","id":"way/479165266-0-0-0","properties":{"foot":"yes","highway":"motorway","lanes":"4","maxheight":"4.5","maxspeed":"90","name":"Ayer Rajah Expressway","name:ms":"Lebuhraya Ayer Rajah","name:ta":"\u0b86\u0baf\u0bb0\u0bcd \u0bb0\u0bbe\u0b9c\u0bbe \u0bb5\u0bbf\u0bb0\u0bb5\u0bc1\u0b9a\u0bcd\u0b9a\u0bbe\u0bb2\u0bc8","name:zh":"\u4e9a\u9038\u62c9\u60f9\u9ad8\u901f\u516c\u8def","oneway":"yes","ref":"AYE","surface":"asphalt","wikidata":"Q2657325","wikipedia":"en:Ayer Rajah Expressway"},"geometry":{"type":"LineString","coordinates":[[103.7634377,1.3114389],[103.7634891,1.311387]]}},{"type":"Feature","id":"way/479165266-0-1-0","properties":{"foot":"yes","highway":"motorway","lanes":"4","maxheight":"4.5","maxspeed":"90","name":"Ayer Rajah Expressway","name:ms":"Lebuhraya Ayer Rajah","name:ta":"\u0b86\u0baf\u0bb0\u0bcd \u0bb0\u0bbe\u0b9c\u0bbe \u0bb5\u0bbf\u0bb0\u0bb5\u0bc1\u0b9a\u0bcd\u0b9a\u0bbe\u0bb2\u0bc8","name:zh":"\u4e9a\u9038\u62c9\u60f9\u9ad8\u901f\u516c\u8def","oneway":"yes","ref":"AYE","surface":"asphalt","wikidata":"Q2657325","wikipedia":"en:Ayer Rajah Expressway"},"geometry":{"type":"LineString","coordinates":[[103.7634891,1.311387],[103.7635224,1.3113534]]}},{"type":"Feature","id":"way/479165266-0-2-0","properties":{"foot":"yes","highway":"motorway","lanes":"4","maxheight":"4.5","maxspeed":"90","name":"Ayer Rajah Expressway","name:ms":"Lebuhraya Ayer Rajah","name:ta":"\u0b86\u0baf\u0bb0\u0bcd \u0bb0\u0bbe\u0b9c\u0bbe \u0bb5\u0bbf\u0bb0\u0bb5\u0bc1\u0b9a\u0bcd\u0b9a\u0bbe\u0bb2\u0bc8","name:zh":"\u4e9a\u9038\u62c9\u60f9\u9ad8\u901f\u516c\u8def","oneway":"yes","ref":"AYE","surface":"asphalt","wikidata":"Q2657325","wikipedia":"en:Ayer Rajah Expressway"},"geometry":{"type":"LineString","coordinates":[[103.7635224,1.3113534],[103.7636281,1.3112469]]}},{"type":"Feature","id":"way/479165268-0-0-0","properties":{"foot":"no","highway":"motorway","lanes":"4","maxspeed":"90","name":"Ayer Rajah Expressway","name:ms":"Lebuhraya Ayer Rajah","name:ta":"\u0b86\u0baf\u0bb0\u0bcd \u0bb0\u0bbe\u0b9c\u0bbe \u0bb5\u0bbf\u0bb0\u0bb5\u0bc1\u0b9a\u0bcd\u0b9a\u0bbe\u0bb2\u0bc8","name:zh":"\u4e9a\u9038\u62c9\u60f9\u9ad8\u901f\u516c\u8def","oneway":"yes","ref":"AYE","surface":"asphalt","turn:lanes":"left|through|through|through","wikidata":"Q2657325","wikipedia":"en:Ayer Rajah Expressway"},"geometry":{"type":"LineString","coordinates":[[103.7633537,1.3113226],[103.7633038,1.311371]]}},{"type":"Feature","id":"way/479165268-0-1-0","properties":{"foot":"no","highway":"motorway","lanes":"4","maxspeed":"90","name":"Ayer Rajah Expressway","name:ms":"Lebuhraya Ayer Rajah","name:ta":"\u0b86\u0baf\u0bb0\u0bcd \u0bb0\u0bbe\u0b9c\u0bbe \u0bb5\u0bbf\u0bb0\u0bb5\u0bc1\u0b9a\u0bcd\u0b9a\u0bbe\u0bb2\u0bc8","name:zh":"\u4e9a\u9038\u62c9\u60f9\u9ad8\u901f\u516c\u8def","oneway":"yes","ref":"AYE","surface":"asphalt","turn:lanes":"left|through|through|through","wikidata":"Q2657325","wikipedia":"en:Ayer Rajah Expressway"},"geometry":{"type":"LineString","coordinates":[[103.7633038,1.311371],[103.7627538,1.3119049]]}},{"type":"Feature","id":"way/479165269-0-0-0","properties":{"foot":"no","highway":"motorway","lanes":"4","maxheight":"4.5","maxspeed":"90","name":"Ayer Rajah Expressway","name:ms":"Lebuhraya Ayer Rajah","name:ta":"\u0b86\u0baf\u0bb0\u0bcd \u0bb0\u0bbe\u0b9c\u0bbe \u0bb5\u0bbf\u0bb0\u0bb5\u0bc1\u0b9a\u0bcd\u0b9a\u0bbe\u0bb2\u0bc8","name:zh":"\u4e9a\u9038\u62c9\u60f9\u9ad8\u901f\u516c\u8def","oneway":"yes","ref":"AYE","surface":"asphalt","wikidata":"Q2657325","wikipedia":"en:Ayer Rajah Expressway"},"geometry":{"type":"LineString","coordinates":[[103.7635324,1.311149],[103.7633537,1.3113226]]}},{"type":"Feature","id":"way/481626943-0-1-0","properties":{"busway:left":"lane","highway":"primary","lanes":"3","lanes:bus":"1","lanes:bus:conditional":"1 @ (Mo-Fr 07:30-09:30,17:00-20:00)","maxheight":"4.5","maxspeed":"60","name":"Commonwealth Avenue West","name:zh":"\u8054\u90a6\u897f\u9053","note":"Part of it estimated ???","oneway":"yes","shoulder":"no","sidewalk":"separate","source":"Yahoo aerial images","surface":"asphalt"},"geometry":{"type":"LineString","coordinates":[[103.7652589,1.3154138],[103.7653662,1.3151713]]}},{"type":"Feature","id":"way/481626951-0-0-0","properties":{"busway:left":"lane","highway":"primary","lanes":"3","lanes:bus":"1","lanes:bus:conditional":"1 @ (Mo-Fr 07:30-09:30,17:00-20:00)","maxspeed":"60","name":"Commonwealth Avenue West","name:zh":"\u8054\u90a6\u897f\u9053","note":"Part of it estimated ???","oneway":"yes","shoulder":"no","sidewalk":"separate","source":"Yahoo aerial images","surface":"asphalt"},"geometry":{"type":"LineString","coordinates":[[103.7653662,1.3151713],[103.7655162,1.3148325]]}},{"type":"Feature","id":"way/481626951-0-1-0","properties":{"busway:left":"lane","highway":"primary","lanes":"3","lanes:bus":"1","lanes:bus:conditional":"1 @ (Mo-Fr 07:30-09:30,17:00-20:00)","maxspeed":"60","name":"Commonwealth Avenue West","name:zh":"\u8054\u90a6\u897f\u9053","note":"Part of it estimated ???","oneway":"yes","shoulder":"no","sidewalk":"separate","source":"Yahoo aerial images","surface":"asphalt"},"geometry":{"type":"LineString","coordinates":[[103.7655162,1.3148325],[103.76558,1.3146857]]}},{"type":"Feature","id":"way/481626963-0-0-0","properties":{"busway:left":"lane","highway":"primary","lanes":"3","lanes:bus":"1","lanes:bus:conditional":"1 @ (Mo-Fr 07:30-09:30,17:00-20:00)","maxheight":"4.5","maxspeed":"60","name":"Commonwealth Avenue West","name:zh":"\u8054\u90a6\u897f\u9053","note":"Part of it estimated ???","oneway":"yes","sidewalk:left":"separate","sidewalk:right":"no","source":"Yahoo aerial images","surface":"asphalt"},"geometry":{"type":"LineString","coordinates":[[103.7650798,1.3150862],[103.7649907,1.3152954]]}},{"type":"Feature","id":"way/481626963-0-1-0","properties":{"busway:left":"lane","highway":"primary","lanes":"3","lanes:bus":"1","lanes:bus:conditional":"1 @ (Mo-Fr 07:30-09:30,17:00-20:00)","maxheight":"4.5","maxspeed":"60","name":"Commonwealth Avenue West","name:zh":"\u8054\u90a6\u897f\u9053","note":"Part of it estimated ???","oneway":"yes","sidewalk:left":"separate","sidewalk:right":"no","source":"Yahoo aerial images","surface":"asphalt"},"geometry":{"type":"LineString","coordinates":[[103.7649907,1.3152954],[103.764947,1.3153977]]}},{"type":"Feature","id":"way/481847669-0-0-0","properties":{"busway:left":"lane","highway":"primary","lanes":"4","lanes:bus":"1","lanes:bus:conditional":"1 @ (Mo-Fr 07:30-09:30,17:00-20:00)","lit":"yes","maxheight":"4.5","maxspeed":"60","name":"Commonwealth Avenue West","name:zh":"\u8054\u90a6\u897f\u9053","note":"Part of it estimated ???","oneway":"yes","sidewalk:left":"separate","sidewalk:right":"no","source":"Yahoo aerial images","surface":"asphalt","turn:lanes":"left;through|through|through|through"},"geometry":{"type":"LineString","coordinates":[[103.7655577,1.3140042],[103.765459,1.3142048]]}},{"type":"Feature","id":"way/481847669-0-1-0","properties":{"busway:left":"lane","highway":"primary","lanes":"4","lanes:bus":"1","lanes:bus:conditional":"1 @ (Mo-Fr 07:30-09:30,17:00-20:00)","lit":"yes","maxheight":"4.5","maxspeed":"60","name":"Commonwealth Avenue West","name:zh":"\u8054\u90a6\u897f\u9053","note":"Part of it estimated ???","oneway":"yes","sidewalk:left":"separate","sidewalk:right":"no","source":"Yahoo aerial images","surface":"asphalt","turn:lanes":"left;through|through|through|through"},"geometry":{"type":"LineString","coordinates":[[103.765459,1.3142048],[103.765316,1.3145368]]}},{"type":"Feature","id":"way/481847670-0-2-0","properties":{"busway:left":"lane","highway":"primary","lanes":"3","lanes:bus":"1","lanes:bus:conditional":"1 @ (Mo-Fr 07:30-09:30,17:00-20:00)","lit":"yes","maxheight":"4.5","maxspeed":"60","name":"Commonwealth Avenue West","name:zh":"\u8054\u90a6\u897f\u9053","note":"Part of it estimated ???","oneway":"yes","sidewalk:left":"separate","sidewalk:right":"no","source":"Yahoo aerial images","surface":"asphalt"},"geometry":{"type":"LineString","coordinates":[[103.7656546,1.3138253],[103.7655577,1.3140042]]}},{"type":"Feature","id":"way/483933647-0-0-0","properties":{"highway":"service","oneway":"yes"},"geometry":{"type":"LineString","coordinates":[[103.7615023,1.3130209],[103.7614323,1.3130192]]}},{"type":"Feature","id":"way/483933647-0-1-0","properties":{"highway":"service","oneway":"yes"},"geometry":{"type":"LineString","coordinates":[[103.7614323,1.3130192],[103.7613498,1.3130802]]}},{"type":"Feature","id":"way/483933647-0-2-0","properties":{"highway":"service","oneway":"yes"},"geometry":{"type":"LineString","coordinates":[[103.7613498,1.3130802],[103.7613049,1.3131211]]}},{"type":"Feature","id":"way/483933647-0-3-0","properties":{"highway":"service","oneway":"yes"},"geometry":{"type":"LineString","coordinates":[[103.7613049,1.3131211],[103.7612312,1.3132101]]}},{"type":"Feature","id":"way/483933647-0-4-0","properties":{"highway":"service","oneway":"yes"},"geometry":{"type":"LineString","coordinates":[[103.7612312,1.3132101],[103.7611694,1.3132847]]}},{"type":"Feature","id":"way/483933648-0-0-0","properties":{"highway":"service","oneway":"yes","surface":"asphalt"},"geometry":{"type":"LineString","coordinates":[[103.7611182,1.3139076],[103.7612264,1.3138592]]}},{"type":"Feature","id":"way/483933648-0-1-0","properties":{"highway":"service","oneway":"yes","surface":"asphalt"},"geometry":{"type":"LineString","coordinates":[[103.7612264,1.3138592],[103.7613708,1.3136794]]}},{"type":"Feature","id":"way/483933648-0-2-0","properties":{"highway":"service","oneway":"yes","surface":"asphalt"},"geometry":{"type":"LineString","coordinates":[[103.7613708,1.3136794],[103.7614068,1.3136413]]}},{"type":"Feature","id":"way/483933648-0-3-0","properties":{"highway":"service","oneway":"yes","surface":"asphalt"},"geometry":{"type":"LineString","coordinates":[[103.7614068,1.3136413],[103.7614896,1.313509]]}},{"type":"Feature","id":"way/526597694-0-1-0","properties":{"highway":"service","lanes":"1","oneway":"yes","service":"parking_aisle"},"geometry":{"type":"LineString","coordinates":[[103.761186,1.3115071],[103.7614281,1.3114012]]}},{"type":"Feature","id":"way/540796661-0-0-0","properties":{"highway":"service","lanes":"2","lanes:backward":"1","lanes:forward":"1","service":"parking_aisle","sidewalk":"both","turn:lanes:backward":"through","turn:lanes:forward":"through;right"},"geometry":{"type":"LineString","coordinates":[[103.7611823,1.3116653],[103.7611943,1.3116599]]}},{"type":"Feature","id":"way/546868163-0-0-0","properties":{"highway":"service","lanes":"2","lanes:backward":"1","lanes:forward":"1","service":"parking_aisle","turn:lanes:backward":"through","turn:lanes:forward":"left;right"},"geometry":{"type":"LineString","coordinates":[[103.7623319,1.3136912],[103.762332,1.3135764]]}},{"type":"Feature","id":"way/546868164-0-0-0","properties":{"highway":"service","lanes":"2","lanes:backward":"1","lanes:forward":"1","service":"parking_aisle","tunnel":"building_passage"},"geometry":{"type":"LineString","coordinates":[[103.7623317,1.3138176],[103.7623317,1.313805]]}},{"type":"Feature","id":"way/546868164-0-1-0","properties":{"highway":"service","lanes":"2","lanes:backward":"1","lanes:forward":"1","service":"parking_aisle","tunnel":"building_passage"},"geometry":{"type":"LineString","coordinates":[[103.7623317,1.313805],[103.7623319,1.3136912]]}},{"type":"Feature","id":"way/594262583-0-0-0","properties":{"highway":"service","lanes":"2","lanes:backward":"1","lanes:forward":"1","name":"Clementi Bus Interchange","name:ms":"Pusat Pertukaran Bas Clementi","name:zh":"\u91d1\u6587\u6cf0\u5df4\u58eb\u7ec8\u7ad9","service":"driveway","surface":"paved"},"geometry":{"type":"LineString","coordinates":[[103.7635141,1.3143218],[103.763446,1.3143386]]}},{"type":"Feature","id":"way/594262584-0-2-0","properties":{"highway":"residential","lanes":"2","maxspeed":"40","name":"Clementi Avenue 3","name:zh":"\u91d1\u6587\u6cf03\u9053","oneway":"yes","surface":"asphalt"},"geometry":{"type":"LineString","coordinates":[[103.7641892,1.315521],[103.7639715,1.3153578]]}},{"type":"Feature","id":"way/594262584-0-3-0","properties":{"highway":"residential","lanes":"2","maxspeed":"40","name":"Clementi Avenue 3","name:zh":"\u91d1\u6587\u6cf03\u9053","oneway":"yes","surface":"asphalt"},"geometry":{"type":"LineString","coordinates":[[103.7639715,1.3153578],[103.7638883,1.3152914]]}},{"type":"Feature","id":"way/594262584-0-4-0","properties":{"highway":"residential","lanes":"2","maxspeed":"40","name":"Clementi Avenue 3","name:zh":"\u91d1\u6587\u6cf03\u9053","oneway":"yes","surface":"asphalt"},"geometry":{"type":"LineString","coordinates":[[103.7638883,1.3152914],[103.7637904,1.3151922]]}},{"type":"Feature","id":"way/594262584-0-5-0","properties":{"highway":"residential","lanes":"2","maxspeed":"40","name":"Clementi Avenue 3","name:zh":"\u91d1\u6587\u6cf03\u9053","oneway":"yes","surface":"asphalt"},"geometry":{"type":"LineString","coordinates":[[103.7637904,1.3151922],[103.763714,1.3150843]]}},{"type":"Feature","id":"way/594262584-0-6-0","properties":{"highway":"residential","lanes":"2","maxspeed":"40","name":"Clementi Avenue 3","name:zh":"\u91d1\u6587\u6cf03\u9053","oneway":"yes","surface":"asphalt"},"geometry":{"type":"LineString","coordinates":[[103.763714,1.3150843],[103.7636858,1.3150387]]}},{"type":"Feature","id":"way/597118210-0-2-0","properties":{"highway":"service","service":"parking_aisle","surface":"asphalt"},"geometry":{"type":"LineString","coordinates":[[103.7611552,1.3153336],[103.7611914,1.3154637]]}},{"type":"Feature","id":"way/632221139-0-0-0","properties":{"highway":"residential","lanes":"2","maxspeed":"40","name":"Clementi Avenue 3","name:zh":"\u91d1\u6587\u6cf03\u9053","oneway":"yes","surface":"asphalt","turn:lanes":"left;through|through"},"geometry":{"type":"LineString","coordinates":[[103.7647982,1.3117638],[103.7646163,1.3119428]]}},{"type":"Feature","id":"way/632221140-0-0-0","properties":{"highway":"residential","lanes":"2","maxspeed":"40","name":"Clementi Avenue 3","name:zh":"\u91d1\u6587\u6cf03\u9053","oneway":"yes","surface":"asphalt"},"geometry":{"type":"LineString","coordinates":[[103.7654907,1.3117769],[103.7653294,1.3116158]]}},{"type":"Feature","id":"way/632221140-0-1-0","properties":{"highway":"residential","lanes":"2","maxspeed":"40","name":"Clementi Avenue 3","name:zh":"\u91d1\u6587\u6cf03\u9053","oneway":"yes","surface":"asphalt"},"geometry":{"type":"LineString","coordinates":[[103.7653294,1.3116158],[103.765271,1.3115769]]}},{"type":"Feature","id":"way/632221140-0-2-0","properties":{"highway":"residential","lanes":"2","maxspeed":"40","name":"Clementi Avenue 3","name:zh":"\u91d1\u6587\u6cf03\u9053","oneway":"yes","surface":"asphalt"},"geometry":{"type":"LineString","coordinates":[[103.765271,1.3115769],[103.7652046,1.3115514]]}},{"type":"Feature","id":"way/632221140-0-3-0","properties":{"highway":"residential","lanes":"2","maxspeed":"40","name":"Clementi Avenue 3","name:zh":"\u91d1\u6587\u6cf03\u9053","oneway":"yes","surface":"asphalt"},"geometry":{"type":"LineString","coordinates":[[103.7652046,1.3115514],[103.7651516,1.3115406]]}},{"type":"Feature","id":"way/632221140-0-4-0","properties":{"highway":"residential","lanes":"2","maxspeed":"40","name":"Clementi Avenue 3","name:zh":"\u91d1\u6587\u6cf03\u9053","oneway":"yes","surface":"asphalt"},"geometry":{"type":"LineString","coordinates":[[103.7651516,1.3115406],[103.7650958,1.3115373]]}},{"type":"Feature","id":"way/632221141-0-2-0","properties":{"highway":"residential","lanes":"2","maxspeed":"40","name":"Clementi Avenue 3","name:zh":"\u91d1\u6587\u6cf03\u9053","oneway":"yes","surface":"asphalt","turn:lanes":"left;through|through"},"geometry":{"type":"LineString","coordinates":[[103.7655907,1.3118767],[103.7655326,1.3118188]]}},{"type":"Feature","id":"way/632221141-0-3-0","properties":{"highway":"residential","lanes":"2","maxspeed":"40","name":"Clementi Avenue 3","name:zh":"\u91d1\u6587\u6cf03\u9053","oneway":"yes","surface":"asphalt","turn:lanes":"left;through|through"},"geometry":{"type":"LineString","coordinates":[[103.7655326,1.3118188],[103.7654907,1.3117769]]}},{"type":"Feature","id":"way/632221142-0-0-0","properties":{"highway":"residential","lanes":"2","maxspeed":"40","name":"Clementi Avenue 3","name:zh":"\u91d1\u6587\u6cf03\u9053","oneway":"yes","surface":"asphalt","turn:lanes":"through|through"},"geometry":{"type":"LineString","coordinates":[[103.7636239,1.312952],[103.7635435,1.3131057]]}},{"type":"Feature","id":"way/632221142-0-1-0","properties":{"highway":"residential","lanes":"2","maxspeed":"40","name":"Clementi Avenue 3","name:zh":"\u91d1\u6587\u6cf03\u9053","oneway":"yes","surface":"asphalt","turn:lanes":"through|through"},"geometry":{"type":"LineString","coordinates":[[103.7635435,1.3131057],[103.76349,1.3132651]]}},{"type":"Feature","id":"way/632221142-0-2-0","properties":{"highway":"residential","lanes":"2","maxspeed":"40","name":"Clementi Avenue 3","name:zh":"\u91d1\u6587\u6cf03\u9053","oneway":"yes","surface":"asphalt","turn:lanes":"through|through"},"geometry":{"type":"LineString","coordinates":[[103.76349,1.3132651],[103.7634692,1.3133626]]}},{"type":"Feature","id":"way/632221142-0-3-0","properties":{"highway":"residential","lanes":"2","maxspeed":"40","name":"Clementi Avenue 3","name:zh":"\u91d1\u6587\u6cf03\u9053","oneway":"yes","surface":"asphalt","turn:lanes":"through|through"},"geometry":{"type":"LineString","coordinates":[[103.7634692,1.3133626],[103.7634575,1.3134619]]}},{"type":"Feature","id":"way/632481218-0-0-0","properties":{"destination":"Clementi Avenue 6;West Coast Way","destination:ref":"PIE","highway":"motorway_link","lanes":"2","maxspeed":"70","oneway":"yes","surface":"asphalt"},"geometry":{"type":"LineString","coordinates":[[103.761918,1.3126135],[103.7618081,1.3127212]]}},{"type":"Feature","id":"way/632595492-0-0-0","properties":{"highway":"residential","lanes":"2","maxspeed":"40","name":"Clementi Avenue 3","name:zh":"\u91d1\u6587\u6cf03\u9053","oneway":"yes","surface":"asphalt","turn:lanes":"left;through|through"},"geometry":{"type":"LineString","coordinates":[[103.7650745,1.3116197],[103.7651274,1.3116111]]}},{"type":"Feature","id":"way/632595492-0-1-0","properties":{"highway":"residential","lanes":"2","maxspeed":"40","name":"Clementi Avenue 3","name:zh":"\u91d1\u6587\u6cf03\u9053","oneway":"yes","surface":"asphalt","turn:lanes":"left;through|through"},"geometry":{"type":"LineString","coordinates":[[103.7651274,1.3116111],[103.7651814,1.3116146]]}},{"type":"Feature","id":"way/632595492-0-2-0","properties":{"highway":"residential","lanes":"2","maxspeed":"40","name":"Clementi Avenue 3","name:zh":"\u91d1\u6587\u6cf03\u9053","oneway":"yes","surface":"asphalt","turn:lanes":"left;through|through"},"geometry":{"type":"LineString","coordinates":[[103.7651814,1.3116146],[103.765236,1.3116372]]}},{"type":"Feature","id":"way/632595492-0-3-0","properties":{"highway":"residential","lanes":"2","maxspeed":"40","name":"Clementi Avenue 3","name:zh":"\u91d1\u6587\u6cf03\u9053","oneway":"yes","surface":"asphalt","turn:lanes":"left;through|through"},"geometry":{"type":"LineString","coordinates":[[103.765236,1.3116372],[103.7652905,1.3116781]]}},{"type":"Feature","id":"way/632595492-0-4-0","properties":{"highway":"residential","lanes":"2","maxspeed":"40","name":"Clementi Avenue 3","name:zh":"\u91d1\u6587\u6cf03\u9053","oneway":"yes","surface":"asphalt","turn:lanes":"left;through|through"},"geometry":{"type":"LineString","coordinates":[[103.7652905,1.3116781],[103.7654403,1.3118336]]}},{"type":"Feature","id":"way/632595492-0-5-0","properties":{"highway":"residential","lanes":"2","maxspeed":"40","name":"Clementi Avenue 3","name:zh":"\u91d1\u6587\u6cf03\u9053","oneway":"yes","surface":"asphalt","turn:lanes":"left;through|through"},"geometry":{"type":"LineString","coordinates":[[103.7654403,1.3118336],[103.7654545,1.3118483]]}},{"type":"Feature","id":"way/632595492-0-6-0","properties":{"highway":"residential","lanes":"2","maxspeed":"40","name":"Clementi Avenue 3","name:zh":"\u91d1\u6587\u6cf03\u9053","oneway":"yes","surface":"asphalt","turn:lanes":"left;through|through"},"geometry":{"type":"LineString","coordinates":[[103.7654545,1.3118483],[103.7654766,1.3118712]]}},{"type":"Feature","id":"way/632595492-0-7-0","properties":{"highway":"residential","lanes":"2","maxspeed":"40","name":"Clementi Avenue 3","name:zh":"\u91d1\u6587\u6cf03\u9053","oneway":"yes","surface":"asphalt","turn:lanes":"left;through|through"},"geometry":{"type":"LineString","coordinates":[[103.7654766,1.3118712],[103.7655205,1.3119168]]}},{"type":"Feature","id":"way/632595492-0-8-0","properties":{"highway":"residential","lanes":"2","maxspeed":"40","name":"Clementi Avenue 3","name:zh":"\u91d1\u6587\u6cf03\u9053","oneway":"yes","surface":"asphalt","turn:lanes":"left;through|through"},"geometry":{"type":"LineString","coordinates":[[103.7655205,1.3119168],[103.7655363,1.3119332]]}},{"type":"Feature","id":"way/632595496-0-0-0","properties":{"highway":"residential","lanes":"2","maxspeed":"40","name":"Clementi Avenue 3","name:zh":"\u91d1\u6587\u6cf03\u9053","oneway":"yes","surface":"asphalt"},"geometry":{"type":"LineString","coordinates":[[103.7655363,1.3119332],[103.7655965,1.3119957]]}},{"type":"Feature","id":"way/633304621-0-0-0","properties":{"highway":"motorway_link","lanes":"2","maxheight":"4.5","maxspeed":"50","name":"Clementi Avenue 3","oneway":"yes","surface":"asphalt"},"geometry":{"type":"LineString","coordinates":[[103.7614896,1.313509],[103.7616011,1.3133994]]}},{"type":"Feature","id":"way/634991901-0-0-0","properties":{"highway":"residential","lanes":"2","maxspeed":"40","name":"Clementi Avenue 3","name:zh":"\u91d1\u6587\u6cf03\u9053","oneway":"yes","surface":"asphalt"},"geometry":{"type":"LineString","coordinates":[[103.7645183,1.3120403],[103.7644903,1.3120721]]}},{"type":"Feature","id":"way/634991901-0-1-0","properties":{"highway":"residential","lanes":"2","maxspeed":"40","name":"Clementi Avenue 3","name:zh":"\u91d1\u6587\u6cf03\u9053","oneway":"yes","surface":"asphalt"},"geometry":{"type":"LineString","coordinates":[[103.7644903,1.3120721],[103.7641731,1.312384]]}},{"type":"Feature","id":"way/634991901-0-2-0","properties":{"highway":"residential","lanes":"2","maxspeed":"40","name":"Clementi Avenue 3","name:zh":"\u91d1\u6587\u6cf03\u9053","oneway":"yes","surface":"asphalt"},"geometry":{"type":"LineString","coordinates":[[103.7641731,1.312384],[103.7641308,1.3124261]]}},{"type":"Feature","id":"way/634993671-0-0-0","properties":{"highway":"service","lanes":"1","oneway":"yes","service":"driveway","turn:lanes":"left"},"geometry":{"type":"LineString","coordinates":[[103.7631814,1.3143517],[103.7632485,1.3143662]]}},{"type":"Feature","id":"way/634993671-0-1-0","properties":{"highway":"service","lanes":"1","oneway":"yes","service":"driveway","turn:lanes":"left"},"geometry":{"type":"LineString","coordinates":[[103.7632485,1.3143662],[103.7633179,1.3144029]]}},{"type":"Feature","id":"way/634993671-0-2-0","properties":{"highway":"service","lanes":"1","oneway":"yes","service":"driveway","turn:lanes":"left"},"geometry":{"type":"LineString","coordinates":[[103.7633179,1.3144029],[103.7633571,1.3144263]]}},{"type":"Feature","id":"way/634993671-0-3-0","properties":{"highway":"service","lanes":"1","oneway":"yes","service":"driveway","turn:lanes":"left"},"geometry":{"type":"LineString","coordinates":[[103.7633571,1.3144263],[103.7634084,1.314487]]}},{"type":"Feature","id":"way/634993671-0-4-0","properties":{"highway":"service","lanes":"1","oneway":"yes","service":"driveway","turn:lanes":"left"},"geometry":{"type":"LineString","coordinates":[[103.7634084,1.314487],[103.7634357,1.3145346]]}},{"type":"Feature","id":"way/634993671-0-5-0","properties":{"highway":"service","lanes":"1","oneway":"yes","service":"driveway","turn:lanes":"left"},"geometry":{"type":"LineString","coordinates":[[103.7634357,1.3145346],[103.7634581,1.3145881]]}},{"type":"Feature","id":"way/634993674-0-0-0","properties":{"highway":"service","lanes":"2","lanes:backward":"1","lanes:forward":"1","service":"driveway","sidewalk":"left","surface":"asphalt","turn:lanes:backward":"right"},"geometry":{"type":"LineString","coordinates":[[103.7632781,1.3143509],[103.7631814,1.3143517]]}},{"type":"Feature","id":"way/634999026-0-0-0","properties":{"highway":"residential","lanes":"2","maxspeed":"40","name":"Clementi Avenue 3","name:zh":"\u91d1\u6587\u6cf03\u9053","oneway":"yes","surface":"asphalt","turn:lanes":"left;through|none"},"geometry":{"type":"LineString","coordinates":[[103.7641308,1.3124261],[103.7639687,1.3125874]]}},{"type":"Feature","id":"way/636916139-0-0-0","properties":{"highway":"residential","lanes":"2","maxspeed":"40","name":"Clementi Avenue 3","name:zh":"\u91d1\u6587\u6cf03\u9053","oneway":"yes","surface":"asphalt"},"geometry":{"type":"LineString","coordinates":[[103.7636403,1.3150996],[103.7637426,1.3152376]]}},{"type":"Feature","id":"way/636916139-0-1-0","properties":{"highway":"residential","lanes":"2","maxspeed":"40","name":"Clementi Avenue 3","name:zh":"\u91d1\u6587\u6cf03\u9053","oneway":"yes","surface":"asphalt"},"geometry":{"type":"LineString","coordinates":[[103.7637426,1.3152376],[103.7638483,1.3153423]]}},{"type":"Feature","id":"way/636916139-0-2-0","properties":{"highway":"residential","lanes":"2","maxspeed":"40","name":"Clementi Avenue 3","name:zh":"\u91d1\u6587\u6cf03\u9053","oneway":"yes","surface":"asphalt"},"geometry":{"type":"LineString","coordinates":[[103.7638483,1.3153423],[103.7639304,1.315411]]}},{"type":"Feature","id":"way/636916139-0-3-0","properties":{"highway":"residential","lanes":"2","maxspeed":"40","name":"Clementi Avenue 3","name:zh":"\u91d1\u6587\u6cf03\u9053","oneway":"yes","surface":"asphalt"},"geometry":{"type":"LineString","coordinates":[[103.7639304,1.315411],[103.7639544,1.3154311]]}},{"type":"Feature","id":"way/636916140-0-0-0","properties":{"highway":"residential","lanes":"2","maxspeed":"40","name":"Clementi Avenue 3","name:zh":"\u91d1\u6587\u6cf03\u9053","oneway":"yes","surface":"asphalt"},"geometry":{"type":"LineString","coordinates":[[103.7635299,1.3148803],[103.7635948,1.3150144]]}},{"type":"Feature","id":"way/636916140-0-1-0","properties":{"highway":"residential","lanes":"2","maxspeed":"40","name":"Clementi Avenue 3","name:zh":"\u91d1\u6587\u6cf03\u9053","oneway":"yes","surface":"asphalt"},"geometry":{"type":"LineString","coordinates":[[103.7635948,1.3150144],[103.7636403,1.3150996]]}},{"type":"Feature","id":"way/636917920-0-0-0","properties":{"highway":"residential","lanes":"2","maxspeed":"40","name":"Clementi Avenue 3","name:zh":"\u91d1\u6587\u6cf03\u9053","oneway":"yes","surface":"asphalt"},"geometry":{"type":"LineString","coordinates":[[103.763446,1.3143386],[103.763446,1.3144683]]}},{"type":"Feature","id":"way/636917920-0-1-0","properties":{"highway":"residential","lanes":"2","maxspeed":"40","name":"Clementi Avenue 3","name:zh":"\u91d1\u6587\u6cf03\u9053","oneway":"yes","surface":"asphalt"},"geometry":{"type":"LineString","coordinates":[[103.763446,1.3144683],[103.7634581,1.3145881]]}},{"type":"Feature","id":"way/639123958-0-0-0","properties":{"highway":"service","lanes":"2","lanes:backward":"1","lanes:forward":"1","service":"driveway","surface":"asphalt"},"geometry":{"type":"LineString","coordinates":[[103.763444,1.3137853],[103.763508,1.3137872]]}},{"type":"Feature","id":"way/639546979-0-0-0","properties":{"highway":"residential","lanes":"2","maxspeed":"40","name":"Clementi Avenue 3","name:zh":"\u91d1\u6587\u6cf03\u9053","oneway":"yes","surface":"asphalt"},"geometry":{"type":"LineString","coordinates":[[103.7646919,1.3119656],[103.7648414,1.3118171]]}},{"type":"Feature","id":"way/639546979-0-1-0","properties":{"highway":"residential","lanes":"2","maxspeed":"40","name":"Clementi Avenue 3","name:zh":"\u91d1\u6587\u6cf03\u9053","oneway":"yes","surface":"asphalt"},"geometry":{"type":"LineString","coordinates":[[103.7648414,1.3118171],[103.7648777,1.3117809]]}},{"type":"Feature","id":"way/639546979-0-2-0","properties":{"highway":"residential","lanes":"2","maxspeed":"40","name":"Clementi Avenue 3","name:zh":"\u91d1\u6587\u6cf03\u9053","oneway":"yes","surface":"asphalt"},"geometry":{"type":"LineString","coordinates":[[103.7648777,1.3117809],[103.7650183,1.3116412]]}},{"type":"Feature","id":"way/639546979-0-3-0","properties":{"highway":"residential","lanes":"2","maxspeed":"40","name":"Clementi Avenue 3","name:zh":"\u91d1\u6587\u6cf03\u9053","oneway":"yes","surface":"asphalt"},"geometry":{"type":"LineString","coordinates":[[103.7650183,1.3116412],[103.7650745,1.3116197]]}},{"type":"Feature","id":"way/639580318-0-0-0","properties":{"highway":"service","lanes":"1","oneway":"yes","service":"driveway","surface":"asphalt","turn:lanes":"left;right"},"geometry":{"type":"LineString","coordinates":[[103.7655583,1.3117101],[103.7656233,1.3116462]]}},{"type":"Feature","id":"way/644828137-0-0-0","properties":{"highway":"service","service":"driveway","surface":"asphalt"},"geometry":{"type":"LineString","coordinates":[[103.7656818,1.311828],[103.7655583,1.3117101]]}},{"type":"Feature","id":"way/646937377-0-0-0","properties":{"highway":"service","lanes":"2","lanes:backward":"1","lanes:forward":"1","service":"driveway","surface":"asphalt"},"geometry":{"type":"LineString","coordinates":[[103.7652747,1.311412],[103.7652767,1.3113926]]}},{"type":"Feature","id":"way/646937377-0-1-0","properties":{"highway":"service","lanes":"2","lanes:backward":"1","lanes:forward":"1","service":"driveway","surface":"asphalt"},"geometry":{"type":"LineString","coordinates":[[103.7652767,1.3113926],[103.7655749,1.3110949]]}},{"type":"Feature","id":"way/647104730-0-0-0","properties":{"highway":"service","lanes":"2","lanes:backward":"1","lanes:forward":"1","service":"parking_aisle"},"geometry":{"type":"LineString","coordinates":[[103.7623317,1.3138372],[103.7623317,1.3138176]]}},{"type":"Feature","id":"way/647104731-0-0-0","properties":{"highway":"service","lanes":"2","lanes:backward":"1","lanes:forward":"1","service":"parking_aisle","turn:lanes:backward":"left;through","turn:lanes:forward":"through"},"geometry":{"type":"LineString","coordinates":[[103.7623258,1.3142035],[103.7623286,1.3140197]]}},{"type":"Feature","id":"way/647104732-0-0-0","properties":{"highway":"service","service":"parking_aisle"},"geometry":{"type":"LineString","coordinates":[[103.7629083,1.3142072],[103.7630327,1.314208]]}},{"type":"Feature","id":"way/647104732-0-1-0","properties":{"highway":"service","service":"parking_aisle"},"geometry":{"type":"LineString","coordinates":[[103.7630327,1.314208],[103.7631159,1.3142085]]}},{"type":"Feature","id":"way/647104733-0-0-0","properties":{"highway":"service","lanes":"1","oneway":"yes","service":"parking_aisle","turn:lanes":"through"},"geometry":{"type":"LineString","coordinates":[[103.7629083,1.3142072],[103.7626773,1.3142057]]}},{"type":"Feature","id":"way/647107274-0-0-0","properties":{"highway":"service","lanes":"1","oneway":"yes","service":"parking_aisle","surface":"asphalt"},"geometry":{"type":"LineString","coordinates":[[103.761425,1.3143394],[103.7614488,1.3143502]]}},{"type":"Feature","id":"way/647107274-0-1-0","properties":{"highway":"service","lanes":"1","oneway":"yes","service":"parking_aisle","surface":"asphalt"},"geometry":{"type":"LineString","coordinates":[[103.7614488,1.3143502],[103.7620912,1.3143513]]}},{"type":"Feature","id":"way/647107275-0-0-0","properties":{"highway":"service","lanes":"3","lanes:backward":"1","lanes:forward":"2","service":"parking_aisle","sidewalk":"left"},"geometry":{"type":"LineString","coordinates":[[103.7630349,1.3143529],[103.7629081,1.3143527]]}},{"type":"Feature","id":"way/647107731-0-0-0","properties":{"highway":"service","lanes":"1","oneway":"yes","service":"parking_aisle","turn:lanes":"through;right"},"geometry":{"type":"LineString","coordinates":[[103.7624587,1.3134682],[103.7623125,1.3134681]]}},{"type":"Feature","id":"way/647107732-0-0-0","properties":{"highway":"service","service":"parking_aisle"},"geometry":{"type":"LineString","coordinates":[[103.7623128,1.3135764],[103.762332,1.3135764]]}},{"type":"Feature","id":"way/647107733-0-0-0","properties":{"highway":"service","lanes":"1","oneway":"yes","service":"parking_aisle"},"geometry":{"type":"LineString","coordinates":[[103.7625539,1.3135765],[103.7626364,1.3135766]]}},{"type":"Feature","id":"way/647107733-0-1-0","properties":{"highway":"service","lanes":"1","oneway":"yes","service":"parking_aisle"},"geometry":{"type":"LineString","coordinates":[[103.7626364,1.3135766],[103.7626647,1.3135631]]}},{"type":"Feature","id":"way/647107733-0-2-0","properties":{"highway":"service","lanes":"1","oneway":"yes","service":"parking_aisle"},"geometry":{"type":"LineString","coordinates":[[103.7626647,1.3135631],[103.7626854,1.313537]]}},{"type":"Feature","id":"way/647107733-0-3-0","properties":{"highway":"service","lanes":"1","oneway":"yes","service":"parking_aisle"},"geometry":{"type":"LineString","coordinates":[[103.7626854,1.313537],[103.7627223,1.3134684]]}},{"type":"Feature","id":"way/649108513-0-0-0","properties":{"highway":"service","lanes":"1","oneway":"yes","service":"parking_aisle","turn:lanes":"through"},"geometry":{"type":"LineString","coordinates":[[103.7646163,1.3119428],[103.7645711,1.3119187]]}},{"type":"Feature","id":"way/649108513-0-1-0","properties":{"highway":"service","lanes":"1","oneway":"yes","service":"parking_aisle","turn:lanes":"through"},"geometry":{"type":"LineString","coordinates":[[103.7645711,1.3119187],[103.7644589,1.3118741]]}},{"type":"Feature","id":"way/669629304-0-0-0","properties":{"bus":"no","highway":"service","lanes":"1","maxspeed":"40"},"geometry":{"type":"LineString","coordinates":[[103.7636239,1.312952],[103.7636757,1.3129858]]}},{"type":"Feature","id":"way/673347612-0-0-0","properties":{"highway":"service","lanes":"3","lanes:backward":"1","lanes:forward":"2","service":"driveway","sidewalk":"left","surface":"asphalt","turn:lanes:backward":"left;right","turn:lanes:forward":"through|through"},"geometry":{"type":"LineString","coordinates":[[103.7631814,1.3143517],[103.7631294,1.3143521]]}},{"type":"Feature","id":"way/673347612-0-1-0","properties":{"highway":"service","lanes":"3","lanes:backward":"1","lanes:forward":"2","service":"driveway","sidewalk":"left","surface":"asphalt","turn:lanes:backward":"left;right","turn:lanes:forward":"through|through"},"geometry":{"type":"LineString","coordinates":[[103.7631294,1.3143521],[103.7630349,1.3143529]]}},{"type":"Feature","id":"way/690840207-0-0-0","properties":{"highway":"service","lanes":"2","lanes:backward":"1","lanes:forward":"1","maxspeed":"20","service":"driveway","surface":"asphalt"},"geometry":{"type":"LineString","coordinates":[[103.7646919,1.3119656],[103.7647147,1.3119882]]}},{"type":"Feature","id":"way/690840207-0-1-0","properties":{"highway":"service","lanes":"2","lanes:backward":"1","lanes:forward":"1","maxspeed":"20","service":"driveway","surface":"asphalt"},"geometry":{"type":"LineString","coordinates":[[103.7647147,1.3119882],[103.7647654,1.3120381]]}},{"type":"Feature","id":"way/690840207-0-2-0","properties":{"highway":"service","lanes":"2","lanes:backward":"1","lanes:forward":"1","maxspeed":"20","service":"driveway","surface":"asphalt"},"geometry":{"type":"LineString","coordinates":[[103.7647654,1.3120381],[103.7647764,1.3120489]]}},{"type":"Feature","id":"way/690972478-0-0-0","properties":{"access":"destination","highway":"service","incline":"down","indoor":"yes","layer":"-2","oneway":"yes","ramp":"yes","service":"driveway","tunnel":"building_passage"},"geometry":{"type":"LineString","coordinates":[[103.7638322,1.3143994],[103.7638145,1.3144044]]}},{"type":"Feature","id":"way/690972478-0-1-0","properties":{"access":"destination","highway":"service","incline":"down","indoor":"yes","layer":"-2","oneway":"yes","ramp":"yes","service":"driveway","tunnel":"building_passage"},"geometry":{"type":"LineString","coordinates":[[103.7638145,1.3144044],[103.763807,1.3144133]]}},{"type":"Feature","id":"way/690972478-0-2-0","properties":{"access":"destination","highway":"service","incline":"down","indoor":"yes","layer":"-2","oneway":"yes","ramp":"yes","service":"driveway","tunnel":"building_passage"},"geometry":{"type":"LineString","coordinates":[[103.763807,1.3144133],[103.7638033,1.3144277]]}},{"type":"Feature","id":"way/690972478-0-3-0","properties":{"access":"destination","highway":"service","incline":"down","indoor":"yes","layer":"-2","oneway":"yes","ramp":"yes","service":"driveway","tunnel":"building_passage"},"geometry":{"type":"LineString","coordinates":[[103.7638033,1.3144277],[103.7638018,1.3144476]]}},{"type":"Feature","id":"way/690972478-0-4-0","properties":{"access":"destination","highway":"service","incline":"down","indoor":"yes","layer":"-2","oneway":"yes","ramp":"yes","service":"driveway","tunnel":"building_passage"},"geometry":{"type":"LineString","coordinates":[[103.7638018,1.3144476],[103.7637986,1.3144623]]}},{"type":"Feature","id":"way/690972478-0-5-0","properties":{"access":"destination","highway":"service","incline":"down","indoor":"yes","layer":"-2","oneway":"yes","ramp":"yes","service":"driveway","tunnel":"building_passage"},"geometry":{"type":"LineString","coordinates":[[103.7637986,1.3144623],[103.7637911,1.3144767]]}},{"type":"Feature","id":"way/690972478-0-6-0","properties":{"access":"destination","highway":"service","incline":"down","indoor":"yes","layer":"-2","oneway":"yes","ramp":"yes","service":"driveway","tunnel":"building_passage"},"geometry":{"type":"LineString","coordinates":[[103.7637911,1.3144767],[103.7637839,1.3144879]]}},{"type":"Feature","id":"way/690972478-0-7-0","properties":{"access":"destination","highway":"service","incline":"down","indoor":"yes","layer":"-2","oneway":"yes","ramp":"yes","service":"driveway","tunnel":"building_passage"},"geometry":{"type":"LineString","coordinates":[[103.7637839,1.3144879],[103.7637733,1.3144938]]}},{"type":"Feature","id":"way/690972478-0-8-0","properties":{"access":"destination","highway":"service","incline":"down","indoor":"yes","layer":"-2","oneway":"yes","ramp":"yes","service":"driveway","tunnel":"building_passage"},"geometry":{"type":"LineString","coordinates":[[103.7637733,1.3144938],[103.7637596,1.314498]]}},{"type":"Feature","id":"way/690972478-0-9-0","properties":{"access":"destination","highway":"service","incline":"down","indoor":"yes","layer":"-2","oneway":"yes","ramp":"yes","service":"driveway","tunnel":"building_passage"},"geometry":{"type":"LineString","coordinates":[[103.7637596,1.314498],[103.7637455,1.3145002]]}},{"type":"Feature","id":"way/690972478-0-10-0","properties":{"access":"destination","highway":"service","incline":"down","indoor":"yes","layer":"-2","oneway":"yes","ramp":"yes","service":"driveway","tunnel":"building_passage"},"geometry":{"type":"LineString","coordinates":[[103.7637455,1.3145002],[103.7637323,1.314498]]}},{"type":"Feature","id":"way/690972478-0-11-0","properties":{"access":"destination","highway":"service","incline":"down","indoor":"yes","layer":"-2","oneway":"yes","ramp":"yes","service":"driveway","tunnel":"building_passage"},"geometry":{"type":"LineString","coordinates":[[103.7637323,1.314498],[103.7637202,1.3144926]]}},{"type":"Feature","id":"way/690972478-0-12-0","properties":{"access":"destination","highway":"service","incline":"down","indoor":"yes","layer":"-2","oneway":"yes","ramp":"yes","service":"driveway","tunnel":"building_passage"},"geometry":{"type":"LineString","coordinates":[[103.7637202,1.3144926],[103.7637073,1.3144849]]}},{"type":"Feature","id":"way/690972478-0-13-0","properties":{"access":"destination","highway":"service","incline":"down","indoor":"yes","layer":"-2","oneway":"yes","ramp":"yes","service":"driveway","tunnel":"building_passage"},"geometry":{"type":"LineString","coordinates":[[103.7637073,1.3144849],[103.7636974,1.3144729]]}},{"type":"Feature","id":"way/690972478-0-14-0","properties":{"access":"destination","highway":"service","incline":"down","indoor":"yes","layer":"-2","oneway":"yes","ramp":"yes","service":"driveway","tunnel":"building_passage"},"geometry":{"type":"LineString","coordinates":[[103.7636974,1.3144729],[103.7636915,1.3144625]]}},{"type":"Feature","id":"way/690972478-0-15-0","properties":{"access":"destination","highway":"service","incline":"down","indoor":"yes","layer":"-2","oneway":"yes","ramp":"yes","service":"driveway","tunnel":"building_passage"},"geometry":{"type":"LineString","coordinates":[[103.7636915,1.3144625],[103.7636895,1.3144501]]}},{"type":"Feature","id":"way/690972478-0-16-0","properties":{"access":"destination","highway":"service","incline":"down","indoor":"yes","layer":"-2","oneway":"yes","ramp":"yes","service":"driveway","tunnel":"building_passage"},"geometry":{"type":"LineString","coordinates":[[103.7636895,1.3144501],[103.7636902,1.3144367]]}},{"type":"Feature","id":"way/690972478-0-17-0","properties":{"access":"destination","highway":"service","incline":"down","indoor":"yes","layer":"-2","oneway":"yes","ramp":"yes","service":"driveway","tunnel":"building_passage"},"geometry":{"type":"LineString","coordinates":[[103.7636902,1.3144367],[103.7636955,1.3144246]]}},{"type":"Feature","id":"way/690972478-0-18-0","properties":{"access":"destination","highway":"service","incline":"down","indoor":"yes","layer":"-2","oneway":"yes","ramp":"yes","service":"driveway","tunnel":"building_passage"},"geometry":{"type":"LineString","coordinates":[[103.7636955,1.3144246],[103.7637034,1.3144088]]}},{"type":"Feature","id":"way/690972478-0-19-0","properties":{"access":"destination","highway":"service","incline":"down","indoor":"yes","layer":"-2","oneway":"yes","ramp":"yes","service":"driveway","tunnel":"building_passage"},"geometry":{"type":"LineString","coordinates":[[103.7637034,1.3144088],[103.7637163,1.3143958]]}},{"type":"Feature","id":"way/690972478-0-20-0","properties":{"access":"destination","highway":"service","incline":"down","indoor":"yes","layer":"-2","oneway":"yes","ramp":"yes","service":"driveway","tunnel":"building_passage"},"geometry":{"type":"LineString","coordinates":[[103.7637163,1.3143958],[103.7637462,1.3143877]]}},{"type":"Feature","id":"way/690972478-0-21-0","properties":{"access":"destination","highway":"service","incline":"down","indoor":"yes","layer":"-2","oneway":"yes","ramp":"yes","service":"driveway","tunnel":"building_passage"},"geometry":{"type":"LineString","coordinates":[[103.7637462,1.3143877],[103.763823,1.3143949]]}},{"type":"Feature","id":"way/690972478-0-22-0","properties":{"access":"destination","highway":"service","incline":"down","indoor":"yes","layer":"-2","oneway":"yes","ramp":"yes","service":"driveway","tunnel":"building_passage"},"geometry":{"type":"LineString","coordinates":[[103.763823,1.3143949],[103.7638991,1.3144109]]}},{"type":"Feature","id":"way/700139899-0-0-0","properties":{"highway":"service","lanes":"2","maxspeed":"20","oneway":"yes","service":"driveway","sidewalk":"left","surface":"asphalt","turn:lanes":"through|through"},"geometry":{"type":"LineString","coordinates":[[103.7655363,1.3119332],[103.7655052,1.3119599]]}},{"type":"Feature","id":"way/700139899-0-1-0","properties":{"highway":"service","lanes":"2","maxspeed":"20","oneway":"yes","service":"driveway","sidewalk":"left","surface":"asphalt","turn:lanes":"through|through"},"geometry":{"type":"LineString","coordinates":[[103.7655052,1.3119599],[103.7654503,1.3120084]]}},{"type":"Feature","id":"way/700139899-0-2-0","properties":{"highway":"service","lanes":"2","maxspeed":"20","oneway":"yes","service":"driveway","sidewalk":"left","surface":"asphalt","turn:lanes":"through|through"},"geometry":{"type":"LineString","coordinates":[[103.7654503,1.3120084],[103.7654165,1.3120394]]}},{"type":"Feature","id":"way/700139899-0-3-0","properties":{"highway":"service","lanes":"2","maxspeed":"20","oneway":"yes","service":"driveway","sidewalk":"left","surface":"asphalt","turn:lanes":"through|through"},"geometry":{"type":"LineString","coordinates":[[103.7654165,1.3120394],[103.7653816,1.3120535]]}},{"type":"Feature","id":"way/700139899-0-4-0","properties":{"highway":"service","lanes":"2","maxspeed":"20","oneway":"yes","service":"driveway","sidewalk":"left","surface":"asphalt","turn:lanes":"through|through"},"geometry":{"type":"LineString","coordinates":[[103.7653816,1.3120535],[103.7653173,1.3120742]]}},{"type":"Feature","id":"way/700139899-0-5-0","properties":{"highway":"service","lanes":"2","maxspeed":"20","oneway":"yes","service":"driveway","sidewalk":"left","surface":"asphalt","turn:lanes":"through|through"},"geometry":{"type":"LineString","coordinates":[[103.7653173,1.3120742],[103.7652763,1.3120978]]}},{"type":"Feature","id":"way/700139899-0-6-0","properties":{"highway":"service","lanes":"2","maxspeed":"20","oneway":"yes","service":"driveway","sidewalk":"left","surface":"asphalt","turn:lanes":"through|through"},"geometry":{"type":"LineString","coordinates":[[103.7652763,1.3120978],[103.7651901,1.3121811]]}},{"type":"Feature","id":"way/700139899-0-7-0","properties":{"highway":"service","lanes":"2","maxspeed":"20","oneway":"yes","service":"driveway","sidewalk":"left","surface":"asphalt","turn:lanes":"through|through"},"geometry":{"type":"LineString","coordinates":[[103.7651901,1.3121811],[103.7651001,1.3122681]]}},{"type":"Feature","id":"way/700139900-0-0-0","properties":{"highway":"service","lanes":"1","maxspeed":"20","oneway":"yes","service":"driveway","sidewalk":"left","surface":"asphalt","turn:lanes":"left"},"geometry":{"type":"LineString","coordinates":[[103.7655194,1.3120798],[103.7655965,1.3119957]]}},{"type":"Feature","id":"way/700139901-0-0-0","properties":{"highway":"service","lanes":"1","maxspeed":"20","oneway":"yes","service":"driveway","sidewalk":"left","surface":"asphalt"},"geometry":{"type":"LineString","coordinates":[[103.7651344,1.3124877],[103.7652129,1.3124043]]}},{"type":"Feature","id":"way/700139901-0-1-0","properties":{"highway":"service","lanes":"1","maxspeed":"20","oneway":"yes","service":"driveway","sidewalk":"left","surface":"asphalt"},"geometry":{"type":"LineString","coordinates":[[103.7652129,1.3124043],[103.7652387,1.3123769]]}},{"type":"Feature","id":"way/700139901-0-2-0","properties":{"highway":"service","lanes":"1","maxspeed":"20","oneway":"yes","service":"driveway","sidewalk":"left","surface":"asphalt"},"geometry":{"type":"LineString","coordinates":[[103.7652387,1.3123769],[103.7652906,1.3123218]]}},{"type":"Feature","id":"way/700139901-0-3-0","properties":{"highway":"service","lanes":"1","maxspeed":"20","oneway":"yes","service":"driveway","sidewalk":"left","surface":"asphalt"},"geometry":{"type":"LineString","coordinates":[[103.7652906,1.3123218],[103.7653985,1.3122072]]}},{"type":"Feature","id":"way/700139901-0-4-0","properties":{"highway":"service","lanes":"1","maxspeed":"20","oneway":"yes","service":"driveway","sidewalk":"left","surface":"asphalt"},"geometry":{"type":"LineString","coordinates":[[103.7653985,1.3122072],[103.7654674,1.3121342]]}},{"type":"Feature","id":"way/700139901-0-5-0","properties":{"highway":"service","lanes":"1","maxspeed":"20","oneway":"yes","service":"driveway","sidewalk":"left","surface":"asphalt"},"geometry":{"type":"LineString","coordinates":[[103.7654674,1.3121342],[103.7655194,1.3120798]]}},{"type":"Feature","id":"way/708354520-0-0-0","properties":{"bus":"no","highway":"service"},"geometry":{"type":"LineString","coordinates":[[103.7640142,1.3126392],[103.7639687,1.3125874]]}},{"type":"Feature","id":"way/708354521-0-0-0","properties":{"highway":"residential","lanes":"2","maxspeed":"40","name":"Clementi Avenue 3","name:zh":"\u91d1\u6587\u6cf03\u9053","oneway":"yes","surface":"asphalt","turn:lanes":"through|through"},"geometry":{"type":"LineString","coordinates":[[103.7640142,1.3126392],[103.7642236,1.3124311]]}},{"type":"Feature","id":"way/708354521-0-1-0","properties":{"highway":"residential","lanes":"2","maxspeed":"40","name":"Clementi Avenue 3","name:zh":"\u91d1\u6587\u6cf03\u9053","oneway":"yes","surface":"asphalt","turn:lanes":"through|through"},"geometry":{"type":"LineString","coordinates":[[103.7642236,1.3124311],[103.7643797,1.3122759]]}},{"type":"Feature","id":"way/709278316-0-0-0","properties":{"highway":"residential","lanes":"2","maxspeed":"40","name":"Clementi Avenue 3","name:zh":"\u91d1\u6587\u6cf03\u9053","oneway":"yes","surface":"asphalt","turn:lanes":"left;through|none"},"geometry":{"type":"LineString","coordinates":[[103.7643797,1.3122759],[103.7645381,1.3121185]]}},{"type":"Feature","id":"way/709278316-0-1-0","properties":{"highway":"residential","lanes":"2","maxspeed":"40","name":"Clementi Avenue 3","name:zh":"\u91d1\u6587\u6cf03\u9053","oneway":"yes","surface":"asphalt","turn:lanes":"left;through|none"},"geometry":{"type":"LineString","coordinates":[[103.7645381,1.3121185],[103.7646919,1.3119656]]}},{"type":"Feature","id":"way/711393665-0-0-0","properties":{"busway:left":"lane","highway":"primary","lanes":"4","lanes:bus":"1","lanes:bus:conditional":"1 @ (Mo-Fr 07:30-09:30,17:00-20:00)","maxspeed":"60","name":"Commonwealth Avenue West","name:zh":"\u8054\u90a6\u897f\u9053","note":"Part of it estimated ???","oneway":"yes","sidewalk:left":"separate","sidewalk:right":"no","source":"Yahoo aerial images","surface":"asphalt"},"geometry":{"type":"LineString","coordinates":[[103.765316,1.3145368],[103.7650798,1.3150862]]}},{"type":"Feature","id":"way/737645515-0-0-0","properties":{"highway":"residential","lanes":"2","maxspeed":"40","name":"Clementi Avenue 3","name:zh":"\u91d1\u6587\u6cf03\u9053","oneway":"yes","surface":"asphalt","turn:lanes":"left;through|through"},"geometry":{"type":"LineString","coordinates":[[103.763444,1.3137853],[103.7634384,1.3139567]]}},{"type":"Feature","id":"way/737645515-0-1-0","properties":{"highway":"residential","lanes":"2","maxspeed":"40","name":"Clementi Avenue 3","name:zh":"\u91d1\u6587\u6cf03\u9053","oneway":"yes","surface":"asphalt","turn:lanes":"left;through|through"},"geometry":{"type":"LineString","coordinates":[[103.7634384,1.3139567],[103.7634411,1.3141471]]}},{"type":"Feature","id":"way/737645515-0-2-0","properties":{"highway":"residential","lanes":"2","maxspeed":"40","name":"Clementi Avenue 3","name:zh":"\u91d1\u6587\u6cf03\u9053","oneway":"yes","surface":"asphalt","turn:lanes":"left;through|through"},"geometry":{"type":"LineString","coordinates":[[103.7634411,1.3141471],[103.7634444,1.3142448]]}},{"type":"Feature","id":"way/737645515-0-3-0","properties":{"highway":"residential","lanes":"2","maxspeed":"40","name":"Clementi Avenue 3","name:zh":"\u91d1\u6587\u6cf03\u9053","oneway":"yes","surface":"asphalt","turn:lanes":"left;through|through"},"geometry":{"type":"LineString","coordinates":[[103.7634444,1.3142448],[103.763446,1.3143386]]}},{"type":"Feature","id":"way/737645517-0-0-0","properties":{"highway":"residential","lanes":"2","maxspeed":"40","name":"Clementi Avenue 3","name:zh":"\u91d1\u6587\u6cf03\u9053","oneway":"yes","surface":"asphalt","turn:lanes":"left;through|through;right"},"geometry":{"type":"LineString","coordinates":[[103.7634575,1.3134619],[103.763444,1.3137853]]}},{"type":"Feature","id":"way/737645518-0-0-0","properties":{"highway":"residential","lanes":"2","maxspeed":"40","name":"Clementi Avenue 3","name:zh":"\u91d1\u6587\u6cf03\u9053","oneway":"yes","surface":"asphalt","turn:lanes":"through|through;right"},"geometry":{"type":"LineString","coordinates":[[103.7639687,1.3125874],[103.7636585,1.3129097]]}},{"type":"Feature","id":"way/737645518-0-1-0","properties":{"highway":"residential","lanes":"2","maxspeed":"40","name":"Clementi Avenue 3","name:zh":"\u91d1\u6587\u6cf03\u9053","oneway":"yes","surface":"asphalt","turn:lanes":"through|through;right"},"geometry":{"type":"LineString","coordinates":[[103.7636585,1.3129097],[103.7636239,1.312952]]}},{"type":"Feature","id":"way/737645519-0-0-0","properties":{"highway":"residential","lanes":"2","maxspeed":"40","name":"Clementi Avenue 3","name:zh":"\u91d1\u6587\u6cf03\u9053","oneway":"yes","surface":"asphalt","turn:lanes":"through|through"},"geometry":{"type":"LineString","coordinates":[[103.7646163,1.3119428],[103.7645183,1.3120403]]}},{"type":"Feature","id":"way/737645520-0-0-0","properties":{"highway":"service","lanes":"1","oneway":"yes","service":"parking_aisle","turn:lanes":"left"},"geometry":{"type":"LineString","coordinates":[[103.7644589,1.3118741],[103.7644878,1.3119563]]}},{"type":"Feature","id":"way/737645520-0-1-0","properties":{"highway":"service","lanes":"1","oneway":"yes","service":"parking_aisle","turn:lanes":"left"},"geometry":{"type":"LineString","coordinates":[[103.7644878,1.3119563],[103.7644962,1.3119918]]}},{"type":"Feature","id":"way/737645520-0-2-0","properties":{"highway":"service","lanes":"1","oneway":"yes","service":"parking_aisle","turn:lanes":"left"},"geometry":{"type":"LineString","coordinates":[[103.7644962,1.3119918],[103.7645183,1.3120403]]}},{"type":"Feature","id":"way/737957634-0-0-0","properties":{"highway":"residential","lanes":"2","maxspeed":"40","name":"Clementi Avenue 3","name:zh":"\u91d1\u6587\u6cf03\u9053","oneway":"yes","surface":"asphalt","turn:lanes":"through|through;right"},"geometry":{"type":"LineString","coordinates":[[103.7636757,1.3129858],[103.7637247,1.312927]]}},{"type":"Feature","id":"way/737957634-0-1-0","properties":{"highway":"residential","lanes":"2","maxspeed":"40","name":"Clementi Avenue 3","name:zh":"\u91d1\u6587\u6cf03\u9053","oneway":"yes","surface":"asphalt","turn:lanes":"through|through;right"},"geometry":{"type":"LineString","coordinates":[[103.7637247,1.312927],[103.7638784,1.3127743]]}},{"type":"Feature","id":"way/737957634-0-2-0","properties":{"highway":"residential","lanes":"2","maxspeed":"40","name":"Clementi Avenue 3","name:zh":"\u91d1\u6587\u6cf03\u9053","oneway":"yes","surface":"asphalt","turn:lanes":"through|through;right"},"geometry":{"type":"LineString","coordinates":[[103.7638784,1.3127743],[103.7640142,1.3126392]]}},{"type":"Feature","id":"way/737957636-0-0-0","properties":{"highway":"residential","lanes":"2","maxspeed":"40","name":"Clementi Avenue 3","name:zh":"\u91d1\u6587\u6cf03\u9053","oneway":"yes","surface":"asphalt","turn:lanes":"left;through|none"},"geometry":{"type":"LineString","coordinates":[[103.7635141,1.3143218],[103.7635134,1.31423]]}},{"type":"Feature","id":"way/737957636-0-1-0","properties":{"highway":"residential","lanes":"2","maxspeed":"40","name":"Clementi Avenue 3","name:zh":"\u91d1\u6587\u6cf03\u9053","oneway":"yes","surface":"asphalt","turn:lanes":"left;through|none"},"geometry":{"type":"LineString","coordinates":[[103.7635134,1.31423],[103.7635088,1.3140358]]}},{"type":"Feature","id":"way/737957636-0-2-0","properties":{"highway":"residential","lanes":"2","maxspeed":"40","name":"Clementi Avenue 3","name:zh":"\u91d1\u6587\u6cf03\u9053","oneway":"yes","surface":"asphalt","turn:lanes":"left;through|none"},"geometry":{"type":"LineString","coordinates":[[103.7635088,1.3140358],[103.763508,1.3137872]]}},{"type":"Feature","id":"way/737957637-0-0-0","properties":{"highway":"residential","lanes":"2","maxspeed":"40","name":"Clementi Avenue 3","name:zh":"\u91d1\u6587\u6cf03\u9053","oneway":"yes","surface":"asphalt","turn:lanes":"through|through;right"},"geometry":{"type":"LineString","coordinates":[[103.7635208,1.3145027],[103.7635177,1.3144195]]}},{"type":"Feature","id":"way/737957637-0-1-0","properties":{"highway":"residential","lanes":"2","maxspeed":"40","name":"Clementi Avenue 3","name:zh":"\u91d1\u6587\u6cf03\u9053","oneway":"yes","surface":"asphalt","turn:lanes":"through|through;right"},"geometry":{"type":"LineString","coordinates":[[103.7635177,1.3144195],[103.7635141,1.3143218]]}},{"type":"Feature","id":"way/737957638-0-0-0","properties":{"highway":"residential","lanes":"3","maxspeed":"40","name":"Clementi Avenue 3","name:zh":"\u91d1\u6587\u6cf03\u9053","oneway":"yes","surface":"asphalt","turn:lanes":"left|none|none"},"geometry":{"type":"LineString","coordinates":[[103.7636442,1.3149394],[103.763604,1.3148443]]}},{"type":"Feature","id":"way/737957638-0-1-0","properties":{"highway":"residential","lanes":"3","maxspeed":"40","name":"Clementi Avenue 3","name:zh":"\u91d1\u6587\u6cf03\u9053","oneway":"yes","surface":"asphalt","turn:lanes":"left|none|none"},"geometry":{"type":"LineString","coordinates":[[103.763604,1.3148443],[103.7635785,1.3147584]]}},{"type":"Feature","id":"way/737957638-0-2-0","properties":{"highway":"residential","lanes":"3","maxspeed":"40","name":"Clementi Avenue 3","name:zh":"\u91d1\u6587\u6cf03\u9053","oneway":"yes","surface":"asphalt","turn:lanes":"left|none|none"},"geometry":{"type":"LineString","coordinates":[[103.7635785,1.3147584],[103.7635596,1.3146875]]}},{"type":"Feature","id":"way/740450171-0-0-0","properties":{"highway":"service","lanes":"1","oneway":"yes","service":"parking_aisle","turn:lanes":"through;right"},"geometry":{"type":"LineString","coordinates":[[103.7626693,1.3143523],[103.7629081,1.3143527]]}},{"type":"Feature","id":"way/740450172-0-0-0","properties":{"highway":"service","lanes":"1","oneway":"yes","service":"parking_aisle","turn:lanes":"through;right"},"geometry":{"type":"LineString","coordinates":[[103.7620912,1.3143513],[103.7621598,1.3143514]]}},{"type":"Feature","id":"way/740450172-0-1-0","properties":{"highway":"service","lanes":"1","oneway":"yes","service":"parking_aisle","turn:lanes":"through;right"},"geometry":{"type":"LineString","coordinates":[[103.7621598,1.3143514],[103.7623235,1.3143517]]}},{"type":"Feature","id":"way/740450173-0-0-0","properties":{"highway":"service","lanes":"1","oneway":"yes","service":"parking_aisle"},"geometry":{"type":"LineString","coordinates":[[103.7623258,1.3142035],[103.7620175,1.3142016]]}},{"type":"Feature","id":"way/740450174-0-0-0","properties":{"highway":"service","lanes":"1","oneway":"yes","service":"parking_aisle","surface":"asphalt","turn:lanes":"through"},"geometry":{"type":"LineString","coordinates":[[103.7620175,1.3142016],[103.7617989,1.3142002]]}},{"type":"Feature","id":"way/740450175-0-0-0","properties":{"highway":"service","lanes":"1","oneway":"yes","service":"parking_aisle","turn:lanes":"through"},"geometry":{"type":"LineString","coordinates":[[103.762332,1.3135764],[103.7623806,1.3135764]]}},{"type":"Feature","id":"way/740450175-0-1-0","properties":{"highway":"service","lanes":"1","oneway":"yes","service":"parking_aisle","turn:lanes":"through"},"geometry":{"type":"LineString","coordinates":[[103.7623806,1.3135764],[103.7625539,1.3135765]]}},{"type":"Feature","id":"way/740450176-0-0-0","properties":{"highway":"service","lanes":"1","oneway":"yes","service":"parking_aisle"},"geometry":{"type":"LineString","coordinates":[[103.7627223,1.3134684],[103.7624587,1.3134682]]}},{"type":"Feature","id":"way/740450177-0-0-0","properties":{"highway":"service","lanes":"2","lanes:backward":"1","lanes:forward":"1","service":"parking_aisle"},"geometry":{"type":"LineString","coordinates":[[103.7623286,1.3140197],[103.7623294,1.3139684]]}},{"type":"Feature","id":"way/740450177-0-1-0","properties":{"highway":"service","lanes":"2","lanes:backward":"1","lanes:forward":"1","service":"parking_aisle"},"geometry":{"type":"LineString","coordinates":[[103.7623294,1.3139684],[103.7623317,1.3138372]]}},{"type":"Feature","id":"way/740450178-0-0-0","properties":{"highway":"service","lanes":"1","oneway":"yes","service":"parking_aisle","turn:lanes":"left;through;right"},"geometry":{"type":"LineString","coordinates":[[103.7626773,1.3142057],[103.7623258,1.3142035]]}},{"type":"Feature","id":"way/740450186-0-0-0","properties":{"highway":"service","lanes":"2","lanes:backward":"1","lanes:forward":"1","service":"parking_aisle"},"geometry":{"type":"LineString","coordinates":[[103.7614247,1.3115742],[103.76189,1.3113952]]}},{"type":"Feature","id":"way/740450187-0-0-0","properties":{"highway":"service","lanes":"1","oneway":"yes","service":"parking_aisle","turn:lanes":"right"},"geometry":{"type":"LineString","coordinates":[[103.7614281,1.3114012],[103.7616098,1.3113275]]}},{"type":"Feature","id":"way/740450187-0-1-0","properties":{"highway":"service","lanes":"1","oneway":"yes","service":"parking_aisle","turn:lanes":"right"},"geometry":{"type":"LineString","coordinates":[[103.7616098,1.3113275],[103.761638,1.3112953]]}},{"type":"Feature","id":"way/740450188-0-0-0","properties":{"highway":"service","oneway":"yes","service":"parking_aisle"},"geometry":{"type":"LineString","coordinates":[[103.761638,1.3112953],[103.7616393,1.3112698]]}},{"type":"Feature","id":"way/740450188-0-1-0","properties":{"highway":"service","oneway":"yes","service":"parking_aisle"},"geometry":{"type":"LineString","coordinates":[[103.7616393,1.3112698],[103.7615883,1.3111853]]}},{"type":"Feature","id":"way/740450188-0-2-0","properties":{"highway":"service","oneway":"yes","service":"parking_aisle"},"geometry":{"type":"LineString","coordinates":[[103.7615883,1.3111853],[103.7615561,1.3111706]]}},{"type":"Feature","id":"way/740450190-0-0-0","properties":{"highway":"service","lanes":"1","oneway":"yes","service":"parking_aisle"},"geometry":{"type":"LineString","coordinates":[[103.7615561,1.3111706],[103.7615199,1.3111733]]}},{"type":"Feature","id":"way/740450190-0-1-0","properties":{"highway":"service","lanes":"1","oneway":"yes","service":"parking_aisle"},"geometry":{"type":"LineString","coordinates":[[103.7615199,1.3111733],[103.7612008,1.3112973]]}},{"type":"Feature","id":"way/740450191-0-0-0","properties":{"highway":"service","lanes":"2","lanes:backward":"1","lanes:forward":"1","service":"parking_aisle","turn:lanes:forward":"through"},"geometry":{"type":"LineString","coordinates":[[103.7611943,1.3116599],[103.7614247,1.3115742]]}},{"type":"Feature","id":"way/746599313-0-0-0","properties":{"highway":"motorway_link","lanes":"1","maxspeed":"50","oneway":"yes","surface":"asphalt"},"geometry":{"type":"LineString","coordinates":[[103.7616983,1.3132943],[103.7622011,1.3126855]]}},{"type":"Feature","id":"way/777619668-0-1-0","properties":{"busway:left":"lane","foot":"no","highway":"motorway","lanes":"5","lanes:bus":"1","maxspeed":"90","name":"Ayer Rajah Expressway","name:ms":"Lebuhraya Ayer Rajah","name:ta":"\u0b86\u0baf\u0bb0\u0bcd \u0bb0\u0bbe\u0b9c\u0bbe \u0bb5\u0bbf\u0bb0\u0bb5\u0bc1\u0b9a\u0bcd\u0b9a\u0bbe\u0bb2\u0bc8","name:zh":"\u4e9a\u9038\u62c9\u60f9\u9ad8\u901f\u516c\u8def","oneway":"yes","ref":"AYE","surface":"asphalt","wikidata":"Q2657325","wikipedia":"en:Ayer Rajah Expressway"},"geometry":{"type":"LineString","coordinates":[[103.7637614,1.3109192],[103.7635748,1.3111065]]}},{"type":"Feature","id":"way/777619668-0-2-0","properties":{"busway:left":"lane","foot":"no","highway":"motorway","lanes":"5","lanes:bus":"1","maxspeed":"90","name":"Ayer Rajah Expressway","name:ms":"Lebuhraya Ayer Rajah","name:ta":"\u0b86\u0baf\u0bb0\u0bcd \u0bb0\u0bbe\u0b9c\u0bbe \u0bb5\u0bbf\u0bb0\u0bb5\u0bc1\u0b9a\u0bcd\u0b9a\u0bbe\u0bb2\u0bc8","name:zh":"\u4e9a\u9038\u62c9\u60f9\u9ad8\u901f\u516c\u8def","oneway":"yes","ref":"AYE","surface":"asphalt","wikidata":"Q2657325","wikipedia":"en:Ayer Rajah Expressway"},"geometry":{"type":"LineString","coordinates":[[103.7635748,1.3111065],[103.7635324,1.311149]]}},{"type":"Feature","id":"way/778730996-0-0-0","properties":{"access":"yes","bus":"yes","busway:left":"lane","foot":"no","highway":"motorway","lanes":"5","lanes:bus":"1","maxspeed":"90","name":"Ayer Rajah Expressway","name:ms":"Lebuhraya Ayer Rajah","name:ta":"\u0b86\u0baf\u0bb0\u0bcd \u0bb0\u0bbe\u0b9c\u0bbe \u0bb5\u0bbf\u0bb0\u0bb5\u0bc1\u0b9a\u0bcd\u0b9a\u0bbe\u0bb2\u0bc8","name:zh":"\u4e9a\u9038\u62c9\u60f9\u9ad8\u901f\u516c\u8def","oneway":"yes","ref":"AYE","surface":"asphalt","wikidata":"Q2657325","wikipedia":"en:Ayer Rajah Expressway"},"geometry":{"type":"LineString","coordinates":[[103.7629676,1.3119128],[103.7630992,1.3117801]]}},{"type":"Feature","id":"way/778730996-0-1-0","properties":{"access":"yes","bus":"yes","busway:left":"lane","foot":"no","highway":"motorway","lanes":"5","lanes:bus":"1","maxspeed":"90","name":"Ayer Rajah Expressway","name:ms":"Lebuhraya Ayer Rajah","name:ta":"\u0b86\u0baf\u0bb0\u0bcd \u0bb0\u0bbe\u0b9c\u0bbe \u0bb5\u0bbf\u0bb0\u0bb5\u0bc1\u0b9a\u0bcd\u0b9a\u0bbe\u0bb2\u0bc8","name:zh":"\u4e9a\u9038\u62c9\u60f9\u9ad8\u901f\u516c\u8def","oneway":"yes","ref":"AYE","surface":"asphalt","wikidata":"Q2657325","wikipedia":"en:Ayer Rajah Expressway"},"geometry":{"type":"LineString","coordinates":[[103.7630992,1.3117801],[103.7634377,1.3114389]]}},{"type":"Feature","id":"way/789207351-0-0-0","properties":{"highway":"service","service":"parking_aisle"},"geometry":{"type":"LineString","coordinates":[[103.7621824,1.313468],[103.7623125,1.3134681]]}},{"type":"Feature","id":"way/789236649-0-0-0","properties":{"highway":"service","lanes":"2","lanes:backward":"1","lanes:forward":"1","service":"parking_aisle","surface":"asphalt","turn:lanes:backward":"through","turn:lanes:forward":"through"},"geometry":{"type":"LineString","coordinates":[[103.762279,1.3148604],[103.7611565,1.314863]]}},{"type":"Feature","id":"way/789236650-0-0-0","properties":{"highway":"service","lanes":"2","lanes:backward":"1","lanes:forward":"1","service":"parking_aisle","turn:lanes:backward":"left"},"geometry":{"type":"LineString","coordinates":[[103.7625614,1.3149002],[103.762389,1.3148667]]}},{"type":"Feature","id":"way/789236650-0-1-0","properties":{"highway":"service","lanes":"2","lanes:backward":"1","lanes:forward":"1","service":"parking_aisle","turn:lanes:backward":"left"},"geometry":{"type":"LineString","coordinates":[[103.762389,1.3148667],[103.762279,1.3148604]]}},{"type":"Feature","id":"way/821395494-0-0-0","properties":{"highway":"service","lanes":"1","oneway":"yes"},"geometry":{"type":"LineString","coordinates":[[103.7635596,1.3146875],[103.7635598,1.3146244]]}},{"type":"Feature","id":"way/821395494-0-1-0","properties":{"highway":"service","lanes":"1","oneway":"yes"},"geometry":{"type":"LineString","coordinates":[[103.7635598,1.3146244],[103.7635811,1.3145651]]}},{"type":"Feature","id":"way/821395494-0-2-0","properties":{"highway":"service","lanes":"1","oneway":"yes"},"geometry":{"type":"LineString","coordinates":[[103.7635811,1.3145651],[103.763621,1.3145163]]}},{"type":"Feature","id":"way/824396114-0-0-0","properties":{"highway":"service","lanes":"2","lanes:backward":"1","lanes:forward":"1","service":"driveway","turn:lanes:forward":"left"},"geometry":{"type":"LineString","coordinates":[[103.7656377,1.3146853],[103.76558,1.3146857]]}},{"type":"Feature","id":"way/826835810-0-0-0","properties":{"highway":"service","lanes":"2","lanes:backward":"1","lanes:forward":"1","service":"driveway","sidewalk":"both","surface":"asphalt","turn:lanes:forward":"left;right"},"geometry":{"type":"LineString","coordinates":[[103.7638361,1.3124284],[103.7638628,1.3124658]]}},{"type":"Feature","id":"way/826835810-0-1-0","properties":{"highway":"service","lanes":"2","lanes:backward":"1","lanes:forward":"1","service":"driveway","sidewalk":"both","surface":"asphalt","turn:lanes:forward":"left;right"},"geometry":{"type":"LineString","coordinates":[[103.7638628,1.3124658],[103.7639015,1.3125072]]}},{"type":"Feature","id":"way/826835810-0-2-0","properties":{"highway":"service","lanes":"2","lanes:backward":"1","lanes:forward":"1","service":"driveway","sidewalk":"both","surface":"asphalt","turn:lanes:forward":"left;right"},"geometry":{"type":"LineString","coordinates":[[103.7639015,1.3125072],[103.7639248,1.3125351]]}},{"type":"Feature","id":"way/826835810-0-3-0","properties":{"highway":"service","lanes":"2","lanes:backward":"1","lanes:forward":"1","service":"driveway","sidewalk":"both","surface":"asphalt","turn:lanes:forward":"left;right"},"geometry":{"type":"LineString","coordinates":[[103.7639248,1.3125351],[103.7639687,1.3125874]]}},{"type":"Feature","id":"way/826835961-0-0-0","properties":{"highway":"residential","lanes":"2","maxspeed":"40","name":"Clementi Avenue 3","name:zh":"\u91d1\u6587\u6cf03\u9053","oneway":"yes","surface":"asphalt","turn:lanes":"through|through;right"},"geometry":{"type":"LineString","coordinates":[[103.7635596,1.3146875],[103.7635273,1.314534]]}},{"type":"Feature","id":"way/826835961-0-1-0","properties":{"highway":"residential","lanes":"2","maxspeed":"40","name":"Clementi Avenue 3","name:zh":"\u91d1\u6587\u6cf03\u9053","oneway":"yes","surface":"asphalt","turn:lanes":"through|through;right"},"geometry":{"type":"LineString","coordinates":[[103.7635273,1.314534],[103.7635208,1.3145027]]}},{"type":"Feature","id":"way/828757812-0-0-0","properties":{"highway":"service","lanes":"1","oneway":"yes","service":"parking_aisle","turn:lanes":"right"},"geometry":{"type":"LineString","coordinates":[[103.7654273,1.313128],[103.7655808,1.3129833]]}},{"type":"Feature","id":"way/828757812-0-1-0","properties":{"highway":"service","lanes":"1","oneway":"yes","service":"parking_aisle","turn:lanes":"right"},"geometry":{"type":"LineString","coordinates":[[103.7655808,1.3129833],[103.7655936,1.3129652]]}},{"type":"Feature","id":"way/828757813-0-0-0","properties":{"highway":"service","lanes":"1","oneway":"yes","service":"parking_aisle","surface":"asphalt","turn:lanes":"right"},"geometry":{"type":"LineString","coordinates":[[103.7650249,1.3136368],[103.7649179,1.313865]]}},{"type":"Feature","id":"way/828757814-0-0-0","properties":{"highway":"service","lanes":"1","oneway":"yes","service":"parking_aisle","surface":"asphalt"},"geometry":{"type":"LineString","coordinates":[[103.7652939,1.3130634],[103.7650249,1.3136368]]}},{"type":"Feature","id":"way/828757815-0-0-0","properties":{"highway":"service","lanes":"1","oneway":"yes","service":"parking_aisle","surface":"asphalt"},"geometry":{"type":"LineString","coordinates":[[103.7649179,1.313865],[103.7649746,1.3140036]]}},{"type":"Feature","id":"way/828757815-0-1-0","properties":{"highway":"service","lanes":"1","oneway":"yes","service":"parking_aisle","surface":"asphalt"},"geometry":{"type":"LineString","coordinates":[[103.7649746,1.3140036],[103.7650473,1.3139911]]}},{"type":"Feature","id":"way/828757816-0-0-0","properties":{"highway":"service","lanes":"2","lanes:backward":"1","lanes:forward":"1","service":"driveway","sidewalk":"both","surface":"asphalt"},"geometry":{"type":"LineString","coordinates":[[103.7652772,1.3126312],[103.7653927,1.3127473]]}},{"type":"Feature","id":"way/828757816-0-1-0","properties":{"highway":"service","lanes":"2","lanes:backward":"1","lanes:forward":"1","service":"driveway","sidewalk":"both","surface":"asphalt"},"geometry":{"type":"LineString","coordinates":[[103.7653927,1.3127473],[103.7654977,1.3128524]]}},{"type":"Feature","id":"way/829913883-0-0-0","properties":{"highway":"service","service":"driveway"},"geometry":{"type":"LineString","coordinates":[[103.7639746,1.3137956],[103.7640277,1.3136807]]}},{"type":"Feature","id":"way/829913883-0-1-0","properties":{"highway":"service","service":"driveway"},"geometry":{"type":"LineString","coordinates":[[103.7640277,1.3136807],[103.7640736,1.3135806]]}},{"type":"Feature","id":"way/829913883-0-2-0","properties":{"highway":"service","service":"driveway"},"geometry":{"type":"LineString","coordinates":[[103.7640736,1.3135806],[103.7642325,1.3132335]]}},{"type":"Feature","id":"way/829913883-0-3-0","properties":{"highway":"service","service":"driveway"},"geometry":{"type":"LineString","coordinates":[[103.7642325,1.3132335],[103.7642504,1.3131945]]}},{"type":"Feature","id":"way/829913883-0-4-0","properties":{"highway":"service","service":"driveway"},"geometry":{"type":"LineString","coordinates":[[103.7642504,1.3131945],[103.7642307,1.3131312]]}},{"type":"Feature","id":"way/829913883-0-5-0","properties":{"highway":"service","service":"driveway"},"geometry":{"type":"LineString","coordinates":[[103.7642307,1.3131312],[103.7643785,1.3128211]]}},{"type":"Feature","id":"way/829913884-0-0-0","properties":{"highway":"service","service":"driveway"},"geometry":{"type":"LineString","coordinates":[[103.7644767,1.312778],[103.7645768,1.3128233]]}},{"type":"Feature","id":"way/829913884-0-1-0","properties":{"highway":"service","service":"driveway"},"geometry":{"type":"LineString","coordinates":[[103.7645768,1.3128233],[103.7646057,1.3128364]]}},{"type":"Feature","id":"way/829913885-0-0-0","properties":{"highway":"service","service":"driveway"},"geometry":{"type":"LineString","coordinates":[[103.7639197,1.312993],[103.7642307,1.3131312]]}},{"type":"Feature","id":"way/840065144-0-0-0","properties":{"highway":"service","lanes":"2","lanes:backward":"1","lanes:forward":"1","service":"parking_aisle"},"geometry":{"type":"LineString","coordinates":[[103.7638857,1.3137945],[103.7639746,1.3137956]]}},{"type":"Feature","id":"way/840509219-0-0-0","properties":{"highway":"residential","lanes":"3","maxspeed":"40","name":"Clementi Avenue 3","name:zh":"\u91d1\u6587\u6cf03\u9053","oneway":"yes","surface":"asphalt","turn:lanes":"left|through|through;right"},"geometry":{"type":"LineString","coordinates":[[103.7636858,1.3150387],[103.7636442,1.3149394]]}},{"type":"Feature","id":"way/901419595-0-0-0","properties":{"highway":"service","lanes":"1","oneway":"yes","service":"parking_aisle"},"geometry":{"type":"LineString","coordinates":[[103.764214,1.3141427],[103.7642342,1.3141392]]}},{"type":"Feature","id":"way/901419595-0-1-0","properties":{"highway":"service","lanes":"1","oneway":"yes","service":"parking_aisle"},"geometry":{"type":"LineString","coordinates":[[103.7642342,1.3141392],[103.7643075,1.3141028]]}},{"type":"Feature","id":"way/901419596-0-0-0","properties":{"highway":"service","lanes":"1","oneway":"yes","service":"parking_aisle","sidewalk":"left"},"geometry":{"type":"LineString","coordinates":[[103.763894,1.3139851],[103.7639105,1.3139979]]}},{"type":"Feature","id":"way/901419596-0-1-0","properties":{"highway":"service","lanes":"1","oneway":"yes","service":"parking_aisle","sidewalk":"left"},"geometry":{"type":"LineString","coordinates":[[103.7639105,1.3139979],[103.7641895,1.3141373]]}},{"type":"Feature","id":"way/901419596-0-2-0","properties":{"highway":"service","lanes":"1","oneway":"yes","service":"parking_aisle","sidewalk":"left"},"geometry":{"type":"LineString","coordinates":[[103.7641895,1.3141373],[103.764214,1.3141427]]}},{"type":"Feature","id":"way/987141047-0-0-0","properties":{"highway":"service","maxspeed":"15","service":"driveway","surface":"asphalt"},"geometry":{"type":"LineString","coordinates":[[103.7640736,1.3135806],[103.7640126,1.3135523]]}},{"type":"Feature","id":"way/1137787781-0-0-0","properties":{"highway":"service","service":"driveway"},"geometry":{"type":"LineString","coordinates":[[103.7643742,1.312689],[103.7643352,1.3126219]]}},{"type":"Feature","id":"way/1137787781-0-1-0","properties":{"highway":"service","service":"driveway"},"geometry":{"type":"LineString","coordinates":[[103.7643352,1.3126219],[103.7642464,1.3124691]]}},{"type":"Feature","id":"way/1137787781-0-2-0","properties":{"highway":"service","service":"driveway"},"geometry":{"type":"LineString","coordinates":[[103.7642464,1.3124691],[103.7642236,1.3124311]]}},{"type":"Feature","id":"way/1137787782-0-0-0","properties":{"highway":"service","oneway":"yes","service":"driveway"},"geometry":{"type":"LineString","coordinates":[[103.7643742,1.312689],[103.7643446,1.3127169]]}},{"type":"Feature","id":"way/1137787782-0-1-0","properties":{"highway":"service","oneway":"yes","service":"driveway"},"geometry":{"type":"LineString","coordinates":[[103.7643446,1.3127169],[103.7643345,1.3127563]]}},{"type":"Feature","id":"way/1137787782-0-2-0","properties":{"highway":"service","oneway":"yes","service":"driveway"},"geometry":{"type":"LineString","coordinates":[[103.7643345,1.3127563],[103.7643471,1.3127951]]}},{"type":"Feature","id":"way/1137787782-0-3-0","properties":{"highway":"service","oneway":"yes","service":"driveway"},"geometry":{"type":"LineString","coordinates":[[103.7643471,1.3127951],[103.7643785,1.3128211]]}},{"type":"Feature","id":"way/1137787782-0-4-0","properties":{"highway":"service","oneway":"yes","service":"driveway"},"geometry":{"type":"LineString","coordinates":[[103.7643785,1.3128211],[103.7644077,1.3128271]]}},{"type":"Feature","id":"way/1137787782-0-5-0","properties":{"highway":"service","oneway":"yes","service":"driveway"},"geometry":{"type":"LineString","coordinates":[[103.7644077,1.3128271],[103.764437,1.312821]]}},{"type":"Feature","id":"way/1137787782-0-6-0","properties":{"highway":"service","oneway":"yes","service":"driveway"},"geometry":{"type":"LineString","coordinates":[[103.764437,1.312821],[103.7644613,1.3128036]]}},{"type":"Feature","id":"way/1137787782-0-7-0","properties":{"highway":"service","oneway":"yes","service":"driveway"},"geometry":{"type":"LineString","coordinates":[[103.7644613,1.3128036],[103.7644767,1.312778]]}},{"type":"Feature","id":"way/1137787782-0-8-0","properties":{"highway":"service","oneway":"yes","service":"driveway"},"geometry":{"type":"LineString","coordinates":[[103.7644767,1.312778],[103.76448,1.3127437]]}},{"type":"Feature","id":"way/1137787782-0-9-0","properties":{"highway":"service","oneway":"yes","service":"driveway"},"geometry":{"type":"LineString","coordinates":[[103.76448,1.3127437],[103.7644672,1.3127117]]}},{"type":"Feature","id":"way/1137787782-0-10-0","properties":{"highway":"service","oneway":"yes","service":"driveway"},"geometry":{"type":"LineString","coordinates":[[103.7644672,1.3127117],[103.7644412,1.3126891]]}},{"type":"Feature","id":"way/1137787782-0-11-0","properties":{"highway":"service","oneway":"yes","service":"driveway"},"geometry":{"type":"LineString","coordinates":[[103.7644412,1.3126891],[103.7644077,1.3126809]]}},{"type":"Feature","id":"way/1137787782-0-12-0","properties":{"highway":"service","oneway":"yes","service":"driveway"},"geometry":{"type":"LineString","coordinates":[[103.7644077,1.3126809],[103.7643742,1.312689]]}},{"type":"Feature","id":"way/1338006310-0-2-0","properties":{"highway":"service","service":"driveway"},"geometry":{"type":"LineString","coordinates":[[103.7642343,1.3154342],[103.764231,1.3154155]]}},{"type":"Feature","id":"way/1338006310-0-3-0","properties":{"highway":"service","service":"driveway"},"geometry":{"type":"LineString","coordinates":[[103.764231,1.3154155],[103.7642012,1.3153925]]}},{"type":"Feature","id":"way/1338006310-0-4-0","properties":{"highway":"service","service":"driveway"},"geometry":{"type":"LineString","coordinates":[[103.7642012,1.3153925],[103.7641034,1.3153341]]}},{"type":"Feature","id":"way/1338006310-0-5-0","properties":{"highway":"service","service":"driveway"},"geometry":{"type":"LineString","coordinates":[[103.7641034,1.3153341],[103.7639971,1.3152669]]}},{"type":"Feature","id":"way/1338006310-0-6-0","properties":{"highway":"service","service":"driveway"},"geometry":{"type":"LineString","coordinates":[[103.7639971,1.3152669],[103.7639485,1.3152277]]}},{"type":"Feature","id":"way/1338006310-0-7-0","properties":{"highway":"service","service":"driveway"},"geometry":{"type":"LineString","coordinates":[[103.7639485,1.3152277],[103.7639034,1.3151851]]}},{"type":"Feature","id":"way/1338006310-0-8-0","properties":{"highway":"service","service":"driveway"},"geometry":{"type":"LineString","coordinates":[[103.7639034,1.3151851],[103.7638588,1.3151389]]}},{"type":"Feature","id":"way/1338006310-0-9-0","properties":{"highway":"service","service":"driveway"},"geometry":{"type":"LineString","coordinates":[[103.7638588,1.3151389],[103.7637911,1.315046]]}},{"type":"Feature","id":"way/1338006310-0-10-0","properties":{"highway":"service","service":"driveway"},"geometry":{"type":"LineString","coordinates":[[103.7637911,1.315046],[103.7637661,1.3150075]]}},{"type":"Feature","id":"way/1338006310-0-11-0","properties":{"highway":"service","service":"driveway"},"geometry":{"type":"LineString","coordinates":[[103.7637661,1.3150075],[103.7637555,1.3149443]]}},{"type":"Feature","id":"way/1465037343-0-0-0","properties":{"access":"destination","highway":"service","indoor":"yes","layer":"-2","oneway":"yes","service":"parking_aisle","tunnel":"building_passage"},"geometry":{"type":"LineString","coordinates":[[103.7638429,1.3146963],[103.7637909,1.314624]]}},{"type":"Feature","id":"way/1465037343-0-1-0","properties":{"access":"destination","highway":"service","indoor":"yes","layer":"-2","oneway":"yes","service":"parking_aisle","tunnel":"building_passage"},"geometry":{"type":"LineString","coordinates":[[103.7637909,1.314624],[103.7637831,1.3146178]]}},{"type":"Feature","id":"way/1465037343-0-2-0","properties":{"access":"destination","highway":"service","indoor":"yes","layer":"-2","oneway":"yes","service":"parking_aisle","tunnel":"building_passage"},"geometry":{"type":"LineString","coordinates":[[103.7637831,1.3146178],[103.7637715,1.3146153]]}},{"type":"Feature","id":"way/1465037343-0-3-0","properties":{"access":"destination","highway":"service","indoor":"yes","layer":"-2","oneway":"yes","service":"parking_aisle","tunnel":"building_passage"},"geometry":{"type":"LineString","coordinates":[[103.7637715,1.3146153],[103.7637618,1.314616]]}},{"type":"Feature","id":"way/1465037344-0-0-0","properties":{"access":"destination","highway":"service","oneway":"yes","service":"driveway"},"geometry":{"type":"LineString","coordinates":[[103.7636045,1.3144908],[103.7635753,1.3145268]]}},{"type":"Feature","id":"way/1465037344-0-1-0","properties":{"access":"destination","highway":"service","oneway":"yes","service":"driveway"},"geometry":{"type":"LineString","coordinates":[[103.7635753,1.3145268],[103.7635675,1.3145325]]}},{"type":"Feature","id":"way/1465037344-0-2-0","properties":{"access":"destination","highway":"service","oneway":"yes","service":"driveway"},"geometry":{"type":"LineString","coordinates":[[103.7635675,1.3145325],[103.7635572,1.3145349]]}},{"type":"Feature","id":"way/1465037344-0-3-0","properties":{"access":"destination","highway":"service","oneway":"yes","service":"driveway"},"geometry":{"type":"LineString","coordinates":[[103.7635572,1.3145349],[103.7635455,1.314534]]}},{"type":"Feature","id":"way/1465037344-0-4-0","properties":{"access":"destination","highway":"service","oneway":"yes","service":"driveway"},"geometry":{"type":"LineString","coordinates":[[103.7635455,1.314534],[103.7635273,1.314534]]}},{"type":"Feature","id":"way/1465037345-0-0-0","properties":{"access":"destination","highway":"service","incline":"up","indoor":"yes","layer":"-1","oneway":"yes","ramp":"yes","service":"driveway","tunnel":"building_passage"},"geometry":{"type":"LineString","coordinates":[[103.7638322,1.3143994],[103.7637919,1.3143897]]}},{"type":"Feature","id":"way/1465037345-0-1-0","properties":{"access":"destination","highway":"service","incline":"up","indoor":"yes","layer":"-1","oneway":"yes","ramp":"yes","service":"driveway","tunnel":"building_passage"},"geometry":{"type":"LineString","coordinates":[[103.7637919,1.3143897],[103.7637418,1.3143829]]}},{"type":"Feature","id":"way/1465037345-0-2-0","properties":{"access":"destination","highway":"service","incline":"up","indoor":"yes","layer":"-1","oneway":"yes","ramp":"yes","service":"driveway","tunnel":"building_passage"},"geometry":{"type":"LineString","coordinates":[[103.7637418,1.3143829],[103.7637249,1.3143834]]}},{"type":"Feature","id":"way/1465037345-0-3-0","properties":{"access":"destination","highway":"service","incline":"up","indoor":"yes","layer":"-1","oneway":"yes","ramp":"yes","service":"driveway","tunnel":"building_passage"},"geometry":{"type":"LineString","coordinates":[[103.7637249,1.3143834],[103.7637087,1.3143934]]}},{"type":"Feature","id":"way/1465037345-0-4-0","properties":{"access":"destination","highway":"service","incline":"up","indoor":"yes","layer":"-1","oneway":"yes","ramp":"yes","service":"driveway","tunnel":"building_passage"},"geometry":{"type":"LineString","coordinates":[[103.7637087,1.3143934],[103.7636798,1.3144199]]}},{"type":"Feature","id":"way/1465037345-0-5-0","properties":{"access":"destination","highway":"service","incline":"up","indoor":"yes","layer":"-1","oneway":"yes","ramp":"yes","service":"driveway","tunnel":"building_passage"},"geometry":{"type":"LineString","coordinates":[[103.7636798,1.3144199],[103.7636045,1.3144908]]}},{"type":"Feature","id":"way/1465037346-0-0-0","properties":{"access":"destination","highway":"service","indoor":"yes","layer":"-2","oneway":"yes","service":"parking_aisle","tunnel":"building_passage"},"geometry":{"type":"LineString","coordinates":[[103.7639076,1.3145176],[103.7639678,1.3146012]]}},{"type":"Feature","id":"way/1465037347-0-0-0","properties":{"access":"destination","highway":"service","indoor":"yes","layer":"-2","oneway":"yes","service":"parking_aisle","tunnel":"building_passage"},"geometry":{"type":"LineString","coordinates":[[103.7640263,1.3146915],[103.7641354,1.31486]]}},{"type":"Feature","id":"way/1465037348-0-0-0","properties":{"access":"destination","highway":"service","indoor":"yes","layer":"-1","oneway":"yes","service":"driveway","tunnel":"building_passage"},"geometry":{"type":"LineString","coordinates":[[103.7648643,1.3149165],[103.7647282,1.3148553]]}},{"type":"Feature","id":"way/1465037349-0-0-0","properties":{"access":"destination","highway":"service","indoor":"yes","layer":"-1","oneway":"yes","service":"driveway","tunnel":"building_passage"},"geometry":{"type":"LineString","coordinates":[[103.764422,1.3148087],[103.7643209,1.3147696]]}},{"type":"Feature","id":"way/1465037349-0-1-0","properties":{"access":"destination","highway":"service","indoor":"yes","layer":"-1","oneway":"yes","service":"driveway","tunnel":"building_passage"},"geometry":{"type":"LineString","coordinates":[[103.7643209,1.3147696],[103.7640969,1.3144574]]}},{"type":"Feature","id":"way/1465037349-0-2-0","properties":{"access":"destination","highway":"service","indoor":"yes","layer":"-1","oneway":"yes","service":"driveway","tunnel":"building_passage"},"geometry":{"type":"LineString","coordinates":[[103.7640969,1.3144574],[103.7638322,1.3143994]]}},{"type":"Feature","id":"way/1465037350-0-0-0","properties":{"access":"destination","highway":"service","indoor":"yes","layer":"-2","oneway":"no","service":"parking_aisle","tunnel":"building_passage"},"geometry":{"type":"LineString","coordinates":[[103.7639076,1.3145176],[103.763893,1.3144973]]}},{"type":"Feature","id":"way/1465037350-0-1-0","properties":{"access":"destination","highway":"service","indoor":"yes","layer":"-2","oneway":"no","service":"parking_aisle","tunnel":"building_passage"},"geometry":{"type":"LineString","coordinates":[[103.763893,1.3144973],[103.7638991,1.3144109]]}},{"type":"Feature","id":"way/1465037351-0-0-0","properties":{"access":"destination","highway":"service","indoor":"yes","layer":"-2","oneway":"yes","service":"parking_aisle","tunnel":"building_passage"},"geometry":{"type":"LineString","coordinates":[[103.7639997,1.3144477],[103.7641194,1.3146309]]}},{"type":"Feature","id":"way/1465037352-0-0-0","properties":{"access":"destination","highway":"service","indoor":"yes","layer":"-2","oneway":"yes","service":"parking_aisle","tunnel":"building_passage"},"geometry":{"type":"LineString","coordinates":[[103.7641354,1.31486],[103.76423,1.3148]]}},{"type":"Feature","id":"way/1465037352-0-1-0","properties":{"access":"destination","highway":"service","indoor":"yes","layer":"-2","oneway":"yes","service":"parking_aisle","tunnel":"building_passage"},"geometry":{"type":"LineString","coordinates":[[103.76423,1.3148],[103.7641194,1.3146309]]}},{"type":"Feature","id":"way/1465037353-0-0-0","properties":{"access":"destination","highway":"service","indoor":"yes","layer":"-2","oneway":"yes","service":"parking_aisle","tunnel":"building_passage"},"geometry":{"type":"LineString","coordinates":[[103.7641354,1.31486],[103.7641844,1.3149079]]}},{"type":"Feature","id":"way/1465037353-0-1-0","properties":{"access":"destination","highway":"service","indoor":"yes","layer":"-2","oneway":"yes","service":"parking_aisle","tunnel":"building_passage"},"geometry":{"type":"LineString","coordinates":[[103.7641844,1.3149079],[103.7645018,1.3150946]]}},{"type":"Feature","id":"way/1465037353-0-2-0","properties":{"access":"destination","highway":"service","indoor":"yes","layer":"-2","oneway":"yes","service":"parking_aisle","tunnel":"building_passage"},"geometry":{"type":"LineString","coordinates":[[103.7645018,1.3150946],[103.7645003,1.315128]]}},{"type":"Feature","id":"way/1465037353-0-3-0","properties":{"access":"destination","highway":"service","indoor":"yes","layer":"-2","oneway":"yes","service":"parking_aisle","tunnel":"building_passage"},"geometry":{"type":"LineString","coordinates":[[103.7645003,1.315128],[103.7644871,1.315167]]}},{"type":"Feature","id":"way/1465037354-0-0-0","properties":{"access":"destination","highway":"service","indoor":"yes","layer":"-2","oneway":"yes","service":"parking_aisle","tunnel":"building_passage"},"geometry":{"type":"LineString","coordinates":[[103.7638429,1.3146963],[103.7639678,1.3146012]]}},{"type":"Feature","id":"way/1465037355-0-0-0","properties":{"access":"destination","highway":"service","indoor":"yes","layer":"-2","oneway":"yes","service":"parking_aisle","tunnel":"building_passage"},"geometry":{"type":"LineString","coordinates":[[103.7638005,1.3148828],[103.7637837,1.3147414]]}},{"type":"Feature","id":"way/1465037355-0-1-0","properties":{"access":"destination","highway":"service","indoor":"yes","layer":"-2","oneway":"yes","service":"parking_aisle","tunnel":"building_passage"},"geometry":{"type":"LineString","coordinates":[[103.7637837,1.3147414],[103.7638429,1.3146963]]}},{"type":"Feature","id":"way/1465037356-0-0-0","properties":{"access":"destination","highway":"service","indoor":"yes","layer":"-2","oneway":"yes","service":"parking_aisle","tunnel":"building_passage"},"geometry":{"type":"LineString","coordinates":[[103.7644424,1.3152386],[103.7640526,1.3149968]]}},{"type":"Feature","id":"way/1465037356-0-1-0","properties":{"access":"destination","highway":"service","indoor":"yes","layer":"-2","oneway":"yes","service":"parking_aisle","tunnel":"building_passage"},"geometry":{"type":"LineString","coordinates":[[103.7640526,1.3149968],[103.7638429,1.3146963]]}},{"type":"Feature","id":"way/1465037357-0-0-0","properties":{"access":"destination","highway":"service","indoor":"yes","layer":"-2","oneway":"yes","service":"parking_aisle","tunnel":"building_passage"},"geometry":{"type":"LineString","coordinates":[[103.7643412,1.3153459],[103.7642893,1.3153141]]}},{"type":"Feature","id":"way/1465037357-0-1-0","properties":{"access":"destination","highway":"service","indoor":"yes","layer":"-2","oneway":"yes","service":"parking_aisle","tunnel":"building_passage"},"geometry":{"type":"LineString","coordinates":[[103.7642893,1.3153141],[103.7639584,1.3151114]]}},{"type":"Feature","id":"way/1465037357-0-2-0","properties":{"access":"destination","highway":"service","indoor":"yes","layer":"-2","oneway":"yes","service":"parking_aisle","tunnel":"building_passage"},"geometry":{"type":"LineString","coordinates":[[103.7639584,1.3151114],[103.7638005,1.3148828]]}},{"type":"Feature","id":"way/1465037358-0-0-0","properties":{"access":"destination","highway":"service","indoor":"yes","layer":"-2","oneway":"yes","service":"parking_aisle","tunnel":"building_passage"},"geometry":{"type":"LineString","coordinates":[[103.7644424,1.3152386],[103.7643663,1.3153608]]}},{"type":"Feature","id":"way/1465037358-0-1-0","properties":{"access":"destination","highway":"service","indoor":"yes","layer":"-2","oneway":"yes","service":"parking_aisle","tunnel":"building_passage"},"geometry":{"type":"LineString","coordinates":[[103.7643663,1.3153608],[103.7643412,1.3153459]]}},{"type":"Feature","id":"way/1465037359-0-0-0","properties":{"access":"destination","highway":"service","indoor":"yes","layer":"-2","oneway":"yes","service":"parking_aisle","tunnel":"building_passage"},"geometry":{"type":"LineString","coordinates":[[103.7644871,1.315167],[103.7644424,1.3152386]]}},{"type":"Feature","id":"way/1465037360-0-0-0","properties":{"access":"destination","highway":"service","indoor":"yes","layer":"-2","oneway":"yes","service":"parking_aisle","tunnel":"building_passage"},"geometry":{"type":"LineString","coordinates":[[103.7645441,1.3151308],[103.7645307,1.3151302]]}},{"type":"Feature","id":"way/1465037360-0-1-0","properties":{"access":"destination","highway":"service","indoor":"yes","layer":"-2","oneway":"yes","service":"parking_aisle","tunnel":"building_passage"},"geometry":{"type":"LineString","coordinates":[[103.7645307,1.3151302],[103.7645129,1.3151389]]}},{"type":"Feature","id":"way/1465037360-0-2-0","properties":{"access":"destination","highway":"service","indoor":"yes","layer":"-2","oneway":"yes","service":"parking_aisle","tunnel":"building_passage"},"geometry":{"type":"LineString","coordinates":[[103.7645129,1.3151389],[103.7644871,1.315167]]}},{"type":"Feature","id":"way/1465037361-0-0-0","properties":{"access":"destination","highway":"service","incline":"down","indoor":"yes","layer":"-2","oneway":"yes","ramp":"yes","service":"driveway","tunnel":"building_passage"},"geometry":{"type":"LineString","coordinates":[[103.7648643,1.3149165],[103.7647255,1.3151975]]}},{"type":"Feature","id":"way/1465037361-0-1-0","properties":{"access":"destination","highway":"service","incline":"down","indoor":"yes","layer":"-2","oneway":"yes","ramp":"yes","service":"driveway","tunnel":"building_passage"},"geometry":{"type":"LineString","coordinates":[[103.7647255,1.3151975],[103.7647114,1.315213]]}},{"type":"Feature","id":"way/1465037361-0-2-0","properties":{"access":"destination","highway":"service","incline":"down","indoor":"yes","layer":"-2","oneway":"yes","ramp":"yes","service":"driveway","tunnel":"building_passage"},"geometry":{"type":"LineString","coordinates":[[103.7647114,1.315213],[103.7646903,1.3152136]]}},{"type":"Feature","id":"way/1465037361-0-3-0","properties":{"access":"destination","highway":"service","incline":"down","indoor":"yes","layer":"-2","oneway":"yes","ramp":"yes","service":"driveway","tunnel":"building_passage"},"geometry":{"type":"LineString","coordinates":[[103.7646903,1.3152136],[103.7645441,1.3151308]]}},{"type":"Feature","id":"way/1465037362-0-0-0","properties":{"access":"destination","highway":"service","incline":"down","indoor":"yes","layer":"1","oneway":"yes","ramp":"yes","service":"driveway"},"geometry":{"type":"LineString","coordinates":[[103.7649915,1.3147822],[103.764933,1.3148878]]}},{"type":"Feature","id":"way/1465037362-0-1-0","properties":{"access":"destination","highway":"service","incline":"down","indoor":"yes","layer":"1","oneway":"yes","ramp":"yes","service":"driveway"},"geometry":{"type":"LineString","coordinates":[[103.764933,1.3148878],[103.7648643,1.3149165]]}},{"type":"Feature","id":"way/1465037363-0-0-0","properties":{"highway":"service","oneway":"yes","service":"driveway","smoothness":"excellent","surface":"asphalt"},"geometry":{"type":"LineString","coordinates":[[103.765316,1.3145368],[103.7652928,1.3145611]]}},{"type":"Feature","id":"way/1465037363-0-1-0","properties":{"highway":"service","oneway":"yes","service":"driveway","smoothness":"excellent","surface":"asphalt"},"geometry":{"type":"LineString","coordinates":[[103.7652928,1.3145611],[103.7652656,1.3145808]]}},{"type":"Feature","id":"way/1465037363-0-2-0","properties":{"highway":"service","oneway":"yes","service":"driveway","smoothness":"excellent","surface":"asphalt"},"geometry":{"type":"LineString","coordinates":[[103.7652656,1.3145808],[103.7652318,1.314598]]}},{"type":"Feature","id":"way/1465037363-0-3-0","properties":{"highway":"service","oneway":"yes","service":"driveway","smoothness":"excellent","surface":"asphalt"},"geometry":{"type":"LineString","coordinates":[[103.7652318,1.314598],[103.7651922,1.3146114]]}},{"type":"Feature","id":"way/1465037363-0-4-0","properties":{"highway":"service","oneway":"yes","service":"driveway","smoothness":"excellent","surface":"asphalt"},"geometry":{"type":"LineString","coordinates":[[103.7651922,1.3146114],[103.7650712,1.3146549]]}},{"type":"Feature","id":"way/1465037363-0-5-0","properties":{"highway":"service","oneway":"yes","service":"driveway","smoothness":"excellent","surface":"asphalt"},"geometry":{"type":"LineString","coordinates":[[103.7650712,1.3146549],[103.7650456,1.3146761]]}},{"type":"Feature","id":"way/1465037363-0-6-0","properties":{"highway":"service","oneway":"yes","service":"driveway","smoothness":"excellent","surface":"asphalt"},"geometry":{"type":"LineString","coordinates":[[103.7650456,1.3146761],[103.765029,1.3147019]]}},{"type":"Feature","id":"way/1465037363-0-7-0","properties":{"highway":"service","oneway":"yes","service":"driveway","smoothness":"excellent","surface":"asphalt"},"geometry":{"type":"LineString","coordinates":[[103.765029,1.3147019],[103.7649919,1.3147814]]}},{"type":"Feature","id":"way/1465037363-0-8-0","properties":{"highway":"service","oneway":"yes","service":"driveway","smoothness":"excellent","surface":"asphalt"},"geometry":{"type":"LineString","coordinates":[[103.7649919,1.3147814],[103.7649915,1.3147822]]}},{"type":"Feature","id":"way/1465037364-0-0-0","properties":{"access":"destination","highway":"service","indoor":"yes","layer":"-1","oneway":"yes","service":"driveway","tunnel":"building_passage"},"geometry":{"type":"LineString","coordinates":[[103.7647282,1.3148553],[103.7646082,1.3147861]]}},{"type":"Feature","id":"way/1465037364-0-1-0","properties":{"access":"destination","highway":"service","indoor":"yes","layer":"-1","oneway":"yes","service":"driveway","tunnel":"building_passage"},"geometry":{"type":"LineString","coordinates":[[103.7646082,1.3147861],[103.764422,1.3148087]]}},{"type":"Feature","id":"way/1465037365-0-0-0","properties":{"access":"destination","highway":"service","indoor":"yes","layer":"-1","oneway":"yes","service":"driveway","tunnel":"building_passage"},"geometry":{"type":"LineString","coordinates":[[103.7647282,1.3148553],[103.7646695,1.3148429]]}},{"type":"Feature","id":"way/1465037365-0-1-0","properties":{"access":"destination","highway":"service","indoor":"yes","layer":"-1","oneway":"yes","service":"driveway","tunnel":"building_passage"},"geometry":{"type":"LineString","coordinates":[[103.7646695,1.3148429],[103.7646209,1.3148411]]}},{"type":"Feature","id":"way/1465037365-0-2-0","properties":{"access":"destination","highway":"service","indoor":"yes","layer":"-1","oneway":"yes","service":"driveway","tunnel":"building_passage"},"geometry":{"type":"LineString","coordinates":[[103.7646209,1.3148411],[103.7645451,1.3148498]]}},{"type":"Feature","id":"way/1465037365-0-3-0","properties":{"access":"destination","highway":"service","indoor":"yes","layer":"-1","oneway":"yes","service":"driveway","tunnel":"building_passage"},"geometry":{"type":"LineString","coordinates":[[103.7645451,1.3148498],[103.7645295,1.3148501]]}},{"type":"Feature","id":"way/1465037365-0-4-0","properties":{"access":"destination","highway":"service","indoor":"yes","layer":"-1","oneway":"yes","service":"driveway","tunnel":"building_passage"},"geometry":{"type":"LineString","coordinates":[[103.7645295,1.3148501],[103.7645094,1.3148453]]}},{"type":"Feature","id":"way/1465037365-0-5-0","properties":{"access":"destination","highway":"service","indoor":"yes","layer":"-1","oneway":"yes","service":"driveway","tunnel":"building_passage"},"geometry":{"type":"LineString","coordinates":[[103.7645094,1.3148453],[103.764422,1.3148087]]}},{"type":"Feature","id":"way/1465037366-0-0-0","properties":{"access":"destination","highway":"service","indoor":"yes","layer":"-2","oneway":"yes","service":"parking_aisle","tunnel":"building_passage"},"geometry":{"type":"LineString","coordinates":[[103.7641194,1.3146309],[103.7640263,1.3146915]]}},{"type":"Feature","id":"way/1465037367-0-0-0","properties":{"access":"destination","highway":"service","indoor":"yes","layer":"-2","oneway":"no","service":"parking_aisle","tunnel":"building_passage"},"geometry":{"type":"LineString","coordinates":[[103.7639997,1.3144477],[103.7639076,1.3145176]]}},{"type":"Feature","id":"way/1465037368-0-0-0","properties":{"access":"destination","highway":"service","indoor":"yes","layer":"-2","oneway":"yes","service":"parking_aisle","tunnel":"building_passage"},"geometry":{"type":"LineString","coordinates":[[103.7643412,1.3153459],[103.7642873,1.3154308]]}},{"type":"Feature","id":"way/1465037368-0-1-0","properties":{"access":"destination","highway":"service","indoor":"yes","layer":"-2","oneway":"yes","service":"parking_aisle","tunnel":"building_passage"},"geometry":{"type":"LineString","coordinates":[[103.7642873,1.3154308],[103.7639953,1.3152539]]}},{"type":"Feature","id":"way/1465037368-0-2-0","properties":{"access":"destination","highway":"service","indoor":"yes","layer":"-2","oneway":"yes","service":"parking_aisle","tunnel":"building_passage"},"geometry":{"type":"LineString","coordinates":[[103.7639953,1.3152539],[103.7638773,1.3151486]]}},{"type":"Feature","id":"way/1465037368-0-3-0","properties":{"access":"destination","highway":"service","indoor":"yes","layer":"-2","oneway":"yes","service":"parking_aisle","tunnel":"building_passage"},"geometry":{"type":"LineString","coordinates":[[103.7638773,1.3151486],[103.7637725,1.315005]]}},{"type":"Feature","id":"way/1465037368-0-4-0","properties":{"access":"destination","highway":"service","indoor":"yes","layer":"-2","oneway":"yes","service":"parking_aisle","tunnel":"building_passage"},"geometry":{"type":"LineString","coordinates":[[103.7637725,1.315005],[103.7637649,1.3149632]]}},{"type":"Feature","id":"way/1465037368-0-5-0","properties":{"access":"destination","highway":"service","indoor":"yes","layer":"-2","oneway":"yes","service":"parking_aisle","tunnel":"building_passage"},"geometry":{"type":"LineString","coordinates":[[103.7637649,1.3149632],[103.7637683,1.314921]]}},{"type":"Feature","id":"way/1465037368-0-6-0","properties":{"access":"destination","highway":"service","indoor":"yes","layer":"-2","oneway":"yes","service":"parking_aisle","tunnel":"building_passage"},"geometry":{"type":"LineString","coordinates":[[103.7637683,1.314921],[103.7638005,1.3148828]]}},{"type":"Feature","id":"way/1465037369-0-0-0","properties":{"access":"destination","highway":"service","incline":"up","indoor":"yes","layer":"-2","oneway":"yes","ramp":"yes","service":"parking_aisle","tunnel":"building_passage"},"geometry":{"type":"LineString","coordinates":[[103.7637618,1.314616],[103.7637147,1.3146455]]}},{"type":"Feature","id":"way/1465037369-0-1-0","properties":{"access":"destination","highway":"service","incline":"up","indoor":"yes","layer":"-2","oneway":"yes","ramp":"yes","service":"parking_aisle","tunnel":"building_passage"},"geometry":{"type":"LineString","coordinates":[[103.7637147,1.3146455],[103.7637073,1.3146564]]}},{"type":"Feature","id":"way/1465037369-0-2-0","properties":{"access":"destination","highway":"service","incline":"up","indoor":"yes","layer":"-2","oneway":"yes","ramp":"yes","service":"parking_aisle","tunnel":"building_passage"},"geometry":{"type":"LineString","coordinates":[[103.7637073,1.3146564],[103.7637026,1.3146748]]}},{"type":"Feature","id":"way/1465037369-0-3-0","properties":{"access":"destination","highway":"service","incline":"up","indoor":"yes","layer":"-2","oneway":"yes","ramp":"yes","service":"parking_aisle","tunnel":"building_passage"},"geometry":{"type":"LineString","coordinates":[[103.7637026,1.3146748],[103.7637021,1.314707]]}},{"type":"Feature","id":"way/1465037369-0-4-0","properties":{"access":"destination","highway":"service","incline":"up","indoor":"yes","layer":"-2","oneway":"yes","ramp":"yes","service":"parking_aisle","tunnel":"building_passage"},"geometry":{"type":"LineString","coordinates":[[103.7637021,1.314707],[103.7637555,1.3149443]]}},{"type":"Feature","id":"way/1465037370-0-0-0","properties":{"access":"destination","highway":"service","indoor":"yes","layer":"-2","oneway":"yes","service":"parking_aisle","tunnel":"building_passage"},"geometry":{"type":"LineString","coordinates":[[103.7639678,1.3146012],[103.7640263,1.3146915]]}},{"type":"Feature","id":"way/1465037371-0-0-0","properties":{"access":"destination","highway":"service","indoor":"yes","level":"-2","oneway":"no","service":"parking_aisle","tunnel":"building_passage"},"geometry":{"type":"LineString","coordinates":[[103.7638991,1.3144109],[103.7639886,1.3144306]]}},{"type":"Feature","id":"way/1465037371-0-1-0","properties":{"access":"destination","highway":"service","indoor":"yes","level":"-2","oneway":"no","service":"parking_aisle","tunnel":"building_passage"},"geometry":{"type":"LineString","coordinates":[[103.7639886,1.3144306],[103.7639997,1.3144477]]}}]}