{"type":"FeatureCollection","features":[{"type":"Feature","id":"way/33544027-0","properties":{"building":"yes","building:levels":"7","name":"Nordic European Centre","office":"yes","clearanceGeometry":{"type":"Polygon","coordinates":[[[103.7487252,1.3269403],[103.7482196,1.3268711],[103.7481886,1.3270975],[103.7484044,1.327127],[103.7483583,1.3274631],[103.7479922,1.3274129],[103.7479591,1.3276546],[103.748615,1.3277444],[103.7487252,1.3269403]]]},"clearanceHeight":1.7,"clearancePrepared":true},"geometry":{"type":"Polygon","coordinates":[[[103.748615,1.3277444],[103.7487252,1.3269403],[103.7482196,1.3268711],[103.7481886,1.3270975],[103.7484044,1.327127],[103.7483583,1.3274631],[103.7479922,1.3274129],[103.7479591,1.3276546],[103.748615,1.3277444]]]}},{"type":"Feature","id":"way/97638276-0","properties":{"building":"yes","building:levels":"5","name":"Mewah Bldg","office":"yes","source":"Bing","clearanceGeometry":{"type":"MultiPolygon","coordinates":[[[[103.7493631,1.3262391],[103.7493148,1.3263196],[103.7493792,1.3263464],[103.7496341331519,1.3263723977491286],[103.7497294602636,1.3261882090535884],[103.74938444632136,1.326013157973954],[103.74934288365512,1.3260940208225989],[103.74932842575991,1.326120168079873],[103.74928123415565,1.3262042647819148],[103.74928123415565,1.326208507524989],[103.7493631,1.3262391]]],[[[103.7497815,1.3261211],[103.7494167,1.3259281],[103.74941240783455,1.3259366812540567],[103.74978026908867,1.3261233244641069],[103.7497815,1.3261211]]]]},"clearanceHeight":1.7,"clearancePrepared":true},"geometry":{"type":"Polygon","coordinates":[[[103.7492772,1.326207],[103.7493631,1.3262391],[103.7493148,1.3263196],[103.7493792,1.3263464],[103.749642,1.3263732],[103.7497815,1.3261211],[103.7494167,1.3259281],[103.7492772,1.326207]]]}},{"type":"Feature","id":"way/106847223-0","properties":{"building":"yes","building:levels":"3","source":"Bing","clearanceGeometry":{"type":"Polygon","coordinates":[[[103.7481237,1.325349],[103.7482203,1.3253597],[103.7483123,1.3253761],[103.7484188,1.3253597],[103.7484832,1.3253329],[103.7485958,1.3244695],[103.7484134,1.3245499],[103.7483437,1.3249414],[103.7483115,1.3248556],[103.748231,1.3248717],[103.7482364,1.3249683],[103.7482096,1.3249146],[103.74805005660264,1.3249491824122726],[103.74800913195392,1.3249833239700541],[103.7480049,1.3250758],[103.7480586,1.3250811],[103.7480639,1.3251348],[103.7479727,1.3251026],[103.7479405,1.3251777],[103.7479191,1.325301],[103.7480371,1.3253332],[103.7481237,1.325349]]]},"clearanceHeight":1.7,"clearancePrepared":true},"geometry":{"type":"Polygon","coordinates":[[[103.7480371,1.3253332],[103.7481237,1.325349],[103.7482203,1.3253597],[103.7483123,1.3253761],[103.7484188,1.3253597],[103.7484832,1.3253329],[103.7485958,1.3244695],[103.7484134,1.3245499],[103.7483437,1.3249414],[103.7483115,1.3248556],[103.748231,1.3248717],[103.7482364,1.3249683],[103.7482096,1.3249146],[103.7480103,1.3249578],[103.7480049,1.3250758],[103.7480586,1.3250811],[103.7480639,1.3251348],[103.7479727,1.3251026],[103.7479405,1.3251777],[103.7479191,1.325301],[103.7480371,1.3253332]]]}},{"type":"Feature","id":"way/106847224-0","properties":{"building":"yes","building:levels":"5","name":"MiWorld","office":"yes","source":"Bing","clearanceGeometry":{"type":"MultiPolygon","coordinates":[[[[103.7505726,1.3246704],[103.7502482,1.3245158],[103.75019837894472,1.3246202425768456],[103.7501997807864,1.3246387468872176],[103.75017409025655,1.3246820996563518],[103.75012263059729,1.3247689921391546],[103.7501394,1.324777],[103.7499754042275,1.3251207285130615],[103.7500120801473,1.32514040602167],[103.75027463969683,1.3252786320806678],[103.75026567538464,1.325295651186576],[103.7502727,1.325299],[103.7505726,1.3246704]]],[[[103.75007239334523,1.3247434550345658],[103.750086,1.3247515],[103.75007239674717,1.3247434478965743],[103.75007239334523,1.3247434550345658]]]]},"clearanceHeight":1.7,"clearancePrepared":true},"geometry":{"type":"Polygon","coordinates":[[[103.7502727,1.325299],[103.7505726,1.3246704],[103.7502482,1.3245158],[103.7501714,1.3246768],[103.7501393,1.3246615],[103.7501166,1.3246507],[103.7500718,1.3247447],[103.750086,1.3247515],[103.7501394,1.324777],[103.7499612,1.3251505],[103.7502727,1.325299]]]}},{"type":"Feature","id":"way/106847226-0","properties":{"building":"yes","building:levels":"5","name":"Cyberhub@IBP","office":"yes","source":"Bing","clearanceGeometry":{"type":"Polygon","coordinates":[[[103.7493938,1.3247403],[103.7494581,1.3246599],[103.7495011,1.3246867],[103.7495386,1.324617],[103.7494999,1.3245938],[103.7495481,1.3245186],[103.74958123875265,1.3245363599901898],[103.74967766152247,1.3243463275295027],[103.7496835,1.3243274],[103.7494957,1.3241772],[103.7494421,1.3241718],[103.7493938,1.3241987],[103.74937829997764,1.324214200022369],[103.74931196391817,1.32436961145243],[103.74928042860547,1.3243867267717273],[103.749265,1.3244185],[103.7491349,1.3244038],[103.7491309,1.3243542],[103.7489037,1.3243282],[103.7488627,1.3245955],[103.7488788,1.3246652],[103.7493938,1.3247403]]]},"clearanceHeight":1.7,"clearancePrepared":true},"geometry":{"type":"Polygon","coordinates":[[[103.7488788,1.3246652],[103.7493938,1.3247403],[103.7494581,1.3246599],[103.7495011,1.3246867],[103.7495386,1.324617],[103.7494999,1.3245938],[103.7495481,1.3245186],[103.7495815,1.3245365],[103.749662,1.3243971],[103.7496835,1.3243274],[103.7494957,1.3241772],[103.7494421,1.3241718],[103.7493938,1.3241987],[103.7493509,1.3242416],[103.749265,1.3244185],[103.7491349,1.3244038],[103.7491309,1.3243542],[103.7489037,1.3243282],[103.7488627,1.3245955],[103.7488788,1.3246652]]]}},{"type":"Feature","id":"way/173030060-0","properties":{"addr:city":"Singapore","addr:country":"SG","addr:housenumber":"10","addr:postcode":"609928","addr:street":"International Business Park","building":"commercial","height":"0","clearanceGeometry":{"type":"Polygon","coordinates":[[[103.7489752,1.3254968],[103.748997,1.3254921],[103.7490091,1.3254771],[103.7490319,1.3254854],[103.7491573,1.3252365],[103.7491804,1.3252076],[103.7491938,1.3251707],[103.7491952,1.3251298],[103.7491836,1.3250902],[103.7492234,1.3250628],[103.74918615163257,1.3250312755789473],[103.74914027584452,1.325011177614657],[103.74913371724786,1.325002474861384],[103.7490919,1.3249957],[103.7490879,1.3250286],[103.7490564,1.3250299],[103.7490255,1.3250406],[103.7489994,1.3250574],[103.7489712,1.3250896],[103.7489308,1.3250727],[103.7489388,1.3249795],[103.7487064,1.3249446],[103.748642,1.3254395],[103.7488959,1.3254752],[103.7489008,1.3254189],[103.74893,1.3254345],[103.7489256,1.3254543],[103.7489337,1.3254754],[103.7489518,1.3254925],[103.7489752,1.3254968]]]},"clearanceHeight":1.7,"clearancePrepared":true},"geometry":{"type":"Polygon","coordinates":[[[103.7489518,1.3254925],[103.7489752,1.3254968],[103.748997,1.3254921],[103.7490091,1.3254771],[103.7490319,1.3254854],[103.7491573,1.3252365],[103.7491804,1.3252076],[103.7491938,1.3251707],[103.7491952,1.3251298],[103.7491836,1.3250902],[103.7492234,1.3250628],[103.7491798,1.3250259],[103.7491456,1.3250044],[103.7490919,1.3249957],[103.7490879,1.3250286],[103.7490564,1.3250299],[103.7490255,1.3250406],[103.7489994,1.3250574],[103.7489712,1.3250896],[103.7489308,1.3250727],[103.7489388,1.3249795],[103.7487064,1.3249446],[103.748642,1.3254395],[103.7488959,1.3254752],[103.7489008,1.3254189],[103.74893,1.3254345],[103.7489256,1.3254543],[103.7489337,1.3254754],[103.7489518,1.3254925]]]}},{"type":"Feature","id":"way/173030062-0","properties":{"building":"yes","building:levels":"3","source":"Bing","clearanceGeometry":{"type":"Polygon","coordinates":[[[103.7483258,1.3261655],[103.7483756,1.3261937],[103.7484308,1.3261785],[103.748459,1.3261287],[103.7484702,1.326038],[103.7485636,1.3260457],[103.7485576,1.3260601],[103.7485699,1.3260897],[103.7485995,1.326102],[103.7486291,1.3260897],[103.7486414,1.3260601],[103.748638,1.3260519],[103.74873962644308,1.3260289084663004],[103.74881585147743,1.3258733004469203],[103.748817,1.3258538],[103.74882518373485,1.32585424930309],[103.74884952931366,1.3258045495249198],[103.7488532,1.3257781],[103.74886210138553,1.3257788845288947],[103.7488900618471,1.3257218052230748],[103.7489028,1.3256199],[103.7483776,1.3255683],[103.7483106,1.3261104],[103.7483258,1.3261655]]]},"clearanceHeight":1.7,"clearancePrepared":true},"geometry":{"type":"Polygon","coordinates":[[[103.7483106,1.3261104],[103.7483258,1.3261655],[103.7483756,1.3261937],[103.7484308,1.3261785],[103.748459,1.3261287],[103.7484702,1.326038],[103.7485636,1.3260457],[103.7485576,1.3260601],[103.7485699,1.3260897],[103.7485995,1.326102],[103.7486291,1.3260897],[103.7486414,1.3260601],[103.748638,1.3260519],[103.7487432,1.3260281],[103.7487701,1.326012],[103.7487882,1.3259322],[103.7488123,1.3259336],[103.748817,1.3258538],[103.7488425,1.3258552],[103.7488532,1.3257781],[103.7488827,1.3257807],[103.7489028,1.3256199],[103.7483776,1.3255683],[103.7483106,1.3261104]]]}},{"type":"Feature","id":"way/173030063-0","properties":{"building":"yes","building:levels":"12","source":"Bing","clearanceGeometry":{"type":"Polygon","coordinates":[[[103.748607,1.328193],[103.748643,1.3279301],[103.7480874,1.3278541],[103.7480514,1.3281169],[103.748607,1.328193]]]},"clearanceHeight":1.7,"clearancePrepared":true},"geometry":{"type":"Polygon","coordinates":[[[103.7480514,1.3281169],[103.748607,1.328193],[103.748643,1.3279301],[103.7480874,1.3278541],[103.7480514,1.3281169]]]}},{"type":"Feature","id":"way/173030065-0","properties":{"building":"yes","source":"Bing","clearanceGeometry":{"type":"Polygon","coordinates":[[[103.7480339,1.3255387],[103.7479843,1.3259283],[103.7479983,1.3259293],[103.7479955,1.3259439],[103.7480005,1.3259748],[103.748015,1.3260033],[103.748037,1.3260266],[103.7480646,1.3260427],[103.7480832,1.3260495],[103.7480991,1.3260502],[103.7480969,1.3260752],[103.748237,1.3260931],[103.7483033,1.325573],[103.7480339,1.3255387]]]},"clearanceHeight":1.7,"clearancePrepared":true},"geometry":{"type":"Polygon","coordinates":[[[103.7483033,1.325573],[103.7480339,1.3255387],[103.7479843,1.3259283],[103.7479983,1.3259293],[103.7479955,1.3259439],[103.7480005,1.3259748],[103.748015,1.3260033],[103.748037,1.3260266],[103.7480646,1.3260427],[103.7480832,1.3260495],[103.7480991,1.3260502],[103.7480969,1.3260752],[103.748237,1.3260931],[103.7483033,1.325573]]]}},{"type":"Feature","id":"way/173030067-0","properties":{"building":"yes","building:levels":"5","name":"Techquest Building","source":"Bing","clearanceGeometry":{"type":"Polygon","coordinates":[[[103.7497839,1.3252101],[103.74947,1.3258065],[103.7498447,1.3260036],[103.7501585,1.3254071],[103.7497839,1.3252101]]]},"clearanceHeight":1.7,"clearancePrepared":true},"geometry":{"type":"Polygon","coordinates":[[[103.7501585,1.3254071],[103.7497839,1.3252101],[103.74947,1.3258065],[103.7498447,1.3260036],[103.7501585,1.3254071]]]}},{"type":"Feature","id":"way/173030070-0","properties":{"building":"yes","building:levels":"11","name":"Icon @IBP","source":"Bing","clearanceGeometry":{"type":"Polygon","coordinates":[[[103.7492266,1.3279407],[103.7494812,1.3279744],[103.7495336,1.327578],[103.7492944,1.3275464],[103.7493143,1.327396],[103.7495432,1.3274263],[103.7495923,1.3270549],[103.7490677,1.3269856],[103.74891476384362,1.3281418569278056],[103.74892729966447,1.328145666340568],[103.7492075270117,1.32808486935268],[103.7492266,1.3279407]]]},"clearanceHeight":1.7,"clearancePrepared":true},"geometry":{"type":"Polygon","coordinates":[[[103.7489137,1.3281499],[103.7492062,1.3280949],[103.7492266,1.3279407],[103.7494812,1.3279744],[103.7495336,1.327578],[103.7492944,1.3275464],[103.7493143,1.327396],[103.7495432,1.3274263],[103.7495923,1.3270549],[103.7490677,1.3269856],[103.7489137,1.3281499]]]}},{"type":"Feature","id":"way/368005229-0","properties":{"building:levels":"6","building:part":"yes","clearanceGeometry":{"type":"Polygon","coordinates":[[[103.7483747,1.328955],[103.7484315,1.3290252],[103.748543,1.3290298],[103.7490217,1.3290498],[103.7491762,1.3290562],[103.7491778,1.3289493],[103.7492305,1.3289279],[103.7492667,1.3288918],[103.7492749,1.3287438],[103.7492469,1.3286879],[103.7491877,1.3286665],[103.74868327689025,1.3286287828282721],[103.7485542108756,1.3286741437559921],[103.74852284831364,1.328687826356015],[103.74851,1.3287224],[103.74844780809974,1.3287205642820137],[103.74837934302991,1.3287504336583527],[103.748355284815,1.3287639621446312],[103.7483472,1.3287964],[103.7483022661853,1.3287937757366866],[103.74820595483494,1.3288479338189714],[103.7482008,1.3288572],[103.7482057,1.3289023],[103.7482955,1.3289118],[103.7483747,1.328955]]]},"clearanceHeight":1.7,"clearancePrepared":true},"geometry":{"type":"Polygon","coordinates":[[[103.7482955,1.3289118],[103.7483747,1.328955],[103.7484315,1.3290252],[103.748543,1.3290298],[103.7490217,1.3290498],[103.7491762,1.3290562],[103.7491778,1.3289493],[103.7492305,1.3289279],[103.7492667,1.3288918],[103.7492749,1.3287438],[103.7492469,1.3286879],[103.7491877,1.3286665],[103.7486153,1.3286237],[103.7485676,1.3286369],[103.7485265,1.328678],[103.74851,1.3287224],[103.7483982,1.3287191],[103.7483554,1.3287635],[103.7483472,1.3287964],[103.7482633,1.3287915],[103.7482255,1.3288128],[103.7482008,1.3288572],[103.7482057,1.3289023],[103.7482955,1.3289118]]]}},{"type":"Feature","id":"way/368005248-0","properties":{"addr:city":"Singapore","addr:country":"SG","addr:housenumber":"28","addr:postcode":"609971","addr:street":"Boon Lay Way","building":"yes","building:levels":"1","clearanceGeometry":{"type":"Polygon","coordinates":[[[103.7519071,1.3281186],[103.7515367,1.3281777],[103.751562,1.3283361],[103.7519324,1.328277],[103.7519071,1.3281186]]]},"clearanceHeight":1.7,"clearancePrepared":true},"geometry":{"type":"Polygon","coordinates":[[[103.7519324,1.328277],[103.7519071,1.3281186],[103.7515367,1.3281777],[103.751562,1.3283361],[103.7519324,1.328277]]]}},{"type":"Feature","id":"way/368005271-0","properties":{"building":"parking","building:levels":"11","clearanceGeometry":{"type":"Polygon","coordinates":[[[103.7514308,1.3285544],[103.751388,1.3285213],[103.7513365,1.3285046],[103.7512825,1.3285063],[103.7512321,1.3285261],[103.7511914,1.3285618],[103.7511652,1.3286091],[103.7511565,1.3286625],[103.7511664,1.3287157],[103.7511936,1.3287624],[103.7512351,1.3287972],[103.7512858,1.3288159],[103.75134,1.3288164],[103.751391,1.3287986],[103.7514331,1.3287645],[103.7514509,1.3285967],[103.7514308,1.3285544]]]},"clearanceHeight":1.7,"clearancePrepared":true},"geometry":{"type":"Polygon","coordinates":[[[103.7514509,1.3285967],[103.7514308,1.3285544],[103.751388,1.3285213],[103.7513365,1.3285046],[103.7512825,1.3285063],[103.7512321,1.3285261],[103.7511914,1.3285618],[103.7511652,1.3286091],[103.7511565,1.3286625],[103.7511664,1.3287157],[103.7511936,1.3287624],[103.7512351,1.3287972],[103.7512858,1.3288159],[103.75134,1.3288164],[103.751391,1.3287986],[103.7514331,1.3287645],[103.7514509,1.3285967]]]}},{"type":"Feature","id":"way/706184347-0","properties":{"building":"yes","clearanceGeometry":{"type":"Polygon","coordinates":[[[103.7512107,1.327209],[103.7510285,1.3272998],[103.7510224,1.3273528],[103.7510587,1.3274144],[103.7512625,1.3273125],[103.7512107,1.327209]]]},"clearanceHeight":1.7,"clearancePrepared":true},"geometry":{"type":"Polygon","coordinates":[[[103.7512625,1.3273125],[103.7512107,1.327209],[103.7510285,1.3272998],[103.7510224,1.3273528],[103.7510587,1.3274144],[103.7512625,1.3273125]]]}},{"type":"Feature","id":"way/706184348-0","properties":{"building":"yes","clearanceGeometry":{"type":"Polygon","coordinates":[[[103.7510924,1.3259616],[103.7510673,1.326003],[103.7509212,1.3259145],[103.7508992,1.3259508],[103.7512062,1.3261368],[103.7512533,1.3260591],[103.7510924,1.3259616]]]},"clearanceHeight":1.7,"clearancePrepared":true},"geometry":{"type":"Polygon","coordinates":[[[103.7512533,1.3260591],[103.7510924,1.3259616],[103.7510673,1.326003],[103.7509212,1.3259145],[103.7508992,1.3259508],[103.7512062,1.3261368],[103.7512533,1.3260591]]]}},{"type":"Feature","id":"way/882664423-0","properties":{"building:colour":"grey","building:levels":"5","building:part":"yes","clearanceGeometry":{"type":"Polygon","coordinates":[[[103.748642,1.3254395],[103.7488959,1.3254752],[103.7489008,1.3254189],[103.7489308,1.3250727],[103.7489388,1.3249795],[103.7487064,1.3249446],[103.748642,1.3254395]]]},"clearanceHeight":1.7,"clearancePrepared":true},"geometry":{"type":"Polygon","coordinates":[[[103.7487064,1.3249446],[103.748642,1.3254395],[103.7488959,1.3254752],[103.7489008,1.3254189],[103.7489308,1.3250727],[103.7489388,1.3249795],[103.7487064,1.3249446]]]}},{"type":"Feature","id":"way/882664424-0","properties":{"building:levels":"1","building:part":"yes","clearanceGeometry":{"type":"Polygon","coordinates":[[[103.74918615163257,1.3250312755789473],[103.74914027584452,1.325011177614657],[103.74913371724786,1.325002474861384],[103.7490919,1.3249957],[103.7490879,1.3250286],[103.7491181,1.3250333],[103.7491402,1.3250487],[103.749165,1.3250701],[103.7491836,1.3250902],[103.7492234,1.3250628],[103.74918615163257,1.3250312755789473]]]},"clearanceHeight":1.7,"clearancePrepared":true},"geometry":{"type":"Polygon","coordinates":[[[103.7492234,1.3250628],[103.7491798,1.3250259],[103.7491456,1.3250044],[103.7490919,1.3249957],[103.7490879,1.3250286],[103.7491181,1.3250333],[103.7491402,1.3250487],[103.749165,1.3250701],[103.7491836,1.3250902],[103.7492234,1.3250628]]]}},{"type":"Feature","id":"way/882664425-0","properties":{"building:colour":"grey","building:levels":"5","building:part":"yes","clearanceGeometry":{"type":"Polygon","coordinates":[[[103.7490255,1.3250406],[103.7489994,1.3250574],[103.7489712,1.3250896],[103.7489308,1.3250727],[103.7489008,1.3254189],[103.74893,1.3254345],[103.7489256,1.3254543],[103.7489337,1.3254754],[103.7489518,1.3254925],[103.7489752,1.3254968],[103.748997,1.3254921],[103.7490091,1.3254771],[103.7490319,1.3254854],[103.7491573,1.3252365],[103.7491804,1.3252076],[103.7491938,1.3251707],[103.7491952,1.3251298],[103.7491836,1.3250902],[103.749165,1.3250701],[103.7491402,1.3250487],[103.7491181,1.3250333],[103.7490879,1.3250286],[103.7490564,1.3250299],[103.7490255,1.3250406]]]},"clearanceHeight":1.7,"clearancePrepared":true},"geometry":{"type":"Polygon","coordinates":[[[103.7490564,1.3250299],[103.7490255,1.3250406],[103.7489994,1.3250574],[103.7489712,1.3250896],[103.7489308,1.3250727],[103.7489008,1.3254189],[103.74893,1.3254345],[103.7489256,1.3254543],[103.7489337,1.3254754],[103.7489518,1.3254925],[103.7489752,1.3254968],[103.748997,1.3254921],[103.7490091,1.3254771],[103.7490319,1.3254854],[103.7491573,1.3252365],[103.7491804,1.3252076],[103.7491938,1.3251707],[103.7491952,1.3251298],[103.7491836,1.3250902],[103.749165,1.3250701],[103.7491402,1.3250487],[103.7491181,1.3250333],[103.7490879,1.3250286],[103.7490564,1.3250299]]]}},{"type":"Feature","id":"node/2684795963","properties":{"highway":"traffic_signals"},"geometry":{"type":"Point","coordinates":[103.7520129,1.327495]}},{"type":"Feature","id":"node/2684795966","properties":{"highway":"traffic_signals"},"geometry":{"type":"Point","coordinates":[103.7519343,1.3275365]}},{"type":"Feature","id":"node/5159390354","properties":{"highway":"traffic_signals"},"geometry":{"type":"Point","coordinates":[103.7520675,1.3277323]}},{"type":"Feature","id":"node/6603938161","properties":{"highway":"traffic_signals"},"geometry":{"type":"Point","coordinates":[103.7520705,1.3257362]}},{"type":"Feature","id":"node/6635423019","properties":{"highway":"traffic_signals"},"geometry":{"type":"Point","coordinates":[103.7521055,1.3258336]}},{"type":"Feature","id":"node/6635423020","properties":{"highway":"traffic_signals"},"geometry":{"type":"Point","coordinates":[103.752031,1.3258001]}},{"type":"Feature","id":"node/6635423025","properties":{"highway":"traffic_signals"},"geometry":{"type":"Point","coordinates":[103.7521397,1.3257753]}},{"type":"Feature","id":"node/2328889710","properties":{"crossing":"traffic_signals","highway":"crossing","tactile_paving":"yes"},"geometry":{"type":"Point","coordinates":[103.752044,1.3274818]}},{"type":"Feature","id":"node/2328889711","properties":{"crossing":"traffic_signals","highway":"crossing","tactile_paving":"yes"},"geometry":{"type":"Point","coordinates":[103.7521216,1.3276139]}},{"type":"Feature","id":"node/4602649088","properties":{"highway":"crossing"},"geometry":{"type":"Point","coordinates":[103.7491444,1.3256943]}},{"type":"Feature","id":"node/5172033666","properties":{"highway":"crossing"},"geometry":{"type":"Point","coordinates":[103.7508546,1.328437]}},{"type":"Feature","id":"node/5172033672","properties":{"highway":"crossing"},"geometry":{"type":"Point","coordinates":[103.7507789,1.3284902]}},{"type":"Feature","id":"node/6635423018","properties":{"highway":"crossing"},"geometry":{"type":"Point","coordinates":[103.7521422,1.3258525]}},{"type":"Feature","id":"node/6987783267","properties":{"highway":"crossing"},"geometry":{"type":"Point","coordinates":[103.7489256,1.3281874]}},{"type":"Feature","id":"node/8365875853","properties":{"highway":"crossing"},"geometry":{"type":"Point","coordinates":[103.7519724,1.3257679]}},{"type":"Feature","id":"node/8365875854","properties":{"highway":"crossing"},"geometry":{"type":"Point","coordinates":[103.7520103,1.3257017]}},{"type":"Feature","id":"node/8365875909","properties":{"highway":"crossing"},"geometry":{"type":"Point","coordinates":[103.7499478,1.3246107]}},{"type":"Feature","id":"node/8365875916","properties":{"highway":"crossing"},"geometry":{"type":"Point","coordinates":[103.7493822,1.3257225]}},{"type":"Feature","id":"node/8365895217","properties":{"highway":"crossing"},"geometry":{"type":"Point","coordinates":[103.7493139,1.3258495]}},{"type":"Feature","id":"node/8365895220","properties":{"highway":"crossing"},"geometry":{"type":"Point","coordinates":[103.7489217,1.3265078]}},{"type":"Feature","id":"node/8365895221","properties":{"highway":"crossing"},"geometry":{"type":"Point","coordinates":[103.7488411,1.3265658]}},{"type":"Feature","id":"node/8365895222","properties":{"highway":"crossing"},"geometry":{"type":"Point","coordinates":[103.7486669,1.3266401]}},{"type":"Feature","id":"node/8365895228","properties":{"highway":"crossing"},"geometry":{"type":"Point","coordinates":[103.7478765,1.3272181]}},{"type":"Feature","id":"node/8365917420","properties":{"highway":"crossing"},"geometry":{"type":"Point","coordinates":[103.7478045,1.3251947]}},{"type":"Feature","id":"node/8365917421","properties":{"highway":"crossing"},"geometry":{"type":"Point","coordinates":[103.7477669,1.3254775]}},{"type":"Feature","id":"node/8365917438","properties":{"highway":"crossing"},"geometry":{"type":"Point","coordinates":[103.7495881,1.3248581]}},{"type":"Feature","id":"node/8365927483","properties":{"highway":"crossing"},"geometry":{"type":"Point","coordinates":[103.7477469,1.3279764]}},{"type":"Feature","id":"node/8365946245","properties":{"highway":"crossing"},"geometry":{"type":"Point","coordinates":[103.75164,1.3262967]}},{"type":"Feature","id":"node/8366374308","properties":{"crossing":"marked","highway":"crossing","tactile_paving":"yes"},"geometry":{"type":"Point","coordinates":[103.7519238,1.3277782]}},{"type":"Feature","id":"node/8366374309","properties":{"crossing":"traffic_signals","highway":"crossing","tactile_paving":"yes"},"geometry":{"type":"Point","coordinates":[103.7519411,1.327696]}},{"type":"Feature","id":"node/8366374310","properties":{"highway":"crossing"},"geometry":{"type":"Point","coordinates":[103.7518731,1.3275655]}},{"type":"Feature","id":"node/8366374311","properties":{"crossing:signals":"no","highway":"crossing"},"geometry":{"type":"Point","coordinates":[103.7517829,1.3275051]}},{"type":"Feature","id":"node/8366374314","properties":{"crossing":"traffic_signals","highway":"crossing","tactile_paving":"yes"},"geometry":{"type":"Point","coordinates":[103.7520374,1.327703]}},{"type":"Feature","id":"node/8366374315","properties":{"crossing":"traffic_signals","highway":"crossing","tactile_paving":"yes"},"geometry":{"type":"Point","coordinates":[103.7520662,1.3276886]}},{"type":"Feature","id":"node/8366392017","properties":{"crossing":"traffic_signals","highway":"crossing","tactile_paving":"yes"},"geometry":{"type":"Point","coordinates":[103.7519063,1.3274858]}},{"type":"Feature","id":"node/8366392018","properties":{"crossing":"traffic_signals","highway":"crossing","tactile_paving":"yes"},"geometry":{"type":"Point","coordinates":[103.7519872,1.3274457]}},{"type":"Feature","id":"node/8366392020","properties":{"crossing":"marked","highway":"crossing","tactile_paving":"yes"},"geometry":{"type":"Point","coordinates":[103.7520222,1.3273391]}},{"type":"Feature","id":"node/8382737192","properties":{"highway":"crossing"},"geometry":{"type":"Point","coordinates":[103.7516539,1.3255055]}},{"type":"Feature","id":"node/8382737209","properties":{"highway":"crossing"},"geometry":{"type":"Point","coordinates":[103.7521426,1.3256212]}},{"type":"Feature","id":"node/8382737211","properties":{"highway":"crossing"},"geometry":{"type":"Point","coordinates":[103.7518766,1.3258497]}},{"type":"Feature","id":"node/8382738517","properties":{"highway":"crossing"},"geometry":{"type":"Point","coordinates":[103.7520974,1.3259974]}},{"type":"Feature","id":"node/8382738521","properties":{"highway":"crossing"},"geometry":{"type":"Point","coordinates":[103.752068,1.3258976]}},{"type":"Feature","id":"node/8382738522","properties":{"highway":"crossing"},"geometry":{"type":"Point","coordinates":[103.7519937,1.3258605]}},{"type":"Feature","id":"node/8463866133","properties":{"highway":"crossing"},"geometry":{"type":"Point","coordinates":[103.7495282,1.3280659]}},{"type":"Feature","id":"node/8463866136","properties":{"highway":"crossing"},"geometry":{"type":"Point","coordinates":[103.7479544,1.3286109]}},{"type":"Feature","id":"node/8465123283","properties":{"highway":"crossing"},"geometry":{"type":"Point","coordinates":[103.750034,1.3262238]}},{"type":"Feature","id":"node/9149375355","properties":{"highway":"crossing"},"geometry":{"type":"Point","coordinates":[103.7516155,1.3255758]}},{"type":"Feature","id":"node/9149375374","properties":{"highway":"crossing"},"geometry":{"type":"Point","coordinates":[103.7517212,1.3257348]}},{"type":"Feature","id":"way/22904193-0-0-0","properties":{"highway":"service","lanes":"4","lanes:backward":"2","lanes:forward":"2","maxspeed":"50","name":"International Business Park","sidewalk:both":"separate","surface":"asphalt","startNodeId":"4488444536","endNodeId":"5241514810"},"geometry":{"type":"LineString","coordinates":[[103.7476942,1.3252577],[103.7477064,1.3251825]]}},{"type":"Feature","id":"way/22945311-0-4-0","properties":{"highway":"service","lanes":"2","lanes:backward":"1","lanes:forward":"1","maxspeed":"50","name":"International Business Park","sidewalk:both":"separate","turn:lanes:backward":"through","turn:lanes:forward":"through","startNodeId":"5166599447","endNodeId":"247184765"},"geometry":{"type":"LineString","coordinates":[[103.7481753,1.3244467],[103.7481397,1.324558]]}},{"type":"Feature","id":"way/22945311-0-5-0","properties":{"highway":"service","lanes":"2","lanes:backward":"1","lanes:forward":"1","maxspeed":"50","name":"International Business Park","sidewalk:both":"separate","turn:lanes:backward":"through","turn:lanes:forward":"through","startNodeId":"247184765","endNodeId":"247184757"},"geometry":{"type":"LineString","coordinates":[[103.7481397,1.324558],[103.7480975,1.3246391]]}},{"type":"Feature","id":"way/22945311-0-6-0","properties":{"highway":"service","lanes":"2","lanes:backward":"1","lanes:forward":"1","maxspeed":"50","name":"International Business Park","sidewalk:both":"separate","turn:lanes:backward":"through","turn:lanes:forward":"through","startNodeId":"247184757","endNodeId":"5166599448"},"geometry":{"type":"LineString","coordinates":[[103.7480975,1.3246391],[103.7480311,1.3247088]]}},{"type":"Feature","id":"way/22945311-0-7-0","properties":{"highway":"service","lanes":"2","lanes:backward":"1","lanes:forward":"1","maxspeed":"50","name":"International Business Park","sidewalk:both":"separate","turn:lanes:backward":"through","turn:lanes:forward":"through","startNodeId":"5166599448","endNodeId":"5166599449"},"geometry":{"type":"LineString","coordinates":[[103.7480311,1.3247088],[103.7479493,1.3247598]]}},{"type":"Feature","id":"way/22945311-0-8-0","properties":{"highway":"service","lanes":"2","lanes:backward":"1","lanes:forward":"1","maxspeed":"50","name":"International Business Park","sidewalk:both":"separate","turn:lanes:backward":"through","turn:lanes:forward":"through","startNodeId":"5166599449","endNodeId":"247184766"},"geometry":{"type":"LineString","coordinates":[[103.7479493,1.3247598],[103.7478722,1.3247839]]}},{"type":"Feature","id":"way/22945311-0-9-0","properties":{"highway":"service","lanes":"2","lanes:backward":"1","lanes:forward":"1","maxspeed":"50","name":"International Business Park","sidewalk:both":"separate","turn:lanes:backward":"through","turn:lanes:forward":"through","startNodeId":"247184766","endNodeId":"246580937"},"geometry":{"type":"LineString","coordinates":[[103.7478722,1.3247839],[103.7477687,1.3247971]]}},{"type":"Feature","id":"way/136811676-0-0-0","properties":{"bridge":"yes","highway":"primary","lanes":"3","layer":"1","maxspeed":"70","name":"Boon Lay Way","name:en":"Boon Lay Way","name:zh":"\u6587\u793c\u5927\u9053","note":"Part of it estimated ???","oneway":"yes","source":"Yahoo aerial images","surface":"asphalt","startNodeId":"1500944351","endNodeId":"7509148771"},"geometry":{"type":"LineString","coordinates":[[103.7500325,1.3286596],[103.7499834,1.3287011]]}},{"type":"Feature","id":"way/136811676-0-1-0","properties":{"bridge":"yes","highway":"primary","lanes":"3","layer":"1","maxspeed":"70","name":"Boon Lay Way","name:en":"Boon Lay Way","name:zh":"\u6587\u793c\u5927\u9053","note":"Part of it estimated ???","oneway":"yes","source":"Yahoo aerial images","surface":"asphalt","startNodeId":"7509148771","endNodeId":"237564404"},"geometry":{"type":"LineString","coordinates":[[103.7499834,1.3287011],[103.7496133,1.329014]]}},{"type":"Feature","id":"way/136811678-0-0-0","properties":{"highway":"primary","lanes":"3","maxspeed":"70","name":"Boon Lay Way","name:en":"Boon Lay Way","name:zh":"\u6587\u793c\u5927\u9053","note":"Part of it estimated ???","oneway":"yes","source":"Yahoo aerial images","surface":"asphalt","startNodeId":"1500944352","endNodeId":"2328890162"},"geometry":{"type":"LineString","coordinates":[[103.7499969,1.3289608],[103.7506543,1.3284606]]}},{"type":"Feature","id":"way/224050004-0-2-0","properties":{"highway":"service","lanes":"1","maxspeed":"15","oneway":"yes","service":"driveway","startNodeId":"3718704261","endNodeId":"8857047344"},"geometry":{"type":"LineString","coordinates":[[103.7521295,1.3285162],[103.7516003,1.3284695]]}},{"type":"Feature","id":"way/224050004-0-3-0","properties":{"highway":"service","lanes":"1","maxspeed":"15","oneway":"yes","service":"driveway","startNodeId":"8857047344","endNodeId":"3718704154"},"geometry":{"type":"LineString","coordinates":[[103.7516003,1.3284695],[103.7513642,1.3284487]]}},{"type":"Feature","id":"way/224050004-0-4-0","properties":{"highway":"service","lanes":"1","maxspeed":"15","oneway":"yes","service":"driveway","startNodeId":"3718704154","endNodeId":"7085040062"},"geometry":{"type":"LineString","coordinates":[[103.7513642,1.3284487],[103.7511445,1.3284683]]}},{"type":"Feature","id":"way/224050004-0-5-0","properties":{"highway":"service","lanes":"1","maxspeed":"15","oneway":"yes","service":"driveway","startNodeId":"7085040062","endNodeId":"7085040061"},"geometry":{"type":"LineString","coordinates":[[103.7511445,1.3284683],[103.7511297,1.3284783]]}},{"type":"Feature","id":"way/224050004-0-6-0","properties":{"highway":"service","lanes":"1","maxspeed":"15","oneway":"yes","service":"driveway","startNodeId":"7085040061","endNodeId":"3718704158"},"geometry":{"type":"LineString","coordinates":[[103.7511297,1.3284783],[103.7511226,1.328496]]}},{"type":"Feature","id":"way/224050879-0-0-0","properties":{"highway":"service","maxspeed":"15","service":"parking_aisle","startNodeId":"3718704152","endNodeId":"8366392056"},"geometry":{"type":"LineString","coordinates":[[103.7519284,1.3284034],[103.7522315,1.3283279]]}},{"type":"Feature","id":"way/262823302-0-0-0","properties":{"highway":"unclassified","lanes":"2","maxspeed":"50","name":"Business Park Drive","oneway":"yes","surface":"asphalt","turn:lanes":"left;through|through;right","startNodeId":"6684944182","endNodeId":"2328888302"},"geometry":{"type":"LineString","coordinates":[[103.7518439,1.3262956],[103.7519106,1.3261657]]}},{"type":"Feature","id":"way/262823302-0-1-0","properties":{"highway":"unclassified","lanes":"2","maxspeed":"50","name":"Business Park Drive","oneway":"yes","surface":"asphalt","turn:lanes":"left;through|through;right","startNodeId":"2328888302","endNodeId":"6635423031"},"geometry":{"type":"LineString","coordinates":[[103.7519106,1.3261657],[103.7519307,1.3261316]]}},{"type":"Feature","id":"way/262823304-0-0-0","properties":{"highway":"service","name":"Business Park Drive","oneway":"yes","surface":"asphalt","startNodeId":"5159390354","endNodeId":"8366374315"},"geometry":{"type":"LineString","coordinates":[[103.7520675,1.3277323],[103.7520662,1.3276886]]}},{"type":"Feature","id":"way/262823304-0-1-0","properties":{"highway":"service","name":"Business Park Drive","oneway":"yes","surface":"asphalt","startNodeId":"8366374315","endNodeId":"5159390352"},"geometry":{"type":"LineString","coordinates":[[103.7520662,1.3276886],[103.7520711,1.3276352]]}},{"type":"Feature","id":"way/262823305-0-0-0","properties":{"highway":"service","name":"Business Park Drive","oneway":"yes","surface":"asphalt","startNodeId":"5159390353","endNodeId":"8366374314"},"geometry":{"type":"LineString","coordinates":[[103.7519948,1.3276703],[103.7520374,1.327703]]}},{"type":"Feature","id":"way/262823305-0-1-0","properties":{"highway":"service","name":"Business Park Drive","oneway":"yes","surface":"asphalt","startNodeId":"8366374314","endNodeId":"5159390354"},"geometry":{"type":"LineString","coordinates":[[103.7520374,1.327703],[103.7520675,1.3277323]]}},{"type":"Feature","id":"way/262823306-0-0-0","properties":{"highway":"primary","lanes":"3","maxspeed":"70","name":"Boon Lay Way","name:en":"Boon Lay Way","name:zh":"\u6587\u793c\u5927\u9053","note":"Part of it estimated ???","oneway":"yes","source":"Yahoo aerial images","surface":"asphalt","startNodeId":"5159390352","endNodeId":"2328889711"},"geometry":{"type":"LineString","coordinates":[[103.7520711,1.3276352],[103.7521216,1.3276139]]}},{"type":"Feature","id":"way/262823307-0-0-0","properties":{"highway":"unclassified","lanes":"2","maxspeed":"50","name":"Business Park Drive","oneway":"yes","surface":"asphalt","turn:lanes":"through|through","startNodeId":"6677218401","endNodeId":"2684795991"},"geometry":{"type":"LineString","coordinates":[[103.7519006,1.3260114],[103.7517778,1.3262102]]}},{"type":"Feature","id":"way/262823307-0-1-0","properties":{"highway":"unclassified","lanes":"2","maxspeed":"50","name":"Business Park Drive","oneway":"yes","surface":"asphalt","turn:lanes":"through|through","startNodeId":"2684795991","endNodeId":"2684795986"},"geometry":{"type":"LineString","coordinates":[[103.7517778,1.3262102],[103.7517026,1.3263668]]}},{"type":"Feature","id":"way/262823307-0-2-0","properties":{"highway":"unclassified","lanes":"2","maxspeed":"50","name":"Business Park Drive","oneway":"yes","surface":"asphalt","turn:lanes":"through|through","startNodeId":"2684795986","endNodeId":"2684795984"},"geometry":{"type":"LineString","coordinates":[[103.7517026,1.3263668],[103.7516795,1.3264419]]}},{"type":"Feature","id":"way/262823315-0-1-0","properties":{"highway":"primary_link","lanes":"1","maxspeed":"50","oneway":"yes","surface":"asphalt","turn:lanes":"left","startNodeId":"2684796149","endNodeId":"2684796144"},"geometry":{"type":"LineString","coordinates":[[103.7521515,1.3273686],[103.7520958,1.3273621]]}},{"type":"Feature","id":"way/262823315-0-2-0","properties":{"highway":"primary_link","lanes":"1","maxspeed":"50","oneway":"yes","surface":"asphalt","turn:lanes":"left","startNodeId":"2684796144","endNodeId":"2684796154"},"geometry":{"type":"LineString","coordinates":[[103.7520958,1.3273621],[103.7520317,1.3273427]]}},{"type":"Feature","id":"way/262823315-0-3-0","properties":{"highway":"primary_link","lanes":"1","maxspeed":"50","oneway":"yes","surface":"asphalt","turn:lanes":"left","startNodeId":"2684796154","endNodeId":"8366392020"},"geometry":{"type":"LineString","coordinates":[[103.7520317,1.3273427],[103.7520222,1.3273391]]}},{"type":"Feature","id":"way/262823315-0-4-0","properties":{"highway":"primary_link","lanes":"1","maxspeed":"50","oneway":"yes","surface":"asphalt","turn:lanes":"left","startNodeId":"8366392020","endNodeId":"2684796156"},"geometry":{"type":"LineString","coordinates":[[103.7520222,1.3273391],[103.7519785,1.3273225]]}},{"type":"Feature","id":"way/262823315-0-5-0","properties":{"highway":"primary_link","lanes":"1","maxspeed":"50","oneway":"yes","surface":"asphalt","turn:lanes":"left","startNodeId":"2684796156","endNodeId":"2684796157"},"geometry":{"type":"LineString","coordinates":[[103.7519785,1.3273225],[103.7519482,1.3272921]]}},{"type":"Feature","id":"way/262823315-0-6-0","properties":{"highway":"primary_link","lanes":"1","maxspeed":"50","oneway":"yes","surface":"asphalt","turn:lanes":"left","startNodeId":"2684796157","endNodeId":"2684796159"},"geometry":{"type":"LineString","coordinates":[[103.7519482,1.3272921],[103.7519153,1.3272415]]}},{"type":"Feature","id":"way/262823315-0-7-0","properties":{"highway":"primary_link","lanes":"1","maxspeed":"50","oneway":"yes","surface":"asphalt","turn:lanes":"left","startNodeId":"2684796159","endNodeId":"2684795956"},"geometry":{"type":"LineString","coordinates":[[103.7519153,1.3272415],[103.7518763,1.3272031]]}},{"type":"Feature","id":"way/368005347-0-2-0","properties":{"highway":"service","maxheight":"4.5","maxspeed":"15","oneway":"yes","service":"parking_aisle","surface":"asphalt","startNodeId":"3718704139","endNodeId":"7759914224"},"geometry":{"type":"LineString","coordinates":[[103.7521486,1.3282439],[103.7521094,1.3282484]]}},{"type":"Feature","id":"way/368005347-0-3-0","properties":{"highway":"service","maxheight":"4.5","maxspeed":"15","oneway":"yes","service":"parking_aisle","surface":"asphalt","startNodeId":"7759914224","endNodeId":"7759914223"},"geometry":{"type":"LineString","coordinates":[[103.7521094,1.3282484],[103.752092,1.328247]]}},{"type":"Feature","id":"way/368005347-0-4-0","properties":{"highway":"service","maxheight":"4.5","maxspeed":"15","oneway":"yes","service":"parking_aisle","surface":"asphalt","startNodeId":"7759914223","endNodeId":"7759914222"},"geometry":{"type":"LineString","coordinates":[[103.752092,1.328247],[103.7520838,1.3282452]]}},{"type":"Feature","id":"way/368005347-0-5-0","properties":{"highway":"service","maxheight":"4.5","maxspeed":"15","oneway":"yes","service":"parking_aisle","surface":"asphalt","startNodeId":"7759914222","endNodeId":"3718704138"},"geometry":{"type":"LineString","coordinates":[[103.7520838,1.3282452],[103.7520777,1.3282416]]}},{"type":"Feature","id":"way/368005347-0-6-0","properties":{"highway":"service","maxheight":"4.5","maxspeed":"15","oneway":"yes","service":"parking_aisle","surface":"asphalt","startNodeId":"3718704138","endNodeId":"8366458336"},"geometry":{"type":"LineString","coordinates":[[103.7520777,1.3282416],[103.7520408,1.3281564]]}},{"type":"Feature","id":"way/368005347-0-7-0","properties":{"highway":"service","maxheight":"4.5","maxspeed":"15","oneway":"yes","service":"parking_aisle","surface":"asphalt","startNodeId":"8366458336","endNodeId":"3718704362"},"geometry":{"type":"LineString","coordinates":[[103.7520408,1.3281564],[103.7519618,1.3279739]]}},{"type":"Feature","id":"way/368005347-0-8-0","properties":{"highway":"service","maxheight":"4.5","maxspeed":"15","oneway":"yes","service":"parking_aisle","surface":"asphalt","startNodeId":"3718704362","endNodeId":"3718704360"},"geometry":{"type":"LineString","coordinates":[[103.7519618,1.3279739],[103.7519427,1.3279547]]}},{"type":"Feature","id":"way/368005347-0-9-0","properties":{"highway":"service","maxheight":"4.5","maxspeed":"15","oneway":"yes","service":"parking_aisle","surface":"asphalt","startNodeId":"3718704360","endNodeId":"3718704361"},"geometry":{"type":"LineString","coordinates":[[103.7519427,1.3279547],[103.7518958,1.3279473]]}},{"type":"Feature","id":"way/368005347-0-10-0","properties":{"highway":"service","maxheight":"4.5","maxspeed":"15","oneway":"yes","service":"parking_aisle","surface":"asphalt","startNodeId":"3718704361","endNodeId":"3718704366"},"geometry":{"type":"LineString","coordinates":[[103.7518958,1.3279473],[103.7515366,1.3281218]]}},{"type":"Feature","id":"way/368005347-0-11-0","properties":{"highway":"service","maxheight":"4.5","maxspeed":"15","oneway":"yes","service":"parking_aisle","surface":"asphalt","startNodeId":"3718704366","endNodeId":"3718704136"},"geometry":{"type":"LineString","coordinates":[[103.7515366,1.3281218],[103.7514484,1.3281705]]}},{"type":"Feature","id":"way/368005347-0-12-0","properties":{"highway":"service","maxheight":"4.5","maxspeed":"15","oneway":"yes","service":"parking_aisle","surface":"asphalt","startNodeId":"3718704136","endNodeId":"8857047347"},"geometry":{"type":"LineString","coordinates":[[103.7514484,1.3281705],[103.7513975,1.3282195]]}},{"type":"Feature","id":"way/368005347-0-13-0","properties":{"highway":"service","maxheight":"4.5","maxspeed":"15","oneway":"yes","service":"parking_aisle","surface":"asphalt","startNodeId":"8857047347","endNodeId":"3718704140"},"geometry":{"type":"LineString","coordinates":[[103.7513975,1.3282195],[103.7513798,1.3282836]]}},{"type":"Feature","id":"way/368005347-0-14-0","properties":{"highway":"service","maxheight":"4.5","maxspeed":"15","oneway":"yes","service":"parking_aisle","surface":"asphalt","startNodeId":"3718704140","endNodeId":"3718704144"},"geometry":{"type":"LineString","coordinates":[[103.7513798,1.3282836],[103.7514058,1.3283516]]}},{"type":"Feature","id":"way/368005347-0-15-0","properties":{"highway":"service","maxheight":"4.5","maxspeed":"15","oneway":"yes","service":"parking_aisle","surface":"asphalt","startNodeId":"3718704144","endNodeId":"3718704148"},"geometry":{"type":"LineString","coordinates":[[103.7514058,1.3283516],[103.7514497,1.3283869]]}},{"type":"Feature","id":"way/368005347-0-16-0","properties":{"highway":"service","maxheight":"4.5","maxspeed":"15","oneway":"yes","service":"parking_aisle","surface":"asphalt","startNodeId":"3718704148","endNodeId":"3718704150"},"geometry":{"type":"LineString","coordinates":[[103.7514497,1.3283869],[103.7515179,1.3283927]]}},{"type":"Feature","id":"way/368005347-0-17-0","properties":{"highway":"service","maxheight":"4.5","maxspeed":"15","oneway":"yes","service":"parking_aisle","surface":"asphalt","startNodeId":"3718704150","endNodeId":"8857047346"},"geometry":{"type":"LineString","coordinates":[[103.7515179,1.3283927],[103.7515611,1.3283912]]}},{"type":"Feature","id":"way/368005347-0-18-0","properties":{"highway":"service","maxheight":"4.5","maxspeed":"15","oneway":"yes","service":"parking_aisle","surface":"asphalt","startNodeId":"8857047346","endNodeId":"8366392057"},"geometry":{"type":"LineString","coordinates":[[103.7515611,1.3283912],[103.7522059,1.3282802]]}},{"type":"Feature","id":"way/452044871-0-0-0","properties":{"highway":"service","startNodeId":"246580956","endNodeId":"8365895222"},"geometry":{"type":"LineString","coordinates":[[103.7485419,1.3265384],[103.7486669,1.3266401]]}},{"type":"Feature","id":"way/452044871-0-1-0","properties":{"highway":"service","startNodeId":"8365895222","endNodeId":"4488445334"},"geometry":{"type":"LineString","coordinates":[[103.7486669,1.3266401],[103.748755,1.3268663]]}},{"type":"Feature","id":"way/452044871-0-2-0","properties":{"highway":"service","startNodeId":"4488445334","endNodeId":"4488445333"},"geometry":{"type":"LineString","coordinates":[[103.748755,1.3268663],[103.7488127,1.3270607]]}},{"type":"Feature","id":"way/452044871-0-3-0","properties":{"highway":"service","startNodeId":"4488445333","endNodeId":"4488445332"},"geometry":{"type":"LineString","coordinates":[[103.7488127,1.3270607],[103.7486946,1.3277271]]}},{"type":"Feature","id":"way/453703800-0-0-0","properties":{"highway":"service","startNodeId":"246580937","endNodeId":"4504038654"},"geometry":{"type":"LineString","coordinates":[[103.7477687,1.3247971],[103.7476298,1.3247392]]}},{"type":"Feature","id":"way/465270677-0-0-0","properties":{"highway":"service","maxspeed":"15","name":"Business Park Drive","oneway":"yes","service":"driveway","startNodeId":"3718704158","endNodeId":"7085040060"},"geometry":{"type":"LineString","coordinates":[[103.7511226,1.328496],[103.7510996,1.3288698]]}},{"type":"Feature","id":"way/465270677-0-1-0","properties":{"highway":"service","maxspeed":"15","name":"Business Park Drive","oneway":"yes","service":"driveway","startNodeId":"7085040060","endNodeId":"3718704176"},"geometry":{"type":"LineString","coordinates":[[103.7510996,1.3288698],[103.7511121,1.3288908]]}},{"type":"Feature","id":"way/465270688-0-0-0","properties":{"highway":"service","lanes":"4","lanes:backward":"2","lanes:forward":"2","maxspeed":"50","name":"International Business Park","sidewalk:both":"separate","startNodeId":"6990552404","endNodeId":"246580954"},"geometry":{"type":"LineString","coordinates":[[103.7491536,1.3259389],[103.7489409,1.3263232]]}},{"type":"Feature","id":"way/465270688-0-1-0","properties":{"highway":"service","lanes":"4","lanes:backward":"2","lanes:forward":"2","maxspeed":"50","name":"International Business Park","sidewalk:both":"separate","startNodeId":"246580954","endNodeId":"4602649218"},"geometry":{"type":"LineString","coordinates":[[103.7489409,1.3263232],[103.7488783,1.3264004]]}},{"type":"Feature","id":"way/465272214-0-0-0","properties":{"highway":"primary_link","lanes":"1","maxspeed":"50","oneway":"yes","surface":"asphalt","startNodeId":"4602603061","endNodeId":"4602603053"},"geometry":{"type":"LineString","coordinates":[[103.7521435,1.3278891],[103.7521525,1.3278329]]}},{"type":"Feature","id":"way/465272215-0-0-0","properties":{"highway":"primary_link","lanes":"1","maxspeed":"50","oneway":"yes","surface":"asphalt","startNodeId":"4602603058","endNodeId":"4602603059"},"geometry":{"type":"LineString","coordinates":[[103.7518197,1.3277543],[103.7519057,1.3277726]]}},{"type":"Feature","id":"way/465272215-0-1-0","properties":{"highway":"primary_link","lanes":"1","maxspeed":"50","oneway":"yes","surface":"asphalt","startNodeId":"4602603059","endNodeId":"8366374308"},"geometry":{"type":"LineString","coordinates":[[103.7519057,1.3277726],[103.7519238,1.3277782]]}},{"type":"Feature","id":"way/465272215-0-2-0","properties":{"highway":"primary_link","lanes":"1","maxspeed":"50","oneway":"yes","surface":"asphalt","startNodeId":"8366374308","endNodeId":"4602603060"},"geometry":{"type":"LineString","coordinates":[[103.7519238,1.3277782],[103.7520117,1.3278142]]}},{"type":"Feature","id":"way/465272215-0-3-0","properties":{"highway":"primary_link","lanes":"1","maxspeed":"50","oneway":"yes","surface":"asphalt","startNodeId":"4602603060","endNodeId":"4602603061"},"geometry":{"type":"LineString","coordinates":[[103.7520117,1.3278142],[103.7521435,1.3278891]]}},{"type":"Feature","id":"way/465276706-0-6-0","properties":{"highway":"service","startNodeId":"4602649067","endNodeId":"4602649066"},"geometry":{"type":"LineString","coordinates":[[103.7497323,1.324328],[103.7495712,1.3246455]]}},{"type":"Feature","id":"way/465276712-0-0-0","properties":{"highway":"service","lanes":"2","lanes:backward":"1","lanes:forward":"1","startNodeId":"5241514796","endNodeId":"5241514798"},"geometry":{"type":"LineString","coordinates":[[103.7491682,1.3247935],[103.7489638,1.3247725]]}},{"type":"Feature","id":"way/465276714-0-0-0","properties":{"highway":"service","lanes":"2","lanes:backward":"1","lanes:forward":"1","turn:lanes:backward":"left;right","turn:lanes:forward":"through;right","startNodeId":"246580953","endNodeId":"8365875916"},"geometry":{"type":"LineString","coordinates":[[103.7492974,1.3256811],[103.7493822,1.3257225]]}},{"type":"Feature","id":"way/465276714-0-1-0","properties":{"highway":"service","lanes":"2","lanes:backward":"1","lanes:forward":"1","turn:lanes:backward":"left;right","turn:lanes:forward":"through;right","startNodeId":"8365875916","endNodeId":"6990552405"},"geometry":{"type":"LineString","coordinates":[[103.7493822,1.3257225],[103.7494352,1.3257432]]}},{"type":"Feature","id":"way/465276716-0-0-0","properties":{"highway":"service","oneway":"yes","startNodeId":"13966771640","endNodeId":"8654147179"},"geometry":{"type":"LineString","coordinates":[[103.7493637,1.3259573],[103.7493568,1.3259785]]}},{"type":"Feature","id":"way/465276716-0-1-0","properties":{"highway":"service","oneway":"yes","startNodeId":"8654147179","endNodeId":"8654147178"},"geometry":{"type":"LineString","coordinates":[[103.7493568,1.3259785],[103.7493072,1.326075]]}},{"type":"Feature","id":"way/465276716-0-2-0","properties":{"highway":"service","oneway":"yes","startNodeId":"8654147178","endNodeId":"8654147177"},"geometry":{"type":"LineString","coordinates":[[103.7493072,1.326075],[103.7492931,1.3261005]]}},{"type":"Feature","id":"way/465276716-0-3-0","properties":{"highway":"service","oneway":"yes","startNodeId":"8654147177","endNodeId":"10255482318"},"geometry":{"type":"LineString","coordinates":[[103.7492931,1.3261005],[103.7492408,1.3261937]]}},{"type":"Feature","id":"way/465276716-0-4-0","properties":{"highway":"service","oneway":"yes","startNodeId":"10255482318","endNodeId":"10255482317"},"geometry":{"type":"LineString","coordinates":[[103.7492408,1.3261937],[103.7492408,1.3262902]]}},{"type":"Feature","id":"way/465276716-0-5-0","properties":{"highway":"service","oneway":"yes","startNodeId":"10255482317","endNodeId":"10255482311"},"geometry":{"type":"LineString","coordinates":[[103.7492408,1.3262902],[103.7492649,1.3263519]]}},{"type":"Feature","id":"way/465276716-0-6-0","properties":{"highway":"service","oneway":"yes","startNodeId":"10255482311","endNodeId":"10255482316"},"geometry":{"type":"LineString","coordinates":[[103.7492649,1.3263519],[103.7493078,1.3263988]]}},{"type":"Feature","id":"way/465276716-0-7-0","properties":{"highway":"service","oneway":"yes","startNodeId":"10255482316","endNodeId":"10255482315"},"geometry":{"type":"LineString","coordinates":[[103.7493078,1.3263988],[103.7494943,1.3264364]]}},{"type":"Feature","id":"way/465276716-0-8-0","properties":{"highway":"service","oneway":"yes","startNodeId":"10255482315","endNodeId":"10255482314"},"geometry":{"type":"LineString","coordinates":[[103.7494943,1.3264364],[103.7496203,1.326439]]}},{"type":"Feature","id":"way/465276716-0-9-0","properties":{"highway":"service","oneway":"yes","startNodeId":"10255482314","endNodeId":"10255482313"},"geometry":{"type":"LineString","coordinates":[[103.7496203,1.326439],[103.7496632,1.3264042]]}},{"type":"Feature","id":"way/465276716-0-10-0","properties":{"highway":"service","oneway":"yes","startNodeId":"10255482313","endNodeId":"10255482312"},"geometry":{"type":"LineString","coordinates":[[103.7496632,1.3264042],[103.7497841,1.3261706]]}},{"type":"Feature","id":"way/465276717-0-0-0","properties":{"highway":"service","lanes":"2","lanes:backward":"1","lanes:forward":"1","startNodeId":"4602649189","endNodeId":"4602649088"},"geometry":{"type":"LineString","coordinates":[[103.7492602,1.3257495],[103.7491444,1.3256943]]}},{"type":"Feature","id":"way/465276717-0-1-0","properties":{"highway":"service","lanes":"2","lanes:backward":"1","lanes:forward":"1","startNodeId":"4602649088","endNodeId":"4602649087"},"geometry":{"type":"LineString","coordinates":[[103.7491444,1.3256943],[103.7490371,1.3256688]]}},{"type":"Feature","id":"way/465276717-0-2-0","properties":{"highway":"service","lanes":"2","lanes:backward":"1","lanes:forward":"1","startNodeId":"4602649087","endNodeId":"4602649086"},"geometry":{"type":"LineString","coordinates":[[103.7490371,1.3256688],[103.7489862,1.3256648]]}},{"type":"Feature","id":"way/465276717-0-3-0","properties":{"highway":"service","lanes":"2","lanes:backward":"1","lanes:forward":"1","startNodeId":"4602649086","endNodeId":"5241514787"},"geometry":{"type":"LineString","coordinates":[[103.7489862,1.3256648],[103.7489632,1.3256802]]}},{"type":"Feature","id":"way/465276717-0-4-0","properties":{"highway":"service","lanes":"2","lanes:backward":"1","lanes:forward":"1","startNodeId":"5241514787","endNodeId":"5241514786"},"geometry":{"type":"LineString","coordinates":[[103.7489632,1.3256802],[103.7489417,1.3257083]]}},{"type":"Feature","id":"way/465276717-0-5-0","properties":{"highway":"service","lanes":"2","lanes:backward":"1","lanes:forward":"1","startNodeId":"5241514786","endNodeId":"5241514785"},"geometry":{"type":"LineString","coordinates":[[103.7489417,1.3257083],[103.7487486,1.3261025]]}},{"type":"Feature","id":"way/465276717-0-6-0","properties":{"highway":"service","lanes":"2","lanes:backward":"1","lanes:forward":"1","startNodeId":"5241514785","endNodeId":"5241514784"},"geometry":{"type":"LineString","coordinates":[[103.7487486,1.3261025],[103.7486963,1.3261588]]}},{"type":"Feature","id":"way/465276717-0-7-0","properties":{"highway":"service","lanes":"2","lanes:backward":"1","lanes:forward":"1","startNodeId":"5241514784","endNodeId":"5241514783"},"geometry":{"type":"LineString","coordinates":[[103.7486963,1.3261588],[103.7486534,1.3261763]]}},{"type":"Feature","id":"way/465276717-0-8-0","properties":{"highway":"service","lanes":"2","lanes:backward":"1","lanes:forward":"1","startNodeId":"5241514783","endNodeId":"5241514782"},"geometry":{"type":"LineString","coordinates":[[103.7486534,1.3261763],[103.7486011,1.3261789]]}},{"type":"Feature","id":"way/465276719-0-0-0","properties":{"highway":"service","lanes":"2","lanes:backward":"1","lanes:forward":"1","turn:lanes:backward":"through","turn:lanes:forward":"through","startNodeId":"4602649209","endNodeId":"4602649208"},"geometry":{"type":"LineString","coordinates":[[103.7491141,1.326597],[103.7491694,1.3266024]]}},{"type":"Feature","id":"way/465276719-0-1-0","properties":{"highway":"service","lanes":"2","lanes:backward":"1","lanes:forward":"1","turn:lanes:backward":"through","turn:lanes:forward":"through","startNodeId":"4602649208","endNodeId":"4602649207"},"geometry":{"type":"LineString","coordinates":[[103.7491694,1.3266024],[103.749212,1.3266215]]}},{"type":"Feature","id":"way/465276719-0-2-0","properties":{"highway":"service","lanes":"2","lanes:backward":"1","lanes:forward":"1","turn:lanes:backward":"through","turn:lanes:forward":"through","startNodeId":"4602649207","endNodeId":"4602649206"},"geometry":{"type":"LineString","coordinates":[[103.749212,1.3266215],[103.7492524,1.3266524]]}},{"type":"Feature","id":"way/465276719-0-3-0","properties":{"highway":"service","lanes":"2","lanes:backward":"1","lanes:forward":"1","turn:lanes:backward":"through","turn:lanes:forward":"through","startNodeId":"4602649206","endNodeId":"4602649205"},"geometry":{"type":"LineString","coordinates":[[103.7492524,1.3266524],[103.7492919,1.3266901]]}},{"type":"Feature","id":"way/465276722-0-0-0","properties":{"highway":"service","oneway":"yes","startNodeId":"4602649205","endNodeId":"4602649204"},"geometry":{"type":"LineString","coordinates":[[103.7492919,1.3266901],[103.7492749,1.3267198]]}},{"type":"Feature","id":"way/465276722-0-1-0","properties":{"highway":"service","oneway":"yes","startNodeId":"4602649204","endNodeId":"4602649203"},"geometry":{"type":"LineString","coordinates":[[103.7492749,1.3267198],[103.7492705,1.3267538]]}},{"type":"Feature","id":"way/465276722-0-2-0","properties":{"highway":"service","oneway":"yes","startNodeId":"4602649203","endNodeId":"4602649202"},"geometry":{"type":"LineString","coordinates":[[103.7492705,1.3267538],[103.7492795,1.3267868]]}},{"type":"Feature","id":"way/465276722-0-3-0","properties":{"highway":"service","oneway":"yes","startNodeId":"4602649202","endNodeId":"4602649201"},"geometry":{"type":"LineString","coordinates":[[103.7492795,1.3267868],[103.7493004,1.3268139]]}},{"type":"Feature","id":"way/465276722-0-4-0","properties":{"highway":"service","oneway":"yes","startNodeId":"4602649201","endNodeId":"4602649200"},"geometry":{"type":"LineString","coordinates":[[103.7493004,1.3268139],[103.7493302,1.3268309]]}},{"type":"Feature","id":"way/465276722-0-5-0","properties":{"highway":"service","oneway":"yes","startNodeId":"4602649200","endNodeId":"4602649199"},"geometry":{"type":"LineString","coordinates":[[103.7493302,1.3268309],[103.7493642,1.3268353]]}},{"type":"Feature","id":"way/465276722-0-6-0","properties":{"highway":"service","oneway":"yes","startNodeId":"4602649199","endNodeId":"4602649198"},"geometry":{"type":"LineString","coordinates":[[103.7493642,1.3268353],[103.7493972,1.3268263]]}},{"type":"Feature","id":"way/465276722-0-7-0","properties":{"highway":"service","oneway":"yes","startNodeId":"4602649198","endNodeId":"4602649197"},"geometry":{"type":"LineString","coordinates":[[103.7493972,1.3268263],[103.7494243,1.3268054]]}},{"type":"Feature","id":"way/465276725-0-0-0","properties":{"highway":"service","lanes":"2","oneway":"yes","turn:lanes":"through|through;right","startNodeId":"4602649216","endNodeId":"8365895221"},"geometry":{"type":"LineString","coordinates":[[103.7487889,1.3264663],[103.7488411,1.3265658]]}},{"type":"Feature","id":"way/465276725-0-1-0","properties":{"highway":"service","lanes":"2","oneway":"yes","turn:lanes":"through|through;right","startNodeId":"8365895221","endNodeId":"11436667453"},"geometry":{"type":"LineString","coordinates":[[103.7488411,1.3265658],[103.7489098,1.3266786]]}},{"type":"Feature","id":"way/465276725-0-2-0","properties":{"highway":"service","lanes":"2","oneway":"yes","turn:lanes":"through|through;right","startNodeId":"11436667453","endNodeId":"4602649215"},"geometry":{"type":"LineString","coordinates":[[103.7489098,1.3266786],[103.7489523,1.3267477]]}},{"type":"Feature","id":"way/465276727-0-0-0","properties":{"highway":"service","lanes":"1","oneway":"yes","turn:lanes":"left","startNodeId":"4602649217","endNodeId":"11436653293"},"geometry":{"type":"LineString","coordinates":[[103.7490002,1.3266534],[103.748982,1.3266197]]}},{"type":"Feature","id":"way/465276727-0-1-0","properties":{"highway":"service","lanes":"1","oneway":"yes","turn:lanes":"left","startNodeId":"11436653293","endNodeId":"8365895220"},"geometry":{"type":"LineString","coordinates":[[103.748982,1.3266197],[103.7489217,1.3265078]]}},{"type":"Feature","id":"way/465276727-0-2-0","properties":{"highway":"service","lanes":"1","oneway":"yes","turn:lanes":"left","startNodeId":"8365895220","endNodeId":"4602649218"},"geometry":{"type":"LineString","coordinates":[[103.7489217,1.3265078],[103.7488783,1.3264004]]}},{"type":"Feature","id":"way/482046821-0-0-0","properties":{"highway":"primary","lanes":"3","maxspeed":"70","name":"Boon Lay Way","name:en":"Boon Lay Way","name:zh":"\u6587\u793c\u5927\u9053","note":"Part of it estimated ???","oneway":"yes","shoulder":"no","source":"Yahoo aerial images","surface":"asphalt","startNodeId":"5159217350","endNodeId":"237564266"},"geometry":{"type":"LineString","coordinates":[[103.7517114,1.3276421],[103.7509136,1.3280706]]}},{"type":"Feature","id":"way/482046821-0-1-0","properties":{"highway":"primary","lanes":"3","maxspeed":"70","name":"Boon Lay Way","name:en":"Boon Lay Way","name:zh":"\u6587\u793c\u5927\u9053","note":"Part of it estimated ???","oneway":"yes","shoulder":"no","source":"Yahoo aerial images","surface":"asphalt","startNodeId":"237564266","endNodeId":"4749197005"},"geometry":{"type":"LineString","coordinates":[[103.7509136,1.3280706],[103.7507075,1.3281797]]}},{"type":"Feature","id":"way/482046822-0-0-0","properties":{"highway":"primary","lanes":"3","maxheight":"4.5","maxspeed":"70","name":"Boon Lay Way","name:en":"Boon Lay Way","name:zh":"\u6587\u793c\u5927\u9053","note":"Part of it estimated ???","oneway":"yes","source":"Yahoo aerial images","surface":"asphalt","startNodeId":"4749197005","endNodeId":"4749197006"},"geometry":{"type":"LineString","coordinates":[[103.7507075,1.3281797],[103.7504345,1.3283738]]}},{"type":"Feature","id":"way/482046823-0-0-0","properties":{"highway":"primary","lanes":"3","maxspeed":"70","name":"Boon Lay Way","name:en":"Boon Lay Way","name:zh":"\u6587\u793c\u5927\u9053","note":"Part of it estimated ???","oneway":"yes","source":"Yahoo aerial images","surface":"asphalt","startNodeId":"4749197006","endNodeId":"6045235624"},"geometry":{"type":"LineString","coordinates":[[103.7504345,1.3283738],[103.7501362,1.3285859]]}},{"type":"Feature","id":"way/482046823-0-1-0","properties":{"highway":"primary","lanes":"3","maxspeed":"70","name":"Boon Lay Way","name:en":"Boon Lay Way","name:zh":"\u6587\u793c\u5927\u9053","note":"Part of it estimated ???","oneway":"yes","source":"Yahoo aerial images","surface":"asphalt","startNodeId":"6045235624","endNodeId":"1500944351"},"geometry":{"type":"LineString","coordinates":[[103.7501362,1.3285859],[103.7500325,1.3286596]]}},{"type":"Feature","id":"way/482046824-0-0-0","properties":{"highway":"primary","lanes":"4","maxspeed":"70","name":"Boon Lay Way","name:en":"Boon Lay Way","name:zh":"\u6587\u793c\u5927\u9053","note":"Part of it estimated ???","oneway":"yes","shoulder":"both","source":"Yahoo aerial images","surface":"asphalt","turn:lanes":"left;through|through|through|right","startNodeId":"237568096","endNodeId":"4602603058"},"geometry":{"type":"LineString","coordinates":[[103.7514625,1.3279312],[103.7518197,1.3277543]]}},{"type":"Feature","id":"way/482046825-0-0-0","properties":{"highway":"primary","lanes":"3","maxheight":"4.5","maxspeed":"70","name":"Boon Lay Way","name:en":"Boon Lay Way","name:zh":"\u6587\u793c\u5927\u9053","note":"Part of it estimated ???","oneway":"yes","shoulder":"no","source":"Yahoo aerial images","surface":"asphalt","startNodeId":"2328890162","endNodeId":"5172033663"},"geometry":{"type":"LineString","coordinates":[[103.7506543,1.3284606],[103.7508275,1.3283266]]}},{"type":"Feature","id":"way/482046825-0-1-0","properties":{"highway":"primary","lanes":"3","maxheight":"4.5","maxspeed":"70","name":"Boon Lay Way","name:en":"Boon Lay Way","name:zh":"\u6587\u793c\u5927\u9053","note":"Part of it estimated ???","oneway":"yes","shoulder":"no","source":"Yahoo aerial images","surface":"asphalt","startNodeId":"5172033663","endNodeId":"6948234875"},"geometry":{"type":"LineString","coordinates":[[103.7508275,1.3283266],[103.7512337,1.3280667]]}},{"type":"Feature","id":"way/531481872-0-0-0","properties":{"highway":"primary_link","lanes":"1","maxspeed":"50","oneway":"yes","startNodeId":"5159217347","endNodeId":"5159217348"},"geometry":{"type":"LineString","coordinates":[[103.7518027,1.327305],[103.7517974,1.3274417]]}},{"type":"Feature","id":"way/531481872-0-1-0","properties":{"highway":"primary_link","lanes":"1","maxspeed":"50","oneway":"yes","startNodeId":"5159217348","endNodeId":"8366374311"},"geometry":{"type":"LineString","coordinates":[[103.7517974,1.3274417],[103.7517829,1.3275051]]}},{"type":"Feature","id":"way/531481872-0-2-0","properties":{"highway":"primary_link","lanes":"1","maxspeed":"50","oneway":"yes","startNodeId":"8366374311","endNodeId":"5159217349"},"geometry":{"type":"LineString","coordinates":[[103.7517829,1.3275051],[103.7517795,1.3275197]]}},{"type":"Feature","id":"way/531481872-0-3-0","properties":{"highway":"primary_link","lanes":"1","maxspeed":"50","oneway":"yes","startNodeId":"5159217349","endNodeId":"5159217346"},"geometry":{"type":"LineString","coordinates":[[103.7517795,1.3275197],[103.7517526,1.3275769]]}},{"type":"Feature","id":"way/531481872-0-4-0","properties":{"highway":"primary_link","lanes":"1","maxspeed":"50","oneway":"yes","startNodeId":"5159217346","endNodeId":"5159217350"},"geometry":{"type":"LineString","coordinates":[[103.7517526,1.3275769],[103.7517114,1.3276421]]}},{"type":"Feature","id":"way/531502062-0-0-0","properties":{"highway":"unclassified","maxspeed":"50","name":"Business Park Drive","oneway":"yes","surface":"asphalt","startNodeId":"5159390352","endNodeId":"2684795963"},"geometry":{"type":"LineString","coordinates":[[103.7520711,1.3276352],[103.7520129,1.327495]]}},{"type":"Feature","id":"way/531502063-0-0-0","properties":{"highway":"unclassified","maxspeed":"50","name":"Business Park Drive","oneway":"yes","surface":"asphalt","startNodeId":"2684795966","endNodeId":"5159390353"},"geometry":{"type":"LineString","coordinates":[[103.7519343,1.3275365],[103.7519948,1.3276703]]}},{"type":"Feature","id":"way/533056197-0-0-0","properties":{"highway":"service","lanes":"1","oneway":"yes","surface":"asphalt","startNodeId":"2328890162","endNodeId":"5172033661"},"geometry":{"type":"LineString","coordinates":[[103.7506543,1.3284606],[103.7507388,1.3284758]]}},{"type":"Feature","id":"way/533056197-0-1-0","properties":{"highway":"service","lanes":"1","oneway":"yes","surface":"asphalt","startNodeId":"5172033661","endNodeId":"5172033672"},"geometry":{"type":"LineString","coordinates":[[103.7507388,1.3284758],[103.7507789,1.3284902]]}},{"type":"Feature","id":"way/533056197-0-2-0","properties":{"highway":"service","lanes":"1","oneway":"yes","surface":"asphalt","startNodeId":"5172033672","endNodeId":"5172033673"},"geometry":{"type":"LineString","coordinates":[[103.7507789,1.3284902],[103.75083,1.3285299]]}},{"type":"Feature","id":"way/533056197-0-3-0","properties":{"highway":"service","lanes":"1","oneway":"yes","surface":"asphalt","startNodeId":"5172033673","endNodeId":"5172033674"},"geometry":{"type":"LineString","coordinates":[[103.75083,1.3285299],[103.7508507,1.328564]]}},{"type":"Feature","id":"way/533056197-0-4-0","properties":{"highway":"service","lanes":"1","oneway":"yes","surface":"asphalt","startNodeId":"5172033674","endNodeId":"2328890163"},"geometry":{"type":"LineString","coordinates":[[103.7508507,1.328564],[103.7508718,1.3286091]]}},{"type":"Feature","id":"way/533056197-0-5-0","properties":{"highway":"service","lanes":"1","oneway":"yes","surface":"asphalt","startNodeId":"2328890163","endNodeId":"5172033662"},"geometry":{"type":"LineString","coordinates":[[103.7508718,1.3286091],[103.7508782,1.328679]]}},{"type":"Feature","id":"way/533065153-0-0-0","properties":{"highway":"service","lanes":"2","lanes:backward":"1","lanes:forward":"1","startNodeId":"5172106737","endNodeId":"8365895228"},"geometry":{"type":"LineString","coordinates":[[103.7478185,1.3272103],[103.7478765,1.3272181]]}},{"type":"Feature","id":"way/533065153-0-1-0","properties":{"highway":"service","lanes":"2","lanes:backward":"1","lanes:forward":"1","startNodeId":"8365895228","endNodeId":"5172106736"},"geometry":{"type":"LineString","coordinates":[[103.7478765,1.3272181],[103.7480891,1.3272449]]}},{"type":"Feature","id":"way/533065154-0-0-0","properties":{"highway":"service","lanes":"2","lanes:backward":"1","lanes:forward":"1","startNodeId":"5172106739","endNodeId":"8365927483"},"geometry":{"type":"LineString","coordinates":[[103.7477185,1.327972],[103.7477469,1.3279764]]}},{"type":"Feature","id":"way/533065154-0-1-0","properties":{"highway":"service","lanes":"2","lanes:backward":"1","lanes:forward":"1","startNodeId":"8365927483","endNodeId":"5172106738"},"geometry":{"type":"LineString","coordinates":[[103.7477469,1.3279764],[103.7480486,1.3280175]]}},{"type":"Feature","id":"way/533066030-0-0-0","properties":{"highway":"service","lanes":"2","lanes:backward":"1","lanes:forward":"1","service":"parking_aisle","turn:lanes:backward":"through","turn:lanes:forward":"through","startNodeId":"5172113572","endNodeId":"5172113570"},"geometry":{"type":"LineString","coordinates":[[103.7500213,1.3247699],[103.7498605,1.325075]]}},{"type":"Feature","id":"way/533066030-0-1-0","properties":{"highway":"service","lanes":"2","lanes:backward":"1","lanes:forward":"1","service":"parking_aisle","turn:lanes:backward":"through","turn:lanes:forward":"through","startNodeId":"5172113570","endNodeId":"5172113569"},"geometry":{"type":"LineString","coordinates":[[103.7498605,1.325075],[103.7498588,1.3250953]]}},{"type":"Feature","id":"way/533066030-0-2-0","properties":{"highway":"service","lanes":"2","lanes:backward":"1","lanes:forward":"1","service":"parking_aisle","turn:lanes:backward":"through","turn:lanes:forward":"through","startNodeId":"5172113569","endNodeId":"5172113568"},"geometry":{"type":"LineString","coordinates":[[103.7498588,1.3250953],[103.749874,1.3251122]]}},{"type":"Feature","id":"way/533066030-0-3-0","properties":{"highway":"service","lanes":"2","lanes:backward":"1","lanes:forward":"1","service":"parking_aisle","turn:lanes:backward":"through","turn:lanes:forward":"through","startNodeId":"5172113568","endNodeId":"6987783272"},"geometry":{"type":"LineString","coordinates":[[103.749874,1.3251122],[103.7499931,1.3251761]]}},{"type":"Feature","id":"way/533066031-0-0-0","properties":{"highway":"service","lanes":"2","lanes:backward":"1","lanes:forward":"1","turn:lanes:backward":"left;right","turn:lanes:forward":"left","startNodeId":"5172113573","endNodeId":"8365875909"},"geometry":{"type":"LineString","coordinates":[[103.7498662,1.3245576],[103.7499478,1.3246107]]}},{"type":"Feature","id":"way/533066031-0-1-0","properties":{"highway":"service","lanes":"2","lanes:backward":"1","lanes:forward":"1","turn:lanes:backward":"left;right","turn:lanes:forward":"left","startNodeId":"8365875909","endNodeId":"5241514774"},"geometry":{"type":"LineString","coordinates":[[103.7499478,1.3246107],[103.7500126,1.3246438]]}},{"type":"Feature","id":"way/537148245-0-0-0","properties":{"highway":"primary","maxspeed":"70","name":"Boon Lay Way","name:en":"Boon Lay Way","name:zh":"\u6587\u793c\u5927\u9053","note":"Part of it estimated ???","oneway":"yes","source":"Yahoo aerial images","surface":"asphalt","startNodeId":"5159390353","endNodeId":"2328888298"},"geometry":{"type":"LineString","coordinates":[[103.7519948,1.3276703],[103.7520332,1.3276519]]}},{"type":"Feature","id":"way/537148245-0-1-0","properties":{"highway":"primary","maxspeed":"70","name":"Boon Lay Way","name:en":"Boon Lay Way","name:zh":"\u6587\u793c\u5927\u9053","note":"Part of it estimated ???","oneway":"yes","source":"Yahoo aerial images","surface":"asphalt","startNodeId":"2328888298","endNodeId":"5159390352"},"geometry":{"type":"LineString","coordinates":[[103.7520332,1.3276519],[103.7520711,1.3276352]]}},{"type":"Feature","id":"way/537148248-0-0-0","properties":{"highway":"primary","maxspeed":"70","name":"Boon Lay Way","name:en":"Boon Lay Way","name:zh":"\u6587\u793c\u5927\u9053","note":"Part of it estimated ???","oneway":"yes","source":"Yahoo aerial images","surface":"asphalt","startNodeId":"2684795963","endNodeId":"2684795966"},"geometry":{"type":"LineString","coordinates":[[103.7520129,1.327495],[103.7519343,1.3275365]]}},{"type":"Feature","id":"way/542125705-0-0-0","properties":{"covered":"yes","highway":"service","oneway":"yes","startNodeId":"5241514762","endNodeId":"5241514761"},"geometry":{"type":"LineString","coordinates":[[103.750086,1.3247515],[103.7501393,1.3246615]]}},{"type":"Feature","id":"way/542125707-0-0-0","properties":{"highway":"service","oneway":"yes","startNodeId":"5241514761","endNodeId":"5241514768"},"geometry":{"type":"LineString","coordinates":[[103.7501393,1.3246615],[103.7501585,1.3246291]]}},{"type":"Feature","id":"way/542125707-0-1-0","properties":{"highway":"service","oneway":"yes","startNodeId":"5241514768","endNodeId":"5241514767"},"geometry":{"type":"LineString","coordinates":[[103.7501585,1.3246291],[103.7501565,1.3246027]]}},{"type":"Feature","id":"way/542125707-0-2-0","properties":{"highway":"service","oneway":"yes","startNodeId":"5241514767","endNodeId":"5241514766"},"geometry":{"type":"LineString","coordinates":[[103.7501565,1.3246027],[103.7501474,1.324583]]}},{"type":"Feature","id":"way/542125707-0-3-0","properties":{"highway":"service","oneway":"yes","startNodeId":"5241514766","endNodeId":"5241514773"},"geometry":{"type":"LineString","coordinates":[[103.7501474,1.324583],[103.7501317,1.3245667]]}},{"type":"Feature","id":"way/542125709-0-0-0","properties":{"highway":"service","lanes":"2","lanes:backward":"1","lanes:forward":"1","service":"parking_aisle","startNodeId":"5172113571","endNodeId":"5241514773"},"geometry":{"type":"LineString","coordinates":[[103.7501897,1.3244479],[103.7501317,1.3245667]]}},{"type":"Feature","id":"way/542125711-0-0-0","properties":{"highway":"service","lanes":"1","oneway":"yes","startNodeId":"5241514796","endNodeId":"5241514795"},"geometry":{"type":"LineString","coordinates":[[103.7491682,1.3247935],[103.7491453,1.3249307]]}},{"type":"Feature","id":"way/542125711-0-1-0","properties":{"highway":"service","lanes":"1","oneway":"yes","startNodeId":"5241514795","endNodeId":"5241514794"},"geometry":{"type":"LineString","coordinates":[[103.7491453,1.3249307],[103.7491506,1.3249577]]}},{"type":"Feature","id":"way/542125711-0-2-0","properties":{"highway":"service","lanes":"1","oneway":"yes","startNodeId":"5241514794","endNodeId":"5241514793"},"geometry":{"type":"LineString","coordinates":[[103.7491506,1.3249577],[103.7491662,1.3249784]]}},{"type":"Feature","id":"way/542125711-0-3-0","properties":{"highway":"service","lanes":"1","oneway":"yes","startNodeId":"5241514793","endNodeId":"5241514792"},"geometry":{"type":"LineString","coordinates":[[103.7491662,1.3249784],[103.7491977,1.3249922]]}},{"type":"Feature","id":"way/542125711-0-4-0","properties":{"highway":"service","lanes":"1","oneway":"yes","startNodeId":"5241514792","endNodeId":"5241514791"},"geometry":{"type":"LineString","coordinates":[[103.7491977,1.3249922],[103.7492257,1.3249888]]}},{"type":"Feature","id":"way/542125711-0-5-0","properties":{"highway":"service","lanes":"1","oneway":"yes","startNodeId":"5241514791","endNodeId":"5241514790"},"geometry":{"type":"LineString","coordinates":[[103.7492257,1.3249888],[103.7492473,1.3249748]]}},{"type":"Feature","id":"way/542125711-0-6-0","properties":{"highway":"service","lanes":"1","oneway":"yes","startNodeId":"5241514790","endNodeId":"5241514789"},"geometry":{"type":"LineString","coordinates":[[103.7492473,1.3249748],[103.7492615,1.3249515]]}},{"type":"Feature","id":"way/542125711-0-7-0","properties":{"highway":"service","lanes":"1","oneway":"yes","startNodeId":"5241514789","endNodeId":"5241514788"},"geometry":{"type":"LineString","coordinates":[[103.7492615,1.3249515],[103.7492811,1.3248109]]}},{"type":"Feature","id":"way/542125712-0-0-0","properties":{"highway":"service","startNodeId":"5241514798","endNodeId":"5241514797"},"geometry":{"type":"LineString","coordinates":[[103.7489638,1.3247725],[103.7489377,1.3249374]]}},{"type":"Feature","id":"way/542125713-0-0-0","properties":{"highway":"service","lanes":"2","lanes:backward":"1","lanes:forward":"1","turn:lanes:backward":"through","turn:lanes:forward":"through","startNodeId":"5241514801","endNodeId":"5241514800"},"geometry":{"type":"LineString","coordinates":[[103.7478387,1.3254894],[103.7478755,1.3256467]]}},{"type":"Feature","id":"way/542125713-0-1-0","properties":{"highway":"service","lanes":"2","lanes:backward":"1","lanes:forward":"1","turn:lanes:backward":"through","turn:lanes:forward":"through","startNodeId":"5241514800","endNodeId":"5241514799"},"geometry":{"type":"LineString","coordinates":[[103.7478755,1.3256467],[103.7479265,1.325766]]}},{"type":"Feature","id":"way/542125714-0-0-0","properties":{"highway":"service","lanes":"2","lanes:backward":"1","lanes:forward":"1","turn:lanes:forward":"left;through","startNodeId":"5241514803","endNodeId":"8365917421"},"geometry":{"type":"LineString","coordinates":[[103.7476619,1.3254601],[103.7477669,1.3254775]]}},{"type":"Feature","id":"way/542125714-0-1-0","properties":{"highway":"service","lanes":"2","lanes:backward":"1","lanes:forward":"1","turn:lanes:forward":"left;through","startNodeId":"8365917421","endNodeId":"5241514801"},"geometry":{"type":"LineString","coordinates":[[103.7477669,1.3254775],[103.7478387,1.3254894]]}},{"type":"Feature","id":"way/542125716-0-0-0","properties":{"highway":"service","startNodeId":"5241514809","endNodeId":"5241514807"},"geometry":{"type":"LineString","coordinates":[[103.7478916,1.3252056],[103.7479238,1.3250366]]}},{"type":"Feature","id":"way/542125716-0-1-0","properties":{"highway":"service","startNodeId":"5241514807","endNodeId":"5241514806"},"geometry":{"type":"LineString","coordinates":[[103.7479238,1.3250366],[103.747956,1.324975]]}},{"type":"Feature","id":"way/542125716-0-2-0","properties":{"highway":"service","startNodeId":"5241514806","endNodeId":"5241514805"},"geometry":{"type":"LineString","coordinates":[[103.747956,1.324975],[103.7480284,1.3249146]]}},{"type":"Feature","id":"way/542125716-0-3-0","properties":{"highway":"service","startNodeId":"5241514805","endNodeId":"5241514804"},"geometry":{"type":"LineString","coordinates":[[103.7480284,1.3249146],[103.748239,1.3247953]]}},{"type":"Feature","id":"way/542125718-0-0-0","properties":{"highway":"service","startNodeId":"5241514810","endNodeId":"8365917420"},"geometry":{"type":"LineString","coordinates":[[103.7477064,1.3251825],[103.7478045,1.3251947]]}},{"type":"Feature","id":"way/542125718-0-1-0","properties":{"highway":"service","startNodeId":"8365917420","endNodeId":"5241514809"},"geometry":{"type":"LineString","coordinates":[[103.7478045,1.3251947],[103.7478916,1.3252056]]}},{"type":"Feature","id":"way/542132463-0-0-0","properties":{"highway":"service","lanes":"2","lanes:backward":"1","lanes:forward":"1","startNodeId":"5241577254","endNodeId":"5241577253"},"geometry":{"type":"LineString","coordinates":[[103.7506029,1.3287869],[103.7506141,1.3286969]]}},{"type":"Feature","id":"way/542132463-0-1-0","properties":{"highway":"service","lanes":"2","lanes:backward":"1","lanes:forward":"1","startNodeId":"5241577253","endNodeId":"5241577252"},"geometry":{"type":"LineString","coordinates":[[103.7506141,1.3286969],[103.7506275,1.3286754]]}},{"type":"Feature","id":"way/542132463-0-2-0","properties":{"highway":"service","lanes":"2","lanes:backward":"1","lanes:forward":"1","startNodeId":"5241577252","endNodeId":"5241577251"},"geometry":{"type":"LineString","coordinates":[[103.7506275,1.3286754],[103.7506516,1.3286647]]}},{"type":"Feature","id":"way/542132463-0-3-0","properties":{"highway":"service","lanes":"2","lanes:backward":"1","lanes:forward":"1","startNodeId":"5241577251","endNodeId":"5172033662"},"geometry":{"type":"LineString","coordinates":[[103.7506516,1.3286647],[103.7508782,1.328679]]}},{"type":"Feature","id":"way/542132464-0-3-0","properties":{"highway":"service","lanes":"2","lanes:backward":"1","lanes:forward":"1","startNodeId":"5241577255","endNodeId":"5241577260"},"geometry":{"type":"LineString","coordinates":[[103.7505336,1.3289502],[103.7504585,1.3288202]]}},{"type":"Feature","id":"way/542132465-0-0-0","properties":{"highway":"service","lanes":"2","lanes:backward":"1","lanes:forward":"1","startNodeId":"5241577254","endNodeId":"5241577262"},"geometry":{"type":"LineString","coordinates":[[103.7506029,1.3287869],[103.7505484,1.3287827]]}},{"type":"Feature","id":"way/542132465-0-1-0","properties":{"highway":"service","lanes":"2","lanes:backward":"1","lanes:forward":"1","startNodeId":"5241577262","endNodeId":"5241577261"},"geometry":{"type":"LineString","coordinates":[[103.7505484,1.3287827],[103.7505041,1.3287961]]}},{"type":"Feature","id":"way/542132465-0-2-0","properties":{"highway":"service","lanes":"2","lanes:backward":"1","lanes:forward":"1","startNodeId":"5241577261","endNodeId":"5241577260"},"geometry":{"type":"LineString","coordinates":[[103.7505041,1.3287961],[103.7504585,1.3288202]]}},{"type":"Feature","id":"way/542132466-0-5-0","properties":{"highway":"service","startNodeId":"5241577265","endNodeId":"6045989384"},"geometry":{"type":"LineString","coordinates":[[103.7480083,1.3289127],[103.7483613,1.3287142]]}},{"type":"Feature","id":"way/542132466-0-6-0","properties":{"highway":"service","startNodeId":"6045989384","endNodeId":"6217133079"},"geometry":{"type":"LineString","coordinates":[[103.7483613,1.3287142],[103.7485394,1.3286365]]}},{"type":"Feature","id":"way/542132466-0-7-0","properties":{"highway":"service","startNodeId":"6217133079","endNodeId":"6045989382"},"geometry":{"type":"LineString","coordinates":[[103.7485394,1.3286365],[103.7487215,1.3285725]]}},{"type":"Feature","id":"way/542132466-0-8-0","properties":{"highway":"service","startNodeId":"6045989382","endNodeId":"6217133080"},"geometry":{"type":"LineString","coordinates":[[103.7487215,1.3285725],[103.7488491,1.3285528]]}},{"type":"Feature","id":"way/542132466-0-9-0","properties":{"highway":"service","startNodeId":"6217133080","endNodeId":"6045989383"},"geometry":{"type":"LineString","coordinates":[[103.7488491,1.3285528],[103.7489938,1.3285445]]}},{"type":"Feature","id":"way/542132466-0-10-0","properties":{"highway":"service","startNodeId":"6045989383","endNodeId":"5241577264"},"geometry":{"type":"LineString","coordinates":[[103.7489938,1.3285445],[103.7492569,1.3285655]]}},{"type":"Feature","id":"way/635733719-0-0-0","properties":{"highway":"primary","lanes":"3","maxspeed":"70","name":"Boon Lay Way","name:en":"Boon Lay Way","name:zh":"\u6587\u793c\u5927\u9053","note":"Part of it estimated ???","oneway":"yes","source":"Yahoo aerial images","surface":"asphalt","startNodeId":"2684795966","endNodeId":"8366374310"},"geometry":{"type":"LineString","coordinates":[[103.7519343,1.3275365],[103.7518731,1.3275655]]}},{"type":"Feature","id":"way/635733719-0-1-0","properties":{"highway":"primary","lanes":"3","maxspeed":"70","name":"Boon Lay Way","name:en":"Boon Lay Way","name:zh":"\u6587\u793c\u5927\u9053","note":"Part of it estimated ???","oneway":"yes","source":"Yahoo aerial images","surface":"asphalt","startNodeId":"8366374310","endNodeId":"5159217350"},"geometry":{"type":"LineString","coordinates":[[103.7518731,1.3275655],[103.7517114,1.3276421]]}},{"type":"Feature","id":"way/635733724-0-0-0","properties":{"highway":"unclassified","lanes":"2","maxspeed":"50","name":"Business Park Drive","oneway":"yes","surface":"asphalt","turn:lanes":"through;right|right","startNodeId":"5159217347","endNodeId":"2684795968"},"geometry":{"type":"LineString","coordinates":[[103.7518027,1.327305],[103.7518319,1.3273513]]}},{"type":"Feature","id":"way/635733724-0-1-0","properties":{"highway":"unclassified","lanes":"2","maxspeed":"50","name":"Business Park Drive","oneway":"yes","surface":"asphalt","turn:lanes":"through;right|right","startNodeId":"2684795968","endNodeId":"8366392017"},"geometry":{"type":"LineString","coordinates":[[103.7518319,1.3273513],[103.7519063,1.3274858]]}},{"type":"Feature","id":"way/635733724-0-2-0","properties":{"highway":"unclassified","lanes":"2","maxspeed":"50","name":"Business Park Drive","oneway":"yes","surface":"asphalt","turn:lanes":"through;right|right","startNodeId":"8366392017","endNodeId":"2684795966"},"geometry":{"type":"LineString","coordinates":[[103.7519063,1.3274858],[103.7519343,1.3275365]]}},{"type":"Feature","id":"way/635733844-0-0-0","properties":{"highway":"unclassified","lanes":"1","maxspeed":"50","name":"Business Park Drive","oneway":"yes","surface":"asphalt","startNodeId":"2684795963","endNodeId":"8366392018"},"geometry":{"type":"LineString","coordinates":[[103.7520129,1.327495],[103.7519872,1.3274457]]}},{"type":"Feature","id":"way/635733844-0-1-0","properties":{"highway":"unclassified","lanes":"1","maxspeed":"50","name":"Business Park Drive","oneway":"yes","surface":"asphalt","startNodeId":"8366392018","endNodeId":"2684795958"},"geometry":{"type":"LineString","coordinates":[[103.7519872,1.3274457],[103.751887,1.3272531]]}},{"type":"Feature","id":"way/635733846-0-0-0","properties":{"highway":"primary","lanes":"4","maxspeed":"70","name":"Boon Lay Way","name:en":"Boon Lay Way","name:zh":"\u6587\u793c\u5927\u9053","note":"Part of it estimated ???","oneway":"yes","source":"Yahoo aerial images","surface":"asphalt","turn:lanes":"through|through|through|right","startNodeId":"2328889710","endNodeId":"2684795963"},"geometry":{"type":"LineString","coordinates":[[103.752044,1.3274818],[103.7520129,1.327495]]}},{"type":"Feature","id":"way/639704994-0-0-0","properties":{"highway":"primary","lanes":"4","maxspeed":"70","name":"Boon Lay Way","name:en":"Boon Lay Way","name:zh":"\u6587\u793c\u5927\u9053","note":"Part of it estimated ???","oneway":"yes","source":"Yahoo aerial images","surface":"asphalt","turn:lanes":"through|through|through|right","startNodeId":"4602603058","endNodeId":"8366374309"},"geometry":{"type":"LineString","coordinates":[[103.7518197,1.3277543],[103.7519411,1.327696]]}},{"type":"Feature","id":"way/639704994-0-1-0","properties":{"highway":"primary","lanes":"4","maxspeed":"70","name":"Boon Lay Way","name:en":"Boon Lay Way","name:zh":"\u6587\u793c\u5927\u9053","note":"Part of it estimated ???","oneway":"yes","source":"Yahoo aerial images","surface":"asphalt","turn:lanes":"through|through|through|right","startNodeId":"8366374309","endNodeId":"5159390353"},"geometry":{"type":"LineString","coordinates":[[103.7519411,1.327696],[103.7519948,1.3276703]]}},{"type":"Feature","id":"way/639897073-0-0-0","properties":{"highway":"service","lanes":"4","lanes:backward":"2","lanes:forward":"2","maxspeed":"50","name":"International Business Park","sidewalk:both":"separate","turn:lanes:forward":"left|left","startNodeId":"246580956","endNodeId":"9483317017"},"geometry":{"type":"LineString","coordinates":[[103.7485419,1.3265384],[103.7479916,1.3264732]]}},{"type":"Feature","id":"way/639897073-0-1-0","properties":{"highway":"service","lanes":"4","lanes:backward":"2","lanes:forward":"2","maxspeed":"50","name":"International Business Park","sidewalk:both":"separate","turn:lanes:forward":"left|left","startNodeId":"9483317017","endNodeId":"246580932"},"geometry":{"type":"LineString","coordinates":[[103.7479916,1.3264732],[103.7479165,1.3264638]]}},{"type":"Feature","id":"way/643394167-0-0-0","properties":{"highway":"service","lanes":"4","lanes:backward":"2","lanes:forward":"2","maxspeed":"50","name":"International Business Park","sidewalk:both":"separate","surface":"asphalt","startNodeId":"5241514810","endNodeId":"6336898105"},"geometry":{"type":"LineString","coordinates":[[103.7477064,1.3251825],[103.7477374,1.324987]]}},{"type":"Feature","id":"way/643394169-0-0-0","properties":{"highway":"service","lanes":"4","lanes:backward":"2","lanes:forward":"2","maxspeed":"50","name":"International Business Park","sidewalk:both":"separate","surface":"asphalt","turn:lanes:backward":"left;through|through","startNodeId":"4504038643","endNodeId":"6336898104"},"geometry":{"type":"LineString","coordinates":[[103.7476667,1.3254298],[103.7476784,1.3253571]]}},{"type":"Feature","id":"way/643394169-0-1-0","properties":{"highway":"service","lanes":"4","lanes:backward":"2","lanes:forward":"2","maxspeed":"50","name":"International Business Park","sidewalk:both":"separate","surface":"asphalt","turn:lanes:backward":"left;through|through","startNodeId":"6336898104","endNodeId":"4488444536"},"geometry":{"type":"LineString","coordinates":[[103.7476784,1.3253571],[103.7476942,1.3252577]]}},{"type":"Feature","id":"way/643394175-0-0-0","properties":{"highway":"service","lanes":"2","lanes:backward":"1","lanes:forward":"1","startNodeId":"5241514801","endNodeId":"5241514802"},"geometry":{"type":"LineString","coordinates":[[103.7478387,1.3254894],[103.7479708,1.3255113]]}},{"type":"Feature","id":"way/644412090-0-0-0","properties":{"highway":"service","lanes":"4","lanes:backward":"2","lanes:forward":"2","maxspeed":"50","name":"International Business Park","sidewalk:both":"separate","startNodeId":"4602649216","endNodeId":"246580955"},"geometry":{"type":"LineString","coordinates":[[103.7487889,1.3264663],[103.7486857,1.3265145]]}},{"type":"Feature","id":"way/644412090-0-1-0","properties":{"highway":"service","lanes":"4","lanes:backward":"2","lanes:forward":"2","maxspeed":"50","name":"International Business Park","sidewalk:both":"separate","startNodeId":"246580955","endNodeId":"246580956"},"geometry":{"type":"LineString","coordinates":[[103.7486857,1.3265145],[103.7485419,1.3265384]]}},{"type":"Feature","id":"way/645002664-0-0-0","properties":{"highway":"service","name":"Business Park Drive","oneway":"no","surface":"asphalt","startNodeId":"4602603061","endNodeId":"5159390354"},"geometry":{"type":"LineString","coordinates":[[103.7521435,1.3278891],[103.7520675,1.3277323]]}},{"type":"Feature","id":"way/645324782-0-0-0","properties":{"highway":"service","lanes":"4","lanes:backward":"2","lanes:forward":"2","maxspeed":"50","name":"International Business Park","sidewalk:both":"separate","startNodeId":"5172113573","endNodeId":"4602649082"},"geometry":{"type":"LineString","coordinates":[[103.7498662,1.3245576],[103.7497006,1.3248754]]}},{"type":"Feature","id":"way/645324783-0-0-0","properties":{"highway":"service","lanes":"4","lanes:backward":"2","lanes:forward":"2","maxspeed":"50","name":"International Business Park","sidewalk:both":"separate","turn:lanes:backward":"left;through|through;right","startNodeId":"246580951","endNodeId":"5172113573"},"geometry":{"type":"LineString","coordinates":[[103.7499328,1.3244259],[103.7498662,1.3245576]]}},{"type":"Feature","id":"way/645327509-0-0-0","properties":{"highway":"service","lanes":"2","lanes:backward":"1","lanes:forward":"1","turn:lanes:forward":"right","startNodeId":"5241514788","endNodeId":"5241514796"},"geometry":{"type":"LineString","coordinates":[[103.7492811,1.3248109],[103.7491682,1.3247935]]}},{"type":"Feature","id":"way/645327510-0-0-0","properties":{"highway":"service","lanes":"2","lanes:backward":"1","lanes:forward":"1","startNodeId":"4602649082","endNodeId":"8365917438"},"geometry":{"type":"LineString","coordinates":[[103.7497006,1.3248754],[103.7495881,1.3248581]]}},{"type":"Feature","id":"way/645327510-0-1-0","properties":{"highway":"service","lanes":"2","lanes:backward":"1","lanes:forward":"1","startNodeId":"8365917438","endNodeId":"5241514788"},"geometry":{"type":"LineString","coordinates":[[103.7495881,1.3248581],[103.7492811,1.3248109]]}},{"type":"Feature","id":"way/645327709-0-0-0","properties":{"highway":"service","lanes":"2","lanes:backward":"1","lanes:forward":"1","startNodeId":"5241514798","endNodeId":"8365954859"},"geometry":{"type":"LineString","coordinates":[[103.7489638,1.3247725],[103.7488354,1.3247645]]}},{"type":"Feature","id":"way/645327709-0-1-0","properties":{"highway":"service","lanes":"2","lanes:backward":"1","lanes:forward":"1","startNodeId":"8365954859","endNodeId":"4602649081"},"geometry":{"type":"LineString","coordinates":[[103.7488354,1.3247645],[103.7487807,1.3247639]]}},{"type":"Feature","id":"way/645379738-0-0-0","properties":{"highway":"service","lanes":"4","lanes:backward":"2","lanes:forward":"2","maxspeed":"50","name":"International Business Park","sidewalk:both":"separate","startNodeId":"4602649082","endNodeId":"246580952"},"geometry":{"type":"LineString","coordinates":[[103.7497006,1.3248754],[103.74967,1.3249373]]}},{"type":"Feature","id":"way/645379738-0-1-0","properties":{"highway":"service","lanes":"4","lanes:backward":"2","lanes:forward":"2","maxspeed":"50","name":"International Business Park","sidewalk:both":"separate","startNodeId":"246580952","endNodeId":"6260938829"},"geometry":{"type":"LineString","coordinates":[[103.74967,1.3249373],[103.7495345,1.3252042]]}},{"type":"Feature","id":"way/645383960-0-0-0","properties":{"highway":"service","lanes":"4","lanes:backward":"2","lanes:forward":"2","maxspeed":"50","name":"International Business Park","sidewalk:both":"separate","startNodeId":"4602649218","endNodeId":"4602649216"},"geometry":{"type":"LineString","coordinates":[[103.7488783,1.3264004],[103.7487889,1.3264663]]}},{"type":"Feature","id":"way/645383964-0-0-0","properties":{"highway":"service","lanes":"4","lanes:backward":"2","lanes:forward":"2","maxspeed":"50","name":"International Business Park","sidewalk:both":"separate","startNodeId":"4602649189","endNodeId":"4602649085"},"geometry":{"type":"LineString","coordinates":[[103.7492602,1.3257495],[103.7492317,1.3258073]]}},{"type":"Feature","id":"way/645383968-0-0-0","properties":{"highway":"service","lanes":"4","lanes:backward":"2","lanes:forward":"2","maxspeed":"50","name":"International Business Park","sidewalk:both":"separate","turn:lanes:forward":"left;through|none","startNodeId":"246580953","endNodeId":"4602649189"},"geometry":{"type":"LineString","coordinates":[[103.7492974,1.3256811],[103.7492602,1.3257495]]}},{"type":"Feature","id":"way/646147812-0-0-0","properties":{"highway":"service","lanes":"2","lanes:backward":"1","lanes:forward":"1","turn:lanes:backward":"none","turn:lanes:forward":"through;right","startNodeId":"4602649215","endNodeId":"4602649211"},"geometry":{"type":"LineString","coordinates":[[103.7489523,1.3267477],[103.7489651,1.326696]]}},{"type":"Feature","id":"way/646147812-0-1-0","properties":{"highway":"service","lanes":"2","lanes:backward":"1","lanes:forward":"1","turn:lanes:backward":"none","turn:lanes:forward":"through;right","startNodeId":"4602649211","endNodeId":"4602649217"},"geometry":{"type":"LineString","coordinates":[[103.7489651,1.326696],[103.7490002,1.3266534]]}},{"type":"Feature","id":"way/646147813-0-0-0","properties":{"highway":"service","lanes":"2","lanes:backward":"1","lanes:forward":"1","startNodeId":"4602649214","endNodeId":"6987783267"},"geometry":{"type":"LineString","coordinates":[[103.7492252,1.3281224],[103.7489256,1.3281874]]}},{"type":"Feature","id":"way/646147813-0-1-0","properties":{"highway":"service","lanes":"2","lanes:backward":"1","lanes:forward":"1","startNodeId":"6987783267","endNodeId":"6987783268"},"geometry":{"type":"LineString","coordinates":[[103.7489256,1.3281874],[103.7488509,1.3281647]]}},{"type":"Feature","id":"way/646147813-0-2-0","properties":{"highway":"service","lanes":"2","lanes:backward":"1","lanes:forward":"1","startNodeId":"6987783268","endNodeId":"6987783269"},"geometry":{"type":"LineString","coordinates":[[103.7488509,1.3281647],[103.748821,1.3281083]]}},{"type":"Feature","id":"way/646147813-0-3-0","properties":{"highway":"service","lanes":"2","lanes:backward":"1","lanes:forward":"1","startNodeId":"6987783269","endNodeId":"4602649213"},"geometry":{"type":"LineString","coordinates":[[103.748821,1.3281083],[103.7489326,1.3270977]]}},{"type":"Feature","id":"way/646147813-0-4-0","properties":{"highway":"service","lanes":"2","lanes:backward":"1","lanes:forward":"1","startNodeId":"4602649213","endNodeId":"4602649212"},"geometry":{"type":"LineString","coordinates":[[103.7489326,1.3270977],[103.7489392,1.3269734]]}},{"type":"Feature","id":"way/646147813-0-5-0","properties":{"highway":"service","lanes":"2","lanes:backward":"1","lanes:forward":"1","startNodeId":"4602649212","endNodeId":"6987783266"},"geometry":{"type":"LineString","coordinates":[[103.7489392,1.3269734],[103.748939,1.3268547]]}},{"type":"Feature","id":"way/646147813-0-6-0","properties":{"highway":"service","lanes":"2","lanes:backward":"1","lanes:forward":"1","startNodeId":"6987783266","endNodeId":"4602649215"},"geometry":{"type":"LineString","coordinates":[[103.748939,1.3268547],[103.7489523,1.3267477]]}},{"type":"Feature","id":"way/646788143-0-0-0","properties":{"highway":"service","startNodeId":"5241514808","endNodeId":"5241514809"},"geometry":{"type":"LineString","coordinates":[[103.7478715,1.3253276],[103.7478916,1.3252056]]}},{"type":"Feature","id":"way/646791730-0-0-0","properties":{"highway":"service","lanes":"2","lanes:backward":"1","lanes:forward":"1","startNodeId":"5241577263","endNodeId":"5241577254"},"geometry":{"type":"LineString","coordinates":[[103.7508719,1.3288077],[103.7506029,1.3287869]]}},{"type":"Feature","id":"way/651947884-0-0-0","properties":{"highway":"unclassified","lanes":"3","maxspeed":"50","name":"Business Park Drive","oneway":"yes","surface":"asphalt","turn:lanes":"left|through;right|right","startNodeId":"2684795979","endNodeId":"2684795977"},"geometry":{"type":"LineString","coordinates":[[103.7516389,1.3267187],[103.7516472,1.3268232]]}},{"type":"Feature","id":"way/651947884-0-1-0","properties":{"highway":"unclassified","lanes":"3","maxspeed":"50","name":"Business Park Drive","oneway":"yes","surface":"asphalt","turn:lanes":"left|through;right|right","startNodeId":"2684795977","endNodeId":"2684795974"},"geometry":{"type":"LineString","coordinates":[[103.7516472,1.3268232],[103.7516637,1.3269499]]}},{"type":"Feature","id":"way/651947884-0-2-0","properties":{"highway":"unclassified","lanes":"3","maxspeed":"50","name":"Business Park Drive","oneway":"yes","surface":"asphalt","turn:lanes":"left|through;right|right","startNodeId":"2684795974","endNodeId":"2684795973"},"geometry":{"type":"LineString","coordinates":[[103.7516637,1.3269499],[103.7517009,1.3270656]]}},{"type":"Feature","id":"way/651947884-0-3-0","properties":{"highway":"unclassified","lanes":"3","maxspeed":"50","name":"Business Park Drive","oneway":"yes","surface":"asphalt","turn:lanes":"left|through;right|right","startNodeId":"2684795973","endNodeId":"2684795971"},"geometry":{"type":"LineString","coordinates":[[103.7517009,1.3270656],[103.7517505,1.3271978]]}},{"type":"Feature","id":"way/651947884-0-4-0","properties":{"highway":"unclassified","lanes":"3","maxspeed":"50","name":"Business Park Drive","oneway":"yes","surface":"asphalt","turn:lanes":"left|through;right|right","startNodeId":"2684795971","endNodeId":"5159217347"},"geometry":{"type":"LineString","coordinates":[[103.7517505,1.3271978],[103.7518027,1.327305]]}},{"type":"Feature","id":"way/668576493-0-0-0","properties":{"highway":"service","lanes":"4","lanes:backward":"2","lanes:forward":"2","maxspeed":"50","name":"International Business Park","sidewalk:both":"separate","turn:lanes:forward":"left;through|none","startNodeId":"6260938829","endNodeId":"246580953"},"geometry":{"type":"LineString","coordinates":[[103.7495345,1.3252042],[103.7492974,1.3256811]]}},{"type":"Feature","id":"way/676705523-0-0-0","properties":{"highway":"service","lanes":"2","lanes:backward":"1","lanes:forward":"1","maxspeed":"50","name":"International Business Park","sidewalk:both":"separate","surface":"asphalt","turn:lanes:forward":"left","startNodeId":"6336898105","endNodeId":"246580937"},"geometry":{"type":"LineString","coordinates":[[103.7477374,1.324987],[103.7477687,1.3247971]]}},{"type":"Feature","id":"way/703224928-0-0-0","properties":{"bus":"yes","highway":"service","lanes":"2","oneway":"yes","service":"driveway","startNodeId":"6635423025","endNodeId":"6603938161"},"geometry":{"type":"LineString","coordinates":[[103.7521397,1.3257753],[103.7520705,1.3257362]]}},{"type":"Feature","id":"way/710266474-0-0-0","properties":{"highway":"unclassified","lanes":"2","maxspeed":"50","name":"Business Park Drive","oneway":"yes","surface":"asphalt","startNodeId":"2684795984","endNodeId":"2684795982"},"geometry":{"type":"LineString","coordinates":[[103.7516795,1.3264419],[103.7516472,1.3265835]]}},{"type":"Feature","id":"way/710266474-0-1-0","properties":{"highway":"unclassified","lanes":"2","maxspeed":"50","name":"Business Park Drive","oneway":"yes","surface":"asphalt","startNodeId":"2684795982","endNodeId":"2684795979"},"geometry":{"type":"LineString","coordinates":[[103.7516472,1.3265835],[103.7516389,1.3267187]]}},{"type":"Feature","id":"way/710266475-0-0-0","properties":{"highway":"unclassified","lanes":"2","maxspeed":"50","name":"Business Park Drive","oneway":"yes","surface":"asphalt","startNodeId":"6635423020","endNodeId":"8382738522"},"geometry":{"type":"LineString","coordinates":[[103.752031,1.3258001],[103.7519937,1.3258605]]}},{"type":"Feature","id":"way/710266475-0-1-0","properties":{"highway":"unclassified","lanes":"2","maxspeed":"50","name":"Business Park Drive","oneway":"yes","surface":"asphalt","startNodeId":"8382738522","endNodeId":"6677218401"},"geometry":{"type":"LineString","coordinates":[[103.7519937,1.3258605],[103.7519006,1.3260114]]}},{"type":"Feature","id":"way/710266477-0-0-0","properties":{"highway":"unclassified","lanes":"2","maxspeed":"50","name":"Business Park Drive","oneway":"yes","surface":"asphalt","startNodeId":"6603938161","endNodeId":"6635423020"},"geometry":{"type":"LineString","coordinates":[[103.7520705,1.3257362],[103.752031,1.3258001]]}},{"type":"Feature","id":"way/710266478-0-1-0","properties":{"highway":"unclassified","lanes":"2","maxspeed":"50","name":"Business Park Drive","oneway":"yes","surface":"asphalt","turn:lanes":"left;through|through;right","startNodeId":"8382737209","endNodeId":"6603938161"},"geometry":{"type":"LineString","coordinates":[[103.7521426,1.3256212],[103.7520705,1.3257362]]}},{"type":"Feature","id":"way/711075590-0-0-0","properties":{"highway":"unclassified","lanes":"2","maxspeed":"50","name":"Business Park Drive","oneway":"yes","surface":"asphalt","startNodeId":"6635423019","endNodeId":"6635423025"},"geometry":{"type":"LineString","coordinates":[[103.7521055,1.3258336],[103.7521397,1.3257753]]}},{"type":"Feature","id":"way/711075591-0-0-0","properties":{"highway":"unclassified","lanes":"2","maxspeed":"50","name":"Business Park Drive","oneway":"yes","surface":"asphalt","turn:lanes":"left;through|through;right","startNodeId":"2684795954","endNodeId":"2328888301"},"geometry":{"type":"LineString","coordinates":[[103.7517474,1.3266312],[103.7517887,1.3264204]]}},{"type":"Feature","id":"way/711075591-0-1-0","properties":{"highway":"unclassified","lanes":"2","maxspeed":"50","name":"Business Park Drive","oneway":"yes","surface":"asphalt","turn:lanes":"left;through|through;right","startNodeId":"2328888301","endNodeId":"6684944182"},"geometry":{"type":"LineString","coordinates":[[103.7517887,1.3264204],[103.7518439,1.3262956]]}},{"type":"Feature","id":"way/711075592-0-0-0","properties":{"highway":"unclassified","lanes":"2","maxspeed":"50","name":"Business Park Drive","oneway":"yes","surface":"asphalt","startNodeId":"2684795958","endNodeId":"2684795956"},"geometry":{"type":"LineString","coordinates":[[103.751887,1.3272531],[103.7518763,1.3272031]]}},{"type":"Feature","id":"way/711075592-0-1-0","properties":{"highway":"unclassified","lanes":"2","maxspeed":"50","name":"Business Park Drive","oneway":"yes","surface":"asphalt","startNodeId":"2684795956","endNodeId":"2328888300"},"geometry":{"type":"LineString","coordinates":[[103.7518763,1.3272031],[103.7517391,1.3267717]]}},{"type":"Feature","id":"way/711075592-0-2-0","properties":{"highway":"unclassified","lanes":"2","maxspeed":"50","name":"Business Park Drive","oneway":"yes","surface":"asphalt","startNodeId":"2328888300","endNodeId":"2684795954"},"geometry":{"type":"LineString","coordinates":[[103.7517391,1.3267717],[103.7517474,1.3266312]]}},{"type":"Feature","id":"way/711668862-0-0-0","properties":{"highway":"unclassified","lanes":"2","maxspeed":"50","name":"Business Park Drive","oneway":"yes","surface":"asphalt","turn:lanes":"through|through;right","startNodeId":"6635423031","endNodeId":"8382738521"},"geometry":{"type":"LineString","coordinates":[[103.7519307,1.3261316],[103.752068,1.3258976]]}},{"type":"Feature","id":"way/711668862-0-1-0","properties":{"highway":"unclassified","lanes":"2","maxspeed":"50","name":"Business Park Drive","oneway":"yes","surface":"asphalt","turn:lanes":"through|through;right","startNodeId":"8382738521","endNodeId":"6635423019"},"geometry":{"type":"LineString","coordinates":[[103.752068,1.3258976],[103.7521055,1.3258336]]}},{"type":"Feature","id":"way/742170263-0-0-0","properties":{"highway":"primary","lanes":"3","maxheight":"4.5","maxspeed":"70","name":"Boon Lay Way","name:en":"Boon Lay Way","name:zh":"\u6587\u793c\u5927\u9053","note":"Part of it estimated ???","oneway":"yes","shoulder":"no","source":"Yahoo aerial images","surface":"asphalt","turn:lanes":"left;through|through|through","startNodeId":"6948234875","endNodeId":"237568096"},"geometry":{"type":"LineString","coordinates":[[103.7512337,1.3280667],[103.7514625,1.3279312]]}},{"type":"Feature","id":"way/744810083-0-0-0","properties":{"bus":"yes","highway":"service","oneway":"yes","service":"driveway","startNodeId":"6635423020","endNodeId":"6635423019"},"geometry":{"type":"LineString","coordinates":[[103.752031,1.3258001],[103.7521055,1.3258336]]}},{"type":"Feature","id":"way/746719020-0-0-0","properties":{"highway":"service","lanes":"2","lanes:backward":"1","lanes:forward":"1","turn:lanes:backward":"left;through","turn:lanes:forward":"through","startNodeId":"4602649217","endNodeId":"4602649210"},"geometry":{"type":"LineString","coordinates":[[103.7490002,1.3266534],[103.749063,1.3266151]]}},{"type":"Feature","id":"way/746719020-0-1-0","properties":{"highway":"service","lanes":"2","lanes:backward":"1","lanes:forward":"1","turn:lanes:backward":"left;through","turn:lanes:forward":"through","startNodeId":"4602649210","endNodeId":"4602649209"},"geometry":{"type":"LineString","coordinates":[[103.749063,1.3266151],[103.7491141,1.326597]]}},{"type":"Feature","id":"way/746719021-0-0-0","properties":{"highway":"service","lanes":"2","lanes:backward":"1","lanes:forward":"1","service":"parking_aisle","startNodeId":"6987783272","endNodeId":"5172113567"},"geometry":{"type":"LineString","coordinates":[[103.7499931,1.3251761],[103.7502558,1.3253144]]}},{"type":"Feature","id":"way/747084867-0-0-0","properties":{"highway":"service","lanes":"4","lanes:backward":"2","lanes:forward":"2","maxspeed":"50","name":"International Business Park","sidewalk:both":"separate","turn:lanes:backward":"left;through|none","startNodeId":"4602649085","endNodeId":"6990552404"},"geometry":{"type":"LineString","coordinates":[[103.7492317,1.3258073],[103.7491536,1.3259389]]}},{"type":"Feature","id":"way/747084868-0-0-0","properties":{"highway":"service","lanes":"2","lanes:backward":"1","lanes:forward":"1","startNodeId":"6990552405","endNodeId":"4602649083"},"geometry":{"type":"LineString","coordinates":[[103.7494352,1.3257432],[103.7494743,1.32576]]}},{"type":"Feature","id":"way/747247420-0-0-0","properties":{"highway":"service","lanes":"2","maxspeed":"50","name":"International Business Park","oneway":"yes","sidewalk:both":"separate","surface":"asphalt","turn:lanes":"left;through|through","startNodeId":"6992106299","endNodeId":"4502270129"},"geometry":{"type":"LineString","coordinates":[[103.7478393,1.3261186],[103.7477624,1.3260452]]}},{"type":"Feature","id":"way/747247420-0-1-0","properties":{"highway":"service","lanes":"2","maxspeed":"50","name":"International Business Park","oneway":"yes","sidewalk:both":"separate","surface":"asphalt","turn:lanes":"left;through|through","startNodeId":"4502270129","endNodeId":"246580930"},"geometry":{"type":"LineString","coordinates":[[103.7477624,1.3260452],[103.7475803,1.3259701]]}},{"type":"Feature","id":"way/747247421-0-0-0","properties":{"highway":"service","lanes":"2","maxspeed":"50","name":"International Business Park","oneway":"yes","sidewalk:both":"separate","surface":"asphalt","startNodeId":"246580932","endNodeId":"4502270130"},"geometry":{"type":"LineString","coordinates":[[103.7479165,1.3264638],[103.7479194,1.3263054]]}},{"type":"Feature","id":"way/747247421-0-1-0","properties":{"highway":"service","lanes":"2","maxspeed":"50","name":"International Business Park","oneway":"yes","sidewalk:both":"separate","surface":"asphalt","startNodeId":"4502270130","endNodeId":"246580931"},"geometry":{"type":"LineString","coordinates":[[103.7479194,1.3263054],[103.7478775,1.3261738]]}},{"type":"Feature","id":"way/747247421-0-2-0","properties":{"highway":"service","lanes":"2","maxspeed":"50","name":"International Business Park","oneway":"yes","sidewalk:both":"separate","surface":"asphalt","startNodeId":"246580931","endNodeId":"6992106299"},"geometry":{"type":"LineString","coordinates":[[103.7478775,1.3261738],[103.7478393,1.3261186]]}},{"type":"Feature","id":"way/747247422-0-0-0","properties":{"highway":"service","lanes":"2","maxspeed":"50","name":"International Business Park","oneway":"yes","sidewalk:both":"separate","surface":"asphalt","turn:lanes":"left;through|through","startNodeId":"5172106737","endNodeId":"246580932"},"geometry":{"type":"LineString","coordinates":[[103.7478185,1.3272103],[103.7479165,1.3264638]]}},{"type":"Feature","id":"way/747247423-0-3-0","properties":{"highway":"service","lanes":"2","maxspeed":"50","name":"International Business Park","oneway":"yes","sidewalk:both":"separate","surface":"asphalt","startNodeId":"246580933","endNodeId":"5172106739"},"geometry":{"type":"LineString","coordinates":[[103.7476937,1.3281611],[103.7477185,1.327972]]}},{"type":"Feature","id":"way/823166439-0-0-0","properties":{"highway":"service","lanes":"2","maxspeed":"50","name":"International Business Park","oneway":"yes","sidewalk:both":"separate","surface":"asphalt","startNodeId":"5172106739","endNodeId":"5172106737"},"geometry":{"type":"LineString","coordinates":[[103.7477185,1.327972],[103.7478185,1.3272103]]}},{"type":"Feature","id":"way/823167189-0-0-0","properties":{"highway":"service","oneway":"yes","startNodeId":"4602649197","endNodeId":"4602649196"},"geometry":{"type":"LineString","coordinates":[[103.7494243,1.3268054],[103.7494414,1.3267757]]}},{"type":"Feature","id":"way/823167189-0-1-0","properties":{"highway":"service","oneway":"yes","startNodeId":"4602649196","endNodeId":"4602649195"},"geometry":{"type":"LineString","coordinates":[[103.7494414,1.3267757],[103.7494457,1.3267417]]}},{"type":"Feature","id":"way/823167189-0-2-0","properties":{"highway":"service","oneway":"yes","startNodeId":"4602649195","endNodeId":"4602649194"},"geometry":{"type":"LineString","coordinates":[[103.7494457,1.3267417],[103.7494367,1.3267086]]}},{"type":"Feature","id":"way/823167189-0-3-0","properties":{"highway":"service","oneway":"yes","startNodeId":"4602649194","endNodeId":"4602649193"},"geometry":{"type":"LineString","coordinates":[[103.7494367,1.3267086],[103.7494158,1.3266815]]}},{"type":"Feature","id":"way/823167189-0-4-0","properties":{"highway":"service","oneway":"yes","startNodeId":"4602649193","endNodeId":"4602649192"},"geometry":{"type":"LineString","coordinates":[[103.7494158,1.3266815],[103.7493861,1.3266645]]}},{"type":"Feature","id":"way/823167189-0-5-0","properties":{"highway":"service","oneway":"yes","startNodeId":"4602649192","endNodeId":"4602649191"},"geometry":{"type":"LineString","coordinates":[[103.7493861,1.3266645],[103.7493521,1.3266601]]}},{"type":"Feature","id":"way/823167189-0-6-0","properties":{"highway":"service","oneway":"yes","startNodeId":"4602649191","endNodeId":"4602649190"},"geometry":{"type":"LineString","coordinates":[[103.7493521,1.3266601],[103.749319,1.3266691]]}},{"type":"Feature","id":"way/823167189-0-7-0","properties":{"highway":"service","oneway":"yes","startNodeId":"4602649190","endNodeId":"4602649205"},"geometry":{"type":"LineString","coordinates":[[103.749319,1.3266691],[103.7492919,1.3266901]]}},{"type":"Feature","id":"way/823168727-0-0-0","properties":{"highway":"service","oneway":"yes","startNodeId":"5172113572","endNodeId":"5241514770"},"geometry":{"type":"LineString","coordinates":[[103.7500213,1.3247699],[103.7500495,1.324775]]}},{"type":"Feature","id":"way/823168727-0-1-0","properties":{"highway":"service","oneway":"yes","startNodeId":"5241514770","endNodeId":"5241514769"},"geometry":{"type":"LineString","coordinates":[[103.7500495,1.324775],[103.7500776,1.3247657]]}},{"type":"Feature","id":"way/823168727-0-2-0","properties":{"highway":"service","oneway":"yes","startNodeId":"5241514769","endNodeId":"5241514762"},"geometry":{"type":"LineString","coordinates":[[103.7500776,1.3247657],[103.750086,1.3247515]]}},{"type":"Feature","id":"way/823168728-0-0-0","properties":{"highway":"service","oneway":"yes","startNodeId":"5241514774","endNodeId":"5241514772"},"geometry":{"type":"LineString","coordinates":[[103.7500126,1.3246438],[103.7499876,1.3247068]]}},{"type":"Feature","id":"way/823168728-0-1-0","properties":{"highway":"service","oneway":"yes","startNodeId":"5241514772","endNodeId":"5241514771"},"geometry":{"type":"LineString","coordinates":[[103.7499876,1.3247068],[103.7499946,1.3247456]]}},{"type":"Feature","id":"way/823168728-0-2-0","properties":{"highway":"service","oneway":"yes","startNodeId":"5241514771","endNodeId":"5172113572"},"geometry":{"type":"LineString","coordinates":[[103.7499946,1.3247456],[103.7500213,1.3247699]]}},{"type":"Feature","id":"way/823168729-0-0-0","properties":{"highway":"service","oneway":"yes","startNodeId":"5241514773","endNodeId":"5241514765"},"geometry":{"type":"LineString","coordinates":[[103.7501317,1.3245667],[103.7500965,1.3245536]]}},{"type":"Feature","id":"way/823168729-0-1-0","properties":{"highway":"service","oneway":"yes","startNodeId":"5241514765","endNodeId":"5241514764"},"geometry":{"type":"LineString","coordinates":[[103.7500965,1.3245536],[103.7500688,1.3245572]]}},{"type":"Feature","id":"way/823168729-0-2-0","properties":{"highway":"service","oneway":"yes","startNodeId":"5241514764","endNodeId":"5241514763"},"geometry":{"type":"LineString","coordinates":[[103.7500688,1.3245572],[103.7500362,1.3245818]]}},{"type":"Feature","id":"way/823168729-0-3-0","properties":{"highway":"service","oneway":"yes","startNodeId":"5241514763","endNodeId":"5241514774"},"geometry":{"type":"LineString","coordinates":[[103.7500362,1.3245818],[103.7500126,1.3246438]]}},{"type":"Feature","id":"way/823171544-0-0-0","properties":{"highway":"service","lanes":"1","oneway":"yes","surface":"asphalt","startNodeId":"5241577263","endNodeId":"6987783258"},"geometry":{"type":"LineString","coordinates":[[103.7508719,1.3288077],[103.7508434,1.3290052]]}},{"type":"Feature","id":"way/823171545-0-0-0","properties":{"highway":"service","lanes":"1","oneway":"yes","surface":"asphalt","startNodeId":"5172033662","endNodeId":"5241577263"},"geometry":{"type":"LineString","coordinates":[[103.7508782,1.328679],[103.7508719,1.3288077]]}},{"type":"Feature","id":"way/1532517885-0-0-0","properties":{"highway":"service","oneway":"yes","startNodeId":"10255482312","endNodeId":"13966771640"},"geometry":{"type":"LineString","coordinates":[[103.7497841,1.3261706],[103.7493637,1.3259573]]}},{"type":"Feature","id":"way/1532517886-0-0-0","properties":{"highway":"service","startNodeId":"4602649085","endNodeId":"8365895217"},"geometry":{"type":"LineString","coordinates":[[103.7492317,1.3258073],[103.7493139,1.3258495]]}},{"type":"Feature","id":"way/1532517886-0-1-0","properties":{"highway":"service","startNodeId":"8365895217","endNodeId":"4602649084"},"geometry":{"type":"LineString","coordinates":[[103.7493139,1.3258495],[103.7493664,1.32588]]}},{"type":"Feature","id":"way/1532517886-0-2-0","properties":{"highway":"service","startNodeId":"4602649084","endNodeId":"8654147176"},"geometry":{"type":"LineString","coordinates":[[103.7493664,1.32588],[103.7493715,1.325895]]}},{"type":"Feature","id":"way/1532517886-0-3-0","properties":{"highway":"service","startNodeId":"8654147176","endNodeId":"8654147181"},"geometry":{"type":"LineString","coordinates":[[103.7493715,1.325895],[103.7493736,1.3259108]]}},{"type":"Feature","id":"way/1532517886-0-4-0","properties":{"highway":"service","startNodeId":"8654147181","endNodeId":"8654147180"},"geometry":{"type":"LineString","coordinates":[[103.7493736,1.3259108],[103.7493719,1.3259319]]}},{"type":"Feature","id":"way/1532517886-0-5-0","properties":{"highway":"service","startNodeId":"8654147180","endNodeId":"13966771640"},"geometry":{"type":"LineString","coordinates":[[103.7493719,1.3259319],[103.7493637,1.3259573]]}}]}