{"type":"FeatureCollection","features":[{"type":"Feature","id":"relation/3899841-0","properties":{"building":"yes","type":"multipolygon"},"geometry":{"type":"Polygon","coordinates":[[[103.7391788,1.3398061],[103.7391108,1.3397497],[103.7390726,1.3397957],[103.7390476,1.3398023],[103.7390202,1.3398233],[103.7390029,1.3398531],[103.7389987,1.3398847],[103.7389968,1.3399919],[103.7389693,1.3399911],[103.7389649,1.34017],[103.7389372,1.3401689],[103.738917,1.3407367],[103.7391121,1.340736],[103.7391114,1.3406905],[103.7390229,1.3406884],[103.7390296,1.3405369],[103.7391165,1.340537],[103.7391147,1.3406408],[103.7396284,1.3406522],[103.7396257,1.3407019],[103.7395855,1.3407025],[103.7395822,1.3407769],[103.7396311,1.3407776],[103.7396318,1.3408091],[103.738984,1.3408627],[103.7389914,1.3409586],[103.7390357,1.3409559],[103.739037,1.3409868],[103.7395486,1.3409325],[103.739548,1.3409211],[103.7396311,1.3409211],[103.7396304,1.3409593],[103.7395842,1.3409586],[103.7395828,1.3410377],[103.7396298,1.3410377],[103.7396304,1.34109],[103.7391268,1.3411235],[103.7391295,1.3412234],[103.7391798,1.3412221],[103.7391838,1.3412945],[103.7396573,1.3411778],[103.73967,1.3404525],[103.7397236,1.3404491],[103.7397216,1.3403814],[103.7396747,1.3403848],[103.7396733,1.3402956],[103.740181,1.340303],[103.7401877,1.3400094],[103.7402916,1.340012],[103.7402909,1.3399504],[103.7403124,1.3399497],[103.7403144,1.3396038],[103.7400261,1.3396024],[103.7400247,1.339949],[103.7400375,1.3399484],[103.7400375,1.3399738],[103.7398671,1.3399785],[103.7398651,1.3399296],[103.7397766,1.3399282],[103.73978,1.3399772],[103.7397431,1.3399779],[103.7397719,1.3397767],[103.7397298,1.3397618],[103.7396692,1.3397988],[103.7395676,1.3398962],[103.739534,1.3400151],[103.7395184,1.3401944],[103.7395386,1.3401924],[103.7395394,1.3402307],[103.7391893,1.3402413],[103.7391889,1.3402767],[103.7390341,1.3402712],[103.7390354,1.340195],[103.7390864,1.3401945],[103.7390841,1.3399578],[103.7391254,1.3399609],[103.7391528,1.33994],[103.7391701,1.3399102],[103.7391719,1.339897],[103.7393333,1.3399005],[103.7393346,1.3398409],[103.7391615,1.3398371],[103.7391574,1.3398318],[103.7391788,1.3398061]],[[103.7391373,1.3404048],[103.7391378,1.3404693],[103.7391822,1.340469],[103.7391819,1.3405002],[103.7390395,1.3404976],[103.7390422,1.3403769],[103.7391834,1.3403795],[103.7391831,1.3404045],[103.7391373,1.3404048]],[[103.7394856,1.340385],[103.7394837,1.3405054],[103.7392428,1.3405013],[103.7392432,1.3404685],[103.7392875,1.3404681],[103.7392869,1.3404036],[103.739244,1.340404],[103.7392443,1.3403806],[103.7394856,1.340385]]]}},{"type":"Feature","id":"way/108729284-0","properties":{"addr:city":"Singapore","addr:country":"SG","addr:housenumber":"210","addr:postcode":"600210","addr:street":"Jurong East Street 21","building":"residential","building:levels":"10","layer":"1","residential":"HDB"},"geometry":{"type":"Polygon","coordinates":[[[103.7385749,1.3393668],[103.7385648,1.3393548],[103.7385918,1.3393319],[103.7385814,1.3393196],[103.7386069,1.3392981],[103.7385541,1.3392359],[103.7385389,1.3392488],[103.7385194,1.3392259],[103.7385388,1.3392095],[103.7384971,1.3391586],[103.7384711,1.3391547],[103.7384774,1.3391121],[103.7384979,1.3391151],[103.73851,1.3390338],[103.7384872,1.3390304],[103.738489,1.3390179],[103.7385103,1.339021],[103.73865,1.3389121],[103.7386362,1.3388944],[103.7386787,1.3388613],[103.7386924,1.3388789],[103.7387587,1.3388273],[103.7387424,1.3388064],[103.7387629,1.3387905],[103.7387768,1.3388084],[103.7388408,1.3387584],[103.7388248,1.3387378],[103.7388476,1.33872],[103.7388639,1.3387409],[103.7389292,1.33869],[103.7389155,1.3386725],[103.7389563,1.3386407],[103.73897,1.3386583],[103.7390346,1.3386079],[103.7390215,1.338591],[103.7390395,1.338577],[103.7390538,1.3385955],[103.7391206,1.3385435],[103.7391063,1.3385251],[103.7391257,1.33851],[103.7391405,1.3385289],[103.7392047,1.3384789],[103.7391899,1.33846],[103.7392049,1.3384492],[103.7392271,1.3384492],[103.7392271,1.3384744],[103.7393119,1.3384747],[103.739312,1.3384373],[103.7393306,1.3384374],[103.7393308,1.3383927],[103.739347,1.3383928],[103.7393472,1.3383369],[103.7392653,1.3383367],[103.7392653,1.3383265],[103.7391969,1.3383263],[103.739197,1.3382862],[103.7391604,1.3382861],[103.739162,1.3383276],[103.7388641,1.33856],[103.738842,1.3385317],[103.7388072,1.3385588],[103.7388307,1.338589],[103.7385849,1.3387808],[103.7385558,1.3387436],[103.7385321,1.3387622],[103.7385626,1.3388013],[103.738371,1.3389516],[103.7383549,1.3391151],[103.7383136,1.3391111],[103.73831,1.3391478],[103.7383521,1.3391519],[103.7383503,1.3391919],[103.7385306,1.3394044],[103.7385749,1.3393668]]]}},{"type":"Feature","id":"way/108729617-0","properties":{"addr:city":"Singapore","addr:country":"SG","addr:housenumber":"212","addr:postcode":"600212","addr:street":"Jurong East Street 21","building":"residential","building:colour":"#D2D3C9","building:levels":"25","residential":"HDB"},"geometry":{"type":"Polygon","coordinates":[[[103.740369,1.3390902],[103.7403013,1.3390894],[103.7402912,1.3391008],[103.7402892,1.3391128],[103.7402889,1.3391252],[103.7402949,1.3391376],[103.7403074,1.3391437],[103.7403073,1.3391925],[103.7404003,1.3391927],[103.7404004,1.3391468],[103.7404291,1.3391469],[103.740429,1.3391929],[103.7405222,1.339193],[103.7405223,1.3391531],[103.7405333,1.3391467],[103.740539,1.3391366],[103.74054,1.3391229],[103.740538,1.3391071],[103.7405326,1.3390988],[103.7405216,1.3390921],[103.7404608,1.3390913],[103.740461,1.3390654],[103.7405222,1.3390655],[103.7405334,1.3390589],[103.7405388,1.3390506],[103.7405411,1.3390349],[103.7405403,1.3390211],[103.7405347,1.339011],[103.7405238,1.3390045],[103.7405242,1.3389645],[103.740431,1.3389634],[103.7404305,1.3390094],[103.7404018,1.339009],[103.7404024,1.3389632],[103.7403093,1.3389621],[103.7403087,1.3390109],[103.7402962,1.3390168],[103.74029,1.3390291],[103.7402902,1.3390415],[103.740292,1.3390536],[103.7403019,1.3390651],[103.7403691,1.3390652],[103.740369,1.3390902]]]}},{"type":"Feature","id":"way/108729618-0","properties":{"addr:city":"Singapore","addr:country":"SG","addr:housenumber":"211","addr:postcode":"600211","addr:street":"Jurong East Street 21","building":"residential","building:levels":"10","residential":"HDB"},"geometry":{"type":"Polygon","coordinates":[[[103.7395446,1.3385321],[103.7395651,1.3385527],[103.7395381,1.3385795],[103.7395875,1.3386293],[103.7396112,1.3386058],[103.739617,1.3386572],[103.7396324,1.3386683],[103.7398282,1.3386692],[103.7398282,1.3386849],[103.7399078,1.3386852],[103.7399076,1.338741],[103.7399392,1.3387411],[103.7399393,1.3387081],[103.7401243,1.3387089],[103.7401243,1.3387204],[103.7403432,1.3387214],[103.7403593,1.3387042],[103.740362,1.3386814],[103.7403707,1.3386834],[103.7404123,1.3386492],[103.7404103,1.3386284],[103.7403942,1.3386063],[103.7404726,1.3386083],[103.7404934,1.3385909],[103.7404881,1.3383697],[103.7405726,1.3382829],[103.7405272,1.3382388],[103.740513,1.3382534],[103.7404638,1.3382056],[103.7403988,1.3382725],[103.7404131,1.3382864],[103.7403699,1.3383311],[103.7403705,1.3383873],[103.7403551,1.3383875],[103.7403561,1.338474],[103.7403746,1.3384738],[103.7403749,1.3384959],[103.7403575,1.3384961],[103.7403607,1.3385761],[103.7403741,1.3385761],[103.7403882,1.3385962],[103.740354,1.338621],[103.7403332,1.338613],[103.740333,1.3385899],[103.7401225,1.3385932],[103.7401227,1.3386162],[103.7401004,1.3386165],[103.7401006,1.3386318],[103.7400527,1.3386324],[103.7400524,1.3386092],[103.7400376,1.3386094],[103.7400372,1.3385759],[103.7399344,1.338577],[103.739934,1.3385427],[103.7398378,1.3385438],[103.7398381,1.338571],[103.7398161,1.3385712],[103.7398162,1.3385865],[103.7397644,1.3385871],[103.739764,1.3385562],[103.7397459,1.3385564],[103.7397456,1.3385312],[103.7396786,1.3385319],[103.7396775,1.3384339],[103.7396507,1.3384341],[103.7396504,1.338406],[103.7396779,1.3384057],[103.7396768,1.3383039],[103.7396077,1.3383047],[103.7396075,1.3382871],[103.7395414,1.3382879],[103.7395446,1.3385321]]]}},{"type":"Feature","id":"way/108729619-0","properties":{"addr:city":"Singapore","addr:country":"SG","addr:housenumber":"209","addr:postcode":"600209","addr:street":"Jurong East Street 21","building":"residential","building:levels":"10","residential":"HDB"},"geometry":{"type":"Polygon","coordinates":[[[103.7396177,1.3380391],[103.7396385,1.338082],[103.7397015,1.3380519],[103.7396841,1.3380096],[103.7398162,1.3379473],[103.7398336,1.3379815],[103.7398973,1.3379513],[103.7398819,1.3379191],[103.7399818,1.3378836],[103.7399872,1.3379178],[103.7400629,1.3379171],[103.7400643,1.3378756],[103.7401682,1.3378769],[103.7401628,1.3379131],[103.7402755,1.3379393],[103.7402869,1.3379084],[103.7403922,1.3379547],[103.7403721,1.3379848],[103.7404331,1.3380284],[103.7404525,1.338005],[103.7405491,1.3380948],[103.7405276,1.3381189],[103.7405746,1.3381632],[103.7406068,1.338131],[103.7406631,1.3381853],[103.7407006,1.3381471],[103.7406832,1.3381243],[103.7407047,1.3380981],[103.7406597,1.3380465],[103.7406892,1.3380103],[103.7406678,1.3379902],[103.7406389,1.3380231],[103.7405712,1.3379574],[103.7404975,1.337899],[103.7405223,1.3378595],[103.7404961,1.3378414],[103.7404686,1.3378803],[103.7403902,1.3378387],[103.7402634,1.3377965],[103.7401555,1.3377811],[103.7400207,1.337777],[103.74002,1.3377241],[103.7399858,1.3377227],[103.7399892,1.3377757],[103.7398966,1.3377958],[103.7398182,1.3378327],[103.7397934,1.3377898],[103.7397666,1.3378012],[103.7397894,1.3378481],[103.7396237,1.3379292],[103.7395996,1.3378816],[103.7395694,1.337897],[103.7395915,1.337944],[103.7395164,1.3379795],[103.7395339,1.338011],[103.739505,1.3380284],[103.7395252,1.33808],[103.7396177,1.3380391]]]}},{"type":"Feature","id":"way/108729620-0","properties":{"addr:city":"Singapore","addr:country":"SG","addr:housenumber":"213","addr:postcode":"600213","addr:street":"Jurong East Street 21","building":"residential","building:colour":"#D2D3C9","building:levels":"25","residential":"HDB"},"geometry":{"type":"Polygon","coordinates":[[[103.7397588,1.3390279],[103.7396911,1.339027],[103.739681,1.3390384],[103.739679,1.3390505],[103.7396787,1.3390629],[103.7396847,1.3390753],[103.7396972,1.3390813],[103.7396971,1.3391302],[103.7397901,1.3391304],[103.7397902,1.3390845],[103.7398189,1.3390845],[103.7398188,1.3391305],[103.739912,1.3391307],[103.7399121,1.3390907],[103.7399231,1.3390844],[103.7399288,1.3390743],[103.7399298,1.3390606],[103.7399278,1.3390448],[103.7399224,1.3390364],[103.7399114,1.3390297],[103.7398506,1.339029],[103.7398508,1.339003],[103.739912,1.3390031],[103.7399232,1.3389966],[103.7399286,1.3389883],[103.7399309,1.3389726],[103.7399301,1.3389588],[103.7399245,1.3389487],[103.7399136,1.3389421],[103.739914,1.3389022],[103.7398208,1.3389011],[103.7398203,1.338947],[103.7397916,1.3389467],[103.7397922,1.3389008],[103.7396991,1.3388997],[103.7396985,1.3389486],[103.739686,1.3389544],[103.7396798,1.3389668],[103.73968,1.3389792],[103.7396818,1.3389912],[103.7396917,1.3390028],[103.7397589,1.3390029],[103.7397588,1.3390279]]]}},{"type":"Feature","id":"way/108729621-0","properties":{"addr:city":"Singapore","addr:country":"SG","addr:housenumber":"214","addr:postcode":"600214","addr:street":"Jurong East Street 21","building":"residential","height":"0","residential":"HDB"},"geometry":{"type":"Polygon","coordinates":[[[103.7388648,1.3394659],[103.7388909,1.3394983],[103.7389152,1.3394788],[103.7388896,1.339447],[103.7390663,1.339305],[103.7393119,1.3393055],[103.7393696,1.3392451],[103.7394091,1.3392069],[103.7394099,1.3389332],[103.7393402,1.338933],[103.7393407,1.3387665],[103.7393279,1.3387665],[103.7393281,1.3386865],[103.739268,1.3386863],[103.739268,1.3387059],[103.7392305,1.3387058],[103.7392304,1.3387253],[103.7392034,1.3387252],[103.7392032,1.3388104],[103.7392224,1.3388104],[103.7392224,1.3388322],[103.7392031,1.3388322],[103.7392028,1.3389129],[103.7392228,1.338913],[103.7392227,1.3389334],[103.7392693,1.3389335],[103.739269,1.3390514],[103.7392912,1.3390514],[103.7392911,1.3390772],[103.739271,1.3390772],[103.7392704,1.3391493],[103.7392811,1.3391573],[103.7392636,1.3391727],[103.7392535,1.3391622],[103.7390626,1.3391545],[103.7390611,1.3391893],[103.7390411,1.3391885],[103.7390315,1.3391955],[103.7390206,1.339182],[103.7389723,1.3392209],[103.7389644,1.3392111],[103.7388971,1.3392652],[103.7389104,1.3392818],[103.738894,1.339295],[103.7388808,1.3392786],[103.7388137,1.3393325],[103.7388251,1.3393468],[103.7387854,1.3393787],[103.7387723,1.3393625],[103.7387104,1.3394123],[103.7387218,1.3394264],[103.7387018,1.3394425],[103.7386878,1.339425],[103.7386241,1.3394762],[103.7386425,1.339499],[103.7386307,1.3395085],[103.7386594,1.3395442],[103.7386433,1.3395571],[103.7386857,1.3396098],[103.7388648,1.3394659]]]}},{"type":"Feature","id":"way/108755866-0","properties":{"addr:city":"Singapore","addr:country":"SG","addr:housenumber":"240","addr:postcode":"600240","addr:street":"Jurong East Street 21","building":"residential","building:colour":"#D2D3C9","building:levels":"11","residential":"HDB"},"geometry":{"type":"Polygon","coordinates":[[[103.7416948,1.3409943],[103.741638,1.3409939],[103.7416381,1.3409868],[103.7416093,1.3409865],[103.7416092,1.3409937],[103.7415522,1.3409933],[103.7415525,1.3409584],[103.7414858,1.3409579],[103.7414856,1.3409928],[103.7413461,1.3409917],[103.7413464,1.3409539],[103.7412843,1.3409534],[103.741284,1.3409913],[103.7412127,1.3409907],[103.741212,1.3410885],[103.7412646,1.3410889],[103.7412645,1.341102],[103.7413032,1.3411023],[103.7413028,1.341155],[103.7413279,1.3411552],[103.7413283,1.3411025],[103.7413631,1.3411027],[103.7413632,1.3410896],[103.7414751,1.3410905],[103.741475,1.3411041],[103.7415124,1.3411043],[103.741512,1.341155],[103.7415351,1.3411552],[103.7415355,1.3411045],[103.7415677,1.3411047],[103.7415678,1.3410912],[103.7416749,1.341092],[103.7416748,1.3411078],[103.7417289,1.3411082],[103.7417286,1.3411476],[103.7417638,1.3411479],[103.7417641,1.3411085],[103.741801,1.3411088],[103.7418011,1.3410929],[103.7419056,1.3410937],[103.7419055,1.34111],[103.7419529,1.3411103],[103.7419526,1.3411624],[103.7419743,1.3411626],[103.7419747,1.3411105],[103.7420109,1.3411108],[103.742011,1.3410945],[103.7420605,1.3410948],[103.7420612,1.340997],[103.7419941,1.3409965],[103.7419944,1.3409638],[103.7419271,1.3409633],[103.7419268,1.340996],[103.7417856,1.340995],[103.7417859,1.3409599],[103.7416951,1.3409593],[103.7416948,1.3409943]]]}},{"type":"Feature","id":"way/108755867-0","properties":{"addr:city":"Singapore","addr:country":"SG","addr:housenumber":"234","addr:postcode":"600234","addr:street":"Jurong East Street 21","building":"residential","building:colour":"#D2D3C9","building:levels":"12","residential":"HDB"},"geometry":{"type":"Polygon","coordinates":[[[103.7413362,1.339916],[103.7413371,1.3399007],[103.7413868,1.3399035],[103.7413844,1.3399466],[103.7414473,1.3399501],[103.7414493,1.339914],[103.741504,1.3399171],[103.7415032,1.3399315],[103.7415397,1.3399336],[103.7415406,1.339917],[103.7415856,1.3399195],[103.7415827,1.3399712],[103.7416523,1.3399751],[103.7416551,1.3399267],[103.7417268,1.3399307],[103.7417405,1.3399504],[103.741808,1.3398983],[103.7418321,1.3399295],[103.7419086,1.3398704],[103.7418843,1.339839],[103.7419979,1.3397513],[103.7420228,1.3397834],[103.7420724,1.3397451],[103.742046,1.3397109],[103.7420945,1.3396735],[103.7420387,1.3396012],[103.7420055,1.3396269],[103.7419969,1.3396158],[103.7419598,1.3396444],[103.7419271,1.339602],[103.7419108,1.3396145],[103.7419438,1.3396572],[103.7419203,1.3396753],[103.74193,1.3396878],[103.7418448,1.3397535],[103.7418334,1.3397388],[103.7417998,1.3397614],[103.741793,1.3397534],[103.7417797,1.339746],[103.7417638,1.3397465],[103.7417512,1.3397562],[103.7417467,1.3397715],[103.7417533,1.339787],[103.7417603,1.3397953],[103.7417359,1.3398142],[103.7417454,1.3398265],[103.7417124,1.3398513],[103.7416848,1.3398498],[103.7416858,1.3398326],[103.741623,1.339829],[103.7416257,1.3397821],[103.7416005,1.3397807],[103.7415978,1.339829],[103.7414801,1.3398223],[103.7414809,1.3398091],[103.7414495,1.3398074],[103.7414524,1.3397578],[103.7414128,1.3397556],[103.7414101,1.3398026],[103.7413802,1.339801],[103.7413796,1.3398124],[103.7413275,1.3398094],[103.7413215,1.3399152],[103.7413362,1.339916]]]}},{"type":"Feature","id":"way/108755868-0","properties":{"addr:city":"Singapore","addr:country":"SG","addr:housenumber":"239","addr:postcode":"600239","addr:street":"Jurong East Street 21","building":"residential","building:colour":"#D2D3C9","building:levels":"25","residential":"HDB"},"geometry":{"type":"Polygon","coordinates":[[[103.7409048,1.3409534],[103.7408371,1.3409526],[103.740827,1.340964],[103.740825,1.340976],[103.7408247,1.3409884],[103.7408307,1.3410008],[103.7408432,1.3410069],[103.7408431,1.3410557],[103.7409361,1.3410559],[103.7409362,1.34101],[103.7409649,1.3410101],[103.7409648,1.3410561],[103.741058,1.3410562],[103.7410581,1.3410163],[103.7410691,1.3410099],[103.7410748,1.3409998],[103.7410758,1.3409861],[103.7410738,1.3409703],[103.7410684,1.340962],[103.7410574,1.3409553],[103.7409966,1.3409545],[103.7409968,1.3409286],[103.741058,1.3409287],[103.7410692,1.3409221],[103.7410746,1.3409138],[103.7410769,1.3408981],[103.7410761,1.3408843],[103.7410705,1.3408742],[103.7410596,1.3408677],[103.74106,1.3408277],[103.7409668,1.3408266],[103.7409663,1.3408726],[103.7409376,1.3408722],[103.7409382,1.3408264],[103.7408451,1.3408252],[103.7408445,1.3408741],[103.740832,1.34088],[103.7408258,1.3408923],[103.740826,1.3409047],[103.7408278,1.3409168],[103.7408377,1.3409283],[103.740905,1.3409284],[103.7409048,1.3409534]]]}},{"type":"Feature","id":"way/108755869-0","properties":{"addr:city":"Singapore","addr:country":"SG","addr:housenumber":"232","addr:postcode":"600232","addr:street":"Jurong East Street 21","building":"residential","building:colour":"#D2D3C9","building:levels":"10","residential":"HDB"},"geometry":{"type":"Polygon","coordinates":[[[103.7407163,1.3400945],[103.7407165,1.3400804],[103.7407598,1.3400812],[103.7407602,1.3400604],[103.7407843,1.3400608],[103.7407859,1.3399788],[103.7407591,1.3399783],[103.7407595,1.3399555],[103.7407837,1.339956],[103.7407852,1.3398786],[103.7407684,1.3398625],[103.7407772,1.3398498],[103.7407946,1.3398508],[103.7407933,1.3398727],[103.740857,1.3398763],[103.7408581,1.3398568],[103.7408818,1.3398582],[103.7408807,1.3398776],[103.7409669,1.3398825],[103.7409681,1.3398618],[103.7410185,1.3398646],[103.7410171,1.3398887],[103.7410992,1.3398933],[103.7411008,1.339865],[103.7411194,1.3398661],[103.7411214,1.3398303],[103.7411394,1.3398313],[103.7411431,1.3397653],[103.7410133,1.339758],[103.7410161,1.3397084],[103.7409876,1.3397068],[103.7409853,1.3397478],[103.7407298,1.3397319],[103.7407001,1.3397712],[103.7406649,1.3397446],[103.7406407,1.3397766],[103.7406737,1.3398015],[103.7406507,1.3398335],[103.7406459,1.3400932],[103.7407163,1.3400945]]]}},{"type":"Feature","id":"way/108755870-0","properties":{"addr:city":"Singapore","addr:country":"SG","addr:housenumber":"236","addr:postcode":"600236","addr:street":"Jurong East Street 21","building":"residential","building:colour":"#D2D3C9","building:levels":"9","residential":"HDB"},"geometry":{"type":"Polygon","coordinates":[[[103.7418902,1.3408406],[103.7418862,1.3408681],[103.7419619,1.3408701],[103.7419735,1.3408078],[103.741999,1.3408152],[103.7420072,1.3407867],[103.7419672,1.3407751],[103.7420078,1.3406699],[103.7420461,1.3406885],[103.7420599,1.3406601],[103.7420243,1.3406428],[103.7420843,1.3405413],[103.7421077,1.34056],[103.7421275,1.3405352],[103.7421043,1.3405167],[103.7421684,1.3404349],[103.7421876,1.3404596],[103.7422309,1.3404261],[103.7422119,1.3404016],[103.7423066,1.3403283],[103.742331,1.3403597],[103.7423704,1.3403292],[103.7423485,1.340301],[103.7424278,1.3402395],[103.7424567,1.3402768],[103.7424918,1.3402497],[103.7424741,1.3402269],[103.7425387,1.3401768],[103.7424958,1.3401215],[103.7424794,1.3401343],[103.742457,1.3401053],[103.7424441,1.3401153],[103.7424222,1.340087],[103.7423547,1.3401393],[103.7423685,1.3401572],[103.7423074,1.3402046],[103.7422958,1.3401896],[103.7422268,1.3402431],[103.742238,1.3402576],[103.7421836,1.3402997],[103.7421706,1.340283],[103.7421053,1.3403337],[103.7420907,1.3403149],[103.7420645,1.3403352],[103.7420904,1.3403686],[103.7420471,1.340419],[103.7420263,1.3404055],[103.7419787,1.3404686],[103.7419948,1.3404813],[103.7419432,1.3405631],[103.7419217,1.340553],[103.7418835,1.3406301],[103.7419056,1.3406402],[103.7418795,1.3407273],[103.741854,1.340724],[103.7418419,1.3407763],[103.7418674,1.3407823],[103.74186,1.3408306],[103.7418902,1.3408406]]]}},{"type":"Feature","id":"way/108755871-0","properties":{"addr:city":"Singapore","addr:country":"SG","addr:housenumber":"235","addr:postcode":"600235","addr:street":"Jurong East Street 21","building":"residential","building:colour":"#D2D3C9","building:levels":"4","residential":"HDB"},"geometry":{"type":"Polygon","coordinates":[[[103.742091,1.339931],[103.7421069,1.3399192],[103.7421352,1.3399574],[103.7421214,1.3399676],[103.7421721,1.3400362],[103.7421871,1.3400251],[103.7421993,1.3400416],[103.7421827,1.3400539],[103.7422312,1.3401196],[103.7422556,1.3401016],[103.7422729,1.3401249],[103.7423024,1.3401032],[103.7422864,1.3400817],[103.7423097,1.3400645],[103.7423198,1.3400781],[103.742354,1.3400528],[103.7422271,1.3398811],[103.7422488,1.3398651],[103.7422286,1.3398378],[103.7422086,1.3398526],[103.7421384,1.3397577],[103.7421102,1.3397785],[103.7421233,1.3397962],[103.7420938,1.339818],[103.7420807,1.3398003],[103.7420513,1.3398219],[103.7420664,1.3398423],[103.7420399,1.3398618],[103.742091,1.339931]]]}},{"type":"Feature","id":"way/108755872-0","properties":{"addr:city":"Singapore","addr:country":"SG","addr:housenumber":"233","addr:postcode":"600233","addr:street":"Jurong East Street 21","building":"residential","building:colour":"#D2D3C9","building:levels":"8","residential":"HDB"},"geometry":{"type":"Polygon","coordinates":[[[103.7411077,1.3404092],[103.7411077,1.3404485],[103.7411398,1.3404485],[103.7411398,1.3404092],[103.7412887,1.3404093],[103.7412887,1.3403996],[103.7413708,1.3403996],[103.7413709,1.3403462],[103.7413491,1.3403462],[103.7413491,1.340301],[103.7413326,1.340301],[103.7413326,1.3402681],[103.7411519,1.3402681],[103.7411519,1.3402913],[103.7411023,1.3402912],[103.7411023,1.3402638],[103.7409122,1.3402638],[103.7409122,1.3402869],[103.7408639,1.3402869],[103.7408639,1.3402604],[103.7406691,1.3402604],[103.7406691,1.3402929],[103.7406443,1.3402929],[103.7406443,1.3403372],[103.7406133,1.3403372],[103.7406133,1.3403978],[103.7406906,1.3403978],[103.7406906,1.3404092],[103.7408569,1.3404092],[103.7408569,1.3404444],[103.7409031,1.3404444],[103.7409031,1.3404092],[103.7411077,1.3404092]]]}},{"type":"Feature","id":"way/108755873-0","properties":{"addr:city":"Singapore","addr:country":"SG","addr:housenumber":"238","addr:postcode":"600238","addr:street":"Jurong East Street 21","building":"residential","building:colour":"#D2D3C9","building:levels":"25","residential":"HDB"},"geometry":{"type":"Polygon","coordinates":[[[103.7405567,1.3407038],[103.740489,1.340703],[103.740479,1.3407144],[103.740477,1.3407264],[103.7404766,1.3407388],[103.7404827,1.3407512],[103.7404951,1.3407573],[103.740495,1.3408061],[103.7405881,1.3408063],[103.7405882,1.3407604],[103.7406168,1.3407605],[103.7406167,1.3408065],[103.74071,1.3408066],[103.74071,1.3407666],[103.7407211,1.3407603],[103.7407268,1.3407502],[103.7407278,1.3407365],[103.7407257,1.3407207],[103.7407204,1.3407123],[103.7407093,1.3407056],[103.7406485,1.3407049],[103.7406487,1.340679],[103.74071,1.3406791],[103.7407211,1.3406725],[103.7407266,1.3406642],[103.7407288,1.3406485],[103.740728,1.3406347],[103.7407224,1.3406246],[103.7407115,1.3406181],[103.740712,1.3405781],[103.7406188,1.340577],[103.7406182,1.340623],[103.7405896,1.3406226],[103.7405901,1.3405768],[103.7404971,1.3405756],[103.7404965,1.3406245],[103.740484,1.3406304],[103.7404778,1.3406427],[103.7404779,1.3406551],[103.7404798,1.3406672],[103.7404897,1.3406787],[103.7405569,1.3406788],[103.7405567,1.3407038]]]}},{"type":"Feature","id":"way/108755874-0","properties":{"addr:city":"Singapore","addr:country":"SG","addr:housenumber":"237","addr:postcode":"600237","addr:street":"Jurong East Street 21","building":"residential","building:colour":"#D2D3C9","building:levels":"4","residential":"HDB"},"geometry":{"type":"Polygon","coordinates":[[[103.7412324,1.3408723],[103.7412327,1.3408478],[103.7412649,1.3408482],[103.7412646,1.3408726],[103.741297,1.340873],[103.7412972,1.3408501],[103.7413344,1.3408506],[103.7413353,1.3407693],[103.7413147,1.3407691],[103.7413153,1.3407173],[103.741335,1.3407175],[103.7413359,1.3406356],[103.7413083,1.3406353],[103.7413086,1.3406057],[103.7413365,1.340606],[103.7413374,1.3405254],[103.7413026,1.340525],[103.7413029,1.3404982],[103.7412721,1.3404979],[103.7412718,1.3405252],[103.7412413,1.3405249],[103.7412415,1.3405048],[103.7411972,1.3405043],[103.7411947,1.3407285],[103.74116,1.3407281],[103.7411596,1.3407568],[103.7411944,1.3407572],[103.7411932,1.3408718],[103.7412324,1.3408723]]]}},{"type":"Feature","id":"way/108756103-0","properties":{"addr:city":"Singapore","addr:country":"SG","addr:housenumber":"244","addr:postcode":"600244","addr:street":"Jurong East Avenue 1","building":"apartments","building:colour":"#F4F4F2","building:levels":"13","roof:levels":"1","roof:material":"roof_tiles","roof:shape":"hipped"},"geometry":{"type":"Polygon","coordinates":[[[103.7424856,1.3419635],[103.7425031,1.3418844],[103.7423542,1.3418582],[103.7423415,1.3419092],[103.7423247,1.3419903],[103.7423126,1.3420962],[103.7423247,1.3421954],[103.7423582,1.342296],[103.7424132,1.3424006],[103.7422932,1.3425152],[103.7420753,1.3425078],[103.7418609,1.3421459],[103.7417214,1.3422156],[103.7419789,1.3426715],[103.742324,1.3426788],[103.7423477,1.34266],[103.7423609,1.3426767],[103.7423825,1.3426596],[103.7423692,1.3426429],[103.7426271,1.3424394],[103.7425916,1.3424073],[103.7425963,1.3423972],[103.742599,1.3423838],[103.742599,1.3423731],[103.7425963,1.342363],[103.7425889,1.3423597],[103.7425795,1.342359],[103.7425272,1.3422745],[103.7424991,1.3421834],[103.7424836,1.3420788],[103.7424845,1.3420312],[103.7425053,1.3420316],[103.7425058,1.3420034],[103.742485,1.342003],[103.7424856,1.3419635]]]}},{"type":"Feature","id":"way/108756105-0","properties":{"addr:city":"Singapore","addr:country":"SG","addr:housenumber":"241","addr:postcode":"600241","addr:street":"Jurong East Avenue 1","building":"apartments","building:colour":"#F4F4F2","building:levels":"13","roof:levels":"1","roof:material":"roof_tiles","roof:shape":"hipped"},"geometry":{"type":"Polygon","coordinates":[[[103.742569,1.3416686],[103.7425829,1.3416504],[103.7425943,1.3416598],[103.742654,1.3416115],[103.7426479,1.3416001],[103.7426855,1.3415787],[103.7426928,1.3415881],[103.7427787,1.3415465],[103.7428732,1.3415251],[103.7428719,1.3415083],[103.7428967,1.3415063],[103.7428987,1.3415244],[103.7429906,1.3415231],[103.7430818,1.3415398],[103.7430878,1.3415231],[103.7431508,1.3415405],[103.7431408,1.3415599],[103.7432179,1.3415995],[103.7432259,1.3415861],[103.7432373,1.3415931],[103.7432286,1.3416068],[103.743295,1.3416565],[103.7433054,1.3416434],[103.7433151,1.3416528],[103.7433037,1.3416658],[103.7433647,1.3417295],[103.7433755,1.3417215],[103.7434003,1.3417503],[103.7433862,1.341761],[103.7434346,1.3418324],[103.7435453,1.3418402],[103.7435561,1.3417544],[103.7435015,1.3416625],[103.7435223,1.3416504],[103.7435069,1.341627],[103.7434861,1.341641],[103.7434318,1.3415834],[103.7433728,1.3415271],[103.7432762,1.3414587],[103.7431904,1.3414118],[103.7431951,1.3413943],[103.7431186,1.3413689],[103.7431113,1.3413863],[103.7430368,1.3413715],[103.7429557,1.3413675],[103.7428752,1.3413689],[103.7428736,1.3413521],[103.7428424,1.3413521],[103.7428424,1.3413736],[103.74277,1.3413863],[103.7426949,1.3414138],[103.7426094,1.34146],[103.7426,1.3414426],[103.7425731,1.3414574],[103.7425832,1.3414748],[103.7425212,1.3415224],[103.7424615,1.3415814],[103.742569,1.3416686]]]}},{"type":"Feature","id":"way/108756106-0","properties":{"addr:city":"Singapore","addr:country":"SG","addr:housenumber":"245","addr:postcode":"600245","addr:street":"Jurong East Avenue 1","building":"apartments","building:colour":"#F4F4F2","building:levels":"10","roof:levels":"1","roof:material":"roof_tiles","roof:shape":"hipped"},"geometry":{"type":"Polygon","coordinates":[[[103.7420921,1.3417431],[103.742092,1.3417622],[103.7421491,1.3417623],[103.7422304,1.3418612],[103.7423556,1.3417585],[103.7422481,1.3416274],[103.7422603,1.3416173],[103.7422423,1.3415953],[103.7422249,1.3416095],[103.742217,1.3415987],[103.7419096,1.3415979],[103.7419097,1.341557],[103.7418456,1.3415568],[103.7418456,1.34158],[103.7416301,1.3415794],[103.7416299,1.3416665],[103.7416448,1.3416665],[103.7416447,1.3417225],[103.7416683,1.3417225],[103.7416682,1.3417421],[103.7420921,1.3417431]]]}},{"type":"Feature","id":"way/108756506-0","properties":{"addr:city":"Singapore","addr:country":"SG","addr:housenumber":"247","addr:postcode":"600247","addr:street":"Jurong East Street 24","building":"residential","height":"0","residential":"HDB"},"geometry":{"type":"Polygon","coordinates":[[[103.7389398,1.3424941],[103.7389388,1.3424689],[103.738974,1.3424673],[103.7389736,1.3424451],[103.7390031,1.3424455],[103.7389994,1.3423697],[103.7389679,1.3423697],[103.7389709,1.3423389],[103.7389753,1.3423151],[103.7390072,1.3423211],[103.7390229,1.3422494],[103.7389884,1.342241],[103.7389991,1.3422119],[103.7390266,1.3422216],[103.7390531,1.3421532],[103.7390269,1.3421415],[103.73904,1.3421147],[103.7390658,1.3421257],[103.7391087,1.3420647],[103.7390846,1.3420433],[103.7391141,1.342003],[103.7391329,1.3419856],[103.739151,1.3420034],[103.739211,1.3419544],[103.7391916,1.34193],[103.739212,1.3419179],[103.7392284,1.3419424],[103.7393019,1.3419055],[103.7392874,1.3418794],[103.7393076,1.34187],[103.739323,1.3418961],[103.7393974,1.3418713],[103.739389,1.3418438],[103.7394376,1.3418341],[103.739441,1.3418616],[103.7395188,1.3418576],[103.7395151,1.3418224],[103.7395265,1.3418214],[103.7395238,1.3417872],[103.7395436,1.3417862],[103.7395389,1.3417108],[103.7393984,1.3417359],[103.7393931,1.3417087],[103.7393666,1.3417158],[103.7393736,1.3417423],[103.7392724,1.3417718],[103.7392284,1.3417942],[103.7391889,1.3418163],[103.7391329,1.3418545],[103.7390886,1.3418918],[103.7390457,1.3419323],[103.7390232,1.3419142],[103.7389901,1.3419571],[103.7390098,1.3419732],[103.7389689,1.3420265],[103.7389384,1.3420785],[103.7389133,1.3421328],[103.7388915,1.3421924],[103.7388791,1.3422538],[103.7388677,1.3423171],[103.7388365,1.3423127],[103.7388328,1.3423426],[103.7388647,1.3423483],[103.7388647,1.3423993],[103.7388771,1.3424971],[103.7389398,1.3424941]]]}},{"type":"Feature","id":"way/108756507-0","properties":{"addr:city":"Singapore","addr:country":"SG","addr:housenumber":"246","addr:postcode":"600246","addr:street":"Jurong East Street 24","building":"residential","height":"0","residential":"HDB"},"geometry":{"type":"Polygon","coordinates":[[[103.7396856,1.3418079],[103.7396856,1.3417949],[103.7397356,1.3417946],[103.7397358,1.3418383],[103.7398065,1.341838],[103.7398064,1.3417972],[103.7399512,1.3417966],[103.7399514,1.3418339],[103.7400151,1.3418336],[103.7400149,1.3418029],[103.7401587,1.3418023],[103.7401589,1.341842],[103.7402501,1.3418416],[103.7402499,1.3418092],[103.740381,1.3418087],[103.7403812,1.3418423],[103.7404533,1.341842],[103.7404531,1.341802],[103.7405061,1.3418018],[103.7405062,1.3418234],[103.740527,1.3418233],[103.7405265,1.3417093],[103.7404707,1.3417095],[103.7404706,1.3416949],[103.7404282,1.3416951],[103.740428,1.341652],[103.7403984,1.3416522],[103.7403986,1.3416933],[103.7403693,1.3416934],[103.7403694,1.3417089],[103.7402709,1.3417093],[103.7402708,1.3416902],[103.7402122,1.3416904],[103.7402121,1.3416621],[103.7401658,1.3416623],[103.7401659,1.3416923],[103.740142,1.3416924],[103.7401421,1.3417065],[103.7400328,1.341707],[103.7400327,1.3416902],[103.7399953,1.3416904],[103.7399951,1.3416406],[103.7399616,1.3416408],[103.7399618,1.3416889],[103.7399301,1.341689],[103.7399302,1.3417045],[103.7398263,1.341705],[103.7398262,1.3416885],[103.7397834,1.3416887],[103.7397832,1.341648],[103.7397551,1.3416481],[103.7397552,1.3416903],[103.7397243,1.3416904],[103.7397243,1.3417066],[103.7396688,1.3417069],[103.7396692,1.341808],[103.7396856,1.3418079]]]}},{"type":"Feature","id":"way/108756508-0","properties":{"addr:city":"Singapore","addr:country":"SG","addr:housenumber":"248","addr:postcode":"600248","addr:street":"Jurong East Street 24","building":"residential","height":"0","residential":"HDB"},"geometry":{"type":"Polygon","coordinates":[[[103.7398309,1.3421593],[103.7398725,1.3421733],[103.7398681,1.3421891],[103.7398923,1.3421968],[103.7398976,1.3421793],[103.7399979,1.3422142],[103.7400851,1.3422719],[103.7401501,1.3423342],[103.7401977,1.3423778],[103.7401937,1.3423912],[103.740192,1.3424056],[103.7401947,1.342421],[103.7402041,1.3424321],[103.7402185,1.3424411],[103.7402393,1.3424418],[103.7402527,1.3424358],[103.7402618,1.3424277],[103.7402648,1.3424133],[103.7405193,1.3421354],[103.7405293,1.3421264],[103.7405347,1.3421133],[103.7405333,1.3420979],[103.7405239,1.3420922],[103.740516,1.3420909],[103.7405187,1.3419546],[103.7404648,1.3419536],[103.7404644,1.3419735],[103.7404342,1.3419729],[103.7404339,1.3419877],[103.7403911,1.3419869],[103.7403895,1.3420684],[103.7404039,1.3420694],[103.7404042,1.3420888],[103.7403945,1.3421036],[103.7403814,1.3420959],[103.7402534,1.3422346],[103.7402353,1.342232],[103.74024,1.3422196],[103.7401763,1.3421653],[103.7401568,1.3421793],[103.7401233,1.3421532],[103.7401347,1.3421351],[103.7400733,1.3420945],[103.7400619,1.3421143],[103.740022,1.3420939],[103.7400328,1.3420728],[103.7399613,1.3420433],[103.739955,1.3420674],[103.7398785,1.3420443],[103.7398842,1.3420238],[103.7398021,1.3420104],[103.7398001,1.3420433],[103.7397766,1.3420446],[103.7397773,1.3420795],[103.7397572,1.3420808],[103.7397552,1.3421452],[103.7398309,1.3421593]]]}},{"type":"Feature","id":"way/108840031-0","properties":{"addr:city":"Singapore","addr:country":"SG","addr:housenumber":"208","addr:neighbourhood":"Jurong East View","addr:postcode":"600208","addr:street":"Jurong East Street 21","building":"residential","building:levels":"8","residential":"HDB"},"geometry":{"type":"Polygon","coordinates":[[[103.7422694,1.3386791],[103.7422536,1.3386904],[103.7422775,1.3387235],[103.7422663,1.3387316],[103.7423013,1.3387801],[103.7423978,1.3387106],[103.7424122,1.3387307],[103.7424316,1.3387167],[103.7424159,1.3386949],[103.7424804,1.3386485],[103.7424665,1.3386292],[103.7426812,1.3384746],[103.7427036,1.3385057],[103.7427502,1.3384721],[103.7427231,1.3384345],[103.7429559,1.3382668],[103.7429625,1.3382759],[103.7430143,1.3382385],[103.7430312,1.338262],[103.7430546,1.3382452],[103.7430396,1.3382244],[103.7431489,1.3381458],[103.7431097,1.3380915],[103.7430996,1.3380988],[103.743078,1.3380688],[103.7430572,1.3380837],[103.7430388,1.3380582],[103.7429744,1.3381046],[103.7429853,1.3381197],[103.7429619,1.3381366],[103.7429523,1.3381232],[103.7428901,1.338168],[103.7429062,1.3381904],[103.742887,1.3382043],[103.7428961,1.338217],[103.7428539,1.3382474],[103.7428392,1.338227],[103.74282,1.3382408],[103.7428019,1.3382156],[103.7427396,1.3382605],[103.742752,1.3382777],[103.7427317,1.3382923],[103.7427223,1.3382792],[103.7426576,1.3383259],[103.7426688,1.3383414],[103.7426295,1.3383696],[103.7426192,1.3383553],[103.7425517,1.3384039],[103.7425641,1.3384211],[103.742542,1.3384369],[103.742531,1.3384216],[103.7424651,1.338469],[103.7424845,1.3384958],[103.7424695,1.3385066],[103.7424862,1.3385298],[103.7424441,1.3385601],[103.7424351,1.3385476],[103.7424154,1.3385618],[103.7423989,1.338539],[103.742334,1.3385857],[103.7423458,1.3386021],[103.7423251,1.3386171],[103.7423145,1.3386024],[103.7422484,1.3386499],[103.7422694,1.3386791]]]}},{"type":"Feature","id":"way/108840039-0","properties":{"addr:city":"Singapore","addr:country":"SG","addr:housenumber":"288B","addr:postcode":"602288","addr:street":"Jurong East Street 21","building":"residential","height":"0","residential":"HDB"},"geometry":{"type":"Polygon","coordinates":[[[103.7429726,1.3394004],[103.7429187,1.3393294],[103.7429093,1.3393364],[103.7428875,1.3393077],[103.7428986,1.3392993],[103.742834,1.3392141],[103.742821,1.339224],[103.7427835,1.3391758],[103.7427987,1.3391771],[103.7428072,1.3391199],[103.7428192,1.3390536],[103.7427981,1.3390498],[103.7428094,1.3390387],[103.7428322,1.3390698],[103.7428739,1.3390393],[103.742862,1.3390231],[103.7428906,1.3390024],[103.7429422,1.3389641],[103.7429264,1.3389427],[103.7429681,1.3389118],[103.7429826,1.3389313],[103.7430402,1.3388865],[103.7430251,1.3388657],[103.7430455,1.3388502],[103.7430641,1.3388366],[103.7430431,1.3388079],[103.7430281,1.338821],[103.743006,1.3387912],[103.7428317,1.3389228],[103.7427616,1.3389734],[103.7427155,1.3390027],[103.7427099,1.3390339],[103.7426979,1.3391002],[103.7426804,1.3391975],[103.7428843,1.3394673],[103.7429726,1.3394004]]]}},{"type":"Feature","id":"way/108840040-0","properties":{"addr:city":"Singapore","addr:country":"SG","addr:housenumber":"207","addr:neighbourhood":"Jurong East View","addr:postcode":"600207","addr:street":"Jurong East Street 21","building":"residential","building:levels":"8","residential":"HDB"},"geometry":{"type":"Polygon","coordinates":[[[103.7419397,1.3383049],[103.7419532,1.3382944],[103.741979,1.3383272],[103.7419959,1.338314],[103.742012,1.3383346],[103.7420694,1.3382895],[103.7420567,1.3382733],[103.742092,1.3382456],[103.7421054,1.3382627],[103.7421744,1.3382085],[103.7421548,1.3381835],[103.7421681,1.3381731],[103.7421492,1.3381491],[103.7421896,1.3381174],[103.7422031,1.3381345],[103.7422211,1.3381204],[103.7422386,1.3381427],[103.7423028,1.3380923],[103.7422887,1.3380743],[103.7423057,1.3380609],[103.7423205,1.3380797],[103.7423859,1.3380284],[103.7423678,1.3380054],[103.7423842,1.3379926],[103.7423664,1.33797],[103.742404,1.3379405],[103.7424153,1.3379549],[103.7424376,1.3379374],[103.7424566,1.3379615],[103.7425166,1.3379144],[103.7425019,1.3378957],[103.7425124,1.3378875],[103.7425326,1.3378884],[103.7425316,1.3379054],[103.7426239,1.3379107],[103.7426256,1.3378806],[103.7426483,1.3378819],[103.7426495,1.3378605],[103.7426995,1.3378633],[103.7426977,1.3378949],[103.7427113,1.3378957],[103.74271,1.3379191],[103.7427896,1.3379236],[103.7427907,1.3379048],[103.7428086,1.3379048],[103.7428208,1.3379216],[103.7428056,1.3379326],[103.7428512,1.3379952],[103.7428764,1.3379768],[103.7428878,1.3379923],[103.7429191,1.3379695],[103.742929,1.3379831],[103.7429811,1.3379452],[103.7429092,1.3378459],[103.7428623,1.3378172],[103.7428731,1.3377996],[103.7428509,1.3377861],[103.7428412,1.337802],[103.7427928,1.3377725],[103.7424834,1.3377764],[103.7424471,1.3378048],[103.7424386,1.3377941],[103.7424088,1.3378175],[103.7424184,1.3378298],[103.742226,1.3379807],[103.7422062,1.3379555],[103.7421859,1.3379714],[103.7422104,1.3380025],[103.7420111,1.3381589],[103.7419951,1.3381386],[103.7419768,1.338153],[103.7419984,1.3381804],[103.7419016,1.3382563],[103.7419397,1.3383049]]]}},{"type":"Feature","id":"way/304104734-0","properties":{"addr:city":"Singapore","addr:country":"SG","addr:housenumber":"271","addr:postcode":"609603","addr:street":"Jurong East Street 21","amenity":"place_of_worship","building":"mosque","check_date":"2024-07-07","denomination":"sunni","email":"mosque@almukminin.mosque.sg","height":"0","image":"https://upload.wikimedia.org/wikipedia/commons/b/b9/Masjid_Al-Mukminin%2C_Jurong_East%2C_Singapore_%282025%29_-_img_02.jpg","name":"Masjid Al-Mukminin","name:en":"Al-Mukminin Mosque","name:ms":"Masjid Al-Mukminin","operator":"Majlis Ugama Islam Singapura","operator:wikidata":"Q6738012","phone":"+65 6567 7777","religion":"muslim","source":"Bing","wikidata":"Q136102022"},"geometry":{"type":"Polygon","coordinates":[[[103.7413565,1.3393269],[103.7414028,1.3393589],[103.7414561,1.3393419],[103.7414578,1.3393418],[103.7415133,1.3393477],[103.7415389,1.339308],[103.7415663,1.3393356],[103.7415995,1.3392977],[103.7416381,1.3392634],[103.741648,1.3392545],[103.74166,1.339268],[103.7416788,1.3392748],[103.7417042,1.3392775],[103.7417269,1.3392682],[103.7417436,1.3392526],[103.7417549,1.3392235],[103.7417561,1.3392019],[103.741748,1.3391802],[103.7417771,1.3391583],[103.7415378,1.3388537],[103.7413776,1.3389628],[103.7413762,1.3389864],[103.7413497,1.3389867],[103.7413494,1.3390199],[103.7414188,1.3390189],[103.7414185,1.3390398],[103.7413595,1.339034],[103.741336,1.3390711],[103.741284,1.3391012],[103.7412849,1.3391611],[103.7412674,1.3392103],[103.741294,1.3392501],[103.7413093,1.3393031],[103.7413565,1.3393269]]]}},{"type":"Feature","id":"way/373711792-0","properties":{"addr:city":"Singapore","addr:country":"SG","addr:housenumber":"281","addr:postcode":"609605","addr:street":"Jurong East Street 21","amenity":"place_of_worship","building":"temple","check_date":"2024-07-10","fixme":"check name:ta","height":"0","name":"Sri Arulmigu Murugan Temple","name:ta":"\u0bb8\u0bcd\u0bb0\u0bc0 \u0b85\u0bb0\u0bc1\u0bb3\u0bcd\u0bae\u0bbf\u0b95\u0bc1 \u0bae\u0bc1\u0bb0\u0bc1\u0b95\u0ba9\u0bcd \u0b95\u0bcb\u0baf\u0bbf\u0bb2\u0bcd","religion":"hindu","source":"Bing","website":"http://www.avgmt.sg/"},"geometry":{"type":"Polygon","coordinates":[[[103.7387275,1.3415974],[103.7387275,1.3415326],[103.7388212,1.3415344],[103.738824,1.3414894],[103.7388274,1.3414352],[103.7388299,1.3413951],[103.7386119,1.3413846],[103.7385707,1.3414153],[103.7385611,1.3414617],[103.7385812,1.3415081],[103.7386215,1.3415291],[103.7386197,1.3415921],[103.7387275,1.3415974]]]}},{"type":"Feature","id":"way/482524701-0","properties":{"addr:city":"Singapore","addr:country":"SG","addr:housenumber":"160","addr:postcode":"609559","addr:street":"Jurong East Avenue 1","amenity":"place_of_worship","building":"temple","check_date":"2024-07-10","name":"Bukit Timah Seu Teck Sean Tong Temple","name:zh":"\u6b66\u5409\u77e5\u9a6c\u4fee\u5fb7\u5584\u5802","phone":"+65 6562 3430","religion":"buddhist","website":"http://www.beokeng.com/"},"geometry":{"type":"Polygon","coordinates":[[[103.7412398,1.3419227],[103.7412413,1.3416285],[103.7410242,1.3416274],[103.7410227,1.3419216],[103.7412398,1.3419227]]]}},{"type":"Feature","id":"way/508045520-0","properties":{"addr:city":"Singapore","addr:country":"SG","addr:housenumber":"20","addr:postcode":"609792","addr:street":"Jurong East Avenue 1","amenity":"social_facility","building":"residential","check_date":"2024-07-10","height":"0","name":"All Saints Home (Jurong East)","social_facility":"nursing_home","social_facility:for":"senior"},"geometry":{"type":"Polygon","coordinates":[[[103.7408278,1.3419262],[103.7409496,1.3419264],[103.7409499,1.3418654],[103.7408993,1.3418651],[103.7408996,1.3418148],[103.7409522,1.3418152],[103.7409526,1.3417552],[103.7408963,1.3417548],[103.7408966,1.3416989],[103.7409529,1.3416992],[103.7409533,1.3416399],[103.7408956,1.3416395],[103.7408959,1.3415943],[103.7409568,1.3415946],[103.7409572,1.3415419],[103.7408195,1.3415416],[103.7406944,1.3415399],[103.7406934,1.3416157],[103.7407699,1.3416167],[103.7407695,1.3416454],[103.7407206,1.3416447],[103.7407182,1.3418211],[103.7407638,1.3418217],[103.7407635,1.3418484],[103.7406844,1.3418473],[103.7406834,1.3419243],[103.7408278,1.3419262]]]}},{"type":"Feature","id":"way/589568943-0","properties":{"building":"construction","building:levels":"3","construction":"train_station","height":"20","layer":"1","name":"Toh Guan Station"},"geometry":{"type":"Polygon","coordinates":[[[103.7431546,1.3406564],[103.7422754,1.3394572],[103.7421496,1.3395494],[103.7430288,1.3407486],[103.7431546,1.3406564]]]}},{"type":"Feature","id":"way/734123844-0","properties":{"building:colour":"#F4F4F2","building:levels":"13","building:part":"yes"},"geometry":{"type":"Polygon","coordinates":[[[103.7402353,1.342232],[103.74024,1.3422196],[103.7401763,1.3421653],[103.7401568,1.3421793],[103.7401233,1.3421532],[103.7401347,1.3421351],[103.7400733,1.3420945],[103.7400619,1.3421143],[103.740022,1.3420939],[103.7400328,1.3420728],[103.7399613,1.3420433],[103.739955,1.3420674],[103.7398785,1.3420443],[103.7398842,1.3420238],[103.7398021,1.3420104],[103.7398001,1.3420433],[103.7397766,1.3420446],[103.7397773,1.3420795],[103.7397572,1.3420808],[103.7397552,1.3421452],[103.7398309,1.3421593],[103.7398725,1.3421733],[103.7398681,1.3421891],[103.7398923,1.3421968],[103.7398976,1.3421793],[103.7399979,1.3422142],[103.7400851,1.3422719],[103.7401501,1.3423342],[103.7401977,1.3423778],[103.7401937,1.3423912],[103.740192,1.3424056],[103.7401947,1.342421],[103.7402041,1.3424321],[103.7402185,1.3424411],[103.7402393,1.3424418],[103.7402527,1.3424358],[103.7402618,1.3424277],[103.7402648,1.3424133],[103.7402534,1.3422346],[103.7402353,1.342232]]]}},{"type":"Feature","id":"way/734123845-0","properties":{"building:colour":"#F4F4F2","building:levels":"12","building:part":"yes"},"geometry":{"type":"Polygon","coordinates":[[[103.7404039,1.3420694],[103.7404042,1.3420888],[103.7403945,1.3421036],[103.7403814,1.3420959],[103.7402534,1.3422346],[103.7402648,1.3424133],[103.7405193,1.3421354],[103.7405293,1.3421264],[103.7405347,1.3421133],[103.7405333,1.3420979],[103.7405239,1.3420922],[103.740516,1.3420909],[103.7405187,1.3419546],[103.7404648,1.3419536],[103.7404644,1.3419735],[103.7404342,1.3419729],[103.7404339,1.3419877],[103.7403911,1.3419869],[103.7403895,1.3420684],[103.7404039,1.3420694]]]}},{"type":"Feature","id":"way/734123846-0","properties":{"building:colour":"#F4F4F2","building:levels":"12","building:part":"yes"},"geometry":{"type":"Polygon","coordinates":[[[103.7404707,1.3417095],[103.7404706,1.3416949],[103.7404282,1.3416951],[103.740428,1.341652],[103.7403984,1.3416522],[103.7403986,1.3416933],[103.7403693,1.3416934],[103.7403694,1.3417089],[103.7402709,1.3417093],[103.7402708,1.3416902],[103.7402122,1.3416904],[103.7402121,1.3416621],[103.7401658,1.3416623],[103.7401659,1.3416923],[103.740142,1.3416924],[103.7401421,1.3417065],[103.7400328,1.341707],[103.7400327,1.3416902],[103.7399953,1.3416904],[103.7399951,1.3416406],[103.7399616,1.3416408],[103.7399618,1.3416889],[103.7399301,1.341689],[103.7399302,1.3417045],[103.7398263,1.341705],[103.7398262,1.3416885],[103.7397834,1.3416887],[103.7397832,1.341648],[103.7397551,1.3416481],[103.7397552,1.3416903],[103.7397243,1.3416904],[103.7397243,1.3417066],[103.7396688,1.3417069],[103.7396692,1.341808],[103.7396856,1.3418079],[103.7396856,1.3417949],[103.7397356,1.3417946],[103.7397358,1.3418383],[103.7398065,1.341838],[103.7398064,1.3417972],[103.7399512,1.3417966],[103.7399514,1.3418339],[103.7400151,1.3418336],[103.7400149,1.3418029],[103.7401587,1.3418023],[103.7401589,1.341842],[103.7402501,1.3418416],[103.7402499,1.3418092],[103.740381,1.3418087],[103.7403812,1.3418423],[103.7404533,1.341842],[103.7404531,1.341802],[103.7405061,1.3418018],[103.7405062,1.3418234],[103.740527,1.3418233],[103.7405265,1.3417093],[103.7404707,1.3417095]]]}},{"type":"Feature","id":"way/734123847-0","properties":{"building":"yes"},"geometry":{"type":"Polygon","coordinates":[[[103.7411848,1.3421887],[103.7411875,1.3420225],[103.7409139,1.3420158],[103.7409018,1.34238],[103.7409437,1.3423802],[103.7412532,1.3423858],[103.7411848,1.3421887]]]}},{"type":"Feature","id":"way/734123848-0","properties":{"building:colour":"#D4D5D8","building:levels":"6","building:material":"concrete","building:part":"yes"},"geometry":{"type":"Polygon","coordinates":[[[103.7409499,1.3418654],[103.7408993,1.3418651],[103.7408996,1.3418148],[103.7409522,1.3418152],[103.7409526,1.3417552],[103.7408963,1.3417548],[103.7408966,1.3416989],[103.7409529,1.3416992],[103.7409533,1.3416399],[103.7408956,1.3416395],[103.7408959,1.3415943],[103.7409568,1.3415946],[103.7409572,1.3415419],[103.7408195,1.3415416],[103.7406944,1.3415399],[103.7406934,1.3416157],[103.7407699,1.3416167],[103.7407695,1.3416454],[103.7407206,1.3416447],[103.7407182,1.3418211],[103.7407638,1.3418217],[103.7407635,1.3418484],[103.7406844,1.3418473],[103.7406834,1.3419243],[103.7408278,1.3419262],[103.7409496,1.3419264],[103.7409499,1.3418654]]]}},{"type":"Feature","id":"way/734123849-0","properties":{"building:colour":"#D4D5D8","building:levels":"7","building:material":"concrete","building:min_level":"6","building:part":"yes"},"geometry":{"type":"Polygon","coordinates":[[[103.7406944,1.3415399],[103.7406934,1.3416157],[103.7407699,1.3416167],[103.7407695,1.3416454],[103.7407206,1.3416447],[103.7407182,1.3418211],[103.7407638,1.3418217],[103.7407635,1.3418484],[103.7406844,1.3418473],[103.7406834,1.3419243],[103.7408278,1.3419262],[103.7408316,1.3416487],[103.7407906,1.3416481],[103.740791,1.3416181],[103.7408185,1.3416184],[103.7408195,1.3415416],[103.7406944,1.3415399]]]}},{"type":"Feature","id":"way/734123851-0","properties":{"building:colour":"#F4F4F2","building:levels":"13","building:part":"yes"},"geometry":{"type":"Polygon","coordinates":[[[103.7393984,1.3417359],[103.7393931,1.3417087],[103.7393666,1.3417158],[103.7393736,1.3417423],[103.7392724,1.3417718],[103.7392284,1.3417942],[103.7391889,1.3418163],[103.7391329,1.3418545],[103.7390886,1.3418918],[103.7390457,1.3419323],[103.7390232,1.3419142],[103.7389901,1.3419571],[103.7390098,1.3419732],[103.7389689,1.3420265],[103.7389384,1.3420785],[103.7389133,1.3421328],[103.7388915,1.3421924],[103.7388791,1.3422538],[103.7388677,1.3423171],[103.7388365,1.3423127],[103.7388328,1.3423426],[103.7388647,1.3423483],[103.7388647,1.3423993],[103.7388771,1.3424971],[103.7389398,1.3424941],[103.7389388,1.3424689],[103.738974,1.3424673],[103.7389736,1.3424451],[103.7390031,1.3424455],[103.7389994,1.3423697],[103.7389679,1.3423697],[103.7389709,1.3423389],[103.7389753,1.3423151],[103.7390072,1.3423211],[103.7390229,1.3422494],[103.7389884,1.342241],[103.7389991,1.3422119],[103.7390266,1.3422216],[103.7390531,1.3421532],[103.7390269,1.3421415],[103.73904,1.3421147],[103.7390658,1.3421257],[103.7391087,1.3420647],[103.7390846,1.3420433],[103.7391141,1.342003],[103.7391329,1.3419856],[103.739151,1.3420034],[103.739211,1.3419544],[103.7391916,1.34193],[103.739212,1.3419179],[103.7392284,1.3419424],[103.7393019,1.3419055],[103.7392874,1.3418794],[103.7393076,1.34187],[103.739323,1.3418961],[103.7393974,1.3418713],[103.739389,1.3418438],[103.7394376,1.3418341],[103.739441,1.3418616],[103.7395188,1.3418576],[103.7395151,1.3418224],[103.7395265,1.3418214],[103.7395238,1.3417872],[103.7395436,1.3417862],[103.7395389,1.3417108],[103.7393984,1.3417359]]]}},{"type":"Feature","id":"way/734123852-0","properties":{"building:colour":"#F4F4F2","building:levels":"4","building:part":"yes"},"geometry":{"type":"Polygon","coordinates":[[[103.7396084,1.3423576],[103.7396118,1.3419743],[103.739545,1.3419737],[103.7395449,1.3419925],[103.7395041,1.3419921],[103.7395039,1.3420102],[103.7394762,1.3420099],[103.7394755,1.3420914],[103.7395001,1.3420916],[103.7394999,1.3421174],[103.7394752,1.3421172],[103.7394745,1.3421933],[103.7395009,1.3421935],[103.7395004,1.3422542],[103.7394746,1.342254],[103.7394738,1.3423372],[103.7395005,1.3423374],[103.7394992,1.3423595],[103.7395815,1.3424086],[103.7396084,1.3423576]]]}},{"type":"Feature","id":"way/734132969-0","properties":{"addr:city":"Singapore","addr:country":"SG","addr:housenumber":"242","addr:postcode":"600242","addr:street":"Jurong East Avenue 1","building":"apartments","building:colour":"#F4F4F2","building:levels":"4","roof:levels":"1","roof:material":"roof_tiles","roof:shape":"hipped"},"geometry":{"type":"Polygon","coordinates":[[[103.7426908,1.341881],[103.7427107,1.3419056],[103.7427321,1.3418883],[103.7428816,1.3420735],[103.7430046,1.3419742],[103.7427579,1.3416685],[103.7426348,1.3417678],[103.7427123,1.3418637],[103.7426908,1.341881]]]}},{"type":"Feature","id":"way/734132974-0","properties":{"building:levels":"1","building:part":"yes"},"geometry":{"type":"Polygon","coordinates":[[[103.7388274,1.3414352],[103.7388299,1.3413951],[103.7386119,1.3413846],[103.7385707,1.3414153],[103.7385611,1.3414617],[103.7385812,1.3415081],[103.7386215,1.3415291],[103.7386197,1.3415921],[103.7387275,1.3415974],[103.7387275,1.3415326],[103.7388212,1.3415344],[103.738824,1.3414894],[103.7388274,1.3414352]]]}},{"type":"Feature","id":"way/734132975-0","properties":{"building:levels":"2","building:min_level":"1","building:part":"yes","roof:levels":"2","roof:shape":"mansard"},"geometry":{"type":"Polygon","coordinates":[[[103.7388274,1.3414352],[103.7387893,1.3414328],[103.7387859,1.341487],[103.738824,1.3414894],[103.7388274,1.3414352]]]}},{"type":"Feature","id":"way/734134305-0","properties":{"addr:city":"Singapore","addr:country":"SG","addr:housenumber":"240B","addr:neighbourhood":"Jurong East Vista","addr:postcode":"602240","addr:street":"Jurong East Avenue 1","building":"residential","building:levels":"22","residential":"HDB"},"geometry":{"type":"Polygon","coordinates":[[[103.7426192,1.3409835],[103.7429061,1.3408421],[103.7428971,1.3408238],[103.7429037,1.3408205],[103.7428734,1.3407591],[103.7427246,1.3408324],[103.7425835,1.3408493],[103.7425593,1.3408612],[103.7425912,1.3409267],[103.7426192,1.3409835]]]}},{"type":"Feature","id":"way/734134306-0","properties":{"addr:city":"Singapore","addr:country":"SG","addr:housenumber":"240A","addr:neighbourhood":"Jurong East Vista","addr:postcode":"601240","addr:street":"Jurong East Avenue 1","building":"residential","building:levels":"22","residential":"HDB"},"geometry":{"type":"Polygon","coordinates":[[[103.7425593,1.3408612],[103.74254,1.3408708],[103.7425355,1.3409115],[103.7425137,1.3409222],[103.7424887,1.3408716],[103.74245,1.3408907],[103.7424403,1.3408711],[103.7423601,1.3409107],[103.7424034,1.3409984],[103.7423434,1.341028],[103.7423746,1.3410911],[103.7425545,1.3410024],[103.7425316,1.340956],[103.7425912,1.3409267],[103.7425593,1.3408612]]]}},{"type":"Feature","id":"way/734134307-0","properties":{"addr:city":"Singapore","addr:country":"SG","addr:housenumber":"240C","addr:neighbourhood":"Jurong East Vista","addr:postcode":"603240","addr:street":"Jurong East Avenue 1","amenity":"parking","building":"garage","building:levels":"6","parking":"multi-storey"},"geometry":{"type":"Polygon","coordinates":[[[103.7423936,1.3408178],[103.7424493,1.3408286],[103.7425046,1.3407872],[103.7425247,1.3408141],[103.7427861,1.3406183],[103.7426902,1.3404905],[103.7426019,1.3403727],[103.7422548,1.3406327],[103.7423936,1.3408178]]]}},{"type":"Feature","id":"way/734156654-0","properties":{"building:levels":"4","building:part":"yes"},"geometry":{"type":"Polygon","coordinates":[[[103.7392811,1.3391573],[103.7393696,1.3392451],[103.7394091,1.3392069],[103.7394099,1.3389332],[103.7393402,1.338933],[103.7393407,1.3387665],[103.7393279,1.3387665],[103.7393281,1.3386865],[103.739268,1.3386863],[103.739268,1.3387059],[103.7392305,1.3387058],[103.7392304,1.3387253],[103.7392034,1.3387252],[103.7392032,1.3388104],[103.7392224,1.3388104],[103.7392224,1.3388322],[103.7392031,1.3388322],[103.7392028,1.3389129],[103.7392228,1.338913],[103.7392227,1.3389334],[103.7392693,1.3389335],[103.739269,1.3390514],[103.7392912,1.3390514],[103.7392911,1.3390772],[103.739271,1.3390772],[103.7392704,1.3391493],[103.7392811,1.3391573]]]}},{"type":"Feature","id":"way/734156655-0","properties":{"building:levels":"10","building:part":"yes"},"geometry":{"type":"Polygon","coordinates":[[[103.7392636,1.3391727],[103.7392535,1.3391622],[103.7390626,1.3391545],[103.7390611,1.3391893],[103.7390411,1.3391885],[103.7390315,1.3391955],[103.7390206,1.339182],[103.7389723,1.3392209],[103.7389644,1.3392111],[103.7388971,1.3392652],[103.7389104,1.3392818],[103.738894,1.339295],[103.7388808,1.3392786],[103.7388137,1.3393325],[103.7388251,1.3393468],[103.7387854,1.3393787],[103.7387723,1.3393625],[103.7387104,1.3394123],[103.7387218,1.3394264],[103.7387018,1.3394425],[103.7386878,1.339425],[103.7386241,1.3394762],[103.7386425,1.339499],[103.7386307,1.3395085],[103.7386594,1.3395442],[103.7386433,1.3395571],[103.7386857,1.3396098],[103.7388648,1.3394659],[103.7388909,1.3394983],[103.7389152,1.3394788],[103.7388896,1.339447],[103.7390663,1.339305],[103.7393119,1.3393055],[103.7393696,1.3392451],[103.7392811,1.3391573],[103.7392636,1.3391727]]]}},{"type":"Feature","id":"way/734156656-0","properties":{"building:levels":"4","building:min_level":"3","building:part":"yes"},"geometry":{"type":"Polygon","coordinates":[[[103.741748,1.3391802],[103.7417771,1.3391583],[103.7415378,1.3388537],[103.7413776,1.3389628],[103.7413762,1.3389864],[103.7413497,1.3389867],[103.7413494,1.3390199],[103.7414188,1.3390189],[103.7414771,1.3390212],[103.7414791,1.3390051],[103.7415227,1.3390219],[103.741573,1.3390548],[103.7416072,1.3391024],[103.741624,1.3391479],[103.7416287,1.3392029],[103.7416186,1.3392525],[103.7416381,1.3392634],[103.741648,1.3392545],[103.741748,1.3391802]]]}},{"type":"Feature","id":"way/734156657-0","properties":{"building:levels":"3","building:part":"yes"},"geometry":{"type":"Polygon","coordinates":[[[103.7416381,1.3392634],[103.741648,1.3392545],[103.74166,1.339268],[103.7416788,1.3392748],[103.7417042,1.3392775],[103.7417269,1.3392682],[103.7417436,1.3392526],[103.7417549,1.3392235],[103.7417561,1.3392019],[103.741748,1.3391802],[103.7417771,1.3391583],[103.7415378,1.3388537],[103.7413776,1.3389628],[103.7413762,1.3389864],[103.7413497,1.3389867],[103.7413494,1.3390199],[103.7414188,1.3390189],[103.7414185,1.3390398],[103.741472,1.3390316],[103.7415066,1.3390628],[103.7415496,1.3390889],[103.7415616,1.3391285],[103.7415824,1.3391794],[103.741575,1.3392156],[103.7415737,1.3392713],[103.7415389,1.339308],[103.7415663,1.3393356],[103.7415995,1.3392977],[103.7416381,1.3392634]]]}},{"type":"Feature","id":"way/734156658-0","properties":{"building:levels":"1","building:part":"yes","roof:levels":"2","roof:orientation":"160","roof:shape":"gabled"},"geometry":{"type":"Polygon","coordinates":[[[103.741472,1.3390316],[103.7414185,1.3390398],[103.7414201,1.3392029],[103.7415066,1.3390628],[103.741472,1.3390316]]]}},{"type":"Feature","id":"way/734156659-0","properties":{"building:levels":"1","building:part":"yes","roof:levels":"2","roof:orientation":"130","roof:shape":"gabled"},"geometry":{"type":"Polygon","coordinates":[[[103.7415496,1.3390889],[103.7415066,1.3390628],[103.7414201,1.3392029],[103.7415616,1.3391285],[103.7415496,1.3390889]]]}},{"type":"Feature","id":"way/734156660-0","properties":{"building:levels":"1","building:part":"yes","roof:levels":"2","roof:orientation":"95","roof:shape":"gabled"},"geometry":{"type":"Polygon","coordinates":[[[103.7415824,1.3391794],[103.7415616,1.3391285],[103.7414201,1.3392029],[103.741575,1.3392156],[103.7415824,1.3391794]]]}},{"type":"Feature","id":"way/734156661-0","properties":{"building:levels":"1","building:part":"yes","roof:levels":"2","roof:orientation":"65","roof:shape":"gabled"},"geometry":{"type":"Polygon","coordinates":[[[103.7415737,1.3392713],[103.741575,1.3392156],[103.7414201,1.3392029],[103.7415389,1.339308],[103.7415737,1.3392713]]]}},{"type":"Feature","id":"way/734156662-0","properties":{"building:levels":"1","building:part":"yes","roof:levels":"2","roof:orientation":"35","roof:shape":"gabled"},"geometry":{"type":"Polygon","coordinates":[[[103.7414561,1.3393419],[103.7415133,1.3393477],[103.7415389,1.339308],[103.7414201,1.3392029],[103.7414561,1.3393419]]]}},{"type":"Feature","id":"way/734156663-0","properties":{"building:levels":"1","building:part":"yes","roof:levels":"2","roof:orientation":"353","roof:shape":"gabled"},"geometry":{"type":"Polygon","coordinates":[[[103.7414028,1.3393589],[103.7414561,1.3393419],[103.7414201,1.3392029],[103.7413565,1.3393269],[103.7414028,1.3393589]]]}},{"type":"Feature","id":"way/734156664-0","properties":{"building:levels":"1","building:part":"yes","roof:levels":"2","roof:orientation":"315","roof:shape":"gabled"},"geometry":{"type":"Polygon","coordinates":[[[103.7414201,1.3392029],[103.741294,1.3392501],[103.7413093,1.3393031],[103.7413565,1.3393269],[103.7414201,1.3392029]]]}},{"type":"Feature","id":"way/734156665-0","properties":{"building:levels":"1","building:part":"yes","roof:levels":"2","roof:orientation":"270","roof:shape":"gabled"},"geometry":{"type":"Polygon","coordinates":[[[103.7412849,1.3391611],[103.7412674,1.3392103],[103.741294,1.3392501],[103.7414201,1.3392029],[103.7412849,1.3391611]]]}},{"type":"Feature","id":"way/734156666-0","properties":{"building:levels":"1","building:part":"yes","roof:levels":"2","roof:orientation":"230","roof:shape":"gabled"},"geometry":{"type":"Polygon","coordinates":[[[103.7414201,1.3392029],[103.741336,1.3390711],[103.741284,1.3391012],[103.7412849,1.3391611],[103.7414201,1.3392029]]]}},{"type":"Feature","id":"way/734156667-0","properties":{"building:levels":"1","building:part":"yes","roof:levels":"2","roof:orientation":"200","roof:shape":"gabled"},"geometry":{"type":"Polygon","coordinates":[[[103.7413595,1.339034],[103.741336,1.3390711],[103.7414201,1.3392029],[103.7414185,1.3390398],[103.7413595,1.339034]]]}},{"type":"Feature","id":"way/734156668-0","properties":{"building":"yes"},"geometry":{"type":"Polygon","coordinates":[[[103.7417749,1.3418884],[103.7417749,1.3418294],[103.7416347,1.3418294],[103.7416347,1.3418884],[103.7417749,1.3418884]]]}},{"type":"Feature","id":"way/734156669-0","properties":{"building":"yes"},"geometry":{"type":"Polygon","coordinates":[[[103.7417728,1.3420888],[103.7417721,1.3420036],[103.7415321,1.3420056],[103.7415328,1.3420909],[103.7417728,1.3420888]]]}},{"type":"Feature","id":"way/734156674-0","properties":{"building":"yes"},"geometry":{"type":"Polygon","coordinates":[[[103.7413158,1.3388424],[103.7413418,1.3388137],[103.741343,1.3387596],[103.7413183,1.3387297],[103.7412472,1.3387281],[103.7412212,1.3387569],[103.74122,1.3388109],[103.7412447,1.3388408],[103.7413158,1.3388424]]]}},{"type":"Feature","id":"way/734156675-0","properties":{"building":"yes"},"geometry":{"type":"Polygon","coordinates":[[[103.7406564,1.3387377],[103.7405852,1.3387395],[103.7405885,1.3388735],[103.7406597,1.3388717],[103.7406564,1.3387377]]]}},{"type":"Feature","id":"way/734861228-0","properties":{"building:levels":"22","building:part":"yes"},"geometry":{"type":"Polygon","coordinates":[[[103.7432879,1.3387225],[103.7432588,1.3386847],[103.7432392,1.3386991],[103.7432227,1.3386765],[103.7430431,1.3388079],[103.7430641,1.3388366],[103.7430455,1.3388502],[103.7430682,1.3388812],[103.7430916,1.3388641],[103.7431118,1.3388916],[103.7430881,1.3389089],[103.7431139,1.3389442],[103.7431343,1.3389293],[103.7431531,1.3389549],[103.7432075,1.3389151],[103.7431888,1.3388896],[103.7432248,1.3388632],[103.7432039,1.3388346],[103.7432146,1.3388268],[103.7432222,1.3388372],[103.7432734,1.3388424],[103.7432879,1.3387225]]]}},{"type":"Feature","id":"way/734861230-0","properties":{"building:levels":"10","building:part":"yes"},"geometry":{"type":"Polygon","coordinates":[[[103.7426979,1.3391002],[103.7426804,1.3391975],[103.7428843,1.3394673],[103.7429726,1.3394004],[103.7429187,1.3393294],[103.7429093,1.3393364],[103.7428875,1.3393077],[103.7428986,1.3392993],[103.742834,1.3392141],[103.742821,1.339224],[103.7427835,1.3391758],[103.7427987,1.3391771],[103.7428072,1.3391199],[103.7426979,1.3391002]]]}},{"type":"Feature","id":"way/734861231-0","properties":{"building:levels":"16","building:part":"yes"},"geometry":{"type":"Polygon","coordinates":[[[103.7427981,1.3390498],[103.7427099,1.3390339],[103.7426979,1.3391002],[103.7428072,1.3391199],[103.7428192,1.3390536],[103.7427981,1.3390498]]]}},{"type":"Feature","id":"way/734861232-0","properties":{"building:levels":"18","building:part":"yes"},"geometry":{"type":"Polygon","coordinates":[[[103.7428317,1.3389228],[103.7427616,1.3389734],[103.7428094,1.3390387],[103.7428322,1.3390698],[103.7428739,1.3390393],[103.742862,1.3390231],[103.7428906,1.3390024],[103.7428317,1.3389228]]]}},{"type":"Feature","id":"way/734861233-0","properties":{"building:levels":"16","building:part":"yes"},"geometry":{"type":"Polygon","coordinates":[[[103.7427099,1.3390339],[103.7427981,1.3390498],[103.7428094,1.3390387],[103.7427616,1.3389734],[103.7427155,1.3390027],[103.7427099,1.3390339]]]}},{"type":"Feature","id":"way/734861234-0","properties":{"building:levels":"16","building:part":"yes"},"geometry":{"type":"Polygon","coordinates":[[[103.7428906,1.3390024],[103.7429422,1.3389641],[103.7429264,1.3389427],[103.7429681,1.3389118],[103.7429826,1.3389313],[103.7430402,1.3388865],[103.7430251,1.3388657],[103.7430455,1.3388502],[103.7430641,1.3388366],[103.7430431,1.3388079],[103.7430281,1.338821],[103.743006,1.3387912],[103.7428317,1.3389228],[103.7428906,1.3390024]]]}},{"type":"Feature","id":"way/75237303-0-4-0","properties":{"highway":"primary","lanes":"3","maxheight":"4.5","maxspeed":"70","name":"Boon Lay Way","name:en":"Boon Lay Way","name:zh":"\u6587\u793c\u5927\u9053","note":"Part of it estimated ???","oneway":"yes","source":"Yahoo aerial images","surface":"asphalt"},"geometry":{"type":"LineString","coordinates":[[103.7388304,1.3378955],[103.7386879,1.3380022]]}},{"type":"Feature","id":"way/373711388-0-0-0","properties":{"highway":"service","lanes":"2","lanes:backward":"1","lanes:forward":"1","service":"parking_aisle"},"geometry":{"type":"LineString","coordinates":[[103.739541,1.3392237],[103.7395197,1.3389445]]}},{"type":"Feature","id":"way/373711388-0-1-0","properties":{"highway":"service","lanes":"2","lanes:backward":"1","lanes:forward":"1","service":"parking_aisle"},"geometry":{"type":"LineString","coordinates":[[103.7395197,1.3389445],[103.7394878,1.33885]]}},{"type":"Feature","id":"way/373711388-0-2-0","properties":{"highway":"service","lanes":"2","lanes:backward":"1","lanes:forward":"1","service":"parking_aisle"},"geometry":{"type":"LineString","coordinates":[[103.7394878,1.33885],[103.7394479,1.3387322]]}},{"type":"Feature","id":"way/373711388-0-3-0","properties":{"highway":"service","lanes":"2","lanes:backward":"1","lanes:forward":"1","service":"parking_aisle"},"geometry":{"type":"LineString","coordinates":[[103.7394479,1.3387322],[103.739451,1.3385842]]}},{"type":"Feature","id":"way/373711390-0-0-0","properties":{"highway":"service","lanes":"2","lanes:backward":"1","lanes:forward":"1","service":"parking_aisle"},"geometry":{"type":"LineString","coordinates":[[103.7398172,1.338307],[103.7402347,1.3383149]]}},{"type":"Feature","id":"way/373711401-0-0-0","properties":{"highway":"service","lanes":"2","lanes:backward":"1","lanes:forward":"1","service":"parking_aisle"},"geometry":{"type":"LineString","coordinates":[[103.7392927,1.3385917],[103.7392308,1.3386276]]}},{"type":"Feature","id":"way/373711401-0-1-0","properties":{"highway":"service","lanes":"2","lanes:backward":"1","lanes:forward":"1","service":"parking_aisle"},"geometry":{"type":"LineString","coordinates":[[103.7392308,1.3386276],[103.7391094,1.3387192]]}},{"type":"Feature","id":"way/373711401-0-2-0","properties":{"highway":"service","lanes":"2","lanes:backward":"1","lanes:forward":"1","service":"parking_aisle"},"geometry":{"type":"LineString","coordinates":[[103.7391094,1.3387192],[103.7390953,1.3387383]]}},{"type":"Feature","id":"way/373711797-0-0-0","properties":{"highway":"service","lanes":"2","lanes:backward":"1","lanes:forward":"1","service":"parking_aisle","sidewalk":"both","turn:lanes:backward":"left;right","turn:lanes:forward":"through;right"},"geometry":{"type":"LineString","coordinates":[[103.7411843,1.3395701],[103.7411789,1.3396434]]}},{"type":"Feature","id":"way/373711797-0-1-0","properties":{"highway":"service","lanes":"2","lanes:backward":"1","lanes:forward":"1","service":"parking_aisle","sidewalk":"both","turn:lanes:backward":"left;right","turn:lanes:forward":"through;right"},"geometry":{"type":"LineString","coordinates":[[103.7411789,1.3396434],[103.7411763,1.3396627]]}},{"type":"Feature","id":"way/373711797-0-2-0","properties":{"highway":"service","lanes":"2","lanes:backward":"1","lanes:forward":"1","service":"parking_aisle","sidewalk":"both","turn:lanes:backward":"left;right","turn:lanes:forward":"through;right"},"geometry":{"type":"LineString","coordinates":[[103.7411763,1.3396627],[103.7411724,1.3396926]]}},{"type":"Feature","id":"way/373711800-0-0-0","properties":{"highway":"service","lanes":"2","lanes:backward":"1","lanes:forward":"1","service":"parking_aisle"},"geometry":{"type":"LineString","coordinates":[[103.7404847,1.3401679],[103.7408908,1.34017]]}},{"type":"Feature","id":"way/373711801-0-0-0","properties":{"highway":"service","lanes":"1","oneway":"yes","service":"driveway","turn:lanes":"right"},"geometry":{"type":"LineString","coordinates":[[103.7411412,1.3400207],[103.7411385,1.3401689]]}},{"type":"Feature","id":"way/373711802-0-0-0","properties":{"highway":"service","service":"parking_aisle"},"geometry":{"type":"LineString","coordinates":[[103.7404847,1.3401679],[103.7404821,1.3400964]]}},{"type":"Feature","id":"way/373711802-0-1-0","properties":{"highway":"service","service":"parking_aisle"},"geometry":{"type":"LineString","coordinates":[[103.7404821,1.3400964],[103.7404827,1.3397975]]}},{"type":"Feature","id":"way/373711802-0-2-0","properties":{"highway":"service","service":"parking_aisle"},"geometry":{"type":"LineString","coordinates":[[103.7404827,1.3397975],[103.7404865,1.3397645]]}},{"type":"Feature","id":"way/373711802-0-3-0","properties":{"highway":"service","service":"parking_aisle"},"geometry":{"type":"LineString","coordinates":[[103.7404865,1.3397645],[103.7404912,1.3396915]]}},{"type":"Feature","id":"way/373711802-0-4-0","properties":{"highway":"service","service":"parking_aisle"},"geometry":{"type":"LineString","coordinates":[[103.7404912,1.3396915],[103.7405223,1.3396661]]}},{"type":"Feature","id":"way/373711802-0-5-0","properties":{"highway":"service","service":"parking_aisle"},"geometry":{"type":"LineString","coordinates":[[103.7405223,1.3396661],[103.7405522,1.3396566]]}},{"type":"Feature","id":"way/373711802-0-6-0","properties":{"highway":"service","service":"parking_aisle"},"geometry":{"type":"LineString","coordinates":[[103.7405522,1.3396566],[103.7406045,1.3396492]]}},{"type":"Feature","id":"way/373711802-0-7-0","properties":{"highway":"service","service":"parking_aisle"},"geometry":{"type":"LineString","coordinates":[[103.7406045,1.3396492],[103.7410517,1.3396792]]}},{"type":"Feature","id":"way/373711803-0-0-0","properties":{"highway":"service","lanes":"2","lanes:backward":"1","lanes:forward":"1","service":"parking_aisle"},"geometry":{"type":"LineString","coordinates":[[103.7398759,1.3415934],[103.7396949,1.3415875]]}},{"type":"Feature","id":"way/373711803-0-1-0","properties":{"highway":"service","lanes":"2","lanes:backward":"1","lanes:forward":"1","service":"parking_aisle"},"geometry":{"type":"LineString","coordinates":[[103.7396949,1.3415875],[103.739638,1.3416093]]}},{"type":"Feature","id":"way/373711803-0-2-0","properties":{"highway":"service","lanes":"2","lanes:backward":"1","lanes:forward":"1","service":"parking_aisle"},"geometry":{"type":"LineString","coordinates":[[103.739638,1.3416093],[103.739606,1.341684]]}},{"type":"Feature","id":"way/373711804-0-1-0","properties":{"highway":"service","lanes":"1","oneway":"yes","service":"parking_aisle","turn:lanes":"through"},"geometry":{"type":"LineString","coordinates":[[103.7392841,1.3423785],[103.7393566,1.3423008]]}},{"type":"Feature","id":"way/373711805-0-0-0","properties":{"highway":"service","lanes":"1","oneway":"yes","service":"driveway","turn:lanes":"left"},"geometry":{"type":"LineString","coordinates":[[103.7412639,1.3400891],[103.7411989,1.3400563]]}},{"type":"Feature","id":"way/373711805-0-1-0","properties":{"highway":"service","lanes":"1","oneway":"yes","service":"driveway","turn:lanes":"left"},"geometry":{"type":"LineString","coordinates":[[103.7411989,1.3400563],[103.7411412,1.3400207]]}},{"type":"Feature","id":"way/373711808-0-0-0","properties":{"highway":"service","lanes":"1","oneway":"yes","service":"parking_aisle"},"geometry":{"type":"LineString","coordinates":[[103.7409621,1.3400167],[103.7409192,1.3400167]]}},{"type":"Feature","id":"way/373711808-0-1-0","properties":{"highway":"service","lanes":"1","oneway":"yes","service":"parking_aisle"},"geometry":{"type":"LineString","coordinates":[[103.7409192,1.3400167],[103.7408944,1.3400234]]}},{"type":"Feature","id":"way/373711808-0-2-0","properties":{"highway":"service","lanes":"1","oneway":"yes","service":"parking_aisle"},"geometry":{"type":"LineString","coordinates":[[103.7408944,1.3400234],[103.7408891,1.3400395]]}},{"type":"Feature","id":"way/373711808-0-3-0","properties":{"highway":"service","lanes":"1","oneway":"yes","service":"parking_aisle"},"geometry":{"type":"LineString","coordinates":[[103.7408891,1.3400395],[103.7408908,1.34017]]}},{"type":"Feature","id":"way/373711809-0-0-0","properties":{"highway":"service","lanes":"1","oneway":"yes","service":"parking_aisle"},"geometry":{"type":"LineString","coordinates":[[103.7401929,1.342077],[103.7402142,1.3420518]]}},{"type":"Feature","id":"way/373711809-0-1-0","properties":{"highway":"service","lanes":"1","oneway":"yes","service":"parking_aisle"},"geometry":{"type":"LineString","coordinates":[[103.7402142,1.3420518],[103.7402201,1.3420155]]}},{"type":"Feature","id":"way/373711809-0-2-0","properties":{"highway":"service","lanes":"1","oneway":"yes","service":"parking_aisle"},"geometry":{"type":"LineString","coordinates":[[103.7402201,1.3420155],[103.7402095,1.3419916]]}},{"type":"Feature","id":"way/373711809-0-3-0","properties":{"highway":"service","lanes":"1","oneway":"yes","service":"parking_aisle"},"geometry":{"type":"LineString","coordinates":[[103.7402095,1.3419916],[103.7401519,1.3419711]]}},{"type":"Feature","id":"way/373711810-0-0-0","properties":{"highway":"service","service":"parking_aisle"},"geometry":{"type":"LineString","coordinates":[[103.7417498,1.3404617],[103.7417447,1.3407919]]}},{"type":"Feature","id":"way/373711810-0-1-0","properties":{"highway":"service","service":"parking_aisle"},"geometry":{"type":"LineString","coordinates":[[103.7417447,1.3407919],[103.7417356,1.3408316]]}},{"type":"Feature","id":"way/373711810-0-2-0","properties":{"highway":"service","service":"parking_aisle"},"geometry":{"type":"LineString","coordinates":[[103.7417356,1.3408316],[103.7417136,1.3408478]]}},{"type":"Feature","id":"way/374643847-0-0-0","properties":{"highway":"service","lanes":"2","lanes:backward":"1","lanes:forward":"1","service":"parking_aisle"},"geometry":{"type":"LineString","coordinates":[[103.7420838,1.3386211],[103.7418438,1.3383094]]}},{"type":"Feature","id":"way/374643847-0-1-0","properties":{"highway":"service","lanes":"2","lanes:backward":"1","lanes:forward":"1","service":"parking_aisle"},"geometry":{"type":"LineString","coordinates":[[103.7418438,1.3383094],[103.7418196,1.3382351]]}},{"type":"Feature","id":"way/374643847-0-2-0","properties":{"highway":"service","lanes":"2","lanes:backward":"1","lanes:forward":"1","service":"parking_aisle"},"geometry":{"type":"LineString","coordinates":[[103.7418196,1.3382351],[103.7418237,1.3382149]]}},{"type":"Feature","id":"way/374643847-0-3-0","properties":{"highway":"service","lanes":"2","lanes:backward":"1","lanes:forward":"1","service":"parking_aisle"},"geometry":{"type":"LineString","coordinates":[[103.7418237,1.3382149],[103.7418585,1.3381466]]}},{"type":"Feature","id":"way/374643847-0-4-0","properties":{"highway":"service","lanes":"2","lanes:backward":"1","lanes:forward":"1","service":"parking_aisle"},"geometry":{"type":"LineString","coordinates":[[103.7418585,1.3381466],[103.7419444,1.3380728]]}},{"type":"Feature","id":"way/374643847-0-5-0","properties":{"highway":"service","lanes":"2","lanes:backward":"1","lanes:forward":"1","service":"parking_aisle"},"geometry":{"type":"LineString","coordinates":[[103.7419444,1.3380728],[103.7422636,1.3378395]]}},{"type":"Feature","id":"way/374643865-0-1-0","properties":{"highway":"service","lanes":"2","lanes:backward":"1","lanes:forward":"1","service":"driveway","sidewalk":"left"},"geometry":{"type":"LineString","coordinates":[[103.7431452,1.3378966],[103.7430886,1.3379326]]}},{"type":"Feature","id":"way/374643865-0-2-0","properties":{"highway":"service","lanes":"2","lanes:backward":"1","lanes:forward":"1","service":"driveway","sidewalk":"left"},"geometry":{"type":"LineString","coordinates":[[103.7430886,1.3379326],[103.7430294,1.3379739]]}},{"type":"Feature","id":"way/374643865-0-3-0","properties":{"highway":"service","lanes":"2","lanes:backward":"1","lanes:forward":"1","service":"driveway","sidewalk":"left"},"geometry":{"type":"LineString","coordinates":[[103.7430294,1.3379739],[103.7428889,1.338072]]}},{"type":"Feature","id":"way/374643865-0-4-0","properties":{"highway":"service","lanes":"2","lanes:backward":"1","lanes:forward":"1","service":"driveway","sidewalk":"left"},"geometry":{"type":"LineString","coordinates":[[103.7428889,1.338072],[103.7428453,1.3380815]]}},{"type":"Feature","id":"way/374643867-0-0-0","properties":{"highway":"service","oneway":"yes","service":"parking_aisle"},"geometry":{"type":"LineString","coordinates":[[103.7428453,1.3380815],[103.7427736,1.3380471]]}},{"type":"Feature","id":"way/374643867-0-1-0","properties":{"highway":"service","oneway":"yes","service":"parking_aisle"},"geometry":{"type":"LineString","coordinates":[[103.7427736,1.3380471],[103.7426928,1.3380318]]}},{"type":"Feature","id":"way/374643867-0-2-0","properties":{"highway":"service","oneway":"yes","service":"parking_aisle"},"geometry":{"type":"LineString","coordinates":[[103.7426928,1.3380318],[103.7426108,1.3380364]]}},{"type":"Feature","id":"way/374643867-0-3-0","properties":{"highway":"service","oneway":"yes","service":"parking_aisle"},"geometry":{"type":"LineString","coordinates":[[103.7426108,1.3380364],[103.7421242,1.3383832]]}},{"type":"Feature","id":"way/374643867-0-4-0","properties":{"highway":"service","oneway":"yes","service":"parking_aisle"},"geometry":{"type":"LineString","coordinates":[[103.7421242,1.3383832],[103.7422194,1.3385195]]}},{"type":"Feature","id":"way/465270707-0-0-0","properties":{"highway":"service","lanes":"2","lanes:backward":"1","lanes:forward":"1","service":"driveway"},"geometry":{"type":"LineString","coordinates":[[103.7426772,1.3389926],[103.7426524,1.3390388]]}},{"type":"Feature","id":"way/465270707-0-1-0","properties":{"highway":"service","lanes":"2","lanes:backward":"1","lanes:forward":"1","service":"driveway"},"geometry":{"type":"LineString","coordinates":[[103.7426524,1.3390388],[103.7426223,1.339213]]}},{"type":"Feature","id":"way/465270707-0-2-0","properties":{"highway":"service","lanes":"2","lanes:backward":"1","lanes:forward":"1","service":"driveway"},"geometry":{"type":"LineString","coordinates":[[103.7426223,1.339213],[103.7426352,1.3392538]]}},{"type":"Feature","id":"way/465270707-0-3-0","properties":{"highway":"service","lanes":"2","lanes:backward":"1","lanes:forward":"1","service":"driveway"},"geometry":{"type":"LineString","coordinates":[[103.7426352,1.3392538],[103.7428309,1.339528]]}},{"type":"Feature","id":"way/465270711-0-0-0","properties":{"highway":"service","lanes":"1","oneway":"yes","service":"parking_aisle","turn:lanes":"left;right"},"geometry":{"type":"LineString","coordinates":[[103.7422194,1.3385195],[103.7428453,1.3380815]]}},{"type":"Feature","id":"way/465270712-0-0-0","properties":{"highway":"service","lanes":"2","lanes:backward":"1","lanes:forward":"1","service":"parking_aisle"},"geometry":{"type":"LineString","coordinates":[[103.7420838,1.3386211],[103.7422194,1.3385195]]}},{"type":"Feature","id":"way/465270714-0-0-0","properties":{"highway":"service","lanes":"1","oneway":"yes","service":"parking_aisle","turn:lanes":"through;right"},"geometry":{"type":"LineString","coordinates":[[103.7408908,1.34017],[103.7411385,1.3401689]]}},{"type":"Feature","id":"way/465270715-0-0-0","properties":{"highway":"service","lanes":"2","lanes:backward":"1","lanes:forward":"1","service":"parking_aisle","turn:lanes:backward":"through","turn:lanes:forward":"through"},"geometry":{"type":"LineString","coordinates":[[103.7414436,1.3401159],[103.7415952,1.3401172]]}},{"type":"Feature","id":"way/465270716-0-0-0","properties":{"highway":"service","service":"parking_aisle"},"geometry":{"type":"LineString","coordinates":[[103.7403634,1.3381143],[103.740354,1.3380934]]}},{"type":"Feature","id":"way/465270716-0-1-0","properties":{"highway":"service","service":"parking_aisle"},"geometry":{"type":"LineString","coordinates":[[103.740354,1.3380934],[103.7402219,1.3380256]]}},{"type":"Feature","id":"way/465270716-0-2-0","properties":{"highway":"service","service":"parking_aisle"},"geometry":{"type":"LineString","coordinates":[[103.7402219,1.3380256],[103.7400758,1.3380083]]}},{"type":"Feature","id":"way/465270716-0-3-0","properties":{"highway":"service","service":"parking_aisle"},"geometry":{"type":"LineString","coordinates":[[103.7400758,1.3380083],[103.7399185,1.3380405]]}},{"type":"Feature","id":"way/465270716-0-4-0","properties":{"highway":"service","service":"parking_aisle"},"geometry":{"type":"LineString","coordinates":[[103.7399185,1.3380405],[103.73976,1.3381131]]}},{"type":"Feature","id":"way/465270717-0-0-0","properties":{"highway":"service","service":"parking_aisle"},"geometry":{"type":"LineString","coordinates":[[103.7402356,1.3384833],[103.7402393,1.3384668]]}},{"type":"Feature","id":"way/465270717-0-1-0","properties":{"highway":"service","service":"parking_aisle"},"geometry":{"type":"LineString","coordinates":[[103.7402393,1.3384668],[103.7402347,1.3383149]]}},{"type":"Feature","id":"way/465270718-0-0-0","properties":{"highway":"service","service":"parking_aisle"},"geometry":{"type":"LineString","coordinates":[[103.7398207,1.3384809],[103.739837,1.338487]]}},{"type":"Feature","id":"way/465270718-0-1-0","properties":{"highway":"service","service":"parking_aisle"},"geometry":{"type":"LineString","coordinates":[[103.739837,1.338487],[103.7402245,1.3384923]]}},{"type":"Feature","id":"way/465270718-0-2-0","properties":{"highway":"service","service":"parking_aisle"},"geometry":{"type":"LineString","coordinates":[[103.7402245,1.3384923],[103.7402356,1.3384833]]}},{"type":"Feature","id":"way/465270719-0-0-0","properties":{"highway":"service","service":"parking_aisle"},"geometry":{"type":"LineString","coordinates":[[103.73976,1.3381131],[103.7398034,1.3382159]]}},{"type":"Feature","id":"way/465270719-0-1-0","properties":{"highway":"service","service":"parking_aisle"},"geometry":{"type":"LineString","coordinates":[[103.7398034,1.3382159],[103.7398172,1.338307]]}},{"type":"Feature","id":"way/465270720-0-2-0","properties":{"highway":"service","service":"parking_aisle"},"geometry":{"type":"LineString","coordinates":[[103.7386796,1.3392364],[103.7387027,1.3392505]]}},{"type":"Feature","id":"way/465270720-0-3-0","properties":{"highway":"service","service":"parking_aisle"},"geometry":{"type":"LineString","coordinates":[[103.7387027,1.3392505],[103.7387247,1.3392517]]}},{"type":"Feature","id":"way/465270721-0-0-0","properties":{"highway":"service","service":"parking_aisle"},"geometry":{"type":"LineString","coordinates":[[103.7387247,1.3392517],[103.7390891,1.3389611]]}},{"type":"Feature","id":"way/465270721-0-1-0","properties":{"highway":"service","service":"parking_aisle"},"geometry":{"type":"LineString","coordinates":[[103.7390891,1.3389611],[103.7391007,1.3389428]]}},{"type":"Feature","id":"way/465270721-0-2-0","properties":{"highway":"service","service":"parking_aisle"},"geometry":{"type":"LineString","coordinates":[[103.7391007,1.3389428],[103.7390953,1.3387383]]}},{"type":"Feature","id":"way/465270722-0-0-0","properties":{"highway":"service","service":"parking_aisle"},"geometry":{"type":"LineString","coordinates":[[103.7390953,1.3387383],[103.7390149,1.3388015]]}},{"type":"Feature","id":"way/465270722-0-1-0","properties":{"highway":"service","service":"parking_aisle"},"geometry":{"type":"LineString","coordinates":[[103.7390149,1.3388015],[103.7386166,1.3391144]]}},{"type":"Feature","id":"way/465506955-0-0-0","properties":{"highway":"service","service":"driveway","sidewalk":"left"},"geometry":{"type":"LineString","coordinates":[[103.7424807,1.3417654],[103.7421729,1.3419522]]}},{"type":"Feature","id":"way/465506957-0-0-0","properties":{"highway":"service","lanes":"2","lanes:backward":"1","lanes:forward":"1","service":"driveway","surface":"asphalt","turn:lanes:backward":"left;right","turn:lanes:forward":"left;right"},"geometry":{"type":"LineString","coordinates":[[103.7422644,1.3413816],[103.7422697,1.3414688]]}},{"type":"Feature","id":"way/465506957-0-1-0","properties":{"highway":"service","lanes":"2","lanes:backward":"1","lanes:forward":"1","service":"driveway","surface":"asphalt","turn:lanes:backward":"left;right","turn:lanes:forward":"left;right"},"geometry":{"type":"LineString","coordinates":[[103.7422697,1.3414688],[103.7422815,1.3415001]]}},{"type":"Feature","id":"way/465506957-0-2-0","properties":{"highway":"service","lanes":"2","lanes:backward":"1","lanes:forward":"1","service":"driveway","surface":"asphalt","turn:lanes:backward":"left;right","turn:lanes:forward":"left;right"},"geometry":{"type":"LineString","coordinates":[[103.7422815,1.3415001],[103.742314,1.3415867]]}},{"type":"Feature","id":"way/465506957-0-3-0","properties":{"highway":"service","lanes":"2","lanes:backward":"1","lanes:forward":"1","service":"driveway","surface":"asphalt","turn:lanes:backward":"left;right","turn:lanes:forward":"left;right"},"geometry":{"type":"LineString","coordinates":[[103.742314,1.3415867],[103.7424807,1.3417654]]}},{"type":"Feature","id":"way/465506958-0-0-0","properties":{"highway":"service","service":"driveway","sidewalk":"right"},"geometry":{"type":"LineString","coordinates":[[103.7424807,1.3417654],[103.7425792,1.3417423]]}},{"type":"Feature","id":"way/465506958-0-1-0","properties":{"highway":"service","service":"driveway","sidewalk":"right"},"geometry":{"type":"LineString","coordinates":[[103.7425792,1.3417423],[103.7426306,1.3417186]]}},{"type":"Feature","id":"way/465506958-0-2-0","properties":{"highway":"service","service":"driveway","sidewalk":"right"},"geometry":{"type":"LineString","coordinates":[[103.7426306,1.3417186],[103.7427403,1.341651]]}},{"type":"Feature","id":"way/465506958-0-3-0","properties":{"highway":"service","service":"driveway","sidewalk":"right"},"geometry":{"type":"LineString","coordinates":[[103.7427403,1.341651],[103.7427968,1.341639]]}},{"type":"Feature","id":"way/465506958-0-4-0","properties":{"highway":"service","service":"driveway","sidewalk":"right"},"geometry":{"type":"LineString","coordinates":[[103.7427968,1.341639],[103.7428786,1.3416471]]}},{"type":"Feature","id":"way/465506959-0-0-0","properties":{"highway":"service","service":"parking_aisle"},"geometry":{"type":"LineString","coordinates":[[103.7428786,1.3416471],[103.7430043,1.3418348]]}},{"type":"Feature","id":"way/465506959-0-1-0","properties":{"highway":"service","service":"parking_aisle"},"geometry":{"type":"LineString","coordinates":[[103.7430043,1.3418348],[103.743034,1.3418471]]}},{"type":"Feature","id":"way/465506959-0-2-0","properties":{"highway":"service","service":"parking_aisle"},"geometry":{"type":"LineString","coordinates":[[103.743034,1.3418471],[103.7430663,1.3418576]]}},{"type":"Feature","id":"way/465506959-0-3-0","properties":{"highway":"service","service":"parking_aisle"},"geometry":{"type":"LineString","coordinates":[[103.7430663,1.3418576],[103.743095,1.3418601]]}},{"type":"Feature","id":"way/465506960-0-0-0","properties":{"highway":"service","lanes":"1","oneway":"yes","service":"parking_aisle"},"geometry":{"type":"LineString","coordinates":[[103.7393856,1.3419866],[103.7392688,1.3420412]]}},{"type":"Feature","id":"way/465506960-0-1-0","properties":{"highway":"service","lanes":"1","oneway":"yes","service":"parking_aisle"},"geometry":{"type":"LineString","coordinates":[[103.7392688,1.3420412],[103.7392119,1.3420836]]}},{"type":"Feature","id":"way/465506960-0-2-0","properties":{"highway":"service","lanes":"1","oneway":"yes","service":"parking_aisle"},"geometry":{"type":"LineString","coordinates":[[103.7392119,1.3420836],[103.7391608,1.3421399]]}},{"type":"Feature","id":"way/465506960-0-3-0","properties":{"highway":"service","lanes":"1","oneway":"yes","service":"parking_aisle"},"geometry":{"type":"LineString","coordinates":[[103.7391608,1.3421399],[103.739125,1.3422368]]}},{"type":"Feature","id":"way/465514568-0-0-0","properties":{"highway":"service","lanes":"2","lanes:backward":"1","lanes:forward":"1","service":"parking_aisle"},"geometry":{"type":"LineString","coordinates":[[103.7411724,1.3396926],[103.7415978,1.3397285]]}},{"type":"Feature","id":"way/465514568-0-1-0","properties":{"highway":"service","lanes":"2","lanes:backward":"1","lanes:forward":"1","service":"parking_aisle"},"geometry":{"type":"LineString","coordinates":[[103.7415978,1.3397285],[103.7416243,1.3397227]]}},{"type":"Feature","id":"way/465514568-0-2-0","properties":{"highway":"service","lanes":"2","lanes:backward":"1","lanes:forward":"1","service":"parking_aisle"},"geometry":{"type":"LineString","coordinates":[[103.7416243,1.3397227],[103.7419104,1.3395365]]}},{"type":"Feature","id":"way/465514569-0-0-0","properties":{"highway":"service","lanes":"2","lanes:backward":"1","lanes:forward":"1","service":"parking_aisle","turn:lanes:backward":"through","turn:lanes:forward":"through"},"geometry":{"type":"LineString","coordinates":[[103.7417546,1.3401186],[103.7417852,1.3401112]]}},{"type":"Feature","id":"way/465514569-0-1-0","properties":{"highway":"service","lanes":"2","lanes:backward":"1","lanes:forward":"1","service":"parking_aisle","turn:lanes:backward":"through","turn:lanes:forward":"through"},"geometry":{"type":"LineString","coordinates":[[103.7417852,1.3401112],[103.7418832,1.340042]]}},{"type":"Feature","id":"way/465514569-0-2-0","properties":{"highway":"service","lanes":"2","lanes:backward":"1","lanes:forward":"1","service":"parking_aisle","turn:lanes:backward":"through","turn:lanes:forward":"through"},"geometry":{"type":"LineString","coordinates":[[103.7418832,1.340042],[103.7419626,1.3399828]]}},{"type":"Feature","id":"way/465514569-0-3-0","properties":{"highway":"service","lanes":"2","lanes:backward":"1","lanes:forward":"1","service":"parking_aisle","turn:lanes:backward":"through","turn:lanes:forward":"through"},"geometry":{"type":"LineString","coordinates":[[103.7419626,1.3399828],[103.7419905,1.3399837]]}},{"type":"Feature","id":"way/465514569-0-4-0","properties":{"highway":"service","lanes":"2","lanes:backward":"1","lanes:forward":"1","service":"parking_aisle","turn:lanes:backward":"through","turn:lanes:forward":"through"},"geometry":{"type":"LineString","coordinates":[[103.7419905,1.3399837],[103.7420124,1.3400048]]}},{"type":"Feature","id":"way/465514569-0-5-0","properties":{"highway":"service","lanes":"2","lanes:backward":"1","lanes:forward":"1","service":"parking_aisle","turn:lanes:backward":"through","turn:lanes:forward":"through"},"geometry":{"type":"LineString","coordinates":[[103.7420124,1.3400048],[103.7421079,1.3401408]]}},{"type":"Feature","id":"way/465514569-0-6-0","properties":{"highway":"service","lanes":"2","lanes:backward":"1","lanes:forward":"1","service":"parking_aisle","turn:lanes:backward":"through","turn:lanes:forward":"through"},"geometry":{"type":"LineString","coordinates":[[103.7421079,1.3401408],[103.7421214,1.3401754]]}},{"type":"Feature","id":"way/465514569-0-7-0","properties":{"highway":"service","lanes":"2","lanes:backward":"1","lanes:forward":"1","service":"parking_aisle","turn:lanes:backward":"through","turn:lanes:forward":"through"},"geometry":{"type":"LineString","coordinates":[[103.7421214,1.3401754],[103.7421113,1.340205]]}},{"type":"Feature","id":"way/465514569-0-8-0","properties":{"highway":"service","lanes":"2","lanes:backward":"1","lanes:forward":"1","service":"parking_aisle","turn:lanes:backward":"through","turn:lanes:forward":"through"},"geometry":{"type":"LineString","coordinates":[[103.7421113,1.340205],[103.7419456,1.3403303]]}},{"type":"Feature","id":"way/465514569-0-9-0","properties":{"highway":"service","lanes":"2","lanes:backward":"1","lanes:forward":"1","service":"parking_aisle","turn:lanes:backward":"through","turn:lanes:forward":"through"},"geometry":{"type":"LineString","coordinates":[[103.7419456,1.3403303],[103.7417498,1.3404617]]}},{"type":"Feature","id":"way/465514570-0-0-0","properties":{"highway":"service","service":"parking_aisle"},"geometry":{"type":"LineString","coordinates":[[103.7417546,1.3401186],[103.7417498,1.3404617]]}},{"type":"Feature","id":"way/481102222-0-0-0","properties":{"cycleway":"lane","highway":"tertiary","lanes":"2","maxspeed":"50","name":"Jurong East Avenue 1","oneway":"yes","source":"Yahoo aerial images","surface":"asphalt"},"geometry":{"type":"LineString","coordinates":[[103.7422644,1.3413816],[103.7424132,1.3413427]]}},{"type":"Feature","id":"way/481102222-0-1-0","properties":{"cycleway":"lane","highway":"tertiary","lanes":"2","maxspeed":"50","name":"Jurong East Avenue 1","oneway":"yes","source":"Yahoo aerial images","surface":"asphalt"},"geometry":{"type":"LineString","coordinates":[[103.7424132,1.3413427],[103.7426265,1.341265]]}},{"type":"Feature","id":"way/481102222-0-2-0","properties":{"cycleway":"lane","highway":"tertiary","lanes":"2","maxspeed":"50","name":"Jurong East Avenue 1","oneway":"yes","source":"Yahoo aerial images","surface":"asphalt"},"geometry":{"type":"LineString","coordinates":[[103.7426265,1.341265],[103.7426935,1.3412422]]}},{"type":"Feature","id":"way/481102223-0-0-0","properties":{"highway":"tertiary","lanes":"2","maxspeed":"50","name":"Jurong East Avenue 1","oneway":"yes","source":"Yahoo aerial images","surface":"asphalt"},"geometry":{"type":"LineString","coordinates":[[103.7414476,1.3414191],[103.7417266,1.3414124]]}},{"type":"Feature","id":"way/481102224-0-0-0","properties":{"cycleway":"lane","highway":"tertiary","lanes":"2","maxspeed":"40","name":"Jurong East Avenue 1","oneway":"yes","source":"Yahoo aerial images","surface":"asphalt"},"geometry":{"type":"LineString","coordinates":[[103.7391356,1.3416417],[103.7391535,1.341633]]}},{"type":"Feature","id":"way/481102224-0-1-0","properties":{"cycleway":"lane","highway":"tertiary","lanes":"2","maxspeed":"40","name":"Jurong East Avenue 1","oneway":"yes","source":"Yahoo aerial images","surface":"asphalt"},"geometry":{"type":"LineString","coordinates":[[103.7391535,1.341633],[103.7394708,1.3414795]]}},{"type":"Feature","id":"way/481102224-0-2-0","properties":{"cycleway":"lane","highway":"tertiary","lanes":"2","maxspeed":"40","name":"Jurong East Avenue 1","oneway":"yes","source":"Yahoo aerial images","surface":"asphalt"},"geometry":{"type":"LineString","coordinates":[[103.7394708,1.3414795],[103.7396318,1.3414312]]}},{"type":"Feature","id":"way/481102224-0-3-0","properties":{"cycleway":"lane","highway":"tertiary","lanes":"2","maxspeed":"40","name":"Jurong East Avenue 1","oneway":"yes","source":"Yahoo aerial images","surface":"asphalt"},"geometry":{"type":"LineString","coordinates":[[103.7396318,1.3414312],[103.7398209,1.3414084]]}},{"type":"Feature","id":"way/481102224-0-4-0","properties":{"cycleway":"lane","highway":"tertiary","lanes":"2","maxspeed":"40","name":"Jurong East Avenue 1","oneway":"yes","source":"Yahoo aerial images","surface":"asphalt"},"geometry":{"type":"LineString","coordinates":[[103.7398209,1.3414084],[103.7403613,1.3414017]]}},{"type":"Feature","id":"way/482078521-0-0-0","properties":{"highway":"primary","lanes":"3","maxheight":"4.5","maxspeed":"70","name":"Boon Lay Way","name:en":"Boon Lay Way","name:zh":"\u6587\u793c\u5927\u9053","note":"Part of it estimated ???","oneway":"yes","source":"Yahoo aerial images","surface":"asphalt"},"geometry":{"type":"LineString","coordinates":[[103.7387243,1.3381829],[103.7389951,1.3379586]]}},{"type":"Feature","id":"way/482092103-0-0-0","properties":{"highway":"secondary","lanes":"4","maxspeed":"60","name":"Jurong East Central","oneway":"yes","source":"Yahoo aerial images","surface":"asphalt","turn:lanes":"left;through|through|through|right"},"geometry":{"type":"LineString","coordinates":[[103.7413119,1.3382934],[103.7419207,1.3391393]]}},{"type":"Feature","id":"way/482092103-0-1-0","properties":{"highway":"secondary","lanes":"4","maxspeed":"60","name":"Jurong East Central","oneway":"yes","source":"Yahoo aerial images","surface":"asphalt","turn:lanes":"left;through|through|through|right"},"geometry":{"type":"LineString","coordinates":[[103.7419207,1.3391393],[103.7419886,1.3392336]]}},{"type":"Feature","id":"way/482092104-0-0-0","properties":{"cycleway":"lane","highway":"residential","lanes":"2","lanes:backward":"1","lanes:forward":"1","maxspeed":"40","name":"Jurong East Street 21","oneway":"no","surface":"asphalt"},"geometry":{"type":"LineString","coordinates":[[103.7395289,1.3394387],[103.7393308,1.3395037]]}},{"type":"Feature","id":"way/482092104-0-1-0","properties":{"cycleway":"lane","highway":"residential","lanes":"2","lanes:backward":"1","lanes:forward":"1","maxspeed":"40","name":"Jurong East Street 21","oneway":"no","surface":"asphalt"},"geometry":{"type":"LineString","coordinates":[[103.7393308,1.3395037],[103.7392194,1.3395643]]}},{"type":"Feature","id":"way/482092104-0-2-0","properties":{"cycleway":"lane","highway":"residential","lanes":"2","lanes:backward":"1","lanes:forward":"1","maxspeed":"40","name":"Jurong East Street 21","oneway":"no","surface":"asphalt"},"geometry":{"type":"LineString","coordinates":[[103.7392194,1.3395643],[103.7391136,1.3396218]]}},{"type":"Feature","id":"way/482092104-0-3-0","properties":{"cycleway":"lane","highway":"residential","lanes":"2","lanes:backward":"1","lanes:forward":"1","maxspeed":"40","name":"Jurong East Street 21","oneway":"no","surface":"asphalt"},"geometry":{"type":"LineString","coordinates":[[103.7391136,1.3396218],[103.7390198,1.3397119]]}},{"type":"Feature","id":"way/482092104-0-4-0","properties":{"cycleway":"lane","highway":"residential","lanes":"2","lanes:backward":"1","lanes:forward":"1","maxspeed":"40","name":"Jurong East Street 21","oneway":"no","surface":"asphalt"},"geometry":{"type":"LineString","coordinates":[[103.7390198,1.3397119],[103.7389612,1.3397681]]}},{"type":"Feature","id":"way/482092105-0-0-0","properties":{"bicycle":"yes","bus":"yes","bus:conditional":"yes @ (Mo-Sa 07:30-23:00; PH off)","foot":"no","highway":"secondary","lanes":"1","maxspeed":"60","motor_vehicle":"yes","motor_vehicle:conditional":"no @ (Mo-Sa 07:30-23:00; PH off)","name":"Jurong East Central","oneway":"yes","source":"Yahoo aerial images","surface":"asphalt"},"geometry":{"type":"LineString","coordinates":[[103.7420362,1.3393032],[103.7421018,1.3393932]]}},{"type":"Feature","id":"way/482092105-0-1-0","properties":{"bicycle":"yes","bus":"yes","bus:conditional":"yes @ (Mo-Sa 07:30-23:00; PH off)","foot":"no","highway":"secondary","lanes":"1","maxspeed":"60","motor_vehicle":"yes","motor_vehicle:conditional":"no @ (Mo-Sa 07:30-23:00; PH off)","name":"Jurong East Central","oneway":"yes","source":"Yahoo aerial images","surface":"asphalt"},"geometry":{"type":"LineString","coordinates":[[103.7421018,1.3393932],[103.7427001,1.3402138]]}},{"type":"Feature","id":"way/482092662-0-0-0","properties":{"bicycle":"yes","bus":"yes","bus:conditional":"yes @ (Mo-Sa 07:30-23:00; PH off)","foot":"no","highway":"secondary","lanes":"1","maxspeed":"60","motor_vehicle":"yes","motor_vehicle:conditional":"no @ (Mo-Sa 07:30-23:00; PH off)","name":"Jurong East Central","oneway":"yes","source":"Yahoo aerial images","surface":"asphalt"},"geometry":{"type":"LineString","coordinates":[[103.7427001,1.3402138],[103.7431326,1.3408447]]}},{"type":"Feature","id":"way/482092662-0-1-0","properties":{"bicycle":"yes","bus":"yes","bus:conditional":"yes @ (Mo-Sa 07:30-23:00; PH off)","foot":"no","highway":"secondary","lanes":"1","maxspeed":"60","motor_vehicle":"yes","motor_vehicle:conditional":"no @ (Mo-Sa 07:30-23:00; PH off)","name":"Jurong East Central","oneway":"yes","source":"Yahoo aerial images","surface":"asphalt"},"geometry":{"type":"LineString","coordinates":[[103.7431326,1.3408447],[103.7431897,1.3409264]]}},{"type":"Feature","id":"way/512870468-0-0-0","properties":{"cycleway":"lane","highway":"tertiary","lanes":"3","maxspeed":"50","name":"Jurong East Avenue 1","oneway":"yes","source":"Yahoo aerial images","surface":"asphalt","turn:lanes":"left|through|right"},"geometry":{"type":"LineString","coordinates":[[103.7426935,1.3412422],[103.7428477,1.3411738]]}},{"type":"Feature","id":"way/512870468-0-1-0","properties":{"cycleway":"lane","highway":"tertiary","lanes":"3","maxspeed":"50","name":"Jurong East Avenue 1","oneway":"yes","source":"Yahoo aerial images","surface":"asphalt","turn:lanes":"left|through|right"},"geometry":{"type":"LineString","coordinates":[[103.7428477,1.3411738],[103.7431676,1.3410107]]}},{"type":"Feature","id":"way/512870470-0-0-0","properties":{"cycleway":"lane","highway":"tertiary","lanes":"2","maxspeed":"50","name":"Jurong East Avenue 1","oneway":"yes","source":"Yahoo aerial images","surface":"asphalt","turn:lanes":"through|through;right"},"geometry":{"type":"LineString","coordinates":[[103.7426307,1.3411796],[103.7425198,1.3412228]]}},{"type":"Feature","id":"way/512870470-0-1-0","properties":{"cycleway":"lane","highway":"tertiary","lanes":"2","maxspeed":"50","name":"Jurong East Avenue 1","oneway":"yes","source":"Yahoo aerial images","surface":"asphalt","turn:lanes":"through|through;right"},"geometry":{"type":"LineString","coordinates":[[103.7425198,1.3412228],[103.7423965,1.3412743]]}},{"type":"Feature","id":"way/512870470-0-2-0","properties":{"cycleway":"lane","highway":"tertiary","lanes":"2","maxspeed":"50","name":"Jurong East Avenue 1","oneway":"yes","source":"Yahoo aerial images","surface":"asphalt","turn:lanes":"through|through;right"},"geometry":{"type":"LineString","coordinates":[[103.7423965,1.3412743],[103.7422496,1.3413166]]}},{"type":"Feature","id":"way/512870471-0-0-0","properties":{"highway":"tertiary","lanes":"2","maxspeed":"50","name":"Jurong East Avenue 1","oneway":"yes","source":"Yahoo aerial images","surface":"asphalt","turn:lanes":"through|through;right"},"geometry":{"type":"LineString","coordinates":[[103.7422496,1.3413166],[103.7420826,1.3413374]]}},{"type":"Feature","id":"way/512870471-0-1-0","properties":{"highway":"tertiary","lanes":"2","maxspeed":"50","name":"Jurong East Avenue 1","oneway":"yes","source":"Yahoo aerial images","surface":"asphalt","turn:lanes":"through|through;right"},"geometry":{"type":"LineString","coordinates":[[103.7420826,1.3413374],[103.7416578,1.3413396]]}},{"type":"Feature","id":"way/512870471-0-2-0","properties":{"highway":"tertiary","lanes":"2","maxspeed":"50","name":"Jurong East Avenue 1","oneway":"yes","source":"Yahoo aerial images","surface":"asphalt","turn:lanes":"through|through;right"},"geometry":{"type":"LineString","coordinates":[[103.7416578,1.3413396],[103.741447,1.3413407]]}},{"type":"Feature","id":"way/512870472-0-0-0","properties":{"cycleway":"lane","highway":"tertiary","lanes":"2","maxspeed":"40","name":"Jurong East Avenue 1","oneway":"yes","source":"Yahoo aerial images","surface":"asphalt","turn:lanes":"left;through|through"},"geometry":{"type":"LineString","coordinates":[[103.7396989,1.3413495],[103.739609,1.3413655]]}},{"type":"Feature","id":"way/512870472-0-1-0","properties":{"cycleway":"lane","highway":"tertiary","lanes":"2","maxspeed":"40","name":"Jurong East Avenue 1","oneway":"yes","source":"Yahoo aerial images","surface":"asphalt","turn:lanes":"left;through|through"},"geometry":{"type":"LineString","coordinates":[[103.739609,1.3413655],[103.7394407,1.3414178]]}},{"type":"Feature","id":"way/512870472-0-2-0","properties":{"cycleway":"lane","highway":"tertiary","lanes":"2","maxspeed":"40","name":"Jurong East Avenue 1","oneway":"yes","source":"Yahoo aerial images","surface":"asphalt","turn:lanes":"left;through|through"},"geometry":{"type":"LineString","coordinates":[[103.7394407,1.3414178],[103.7393146,1.3414681]]}},{"type":"Feature","id":"way/512870472-0-3-0","properties":{"cycleway":"lane","highway":"tertiary","lanes":"2","maxspeed":"40","name":"Jurong East Avenue 1","oneway":"yes","source":"Yahoo aerial images","surface":"asphalt","turn:lanes":"left;through|through"},"geometry":{"type":"LineString","coordinates":[[103.7393146,1.3414681],[103.7391169,1.3415652]]}},{"type":"Feature","id":"way/512870472-0-4-0","properties":{"cycleway":"lane","highway":"tertiary","lanes":"2","maxspeed":"40","name":"Jurong East Avenue 1","oneway":"yes","source":"Yahoo aerial images","surface":"asphalt","turn:lanes":"left;through|through"},"geometry":{"type":"LineString","coordinates":[[103.7391169,1.3415652],[103.7390974,1.3415748]]}},{"type":"Feature","id":"way/524790549-0-0-0","properties":{"highway":"service","lanes":"2","lanes:backward":"1","lanes:forward":"1","service":"parking_aisle"},"geometry":{"type":"LineString","coordinates":[[103.739541,1.3392237],[103.7397555,1.3392278]]}},{"type":"Feature","id":"way/524790549-0-1-0","properties":{"highway":"service","lanes":"2","lanes:backward":"1","lanes:forward":"1","service":"parking_aisle"},"geometry":{"type":"LineString","coordinates":[[103.7397555,1.3392278],[103.7400169,1.3392328]]}},{"type":"Feature","id":"way/524790549-0-2-0","properties":{"highway":"service","lanes":"2","lanes:backward":"1","lanes:forward":"1","service":"parking_aisle"},"geometry":{"type":"LineString","coordinates":[[103.7400169,1.3392328],[103.7400439,1.3392269]]}},{"type":"Feature","id":"way/524790549-0-3-0","properties":{"highway":"service","lanes":"2","lanes:backward":"1","lanes:forward":"1","service":"parking_aisle"},"geometry":{"type":"LineString","coordinates":[[103.7400439,1.3392269],[103.7400617,1.3392075]]}},{"type":"Feature","id":"way/524790549-0-4-0","properties":{"highway":"service","lanes":"2","lanes:backward":"1","lanes:forward":"1","service":"parking_aisle"},"geometry":{"type":"LineString","coordinates":[[103.7400617,1.3392075],[103.7400642,1.3391822]]}},{"type":"Feature","id":"way/524790549-0-5-0","properties":{"highway":"service","lanes":"2","lanes:backward":"1","lanes:forward":"1","service":"parking_aisle"},"geometry":{"type":"LineString","coordinates":[[103.7400642,1.3391822],[103.7400651,1.3391154]]}},{"type":"Feature","id":"way/524790550-0-0-0","properties":{"highway":"service","service":"parking_aisle"},"geometry":{"type":"LineString","coordinates":[[103.74144,1.3408403],[103.7414353,1.3408115]]}},{"type":"Feature","id":"way/524790550-0-1-0","properties":{"highway":"service","service":"parking_aisle"},"geometry":{"type":"LineString","coordinates":[[103.7414353,1.3408115],[103.7414423,1.3401763]]}},{"type":"Feature","id":"way/524790551-0-0-0","properties":{"highway":"service","service":"parking_aisle"},"geometry":{"type":"LineString","coordinates":[[103.7417136,1.3408478],[103.741678,1.3408594]]}},{"type":"Feature","id":"way/524790551-0-1-0","properties":{"highway":"service","service":"parking_aisle"},"geometry":{"type":"LineString","coordinates":[[103.741678,1.3408594],[103.7415896,1.3408571]]}},{"type":"Feature","id":"way/524790552-0-0-0","properties":{"highway":"service","service":"parking_aisle"},"geometry":{"type":"LineString","coordinates":[[103.7415896,1.3408571],[103.7415952,1.3401172]]}},{"type":"Feature","id":"way/524793088-0-3-0","properties":{"highway":"service","service":"parking_aisle"},"geometry":{"type":"LineString","coordinates":[[103.7431502,1.3416866],[103.7430704,1.3416591]]}},{"type":"Feature","id":"way/524793088-0-4-0","properties":{"highway":"service","service":"parking_aisle"},"geometry":{"type":"LineString","coordinates":[[103.7430704,1.3416591],[103.7429416,1.3416511]]}},{"type":"Feature","id":"way/524793088-0-5-0","properties":{"highway":"service","service":"parking_aisle"},"geometry":{"type":"LineString","coordinates":[[103.7429416,1.3416511],[103.7428786,1.3416471]]}},{"type":"Feature","id":"way/524793089-0-0-0","properties":{"highway":"service","service":"parking_aisle"},"geometry":{"type":"LineString","coordinates":[[103.7416059,1.342126],[103.7418057,1.3421295]]}},{"type":"Feature","id":"way/524793089-0-1-0","properties":{"highway":"service","service":"parking_aisle"},"geometry":{"type":"LineString","coordinates":[[103.7418057,1.3421295],[103.7418666,1.342112]]}},{"type":"Feature","id":"way/524793089-0-2-0","properties":{"highway":"service","service":"parking_aisle"},"geometry":{"type":"LineString","coordinates":[[103.7418666,1.342112],[103.7419195,1.3420807]]}},{"type":"Feature","id":"way/524793090-0-0-0","properties":{"highway":"service","service":"parking_aisle"},"geometry":{"type":"LineString","coordinates":[[103.7419869,1.34186],[103.7422756,1.34241]]}},{"type":"Feature","id":"way/524793091-0-0-0","properties":{"highway":"service","service":"parking_aisle"},"geometry":{"type":"LineString","coordinates":[[103.7419195,1.3420807],[103.7418647,1.3419943]]}},{"type":"Feature","id":"way/524793091-0-1-0","properties":{"highway":"service","service":"parking_aisle"},"geometry":{"type":"LineString","coordinates":[[103.7418647,1.3419943],[103.7418593,1.3419702]]}},{"type":"Feature","id":"way/524793091-0-2-0","properties":{"highway":"service","service":"parking_aisle"},"geometry":{"type":"LineString","coordinates":[[103.7418593,1.3419702],[103.7418595,1.3418871]]}},{"type":"Feature","id":"way/524793091-0-3-0","properties":{"highway":"service","service":"parking_aisle"},"geometry":{"type":"LineString","coordinates":[[103.7418595,1.3418871],[103.7418664,1.3418716]]}},{"type":"Feature","id":"way/537146055-0-0-0","properties":{"cycleway":"lane","highway":"tertiary","lanes":"2","maxspeed":"50","name":"Jurong East Avenue 1","oneway":"yes","source":"Yahoo aerial images","surface":"asphalt","turn:lanes":"through|through;right"},"geometry":{"type":"LineString","coordinates":[[103.7390974,1.3415748],[103.7389825,1.3416332]]}},{"type":"Feature","id":"way/537146055-0-1-0","properties":{"cycleway":"lane","highway":"tertiary","lanes":"2","maxspeed":"50","name":"Jurong East Avenue 1","oneway":"yes","source":"Yahoo aerial images","surface":"asphalt","turn:lanes":"through|through;right"},"geometry":{"type":"LineString","coordinates":[[103.7389825,1.3416332],[103.7388445,1.3417034]]}},{"type":"Feature","id":"way/537146056-0-0-0","properties":{"cycleway":"lane","highway":"tertiary","lanes":"2","maxspeed":"50","name":"Jurong East Avenue 1","oneway":"yes","source":"Yahoo aerial images","surface":"asphalt","turn:lanes":"through|through;right"},"geometry":{"type":"LineString","coordinates":[[103.7384004,1.3420225],[103.7390203,1.3417014]]}},{"type":"Feature","id":"way/537146056-0-1-0","properties":{"cycleway":"lane","highway":"tertiary","lanes":"2","maxspeed":"50","name":"Jurong East Avenue 1","oneway":"yes","source":"Yahoo aerial images","surface":"asphalt","turn:lanes":"through|through;right"},"geometry":{"type":"LineString","coordinates":[[103.7390203,1.3417014],[103.7391356,1.3416417]]}},{"type":"Feature","id":"way/537146057-0-0-0","properties":{"cycleway":"lane","highway":"residential","maxspeed":"50","name":"Jurong East Street 21","oneway":"no","surface":"asphalt"},"geometry":{"type":"LineString","coordinates":[[103.7390974,1.3415748],[103.7391356,1.3416417]]}},{"type":"Feature","id":"way/537146058-0-0-0","properties":{"cycleway":"lane","highway":"residential","maxspeed":"40","name":"Jurong East Street 24","surface":"asphalt"},"geometry":{"type":"LineString","coordinates":[[103.7414476,1.3414191],[103.741447,1.3413407]]}},{"type":"Feature","id":"way/539184142-0-0-0","properties":{"cycleway":"lane","highway":"residential","maxspeed":"50","name":"Jurong East Street 21","oneway":"yes","surface":"asphalt"},"geometry":{"type":"LineString","coordinates":[[103.7420362,1.3393032],[103.7421258,1.3392326]]}},{"type":"Feature","id":"way/539184143-0-1-0","properties":{"bicycle":"yes","bus":"yes","bus:conditional":"yes @ (Mo-Sa 07:30-23:00; PH off)","foot":"no","highway":"secondary","lanes":"1","maxspeed":"60","motor_vehicle":"yes","motor_vehicle:conditional":"no @ (Mo-Sa 07:30-23:00; PH off)","name":"Jurong East Central","oneway":"yes","source":"Yahoo aerial images","surface":"asphalt"},"geometry":{"type":"LineString","coordinates":[[103.7432633,1.3407831],[103.7426268,1.3399149]]}},{"type":"Feature","id":"way/632391051-0-0-0","properties":{"highway":"secondary","lanes":"2","maxspeed":"60","name":"Jurong East Central","oneway":"yes","source":"Yahoo aerial images","surface":"asphalt"},"geometry":{"type":"LineString","coordinates":[[103.7420732,1.3391578],[103.7420087,1.3390723]]}},{"type":"Feature","id":"way/632391051-0-1-0","properties":{"highway":"secondary","lanes":"2","maxspeed":"60","name":"Jurong East Central","oneway":"yes","source":"Yahoo aerial images","surface":"asphalt"},"geometry":{"type":"LineString","coordinates":[[103.7420087,1.3390723],[103.7415114,1.3384139]]}},{"type":"Feature","id":"way/632391051-0-2-0","properties":{"highway":"secondary","lanes":"2","maxspeed":"60","name":"Jurong East Central","oneway":"yes","source":"Yahoo aerial images","surface":"asphalt"},"geometry":{"type":"LineString","coordinates":[[103.7415114,1.3384139],[103.7411868,1.3380265]]}},{"type":"Feature","id":"way/632391649-0-0-0","properties":{"cycleway":"lane","highway":"tertiary","lanes":"2","maxspeed":"40","name":"Jurong East Avenue 1","oneway":"yes","source":"Yahoo aerial images","surface":"asphalt","turn:lanes":"left;through|through"},"geometry":{"type":"LineString","coordinates":[[103.7406282,1.3414039],[103.7407288,1.3414058]]}},{"type":"Feature","id":"way/632391649-0-1-0","properties":{"cycleway":"lane","highway":"tertiary","lanes":"2","maxspeed":"40","name":"Jurong East Avenue 1","oneway":"yes","source":"Yahoo aerial images","surface":"asphalt","turn:lanes":"left;through|through"},"geometry":{"type":"LineString","coordinates":[[103.7407288,1.3414058],[103.7408012,1.3414071]]}},{"type":"Feature","id":"way/632391649-0-2-0","properties":{"cycleway":"lane","highway":"tertiary","lanes":"2","maxspeed":"40","name":"Jurong East Avenue 1","oneway":"yes","source":"Yahoo aerial images","surface":"asphalt","turn:lanes":"left;through|through"},"geometry":{"type":"LineString","coordinates":[[103.7408012,1.3414071],[103.7409591,1.34141]]}},{"type":"Feature","id":"way/632391649-0-3-0","properties":{"cycleway":"lane","highway":"tertiary","lanes":"2","maxspeed":"40","name":"Jurong East Avenue 1","oneway":"yes","source":"Yahoo aerial images","surface":"asphalt","turn:lanes":"left;through|through"},"geometry":{"type":"LineString","coordinates":[[103.7409591,1.34141],[103.7414476,1.3414191]]}},{"type":"Feature","id":"way/632404323-0-0-0","properties":{"highway":"secondary","lanes":"3","maxspeed":"60","name":"Jurong East Central","oneway":"yes","source":"Yahoo aerial images","surface":"asphalt"},"geometry":{"type":"LineString","coordinates":[[103.7409768,1.3379627],[103.7413119,1.3382934]]}},{"type":"Feature","id":"way/632695039-0-0-0","properties":{"cycleway":"lane","highway":"residential","lanes":"1","maxspeed":"50","name":"Jurong East Street 21","oneway":"yes","surface":"asphalt","turn:lanes":"left;through;right"},"geometry":{"type":"LineString","coordinates":[[103.7411843,1.3395701],[103.7412857,1.3395753]]}},{"type":"Feature","id":"way/632695039-0-1-0","properties":{"cycleway":"lane","highway":"residential","lanes":"1","maxspeed":"50","name":"Jurong East Street 21","oneway":"yes","surface":"asphalt","turn:lanes":"left;through;right"},"geometry":{"type":"LineString","coordinates":[[103.7412857,1.3395753],[103.7413619,1.3395766]]}},{"type":"Feature","id":"way/632695039-0-2-0","properties":{"cycleway":"lane","highway":"residential","lanes":"1","maxspeed":"50","name":"Jurong East Street 21","oneway":"yes","surface":"asphalt","turn:lanes":"left;through;right"},"geometry":{"type":"LineString","coordinates":[[103.7413619,1.3395766],[103.7414472,1.339577]]}},{"type":"Feature","id":"way/632712182-0-0-0","properties":{"cycleway":"lane","highway":"residential","lanes":"2","lanes:backward":"1","lanes:forward":"1","maxspeed":"50","name":"Jurong East Street 21","oneway":"no","surface":"asphalt","turn:lanes:forward":"left;through"},"geometry":{"type":"LineString","coordinates":[[103.738711,1.3402774],[103.7386897,1.3404598]]}},{"type":"Feature","id":"way/632712182-0-1-0","properties":{"cycleway":"lane","highway":"residential","lanes":"2","lanes:backward":"1","lanes:forward":"1","maxspeed":"50","name":"Jurong East Street 21","oneway":"no","surface":"asphalt","turn:lanes:forward":"left;through"},"geometry":{"type":"LineString","coordinates":[[103.7386897,1.3404598],[103.7386904,1.3406385]]}},{"type":"Feature","id":"way/632712182-0-2-0","properties":{"cycleway":"lane","highway":"residential","lanes":"2","lanes:backward":"1","lanes:forward":"1","maxspeed":"50","name":"Jurong East Street 21","oneway":"no","surface":"asphalt","turn:lanes:forward":"left;through"},"geometry":{"type":"LineString","coordinates":[[103.7386904,1.3406385],[103.7387178,1.340824]]}},{"type":"Feature","id":"way/632712182-0-3-0","properties":{"cycleway":"lane","highway":"residential","lanes":"2","lanes:backward":"1","lanes:forward":"1","maxspeed":"50","name":"Jurong East Street 21","oneway":"no","surface":"asphalt","turn:lanes:forward":"left;through"},"geometry":{"type":"LineString","coordinates":[[103.7387178,1.340824],[103.738722,1.340841]]}},{"type":"Feature","id":"way/632716316-0-0-0","properties":{"cycleway":"lane","highway":"residential","lanes":"2","lanes:backward":"1","lanes:forward":"1","maxspeed":"40","name":"Jurong East Street 21","oneway":"no","surface":"asphalt","turn:lanes:forward":"left;through"},"geometry":{"type":"LineString","coordinates":[[103.7389612,1.3397681],[103.7388187,1.3399778]]}},{"type":"Feature","id":"way/632716316-0-1-0","properties":{"cycleway":"lane","highway":"residential","lanes":"2","lanes:backward":"1","lanes:forward":"1","maxspeed":"40","name":"Jurong East Street 21","oneway":"no","surface":"asphalt","turn:lanes:forward":"left;through"},"geometry":{"type":"LineString","coordinates":[[103.7388187,1.3399778],[103.738711,1.3402774]]}},{"type":"Feature","id":"way/632716318-0-0-0","properties":{"cycleway":"lane","highway":"residential","lanes":"1","maxspeed":"40","name":"Jurong East Street 21","oneway":"yes","surface":"asphalt"},"geometry":{"type":"LineString","coordinates":[[103.7405296,1.3394925],[103.7406268,1.3395361]]}},{"type":"Feature","id":"way/632716318-0-1-0","properties":{"cycleway":"lane","highway":"residential","lanes":"1","maxspeed":"40","name":"Jurong East Street 21","oneway":"yes","surface":"asphalt"},"geometry":{"type":"LineString","coordinates":[[103.7406268,1.3395361],[103.7408535,1.3395556]]}},{"type":"Feature","id":"way/632716930-0-0-0","properties":{"cycleway":"lane","highway":"residential","lanes":"2","lanes:backward":"1","lanes:forward":"1","maxspeed":"40","name":"Jurong East Street 21","oneway":"no","surface":"asphalt"},"geometry":{"type":"LineString","coordinates":[[103.7399199,1.339456],[103.7395289,1.3394387]]}},{"type":"Feature","id":"way/633559627-0-0-0","properties":{"cycleway":"lane","highway":"residential","lanes":"2","lanes:backward":"1","lanes:forward":"1","maxspeed":"40","name":"Jurong East Street 24","surface":"asphalt","turn:lanes:forward":"through"},"geometry":{"type":"LineString","coordinates":[[103.7415366,1.3423662],[103.7415076,1.3423148]]}},{"type":"Feature","id":"way/633559627-0-1-0","properties":{"cycleway":"lane","highway":"residential","lanes":"2","lanes:backward":"1","lanes:forward":"1","maxspeed":"40","name":"Jurong East Street 24","surface":"asphalt","turn:lanes:forward":"through"},"geometry":{"type":"LineString","coordinates":[[103.7415076,1.3423148],[103.7414422,1.3421991]]}},{"type":"Feature","id":"way/633559627-0-2-0","properties":{"cycleway":"lane","highway":"residential","lanes":"2","lanes:backward":"1","lanes:forward":"1","maxspeed":"40","name":"Jurong East Street 24","surface":"asphalt","turn:lanes:forward":"through"},"geometry":{"type":"LineString","coordinates":[[103.7414422,1.3421991],[103.7414265,1.342086]]}},{"type":"Feature","id":"way/633559627-0-3-0","properties":{"cycleway":"lane","highway":"residential","lanes":"2","lanes:backward":"1","lanes:forward":"1","maxspeed":"40","name":"Jurong East Street 24","surface":"asphalt","turn:lanes:forward":"through"},"geometry":{"type":"LineString","coordinates":[[103.7414265,1.342086],[103.7414288,1.3419608]]}},{"type":"Feature","id":"way/635634181-0-0-0","properties":{"cycleway":"lane","highway":"residential","lanes":"2","maxspeed":"40","name":"Jurong East Street 21","oneway":"yes","surface":"asphalt"},"geometry":{"type":"LineString","coordinates":[[103.7421258,1.3392326],[103.7421453,1.3392189]]}},{"type":"Feature","id":"way/635634181-0-1-0","properties":{"cycleway":"lane","highway":"residential","lanes":"2","maxspeed":"40","name":"Jurong East Street 21","oneway":"yes","surface":"asphalt"},"geometry":{"type":"LineString","coordinates":[[103.7421453,1.3392189],[103.7423356,1.3390909]]}},{"type":"Feature","id":"way/635634181-0-2-0","properties":{"cycleway":"lane","highway":"residential","lanes":"2","maxspeed":"40","name":"Jurong East Street 21","oneway":"yes","surface":"asphalt"},"geometry":{"type":"LineString","coordinates":[[103.7423356,1.3390909],[103.7423784,1.3390621]]}},{"type":"Feature","id":"way/635634181-0-3-0","properties":{"cycleway":"lane","highway":"residential","lanes":"2","maxspeed":"40","name":"Jurong East Street 21","oneway":"yes","surface":"asphalt"},"geometry":{"type":"LineString","coordinates":[[103.7423784,1.3390621],[103.74267,1.3388424]]}},{"type":"Feature","id":"way/635634181-0-4-0","properties":{"cycleway":"lane","highway":"residential","lanes":"2","maxspeed":"40","name":"Jurong East Street 21","oneway":"yes","surface":"asphalt"},"geometry":{"type":"LineString","coordinates":[[103.74267,1.3388424],[103.7427566,1.3387772]]}},{"type":"Feature","id":"way/639679522-0-0-0","properties":{"highway":"service","service":"driveway","surface":"asphalt"},"geometry":{"type":"LineString","coordinates":[[103.7422496,1.3413166],[103.7422644,1.3413816]]}},{"type":"Feature","id":"way/639865231-0-0-0","properties":{"cycleway":"lane","highway":"residential","lanes":"2","lanes:backward":"1","lanes:forward":"1","maxspeed":"50","name":"Jurong East Street 21","oneway":"no","surface":"asphalt","turn:lanes:forward":"left;right"},"geometry":{"type":"LineString","coordinates":[[103.7387589,1.3409896],[103.7390424,1.3414797]]}},{"type":"Feature","id":"way/639865231-0-1-0","properties":{"cycleway":"lane","highway":"residential","lanes":"2","lanes:backward":"1","lanes:forward":"1","maxspeed":"50","name":"Jurong East Street 21","oneway":"no","surface":"asphalt","turn:lanes:forward":"left;right"},"geometry":{"type":"LineString","coordinates":[[103.7390424,1.3414797],[103.7390559,1.3415018]]}},{"type":"Feature","id":"way/639865231-0-2-0","properties":{"cycleway":"lane","highway":"residential","lanes":"2","lanes:backward":"1","lanes:forward":"1","maxspeed":"50","name":"Jurong East Street 21","oneway":"no","surface":"asphalt","turn:lanes:forward":"left;right"},"geometry":{"type":"LineString","coordinates":[[103.7390559,1.3415018],[103.7390974,1.3415748]]}},{"type":"Feature","id":"way/639865232-0-1-0","properties":{"highway":"service","lanes":"2","lanes:backward":"1","lanes:forward":"1","service":"parking_aisle"},"geometry":{"type":"LineString","coordinates":[[103.7386474,1.3410471],[103.7387589,1.3409896]]}},{"type":"Feature","id":"way/639865233-0-0-0","properties":{"highway":"service","lanes":"2","lanes:backward":"1","lanes:forward":"1","service":"parking_aisle","turn:lanes:backward":"left;right","turn:lanes:forward":"left;through"},"geometry":{"type":"LineString","coordinates":[[103.7395289,1.3394387],[103.7395325,1.3393623]]}},{"type":"Feature","id":"way/639865233-0-1-0","properties":{"highway":"service","lanes":"2","lanes:backward":"1","lanes:forward":"1","service":"parking_aisle","turn:lanes:backward":"left;right","turn:lanes:forward":"left;through"},"geometry":{"type":"LineString","coordinates":[[103.7395325,1.3393623],[103.7395352,1.3393035]]}},{"type":"Feature","id":"way/641121933-0-0-0","properties":{"highway":"service","lanes":"2","lanes:backward":"1","lanes:forward":"1","service":"parking_aisle","sidewalk":"left"},"geometry":{"type":"LineString","coordinates":[[103.7411724,1.3396926],[103.7411412,1.3400207]]}},{"type":"Feature","id":"way/641122826-0-0-0","properties":{"cycleway":"lane","highway":"residential","lanes":"2","maxspeed":"40","name":"Jurong East Street 21","oneway":"yes","surface":"asphalt"},"geometry":{"type":"LineString","coordinates":[[103.7429442,1.3386191],[103.7432649,1.3383489]]}},{"type":"Feature","id":"way/643425080-0-0-0","properties":{"cycleway":"lane","highway":"residential","lanes":"2","lanes:backward":"1","lanes:forward":"1","maxspeed":"50","name":"Jurong East Street 21","oneway":"no","surface":"asphalt","turn:lanes:forward":"left;through"},"geometry":{"type":"LineString","coordinates":[[103.738722,1.340841],[103.7387589,1.3409896]]}},{"type":"Feature","id":"way/644432043-0-0-0","properties":{"highway":"service","service":"parking_aisle"},"geometry":{"type":"LineString","coordinates":[[103.740486,1.3404437],[103.7404847,1.3401679]]}},{"type":"Feature","id":"way/645001024-0-0-0","properties":{"highway":"service","service":"parking_aisle"},"geometry":{"type":"LineString","coordinates":[[103.739451,1.3385842],[103.7394578,1.3382592]]}},{"type":"Feature","id":"way/645001024-0-1-0","properties":{"highway":"service","service":"parking_aisle"},"geometry":{"type":"LineString","coordinates":[[103.7394578,1.3382592],[103.739495,1.3382121]]}},{"type":"Feature","id":"way/645001479-0-0-0","properties":{"highway":"service","lanes":"2","lanes:backward":"1","lanes:forward":"1","service":"parking_aisle","turn:lanes:backward":"through","turn:lanes:forward":"through"},"geometry":{"type":"LineString","coordinates":[[103.7415952,1.3401172],[103.7417546,1.3401186]]}},{"type":"Feature","id":"way/645001818-0-0-0","properties":{"highway":"service","service":"parking_aisle"},"geometry":{"type":"LineString","coordinates":[[103.7415896,1.3408571],[103.7414599,1.3408555]]}},{"type":"Feature","id":"way/645001818-0-1-0","properties":{"highway":"service","service":"parking_aisle"},"geometry":{"type":"LineString","coordinates":[[103.7414599,1.3408555],[103.74144,1.3408403]]}},{"type":"Feature","id":"way/645003773-0-1-0","properties":{"highway":"service","service":"parking_aisle"},"geometry":{"type":"LineString","coordinates":[[103.7421251,1.3424654],[103.7419195,1.3420807]]}},{"type":"Feature","id":"way/645003971-0-0-0","properties":{"highway":"service","service":"parking_aisle"},"geometry":{"type":"LineString","coordinates":[[103.7419869,1.34186],[103.7421059,1.3418653]]}},{"type":"Feature","id":"way/645003971-0-1-0","properties":{"highway":"service","service":"parking_aisle"},"geometry":{"type":"LineString","coordinates":[[103.7421059,1.3418653],[103.742141,1.341894]]}},{"type":"Feature","id":"way/645003971-0-2-0","properties":{"highway":"service","service":"parking_aisle"},"geometry":{"type":"LineString","coordinates":[[103.742141,1.341894],[103.7421729,1.3419522]]}},{"type":"Feature","id":"way/645003972-0-0-0","properties":{"highway":"service","service":"parking_aisle"},"geometry":{"type":"LineString","coordinates":[[103.7418664,1.3418716],[103.7418866,1.3418621]]}},{"type":"Feature","id":"way/645003972-0-1-0","properties":{"highway":"service","service":"parking_aisle"},"geometry":{"type":"LineString","coordinates":[[103.7418866,1.3418621],[103.7419345,1.3418578]]}},{"type":"Feature","id":"way/645003972-0-2-0","properties":{"highway":"service","service":"parking_aisle"},"geometry":{"type":"LineString","coordinates":[[103.7419345,1.3418578],[103.7419869,1.34186]]}},{"type":"Feature","id":"way/645107966-0-0-0","properties":{"highway":"service","service":"parking_aisle"},"geometry":{"type":"LineString","coordinates":[[103.7422325,1.3388227],[103.7420838,1.3386211]]}},{"type":"Feature","id":"way/645146849-0-0-0","properties":{"highway":"service","lanes":"2","lanes:backward":"1","lanes:forward":"1","service":"parking_aisle","turn:lanes:forward":"left;right"},"geometry":{"type":"LineString","coordinates":[[103.739606,1.341684],[103.7395965,1.3419315]]}},{"type":"Feature","id":"way/645146850-0-0-0","properties":{"highway":"service","lanes":"2","lanes:backward":"1","lanes:forward":"1","service":"parking_aisle","sidewalk":"both"},"geometry":{"type":"LineString","coordinates":[[103.7395965,1.3419315],[103.7394641,1.3419394]]}},{"type":"Feature","id":"way/645146850-0-1-0","properties":{"highway":"service","lanes":"2","lanes:backward":"1","lanes:forward":"1","service":"parking_aisle","sidewalk":"both"},"geometry":{"type":"LineString","coordinates":[[103.7394641,1.3419394],[103.7393856,1.3419866]]}},{"type":"Feature","id":"way/645146851-0-0-0","properties":{"highway":"service","lanes":"2","lanes:backward":"1","lanes:forward":"1","service":"parking_aisle","sidewalk":"left","turn:lanes:backward":"through","turn:lanes:forward":"through"},"geometry":{"type":"LineString","coordinates":[[103.740025,1.3419825],[103.739932,1.3419547]]}},{"type":"Feature","id":"way/645146851-0-1-0","properties":{"highway":"service","lanes":"2","lanes:backward":"1","lanes:forward":"1","service":"parking_aisle","sidewalk":"left","turn:lanes:backward":"through","turn:lanes:forward":"through"},"geometry":{"type":"LineString","coordinates":[[103.739932,1.3419547],[103.7398231,1.3419446]]}},{"type":"Feature","id":"way/645146851-0-2-0","properties":{"highway":"service","lanes":"2","lanes:backward":"1","lanes:forward":"1","service":"parking_aisle","sidewalk":"left","turn:lanes:backward":"through","turn:lanes:forward":"through"},"geometry":{"type":"LineString","coordinates":[[103.7398231,1.3419446],[103.7395965,1.3419315]]}},{"type":"Feature","id":"way/645148363-0-0-0","properties":{"highway":"service","lanes":"1","oneway":"yes","service":"parking_aisle","turn:lanes":"right"},"geometry":{"type":"LineString","coordinates":[[103.740025,1.3419825],[103.7401191,1.3420547]]}},{"type":"Feature","id":"way/645148363-0-1-0","properties":{"highway":"service","lanes":"1","oneway":"yes","service":"parking_aisle","turn:lanes":"right"},"geometry":{"type":"LineString","coordinates":[[103.7401191,1.3420547],[103.7401547,1.3420775]]}},{"type":"Feature","id":"way/645148363-0-2-0","properties":{"highway":"service","lanes":"1","oneway":"yes","service":"parking_aisle","turn:lanes":"right"},"geometry":{"type":"LineString","coordinates":[[103.7401547,1.3420775],[103.7401929,1.342077]]}},{"type":"Feature","id":"way/645148364-0-0-0","properties":{"highway":"service","lanes":"1","oneway":"yes","service":"parking_aisle"},"geometry":{"type":"LineString","coordinates":[[103.7401519,1.3419711],[103.740097,1.3419682]]}},{"type":"Feature","id":"way/645148364-0-1-0","properties":{"highway":"service","lanes":"1","oneway":"yes","service":"parking_aisle"},"geometry":{"type":"LineString","coordinates":[[103.740097,1.3419682],[103.740025,1.3419825]]}},{"type":"Feature","id":"way/645152498-0-0-0","properties":{"highway":"service","service":"parking_aisle"},"geometry":{"type":"LineString","coordinates":[[103.7398172,1.338307],[103.7398142,1.3384695]]}},{"type":"Feature","id":"way/645152498-0-1-0","properties":{"highway":"service","service":"parking_aisle"},"geometry":{"type":"LineString","coordinates":[[103.7398142,1.3384695],[103.7398207,1.3384809]]}},{"type":"Feature","id":"way/645153044-0-0-0","properties":{"highway":"service","service":"parking_aisle"},"geometry":{"type":"LineString","coordinates":[[103.7402347,1.3383149],[103.7403613,1.338141]]}},{"type":"Feature","id":"way/645153044-0-1-0","properties":{"highway":"service","service":"parking_aisle"},"geometry":{"type":"LineString","coordinates":[[103.7403613,1.338141],[103.7403634,1.3381143]]}},{"type":"Feature","id":"way/645154972-0-0-0","properties":{"highway":"service","service":"parking_aisle"},"geometry":{"type":"LineString","coordinates":[[103.739495,1.3382121],[103.73976,1.3381131]]}},{"type":"Feature","id":"way/645163516-0-0-0","properties":{"highway":"service","service":"parking_aisle"},"geometry":{"type":"LineString","coordinates":[[103.7414423,1.3401763],[103.7414436,1.3401159]]}},{"type":"Feature","id":"way/646278533-0-0-0","properties":{"highway":"service","service":"parking_aisle"},"geometry":{"type":"LineString","coordinates":[[103.7421729,1.3419522],[103.7422868,1.3423633]]}},{"type":"Feature","id":"way/646278533-0-1-0","properties":{"highway":"service","service":"parking_aisle"},"geometry":{"type":"LineString","coordinates":[[103.7422868,1.3423633],[103.7422756,1.34241]]}},{"type":"Feature","id":"way/649503332-0-0-0","properties":{"highway":"tertiary","lanes":"2","maxspeed":"50","name":"Jurong East Avenue 1","oneway":"yes","source":"Yahoo aerial images","surface":"asphalt","turn:lanes":"left;through|through"},"geometry":{"type":"LineString","coordinates":[[103.7417266,1.3414124],[103.7420766,1.3414071]]}},{"type":"Feature","id":"way/649503332-0-1-0","properties":{"highway":"tertiary","lanes":"2","maxspeed":"50","name":"Jurong East Avenue 1","oneway":"yes","source":"Yahoo aerial images","surface":"asphalt","turn:lanes":"left;through|through"},"geometry":{"type":"LineString","coordinates":[[103.7420766,1.3414071],[103.7422644,1.3413816]]}},{"type":"Feature","id":"way/654908387-0-0-0","properties":{"bicycle":"yes","bus":"yes","bus:conditional":"yes @ (Mo-Sa 07:30-23:00; PH off)","foot":"no","highway":"secondary","lanes":"1","maxspeed":"60","motor_vehicle":"yes","motor_vehicle:conditional":"no @ (Mo-Sa 07:30-23:00; PH off)","name":"Jurong East Central","oneway":"yes","source":"Yahoo aerial images","surface":"asphalt"},"geometry":{"type":"LineString","coordinates":[[103.7423555,1.339546],[103.7421875,1.3393167]]}},{"type":"Feature","id":"way/654908387-0-1-0","properties":{"bicycle":"yes","bus":"yes","bus:conditional":"yes @ (Mo-Sa 07:30-23:00; PH off)","foot":"no","highway":"secondary","lanes":"1","maxspeed":"60","motor_vehicle":"yes","motor_vehicle:conditional":"no @ (Mo-Sa 07:30-23:00; PH off)","name":"Jurong East Central","oneway":"yes","source":"Yahoo aerial images","surface":"asphalt"},"geometry":{"type":"LineString","coordinates":[[103.7421875,1.3393167],[103.7421258,1.3392326]]}},{"type":"Feature","id":"way/654908390-0-0-0","properties":{"bicycle":"yes","bus":"yes","bus:conditional":"yes @ (Mo-Sa 07:30-23:00; PH off)","foot":"no","highway":"secondary","lanes":"1","maxspeed":"60","motor_vehicle":"yes","motor_vehicle:conditional":"no @ (Mo-Sa 07:30-23:00; PH off)","name":"Jurong East Central","oneway":"yes","source":"Yahoo aerial images","surface":"asphalt"},"geometry":{"type":"LineString","coordinates":[[103.7426268,1.3399149],[103.7424642,1.3396938]]}},{"type":"Feature","id":"way/654908392-0-0-0","properties":{"bicycle":"yes","bus":"yes","bus:conditional":"yes @ (Mo-Sa 07:30-23:00; PH off)","foot":"no","highway":"secondary","lanes":"1","maxspeed":"60","motor_vehicle":"yes","motor_vehicle:conditional":"no @ (Mo-Sa 07:30-23:00; PH off)","name":"Jurong East Central","oneway":"yes","source":"Yahoo aerial images","surface":"asphalt"},"geometry":{"type":"LineString","coordinates":[[103.7424642,1.3396938],[103.7423555,1.339546]]}},{"type":"Feature","id":"way/671428531-0-0-0","properties":{"cycleway":"lane","highway":"residential","lanes":"2","lanes:backward":"1","lanes:forward":"1","maxspeed":"40","name":"Jurong East Street 21","oneway":"no","surface":"asphalt"},"geometry":{"type":"LineString","coordinates":[[103.7405296,1.3394925],[103.740465,1.3394912]]}},{"type":"Feature","id":"way/671428531-0-1-0","properties":{"cycleway":"lane","highway":"residential","lanes":"2","lanes:backward":"1","lanes:forward":"1","maxspeed":"40","name":"Jurong East Street 21","oneway":"no","surface":"asphalt"},"geometry":{"type":"LineString","coordinates":[[103.740465,1.3394912],[103.7401132,1.3394673]]}},{"type":"Feature","id":"way/671428531-0-2-0","properties":{"cycleway":"lane","highway":"residential","lanes":"2","lanes:backward":"1","lanes:forward":"1","maxspeed":"40","name":"Jurong East Street 21","oneway":"no","surface":"asphalt"},"geometry":{"type":"LineString","coordinates":[[103.7401132,1.3394673],[103.7399724,1.3394588]]}},{"type":"Feature","id":"way/671428531-0-3-0","properties":{"cycleway":"lane","highway":"residential","lanes":"2","lanes:backward":"1","lanes:forward":"1","maxspeed":"40","name":"Jurong East Street 21","oneway":"no","surface":"asphalt"},"geometry":{"type":"LineString","coordinates":[[103.7399724,1.3394588],[103.7399199,1.339456]]}},{"type":"Feature","id":"way/676971515-0-0-0","properties":{"cycleway":"lane","highway":"residential","lanes":"2","maxspeed":"40","name":"Jurong East Street 21","oneway":"yes","surface":"asphalt"},"geometry":{"type":"LineString","coordinates":[[103.7427566,1.3387772],[103.7429442,1.3386191]]}},{"type":"Feature","id":"way/681187053-0-0-0","properties":{"cycleway":"lane","highway":"residential","lanes":"3","maxspeed":"50","name":"Jurong East Street 21","oneway":"yes","surface":"asphalt","turn:lanes":"left;through|through|right"},"geometry":{"type":"LineString","coordinates":[[103.7416179,1.3395481],[103.7417024,1.3395153]]}},{"type":"Feature","id":"way/681187053-0-1-0","properties":{"cycleway":"lane","highway":"residential","lanes":"3","maxspeed":"50","name":"Jurong East Street 21","oneway":"yes","surface":"asphalt","turn:lanes":"left;through|through|right"},"geometry":{"type":"LineString","coordinates":[[103.7417024,1.3395153],[103.7417735,1.3394791]]}},{"type":"Feature","id":"way/681187053-0-2-0","properties":{"cycleway":"lane","highway":"residential","lanes":"3","maxspeed":"50","name":"Jurong East Street 21","oneway":"yes","surface":"asphalt","turn:lanes":"left;through|through|right"},"geometry":{"type":"LineString","coordinates":[[103.7417735,1.3394791],[103.7419378,1.3393691]]}},{"type":"Feature","id":"way/681187053-0-3-0","properties":{"cycleway":"lane","highway":"residential","lanes":"3","maxspeed":"50","name":"Jurong East Street 21","oneway":"yes","surface":"asphalt","turn:lanes":"left;through|through|right"},"geometry":{"type":"LineString","coordinates":[[103.7419378,1.3393691],[103.7420362,1.3393032]]}},{"type":"Feature","id":"way/711668514-0-0-0","properties":{"highway":"secondary","lanes":"4","maxspeed":"60","name":"Jurong East Central","oneway":"yes","source":"Yahoo aerial images","surface":"asphalt"},"geometry":{"type":"LineString","coordinates":[[103.7419886,1.3392336],[103.7420362,1.3393032]]}},{"type":"Feature","id":"way/711668515-0-0-0","properties":{"highway":"secondary","lanes":"3","maxspeed":"60","name":"Jurong East Central","oneway":"yes","source":"Yahoo aerial images","surface":"asphalt"},"geometry":{"type":"LineString","coordinates":[[103.7421258,1.3392326],[103.7420732,1.3391578]]}},{"type":"Feature","id":"way/711668516-0-0-0","properties":{"cycleway":"lane","highway":"residential","maxspeed":"50","name":"Jurong East Street 21","oneway":"yes","surface":"asphalt"},"geometry":{"type":"LineString","coordinates":[[103.7420732,1.3391578],[103.7419886,1.3392336]]}},{"type":"Feature","id":"way/711668517-0-0-0","properties":{"cycleway":"lane","highway":"residential","lanes":"3","maxspeed":"40","name":"Jurong East Street 21","oneway":"yes","surface":"asphalt","turn:lanes":"through|through;right|right"},"geometry":{"type":"LineString","coordinates":[[103.7428357,1.3385942],[103.7426251,1.3387457]]}},{"type":"Feature","id":"way/711668518-0-2-0","properties":{"cycleway":"lane","highway":"residential","lanes":"2","maxspeed":"40","name":"Jurong East Street 21","oneway":"yes","surface":"asphalt"},"geometry":{"type":"LineString","coordinates":[[103.7431508,1.3383529],[103.7429421,1.3385127]]}},{"type":"Feature","id":"way/711668518-0-3-0","properties":{"cycleway":"lane","highway":"residential","lanes":"2","maxspeed":"40","name":"Jurong East Street 21","oneway":"yes","surface":"asphalt"},"geometry":{"type":"LineString","coordinates":[[103.7429421,1.3385127],[103.7428357,1.3385942]]}},{"type":"Feature","id":"way/711668527-0-0-0","properties":{"cycleway":"lane","highway":"residential","lanes":"4","maxspeed":"40","name":"Jurong East Street 21","oneway":"yes","surface":"asphalt","turn:lanes":"left|through|through;right|right"},"geometry":{"type":"LineString","coordinates":[[103.7426251,1.3387457],[103.7425285,1.3388178]]}},{"type":"Feature","id":"way/711668527-0-1-0","properties":{"cycleway":"lane","highway":"residential","lanes":"4","maxspeed":"40","name":"Jurong East Street 21","oneway":"yes","surface":"asphalt","turn:lanes":"left|through|through;right|right"},"geometry":{"type":"LineString","coordinates":[[103.7425285,1.3388178],[103.7420877,1.3391464]]}},{"type":"Feature","id":"way/711668527-0-2-0","properties":{"cycleway":"lane","highway":"residential","lanes":"4","maxspeed":"40","name":"Jurong East Street 21","oneway":"yes","surface":"asphalt","turn:lanes":"left|through|through;right|right"},"geometry":{"type":"LineString","coordinates":[[103.7420877,1.3391464],[103.7420732,1.3391578]]}},{"type":"Feature","id":"way/711671816-0-0-0","properties":{"cycleway":"lane","highway":"residential","lanes":"2","maxspeed":"50","name":"Jurong East Street 21","oneway":"yes","surface":"asphalt","turn:lanes":"through|right"},"geometry":{"type":"LineString","coordinates":[[103.7414472,1.339577],[103.7416179,1.3395481]]}},{"type":"Feature","id":"way/711671817-0-0-0","properties":{"highway":"residential","lanes":"1","maxspeed":"40","name":"Jurong East Street 21","oneway":"yes"},"geometry":{"type":"LineString","coordinates":[[103.7411902,1.3395074],[103.7410728,1.3395019]]}},{"type":"Feature","id":"way/711671817-0-1-0","properties":{"highway":"residential","lanes":"1","maxspeed":"40","name":"Jurong East Street 21","oneway":"yes"},"geometry":{"type":"LineString","coordinates":[[103.7410728,1.3395019],[103.7409415,1.3394904]]}},{"type":"Feature","id":"way/711671817-0-2-0","properties":{"highway":"residential","lanes":"1","maxspeed":"40","name":"Jurong East Street 21","oneway":"yes"},"geometry":{"type":"LineString","coordinates":[[103.7409415,1.3394904],[103.7407677,1.3394751]]}},{"type":"Feature","id":"way/711671817-0-3-0","properties":{"highway":"residential","lanes":"1","maxspeed":"40","name":"Jurong East Street 21","oneway":"yes"},"geometry":{"type":"LineString","coordinates":[[103.7407677,1.3394751],[103.7405943,1.3394569]]}},{"type":"Feature","id":"way/711671817-0-4-0","properties":{"highway":"residential","lanes":"1","maxspeed":"40","name":"Jurong East Street 21","oneway":"yes"},"geometry":{"type":"LineString","coordinates":[[103.7405943,1.3394569],[103.7405296,1.3394925]]}},{"type":"Feature","id":"way/711671818-0-0-0","properties":{"highway":"service","lanes":"2"},"geometry":{"type":"LineString","coordinates":[[103.7411843,1.3395701],[103.7411902,1.3395074]]}},{"type":"Feature","id":"way/711671819-0-0-0","properties":{"highway":"residential","lanes":"2","maxspeed":"50","name":"Jurong East Street 21","oneway":"yes"},"geometry":{"type":"LineString","coordinates":[[103.7419886,1.3392336],[103.7418931,1.3393098]]}},{"type":"Feature","id":"way/711671819-0-1-0","properties":{"highway":"residential","lanes":"2","maxspeed":"50","name":"Jurong East Street 21","oneway":"yes"},"geometry":{"type":"LineString","coordinates":[[103.7418931,1.3393098],[103.7418674,1.3393303]]}},{"type":"Feature","id":"way/711671819-0-2-0","properties":{"highway":"residential","lanes":"2","maxspeed":"50","name":"Jurong East Street 21","oneway":"yes"},"geometry":{"type":"LineString","coordinates":[[103.7418674,1.3393303],[103.7416843,1.3394516]]}},{"type":"Feature","id":"way/711671820-0-0-0","properties":{"highway":"residential","lanes":"1","maxspeed":"50","name":"Jurong East Street 21","oneway":"yes"},"geometry":{"type":"LineString","coordinates":[[103.7416843,1.3394516],[103.7416381,1.3394751]]}},{"type":"Feature","id":"way/711671820-0-1-0","properties":{"highway":"residential","lanes":"1","maxspeed":"50","name":"Jurong East Street 21","oneway":"yes"},"geometry":{"type":"LineString","coordinates":[[103.7416381,1.3394751],[103.7415837,1.3394945]]}},{"type":"Feature","id":"way/711671820-0-2-0","properties":{"highway":"residential","lanes":"1","maxspeed":"50","name":"Jurong East Street 21","oneway":"yes"},"geometry":{"type":"LineString","coordinates":[[103.7415837,1.3394945],[103.7415113,1.3395099]]}},{"type":"Feature","id":"way/711671820-0-3-0","properties":{"highway":"residential","lanes":"1","maxspeed":"50","name":"Jurong East Street 21","oneway":"yes"},"geometry":{"type":"LineString","coordinates":[[103.7415113,1.3395099],[103.7414301,1.3395184]]}},{"type":"Feature","id":"way/711671820-0-4-0","properties":{"highway":"residential","lanes":"1","maxspeed":"50","name":"Jurong East Street 21","oneway":"yes"},"geometry":{"type":"LineString","coordinates":[[103.7414301,1.3395184],[103.7412897,1.3395166]]}},{"type":"Feature","id":"way/711671820-0-5-0","properties":{"highway":"residential","lanes":"1","maxspeed":"50","name":"Jurong East Street 21","oneway":"yes"},"geometry":{"type":"LineString","coordinates":[[103.7412897,1.3395166],[103.7411902,1.3395074]]}},{"type":"Feature","id":"way/726509067-0-0-0","properties":{"cycleway":"lane","highway":"residential","lanes":"2","lanes:backward":"1","lanes:forward":"1","maxspeed":"40","name":"Jurong East Street 24","surface":"asphalt","turn:lanes:forward":"left;right"},"geometry":{"type":"LineString","coordinates":[[103.7414288,1.3419608],[103.7414439,1.3415191]]}},{"type":"Feature","id":"way/726509067-0-1-0","properties":{"cycleway":"lane","highway":"residential","lanes":"2","lanes:backward":"1","lanes:forward":"1","maxspeed":"40","name":"Jurong East Street 24","surface":"asphalt","turn:lanes:forward":"left;right"},"geometry":{"type":"LineString","coordinates":[[103.7414439,1.3415191],[103.7414476,1.3414191]]}},{"type":"Feature","id":"way/727552332-0-0-0","properties":{"cycleway":"lane","highway":"tertiary","lanes":"2","maxspeed":"40","name":"Jurong East Avenue 1","oneway":"yes","source":"Yahoo aerial images","surface":"asphalt","turn:lanes":"through|through"},"geometry":{"type":"LineString","coordinates":[[103.741447,1.3413407],[103.740871,1.3413333]]}},{"type":"Feature","id":"way/727552333-0-0-0","properties":{"cycleway":"lane","highway":"tertiary","lanes":"2","maxspeed":"40","name":"Jurong East Avenue 1","oneway":"yes","source":"Yahoo aerial images","surface":"asphalt"},"geometry":{"type":"LineString","coordinates":[[103.740871,1.3413333],[103.7408026,1.3413313]]}},{"type":"Feature","id":"way/727552333-0-1-0","properties":{"cycleway":"lane","highway":"tertiary","lanes":"2","maxspeed":"40","name":"Jurong East Avenue 1","oneway":"yes","source":"Yahoo aerial images","surface":"asphalt"},"geometry":{"type":"LineString","coordinates":[[103.7408026,1.3413313],[103.7407281,1.3413303]]}},{"type":"Feature","id":"way/727552333-0-2-0","properties":{"cycleway":"lane","highway":"tertiary","lanes":"2","maxspeed":"40","name":"Jurong East Avenue 1","oneway":"yes","source":"Yahoo aerial images","surface":"asphalt"},"geometry":{"type":"LineString","coordinates":[[103.7407281,1.3413303],[103.7406671,1.3413295]]}},{"type":"Feature","id":"way/727552333-0-3-0","properties":{"cycleway":"lane","highway":"tertiary","lanes":"2","maxspeed":"40","name":"Jurong East Avenue 1","oneway":"yes","source":"Yahoo aerial images","surface":"asphalt"},"geometry":{"type":"LineString","coordinates":[[103.7406671,1.3413295],[103.7402956,1.3413246]]}},{"type":"Feature","id":"way/727552333-0-4-0","properties":{"cycleway":"lane","highway":"tertiary","lanes":"2","maxspeed":"40","name":"Jurong East Avenue 1","oneway":"yes","source":"Yahoo aerial images","surface":"asphalt"},"geometry":{"type":"LineString","coordinates":[[103.7402956,1.3413246],[103.7396989,1.3413495]]}},{"type":"Feature","id":"way/727552334-0-0-0","properties":{"cycleway":"lane","highway":"tertiary","lanes":"2","maxspeed":"50","name":"Jurong East Avenue 1","oneway":"yes","source":"Yahoo aerial images","surface":"asphalt"},"geometry":{"type":"LineString","coordinates":[[103.7431897,1.3409264],[103.743127,1.340954]]}},{"type":"Feature","id":"way/727552334-0-1-0","properties":{"cycleway":"lane","highway":"tertiary","lanes":"2","maxspeed":"50","name":"Jurong East Avenue 1","oneway":"yes","source":"Yahoo aerial images","surface":"asphalt"},"geometry":{"type":"LineString","coordinates":[[103.743127,1.340954],[103.7426307,1.3411796]]}},{"type":"Feature","id":"way/727552336-0-0-0","properties":{"cycleway":"lane","highway":"tertiary","lanes":"2","maxspeed":"40","name":"Jurong East Avenue 1","oneway":"yes","source":"Yahoo aerial images","surface":"asphalt","turn:lanes":"through|through"},"geometry":{"type":"LineString","coordinates":[[103.7403613,1.3414017],[103.7406282,1.3414039]]}},{"type":"Feature","id":"way/734861161-0-0-0","properties":{"highway":"service","service":"driveway"},"geometry":{"type":"LineString","coordinates":[[103.7426307,1.3411796],[103.7425985,1.3411203]]}},{"type":"Feature","id":"way/734861161-0-1-0","properties":{"highway":"service","service":"driveway"},"geometry":{"type":"LineString","coordinates":[[103.7425985,1.3411203],[103.7425614,1.3410518]]}},{"type":"Feature","id":"way/734861162-0-0-0","properties":{"highway":"service","service":"driveway"},"geometry":{"type":"LineString","coordinates":[[103.7422442,1.3411309],[103.7423596,1.3411322]]}},{"type":"Feature","id":"way/734861162-0-1-0","properties":{"highway":"service","service":"driveway"},"geometry":{"type":"LineString","coordinates":[[103.7423596,1.3411322],[103.7424065,1.3411255]]}},{"type":"Feature","id":"way/734861162-0-2-0","properties":{"highway":"service","service":"driveway"},"geometry":{"type":"LineString","coordinates":[[103.7424065,1.3411255],[103.7425614,1.3410518]]}},{"type":"Feature","id":"way/734861163-0-0-0","properties":{"highway":"service","service":"driveway"},"geometry":{"type":"LineString","coordinates":[[103.7428477,1.3407213],[103.7428921,1.3406926]]}},{"type":"Feature","id":"way/734861164-0-0-0","properties":{"highway":"service","service":"driveway"},"geometry":{"type":"LineString","coordinates":[[103.7427194,1.3404698],[103.7426902,1.3404905]]}},{"type":"Feature","id":"way/734861165-0-0-0","properties":{"highway":"service","service":"driveway"},"geometry":{"type":"LineString","coordinates":[[103.7425614,1.3410518],[103.7428256,1.3409251]]}},{"type":"Feature","id":"way/734861165-0-1-0","properties":{"highway":"service","service":"driveway"},"geometry":{"type":"LineString","coordinates":[[103.7428256,1.3409251],[103.7428591,1.340917]]}},{"type":"Feature","id":"way/734861165-0-2-0","properties":{"highway":"service","service":"driveway"},"geometry":{"type":"LineString","coordinates":[[103.7428591,1.340917],[103.7428907,1.340911]]}},{"type":"Feature","id":"way/734861165-0-3-0","properties":{"highway":"service","service":"driveway"},"geometry":{"type":"LineString","coordinates":[[103.7428907,1.340911],[103.7429336,1.3408882]]}},{"type":"Feature","id":"way/734861165-0-4-0","properties":{"highway":"service","service":"driveway"},"geometry":{"type":"LineString","coordinates":[[103.7429336,1.3408882],[103.742947,1.3408694]]}},{"type":"Feature","id":"way/734861165-0-5-0","properties":{"highway":"service","service":"driveway"},"geometry":{"type":"LineString","coordinates":[[103.742947,1.3408694],[103.742951,1.3408379]]}},{"type":"Feature","id":"way/734861165-0-6-0","properties":{"highway":"service","service":"driveway"},"geometry":{"type":"LineString","coordinates":[[103.742951,1.3408379],[103.742951,1.3408058]]}},{"type":"Feature","id":"way/734861165-0-7-0","properties":{"highway":"service","service":"driveway"},"geometry":{"type":"LineString","coordinates":[[103.742951,1.3408058],[103.7429436,1.3407789]]}},{"type":"Feature","id":"way/734861165-0-8-0","properties":{"highway":"service","service":"driveway"},"geometry":{"type":"LineString","coordinates":[[103.7429436,1.3407789],[103.7429128,1.3407193]]}},{"type":"Feature","id":"way/734861165-0-9-0","properties":{"highway":"service","service":"driveway"},"geometry":{"type":"LineString","coordinates":[[103.7429128,1.3407193],[103.7428921,1.3406926]]}},{"type":"Feature","id":"way/734861165-0-10-0","properties":{"highway":"service","service":"driveway"},"geometry":{"type":"LineString","coordinates":[[103.7428921,1.3406926],[103.7427194,1.3404698]]}},{"type":"Feature","id":"way/734861165-0-11-0","properties":{"highway":"service","service":"driveway"},"geometry":{"type":"LineString","coordinates":[[103.7427194,1.3404698],[103.7426546,1.3403861]]}},{"type":"Feature","id":"way/734861206-0-0-0","properties":{"highway":"service","service":"driveway"},"geometry":{"type":"LineString","coordinates":[[103.7429205,1.3391151],[103.7428913,1.3390501]]}},{"type":"Feature","id":"way/734861210-0-0-0","properties":{"highway":"service","service":"driveway"},"geometry":{"type":"LineString","coordinates":[[103.7429164,1.3397195],[103.742947,1.3396985]]}},{"type":"Feature","id":"way/736314544-0-0-0","properties":{"highway":"service","lanes":"1","oneway":"yes","service":"parking_aisle","turn:lanes":"left;right"},"geometry":{"type":"LineString","coordinates":[[103.739125,1.3422368],[103.7390928,1.3424646]]}},{"type":"Feature","id":"way/736314545-0-0-0","properties":{"highway":"service","lanes":"1","oneway":"yes","service":"parking_aisle","turn:lanes":"left;right"},"geometry":{"type":"LineString","coordinates":[[103.7393566,1.3423008],[103.7393968,1.3422176]]}},{"type":"Feature","id":"way/736314545-0-1-0","properties":{"highway":"service","lanes":"1","oneway":"yes","service":"parking_aisle","turn:lanes":"left;right"},"geometry":{"type":"LineString","coordinates":[[103.7393968,1.3422176],[103.7393856,1.3419866]]}},{"type":"Feature","id":"way/736314546-0-0-0","properties":{"highway":"service","lanes":"2","lanes:backward":"1","lanes:forward":"1","service":"parking_aisle","turn:lanes:backward":"through","turn:lanes:forward":"through"},"geometry":{"type":"LineString","coordinates":[[103.7403021,1.3416023],[103.7398759,1.3415934]]}},{"type":"Feature","id":"way/743201245-0-0-0","properties":{"highway":"service","service":"driveway"},"geometry":{"type":"LineString","coordinates":[[103.7429205,1.3391151],[103.7428933,1.3391392]]}},{"type":"Feature","id":"way/743201245-0-1-0","properties":{"highway":"service","service":"driveway"},"geometry":{"type":"LineString","coordinates":[[103.7428933,1.3391392],[103.7428819,1.3391835]]}},{"type":"Feature","id":"way/743201246-0-1-0","properties":{"highway":"service","lanes":"2","lanes:backward":"1","lanes:forward":"1","service":"driveway"},"geometry":{"type":"LineString","coordinates":[[103.7431944,1.3390447],[103.7430409,1.3390936]]}},{"type":"Feature","id":"way/743201246-0-2-0","properties":{"highway":"service","lanes":"2","lanes:backward":"1","lanes:forward":"1","service":"driveway"},"geometry":{"type":"LineString","coordinates":[[103.7430409,1.3390936],[103.7429205,1.3391151]]}},{"type":"Feature","id":"way/744227219-0-0-0","properties":{"highway":"service","lanes":"2","lanes:backward":"1","lanes:forward":"1","service":"driveway","turn:lanes:forward":"through;right"},"geometry":{"type":"LineString","coordinates":[[103.7428309,1.339528],[103.7428438,1.3395989]]}},{"type":"Feature","id":"way/744227219-0-1-0","properties":{"highway":"service","lanes":"2","lanes:backward":"1","lanes:forward":"1","service":"driveway","turn:lanes:forward":"through;right"},"geometry":{"type":"LineString","coordinates":[[103.7428438,1.3395989],[103.7428675,1.3396527]]}},{"type":"Feature","id":"way/744227219-0-2-0","properties":{"highway":"service","lanes":"2","lanes:backward":"1","lanes:forward":"1","service":"driveway","turn:lanes:forward":"through;right"},"geometry":{"type":"LineString","coordinates":[[103.7428675,1.3396527],[103.7429164,1.3397195]]}},{"type":"Feature","id":"way/744227220-0-0-0","properties":{"highway":"service","lanes":"2","lanes:backward":"1","lanes:forward":"1","service":"driveway","turn:lanes:backward":"left;through"},"geometry":{"type":"LineString","coordinates":[[103.7429164,1.3397195],[103.7430506,1.3399028]]}},{"type":"Feature","id":"way/744227220-0-1-0","properties":{"highway":"service","lanes":"2","lanes:backward":"1","lanes:forward":"1","service":"driveway","turn:lanes:backward":"left;through"},"geometry":{"type":"LineString","coordinates":[[103.7430506,1.3399028],[103.7432035,1.3401118]]}},{"type":"Feature","id":"way/744229727-0-0-0","properties":{"highway":"service","lanes":"2","lanes:backward":"1","lanes:forward":"1","service":"driveway"},"geometry":{"type":"LineString","coordinates":[[103.7431341,1.3386428],[103.7429629,1.338775]]}},{"type":"Feature","id":"way/744229727-0-1-0","properties":{"highway":"service","lanes":"2","lanes:backward":"1","lanes:forward":"1","service":"driveway"},"geometry":{"type":"LineString","coordinates":[[103.7429629,1.338775],[103.7427506,1.3389367]]}},{"type":"Feature","id":"way/744229727-0-2-0","properties":{"highway":"service","lanes":"2","lanes:backward":"1","lanes:forward":"1","service":"driveway"},"geometry":{"type":"LineString","coordinates":[[103.7427506,1.3389367],[103.7426772,1.3389926]]}},{"type":"Feature","id":"way/745515887-0-0-0","properties":{"highway":"service","oneway":"yes","service":"driveway"},"geometry":{"type":"LineString","coordinates":[[103.739909,1.3397554],[103.739951,1.3396333]]}},{"type":"Feature","id":"way/745515887-0-1-0","properties":{"highway":"service","oneway":"yes","service":"driveway"},"geometry":{"type":"LineString","coordinates":[[103.739951,1.3396333],[103.7399664,1.3395408]]}},{"type":"Feature","id":"way/745515887-0-2-0","properties":{"highway":"service","oneway":"yes","service":"driveway"},"geometry":{"type":"LineString","coordinates":[[103.7399664,1.3395408],[103.7399724,1.3394588]]}},{"type":"Feature","id":"way/746641004-0-0-0","properties":{"highway":"service","lanes":"1","oneway":"yes","service":"driveway"},"geometry":{"type":"LineString","coordinates":[[103.7414436,1.3401159],[103.7412639,1.3400891]]}},{"type":"Feature","id":"way/746641005-0-0-0","properties":{"highway":"service","lanes":"1","oneway":"yes","service":"parking_aisle","turn:lanes":"left;through"},"geometry":{"type":"LineString","coordinates":[[103.7413229,1.3401729],[103.7414423,1.3401763]]}},{"type":"Feature","id":"way/746641006-0-0-0","properties":{"highway":"service","lanes":"1","oneway":"yes","service":"parking_aisle"},"geometry":{"type":"LineString","coordinates":[[103.7411385,1.3401689],[103.7413229,1.3401729]]}},{"type":"Feature","id":"way/746641007-0-0-0","properties":{"highway":"service","lanes":"1","oneway":"yes","service":"parking_aisle","turn:lanes":"through"},"geometry":{"type":"LineString","coordinates":[[103.7411412,1.3400207],[103.7409621,1.3400167]]}},{"type":"Feature","id":"way/746641008-0-0-0","properties":{"highway":"service","lanes":"2","lanes:backward":"1","lanes:forward":"1","service":"parking_aisle"},"geometry":{"type":"LineString","coordinates":[[103.7395352,1.3393035],[103.739541,1.3392237]]}},{"type":"Feature","id":"way/746641009-0-0-0","properties":{"highway":"service","lanes":"2","lanes:backward":"1","lanes:forward":"1","service":"parking_aisle","sidewalk":"left","turn:lanes:backward":"left;right"},"geometry":{"type":"LineString","coordinates":[[103.739451,1.3385842],[103.7392927,1.3385917]]}},{"type":"Feature","id":"way/747390025-0-0-0","properties":{"cycleway":"lane","highway":"residential","lanes":"1","maxspeed":"40","name":"Jurong East Street 21","oneway":"yes","surface":"asphalt","turn:lanes":"left;through"},"geometry":{"type":"LineString","coordinates":[[103.7408535,1.3395556],[103.7409414,1.3395595]]}},{"type":"Feature","id":"way/747390025-0-1-0","properties":{"cycleway":"lane","highway":"residential","lanes":"1","maxspeed":"40","name":"Jurong East Street 21","oneway":"yes","surface":"asphalt","turn:lanes":"left;through"},"geometry":{"type":"LineString","coordinates":[[103.7409414,1.3395595],[103.7411843,1.3395701]]}}]}