{"type":"FeatureCollection","features":[{"type":"Feature","id":"relation/20053001-0","properties":{"addr:city":"Singapore","addr:housenumber":"111A","addr:postcode":"619606","addr:street":"Yuan Ching Road","building":"commercial","building:levels":"1","description":"Developed by SG Enable, Enabling Business Hubs bring training and employment opportunities for persons with disabilities closer to their homes.","type":"multipolygon","website":"https://www.sgenable.sg/your-first-stop/hiring-employment/employers/employ#enabling-business-hubs--ebhs-","wheelchair":"yes","clearanceGeometry":{"type":"Polygon","coordinates":[[[103.7211334,1.3431857],[103.7211244,1.3432226],[103.7210281,1.3431992],[103.7209907,1.3433528],[103.721162,1.3433945],[103.7211449,1.3434649],[103.7210708,1.3434469],[103.72106709861634,1.343462104537035],[103.72107634585264,1.3434922000879104],[103.72104919163084,1.3436184305243892],[103.72128367622757,1.3436729388917417],[103.7213554,1.3433789],[103.7212696,1.343358],[103.7213016,1.3432266],[103.7211334,1.3431857]]]},"clearanceHeight":1.7,"clearancePrepared":true},"geometry":{"type":"Polygon","coordinates":[[[103.7207782,1.3434933],[103.7208639,1.3431384],[103.720892,1.3431258],[103.7209453,1.3431387],[103.7209608,1.3430747],[103.7209933,1.3430825],[103.7210049,1.3430345],[103.7207288,1.3429678],[103.7206437,1.3433199],[103.7206116,1.3434531],[103.7207782,1.3434933]]]}},{"type":"Feature","id":"relation/20053001-1","properties":{"addr:city":"Singapore","addr:housenumber":"111A","addr:postcode":"619606","addr:street":"Yuan Ching Road","building":"commercial","building:levels":"1","description":"Developed by SG Enable, Enabling Business Hubs bring training and employment opportunities for persons with disabilities closer to their homes.","type":"multipolygon","website":"https://www.sgenable.sg/your-first-stop/hiring-employment/employers/employ#enabling-business-hubs--ebhs-","wheelchair":"yes","clearanceGeometry":{"type":"Polygon","coordinates":[[[103.7211334,1.3431857],[103.7211244,1.3432226],[103.7210281,1.3431992],[103.7209907,1.3433528],[103.721162,1.3433945],[103.7211449,1.3434649],[103.7210708,1.3434469],[103.72106709861634,1.343462104537035],[103.72107634585264,1.3434922000879104],[103.72104919163084,1.3436184305243892],[103.72128367622757,1.3436729388917417],[103.7213554,1.3433789],[103.7212696,1.343358],[103.7213016,1.3432266],[103.7211334,1.3431857]]]},"clearanceHeight":1.7,"clearancePrepared":true},"geometry":{"type":"Polygon","coordinates":[[[103.7213016,1.3432266],[103.7211334,1.3431857],[103.7211244,1.3432226],[103.7210281,1.3431992],[103.7209907,1.3433528],[103.721162,1.3433945],[103.7211449,1.3434649],[103.7210708,1.3434469],[103.7210272,1.343626],[103.7212801,1.3436876],[103.7213554,1.3433789],[103.7212696,1.343358],[103.7213016,1.3432266]]]}},{"type":"Feature","id":"way/96169455-0","properties":{"addr:city":"Singapore","addr:country":"SG","addr:housenumber":"517A","addr:postcode":"641517","addr:street":"Jurong West Street 52","building":"residential","building:levels":"16","residential":"hdb","clearanceGeometry":{"type":"Polygon","coordinates":[[[103.7211917,1.3454315],[103.7211726,1.3454254],[103.7211811,1.3453986],[103.7212034,1.3454057],[103.721214,1.3453728],[103.721302,1.345401],[103.7212912,1.3454346],[103.721315,1.3454422],[103.7213065,1.3454687],[103.7212819,1.3454608],[103.7212721,1.3454911],[103.7213627,1.3455201],[103.7213905,1.3454334],[103.7214013,1.3454369],[103.7214116,1.345405],[103.7214356,1.3454127],[103.7214299,1.3454302],[103.721473,1.345444],[103.7214956,1.3453736],[103.7214149,1.3453427],[103.7213807,1.3452838],[103.7213996,1.3452728],[103.7214109,1.3452921],[103.7214481,1.3452704],[103.7214321,1.345243],[103.7214451,1.3452354],[103.72142919036608,1.345208126341837],[103.72141521981295,1.3452013519415469],[103.7213746794774,1.345224938139226],[103.72137197130786,1.3452274001115345],[103.72136795784026,1.345228848759602],[103.7213414,1.3452443],[103.72133233623676,1.345238601495387],[103.72130592446136,1.3452372735290263],[103.72127513915576,1.3452228310399743],[103.72126960615269,1.345216698628234],[103.721269,1.3452166],[103.7212553,1.3452163],[103.7212111,1.345131],[103.7211711,1.3451517],[103.7211765,1.3451622],[103.7211404,1.3451809],[103.7211601,1.345219],[103.7211859,1.3452057],[103.7212017,1.3452362],[103.7211518,1.345262],[103.7210651,1.3452352],[103.7210413,1.3453097],[103.721085,1.3453237],[103.7210907,1.3453059],[103.7211162,1.3453141],[103.7211055,1.3453477],[103.721117,1.3453514],[103.7210904,1.3454343],[103.7211815,1.3454634],[103.7211917,1.3454315]]]},"clearanceHeight":1.7,"clearancePrepared":true},"geometry":{"type":"Polygon","coordinates":[[[103.7211815,1.3454634],[103.7211917,1.3454315],[103.7211726,1.3454254],[103.7211811,1.3453986],[103.7212034,1.3454057],[103.721214,1.3453728],[103.721302,1.345401],[103.7212912,1.3454346],[103.721315,1.3454422],[103.7213065,1.3454687],[103.7212819,1.3454608],[103.7212721,1.3454911],[103.7213627,1.3455201],[103.7213905,1.3454334],[103.7214013,1.3454369],[103.7214116,1.345405],[103.7214356,1.3454127],[103.7214299,1.3454302],[103.721473,1.345444],[103.7214956,1.3453736],[103.7214149,1.3453427],[103.7213807,1.3452838],[103.7213996,1.3452728],[103.7214109,1.3452921],[103.7214481,1.3452704],[103.7214321,1.345243],[103.7214451,1.3452354],[103.7214227,1.345197],[103.7213414,1.3452443],[103.7213212,1.3452316],[103.7212985,1.3452214],[103.721269,1.3452166],[103.7212553,1.3452163],[103.7212111,1.345131],[103.7211711,1.3451517],[103.7211765,1.3451622],[103.7211404,1.3451809],[103.7211601,1.345219],[103.7211859,1.3452057],[103.7212017,1.3452362],[103.7211518,1.345262],[103.7210651,1.3452352],[103.7210413,1.3453097],[103.721085,1.3453237],[103.7210907,1.3453059],[103.7211162,1.3453141],[103.7211055,1.3453477],[103.721117,1.3453514],[103.7210904,1.3454343],[103.7211815,1.3454634]]]}},{"type":"Feature","id":"way/108719057-0","properties":{"building:levels":"16","building:part":"yes","clearanceGeometry":{"type":"Polygon","coordinates":[[[103.7220197,1.3456389],[103.7220482,1.345639],[103.7220483,1.3456194],[103.722121,1.3456196],[103.7221209,1.3456653],[103.7220987,1.3456652],[103.7220986,1.345683],[103.7220858,1.345683],[103.7220857,1.3457175],[103.7221108,1.3457176],[103.7221107,1.3457304],[103.7221398,1.3457305],[103.7221398,1.3457154],[103.7222065,1.3457156],[103.7222065,1.3457259],[103.7222301,1.345726],[103.7222301,1.345742],[103.722268,1.345742],[103.722268,1.3457263],[103.7222633,1.3457262],[103.7222633,1.3457033],[103.722268,1.3457033],[103.722268,1.3456835],[103.7222587,1.3456835],[103.7222588,1.3456487],[103.7222455,1.3456486],[103.7222455,1.3456413],[103.7222339,1.3456413],[103.722234,1.3456277],[103.7222692,1.3456278],[103.7222691,1.345636],[103.7223002,1.3456361],[103.7223002,1.3456438],[103.7223272,1.3456439],[103.7223271,1.3456664],[103.7223573,1.3456664],[103.7223574,1.3456331],[103.7223615,1.3456331],[103.7223616,1.3456118],[103.7223724,1.3456118],[103.7223725,1.3455847],[103.7223388,1.3455846],[103.7223387,1.3455947],[103.7223245,1.3455947],[103.7223245,1.3455843],[103.7223042,1.3455843],[103.7223042,1.3455724],[103.7223159,1.3455724],[103.7223159,1.3455682],[103.7223359,1.3455683],[103.7223359,1.3455744],[103.7223729,1.3455745],[103.722373,1.345551],[103.7223652,1.3455509],[103.7223653,1.3455211],[103.722361,1.3455211],[103.7223611,1.3454832],[103.7223277,1.3454832],[103.7223276,1.3454999],[103.7223004,1.3454998],[103.7223003,1.3455064],[103.7222688,1.3455063],[103.7222688,1.3455136],[103.7222327,1.3455136],[103.7222328,1.3454867],[103.7222661,1.3454868],[103.7222662,1.3454638],[103.7222735,1.3454638],[103.7222736,1.3454283],[103.7222706,1.3454283],[103.7222707,1.3453903],[103.7222367,1.3453902],[103.7222366,1.3454122],[103.7222115,1.3454121],[103.7222115,1.3454319],[103.7221454,1.3454317],[103.7221455,1.3454117],[103.7221255,1.3454117],[103.7221255,1.3453852],[103.7220918,1.3453852],[103.7220918,1.3454244],[103.722084,1.3454244],[103.7220839,1.3454554],[103.7220922,1.3454554],[103.7220921,1.345482],[103.7221213,1.3454821],[103.7221213,1.3455137],[103.7220522,1.3455135],[103.7220523,1.3454939],[103.7220246,1.3454938],[103.7220246,1.3455002],[103.7219974,1.3455001],[103.7219974,1.34554],[103.7220078,1.3455401],[103.7220078,1.345557],[103.7220415,1.345557],[103.7220415,1.3455718],[103.7220073,1.3455717],[103.7220073,1.345588],[103.7219946,1.345588],[103.7219945,1.345629],[103.7220197,1.3456291],[103.7220197,1.3456389]]]},"clearanceHeight":1.7,"clearancePrepared":true},"geometry":{"type":"Polygon","coordinates":[[[103.7220197,1.3456291],[103.7220197,1.3456389],[103.7220482,1.345639],[103.7220483,1.3456194],[103.722121,1.3456196],[103.7221209,1.3456653],[103.7220987,1.3456652],[103.7220986,1.345683],[103.7220858,1.345683],[103.7220857,1.3457175],[103.7221108,1.3457176],[103.7221107,1.3457304],[103.7221398,1.3457305],[103.7221398,1.3457154],[103.7222065,1.3457156],[103.7222065,1.3457259],[103.7222301,1.345726],[103.7222301,1.345742],[103.722268,1.345742],[103.722268,1.3457263],[103.7222633,1.3457262],[103.7222633,1.3457033],[103.722268,1.3457033],[103.722268,1.3456835],[103.7222587,1.3456835],[103.7222588,1.3456487],[103.7222455,1.3456486],[103.7222455,1.3456413],[103.7222339,1.3456413],[103.722234,1.3456277],[103.7222692,1.3456278],[103.7222691,1.345636],[103.7223002,1.3456361],[103.7223002,1.3456438],[103.7223272,1.3456439],[103.7223271,1.3456664],[103.7223573,1.3456664],[103.7223574,1.3456331],[103.7223615,1.3456331],[103.7223616,1.3456118],[103.7223724,1.3456118],[103.7223725,1.3455847],[103.7223388,1.3455846],[103.7223387,1.3455947],[103.7223245,1.3455947],[103.7223245,1.3455843],[103.7223042,1.3455843],[103.7223042,1.3455724],[103.7223159,1.3455724],[103.7223159,1.3455682],[103.7223359,1.3455683],[103.7223359,1.3455744],[103.7223729,1.3455745],[103.722373,1.345551],[103.7223652,1.3455509],[103.7223653,1.3455211],[103.722361,1.3455211],[103.7223611,1.3454832],[103.7223277,1.3454832],[103.7223276,1.3454999],[103.7223004,1.3454998],[103.7223003,1.3455064],[103.7222688,1.3455063],[103.7222688,1.3455136],[103.7222327,1.3455136],[103.7222328,1.3454867],[103.7222661,1.3454868],[103.7222662,1.3454638],[103.7222735,1.3454638],[103.7222736,1.3454283],[103.7222706,1.3454283],[103.7222707,1.3453903],[103.7222367,1.3453902],[103.7222366,1.3454122],[103.7222115,1.3454121],[103.7222115,1.3454319],[103.7221454,1.3454317],[103.7221455,1.3454117],[103.7221255,1.3454117],[103.7221255,1.3453852],[103.7220918,1.3453852],[103.7220918,1.3454244],[103.722084,1.3454244],[103.7220839,1.3454554],[103.7220922,1.3454554],[103.7220921,1.345482],[103.7221213,1.3454821],[103.7221213,1.3455137],[103.7220522,1.3455135],[103.7220523,1.3454939],[103.7220246,1.3454938],[103.7220246,1.3455002],[103.7219974,1.3455001],[103.7219974,1.34554],[103.7220078,1.3455401],[103.7220078,1.345557],[103.7220415,1.345557],[103.7220415,1.3455718],[103.7220073,1.3455717],[103.7220073,1.345588],[103.7219946,1.345588],[103.7219945,1.345629],[103.7220197,1.3456291]]]}},{"type":"Feature","id":"way/152338066-0","properties":{"addr:city":"Singapore","addr:country":"SG","addr:housenumber":"201","addr:postcode":"649845","addr:street":"Boon Lay Way","addr:unit":"#01-05","building":"train_station","building:levels":"2","layer":"1","phone":"+65 62657270","clearanceGeometry":{"type":"Polygon","coordinates":[[[103.7200304,1.3441875],[103.7203588,1.3442692],[103.7216599,1.3445927],[103.7216937,1.3443399],[103.7209872,1.3441656],[103.7209923,1.34415],[103.7210092,1.3440919],[103.7204544,1.3439506],[103.7204285,1.3440654],[103.7204047,1.3440598],[103.7200789,1.3439826],[103.7200712,1.3440152],[103.7200304,1.3441875]]]},"clearanceHeight":1.7,"clearancePrepared":true},"geometry":{"type":"Polygon","coordinates":[[[103.7200712,1.3440152],[103.7200304,1.3441875],[103.7203588,1.3442692],[103.7216599,1.3445927],[103.7216937,1.3443399],[103.7209872,1.3441656],[103.7209923,1.34415],[103.7210092,1.3440919],[103.7204544,1.3439506],[103.7204285,1.3440654],[103.7204047,1.3440598],[103.7200789,1.3439826],[103.7200712,1.3440152]]]}},{"type":"Feature","id":"way/503589893-0","properties":{"building":"yes","building:colour":"grey","building:levels":"2","man_made":"pumping_station","name":"Jurong Pumping Station","name:zh":"\u88d5\u5eca\u6c34\u6cf5\u7ad9","roof:colour":"grey","roof:shape":"gabled","clearanceGeometry":{"type":"Polygon","coordinates":[[[103.7225276,1.344221],[103.7224369,1.3441243],[103.7223621,1.3441944],[103.7224529,1.3442911],[103.7225276,1.344221]]]},"clearanceHeight":1.7,"clearancePrepared":true},"geometry":{"type":"Polygon","coordinates":[[[103.7224529,1.3442911],[103.7225276,1.344221],[103.7224369,1.3441243],[103.7223621,1.3441944],[103.7224529,1.3442911]]]}},{"type":"Feature","id":"way/503589894-0","properties":{"building":"yes","name":"Jurong Pumping Station","name:zh":"\u88d5\u5eca\u6c34\u6cf5\u7ad9","power":"substation","clearanceGeometry":{"type":"Polygon","coordinates":[[[103.7226157,1.3443473],[103.72256,1.3442931],[103.7225151,1.3443392],[103.7225708,1.3443934],[103.7226157,1.3443473]]]},"clearanceHeight":1.7,"clearancePrepared":true},"geometry":{"type":"Polygon","coordinates":[[[103.7225708,1.3443934],[103.7226157,1.3443473],[103.72256,1.3442931],[103.7225151,1.3443392],[103.7225708,1.3443934]]]}},{"type":"Feature","id":"way/503589895-0","properties":{"building":"yes","clearanceGeometry":{"type":"Polygon","coordinates":[[[103.7236607,1.3452783],[103.7234328,1.3452664],[103.7234299,1.3453214],[103.7236578,1.3453332],[103.7236607,1.3452783]]]},"clearanceHeight":1.7,"clearancePrepared":true},"geometry":{"type":"Polygon","coordinates":[[[103.7236578,1.3453332],[103.7236607,1.3452783],[103.7234328,1.3452664],[103.7234299,1.3453214],[103.7236578,1.3453332]]]}},{"type":"Feature","id":"way/510246161-0","properties":{"building:levels":"14","building:part":"yes","clearanceGeometry":{"type":"Polygon","coordinates":[[[103.72092,1.3456961],[103.7209468,1.3457108],[103.7209331,1.3457343],[103.7210095,1.3457792],[103.7210216,1.3457568],[103.721033,1.3457628],[103.7210531,1.3457253],[103.7211007,1.3457541],[103.7210783,1.3457935],[103.7210751,1.3458015],[103.7210737,1.345809],[103.721079,1.3458158],[103.721078,1.3458121],[103.7210783,1.3458079],[103.7210798,1.3458022],[103.7210832,1.345799],[103.7210917,1.3457983],[103.7211071,1.3458054],[103.7211286,1.3457682],[103.7211423,1.3457765],[103.7211631,1.3457326],[103.7211453,1.3457209],[103.7211416,1.3457129],[103.7211426,1.3457008],[103.7211493,1.3456931],[103.7211607,1.3456907],[103.7211678,1.34568],[103.7210367,1.3456073],[103.7210169,1.3456123],[103.7209941,1.3456009],[103.7210122,1.3455727],[103.7209877,1.3455587],[103.7209703,1.3455878],[103.7209093,1.3455526],[103.7208979,1.345555],[103.7208918,1.3455624],[103.7208908,1.3455711],[103.7208942,1.3455815],[103.720915,1.3455942],[103.7208927,1.3456329],[103.7208741,1.3456317],[103.720855,1.3456631],[103.7208424,1.3456587],[103.7208369,1.3456612],[103.7208315,1.3456658],[103.7208295,1.3456708],[103.7208312,1.3456787],[103.7209049,1.3457189],[103.72092,1.3456961]]]},"clearanceHeight":1.7,"clearancePrepared":true},"geometry":{"type":"Polygon","coordinates":[[[103.7209049,1.3457189],[103.72092,1.3456961],[103.7209468,1.3457108],[103.7209331,1.3457343],[103.7210095,1.3457792],[103.7210216,1.3457568],[103.721033,1.3457628],[103.7210531,1.3457253],[103.7211007,1.3457541],[103.7210783,1.3457935],[103.7210751,1.3458015],[103.7210737,1.345809],[103.721079,1.3458158],[103.721078,1.3458121],[103.7210783,1.3458079],[103.7210798,1.3458022],[103.7210832,1.345799],[103.7210917,1.3457983],[103.7211071,1.3458054],[103.7211286,1.3457682],[103.7211423,1.3457765],[103.7211631,1.3457326],[103.7211453,1.3457209],[103.7211416,1.3457129],[103.7211426,1.3457008],[103.7211493,1.3456931],[103.7211607,1.3456907],[103.7211678,1.34568],[103.7210367,1.3456073],[103.7210169,1.3456123],[103.7209941,1.3456009],[103.7210122,1.3455727],[103.7209877,1.3455587],[103.7209703,1.3455878],[103.7209093,1.3455526],[103.7208979,1.345555],[103.7208918,1.3455624],[103.7208908,1.3455711],[103.7208942,1.3455815],[103.720915,1.3455942],[103.7208927,1.3456329],[103.7208741,1.3456317],[103.720855,1.3456631],[103.7208424,1.3456587],[103.7208369,1.3456612],[103.7208315,1.3456658],[103.7208295,1.3456708],[103.7208312,1.3456787],[103.7209049,1.3457189]]]}},{"type":"Feature","id":"way/510246162-0","properties":{"building:levels":"12","building:part":"yes","clearanceGeometry":{"type":"Polygon","coordinates":[[[103.7208369,1.3456612],[103.7208424,1.3456587],[103.720855,1.3456631],[103.7208741,1.3456317],[103.7208927,1.3456329],[103.720915,1.3455942],[103.7208942,1.3455815],[103.7208908,1.3455711],[103.7208918,1.3455624],[103.7208979,1.345555],[103.7209093,1.3455526],[103.7205767,1.3453579],[103.720573,1.3453887],[103.7206112,1.3454122],[103.7205633,1.3454916],[103.720581,1.3455024],[103.7205663,1.3455265],[103.720633,1.3455691],[103.7206464,1.3455479],[103.7206967,1.3455754],[103.720683,1.3455979],[103.7207544,1.3456415],[103.7207685,1.3456173],[103.7207785,1.3456217],[103.7207963,1.3455945],[103.7208422,1.3456203],[103.7208295,1.3456451],[103.7208315,1.3456658],[103.7208369,1.3456612]]]},"clearanceHeight":1.7,"clearancePrepared":true},"geometry":{"type":"Polygon","coordinates":[[[103.7208315,1.3456658],[103.7208369,1.3456612],[103.7208424,1.3456587],[103.720855,1.3456631],[103.7208741,1.3456317],[103.7208927,1.3456329],[103.720915,1.3455942],[103.7208942,1.3455815],[103.7208908,1.3455711],[103.7208918,1.3455624],[103.7208979,1.345555],[103.7209093,1.3455526],[103.7205767,1.3453579],[103.720573,1.3453887],[103.7206112,1.3454122],[103.7205633,1.3454916],[103.720581,1.3455024],[103.7205663,1.3455265],[103.720633,1.3455691],[103.7206464,1.3455479],[103.7206967,1.3455754],[103.720683,1.3455979],[103.7207544,1.3456415],[103.7207685,1.3456173],[103.7207785,1.3456217],[103.7207963,1.3455945],[103.7208422,1.3456203],[103.7208295,1.3456451],[103.7208315,1.3456658]]]}},{"type":"Feature","id":"way/510246163-0","properties":{"building:levels":"16","building:part":"yes","clearanceGeometry":{"type":"Polygon","coordinates":[[[103.7213604,1.3458478],[103.721349,1.3458667],[103.7213327,1.3458575],[103.7213579,1.3458181],[103.7213187,1.3457928],[103.7211607,1.3456907],[103.7211493,1.3456931],[103.7211426,1.3457008],[103.7211416,1.3457129],[103.7211453,1.3457209],[103.7211631,1.3457326],[103.7211423,1.3457765],[103.7211286,1.3457682],[103.7211071,1.3458054],[103.7210917,1.3457983],[103.7210832,1.345799],[103.7210798,1.3458022],[103.7210783,1.3458079],[103.721078,1.3458121],[103.721079,1.3458158],[103.7211571,1.3458617],[103.7211735,1.3458369],[103.7212446,1.3458791],[103.7212295,1.3459049],[103.7213314,1.3459649],[103.7213894,1.345864],[103.7213604,1.3458478]]]},"clearanceHeight":1.7,"clearancePrepared":true},"geometry":{"type":"Polygon","coordinates":[[[103.7213894,1.345864],[103.7213604,1.3458478],[103.721349,1.3458667],[103.7213327,1.3458575],[103.7213579,1.3458181],[103.7213187,1.3457928],[103.7211607,1.3456907],[103.7211493,1.3456931],[103.7211426,1.3457008],[103.7211416,1.3457129],[103.7211453,1.3457209],[103.7211631,1.3457326],[103.7211423,1.3457765],[103.7211286,1.3457682],[103.7211071,1.3458054],[103.7210917,1.3457983],[103.7210832,1.345799],[103.7210798,1.3458022],[103.7210783,1.3458079],[103.721078,1.3458121],[103.721079,1.3458158],[103.7211571,1.3458617],[103.7211735,1.3458369],[103.7212446,1.3458791],[103.7212295,1.3459049],[103.7213314,1.3459649],[103.7213894,1.345864]]]}},{"type":"Feature","id":"way/510246166-0","properties":{"building:levels":"14","building:part":"yes","clearanceGeometry":{"type":"Polygon","coordinates":[[[103.7211674,1.3461044],[103.7211778,1.346086],[103.7211978,1.3460973],[103.7212118,1.3460726],[103.7211134,1.346017],[103.721055,1.3461202],[103.7210809,1.3461348],[103.7210412,1.3462049],[103.7210155,1.3461903],[103.72097,1.3462709],[103.7209859,1.3462799],[103.7209955,1.3462629],[103.7210034,1.3462674],[103.7210336,1.3462844],[103.72104,1.346273],[103.7210858,1.3462989],[103.7210713,1.3463246],[103.7211052,1.3463438],[103.7212229,1.3461359],[103.7211674,1.3461044]]]},"clearanceHeight":1.7,"clearancePrepared":true},"geometry":{"type":"Polygon","coordinates":[[[103.7212229,1.3461359],[103.7211674,1.3461044],[103.7211778,1.346086],[103.7211978,1.3460973],[103.7212118,1.3460726],[103.7211134,1.346017],[103.721055,1.3461202],[103.7210809,1.3461348],[103.7210412,1.3462049],[103.7210155,1.3461903],[103.72097,1.3462709],[103.7209859,1.3462799],[103.7209955,1.3462629],[103.7210034,1.3462674],[103.7210336,1.3462844],[103.72104,1.346273],[103.7210858,1.3462989],[103.7210713,1.3463246],[103.7211052,1.3463438],[103.7212229,1.3461359]]]}},{"type":"Feature","id":"way/686917634-0","properties":{"building":"yes","building:levels":"1","power":"substation","roof:levels":"1","roof:material":"roof_tiles","roof:orientation":"along","roof:shape":"gabled","clearanceGeometry":{"type":"Polygon","coordinates":[[[103.7217346,1.3460312],[103.7216869,1.3461444],[103.7217495,1.3461707],[103.7217971,1.3460574],[103.7217346,1.3460312]]]},"clearanceHeight":1.7,"clearancePrepared":true},"geometry":{"type":"Polygon","coordinates":[[[103.7217971,1.3460574],[103.7217346,1.3460312],[103.7216869,1.3461444],[103.7217495,1.3461707],[103.7217971,1.3460574]]]}},{"type":"Feature","id":"way/686917637-0","properties":{"building:levels":"16","building:part":"yes","clearanceGeometry":{"type":"Polygon","coordinates":[[[103.7232714,1.3460892],[103.7233044,1.3460896],[103.7233046,1.346076],[103.7233131,1.3460761],[103.7233133,1.3460622],[103.7233293,1.3460624],[103.7233289,1.346095],[103.7233193,1.3460949],[103.7233188,1.3461315],[103.7233114,1.3461315],[103.723311,1.3461576],[103.7232901,1.3461573],[103.7232897,1.3461869],[103.7233196,1.3461873],[103.7233195,1.3461956],[103.7233398,1.3461958],[103.7233396,1.3462044],[103.7233658,1.3462047],[103.7233662,1.346173],[103.7233796,1.3461732],[103.7233793,1.3461918],[103.7234416,1.3461926],[103.723442,1.3461633],[103.7234493,1.3461634],[103.7234497,1.3461361],[103.7234356,1.3461359],[103.7234366,1.3460598],[103.7234828,1.3460604],[103.7234826,1.3460786],[103.7234733,1.3460785],[103.723473,1.3460983],[103.7235362,1.3460991],[103.7235365,1.3460724],[103.7235457,1.3460726],[103.7235461,1.3460456],[103.7235342,1.3460454],[103.7235351,1.3459779],[103.7235481,1.3459781],[103.7235484,1.3459524],[103.723541,1.3459523],[103.7235414,1.3459227],[103.7234778,1.3459219],[103.7234775,1.3459402],[103.7234867,1.3459404],[103.7234865,1.345957],[103.7234402,1.3459564],[103.7234411,1.3458833],[103.7234552,1.3458835],[103.7234555,1.3458555],[103.7234479,1.3458554],[103.7234483,1.345827],[103.7233752,1.345826],[103.7233754,1.3458094],[103.7233498,1.3458091],[103.7233497,1.3458186],[103.72333,1.3458183],[103.7233299,1.345824],[103.7232954,1.3458236],[103.723295,1.3458526],[103.7233184,1.3458529],[103.723318,1.3458811],[103.723325,1.3458812],[103.7233246,1.3459151],[103.7233304,1.3459152],[103.7233299,1.3459545],[103.723316,1.3459543],[103.7233162,1.3459363],[103.7233072,1.3459362],[103.7233074,1.3459219],[103.7232726,1.3459214],[103.7232727,1.3459155],[103.7232105,1.3459147],[103.7232101,1.3459469],[103.7232261,1.3459471],[103.7232246,1.3460627],[103.7232086,1.3460625],[103.7232082,1.3460956],[103.7232713,1.3460964],[103.7232714,1.3460892]]]},"clearanceHeight":1.7,"clearancePrepared":true},"geometry":{"type":"Polygon","coordinates":[[[103.7232713,1.3460964],[103.7232714,1.3460892],[103.7233044,1.3460896],[103.7233046,1.346076],[103.7233131,1.3460761],[103.7233133,1.3460622],[103.7233293,1.3460624],[103.7233289,1.346095],[103.7233193,1.3460949],[103.7233188,1.3461315],[103.7233114,1.3461315],[103.723311,1.3461576],[103.7232901,1.3461573],[103.7232897,1.3461869],[103.7233196,1.3461873],[103.7233195,1.3461956],[103.7233398,1.3461958],[103.7233396,1.3462044],[103.7233658,1.3462047],[103.7233662,1.346173],[103.7233796,1.3461732],[103.7233793,1.3461918],[103.7234416,1.3461926],[103.723442,1.3461633],[103.7234493,1.3461634],[103.7234497,1.3461361],[103.7234356,1.3461359],[103.7234366,1.3460598],[103.7234828,1.3460604],[103.7234826,1.3460786],[103.7234733,1.3460785],[103.723473,1.3460983],[103.7235362,1.3460991],[103.7235365,1.3460724],[103.7235457,1.3460726],[103.7235461,1.3460456],[103.7235342,1.3460454],[103.7235351,1.3459779],[103.7235481,1.3459781],[103.7235484,1.3459524],[103.723541,1.3459523],[103.7235414,1.3459227],[103.7234778,1.3459219],[103.7234775,1.3459402],[103.7234867,1.3459404],[103.7234865,1.345957],[103.7234402,1.3459564],[103.7234411,1.3458833],[103.7234552,1.3458835],[103.7234555,1.3458555],[103.7234479,1.3458554],[103.7234483,1.345827],[103.7233752,1.345826],[103.7233754,1.3458094],[103.7233498,1.3458091],[103.7233497,1.3458186],[103.72333,1.3458183],[103.7233299,1.345824],[103.7232954,1.3458236],[103.723295,1.3458526],[103.7233184,1.3458529],[103.723318,1.3458811],[103.723325,1.3458812],[103.7233246,1.3459151],[103.7233304,1.3459152],[103.7233299,1.3459545],[103.723316,1.3459543],[103.7233162,1.3459363],[103.7233072,1.3459362],[103.7233074,1.3459219],[103.7232726,1.3459214],[103.7232727,1.3459155],[103.7232105,1.3459147],[103.7232101,1.3459469],[103.7232261,1.3459471],[103.7232246,1.3460627],[103.7232086,1.3460625],[103.7232082,1.3460956],[103.7232713,1.3460964]]]}},{"type":"Feature","id":"way/686917640-0","properties":{"building:levels":"16","building:part":"yes","clearanceGeometry":{"type":"Polygon","coordinates":[[[103.7232396,1.3456641],[103.7232651,1.3456644],[103.7232652,1.3456562],[103.7233003,1.3456567],[103.7233005,1.3456458],[103.7233378,1.3456462],[103.7233374,1.3456846],[103.7233279,1.3456845],[103.7233275,1.3457156],[103.7233152,1.3457155],[103.7233149,1.3457405],[103.7232965,1.3457403],[103.723296,1.3457768],[103.7233318,1.3457773],[103.7233317,1.3457845],[103.7233506,1.3457847],[103.7233505,1.3457913],[103.723377,1.3457916],[103.7233772,1.3457767],[103.7234489,1.3457777],[103.7234493,1.3457488],[103.7234589,1.3457489],[103.7234592,1.3457215],[103.7234483,1.3457213],[103.7234487,1.3456837],[103.7234444,1.3456837],[103.7234448,1.3456524],[103.7235167,1.3456533],[103.7235165,1.3456674],[103.7235673,1.345668],[103.7235675,1.3456521],[103.7235819,1.3456523],[103.7235823,1.3456196],[103.7235327,1.345619],[103.7235329,1.345599],[103.7235892,1.3455997],[103.7235895,1.3455754],[103.7235795,1.3455753],[103.7235799,1.3455426],[103.7235728,1.3455425],[103.7235733,1.3455103],[103.7235442,1.3455099],[103.723544,1.3455244],[103.7235168,1.3455241],[103.7235167,1.345531],[103.7234853,1.3455306],[103.7234852,1.3455382],[103.723449,1.3455377],[103.7234494,1.3455109],[103.7234824,1.3455114],[103.7234827,1.3454882],[103.7234897,1.3454882],[103.7234901,1.3454527],[103.7234868,1.3454526],[103.7234873,1.345415],[103.7234569,1.3454146],[103.7234566,1.3454371],[103.7234317,1.3454368],[103.7234315,1.3454569],[103.7233674,1.3454561],[103.7233677,1.3454365],[103.7233474,1.3454363],[103.7233478,1.3454101],[103.7233136,1.3454097],[103.7233131,1.3454489],[103.7233052,1.3454488],[103.7233048,1.3454798],[103.7233087,1.3454798],[103.7233084,1.3455063],[103.7233379,1.3455067],[103.7233375,1.3455368],[103.7233039,1.3455363],[103.723304,1.3455289],[103.7232715,1.3455285],[103.7232716,1.3455211],[103.7232486,1.3455208],[103.7232489,1.3454989],[103.7232166,1.3454985],[103.7232162,1.3455329],[103.7232097,1.3455328],[103.7232094,1.3455537],[103.7232009,1.3455536],[103.7232005,1.3455807],[103.7232338,1.3455811],[103.7232339,1.3455695],[103.7232487,1.3455697],[103.7232485,1.3455795],[103.7232653,1.3455797],[103.723265,1.3456027],[103.7232488,1.3456025],[103.7232487,1.3456154],[103.7232314,1.3456152],[103.7232316,1.3456019],[103.7232014,1.3456015],[103.7232011,1.3456279],[103.7232117,1.3456281],[103.723211,1.3456828],[103.7232394,1.3456832],[103.7232396,1.3456641]]]},"clearanceHeight":1.7,"clearancePrepared":true},"geometry":{"type":"Polygon","coordinates":[[[103.7232394,1.3456832],[103.7232396,1.3456641],[103.7232651,1.3456644],[103.7232652,1.3456562],[103.7233003,1.3456567],[103.7233005,1.3456458],[103.7233378,1.3456462],[103.7233374,1.3456846],[103.7233279,1.3456845],[103.7233275,1.3457156],[103.7233152,1.3457155],[103.7233149,1.3457405],[103.7232965,1.3457403],[103.723296,1.3457768],[103.7233318,1.3457773],[103.7233317,1.3457845],[103.7233506,1.3457847],[103.7233505,1.3457913],[103.723377,1.3457916],[103.7233772,1.3457767],[103.7234489,1.3457777],[103.7234493,1.3457488],[103.7234589,1.3457489],[103.7234592,1.3457215],[103.7234483,1.3457213],[103.7234487,1.3456837],[103.7234444,1.3456837],[103.7234448,1.3456524],[103.7235167,1.3456533],[103.7235165,1.3456674],[103.7235673,1.345668],[103.7235675,1.3456521],[103.7235819,1.3456523],[103.7235823,1.3456196],[103.7235327,1.345619],[103.7235329,1.345599],[103.7235892,1.3455997],[103.7235895,1.3455754],[103.7235795,1.3455753],[103.7235799,1.3455426],[103.7235728,1.3455425],[103.7235733,1.3455103],[103.7235442,1.3455099],[103.723544,1.3455244],[103.7235168,1.3455241],[103.7235167,1.345531],[103.7234853,1.3455306],[103.7234852,1.3455382],[103.723449,1.3455377],[103.7234494,1.3455109],[103.7234824,1.3455114],[103.7234827,1.3454882],[103.7234897,1.3454882],[103.7234901,1.3454527],[103.7234868,1.3454526],[103.7234873,1.345415],[103.7234569,1.3454146],[103.7234566,1.3454371],[103.7234317,1.3454368],[103.7234315,1.3454569],[103.7233674,1.3454561],[103.7233677,1.3454365],[103.7233474,1.3454363],[103.7233478,1.3454101],[103.7233136,1.3454097],[103.7233131,1.3454489],[103.7233052,1.3454488],[103.7233048,1.3454798],[103.7233087,1.3454798],[103.7233084,1.3455063],[103.7233379,1.3455067],[103.7233375,1.3455368],[103.7233039,1.3455363],[103.723304,1.3455289],[103.7232715,1.3455285],[103.7232716,1.3455211],[103.7232486,1.3455208],[103.7232489,1.3454989],[103.7232166,1.3454985],[103.7232162,1.3455329],[103.7232097,1.3455328],[103.7232094,1.3455537],[103.7232009,1.3455536],[103.7232005,1.3455807],[103.7232338,1.3455811],[103.7232339,1.3455695],[103.7232487,1.3455697],[103.7232485,1.3455795],[103.7232653,1.3455797],[103.723265,1.3456027],[103.7232488,1.3456025],[103.7232487,1.3456154],[103.7232314,1.3456152],[103.7232316,1.3456019],[103.7232014,1.3456015],[103.7232011,1.3456279],[103.7232117,1.3456281],[103.723211,1.3456828],[103.7232394,1.3456832]]]}},{"type":"Feature","id":"way/686917641-0","properties":{"building:levels":"16","building:part":"yes","clearanceGeometry":{"type":"Polygon","coordinates":[[[103.7228331,1.3456609],[103.7228588,1.3456609],[103.7228588,1.3456531],[103.722894,1.3456531],[103.722894,1.3456426],[103.7229314,1.3456427],[103.7229314,1.3456621],[103.722921,1.3456621],[103.722921,1.3456726],[103.7229077,1.3456726],[103.7229076,1.3457052],[103.722891,1.3457052],[103.722891,1.3457234],[103.7228964,1.3457234],[103.7228964,1.3457588],[103.7229276,1.3457588],[103.7229276,1.345747],[103.7230402,1.3457472],[103.7230401,1.345763],[103.723078,1.3457631],[103.723078,1.3457473],[103.7230733,1.3457473],[103.7230733,1.3457243],[103.723078,1.3457243],[103.723078,1.3457046],[103.7230688,1.3457046],[103.7230688,1.3456697],[103.7230556,1.3456697],[103.7230556,1.3456623],[103.723044,1.3456623],[103.723044,1.3456487],[103.7230792,1.3456488],[103.7230792,1.3456571],[103.7231102,1.3456571],[103.7231102,1.3456648],[103.7231372,1.3456649],[103.7231372,1.3456883],[103.7231674,1.3456883],[103.7231674,1.3456541],[103.7231716,1.3456541],[103.7231716,1.3456328],[103.7231825,1.3456328],[103.7231825,1.3456057],[103.7231488,1.3456057],[103.7231488,1.3456157],[103.7231345,1.3456157],[103.7231345,1.3456054],[103.7231142,1.3456053],[103.7231142,1.3455934],[103.723126,1.3455934],[103.723126,1.3455892],[103.7231459,1.3455893],[103.7231459,1.3455954],[103.723183,1.3455955],[103.723183,1.345572],[103.7231747,1.345572],[103.7231747,1.3455382],[103.7231702,1.3455382],[103.7231702,1.3455058],[103.7231377,1.3455057],[103.7231377,1.3455209],[103.7231104,1.3455209],[103.7231104,1.3455274],[103.7230789,1.3455274],[103.7230789,1.3455346],[103.7230428,1.3455346],[103.7230428,1.3455078],[103.7230762,1.3455078],[103.7230762,1.3454848],[103.7230836,1.3454849],[103.7230836,1.3454493],[103.7230807,1.3454493],[103.7230807,1.3454114],[103.7230504,1.3454114],[103.7230504,1.3454336],[103.7230252,1.3454336],[103.7230252,1.3454532],[103.7229612,1.3454531],[103.7229612,1.3454331],[103.7229412,1.3454331],[103.7229413,1.3454066],[103.7229071,1.3454066],[103.722907,1.3454455],[103.7228987,1.3454455],[103.7228986,1.3454765],[103.7229022,1.3454765],[103.7229022,1.3455031],[103.7229314,1.3455031],[103.7229313,1.3455332],[103.7228976,1.3455332],[103.7228976,1.3455253],[103.7228652,1.3455253],[103.7228652,1.3455176],[103.7228424,1.3455176],[103.7228424,1.3454942],[103.7228101,1.3454941],[103.72281,1.3455295],[103.7228032,1.3455295],[103.7228032,1.3455503],[103.7227944,1.3455503],[103.7227943,1.3455776],[103.7228275,1.3455776],[103.7228275,1.3455662],[103.7228422,1.3455662],[103.7228422,1.3455763],[103.7228588,1.3455763],[103.7228588,1.3455992],[103.7228424,1.3455992],[103.7228424,1.345612],[103.7228251,1.345612],[103.7228251,1.3455984],[103.7227949,1.3455984],[103.7227949,1.3456246],[103.722805,1.3456247],[103.7228049,1.345677],[103.7228331,1.3456771],[103.7228331,1.3456609]]]},"clearanceHeight":1.7,"clearancePrepared":true},"geometry":{"type":"Polygon","coordinates":[[[103.7228331,1.3456771],[103.7228331,1.3456609],[103.7228588,1.3456609],[103.7228588,1.3456531],[103.722894,1.3456531],[103.722894,1.3456426],[103.7229314,1.3456427],[103.7229314,1.3456621],[103.722921,1.3456621],[103.722921,1.3456726],[103.7229077,1.3456726],[103.7229076,1.3457052],[103.722891,1.3457052],[103.722891,1.3457234],[103.7228964,1.3457234],[103.7228964,1.3457588],[103.7229276,1.3457588],[103.7229276,1.345747],[103.7230402,1.3457472],[103.7230401,1.345763],[103.723078,1.3457631],[103.723078,1.3457473],[103.7230733,1.3457473],[103.7230733,1.3457243],[103.723078,1.3457243],[103.723078,1.3457046],[103.7230688,1.3457046],[103.7230688,1.3456697],[103.7230556,1.3456697],[103.7230556,1.3456623],[103.723044,1.3456623],[103.723044,1.3456487],[103.7230792,1.3456488],[103.7230792,1.3456571],[103.7231102,1.3456571],[103.7231102,1.3456648],[103.7231372,1.3456649],[103.7231372,1.3456883],[103.7231674,1.3456883],[103.7231674,1.3456541],[103.7231716,1.3456541],[103.7231716,1.3456328],[103.7231825,1.3456328],[103.7231825,1.3456057],[103.7231488,1.3456057],[103.7231488,1.3456157],[103.7231345,1.3456157],[103.7231345,1.3456054],[103.7231142,1.3456053],[103.7231142,1.3455934],[103.723126,1.3455934],[103.723126,1.3455892],[103.7231459,1.3455893],[103.7231459,1.3455954],[103.723183,1.3455955],[103.723183,1.345572],[103.7231747,1.345572],[103.7231747,1.3455382],[103.7231702,1.3455382],[103.7231702,1.3455058],[103.7231377,1.3455057],[103.7231377,1.3455209],[103.7231104,1.3455209],[103.7231104,1.3455274],[103.7230789,1.3455274],[103.7230789,1.3455346],[103.7230428,1.3455346],[103.7230428,1.3455078],[103.7230762,1.3455078],[103.7230762,1.3454848],[103.7230836,1.3454849],[103.7230836,1.3454493],[103.7230807,1.3454493],[103.7230807,1.3454114],[103.7230504,1.3454114],[103.7230504,1.3454336],[103.7230252,1.3454336],[103.7230252,1.3454532],[103.7229612,1.3454531],[103.7229612,1.3454331],[103.7229412,1.3454331],[103.7229413,1.3454066],[103.7229071,1.3454066],[103.722907,1.3454455],[103.7228987,1.3454455],[103.7228986,1.3454765],[103.7229022,1.3454765],[103.7229022,1.3455031],[103.7229314,1.3455031],[103.7229313,1.3455332],[103.7228976,1.3455332],[103.7228976,1.3455253],[103.7228652,1.3455253],[103.7228652,1.3455176],[103.7228424,1.3455176],[103.7228424,1.3454942],[103.7228101,1.3454941],[103.72281,1.3455295],[103.7228032,1.3455295],[103.7228032,1.3455503],[103.7227944,1.3455503],[103.7227943,1.3455776],[103.7228275,1.3455776],[103.7228275,1.3455662],[103.7228422,1.3455662],[103.7228422,1.3455763],[103.7228588,1.3455763],[103.7228588,1.3455992],[103.7228424,1.3455992],[103.7228424,1.345612],[103.7228251,1.345612],[103.7228251,1.3455984],[103.7227949,1.3455984],[103.7227949,1.3456246],[103.722805,1.3456247],[103.7228049,1.345677],[103.7228331,1.3456771]]]}},{"type":"Feature","id":"way/686917642-0","properties":{"building:levels":"16","building:part":"yes","clearanceGeometry":{"type":"Polygon","coordinates":[[[103.7224264,1.345647],[103.722452,1.345647],[103.722452,1.3456392],[103.7224873,1.3456392],[103.7224873,1.3456287],[103.7225246,1.3456287],[103.7225246,1.3456482],[103.7225143,1.3456482],[103.7225142,1.3456587],[103.7225009,1.3456587],[103.7225009,1.3456913],[103.7224842,1.3456913],[103.7224842,1.3457095],[103.7224896,1.3457095],[103.7224896,1.3457449],[103.7225208,1.3457449],[103.7225208,1.3457331],[103.7226334,1.3457333],[103.7226334,1.3457491],[103.7226712,1.3457491],[103.7226713,1.3457334],[103.7226666,1.3457334],[103.7226666,1.3457104],[103.7226712,1.3457104],[103.7226713,1.3456907],[103.722662,1.3456906],[103.722662,1.3456558],[103.7226488,1.3456558],[103.7226488,1.3456484],[103.7226372,1.3456484],[103.7226372,1.3456348],[103.7226724,1.3456348],[103.7226724,1.3456432],[103.7227034,1.3456432],[103.7227034,1.3456509],[103.7227304,1.3456509],[103.7227304,1.3456769],[103.7227606,1.345677],[103.7227606,1.3456402],[103.7227648,1.3456402],[103.7227648,1.3456189],[103.7227757,1.3456189],[103.7227757,1.3455918],[103.722742,1.3455918],[103.722742,1.3456018],[103.7227277,1.3456018],[103.7227278,1.3455914],[103.7227075,1.3455914],[103.7227075,1.3455795],[103.7227192,1.3455795],[103.7227192,1.3455753],[103.7227391,1.3455753],[103.7227391,1.3455815],[103.7227762,1.3455816],[103.7227762,1.3455581],[103.7227671,1.3455581],[103.7227671,1.3455287],[103.722764,1.3455287],[103.722764,1.3454941],[103.7227309,1.345494],[103.7227309,1.345507],[103.7227036,1.345507],[103.7227036,1.3455135],[103.7226721,1.3455135],[103.7226721,1.3455207],[103.722636,1.3455207],[103.7226361,1.3454939],[103.7226694,1.3454939],[103.7226694,1.3454709],[103.7226768,1.3454709],[103.7226768,1.3454354],[103.7226739,1.3454354],[103.7226739,1.3453975],[103.7226436,1.3453975],[103.7226436,1.3454197],[103.7226185,1.3454196],[103.7226184,1.3454393],[103.7225544,1.3454392],[103.7225544,1.3454192],[103.7225345,1.3454191],[103.7225345,1.3453927],[103.7225003,1.3453927],[103.7225002,1.3454316],[103.7224919,1.3454315],[103.7224919,1.3454626],[103.7224954,1.3454626],[103.7224954,1.3454892],[103.7225246,1.3454892],[103.7225246,1.3455193],[103.7224908,1.3455193],[103.7224908,1.3455114],[103.7224584,1.3455114],[103.7224584,1.3455037],[103.7224356,1.3455037],[103.7224356,1.3454834],[103.7224033,1.3454833],[103.7224033,1.3455156],[103.7223964,1.3455156],[103.7223964,1.3455364],[103.7223876,1.3455364],[103.7223876,1.3455637],[103.7224207,1.3455637],[103.7224207,1.3455523],[103.7224355,1.3455523],[103.7224355,1.3455623],[103.7224521,1.3455624],[103.722452,1.3455853],[103.7224356,1.3455853],[103.7224356,1.3455981],[103.7224183,1.345598],[103.7224183,1.3455845],[103.7223881,1.3455845],[103.7223881,1.3456107],[103.7223982,1.3456107],[103.7223982,1.3456665],[103.7224264,1.3456666],[103.7224264,1.345647]]]},"clearanceHeight":1.7,"clearancePrepared":true},"geometry":{"type":"Polygon","coordinates":[[[103.7224264,1.3456666],[103.7224264,1.345647],[103.722452,1.345647],[103.722452,1.3456392],[103.7224873,1.3456392],[103.7224873,1.3456287],[103.7225246,1.3456287],[103.7225246,1.3456482],[103.7225143,1.3456482],[103.7225142,1.3456587],[103.7225009,1.3456587],[103.7225009,1.3456913],[103.7224842,1.3456913],[103.7224842,1.3457095],[103.7224896,1.3457095],[103.7224896,1.3457449],[103.7225208,1.3457449],[103.7225208,1.3457331],[103.7226334,1.3457333],[103.7226334,1.3457491],[103.7226712,1.3457491],[103.7226713,1.3457334],[103.7226666,1.3457334],[103.7226666,1.3457104],[103.7226712,1.3457104],[103.7226713,1.3456907],[103.722662,1.3456906],[103.722662,1.3456558],[103.7226488,1.3456558],[103.7226488,1.3456484],[103.7226372,1.3456484],[103.7226372,1.3456348],[103.7226724,1.3456348],[103.7226724,1.3456432],[103.7227034,1.3456432],[103.7227034,1.3456509],[103.7227304,1.3456509],[103.7227304,1.3456769],[103.7227606,1.345677],[103.7227606,1.3456402],[103.7227648,1.3456402],[103.7227648,1.3456189],[103.7227757,1.3456189],[103.7227757,1.3455918],[103.722742,1.3455918],[103.722742,1.3456018],[103.7227277,1.3456018],[103.7227278,1.3455914],[103.7227075,1.3455914],[103.7227075,1.3455795],[103.7227192,1.3455795],[103.7227192,1.3455753],[103.7227391,1.3455753],[103.7227391,1.3455815],[103.7227762,1.3455816],[103.7227762,1.3455581],[103.7227671,1.3455581],[103.7227671,1.3455287],[103.722764,1.3455287],[103.722764,1.3454941],[103.7227309,1.345494],[103.7227309,1.345507],[103.7227036,1.345507],[103.7227036,1.3455135],[103.7226721,1.3455135],[103.7226721,1.3455207],[103.722636,1.3455207],[103.7226361,1.3454939],[103.7226694,1.3454939],[103.7226694,1.3454709],[103.7226768,1.3454709],[103.7226768,1.3454354],[103.7226739,1.3454354],[103.7226739,1.3453975],[103.7226436,1.3453975],[103.7226436,1.3454197],[103.7226185,1.3454196],[103.7226184,1.3454393],[103.7225544,1.3454392],[103.7225544,1.3454192],[103.7225345,1.3454191],[103.7225345,1.3453927],[103.7225003,1.3453927],[103.7225002,1.3454316],[103.7224919,1.3454315],[103.7224919,1.3454626],[103.7224954,1.3454626],[103.7224954,1.3454892],[103.7225246,1.3454892],[103.7225246,1.3455193],[103.7224908,1.3455193],[103.7224908,1.3455114],[103.7224584,1.3455114],[103.7224584,1.3455037],[103.7224356,1.3455037],[103.7224356,1.3454834],[103.7224033,1.3454833],[103.7224033,1.3455156],[103.7223964,1.3455156],[103.7223964,1.3455364],[103.7223876,1.3455364],[103.7223876,1.3455637],[103.7224207,1.3455637],[103.7224207,1.3455523],[103.7224355,1.3455523],[103.7224355,1.3455623],[103.7224521,1.3455624],[103.722452,1.3455853],[103.7224356,1.3455853],[103.7224356,1.3455981],[103.7224183,1.345598],[103.7224183,1.3455845],[103.7223881,1.3455845],[103.7223881,1.3456107],[103.7223982,1.3456107],[103.7223982,1.3456665],[103.7224264,1.3456666]]]}},{"type":"Feature","id":"way/686917643-0","properties":{"addr:city":"Singapore","addr:country":"SG","addr:housenumber":"33","addr:neighbourhood":"The Lakeshore","addr:postcode":"649413","addr:street":"Jurong West Street 41","building":"residential","building:levels":"16","residential":"condominium","clearanceGeometry":{"type":"Polygon","coordinates":[[[103.7232215,1.3464613],[103.7232103,1.3464548],[103.7232034,1.3464667],[103.7231956,1.3464621],[103.7231825,1.3464848],[103.7231902,1.3464893],[103.7231744,1.3465166],[103.7231984,1.3465305],[103.7232098,1.3465108],[103.7232322,1.3465237],[103.7232389,1.346512],[103.7232678,1.3465287],[103.7232828,1.3465029],[103.7233004,1.346513],[103.7232839,1.3465416],[103.7233153,1.3465598],[103.7233089,1.3465709],[103.72333,1.3465831],[103.7233189,1.3466022],[103.7233435,1.3466164],[103.72339,1.3465361],[103.7233581,1.3465176],[103.723371,1.3464953],[103.7234068,1.346516],[103.723436,1.3464655],[103.723428,1.3464609],[103.7234451,1.3464314],[103.7234207,1.3464173],[103.7234102,1.3464355],[103.7233842,1.3464204],[103.7233784,1.3464304],[103.7233504,1.3464142],[103.7233365,1.3464383],[103.7233231,1.3464306],[103.7233429,1.3463963],[103.7233206,1.3463835],[103.7233168,1.3463902],[103.7232887,1.346374],[103.7232975,1.3463588],[103.7232732,1.3463447],[103.723281,1.3463313],[103.7232587,1.3463184],[103.7232438,1.3463441],[103.7232313,1.3463369],[103.7232452,1.3463129],[103.7232172,1.3462968],[103.7232085,1.3463118],[103.7231616,1.3462847],[103.7231391,1.3463236],[103.7231222,1.3463138],[103.72314,1.3462831],[103.7231175,1.3462702],[103.723123,1.3462607],[103.7230742,1.3462324],[103.7230834,1.3462165],[103.7230549,1.3462],[103.7230295,1.3462438],[103.7230127,1.3462341],[103.7230224,1.3462173],[103.7230182,1.3462148],[103.7230337,1.3461879],[103.7230045,1.346171],[103.7229915,1.3461934],[103.7229392,1.3461631],[103.7229182,1.3461994],[103.722905,1.3461917],[103.7229252,1.3461569],[103.722852,1.3461145],[103.7228692,1.3460847],[103.7228422,1.3460691],[103.7228121,1.3461211],[103.7227877,1.346107],[103.7228001,1.3460856],[103.7227925,1.3460812],[103.7228093,1.3460522],[103.7227841,1.3460376],[103.7227725,1.3460577],[103.7227215,1.3460282],[103.7226988,1.3460675],[103.7226827,1.3460582],[103.7227014,1.3460257],[103.7226827,1.3460149],[103.7226879,1.346006],[103.7226376,1.345977],[103.7226479,1.3459592],[103.7226208,1.3459435],[103.7226049,1.3459711],[103.7226,1.3459683],[103.7225904,1.3459849],[103.7225799,1.3459788],[103.7225899,1.3459614],[103.7225827,1.3459573],[103.7225983,1.3459303],[103.722569,1.3459133],[103.7225575,1.345933],[103.7225089,1.3459049],[103.7224872,1.3459424],[103.7224691,1.345932],[103.7224873,1.3459005],[103.7224658,1.3458881],[103.7224698,1.3458813],[103.7224217,1.3458535],[103.7224318,1.345836],[103.7224044,1.3458201],[103.7223554,1.3459049],[103.7224062,1.3459342],[103.7223968,1.3459504],[103.722368,1.3459337],[103.7223497,1.3459653],[103.7223435,1.3459618],[103.7223319,1.3459818],[103.7223391,1.345986],[103.7223221,1.3460154],[103.7223475,1.3460301],[103.7223595,1.3460093],[103.722381,1.3460217],[103.7223878,1.3460099],[103.7224162,1.3460263],[103.7224281,1.3460057],[103.7224435,1.3460146],[103.7224274,1.3460423],[103.722457,1.3460594],[103.7224512,1.3460694],[103.7224772,1.3460844],[103.7224654,1.3461049],[103.7224866,1.3461172],[103.7225039,1.3460874],[103.7225106,1.3460912],[103.7225316,1.3460549],[103.7225154,1.3460455],[103.7225177,1.3460416],[103.7225749,1.3460747],[103.7225646,1.3460924],[103.7225569,1.346088],[103.7225468,1.3461055],[103.7225539,1.3461096],[103.7225366,1.3461395],[103.7225635,1.346155],[103.7225758,1.3461339],[103.722597,1.3461461],[103.7226026,1.3461364],[103.7226285,1.3461513],[103.722642,1.3461281],[103.722661,1.3461391],[103.7226447,1.3461672],[103.7226739,1.3461841],[103.7226663,1.3461973],[103.7226861,1.3462087],[103.7226768,1.3462247],[103.7227025,1.3462396],[103.7227177,1.3462133],[103.7227214,1.3462155],[103.7227402,1.346183],[103.7227901,1.3462118],[103.7227826,1.3462248],[103.7227743,1.34622],[103.7227621,1.3462412],[103.7227717,1.3462467],[103.7227574,1.3462714],[103.7227819,1.3462856],[103.7227945,1.3462636],[103.7228139,1.3462748],[103.7228183,1.3462672],[103.72285,1.3462855],[103.722864,1.3462612],[103.722879,1.3462699],[103.7228613,1.3463004],[103.7228898,1.3463169],[103.7228825,1.3463295],[103.7229058,1.346343],[103.7228978,1.3463568],[103.7229282,1.3463744],[103.7229644,1.3463119],[103.723006,1.346336],[103.7229981,1.3463497],[103.7229907,1.3463455],[103.7229818,1.3463609],[103.7229887,1.3463649],[103.7229724,1.3463932],[103.7229938,1.3464055],[103.7230037,1.3463884],[103.7230296,1.3464035],[103.7230365,1.3463916],[103.7230673,1.3464094],[103.7230823,1.3463834],[103.7230981,1.3463925],[103.7230782,1.3464268],[103.723108,1.3464441],[103.7231011,1.3464561],[103.7231228,1.3464687],[103.7231129,1.3464858],[103.7231377,1.3465001],[103.7231558,1.3464688],[103.7231626,1.3464728],[103.7231895,1.3464264],[103.7232286,1.346449],[103.7232215,1.3464613]]]},"clearanceHeight":1.7,"clearancePrepared":true},"geometry":{"type":"Polygon","coordinates":[[[103.7232286,1.346449],[103.7232215,1.3464613],[103.7232103,1.3464548],[103.7232034,1.3464667],[103.7231956,1.3464621],[103.7231825,1.3464848],[103.7231902,1.3464893],[103.7231744,1.3465166],[103.7231984,1.3465305],[103.7232098,1.3465108],[103.7232322,1.3465237],[103.7232389,1.346512],[103.7232678,1.3465287],[103.7232828,1.3465029],[103.7233004,1.346513],[103.7232839,1.3465416],[103.7233153,1.3465598],[103.7233089,1.3465709],[103.72333,1.3465831],[103.7233189,1.3466022],[103.7233435,1.3466164],[103.72339,1.3465361],[103.7233581,1.3465176],[103.723371,1.3464953],[103.7234068,1.346516],[103.723436,1.3464655],[103.723428,1.3464609],[103.7234451,1.3464314],[103.7234207,1.3464173],[103.7234102,1.3464355],[103.7233842,1.3464204],[103.7233784,1.3464304],[103.7233504,1.3464142],[103.7233365,1.3464383],[103.7233231,1.3464306],[103.7233429,1.3463963],[103.7233206,1.3463835],[103.7233168,1.3463902],[103.7232887,1.346374],[103.7232975,1.3463588],[103.7232732,1.3463447],[103.723281,1.3463313],[103.7232587,1.3463184],[103.7232438,1.3463441],[103.7232313,1.3463369],[103.7232452,1.3463129],[103.7232172,1.3462968],[103.7232085,1.3463118],[103.7231616,1.3462847],[103.7231391,1.3463236],[103.7231222,1.3463138],[103.72314,1.3462831],[103.7231175,1.3462702],[103.723123,1.3462607],[103.7230742,1.3462324],[103.7230834,1.3462165],[103.7230549,1.3462],[103.7230295,1.3462438],[103.7230127,1.3462341],[103.7230224,1.3462173],[103.7230182,1.3462148],[103.7230337,1.3461879],[103.7230045,1.346171],[103.7229915,1.3461934],[103.7229392,1.3461631],[103.7229182,1.3461994],[103.722905,1.3461917],[103.7229252,1.3461569],[103.722852,1.3461145],[103.7228692,1.3460847],[103.7228422,1.3460691],[103.7228121,1.3461211],[103.7227877,1.346107],[103.7228001,1.3460856],[103.7227925,1.3460812],[103.7228093,1.3460522],[103.7227841,1.3460376],[103.7227725,1.3460577],[103.7227215,1.3460282],[103.7226988,1.3460675],[103.7226827,1.3460582],[103.7227014,1.3460257],[103.7226827,1.3460149],[103.7226879,1.346006],[103.7226376,1.345977],[103.7226479,1.3459592],[103.7226208,1.3459435],[103.7226049,1.3459711],[103.7226,1.3459683],[103.7225904,1.3459849],[103.7225799,1.3459788],[103.7225899,1.3459614],[103.7225827,1.3459573],[103.7225983,1.3459303],[103.722569,1.3459133],[103.7225575,1.345933],[103.7225089,1.3459049],[103.7224872,1.3459424],[103.7224691,1.345932],[103.7224873,1.3459005],[103.7224658,1.3458881],[103.7224698,1.3458813],[103.7224217,1.3458535],[103.7224318,1.345836],[103.7224044,1.3458201],[103.7223554,1.3459049],[103.7224062,1.3459342],[103.7223968,1.3459504],[103.722368,1.3459337],[103.7223497,1.3459653],[103.7223435,1.3459618],[103.7223319,1.3459818],[103.7223391,1.345986],[103.7223221,1.3460154],[103.7223475,1.3460301],[103.7223595,1.3460093],[103.722381,1.3460217],[103.7223878,1.3460099],[103.7224162,1.3460263],[103.7224281,1.3460057],[103.7224435,1.3460146],[103.7224274,1.3460423],[103.722457,1.3460594],[103.7224512,1.3460694],[103.7224772,1.3460844],[103.7224654,1.3461049],[103.7224866,1.3461172],[103.7225039,1.3460874],[103.7225106,1.3460912],[103.7225316,1.3460549],[103.7225154,1.3460455],[103.7225177,1.3460416],[103.7225749,1.3460747],[103.7225646,1.3460924],[103.7225569,1.346088],[103.7225468,1.3461055],[103.7225539,1.3461096],[103.7225366,1.3461395],[103.7225635,1.346155],[103.7225758,1.3461339],[103.722597,1.3461461],[103.7226026,1.3461364],[103.7226285,1.3461513],[103.722642,1.3461281],[103.722661,1.3461391],[103.7226447,1.3461672],[103.7226739,1.3461841],[103.7226663,1.3461973],[103.7226861,1.3462087],[103.7226768,1.3462247],[103.7227025,1.3462396],[103.7227177,1.3462133],[103.7227214,1.3462155],[103.7227402,1.346183],[103.7227901,1.3462118],[103.7227826,1.3462248],[103.7227743,1.34622],[103.7227621,1.3462412],[103.7227717,1.3462467],[103.7227574,1.3462714],[103.7227819,1.3462856],[103.7227945,1.3462636],[103.7228139,1.3462748],[103.7228183,1.3462672],[103.72285,1.3462855],[103.722864,1.3462612],[103.722879,1.3462699],[103.7228613,1.3463004],[103.7228898,1.3463169],[103.7228825,1.3463295],[103.7229058,1.346343],[103.7228978,1.3463568],[103.7229282,1.3463744],[103.7229644,1.3463119],[103.723006,1.346336],[103.7229981,1.3463497],[103.7229907,1.3463455],[103.7229818,1.3463609],[103.7229887,1.3463649],[103.7229724,1.3463932],[103.7229938,1.3464055],[103.7230037,1.3463884],[103.7230296,1.3464035],[103.7230365,1.3463916],[103.7230673,1.3464094],[103.7230823,1.3463834],[103.7230981,1.3463925],[103.7230782,1.3464268],[103.723108,1.3464441],[103.7231011,1.3464561],[103.7231228,1.3464687],[103.7231129,1.3464858],[103.7231377,1.3465001],[103.7231558,1.3464688],[103.7231626,1.3464728],[103.7231895,1.3464264],[103.7232286,1.346449]]]}},{"type":"Feature","id":"way/686917646-0","properties":{"addr:city":"Singapore","addr:country":"SG","addr:housenumber":"2","addr:neighbourhood":"Lake Grande","addr:postcode":"648157","addr:street":"Jurong Lake Link","building":"residential","building:levels":"17","residential":"condominium","clearanceGeometry":{"type":"Polygon","coordinates":[[[103.7244417,1.3455348],[103.7244754,1.3455537],[103.7244793,1.3455467],[103.7245281,1.3455742],[103.7245562,1.3455244],[103.7246555,1.3455804],[103.7246454,1.3455983],[103.7246184,1.3455831],[103.7246049,1.3456072],[103.7245452,1.3455736],[103.7245143,1.3456281],[103.7245344,1.3456394],[103.7245291,1.3456489],[103.7246236,1.3457022],[103.7246289,1.3456928],[103.7246519,1.3457058],[103.7246565,1.3456976],[103.7246785,1.34571],[103.7246731,1.3457196],[103.7246839,1.3457256],[103.7246785,1.3457352],[103.7247158,1.3457562],[103.7247217,1.3457457],[103.7247703,1.3457731],[103.7248,1.3457203],[103.7247871,1.3457131],[103.7247913,1.3457059],[103.7247499,1.3456826],[103.72476,1.3456649],[103.7248049,1.3456902],[103.7248203,1.3456629],[103.7247952,1.3456487],[103.724811,1.3456206],[103.724799,1.3456138],[103.7248078,1.3455983],[103.7247782,1.3455816],[103.7247699,1.3455962],[103.724761,1.3455912],[103.7247761,1.3455644],[103.7248025,1.3455177],[103.7247955,1.3455138],[103.7247995,1.3455067],[103.724774,1.3454923],[103.7247788,1.345484],[103.7247326,1.3454579],[103.7247227,1.3454752],[103.7246763,1.345449],[103.7246821,1.3454387],[103.7246595,1.345426],[103.7246647,1.3454168],[103.7246151,1.3453888],[103.7246103,1.3453972],[103.7245882,1.3453847],[103.7245836,1.3453928],[103.724561,1.3453801],[103.7245656,1.345372],[103.7245548,1.3453659],[103.7245605,1.345356],[103.7245285,1.345338],[103.7245227,1.3453483],[103.7244524,1.3453085],[103.7244335,1.3453422],[103.7244229,1.3453363],[103.7244066,1.3453649],[103.7244985,1.3454168],[103.7244911,1.34543],[103.7244647,1.3454152],[103.7244594,1.3454248],[103.7244493,1.3454192],[103.7244071,1.345494],[103.724411,1.3454962],[103.7243963,1.3455222],[103.724403,1.345526],[103.7243976,1.3455355],[103.7244307,1.3455543],[103.7244417,1.3455348]]]},"clearanceHeight":1.7,"clearancePrepared":true},"geometry":{"type":"Polygon","coordinates":[[[103.7244307,1.3455543],[103.7244417,1.3455348],[103.7244754,1.3455537],[103.7244793,1.3455467],[103.7245281,1.3455742],[103.7245562,1.3455244],[103.7246555,1.3455804],[103.7246454,1.3455983],[103.7246184,1.3455831],[103.7246049,1.3456072],[103.7245452,1.3455736],[103.7245143,1.3456281],[103.7245344,1.3456394],[103.7245291,1.3456489],[103.7246236,1.3457022],[103.7246289,1.3456928],[103.7246519,1.3457058],[103.7246565,1.3456976],[103.7246785,1.34571],[103.7246731,1.3457196],[103.7246839,1.3457256],[103.7246785,1.3457352],[103.7247158,1.3457562],[103.7247217,1.3457457],[103.7247703,1.3457731],[103.7248,1.3457203],[103.7247871,1.3457131],[103.7247913,1.3457059],[103.7247499,1.3456826],[103.72476,1.3456649],[103.7248049,1.3456902],[103.7248203,1.3456629],[103.7247952,1.3456487],[103.724811,1.3456206],[103.724799,1.3456138],[103.7248078,1.3455983],[103.7247782,1.3455816],[103.7247699,1.3455962],[103.724761,1.3455912],[103.7247761,1.3455644],[103.7248025,1.3455177],[103.7247955,1.3455138],[103.7247995,1.3455067],[103.724774,1.3454923],[103.7247788,1.345484],[103.7247326,1.3454579],[103.7247227,1.3454752],[103.7246763,1.345449],[103.7246821,1.3454387],[103.7246595,1.345426],[103.7246647,1.3454168],[103.7246151,1.3453888],[103.7246103,1.3453972],[103.7245882,1.3453847],[103.7245836,1.3453928],[103.724561,1.3453801],[103.7245656,1.345372],[103.7245548,1.3453659],[103.7245605,1.345356],[103.7245285,1.345338],[103.7245227,1.3453483],[103.7244524,1.3453085],[103.7244335,1.3453422],[103.7244229,1.3453363],[103.7244066,1.3453649],[103.7244985,1.3454168],[103.7244911,1.34543],[103.7244647,1.3454152],[103.7244594,1.3454248],[103.7244493,1.3454192],[103.7244071,1.345494],[103.724411,1.3454962],[103.7243963,1.3455222],[103.724403,1.345526],[103.7243976,1.3455355],[103.7244307,1.3455543]]]}},{"type":"Feature","id":"way/686917657-0","properties":{"addr:city":"Singapore","addr:country":"SG","addr:housenumber":"6","addr:neighbourhood":"Lake Grande","addr:postcode":"648159","addr:street":"Jurong Lake Link","building":"residential","building:levels":"17","residential":"condominium","clearanceGeometry":{"type":"Polygon","coordinates":[[[103.7242025,1.345803],[103.7242077,1.3457941],[103.7241922,1.345785],[103.7242042,1.3457644],[103.724133,1.3457233],[103.7241383,1.3457142],[103.7241709,1.3457331],[103.7241748,1.3457263],[103.7242081,1.3457455],[103.7242231,1.3457197],[103.7241986,1.3457055],[103.7242139,1.345679],[103.7242063,1.3456746],[103.7242144,1.3456605],[103.7241806,1.345641],[103.7241725,1.345655],[103.724161,1.3456484],[103.7241718,1.3456296],[103.7241429,1.3456129],[103.7241503,1.3456],[103.7241822,1.3456184],[103.7242083,1.3455733],[103.724201,1.345569],[103.724203,1.3455654],[103.7241758,1.3455497],[103.7241814,1.3455399],[103.7241347,1.3455128],[103.7241257,1.3455285],[103.7240831,1.3455038],[103.7240885,1.3454942],[103.7240666,1.3454816],[103.7240714,1.3454733],[103.7240186,1.3454428],[103.7240144,1.3454501],[103.7239915,1.3454369],[103.7239861,1.3454465],[103.7239626,1.3454329],[103.723968,1.3454238],[103.7239582,1.3454182],[103.7239639,1.3454084],[103.72393,1.3453888],[103.7239241,1.345399],[103.7238351,1.3453476],[103.7237993,1.3454095],[103.723905,1.3454706],[103.7238989,1.3454811],[103.7238683,1.3454635],[103.7238605,1.3454769],[103.7238516,1.3454718],[103.7238068,1.3455493],[103.723811,1.3455517],[103.7237985,1.3455733],[103.7238022,1.3455754],[103.7237963,1.3455857],[103.72383,1.3456051],[103.7238419,1.3455845],[103.7238775,1.345605],[103.7238806,1.3455996],[103.72393,1.3456281],[103.7239583,1.3455792],[103.7240631,1.3456397],[103.72405,1.3456625],[103.7240162,1.345643],[103.7240064,1.3456597],[103.7239467,1.3456253],[103.7239145,1.3456811],[103.7239353,1.3456931],[103.723931,1.3457005],[103.7240305,1.3457579],[103.7240338,1.3457523],[103.7240538,1.3457639],[103.7240578,1.3457568],[103.7240808,1.34577],[103.7240763,1.345778],[103.7240879,1.3457847],[103.724085,1.3457897],[103.7241138,1.3458063],[103.7241165,1.3458018],[103.7242055,1.3458532],[103.7242075,1.3458499],[103.7242158,1.3458547],[103.7242349,1.3458217],[103.7242025,1.345803]]]},"clearanceHeight":1.7,"clearancePrepared":true},"geometry":{"type":"Polygon","coordinates":[[[103.7242349,1.3458217],[103.7242025,1.345803],[103.7242077,1.3457941],[103.7241922,1.345785],[103.7242042,1.3457644],[103.724133,1.3457233],[103.7241383,1.3457142],[103.7241709,1.3457331],[103.7241748,1.3457263],[103.7242081,1.3457455],[103.7242231,1.3457197],[103.7241986,1.3457055],[103.7242139,1.345679],[103.7242063,1.3456746],[103.7242144,1.3456605],[103.7241806,1.345641],[103.7241725,1.345655],[103.724161,1.3456484],[103.7241718,1.3456296],[103.7241429,1.3456129],[103.7241503,1.3456],[103.7241822,1.3456184],[103.7242083,1.3455733],[103.724201,1.345569],[103.724203,1.3455654],[103.7241758,1.3455497],[103.7241814,1.3455399],[103.7241347,1.3455128],[103.7241257,1.3455285],[103.7240831,1.3455038],[103.7240885,1.3454942],[103.7240666,1.3454816],[103.7240714,1.3454733],[103.7240186,1.3454428],[103.7240144,1.3454501],[103.7239915,1.3454369],[103.7239861,1.3454465],[103.7239626,1.3454329],[103.723968,1.3454238],[103.7239582,1.3454182],[103.7239639,1.3454084],[103.72393,1.3453888],[103.7239241,1.345399],[103.7238351,1.3453476],[103.7237993,1.3454095],[103.723905,1.3454706],[103.7238989,1.3454811],[103.7238683,1.3454635],[103.7238605,1.3454769],[103.7238516,1.3454718],[103.7238068,1.3455493],[103.723811,1.3455517],[103.7237985,1.3455733],[103.7238022,1.3455754],[103.7237963,1.3455857],[103.72383,1.3456051],[103.7238419,1.3455845],[103.7238775,1.345605],[103.7238806,1.3455996],[103.72393,1.3456281],[103.7239583,1.3455792],[103.7240631,1.3456397],[103.72405,1.3456625],[103.7240162,1.345643],[103.7240064,1.3456597],[103.7239467,1.3456253],[103.7239145,1.3456811],[103.7239353,1.3456931],[103.723931,1.3457005],[103.7240305,1.3457579],[103.7240338,1.3457523],[103.7240538,1.3457639],[103.7240578,1.3457568],[103.7240808,1.34577],[103.7240763,1.345778],[103.7240879,1.3457847],[103.724085,1.3457897],[103.7241138,1.3458063],[103.7241165,1.3458018],[103.7242055,1.3458532],[103.7242075,1.3458499],[103.7242158,1.3458547],[103.7242349,1.3458217]]]}},{"type":"Feature","id":"way/686917658-0","properties":{"addr:city":"Singapore","addr:country":"SG","addr:housenumber":"10","addr:neighbourhood":"Lake Grande","addr:postcode":"648131","addr:street":"Jurong Lake Link","building":"residential","building:levels":"17","residential":"condominium","clearanceGeometry":{"type":"Polygon","coordinates":[[[103.7246462,1.3460822],[103.7246383,1.3460963],[103.7246217,1.3460871],[103.7246134,1.3461019],[103.7245908,1.3460892],[103.7245871,1.3460959],[103.7245803,1.3460921],[103.7245611,1.3461264],[103.7245673,1.3461298],[103.7245608,1.3461415],[103.724615,1.3461719],[103.7246107,1.3461795],[103.7246294,1.34619],[103.7246344,1.3461811],[103.7246745,1.3462035],[103.7246805,1.3461928],[103.7246941,1.3462004],[103.7246919,1.3462043],[103.7247578,1.3462411],[103.724761,1.3462354],[103.724769,1.3462399],[103.7247746,1.34623],[103.7247915,1.3462395],[103.7247945076314,1.3462341315396407],[103.72480013856863,1.3462036568107685],[103.72480795643351,1.34620510062351],[103.7247765,1.3461875],[103.7247864,1.3461698],[103.7248041,1.3461797],[103.7248204,1.3461505],[103.7248081,1.3461436],[103.7248243,1.3461147],[103.7247609,1.3460792],[103.7247588,1.346083],[103.7247365,1.3460706],[103.7247463,1.3460531],[103.7247637,1.3460629],[103.7247981,1.3460013],[103.7247425,1.3459702],[103.7247477,1.3459608],[103.724734,1.3459532],[103.7247295,1.3459613],[103.7247052,1.3459477],[103.7247026,1.3459525],[103.7246792,1.3459395],[103.7246842,1.3459305],[103.7246073,1.3458876],[103.7246029,1.3458955],[103.7245841,1.345885],[103.7245782,1.3458955],[103.7245379,1.3458729],[103.7245415,1.3458665],[103.72447,1.3458265],[103.7244632,1.3458387],[103.7244523,1.3458326],[103.7244288,1.3458747],[103.7244573,1.3458906],[103.724449,1.3459054],[103.7244124,1.345885],[103.7243934,1.3459188],[103.724408,1.345927],[103.7244028,1.3459363],[103.7244106,1.3459406],[103.7244059,1.3459491],[103.7244687,1.3459842],[103.724472,1.3459783],[103.7244852,1.3459857],[103.7244556,1.3460387],[103.7245306,1.3460806],[103.7245575,1.3460326],[103.7246462,1.3460822]]]},"clearanceHeight":1.7,"clearancePrepared":true},"geometry":{"type":"Polygon","coordinates":[[[103.7245575,1.3460326],[103.7246462,1.3460822],[103.7246383,1.3460963],[103.7246217,1.3460871],[103.7246134,1.3461019],[103.7245908,1.3460892],[103.7245871,1.3460959],[103.7245803,1.3460921],[103.7245611,1.3461264],[103.7245673,1.3461298],[103.7245608,1.3461415],[103.724615,1.3461719],[103.7246107,1.3461795],[103.7246294,1.34619],[103.7246344,1.3461811],[103.7246745,1.3462035],[103.7246805,1.3461928],[103.7246941,1.3462004],[103.7246919,1.3462043],[103.7247578,1.3462411],[103.724761,1.3462354],[103.724769,1.3462399],[103.7247746,1.34623],[103.7247915,1.3462395],[103.7248101,1.3462063],[103.7247765,1.3461875],[103.7247864,1.3461698],[103.7248041,1.3461797],[103.7248204,1.3461505],[103.7248081,1.3461436],[103.7248243,1.3461147],[103.7247609,1.3460792],[103.7247588,1.346083],[103.7247365,1.3460706],[103.7247463,1.3460531],[103.7247637,1.3460629],[103.7247981,1.3460013],[103.7247425,1.3459702],[103.7247477,1.3459608],[103.724734,1.3459532],[103.7247295,1.3459613],[103.7247052,1.3459477],[103.7247026,1.3459525],[103.7246792,1.3459395],[103.7246842,1.3459305],[103.7246073,1.3458876],[103.7246029,1.3458955],[103.7245841,1.345885],[103.7245782,1.3458955],[103.7245379,1.3458729],[103.7245415,1.3458665],[103.72447,1.3458265],[103.7244632,1.3458387],[103.7244523,1.3458326],[103.7244288,1.3458747],[103.7244573,1.3458906],[103.724449,1.3459054],[103.7244124,1.345885],[103.7243934,1.3459188],[103.724408,1.345927],[103.7244028,1.3459363],[103.7244106,1.3459406],[103.7244059,1.3459491],[103.7244687,1.3459842],[103.724472,1.3459783],[103.7244852,1.3459857],[103.7244556,1.3460387],[103.7245306,1.3460806],[103.7245575,1.3460326]]]}},{"type":"Feature","id":"way/686917659-0","properties":{"addr:city":"Singapore","addr:country":"SG","addr:housenumber":"8","addr:neighbourhood":"Lake Grande","addr:postcode":"648130","addr:street":"Jurong Lake Link","building":"residential","building:levels":"17","residential":"condominium","clearanceGeometry":{"type":"Polygon","coordinates":[[[103.7240435,1.3461766],[103.724035,1.3461904],[103.7240188,1.3461803],[103.7240098,1.3461947],[103.7239878,1.3461811],[103.7239838,1.3461875],[103.7239771,1.3461834],[103.7239565,1.3462168],[103.7239625,1.3462206],[103.7239554,1.346232],[103.7240082,1.3462647],[103.7240036,1.3462722],[103.7240218,1.3462835],[103.7240271,1.3462748],[103.7240662,1.3462991],[103.7240727,1.3462887],[103.7240859,1.3462969],[103.7240836,1.3463007],[103.7241476,1.3463405],[103.7241511,1.3463348],[103.724159,1.3463398],[103.7241649,1.3463301],[103.7241815,1.3463403],[103.7242015,1.346308],[103.7241687,1.3462877],[103.7241794,1.3462705],[103.7241967,1.3462812],[103.7242144,1.3462527],[103.7242024,1.3462453],[103.7242198,1.3462172],[103.7241581,1.3461789],[103.7241558,1.3461825],[103.7241342,1.3461691],[103.7241447,1.3461522],[103.7241618,1.3461626],[103.7241989,1.3461027],[103.7241447,1.3460691],[103.7241503,1.34606],[103.724137,1.3460517],[103.7241321,1.3460596],[103.7241086,1.346045],[103.7241057,1.3460496],[103.724083,1.3460355],[103.7240884,1.3460269],[103.7240135,1.3459804],[103.7240088,1.3459881],[103.7239904,1.3459767],[103.7239841,1.345987],[103.7239449,1.3459626],[103.7239488,1.3459563],[103.7238792,1.3459131],[103.7238718,1.345925],[103.7238612,1.3459184],[103.7238358,1.3459594],[103.7238634,1.3459765],[103.7238545,1.345991],[103.7238188,1.3459689],[103.7237984,1.3460019],[103.7238126,1.3460106],[103.7238069,1.3460197],[103.7238145,1.3460244],[103.7238094,1.3460326],[103.7238706,1.3460706],[103.7238741,1.3460648],[103.7238871,1.3460728],[103.723855,1.3461244],[103.7239281,1.3461698],[103.7239571,1.346123],[103.7240435,1.3461766]]]},"clearanceHeight":1.7,"clearancePrepared":true},"geometry":{"type":"Polygon","coordinates":[[[103.7239571,1.346123],[103.7240435,1.3461766],[103.724035,1.3461904],[103.7240188,1.3461803],[103.7240098,1.3461947],[103.7239878,1.3461811],[103.7239838,1.3461875],[103.7239771,1.3461834],[103.7239565,1.3462168],[103.7239625,1.3462206],[103.7239554,1.346232],[103.7240082,1.3462647],[103.7240036,1.3462722],[103.7240218,1.3462835],[103.7240271,1.3462748],[103.7240662,1.3462991],[103.7240727,1.3462887],[103.7240859,1.3462969],[103.7240836,1.3463007],[103.7241476,1.3463405],[103.7241511,1.3463348],[103.724159,1.3463398],[103.7241649,1.3463301],[103.7241815,1.3463403],[103.7242015,1.346308],[103.7241687,1.3462877],[103.7241794,1.3462705],[103.7241967,1.3462812],[103.7242144,1.3462527],[103.7242024,1.3462453],[103.7242198,1.3462172],[103.7241581,1.3461789],[103.7241558,1.3461825],[103.7241342,1.3461691],[103.7241447,1.3461522],[103.7241618,1.3461626],[103.7241989,1.3461027],[103.7241447,1.3460691],[103.7241503,1.34606],[103.724137,1.3460517],[103.7241321,1.3460596],[103.7241086,1.346045],[103.7241057,1.3460496],[103.724083,1.3460355],[103.7240884,1.3460269],[103.7240135,1.3459804],[103.7240088,1.3459881],[103.7239904,1.3459767],[103.7239841,1.345987],[103.7239449,1.3459626],[103.7239488,1.3459563],[103.7238792,1.3459131],[103.7238718,1.345925],[103.7238612,1.3459184],[103.7238358,1.3459594],[103.7238634,1.3459765],[103.7238545,1.345991],[103.7238188,1.3459689],[103.7237984,1.3460019],[103.7238126,1.3460106],[103.7238069,1.3460197],[103.7238145,1.3460244],[103.7238094,1.3460326],[103.7238706,1.3460706],[103.7238741,1.3460648],[103.7238871,1.3460728],[103.723855,1.3461244],[103.7239281,1.3461698],[103.7239571,1.346123]]]}},{"type":"Feature","id":"way/686917662-0","properties":{"building":"yes","clearanceGeometry":{"type":"Polygon","coordinates":[[[103.7252123,1.3461969],[103.7252253,1.3461968],[103.7252247,1.3461092],[103.7251597,1.3461096],[103.7251608,1.3462849],[103.7252129,1.3462846],[103.7252123,1.3461969]]]},"clearanceHeight":1.7,"clearancePrepared":true},"geometry":{"type":"Polygon","coordinates":[[[103.7252129,1.3462846],[103.7252123,1.3461969],[103.7252253,1.3461968],[103.7252247,1.3461092],[103.7251597,1.3461096],[103.7251608,1.3462849],[103.7252129,1.3462846]]]}},{"type":"Feature","id":"way/686919506-0","properties":{"addr:city":"Singapore","addr:country":"SG","addr:housenumber":"29","addr:neighbourhood":"The Lakeshore","addr:postcode":"649411","addr:street":"Jurong West Street 41","building":"residential","height":"0","residential":"condominium","clearanceGeometry":{"type":"Polygon","coordinates":[[[103.723295,1.3458526],[103.7233184,1.3458529],[103.723318,1.3458811],[103.723325,1.3458812],[103.7233246,1.3459151],[103.7233304,1.3459152],[103.7233299,1.3459545],[103.723316,1.3459543],[103.7233162,1.3459363],[103.7233072,1.3459362],[103.7233074,1.3459219],[103.7232726,1.3459214],[103.7232727,1.3459155],[103.7232105,1.3459147],[103.7232101,1.3459469],[103.7232261,1.3459471],[103.7232246,1.3460627],[103.7232086,1.3460625],[103.7232082,1.3460956],[103.7232713,1.3460964],[103.7232714,1.3460892],[103.7233044,1.3460896],[103.7233046,1.346076],[103.7233131,1.3460761],[103.7233133,1.3460622],[103.7233293,1.3460624],[103.7233289,1.346095],[103.7233193,1.3460949],[103.7233188,1.3461315],[103.7233114,1.3461315],[103.723311,1.3461576],[103.7232901,1.3461573],[103.7232897,1.3461869],[103.7233196,1.3461873],[103.7233195,1.3461956],[103.7233398,1.3461958],[103.7233396,1.3462044],[103.7233658,1.3462047],[103.7233662,1.346173],[103.7233796,1.3461732],[103.7233793,1.3461918],[103.7234416,1.3461926],[103.723442,1.3461633],[103.7234493,1.3461634],[103.7234497,1.3461361],[103.7234356,1.3461359],[103.7234366,1.3460598],[103.7234828,1.3460604],[103.7234826,1.3460786],[103.7234733,1.3460785],[103.723473,1.3460983],[103.7235362,1.3460991],[103.7235365,1.3460724],[103.7235457,1.3460726],[103.7235461,1.3460456],[103.7235342,1.3460454],[103.7235351,1.3459779],[103.7235481,1.3459781],[103.7235484,1.3459524],[103.723541,1.3459523],[103.7235414,1.3459227],[103.7234778,1.3459219],[103.7234775,1.3459402],[103.7234867,1.3459404],[103.7234865,1.345957],[103.7234402,1.3459564],[103.7234411,1.3458833],[103.7234552,1.3458835],[103.7234555,1.3458555],[103.7234479,1.3458554],[103.7234483,1.345827],[103.7234489,1.3457777],[103.7234493,1.3457488],[103.7234589,1.3457489],[103.7234592,1.3457215],[103.7234483,1.3457213],[103.7234487,1.3456837],[103.7234444,1.3456837],[103.7234448,1.3456524],[103.7235167,1.3456533],[103.7235165,1.3456674],[103.7235673,1.345668],[103.7235675,1.3456521],[103.7235819,1.3456523],[103.7235823,1.3456196],[103.7235327,1.345619],[103.7235329,1.345599],[103.7235892,1.3455997],[103.7235895,1.3455754],[103.7235795,1.3455753],[103.7235799,1.3455426],[103.7235728,1.3455425],[103.7235733,1.3455103],[103.7235442,1.3455099],[103.723544,1.3455244],[103.7235168,1.3455241],[103.7235167,1.345531],[103.7234853,1.3455306],[103.7234852,1.3455382],[103.723449,1.3455377],[103.7234494,1.3455109],[103.7234824,1.3455114],[103.7234827,1.3454882],[103.7234897,1.3454882],[103.7234901,1.3454527],[103.7234868,1.3454526],[103.7234873,1.345415],[103.7234569,1.3454146],[103.7234566,1.3454371],[103.7234317,1.3454368],[103.7234315,1.3454569],[103.7233674,1.3454561],[103.7233677,1.3454365],[103.7233474,1.3454363],[103.7233478,1.3454101],[103.7233136,1.3454097],[103.7233131,1.3454489],[103.7233052,1.3454488],[103.7233048,1.3454798],[103.7233087,1.3454798],[103.7233084,1.3455063],[103.7233379,1.3455067],[103.7233375,1.3455368],[103.7233039,1.3455363],[103.723304,1.3455289],[103.7232715,1.3455285],[103.7232716,1.3455211],[103.7232486,1.3455208],[103.7232489,1.3454989],[103.7232166,1.3454985],[103.7232162,1.3455329],[103.7232097,1.3455328],[103.7232094,1.3455537],[103.7232009,1.3455536],[103.7232005,1.3455807],[103.7232338,1.3455811],[103.7232339,1.3455695],[103.7232487,1.3455697],[103.7232485,1.3455795],[103.7232653,1.3455797],[103.723265,1.3456027],[103.7232488,1.3456025],[103.7232487,1.3456154],[103.7232314,1.3456152],[103.7232316,1.3456019],[103.7232014,1.3456015],[103.7232011,1.3456279],[103.7232117,1.3456281],[103.723211,1.3456828],[103.7232394,1.3456832],[103.7232396,1.3456641],[103.7232651,1.3456644],[103.7232652,1.3456562],[103.7233003,1.3456567],[103.7233005,1.3456458],[103.7233378,1.3456462],[103.7233374,1.3456846],[103.7233279,1.3456845],[103.7233275,1.3457156],[103.7233152,1.3457155],[103.7233149,1.3457405],[103.7232965,1.3457403],[103.723296,1.3457768],[103.7232954,1.3458236],[103.723295,1.3458526]]]},"clearanceHeight":1.7,"clearancePrepared":true},"geometry":{"type":"Polygon","coordinates":[[[103.7232954,1.3458236],[103.723295,1.3458526],[103.7233184,1.3458529],[103.723318,1.3458811],[103.723325,1.3458812],[103.7233246,1.3459151],[103.7233304,1.3459152],[103.7233299,1.3459545],[103.723316,1.3459543],[103.7233162,1.3459363],[103.7233072,1.3459362],[103.7233074,1.3459219],[103.7232726,1.3459214],[103.7232727,1.3459155],[103.7232105,1.3459147],[103.7232101,1.3459469],[103.7232261,1.3459471],[103.7232246,1.3460627],[103.7232086,1.3460625],[103.7232082,1.3460956],[103.7232713,1.3460964],[103.7232714,1.3460892],[103.7233044,1.3460896],[103.7233046,1.346076],[103.7233131,1.3460761],[103.7233133,1.3460622],[103.7233293,1.3460624],[103.7233289,1.346095],[103.7233193,1.3460949],[103.7233188,1.3461315],[103.7233114,1.3461315],[103.723311,1.3461576],[103.7232901,1.3461573],[103.7232897,1.3461869],[103.7233196,1.3461873],[103.7233195,1.3461956],[103.7233398,1.3461958],[103.7233396,1.3462044],[103.7233658,1.3462047],[103.7233662,1.346173],[103.7233796,1.3461732],[103.7233793,1.3461918],[103.7234416,1.3461926],[103.723442,1.3461633],[103.7234493,1.3461634],[103.7234497,1.3461361],[103.7234356,1.3461359],[103.7234366,1.3460598],[103.7234828,1.3460604],[103.7234826,1.3460786],[103.7234733,1.3460785],[103.723473,1.3460983],[103.7235362,1.3460991],[103.7235365,1.3460724],[103.7235457,1.3460726],[103.7235461,1.3460456],[103.7235342,1.3460454],[103.7235351,1.3459779],[103.7235481,1.3459781],[103.7235484,1.3459524],[103.723541,1.3459523],[103.7235414,1.3459227],[103.7234778,1.3459219],[103.7234775,1.3459402],[103.7234867,1.3459404],[103.7234865,1.345957],[103.7234402,1.3459564],[103.7234411,1.3458833],[103.7234552,1.3458835],[103.7234555,1.3458555],[103.7234479,1.3458554],[103.7234483,1.345827],[103.7234489,1.3457777],[103.7234493,1.3457488],[103.7234589,1.3457489],[103.7234592,1.3457215],[103.7234483,1.3457213],[103.7234487,1.3456837],[103.7234444,1.3456837],[103.7234448,1.3456524],[103.7235167,1.3456533],[103.7235165,1.3456674],[103.7235673,1.345668],[103.7235675,1.3456521],[103.7235819,1.3456523],[103.7235823,1.3456196],[103.7235327,1.345619],[103.7235329,1.345599],[103.7235892,1.3455997],[103.7235895,1.3455754],[103.7235795,1.3455753],[103.7235799,1.3455426],[103.7235728,1.3455425],[103.7235733,1.3455103],[103.7235442,1.3455099],[103.723544,1.3455244],[103.7235168,1.3455241],[103.7235167,1.345531],[103.7234853,1.3455306],[103.7234852,1.3455382],[103.723449,1.3455377],[103.7234494,1.3455109],[103.7234824,1.3455114],[103.7234827,1.3454882],[103.7234897,1.3454882],[103.7234901,1.3454527],[103.7234868,1.3454526],[103.7234873,1.345415],[103.7234569,1.3454146],[103.7234566,1.3454371],[103.7234317,1.3454368],[103.7234315,1.3454569],[103.7233674,1.3454561],[103.7233677,1.3454365],[103.7233474,1.3454363],[103.7233478,1.3454101],[103.7233136,1.3454097],[103.7233131,1.3454489],[103.7233052,1.3454488],[103.7233048,1.3454798],[103.7233087,1.3454798],[103.7233084,1.3455063],[103.7233379,1.3455067],[103.7233375,1.3455368],[103.7233039,1.3455363],[103.723304,1.3455289],[103.7232715,1.3455285],[103.7232716,1.3455211],[103.7232486,1.3455208],[103.7232489,1.3454989],[103.7232166,1.3454985],[103.7232162,1.3455329],[103.7232097,1.3455328],[103.7232094,1.3455537],[103.7232009,1.3455536],[103.7232005,1.3455807],[103.7232338,1.3455811],[103.7232339,1.3455695],[103.7232487,1.3455697],[103.7232485,1.3455795],[103.7232653,1.3455797],[103.723265,1.3456027],[103.7232488,1.3456025],[103.7232487,1.3456154],[103.7232314,1.3456152],[103.7232316,1.3456019],[103.7232014,1.3456015],[103.7232011,1.3456279],[103.7232117,1.3456281],[103.723211,1.3456828],[103.7232394,1.3456832],[103.7232396,1.3456641],[103.7232651,1.3456644],[103.7232652,1.3456562],[103.7233003,1.3456567],[103.7233005,1.3456458],[103.7233378,1.3456462],[103.7233374,1.3456846],[103.7233279,1.3456845],[103.7233275,1.3457156],[103.7233152,1.3457155],[103.7233149,1.3457405],[103.7232965,1.3457403],[103.723296,1.3457768],[103.7232954,1.3458236]]]}},{"type":"Feature","id":"way/686919507-0","properties":{"addr:city":"Singapore","addr:country":"SG","addr:housenumber":"31","addr:neighbourhood":"The Lakeshore","addr:postcode":"649412","addr:street":"Jurong West Street 41","building":"residential","height":"0","residential":"condominium","clearanceGeometry":{"type":"Polygon","coordinates":[[[103.7221398,1.3457154],[103.7222065,1.3457156],[103.7222065,1.3457259],[103.7222301,1.345726],[103.7222301,1.345742],[103.722268,1.345742],[103.722268,1.3457263],[103.7222633,1.3457262],[103.7222633,1.3457033],[103.722268,1.3457033],[103.722268,1.3456835],[103.7222587,1.3456835],[103.7222588,1.3456487],[103.7222455,1.3456486],[103.7222455,1.3456413],[103.7222339,1.3456413],[103.722234,1.3456277],[103.7222692,1.3456278],[103.7222691,1.345636],[103.7223002,1.3456361],[103.7223002,1.3456438],[103.7223272,1.3456439],[103.7223271,1.3456664],[103.7223573,1.3456664],[103.7223982,1.3456665],[103.7224264,1.3456666],[103.7224264,1.345647],[103.722452,1.345647],[103.722452,1.3456392],[103.7224873,1.3456392],[103.7224873,1.3456287],[103.7225246,1.3456287],[103.7225246,1.3456482],[103.7225143,1.3456482],[103.7225142,1.3456587],[103.7225009,1.3456587],[103.7225009,1.3456913],[103.7224842,1.3456913],[103.7224842,1.3457095],[103.7224896,1.3457095],[103.7224896,1.3457449],[103.7225208,1.3457449],[103.7225208,1.3457331],[103.7226334,1.3457333],[103.7226334,1.3457491],[103.7226712,1.3457491],[103.7226713,1.3457334],[103.7226666,1.3457334],[103.7226666,1.3457104],[103.7226712,1.3457104],[103.7226713,1.3456907],[103.722662,1.3456906],[103.722662,1.3456558],[103.7226488,1.3456558],[103.7226488,1.3456484],[103.7226372,1.3456484],[103.7226372,1.3456348],[103.7226724,1.3456348],[103.7226724,1.3456432],[103.7227034,1.3456432],[103.7227034,1.3456509],[103.7227304,1.3456509],[103.7227304,1.3456769],[103.7227606,1.345677],[103.7228049,1.345677],[103.7228331,1.3456771],[103.7228331,1.3456609],[103.7228588,1.3456609],[103.7228588,1.3456531],[103.722894,1.3456531],[103.722894,1.3456426],[103.7229314,1.3456427],[103.7229314,1.3456621],[103.722921,1.3456621],[103.722921,1.3456726],[103.7229077,1.3456726],[103.7229076,1.3457052],[103.722891,1.3457052],[103.722891,1.3457234],[103.7228964,1.3457234],[103.7228964,1.3457588],[103.7229276,1.3457588],[103.7229276,1.345747],[103.7230402,1.3457472],[103.7230401,1.345763],[103.723078,1.3457631],[103.723078,1.3457473],[103.7230733,1.3457473],[103.7230733,1.3457243],[103.723078,1.3457243],[103.723078,1.3457046],[103.7230688,1.3457046],[103.7230688,1.3456697],[103.7230556,1.3456697],[103.7230556,1.3456623],[103.723044,1.3456623],[103.723044,1.3456487],[103.7230792,1.3456488],[103.7230792,1.3456571],[103.7231102,1.3456571],[103.7231102,1.3456648],[103.7231372,1.3456649],[103.7231372,1.3456883],[103.7231674,1.3456883],[103.7231674,1.3456541],[103.7231716,1.3456541],[103.7231716,1.3456328],[103.7231825,1.3456328],[103.7231825,1.3456057],[103.7231488,1.3456057],[103.7231488,1.3456157],[103.7231345,1.3456157],[103.7231345,1.3456054],[103.7231142,1.3456053],[103.7231142,1.3455934],[103.723126,1.3455934],[103.723126,1.3455892],[103.7231459,1.3455893],[103.7231459,1.3455954],[103.723183,1.3455955],[103.723183,1.345572],[103.7231747,1.345572],[103.7231747,1.3455382],[103.7231702,1.3455382],[103.7231702,1.3455058],[103.7231377,1.3455057],[103.7231377,1.3455209],[103.7231104,1.3455209],[103.7231104,1.3455274],[103.7230789,1.3455274],[103.7230789,1.3455346],[103.7230428,1.3455346],[103.7230428,1.3455078],[103.7230762,1.3455078],[103.7230762,1.3454848],[103.7230836,1.3454849],[103.7230836,1.3454493],[103.7230807,1.3454493],[103.7230807,1.3454114],[103.7230504,1.3454114],[103.7230504,1.3454336],[103.7230252,1.3454336],[103.7230252,1.3454532],[103.7229612,1.3454531],[103.7229612,1.3454331],[103.7229412,1.3454331],[103.7229413,1.3454066],[103.7229071,1.3454066],[103.722907,1.3454455],[103.7228987,1.3454455],[103.7228986,1.3454765],[103.7229022,1.3454765],[103.7229022,1.3455031],[103.7229314,1.3455031],[103.7229313,1.3455332],[103.7228976,1.3455332],[103.7228976,1.3455253],[103.7228652,1.3455253],[103.7228652,1.3455176],[103.7228424,1.3455176],[103.7228424,1.3454942],[103.7228101,1.3454941],[103.722764,1.3454941],[103.7227309,1.345494],[103.7227309,1.345507],[103.7227036,1.345507],[103.7227036,1.3455135],[103.7226721,1.3455135],[103.7226721,1.3455207],[103.722636,1.3455207],[103.7226361,1.3454939],[103.7226694,1.3454939],[103.7226694,1.3454709],[103.7226768,1.3454709],[103.7226768,1.3454354],[103.7226739,1.3454354],[103.7226739,1.3453975],[103.7226436,1.3453975],[103.7226436,1.3454197],[103.7226185,1.3454196],[103.7226184,1.3454393],[103.7225544,1.3454392],[103.7225544,1.3454192],[103.7225345,1.3454191],[103.7225345,1.3453927],[103.7225003,1.3453927],[103.7225002,1.3454316],[103.7224919,1.3454315],[103.7224919,1.3454626],[103.7224954,1.3454626],[103.7224954,1.3454892],[103.7225246,1.3454892],[103.7225246,1.3455193],[103.7224908,1.3455193],[103.7224908,1.3455114],[103.7224584,1.3455114],[103.7224584,1.3455037],[103.7224356,1.3455037],[103.7224356,1.3454834],[103.7224033,1.3454833],[103.7223611,1.3454832],[103.7223277,1.3454832],[103.7223276,1.3454999],[103.7223004,1.3454998],[103.7223003,1.3455064],[103.7222688,1.3455063],[103.7222688,1.3455136],[103.7222327,1.3455136],[103.7222328,1.3454867],[103.7222661,1.3454868],[103.7222662,1.3454638],[103.7222735,1.3454638],[103.7222736,1.3454283],[103.7222706,1.3454283],[103.7222707,1.3453903],[103.7222367,1.3453902],[103.7222366,1.3454122],[103.7222115,1.3454121],[103.7222115,1.3454319],[103.7221454,1.3454317],[103.7221455,1.3454117],[103.7221255,1.3454117],[103.7221255,1.3453852],[103.7220918,1.3453852],[103.7220918,1.3454244],[103.722084,1.3454244],[103.7220839,1.3454554],[103.7220922,1.3454554],[103.7220921,1.345482],[103.7221213,1.3454821],[103.7221213,1.3455137],[103.7220522,1.3455135],[103.7220523,1.3454939],[103.7220246,1.3454938],[103.7220246,1.3455002],[103.7219974,1.3455001],[103.7219974,1.34554],[103.7220078,1.3455401],[103.7220078,1.345557],[103.7220415,1.345557],[103.7220415,1.3455718],[103.7220073,1.3455717],[103.7220073,1.345588],[103.7219946,1.345588],[103.7219945,1.345629],[103.7220197,1.3456291],[103.7220197,1.3456389],[103.7220482,1.345639],[103.7220483,1.3456194],[103.722121,1.3456196],[103.7221209,1.3456653],[103.7220987,1.3456652],[103.7220986,1.345683],[103.7220858,1.345683],[103.7220857,1.3457175],[103.7221108,1.3457176],[103.7221107,1.3457304],[103.7221398,1.3457305],[103.7221398,1.3457154]]]},"clearanceHeight":1.7,"clearancePrepared":true},"geometry":{"type":"Polygon","coordinates":[[[103.7221398,1.3457305],[103.7221398,1.3457154],[103.7222065,1.3457156],[103.7222065,1.3457259],[103.7222301,1.345726],[103.7222301,1.345742],[103.722268,1.345742],[103.722268,1.3457263],[103.7222633,1.3457262],[103.7222633,1.3457033],[103.722268,1.3457033],[103.722268,1.3456835],[103.7222587,1.3456835],[103.7222588,1.3456487],[103.7222455,1.3456486],[103.7222455,1.3456413],[103.7222339,1.3456413],[103.722234,1.3456277],[103.7222692,1.3456278],[103.7222691,1.345636],[103.7223002,1.3456361],[103.7223002,1.3456438],[103.7223272,1.3456439],[103.7223271,1.3456664],[103.7223573,1.3456664],[103.7223982,1.3456665],[103.7224264,1.3456666],[103.7224264,1.345647],[103.722452,1.345647],[103.722452,1.3456392],[103.7224873,1.3456392],[103.7224873,1.3456287],[103.7225246,1.3456287],[103.7225246,1.3456482],[103.7225143,1.3456482],[103.7225142,1.3456587],[103.7225009,1.3456587],[103.7225009,1.3456913],[103.7224842,1.3456913],[103.7224842,1.3457095],[103.7224896,1.3457095],[103.7224896,1.3457449],[103.7225208,1.3457449],[103.7225208,1.3457331],[103.7226334,1.3457333],[103.7226334,1.3457491],[103.7226712,1.3457491],[103.7226713,1.3457334],[103.7226666,1.3457334],[103.7226666,1.3457104],[103.7226712,1.3457104],[103.7226713,1.3456907],[103.722662,1.3456906],[103.722662,1.3456558],[103.7226488,1.3456558],[103.7226488,1.3456484],[103.7226372,1.3456484],[103.7226372,1.3456348],[103.7226724,1.3456348],[103.7226724,1.3456432],[103.7227034,1.3456432],[103.7227034,1.3456509],[103.7227304,1.3456509],[103.7227304,1.3456769],[103.7227606,1.345677],[103.7228049,1.345677],[103.7228331,1.3456771],[103.7228331,1.3456609],[103.7228588,1.3456609],[103.7228588,1.3456531],[103.722894,1.3456531],[103.722894,1.3456426],[103.7229314,1.3456427],[103.7229314,1.3456621],[103.722921,1.3456621],[103.722921,1.3456726],[103.7229077,1.3456726],[103.7229076,1.3457052],[103.722891,1.3457052],[103.722891,1.3457234],[103.7228964,1.3457234],[103.7228964,1.3457588],[103.7229276,1.3457588],[103.7229276,1.345747],[103.7230402,1.3457472],[103.7230401,1.345763],[103.723078,1.3457631],[103.723078,1.3457473],[103.7230733,1.3457473],[103.7230733,1.3457243],[103.723078,1.3457243],[103.723078,1.3457046],[103.7230688,1.3457046],[103.7230688,1.3456697],[103.7230556,1.3456697],[103.7230556,1.3456623],[103.723044,1.3456623],[103.723044,1.3456487],[103.7230792,1.3456488],[103.7230792,1.3456571],[103.7231102,1.3456571],[103.7231102,1.3456648],[103.7231372,1.3456649],[103.7231372,1.3456883],[103.7231674,1.3456883],[103.7231674,1.3456541],[103.7231716,1.3456541],[103.7231716,1.3456328],[103.7231825,1.3456328],[103.7231825,1.3456057],[103.7231488,1.3456057],[103.7231488,1.3456157],[103.7231345,1.3456157],[103.7231345,1.3456054],[103.7231142,1.3456053],[103.7231142,1.3455934],[103.723126,1.3455934],[103.723126,1.3455892],[103.7231459,1.3455893],[103.7231459,1.3455954],[103.723183,1.3455955],[103.723183,1.345572],[103.7231747,1.345572],[103.7231747,1.3455382],[103.7231702,1.3455382],[103.7231702,1.3455058],[103.7231377,1.3455057],[103.7231377,1.3455209],[103.7231104,1.3455209],[103.7231104,1.3455274],[103.7230789,1.3455274],[103.7230789,1.3455346],[103.7230428,1.3455346],[103.7230428,1.3455078],[103.7230762,1.3455078],[103.7230762,1.3454848],[103.7230836,1.3454849],[103.7230836,1.3454493],[103.7230807,1.3454493],[103.7230807,1.3454114],[103.7230504,1.3454114],[103.7230504,1.3454336],[103.7230252,1.3454336],[103.7230252,1.3454532],[103.7229612,1.3454531],[103.7229612,1.3454331],[103.7229412,1.3454331],[103.7229413,1.3454066],[103.7229071,1.3454066],[103.722907,1.3454455],[103.7228987,1.3454455],[103.7228986,1.3454765],[103.7229022,1.3454765],[103.7229022,1.3455031],[103.7229314,1.3455031],[103.7229313,1.3455332],[103.7228976,1.3455332],[103.7228976,1.3455253],[103.7228652,1.3455253],[103.7228652,1.3455176],[103.7228424,1.3455176],[103.7228424,1.3454942],[103.7228101,1.3454941],[103.722764,1.3454941],[103.7227309,1.345494],[103.7227309,1.345507],[103.7227036,1.345507],[103.7227036,1.3455135],[103.7226721,1.3455135],[103.7226721,1.3455207],[103.722636,1.3455207],[103.7226361,1.3454939],[103.7226694,1.3454939],[103.7226694,1.3454709],[103.7226768,1.3454709],[103.7226768,1.3454354],[103.7226739,1.3454354],[103.7226739,1.3453975],[103.7226436,1.3453975],[103.7226436,1.3454197],[103.7226185,1.3454196],[103.7226184,1.3454393],[103.7225544,1.3454392],[103.7225544,1.3454192],[103.7225345,1.3454191],[103.7225345,1.3453927],[103.7225003,1.3453927],[103.7225002,1.3454316],[103.7224919,1.3454315],[103.7224919,1.3454626],[103.7224954,1.3454626],[103.7224954,1.3454892],[103.7225246,1.3454892],[103.7225246,1.3455193],[103.7224908,1.3455193],[103.7224908,1.3455114],[103.7224584,1.3455114],[103.7224584,1.3455037],[103.7224356,1.3455037],[103.7224356,1.3454834],[103.7224033,1.3454833],[103.7223611,1.3454832],[103.7223277,1.3454832],[103.7223276,1.3454999],[103.7223004,1.3454998],[103.7223003,1.3455064],[103.7222688,1.3455063],[103.7222688,1.3455136],[103.7222327,1.3455136],[103.7222328,1.3454867],[103.7222661,1.3454868],[103.7222662,1.3454638],[103.7222735,1.3454638],[103.7222736,1.3454283],[103.7222706,1.3454283],[103.7222707,1.3453903],[103.7222367,1.3453902],[103.7222366,1.3454122],[103.7222115,1.3454121],[103.7222115,1.3454319],[103.7221454,1.3454317],[103.7221455,1.3454117],[103.7221255,1.3454117],[103.7221255,1.3453852],[103.7220918,1.3453852],[103.7220918,1.3454244],[103.722084,1.3454244],[103.7220839,1.3454554],[103.7220922,1.3454554],[103.7220921,1.345482],[103.7221213,1.3454821],[103.7221213,1.3455137],[103.7220522,1.3455135],[103.7220523,1.3454939],[103.7220246,1.3454938],[103.7220246,1.3455002],[103.7219974,1.3455001],[103.7219974,1.34554],[103.7220078,1.3455401],[103.7220078,1.345557],[103.7220415,1.345557],[103.7220415,1.3455718],[103.7220073,1.3455717],[103.7220073,1.345588],[103.7219946,1.345588],[103.7219945,1.345629],[103.7220197,1.3456291],[103.7220197,1.3456389],[103.7220482,1.345639],[103.7220483,1.3456194],[103.722121,1.3456196],[103.7221209,1.3456653],[103.7220987,1.3456652],[103.7220986,1.345683],[103.7220858,1.345683],[103.7220857,1.3457175],[103.7221108,1.3457176],[103.7221107,1.3457304],[103.7221398,1.3457305]]]}},{"type":"Feature","id":"way/693475870-0","properties":{"amenity":"shelter","building":"yes","clearanceGeometry":{"type":"Polygon","coordinates":[[[103.7210507,1.3466641],[103.7210318,1.3466937],[103.72100645752964,1.3467404371186915],[103.72104239877228,1.3467608588391504],[103.72106835141093,1.3467764367677306],[103.7211106449419,1.346696961009601],[103.7210507,1.3466641]]]},"clearanceHeight":1.7,"clearancePrepared":true},"geometry":{"type":"Polygon","coordinates":[[[103.7210907,1.3468235],[103.7211472,1.346717],[103.7210507,1.3466641],[103.7210318,1.3466937],[103.720992,1.3467671],[103.7210907,1.3468235]]]}},{"type":"Feature","id":"way/693475874-0","properties":{"amenity":"shelter","building":"yes","clearanceGeometry":{"type":"Polygon","coordinates":[[[103.721359,1.3456495],[103.7213506,1.3456704],[103.7213507,1.3456958],[103.7213559,1.3457128],[103.7213679,1.3457298],[103.7213845,1.3457423],[103.7214043,1.3457488],[103.7214251,1.3457489],[103.7214448,1.3457425],[103.7214616,1.3457302],[103.7214692,1.3457196],[103.7214737,1.3457133],[103.72148,1.3456935],[103.7214797,1.3456727],[103.721472,1.3456515],[103.7214577,1.3456341],[103.72144931181879,1.345629127624539],[103.72143138782499,1.3456418514472936],[103.72137920948194,1.3456470961776503],[103.72136168688385,1.3456464727775261],[103.721359,1.3456495]]]},"clearanceHeight":1.7,"clearancePrepared":true},"geometry":{"type":"Polygon","coordinates":[[[103.7214383,1.3456226],[103.7214161,1.3456183],[103.7213938,1.3456218],[103.721374,1.3456326],[103.721359,1.3456495],[103.7213506,1.3456704],[103.7213507,1.3456958],[103.7213559,1.3457128],[103.7213679,1.3457298],[103.7213845,1.3457423],[103.7214043,1.3457488],[103.7214251,1.3457489],[103.7214448,1.3457425],[103.7214616,1.3457302],[103.7214692,1.3457196],[103.7214737,1.3457133],[103.72148,1.3456935],[103.7214797,1.3456727],[103.721472,1.3456515],[103.7214577,1.3456341],[103.7214383,1.3456226]]]}},{"type":"Feature","id":"way/733873267-0","properties":{"building":"school","clearanceGeometry":{"type":"Polygon","coordinates":[[[103.7215923,1.3466513],[103.7214286,1.346651],[103.721428,1.3469535],[103.7215917,1.3469538],[103.7215923,1.3466513]]]},"clearanceHeight":1.7,"clearancePrepared":true},"geometry":{"type":"Polygon","coordinates":[[[103.7215917,1.3469538],[103.7215923,1.3466513],[103.7214286,1.346651],[103.721428,1.3469535],[103.7215917,1.3469538]]]}},{"type":"Feature","id":"way/1128008523-0","properties":{"building":"commercial","fixme:zh":"-","height":"0","name":"Lakeside House","name:zh":"\u6e56\u7554\u5c0f\u5c4b","website":"https://www.nparks.gov.sg/juronglakegardens/explore-our-gardens/attractions/lakeside-house","clearanceGeometry":{"type":"Polygon","coordinates":[[[103.7220883,1.343488],[103.7220712,1.343442],[103.7220418,1.3433732],[103.7220129,1.3433342],[103.7219147,1.3433986],[103.7219356,1.3434375],[103.721968,1.3434976],[103.7219895,1.3435576],[103.7220995,1.3435183],[103.7220883,1.343488]]]},"clearanceHeight":1.7,"clearancePrepared":true},"geometry":{"type":"Polygon","coordinates":[[[103.7220995,1.3435183],[103.7220883,1.343488],[103.7220712,1.343442],[103.7220418,1.3433732],[103.7220129,1.3433342],[103.7219147,1.3433986],[103.7219356,1.3434375],[103.721968,1.3434976],[103.7219895,1.3435576],[103.7220995,1.3435183]]]}},{"type":"Feature","id":"way/1159195803-0","properties":{"building:colour":"darkgrey","building:levels":"1","building:material":"metal","building:part":"yes","roof:colour":"darkgrey","roof:levels":"1","roof:material":"metal","roof:orientation":"along","roof:shape":"gabled","clearanceGeometry":{"type":"Polygon","coordinates":[[[103.7220129,1.3433342],[103.7219147,1.3433986],[103.7219356,1.3434375],[103.7220418,1.3433732],[103.7220129,1.3433342]]]},"clearanceHeight":1.7,"clearancePrepared":true},"geometry":{"type":"Polygon","coordinates":[[[103.7220418,1.3433732],[103.7220129,1.3433342],[103.7219147,1.3433986],[103.7219356,1.3434375],[103.7220418,1.3433732]]]}},{"type":"Feature","id":"way/1159195804-0","properties":{"building:colour":"darkgrey","building:levels":"1","building:material":"metal","building:part":"yes","roof:colour":"darkgrey","roof:levels":"1","roof:material":"metal","roof:orientation":"along","roof:shape":"gabled","clearanceGeometry":{"type":"Polygon","coordinates":[[[103.7220418,1.3433732],[103.7219356,1.3434375],[103.721968,1.3434976],[103.7220712,1.343442],[103.7220418,1.3433732]]]},"clearanceHeight":1.7,"clearancePrepared":true},"geometry":{"type":"Polygon","coordinates":[[[103.7220712,1.343442],[103.7220418,1.3433732],[103.7219356,1.3434375],[103.721968,1.3434976],[103.7220712,1.343442]]]}},{"type":"Feature","id":"way/1159195805-0","properties":{"building:colour":"darkgrey","building:levels":"1","building:material":"metal","building:part":"yes","roof:colour":"darkgrey","roof:levels":"1","roof:material":"metal","roof:orientation":"along","roof:shape":"gabled","clearanceGeometry":{"type":"Polygon","coordinates":[[[103.7220883,1.343488],[103.7220712,1.343442],[103.721968,1.3434976],[103.7219895,1.3435576],[103.7220995,1.3435183],[103.7220883,1.343488]]]},"clearanceHeight":1.7,"clearancePrepared":true},"geometry":{"type":"Polygon","coordinates":[[[103.7220995,1.3435183],[103.7220883,1.343488],[103.7220712,1.343442],[103.721968,1.3434976],[103.7219895,1.3435576],[103.7220995,1.3435183]]]}},{"type":"Feature","id":"way/1166119665-0","properties":{"building":"yes","building:levels":"1","power":"substation","clearanceGeometry":{"type":"Polygon","coordinates":[[[103.7235185,1.3444887],[103.7233883,1.3444192],[103.7233553,1.3444809],[103.7234856,1.3445504],[103.7235185,1.3444887]]]},"clearanceHeight":1.7,"clearancePrepared":true},"geometry":{"type":"Polygon","coordinates":[[[103.7234856,1.3445504],[103.7235185,1.3444887],[103.7233883,1.3444192],[103.7233553,1.3444809],[103.7234856,1.3445504]]]}},{"type":"Feature","id":"node/237565956","properties":{"crossing":"traffic_signals","highway":"traffic_signals"},"geometry":{"type":"Point","coordinates":[103.7219183,1.3448547]}},{"type":"Feature","id":"node/237569059","properties":{"crossing":"traffic_signals","highway":"traffic_signals"},"geometry":{"type":"Point","coordinates":[103.721776,1.3449744]}},{"type":"Feature","id":"node/1599259511","properties":{"highway":"traffic_signals","traffic_signals":"signal"},"geometry":{"type":"Point","coordinates":[103.7214523,1.3428422]}},{"type":"Feature","id":"node/4604003043","properties":{"crossing":"traffic_signals","highway":"traffic_signals"},"geometry":{"type":"Point","coordinates":[103.7216518,1.3450858]}},{"type":"Feature","id":"node/4749207534","properties":{"crossing":"traffic_signals","highway":"traffic_signals"},"geometry":{"type":"Point","coordinates":[103.721798,1.3448293]}},{"type":"Feature","id":"node/4749633926","properties":{"crossing":"traffic_signals","highway":"traffic_signals"},"geometry":{"type":"Point","coordinates":[103.7218924,1.3449958]}},{"type":"Feature","id":"node/4753394965","properties":{"highway":"traffic_signals"},"geometry":{"type":"Point","coordinates":[103.721097,1.3468565]}},{"type":"Feature","id":"node/5015699484","properties":{"crossing":"traffic_signals","highway":"traffic_signals"},"geometry":{"type":"Point","coordinates":[103.721672,1.3446649]}},{"type":"Feature","id":"node/5341600181","properties":{"highway":"traffic_signals","traffic_signals":"signal"},"geometry":{"type":"Point","coordinates":[103.721383,1.342854]}},{"type":"Feature","id":"node/2684854347","properties":{"highway":"crossing"},"geometry":{"type":"Point","coordinates":[103.7217584,1.3442914]}},{"type":"Feature","id":"node/4386868608","properties":{"highway":"crossing"},"geometry":{"type":"Point","coordinates":[103.7220208,1.3440631]}},{"type":"Feature","id":"node/4386868609","properties":{"highway":"crossing"},"geometry":{"type":"Point","coordinates":[103.7220883,1.344064]}},{"type":"Feature","id":"node/4604003021","properties":{"crossing":"marked","crossing:markings":"yes","highway":"crossing"},"geometry":{"type":"Point","coordinates":[103.7220792,1.3447457]}},{"type":"Feature","id":"node/4604003035","properties":{"crossing":"traffic_signals","highway":"crossing"},"geometry":{"type":"Point","coordinates":[103.7220332,1.3451905]}},{"type":"Feature","id":"node/5220660879","properties":{"crossing":"traffic_signals","crossing:markings":"yes","highway":"crossing","tactile_paving":"yes"},"geometry":{"type":"Point","coordinates":[103.7218787,1.3450708]}},{"type":"Feature","id":"node/5220660880","properties":{"crossing":"traffic_signals","crossing:markings":"yes","highway":"crossing"},"geometry":{"type":"Point","coordinates":[103.7217648,1.3450491]}},{"type":"Feature","id":"node/5220660881","properties":{"crossing":"traffic_signals","crossing:markings":"yes","highway":"crossing","tactile_paving":"yes"},"geometry":{"type":"Point","coordinates":[103.7216956,1.3449595]}},{"type":"Feature","id":"node/5220660882","properties":{"crossing":"traffic_signals","crossing:markings":"yes","highway":"crossing"},"geometry":{"type":"Point","coordinates":[103.7217154,1.3448125]}},{"type":"Feature","id":"node/5220660883","properties":{"crossing":"traffic_signals","crossing:markings":"yes","highway":"crossing"},"geometry":{"type":"Point","coordinates":[103.7218103,1.3447476]}},{"type":"Feature","id":"node/5220660884","properties":{"crossing":"traffic_signals","crossing:markings":"yes","highway":"crossing","tactile_paving":"yes"},"geometry":{"type":"Point","coordinates":[103.7219336,1.3447716]}},{"type":"Feature","id":"node/5220660885","properties":{"crossing":"traffic_signals","crossing:markings":"yes","highway":"crossing","tactile_paving":"yes"},"geometry":{"type":"Point","coordinates":[103.7220129,1.3448699]}},{"type":"Feature","id":"node/5220660886","properties":{"crossing":"traffic_signals","crossing:markings":"yes","highway":"crossing"},"geometry":{"type":"Point","coordinates":[103.7219888,1.3450121]}},{"type":"Feature","id":"node/5220660897","properties":{"crossing":"marked","crossing:markings":"yes","highway":"crossing"},"geometry":{"type":"Point","coordinates":[103.7207498,1.3427999]}},{"type":"Feature","id":"node/5286578530","properties":{"crossing":"uncontrolled","crossing_ref":"zebra","highway":"crossing"},"geometry":{"type":"Point","coordinates":[103.7249103,1.3450602]}},{"type":"Feature","id":"node/5286578538","properties":{"crossing":"uncontrolled","crossing_ref":"zebra","highway":"crossing"},"geometry":{"type":"Point","coordinates":[103.7250366,1.3450503]}},{"type":"Feature","id":"node/5737861480","properties":{"crossing":"uncontrolled","crossing_ref":"zebra","highway":"crossing"},"geometry":{"type":"Point","coordinates":[103.7249952,1.3461256]}},{"type":"Feature","id":"node/6873178541","properties":{"highway":"crossing"},"geometry":{"type":"Point","coordinates":[103.7236539,1.3465308]}},{"type":"Feature","id":"node/8184286558","properties":{"highway":"crossing"},"geometry":{"type":"Point","coordinates":[103.725081,1.345644]}},{"type":"Feature","id":"node/8184347138","properties":{"highway":"crossing"},"geometry":{"type":"Point","coordinates":[103.7249084,1.3459099]}},{"type":"Feature","id":"node/8413552154","properties":{"highway":"crossing"},"geometry":{"type":"Point","coordinates":[103.7246791,1.346497]}},{"type":"Feature","id":"node/8413871220","properties":{"highway":"crossing"},"geometry":{"type":"Point","coordinates":[103.7210152,1.3468074]}},{"type":"Feature","id":"node/8413871221","properties":{"highway":"crossing"},"geometry":{"type":"Point","coordinates":[103.7209754,1.346876]}},{"type":"Feature","id":"node/8414056214","properties":{"highway":"crossing"},"geometry":{"type":"Point","coordinates":[103.7211228,1.346808]}},{"type":"Feature","id":"node/8414056215","properties":{"highway":"crossing"},"geometry":{"type":"Point","coordinates":[103.7211797,1.346843]}},{"type":"Feature","id":"node/8416898777","properties":{"highway":"crossing"},"geometry":{"type":"Point","coordinates":[103.721366,1.3427373]}},{"type":"Feature","id":"node/8416898778","properties":{"highway":"crossing"},"geometry":{"type":"Point","coordinates":[103.7214389,1.3427325]}},{"type":"Feature","id":"node/8416898783","properties":{"highway":"crossing"},"geometry":{"type":"Point","coordinates":[103.7212891,1.3428521]}},{"type":"Feature","id":"node/8416898785","properties":{"highway":"crossing"},"geometry":{"type":"Point","coordinates":[103.7214713,1.3429421]}},{"type":"Feature","id":"node/8416898786","properties":{"highway":"crossing"},"geometry":{"type":"Point","coordinates":[103.7214063,1.3429546]}},{"type":"Feature","id":"node/13434056951","properties":{"highway":"crossing"},"geometry":{"type":"Point","coordinates":[103.7216502,1.343726]}},{"type":"Feature","id":"way/75045950-0-0-0","properties":{"highway":"primary","lanes":"3","maxspeed":"70","name":"Boon Lay Way","name:en":"Boon Lay Way","name:zh":"\u6587\u793c\u5927\u9053","note":"Part of it estimated ???","oneway":"yes","sidewalk":"no","source":"Yahoo aerial images","surface":"asphalt","startNodeId":"4604003039","endNodeId":"237568146"},"geometry":{"type":"LineString","coordinates":[[103.7225283,1.3450807],[103.7230521,1.3451006]]}},{"type":"Feature","id":"way/75045950-0-1-0","properties":{"highway":"primary","lanes":"3","maxspeed":"70","name":"Boon Lay Way","name:en":"Boon Lay Way","name:zh":"\u6587\u793c\u5927\u9053","note":"Part of it estimated ???","oneway":"yes","sidewalk":"no","source":"Yahoo aerial images","surface":"asphalt","startNodeId":"237568146","endNodeId":"6873115612"},"geometry":{"type":"LineString","coordinates":[[103.7230521,1.3451006],[103.7237193,1.3451094]]}},{"type":"Feature","id":"way/75045950-0-2-0","properties":{"highway":"primary","lanes":"3","maxspeed":"70","name":"Boon Lay Way","name:en":"Boon Lay Way","name:zh":"\u6587\u793c\u5927\u9053","note":"Part of it estimated ???","oneway":"yes","sidewalk":"no","source":"Yahoo aerial images","surface":"asphalt","startNodeId":"6873115612","endNodeId":"237568386"},"geometry":{"type":"LineString","coordinates":[[103.7237193,1.3451094],[103.7240426,1.3450937]]}},{"type":"Feature","id":"way/75045950-0-3-0","properties":{"highway":"primary","lanes":"3","maxspeed":"70","name":"Boon Lay Way","name:en":"Boon Lay Way","name:zh":"\u6587\u793c\u5927\u9053","note":"Part of it estimated ???","oneway":"yes","sidewalk":"no","source":"Yahoo aerial images","surface":"asphalt","startNodeId":"237568386","endNodeId":"1599284255"},"geometry":{"type":"LineString","coordinates":[[103.7240426,1.3450937],[103.7242103,1.3450769]]}},{"type":"Feature","id":"way/75045951-0-0-0","properties":{"highway":"primary","lanes":"3","maxspeed":"70","name":"Boon Lay Way","name:en":"Boon Lay Way","name:zh":"\u6587\u793c\u5927\u9053","oneway":"yes","sidewalk":"separate","source":"Bing","surface":"asphalt","startNodeId":"1599252853","endNodeId":"5233283980"},"geometry":{"type":"LineString","coordinates":[[103.721172,1.3446976],[103.7208052,1.3445967]]}},{"type":"Feature","id":"way/75045951-0-1-0","properties":{"highway":"primary","lanes":"3","maxspeed":"70","name":"Boon Lay Way","name:en":"Boon Lay Way","name:zh":"\u6587\u793c\u5927\u9053","oneway":"yes","sidewalk":"separate","source":"Bing","surface":"asphalt","startNodeId":"5233283980","endNodeId":"5233283975"},"geometry":{"type":"LineString","coordinates":[[103.7208052,1.3445967],[103.7207114,1.3445649]]}},{"type":"Feature","id":"way/110278930-0-0-0","properties":{"highway":"service","lanes":"2","lanes:backward":"1","lanes:forward":"1","service":"driveway","startNodeId":"6243778417","endNodeId":"2708247744"},"geometry":{"type":"LineString","coordinates":[[103.7209505,1.3453898],[103.7209765,1.3454037]]}},{"type":"Feature","id":"way/110278930-0-1-0","properties":{"highway":"service","lanes":"2","lanes:backward":"1","lanes:forward":"1","service":"driveway","startNodeId":"2708247744","endNodeId":"1259837060"},"geometry":{"type":"LineString","coordinates":[[103.7209765,1.3454037],[103.7210408,1.3454556]]}},{"type":"Feature","id":"way/110278930-0-2-0","properties":{"highway":"service","lanes":"2","lanes:backward":"1","lanes:forward":"1","service":"driveway","startNodeId":"1259837060","endNodeId":"2708247746"},"geometry":{"type":"LineString","coordinates":[[103.7210408,1.3454556],[103.721082,1.3455141]]}},{"type":"Feature","id":"way/110278930-0-3-0","properties":{"highway":"service","lanes":"2","lanes:backward":"1","lanes:forward":"1","service":"driveway","startNodeId":"2708247746","endNodeId":"6243778416"},"geometry":{"type":"LineString","coordinates":[[103.721082,1.3455141],[103.7211025,1.3455319]]}},{"type":"Feature","id":"way/110278930-0-4-0","properties":{"highway":"service","lanes":"2","lanes:backward":"1","lanes:forward":"1","service":"driveway","startNodeId":"6243778416","endNodeId":"1259837009"},"geometry":{"type":"LineString","coordinates":[[103.7211025,1.3455319],[103.7211191,1.3455462]]}},{"type":"Feature","id":"way/110278930-0-5-0","properties":{"highway":"service","lanes":"2","lanes:backward":"1","lanes:forward":"1","service":"driveway","startNodeId":"1259837009","endNodeId":"6510606554"},"geometry":{"type":"LineString","coordinates":[[103.7211191,1.3455462],[103.7211731,1.345572]]}},{"type":"Feature","id":"way/110278930-0-6-0","properties":{"highway":"service","lanes":"2","lanes:backward":"1","lanes:forward":"1","service":"driveway","startNodeId":"6510606554","endNodeId":"1259837048"},"geometry":{"type":"LineString","coordinates":[[103.7211731,1.345572],[103.7211776,1.3455742]]}},{"type":"Feature","id":"way/110278930-0-7-0","properties":{"highway":"service","lanes":"2","lanes:backward":"1","lanes:forward":"1","service":"driveway","startNodeId":"1259837048","endNodeId":"1259837027"},"geometry":{"type":"LineString","coordinates":[[103.7211776,1.3455742],[103.7212739,1.3456029]]}},{"type":"Feature","id":"way/110278930-0-8-0","properties":{"highway":"service","lanes":"2","lanes:backward":"1","lanes:forward":"1","service":"driveway","startNodeId":"1259837027","endNodeId":"1259836995"},"geometry":{"type":"LineString","coordinates":[[103.7212739,1.3456029],[103.7213779,1.3456066]]}},{"type":"Feature","id":"way/110278930-0-9-0","properties":{"highway":"service","lanes":"2","lanes:backward":"1","lanes:forward":"1","service":"driveway","startNodeId":"1259836995","endNodeId":"2708247752"},"geometry":{"type":"LineString","coordinates":[[103.7213779,1.3456066],[103.7214167,1.3456027]]}},{"type":"Feature","id":"way/110278930-0-10-0","properties":{"highway":"service","lanes":"2","lanes:backward":"1","lanes:forward":"1","service":"driveway","startNodeId":"2708247752","endNodeId":"1259836973"},"geometry":{"type":"LineString","coordinates":[[103.7214167,1.3456027],[103.7214977,1.3455452]]}},{"type":"Feature","id":"way/110278930-0-11-0","properties":{"highway":"service","lanes":"2","lanes:backward":"1","lanes:forward":"1","service":"driveway","startNodeId":"1259836973","endNodeId":"1259836969"},"geometry":{"type":"LineString","coordinates":[[103.7214977,1.3455452],[103.7215325,1.3454911]]}},{"type":"Feature","id":"way/110278930-0-12-0","properties":{"highway":"service","lanes":"2","lanes:backward":"1","lanes:forward":"1","service":"driveway","startNodeId":"1259836969","endNodeId":"6510606555"},"geometry":{"type":"LineString","coordinates":[[103.7215325,1.3454911],[103.7215628,1.3454166]]}},{"type":"Feature","id":"way/110278930-0-13-0","properties":{"highway":"service","lanes":"2","lanes:backward":"1","lanes:forward":"1","service":"driveway","startNodeId":"6510606555","endNodeId":"2708247730"},"geometry":{"type":"LineString","coordinates":[[103.7215628,1.3454166],[103.7215841,1.3453415]]}},{"type":"Feature","id":"way/110278930-0-14-0","properties":{"highway":"service","lanes":"2","lanes:backward":"1","lanes:forward":"1","service":"driveway","startNodeId":"2708247730","endNodeId":"5264179705"},"geometry":{"type":"LineString","coordinates":[[103.7215841,1.3453415],[103.7215672,1.3452738]]}},{"type":"Feature","id":"way/110278930-0-15-0","properties":{"highway":"service","lanes":"2","lanes:backward":"1","lanes:forward":"1","service":"driveway","startNodeId":"5264179705","endNodeId":"1259837066"},"geometry":{"type":"LineString","coordinates":[[103.7215672,1.3452738],[103.7215267,1.345232]]}},{"type":"Feature","id":"way/110278930-0-16-0","properties":{"highway":"service","lanes":"2","lanes:backward":"1","lanes:forward":"1","service":"driveway","startNodeId":"1259837066","endNodeId":"6510606568"},"geometry":{"type":"LineString","coordinates":[[103.7215267,1.345232],[103.7214898,1.3451962]]}},{"type":"Feature","id":"way/110278930-0-17-0","properties":{"highway":"service","lanes":"2","lanes:backward":"1","lanes:forward":"1","service":"driveway","startNodeId":"6510606568","endNodeId":"5264179706"},"geometry":{"type":"LineString","coordinates":[[103.7214898,1.3451962],[103.7214824,1.345189]]}},{"type":"Feature","id":"way/110278930-0-18-0","properties":{"highway":"service","lanes":"2","lanes:backward":"1","lanes:forward":"1","service":"driveway","startNodeId":"5264179706","endNodeId":"6510606569"},"geometry":{"type":"LineString","coordinates":[[103.7214824,1.345189],[103.7214294,1.3451633]]}},{"type":"Feature","id":"way/110278930-0-19-0","properties":{"highway":"service","lanes":"2","lanes:backward":"1","lanes:forward":"1","service":"driveway","startNodeId":"6510606569","endNodeId":"2708247710"},"geometry":{"type":"LineString","coordinates":[[103.7214294,1.3451633],[103.721425,1.3451611]]}},{"type":"Feature","id":"way/110278930-0-20-0","properties":{"highway":"service","lanes":"2","lanes:backward":"1","lanes:forward":"1","service":"driveway","startNodeId":"2708247710","endNodeId":"1259836996"},"geometry":{"type":"LineString","coordinates":[[103.721425,1.3451611],[103.7213724,1.345146]]}},{"type":"Feature","id":"way/146660824-0-0-0","properties":{"bridge":"yes","highway":"tertiary","lanes":"2","layer":"1","maxspeed":"50","name":"Yuan Ching Road","name:en":"Yuan Ching Road","name:zh":"\u56ed\u666f\u8def","oneway":"yes","surface":"asphalt","startNodeId":"2385376539","endNodeId":"1599284083"},"geometry":{"type":"LineString","coordinates":[[103.7214378,1.3427006],[103.7214279,1.3424654]]}},{"type":"Feature","id":"way/146660825-0-0-0","properties":{"highway":"tertiary","lanes":"2","maxspeed":"50","name":"Yuan Ching Road","name:en":"Yuan Ching Road","name:zh":"\u56ed\u666f\u8def","oneway":"yes","surface":"asphalt","startNodeId":"5974054707","endNodeId":"4386868614"},"geometry":{"type":"LineString","coordinates":[[103.7219581,1.3442951],[103.721956,1.3442099]]}},{"type":"Feature","id":"way/146660825-0-1-0","properties":{"highway":"tertiary","lanes":"2","maxspeed":"50","name":"Yuan Ching Road","name:en":"Yuan Ching Road","name:zh":"\u56ed\u666f\u8def","oneway":"yes","surface":"asphalt","startNodeId":"4386868614","endNodeId":"905165251"},"geometry":{"type":"LineString","coordinates":[[103.721956,1.3442099],[103.7219368,1.3440704]]}},{"type":"Feature","id":"way/146660825-0-2-0","properties":{"highway":"tertiary","lanes":"2","maxspeed":"50","name":"Yuan Ching Road","name:en":"Yuan Ching Road","name:zh":"\u56ed\u666f\u8def","oneway":"yes","surface":"asphalt","startNodeId":"905165251","endNodeId":"4386868607"},"geometry":{"type":"LineString","coordinates":[[103.7219368,1.3440704],[103.7219196,1.3440015]]}},{"type":"Feature","id":"way/146660825-0-3-0","properties":{"highway":"tertiary","lanes":"2","maxspeed":"50","name":"Yuan Ching Road","name:en":"Yuan Ching Road","name:zh":"\u56ed\u666f\u8def","oneway":"yes","surface":"asphalt","startNodeId":"4386868607","endNodeId":"905165249"},"geometry":{"type":"LineString","coordinates":[[103.7219196,1.3440015],[103.7218845,1.3438671]]}},{"type":"Feature","id":"way/146660825-0-4-0","properties":{"highway":"tertiary","lanes":"2","maxspeed":"50","name":"Yuan Ching Road","name:en":"Yuan Ching Road","name:zh":"\u56ed\u666f\u8def","oneway":"yes","surface":"asphalt","startNodeId":"905165249","endNodeId":"4386868606"},"geometry":{"type":"LineString","coordinates":[[103.7218845,1.3438671],[103.72184,1.3437418]]}},{"type":"Feature","id":"way/146660825-0-5-0","properties":{"highway":"tertiary","lanes":"2","maxspeed":"50","name":"Yuan Ching Road","name:en":"Yuan Ching Road","name:zh":"\u56ed\u666f\u8def","oneway":"yes","surface":"asphalt","startNodeId":"4386868606","endNodeId":"905165245"},"geometry":{"type":"LineString","coordinates":[[103.72184,1.3437418],[103.7217782,1.3435965]]}},{"type":"Feature","id":"way/146660826-0-0-0","properties":{"highway":"residential","maxspeed":"50","name":"Lakeside Drive","surface":"asphalt","startNodeId":"1599259514","endNodeId":"1599259510"},"geometry":{"type":"LineString","coordinates":[[103.7210927,1.3428456],[103.7209843,1.3428346]]}},{"type":"Feature","id":"way/146660826-0-1-0","properties":{"highway":"residential","maxspeed":"50","name":"Lakeside Drive","surface":"asphalt","startNodeId":"1599259510","endNodeId":"5220660897"},"geometry":{"type":"LineString","coordinates":[[103.7209843,1.3428346],[103.7207498,1.3427999]]}},{"type":"Feature","id":"way/173767752-0-0-0","properties":{"fixme":"is this road divided?","highway":"tertiary","lanes":"2","maxspeed":"50","name":"Jurong West Street 51","oneway":"yes","sidewalk":"no","surface":"asphalt","startNodeId":"246123092","endNodeId":"6442166905"},"geometry":{"type":"LineString","coordinates":[[103.7215966,1.3456893],[103.7214869,1.346007]]}},{"type":"Feature","id":"way/173767752-0-1-0","properties":{"fixme":"is this road divided?","highway":"tertiary","lanes":"2","maxspeed":"50","name":"Jurong West Street 51","oneway":"yes","sidewalk":"no","surface":"asphalt","startNodeId":"6442166905","endNodeId":"1599252899"},"geometry":{"type":"LineString","coordinates":[[103.7214869,1.346007],[103.7214665,1.3460661]]}},{"type":"Feature","id":"way/173767752-0-2-0","properties":{"fixme":"is this road divided?","highway":"tertiary","lanes":"2","maxspeed":"50","name":"Jurong West Street 51","oneway":"yes","sidewalk":"no","surface":"asphalt","startNodeId":"1599252899","endNodeId":"6442166894"},"geometry":{"type":"LineString","coordinates":[[103.7214665,1.3460661],[103.721434,1.3461563]]}},{"type":"Feature","id":"way/173767752-0-3-0","properties":{"fixme":"is this road divided?","highway":"tertiary","lanes":"2","maxspeed":"50","name":"Jurong West Street 51","oneway":"yes","sidewalk":"no","surface":"asphalt","startNodeId":"6442166894","endNodeId":"9721941988"},"geometry":{"type":"LineString","coordinates":[[103.721434,1.3461563],[103.7213807,1.3463031]]}},{"type":"Feature","id":"way/173767752-0-4-0","properties":{"fixme":"is this road divided?","highway":"tertiary","lanes":"2","maxspeed":"50","name":"Jurong West Street 51","oneway":"yes","sidewalk":"no","surface":"asphalt","startNodeId":"9721941988","endNodeId":"6326864564"},"geometry":{"type":"LineString","coordinates":[[103.7213807,1.3463031],[103.7213693,1.3463356]]}},{"type":"Feature","id":"way/173767752-0-5-0","properties":{"fixme":"is this road divided?","highway":"tertiary","lanes":"2","maxspeed":"50","name":"Jurong West Street 51","oneway":"yes","sidewalk":"no","surface":"asphalt","startNodeId":"6326864564","endNodeId":"6510606547"},"geometry":{"type":"LineString","coordinates":[[103.7213693,1.3463356],[103.7213665,1.3463435]]}},{"type":"Feature","id":"way/173767752-0-6-0","properties":{"fixme":"is this road divided?","highway":"tertiary","lanes":"2","maxspeed":"50","name":"Jurong West Street 51","oneway":"yes","sidewalk":"no","surface":"asphalt","startNodeId":"6510606547","endNodeId":"246123088"},"geometry":{"type":"LineString","coordinates":[[103.7213665,1.3463435],[103.7213249,1.3464256]]}},{"type":"Feature","id":"way/173767752-0-7-0","properties":{"fixme":"is this road divided?","highway":"tertiary","lanes":"2","maxspeed":"50","name":"Jurong West Street 51","oneway":"yes","sidewalk":"no","surface":"asphalt","startNodeId":"246123088","endNodeId":"6189051496"},"geometry":{"type":"LineString","coordinates":[[103.7213249,1.3464256],[103.7212913,1.3464914]]}},{"type":"Feature","id":"way/173767752-0-8-0","properties":{"fixme":"is this road divided?","highway":"tertiary","lanes":"2","maxspeed":"50","name":"Jurong West Street 51","oneway":"yes","sidewalk":"no","surface":"asphalt","startNodeId":"6189051496","endNodeId":"6510606544"},"geometry":{"type":"LineString","coordinates":[[103.7212913,1.3464914],[103.7212072,1.3466494]]}},{"type":"Feature","id":"way/173767752-0-9-0","properties":{"fixme":"is this road divided?","highway":"tertiary","lanes":"2","maxspeed":"50","name":"Jurong West Street 51","oneway":"yes","sidewalk":"no","surface":"asphalt","startNodeId":"6510606544","endNodeId":"8414056214"},"geometry":{"type":"LineString","coordinates":[[103.7212072,1.3466494],[103.7211228,1.346808]]}},{"type":"Feature","id":"way/173767752-0-10-0","properties":{"fixme":"is this road divided?","highway":"tertiary","lanes":"2","maxspeed":"50","name":"Jurong West Street 51","oneway":"yes","sidewalk":"no","surface":"asphalt","startNodeId":"8414056214","endNodeId":"4753394965"},"geometry":{"type":"LineString","coordinates":[[103.7211228,1.346808],[103.721097,1.3468565]]}},{"type":"Feature","id":"way/173896166-0-0-0","properties":{"highway":"primary","lanes":"3","maxspeed":"70","name":"Boon Lay Way","name:en":"Boon Lay Way","name:zh":"\u6587\u793c\u5927\u9053","note":"Part of it estimated ???","oneway":"yes","sidewalk":"no","source":"Yahoo aerial images","surface":"asphalt","turn:lanes":"through|through|through","startNodeId":"237567675","endNodeId":"237567374"},"geometry":{"type":"LineString","coordinates":[[103.7209062,1.344776],[103.7210356,1.3448129]]}},{"type":"Feature","id":"way/173896166-0-1-0","properties":{"highway":"primary","lanes":"3","maxspeed":"70","name":"Boon Lay Way","name:en":"Boon Lay Way","name:zh":"\u6587\u793c\u5927\u9053","note":"Part of it estimated ???","oneway":"yes","sidewalk":"no","source":"Yahoo aerial images","surface":"asphalt","turn:lanes":"through|through|through","startNodeId":"237567374","endNodeId":"1599252878"},"geometry":{"type":"LineString","coordinates":[[103.7210356,1.3448129],[103.7211755,1.3448478]]}},{"type":"Feature","id":"way/265157860-0-0-0","properties":{"highway":"service","service":"driveway","startNodeId":"2708247717","endNodeId":"6439113349"},"geometry":{"type":"LineString","coordinates":[[103.7212997,1.3451897],[103.7213159,1.3451973]]}},{"type":"Feature","id":"way/265157860-0-1-0","properties":{"highway":"service","service":"driveway","startNodeId":"6439113349","endNodeId":"2708247720"},"geometry":{"type":"LineString","coordinates":[[103.7213159,1.3451973],[103.7213338,1.3451982]]}},{"type":"Feature","id":"way/265157860-0-2-0","properties":{"highway":"service","service":"driveway","startNodeId":"2708247720","endNodeId":"6439113342"},"geometry":{"type":"LineString","coordinates":[[103.7213338,1.3451982],[103.7213507,1.3451921]]}},{"type":"Feature","id":"way/265157860-0-3-0","properties":{"highway":"service","service":"driveway","startNodeId":"6439113342","endNodeId":"2708247714"},"geometry":{"type":"LineString","coordinates":[[103.7213507,1.3451921],[103.7213639,1.3451801]]}},{"type":"Feature","id":"way/265157860-0-4-0","properties":{"highway":"service","service":"driveway","startNodeId":"2708247714","endNodeId":"6439113343"},"geometry":{"type":"LineString","coordinates":[[103.7213639,1.3451801],[103.7213715,1.3451639]]}},{"type":"Feature","id":"way/265157860-0-5-0","properties":{"highway":"service","service":"driveway","startNodeId":"6439113343","endNodeId":"1259836996"},"geometry":{"type":"LineString","coordinates":[[103.7213715,1.3451639],[103.7213724,1.345146]]}},{"type":"Feature","id":"way/265157860-0-6-0","properties":{"highway":"service","service":"driveway","startNodeId":"1259836996","endNodeId":"6439113344"},"geometry":{"type":"LineString","coordinates":[[103.7213724,1.345146],[103.7213663,1.3451292]]}},{"type":"Feature","id":"way/265157860-0-7-0","properties":{"highway":"service","service":"driveway","startNodeId":"6439113344","endNodeId":"6510606570"},"geometry":{"type":"LineString","coordinates":[[103.7213663,1.3451292],[103.7213577,1.3451198]]}},{"type":"Feature","id":"way/265157860-0-8-0","properties":{"highway":"service","service":"driveway","startNodeId":"6510606570","endNodeId":"2708247708"},"geometry":{"type":"LineString","coordinates":[[103.7213577,1.3451198],[103.7213543,1.345116]]}},{"type":"Feature","id":"way/265157860-0-9-0","properties":{"highway":"service","service":"driveway","startNodeId":"2708247708","endNodeId":"6439113345"},"geometry":{"type":"LineString","coordinates":[[103.7213543,1.345116],[103.7213381,1.3451083]]}},{"type":"Feature","id":"way/265157860-0-10-0","properties":{"highway":"service","service":"driveway","startNodeId":"6439113345","endNodeId":"2708247707"},"geometry":{"type":"LineString","coordinates":[[103.7213381,1.3451083],[103.7213202,1.3451075]]}},{"type":"Feature","id":"way/265157860-0-11-0","properties":{"highway":"service","service":"driveway","startNodeId":"2708247707","endNodeId":"6439113346"},"geometry":{"type":"LineString","coordinates":[[103.7213202,1.3451075],[103.7213034,1.3451135]]}},{"type":"Feature","id":"way/265157860-0-12-0","properties":{"highway":"service","service":"driveway","startNodeId":"6439113346","endNodeId":"2708247709"},"geometry":{"type":"LineString","coordinates":[[103.7213034,1.3451135],[103.7212902,1.3451255]]}},{"type":"Feature","id":"way/265157860-0-13-0","properties":{"highway":"service","service":"driveway","startNodeId":"2708247709","endNodeId":"6439113347"},"geometry":{"type":"LineString","coordinates":[[103.7212902,1.3451255],[103.7212825,1.3451417]]}},{"type":"Feature","id":"way/265157860-0-14-0","properties":{"highway":"service","service":"driveway","startNodeId":"6439113347","endNodeId":"6510606571"},"geometry":{"type":"LineString","coordinates":[[103.7212825,1.3451417],[103.7212822,1.3451483]]}},{"type":"Feature","id":"way/265157860-0-15-0","properties":{"highway":"service","service":"driveway","startNodeId":"6510606571","endNodeId":"2708247712"},"geometry":{"type":"LineString","coordinates":[[103.7212822,1.3451483],[103.7212817,1.3451596]]}},{"type":"Feature","id":"way/265157860-0-16-0","properties":{"highway":"service","service":"driveway","startNodeId":"2708247712","endNodeId":"6439113348"},"geometry":{"type":"LineString","coordinates":[[103.7212817,1.3451596],[103.7212877,1.3451764]]}},{"type":"Feature","id":"way/265157860-0-17-0","properties":{"highway":"service","service":"driveway","startNodeId":"6439113348","endNodeId":"2708247717"},"geometry":{"type":"LineString","coordinates":[[103.7212877,1.3451764],[103.7212997,1.3451897]]}},{"type":"Feature","id":"way/374643763-0-0-0","properties":{"highway":"service","service":"parking_aisle","startNodeId":"1371742323","endNodeId":"8413552172"},"geometry":{"type":"LineString","coordinates":[[103.7246432,1.3464971],[103.7246433,1.3465649]]}},{"type":"Feature","id":"way/374643763-0-1-0","properties":{"highway":"service","service":"parking_aisle","startNodeId":"8413552172","endNodeId":"3780396448"},"geometry":{"type":"LineString","coordinates":[[103.7246433,1.3465649],[103.7246437,1.347002]]}},{"type":"Feature","id":"way/440920450-0-0-0","properties":{"highway":"service","lanes":"2","lanes:backward":"1","lanes:forward":"1","service":"driveway","startNodeId":"905165251","endNodeId":"4386868608"},"geometry":{"type":"LineString","coordinates":[[103.7219368,1.3440704],[103.7220208,1.3440631]]}},{"type":"Feature","id":"way/440920450-0-1-0","properties":{"highway":"service","lanes":"2","lanes:backward":"1","lanes:forward":"1","service":"driveway","startNodeId":"4386868608","endNodeId":"4386868609"},"geometry":{"type":"LineString","coordinates":[[103.7220208,1.3440631],[103.7220883,1.344064]]}},{"type":"Feature","id":"way/448498083-0-0-0","properties":{"highway":"residential","lanes":"1","maxspeed":"50","name":"Jurong Lake Link","oneway":"yes","surface":"asphalt","startNodeId":"1599284252","endNodeId":"5286578528"},"geometry":{"type":"LineString","coordinates":[[103.7246294,1.3450048],[103.7248155,1.3450246]]}},{"type":"Feature","id":"way/448498083-0-1-0","properties":{"highway":"residential","lanes":"1","maxspeed":"50","name":"Jurong Lake Link","oneway":"yes","surface":"asphalt","startNodeId":"5286578528","endNodeId":"5286578529"},"geometry":{"type":"LineString","coordinates":[[103.7248155,1.3450246],[103.7248677,1.3450325]]}},{"type":"Feature","id":"way/448498083-0-2-0","properties":{"highway":"residential","lanes":"1","maxspeed":"50","name":"Jurong Lake Link","oneway":"yes","surface":"asphalt","startNodeId":"5286578529","endNodeId":"5286578530"},"geometry":{"type":"LineString","coordinates":[[103.7248677,1.3450325],[103.7249103,1.3450602]]}},{"type":"Feature","id":"way/448498083-0-3-0","properties":{"highway":"residential","lanes":"1","maxspeed":"50","name":"Jurong Lake Link","oneway":"yes","surface":"asphalt","startNodeId":"5286578530","endNodeId":"5178918660"},"geometry":{"type":"LineString","coordinates":[[103.7249103,1.3450602],[103.724943,1.3450849]]}},{"type":"Feature","id":"way/448498083-0-4-0","properties":{"highway":"residential","lanes":"1","maxspeed":"50","name":"Jurong Lake Link","oneway":"yes","surface":"asphalt","startNodeId":"5178918660","endNodeId":"5286578532"},"geometry":{"type":"LineString","coordinates":[[103.724943,1.3450849],[103.7249601,1.3451094]]}},{"type":"Feature","id":"way/448498083-0-5-0","properties":{"highway":"residential","lanes":"1","maxspeed":"50","name":"Jurong Lake Link","oneway":"yes","surface":"asphalt","startNodeId":"5286578532","endNodeId":"5286578531"},"geometry":{"type":"LineString","coordinates":[[103.7249601,1.3451094],[103.7249717,1.3451381]]}},{"type":"Feature","id":"way/448498083-0-6-0","properties":{"highway":"residential","lanes":"1","maxspeed":"50","name":"Jurong Lake Link","oneway":"yes","surface":"asphalt","startNodeId":"5286578531","endNodeId":"5178918662"},"geometry":{"type":"LineString","coordinates":[[103.7249717,1.3451381],[103.7249993,1.3452252]]}},{"type":"Feature","id":"way/465437247-0-0-0","properties":{"highway":"primary_link","lanes":"1","maxheight":"4.5","maxspeed":"50","oneway":"yes","surface":"asphalt","turn:lanes":"left","startNodeId":"4604003025","endNodeId":"4604003024"},"geometry":{"type":"LineString","coordinates":[[103.7226712,1.3449144],[103.7223759,1.3448424]]}},{"type":"Feature","id":"way/465437247-0-1-0","properties":{"highway":"primary_link","lanes":"1","maxheight":"4.5","maxspeed":"50","oneway":"yes","surface":"asphalt","turn:lanes":"left","startNodeId":"4604003024","endNodeId":"4604003023"},"geometry":{"type":"LineString","coordinates":[[103.7223759,1.3448424],[103.7222381,1.34482]]}},{"type":"Feature","id":"way/465437247-0-2-0","properties":{"highway":"primary_link","lanes":"1","maxheight":"4.5","maxspeed":"50","oneway":"yes","surface":"asphalt","turn:lanes":"left","startNodeId":"4604003023","endNodeId":"4604003022"},"geometry":{"type":"LineString","coordinates":[[103.7222381,1.34482],[103.7221492,1.3447944]]}},{"type":"Feature","id":"way/465437247-0-3-0","properties":{"highway":"primary_link","lanes":"1","maxheight":"4.5","maxspeed":"50","oneway":"yes","surface":"asphalt","turn:lanes":"left","startNodeId":"4604003022","endNodeId":"4604003021"},"geometry":{"type":"LineString","coordinates":[[103.7221492,1.3447944],[103.7220792,1.3447457]]}},{"type":"Feature","id":"way/465437247-0-4-0","properties":{"highway":"primary_link","lanes":"1","maxheight":"4.5","maxspeed":"50","oneway":"yes","surface":"asphalt","turn:lanes":"left","startNodeId":"4604003021","endNodeId":"4604003020"},"geometry":{"type":"LineString","coordinates":[[103.7220792,1.3447457],[103.7220377,1.3446907]]}},{"type":"Feature","id":"way/465437247-0-5-0","properties":{"highway":"primary_link","lanes":"1","maxheight":"4.5","maxspeed":"50","oneway":"yes","surface":"asphalt","turn:lanes":"left","startNodeId":"4604003020","endNodeId":"4604003019"},"geometry":{"type":"LineString","coordinates":[[103.7220377,1.3446907],[103.7220082,1.3446196]]}},{"type":"Feature","id":"way/465437247-0-6-0","properties":{"highway":"primary_link","lanes":"1","maxheight":"4.5","maxspeed":"50","oneway":"yes","surface":"asphalt","turn:lanes":"left","startNodeId":"4604003019","endNodeId":"4604003018"},"geometry":{"type":"LineString","coordinates":[[103.7220082,1.3446196],[103.7219746,1.3445043]]}},{"type":"Feature","id":"way/465437247-0-7-0","properties":{"highway":"primary_link","lanes":"1","maxheight":"4.5","maxspeed":"50","oneway":"yes","surface":"asphalt","turn:lanes":"left","startNodeId":"4604003018","endNodeId":"4604003026"},"geometry":{"type":"LineString","coordinates":[[103.7219746,1.3445043],[103.7219599,1.3443655]]}},{"type":"Feature","id":"way/465437249-0-0-0","properties":{"highway":"primary_link","lanes":"1","maxspeed":"50","oneway":"yes","sidewalk":"no","surface":"asphalt","startNodeId":"4604003033","endNodeId":"4604003034"},"geometry":{"type":"LineString","coordinates":[[103.7217958,1.3453784],[103.7219478,1.3452413]]}},{"type":"Feature","id":"way/465437249-0-1-0","properties":{"highway":"primary_link","lanes":"1","maxspeed":"50","oneway":"yes","sidewalk":"no","surface":"asphalt","startNodeId":"4604003034","endNodeId":"4604003035"},"geometry":{"type":"LineString","coordinates":[[103.7219478,1.3452413],[103.7220332,1.3451905]]}},{"type":"Feature","id":"way/465437249-0-2-0","properties":{"highway":"primary_link","lanes":"1","maxspeed":"50","oneway":"yes","sidewalk":"no","surface":"asphalt","startNodeId":"4604003035","endNodeId":"4604003036"},"geometry":{"type":"LineString","coordinates":[[103.7220332,1.3451905],[103.7221479,1.3451241]]}},{"type":"Feature","id":"way/465437249-0-3-0","properties":{"highway":"primary_link","lanes":"1","maxspeed":"50","oneway":"yes","sidewalk":"no","surface":"asphalt","startNodeId":"4604003036","endNodeId":"4604003037"},"geometry":{"type":"LineString","coordinates":[[103.7221479,1.3451241],[103.7222594,1.3450986]]}},{"type":"Feature","id":"way/465437249-0-4-0","properties":{"highway":"primary_link","lanes":"1","maxspeed":"50","oneway":"yes","sidewalk":"no","surface":"asphalt","startNodeId":"4604003037","endNodeId":"4604003038"},"geometry":{"type":"LineString","coordinates":[[103.7222594,1.3450986],[103.7223778,1.3450869]]}},{"type":"Feature","id":"way/465437249-0-5-0","properties":{"highway":"primary_link","lanes":"1","maxspeed":"50","oneway":"yes","sidewalk":"no","surface":"asphalt","startNodeId":"4604003038","endNodeId":"4604003039"},"geometry":{"type":"LineString","coordinates":[[103.7223778,1.3450869],[103.7225283,1.3450807]]}},{"type":"Feature","id":"way/465437250-0-0-0","properties":{"highway":"primary_link","lanes":"1","maxspeed":"50","oneway":"yes","sidewalk":"no","surface":"asphalt","startNodeId":"4604003045","endNodeId":"4604003044"},"geometry":{"type":"LineString","coordinates":[[103.7213668,1.3448959],[103.7215619,1.3449974]]}},{"type":"Feature","id":"way/465437250-0-1-0","properties":{"highway":"primary_link","lanes":"1","maxspeed":"50","oneway":"yes","sidewalk":"no","surface":"asphalt","startNodeId":"4604003044","endNodeId":"4604003043"},"geometry":{"type":"LineString","coordinates":[[103.7215619,1.3449974],[103.7216518,1.3450858]]}},{"type":"Feature","id":"way/465437250-0-2-0","properties":{"highway":"primary_link","lanes":"1","maxspeed":"50","oneway":"yes","sidewalk":"no","surface":"asphalt","startNodeId":"4604003043","endNodeId":"4604003040"},"geometry":{"type":"LineString","coordinates":[[103.7216518,1.3450858],[103.7217401,1.3452805]]}},{"type":"Feature","id":"way/465437277-0-2-0","properties":{"highway":"service","service":"parking_aisle","startNodeId":"1259837067","endNodeId":"5264179710"},"geometry":{"type":"LineString","coordinates":[[103.7208289,1.3461106],[103.7208454,1.3461102]]}},{"type":"Feature","id":"way/465437277-0-3-0","properties":{"highway":"service","service":"parking_aisle","startNodeId":"5264179710","endNodeId":"5264179709"},"geometry":{"type":"LineString","coordinates":[[103.7208454,1.3461102],[103.7208596,1.3460987]]}},{"type":"Feature","id":"way/465437277-0-4-0","properties":{"highway":"service","service":"parking_aisle","startNodeId":"5264179709","endNodeId":"5264179708"},"geometry":{"type":"LineString","coordinates":[[103.7208596,1.3460987],[103.7209139,1.3459907]]}},{"type":"Feature","id":"way/465437277-0-5-0","properties":{"highway":"service","service":"parking_aisle","startNodeId":"5264179708","endNodeId":"5264179707"},"geometry":{"type":"LineString","coordinates":[[103.7209139,1.3459907],[103.72091,1.3459737]]}},{"type":"Feature","id":"way/465437277-0-6-0","properties":{"highway":"service","service":"parking_aisle","startNodeId":"5264179707","endNodeId":"1259836982"},"geometry":{"type":"LineString","coordinates":[[103.72091,1.3459737],[103.720901,1.3459625]]}},{"type":"Feature","id":"way/482047360-0-0-0","properties":{"highway":"tertiary","lanes":"4","maxheight":"4.5","maxspeed":"50","name":"Yuan Ching Road","name:en":"Yuan Ching Road","name:zh":"\u56ed\u666f\u8def","oneway":"yes","surface":"asphalt","turn:lanes":"through|through|right|right","startNodeId":"4749207523","endNodeId":"5220660883"},"geometry":{"type":"LineString","coordinates":[[103.7218177,1.344422],[103.7218103,1.3447476]]}},{"type":"Feature","id":"way/482047360-0-1-0","properties":{"highway":"tertiary","lanes":"4","maxheight":"4.5","maxspeed":"50","name":"Yuan Ching Road","name:en":"Yuan Ching Road","name:zh":"\u56ed\u666f\u8def","oneway":"yes","surface":"asphalt","turn:lanes":"through|through|right|right","startNodeId":"5220660883","endNodeId":"4749207534"},"geometry":{"type":"LineString","coordinates":[[103.7218103,1.3447476],[103.721798,1.3448293]]}},{"type":"Feature","id":"way/482047361-0-0-0","properties":{"highway":"tertiary","lanes":"4","maxheight":"4.5","maxspeed":"50","name":"Yuan Ching Road","name:en":"Yuan Ching Road","name:zh":"\u56ed\u666f\u8def","oneway":"yes","sidewalk":"separate","surface":"asphalt","turn:lanes":"left;through|through|right|right","startNodeId":"4749207537","endNodeId":"6899717908"},"geometry":{"type":"LineString","coordinates":[[103.7218254,1.3440532],[103.7218232,1.3443067]]}},{"type":"Feature","id":"way/482047361-0-1-0","properties":{"highway":"tertiary","lanes":"4","maxheight":"4.5","maxspeed":"50","name":"Yuan Ching Road","name:en":"Yuan Ching Road","name:zh":"\u56ed\u666f\u8def","oneway":"yes","sidewalk":"separate","surface":"asphalt","turn:lanes":"left;through|through|right|right","startNodeId":"6899717908","endNodeId":"4749207523"},"geometry":{"type":"LineString","coordinates":[[103.7218232,1.3443067],[103.7218177,1.344422]]}},{"type":"Feature","id":"way/482047362-0-0-0","properties":{"bridge":"yes","highway":"tertiary","lanes":"2","layer":"1","maxspeed":"50","name":"Yuan Ching Road","name:en":"Yuan Ching Road","name:zh":"\u56ed\u666f\u8def","oneway":"yes","surface":"asphalt","startNodeId":"4749207547","endNodeId":"5341600182"},"geometry":{"type":"LineString","coordinates":[[103.7213504,1.3424674],[103.7213639,1.3427031]]}},{"type":"Feature","id":"way/482050135-0-0-0","properties":{"highway":"tertiary","lanes":"4","maxspeed":"60","name":"Yuan Ching Road","name:en":"Yuan Ching Road","name:zh":"\u56ed\u666f\u8def","oneway":"yes","surface":"asphalt","turn:lanes":"through|through|right|right","startNodeId":"4749207534","endNodeId":"237569059"},"geometry":{"type":"LineString","coordinates":[[103.721798,1.3448293],[103.721776,1.3449744]]}},{"type":"Feature","id":"way/482050136-0-0-0","properties":{"highway":"primary","lanes":"5","maxspeed":"70","name":"Boon Lay Way","name:en":"Boon Lay Way","name:zh":"\u6587\u793c\u5927\u9053","oneway":"yes","source":"Bing","surface":"asphalt","startNodeId":"237565956","endNodeId":"4749207534"},"geometry":{"type":"LineString","coordinates":[[103.7219183,1.3448547],[103.721798,1.3448293]]}},{"type":"Feature","id":"way/482089314-0-0-0","properties":{"highway":"tertiary","lanes":"4","maxspeed":"50","name":"Jurong West Street 51","oneway":"yes","surface":"asphalt","startNodeId":"4749633926","endNodeId":"237565956"},"geometry":{"type":"LineString","coordinates":[[103.7218924,1.3449958],[103.7219183,1.3448547]]}},{"type":"Feature","id":"way/482089315-0-0-0","properties":{"highway":"primary","lanes":"3","maxspeed":"70","name":"Boon Lay Way","name:en":"Boon Lay Way","name:zh":"\u6587\u793c\u5927\u9053","note":"Part of it estimated ???","oneway":"yes","source":"Yahoo aerial images","surface":"asphalt","startNodeId":"237569059","endNodeId":"4749633926"},"geometry":{"type":"LineString","coordinates":[[103.721776,1.3449744],[103.7218924,1.3449958]]}},{"type":"Feature","id":"way/482519381-0-8-0","properties":{"cycleway":"lane","highway":"residential","lanes":"2","lanes:backward":"1","lanes:forward":"1","maxspeed":"40","name":"Jurong West Street 41","surface":"asphalt","startNodeId":"6873115611","endNodeId":"1371742314"},"geometry":{"type":"LineString","coordinates":[[103.7233911,1.3468565],[103.7234237,1.3468086]]}},{"type":"Feature","id":"way/482519381-0-9-0","properties":{"cycleway":"lane","highway":"residential","lanes":"2","lanes:backward":"1","lanes:forward":"1","maxspeed":"40","name":"Jurong West Street 41","surface":"asphalt","startNodeId":"1371742314","endNodeId":"1371742341"},"geometry":{"type":"LineString","coordinates":[[103.7234237,1.3468086],[103.723528,1.3467086]]}},{"type":"Feature","id":"way/482519381-0-10-0","properties":{"cycleway":"lane","highway":"residential","lanes":"2","lanes:backward":"1","lanes:forward":"1","maxspeed":"40","name":"Jurong West Street 41","surface":"asphalt","startNodeId":"1371742341","endNodeId":"6197689173"},"geometry":{"type":"LineString","coordinates":[[103.723528,1.3467086],[103.7235801,1.3466748]]}},{"type":"Feature","id":"way/482519381-0-11-0","properties":{"cycleway":"lane","highway":"residential","lanes":"2","lanes:backward":"1","lanes:forward":"1","maxspeed":"40","name":"Jurong West Street 41","surface":"asphalt","startNodeId":"6197689173","endNodeId":"1371742321"},"geometry":{"type":"LineString","coordinates":[[103.7235801,1.3466748],[103.7236528,1.346619]]}},{"type":"Feature","id":"way/482519381-0-12-0","properties":{"cycleway":"lane","highway":"residential","lanes":"2","lanes:backward":"1","lanes:forward":"1","maxspeed":"40","name":"Jurong West Street 41","surface":"asphalt","startNodeId":"1371742321","endNodeId":"4604029027"},"geometry":{"type":"LineString","coordinates":[[103.7236528,1.346619],[103.723702,1.3465933]]}},{"type":"Feature","id":"way/482534353-0-0-0","properties":{"highway":"residential","lanes":"1","maxspeed":"40","name":"Jurong West Street 52","oneway":"yes","surface":"asphalt","startNodeId":"4753394968","endNodeId":"6189051493"},"geometry":{"type":"LineString","coordinates":[[103.7211524,1.3468913],[103.7211082,1.346864]]}},{"type":"Feature","id":"way/482534353-0-1-0","properties":{"highway":"residential","lanes":"1","maxspeed":"40","name":"Jurong West Street 52","oneway":"yes","surface":"asphalt","startNodeId":"6189051493","endNodeId":"4753394965"},"geometry":{"type":"LineString","coordinates":[[103.7211082,1.346864],[103.721097,1.3468565]]}},{"type":"Feature","id":"way/512870435-0-0-0","properties":{"highway":"primary","lanes":"4","maxspeed":"70","name":"Boon Lay Way","name:en":"Boon Lay Way","name:zh":"\u6587\u793c\u5927\u9053","oneway":"yes","source":"Bing","surface":"asphalt","startNodeId":"4749207534","endNodeId":"5220660882"},"geometry":{"type":"LineString","coordinates":[[103.721798,1.3448293],[103.7217154,1.3448125]]}},{"type":"Feature","id":"way/512870435-0-1-0","properties":{"highway":"primary","lanes":"4","maxspeed":"70","name":"Boon Lay Way","name:en":"Boon Lay Way","name:zh":"\u6587\u793c\u5927\u9053","oneway":"yes","source":"Bing","surface":"asphalt","startNodeId":"5220660882","endNodeId":"1599252857"},"geometry":{"type":"LineString","coordinates":[[103.7217154,1.3448125],[103.7216299,1.3447931]]}},{"type":"Feature","id":"way/512870435-0-2-0","properties":{"highway":"primary","lanes":"4","maxspeed":"70","name":"Boon Lay Way","name:en":"Boon Lay Way","name:zh":"\u6587\u793c\u5927\u9053","oneway":"yes","source":"Bing","surface":"asphalt","startNodeId":"1599252857","endNodeId":"4604003032"},"geometry":{"type":"LineString","coordinates":[[103.7216299,1.3447931],[103.721389,1.3447488]]}},{"type":"Feature","id":"way/512991812-0-0-0","properties":{"highway":"primary","lanes":"4","maxspeed":"70","name":"Boon Lay Way","name:en":"Boon Lay Way","name:zh":"\u6587\u793c\u5927\u9053","note":"Part of it estimated ???","oneway":"yes","source":"Yahoo aerial images","surface":"asphalt","turn:lanes":"through|through|through|right","startNodeId":"4604003045","endNodeId":"6366544916"},"geometry":{"type":"LineString","coordinates":[[103.7213668,1.3448959],[103.7213965,1.3449024]]}},{"type":"Feature","id":"way/512991812-0-1-0","properties":{"highway":"primary","lanes":"4","maxspeed":"70","name":"Boon Lay Way","name:en":"Boon Lay Way","name:zh":"\u6587\u793c\u5927\u9053","note":"Part of it estimated ???","oneway":"yes","source":"Yahoo aerial images","surface":"asphalt","turn:lanes":"through|through|through|right","startNodeId":"6366544916","endNodeId":"1599252883"},"geometry":{"type":"LineString","coordinates":[[103.7213965,1.3449024],[103.7216051,1.344944]]}},{"type":"Feature","id":"way/512991812-0-2-0","properties":{"highway":"primary","lanes":"4","maxspeed":"70","name":"Boon Lay Way","name:en":"Boon Lay Way","name:zh":"\u6587\u793c\u5927\u9053","note":"Part of it estimated ???","oneway":"yes","source":"Yahoo aerial images","surface":"asphalt","turn:lanes":"through|through|through|right","startNodeId":"1599252883","endNodeId":"5220660881"},"geometry":{"type":"LineString","coordinates":[[103.7216051,1.344944],[103.7216956,1.3449595]]}},{"type":"Feature","id":"way/512991812-0-3-0","properties":{"highway":"primary","lanes":"4","maxspeed":"70","name":"Boon Lay Way","name:en":"Boon Lay Way","name:zh":"\u6587\u793c\u5927\u9053","note":"Part of it estimated ???","oneway":"yes","source":"Yahoo aerial images","surface":"asphalt","turn:lanes":"through|through|through|right","startNodeId":"5220660881","endNodeId":"237569059"},"geometry":{"type":"LineString","coordinates":[[103.7216956,1.3449595],[103.721776,1.3449744]]}},{"type":"Feature","id":"way/512991813-0-0-0","properties":{"highway":"tertiary","lanes":"3","maxspeed":"50","name":"Jurong West Street 51","oneway":"yes","surface":"asphalt","startNodeId":"237569059","endNodeId":"5220660880"},"geometry":{"type":"LineString","coordinates":[[103.721776,1.3449744],[103.7217648,1.3450491]]}},{"type":"Feature","id":"way/512991813-0-1-0","properties":{"highway":"tertiary","lanes":"3","maxspeed":"50","name":"Jurong West Street 51","oneway":"yes","surface":"asphalt","startNodeId":"5220660880","endNodeId":"4604003040"},"geometry":{"type":"LineString","coordinates":[[103.7217648,1.3450491],[103.7217401,1.3452805]]}},{"type":"Feature","id":"way/533892780-0-1-0","properties":{"highway":"residential","lanes":"1","maxspeed":"50","oneway":"yes","turn:lanes":"left","startNodeId":"5178918655","endNodeId":"8179684462"},"geometry":{"type":"LineString","coordinates":[[103.7251391,1.3464275],[103.7250944,1.3464162]]}},{"type":"Feature","id":"way/533892780-0-2-0","properties":{"highway":"residential","lanes":"1","maxspeed":"50","oneway":"yes","turn:lanes":"left","startNodeId":"8179684462","endNodeId":"5178918654"},"geometry":{"type":"LineString","coordinates":[[103.7250944,1.3464162],[103.7250496,1.3463698]]}},{"type":"Feature","id":"way/533892780-0-3-0","properties":{"highway":"residential","lanes":"1","maxspeed":"50","oneway":"yes","turn:lanes":"left","startNodeId":"5178918654","endNodeId":"5178918653"},"geometry":{"type":"LineString","coordinates":[[103.7250496,1.3463698],[103.7249971,1.3462437]]}},{"type":"Feature","id":"way/533892781-0-0-0","properties":{"highway":"residential","lanes":"2","lanes:backward":"1","lanes:forward":"1","maxspeed":"50","name":"Jurong Lake Link","surface":"asphalt","startNodeId":"5178918662","endNodeId":"5178918652"},"geometry":{"type":"LineString","coordinates":[[103.7249993,1.3452252],[103.7249934,1.3456445]]}},{"type":"Feature","id":"way/533892782-0-0-0","properties":{"highway":"residential","lanes":"2","maxspeed":"50","name":"Jurong Lake Link","oneway":"yes","surface":"asphalt","startNodeId":"5178918662","endNodeId":"5286578535"},"geometry":{"type":"LineString","coordinates":[[103.7249993,1.3452252],[103.725012,1.3451658]]}},{"type":"Feature","id":"way/533892782-0-1-0","properties":{"highway":"residential","lanes":"2","maxspeed":"50","name":"Jurong Lake Link","oneway":"yes","surface":"asphalt","startNodeId":"5286578535","endNodeId":"5286578536"},"geometry":{"type":"LineString","coordinates":[[103.725012,1.3451658],[103.7250202,1.3451336]]}},{"type":"Feature","id":"way/533892782-0-2-0","properties":{"highway":"residential","lanes":"2","maxspeed":"50","name":"Jurong Lake Link","oneway":"yes","surface":"asphalt","startNodeId":"5286578536","endNodeId":"5286578537"},"geometry":{"type":"LineString","coordinates":[[103.7250202,1.3451336],[103.7250273,1.3450874]]}},{"type":"Feature","id":"way/533892782-0-3-0","properties":{"highway":"residential","lanes":"2","maxspeed":"50","name":"Jurong Lake Link","oneway":"yes","surface":"asphalt","startNodeId":"5286578537","endNodeId":"5286578538"},"geometry":{"type":"LineString","coordinates":[[103.7250273,1.3450874],[103.7250366,1.3450503]]}},{"type":"Feature","id":"way/533892782-0-4-0","properties":{"highway":"residential","lanes":"2","maxspeed":"50","name":"Jurong Lake Link","oneway":"yes","surface":"asphalt","startNodeId":"5286578538","endNodeId":"5286578534"},"geometry":{"type":"LineString","coordinates":[[103.7250366,1.3450503],[103.7250629,1.3449975]]}},{"type":"Feature","id":"way/533892782-0-5-0","properties":{"highway":"residential","lanes":"2","maxspeed":"50","name":"Jurong Lake Link","oneway":"yes","surface":"asphalt","startNodeId":"5286578534","endNodeId":"5286578533"},"geometry":{"type":"LineString","coordinates":[[103.7250629,1.3449975],[103.7251191,1.3449546]]}},{"type":"Feature","id":"way/533892782-0-6-0","properties":{"highway":"residential","lanes":"2","maxspeed":"50","name":"Jurong Lake Link","oneway":"yes","surface":"asphalt","startNodeId":"5286578533","endNodeId":"5178918657"},"geometry":{"type":"LineString","coordinates":[[103.7251191,1.3449546],[103.725243,1.3448685]]}},{"type":"Feature","id":"way/537120321-0-0-0","properties":{"cycleway:left":"lane","highway":"tertiary","lanes":"2","maxspeed":"50","name":"Jurong West Street 51","oneway":"yes","sidewalk":"no","surface":"asphalt","startNodeId":"4753394968","endNodeId":"8414056215"},"geometry":{"type":"LineString","coordinates":[[103.7211524,1.3468913],[103.7211797,1.346843]]}},{"type":"Feature","id":"way/537120321-0-1-0","properties":{"cycleway:left":"lane","highway":"tertiary","lanes":"2","maxspeed":"50","name":"Jurong West Street 51","oneway":"yes","sidewalk":"no","surface":"asphalt","startNodeId":"8414056215","endNodeId":"4749633929"},"geometry":{"type":"LineString","coordinates":[[103.7211797,1.346843],[103.721303,1.3466251]]}},{"type":"Feature","id":"way/537120321-0-2-0","properties":{"cycleway:left":"lane","highway":"tertiary","lanes":"2","maxspeed":"50","name":"Jurong West Street 51","oneway":"yes","sidewalk":"no","surface":"asphalt","startNodeId":"4749633929","endNodeId":"4749633928"},"geometry":{"type":"LineString","coordinates":[[103.721303,1.3466251],[103.7214376,1.3463505]]}},{"type":"Feature","id":"way/537120321-0-3-0","properties":{"cycleway:left":"lane","highway":"tertiary","lanes":"2","maxspeed":"50","name":"Jurong West Street 51","oneway":"yes","sidewalk":"no","surface":"asphalt","startNodeId":"4749633928","endNodeId":"6873115610"},"geometry":{"type":"LineString","coordinates":[[103.7214376,1.3463505],[103.7215556,1.3460684]]}},{"type":"Feature","id":"way/537120321-0-4-0","properties":{"cycleway:left":"lane","highway":"tertiary","lanes":"2","maxspeed":"50","name":"Jurong West Street 51","oneway":"yes","sidewalk":"no","surface":"asphalt","startNodeId":"6873115610","endNodeId":"4749633927"},"geometry":{"type":"LineString","coordinates":[[103.7215556,1.3460684],[103.7216445,1.3458107]]}},{"type":"Feature","id":"way/539350750-0-0-0","properties":{"highway":"tertiary","lanes":"2","maxspeed":"50","name":"Yuan Ching Road","name:en":"Yuan Ching Road","name:zh":"\u56ed\u666f\u8def","oneway":"yes","surface":"asphalt","turn:lanes":"left;through|through","startNodeId":"5341600182","endNodeId":"8416898777"},"geometry":{"type":"LineString","coordinates":[[103.7213639,1.3427031],[103.721366,1.3427373]]}},{"type":"Feature","id":"way/539350750-0-1-0","properties":{"highway":"tertiary","lanes":"2","maxspeed":"50","name":"Yuan Ching Road","name:en":"Yuan Ching Road","name:zh":"\u56ed\u666f\u8def","oneway":"yes","surface":"asphalt","turn:lanes":"left;through|through","startNodeId":"8416898777","endNodeId":"5341600181"},"geometry":{"type":"LineString","coordinates":[[103.721366,1.3427373],[103.721383,1.342854]]}},{"type":"Feature","id":"way/539350751-0-0-0","properties":{"highway":"tertiary","lanes":"2","maxspeed":"50","name":"Yuan Ching Road","name:en":"Yuan Ching Road","name:zh":"\u56ed\u666f\u8def","oneway":"yes","surface":"asphalt","startNodeId":"1599259511","endNodeId":"8416898778"},"geometry":{"type":"LineString","coordinates":[[103.7214523,1.3428422],[103.7214389,1.3427325]]}},{"type":"Feature","id":"way/539350751-0-1-0","properties":{"highway":"tertiary","lanes":"2","maxspeed":"50","name":"Yuan Ching Road","name:en":"Yuan Ching Road","name:zh":"\u56ed\u666f\u8def","oneway":"yes","surface":"asphalt","startNodeId":"8416898778","endNodeId":"2385376539"},"geometry":{"type":"LineString","coordinates":[[103.7214389,1.3427325],[103.7214378,1.3427006]]}},{"type":"Feature","id":"way/539350752-0-0-0","properties":{"highway":"residential","lanes":"2","maxspeed":"50","name":"Lakeside Drive","surface":"asphalt","startNodeId":"1599259511","endNodeId":"5341600181"},"geometry":{"type":"LineString","coordinates":[[103.7214523,1.3428422],[103.721383,1.342854]]}},{"type":"Feature","id":"way/539526396-0-0-0","properties":{"highway":"primary_link","lanes":"1","maxheight":"4.5","maxspeed":"50","oneway":"yes","sidewalk":"separate","surface":"asphalt","startNodeId":"4749207523","endNodeId":"4604003028"},"geometry":{"type":"LineString","coordinates":[[103.7218177,1.344422],[103.7217665,1.3445415]]}},{"type":"Feature","id":"way/539526396-0-1-0","properties":{"highway":"primary_link","lanes":"1","maxheight":"4.5","maxspeed":"50","oneway":"yes","sidewalk":"separate","surface":"asphalt","startNodeId":"4604003028","endNodeId":"4604003029"},"geometry":{"type":"LineString","coordinates":[[103.7217665,1.3445415],[103.7217142,1.3446207]]}},{"type":"Feature","id":"way/539526396-0-2-0","properties":{"highway":"primary_link","lanes":"1","maxheight":"4.5","maxspeed":"50","oneway":"yes","sidewalk":"separate","surface":"asphalt","startNodeId":"4604003029","endNodeId":"5015699484"},"geometry":{"type":"LineString","coordinates":[[103.7217142,1.3446207],[103.721672,1.3446649]]}},{"type":"Feature","id":"way/539526396-0-3-0","properties":{"highway":"primary_link","lanes":"1","maxheight":"4.5","maxspeed":"50","oneway":"yes","sidewalk":"separate","surface":"asphalt","startNodeId":"5015699484","endNodeId":"6443185571"},"geometry":{"type":"LineString","coordinates":[[103.721672,1.3446649],[103.7216133,1.3446979]]}},{"type":"Feature","id":"way/539526396-0-4-0","properties":{"highway":"primary_link","lanes":"1","maxheight":"4.5","maxspeed":"50","oneway":"yes","sidewalk":"separate","surface":"asphalt","startNodeId":"6443185571","endNodeId":"4604003031"},"geometry":{"type":"LineString","coordinates":[[103.7216133,1.3446979],[103.7215523,1.34472]]}},{"type":"Feature","id":"way/539526396-0-5-0","properties":{"highway":"primary_link","lanes":"1","maxheight":"4.5","maxspeed":"50","oneway":"yes","sidewalk":"separate","surface":"asphalt","startNodeId":"4604003031","endNodeId":"6443185572"},"geometry":{"type":"LineString","coordinates":[[103.7215523,1.34472],[103.7214154,1.3447468]]}},{"type":"Feature","id":"way/539526396-0-6-0","properties":{"highway":"primary_link","lanes":"1","maxheight":"4.5","maxspeed":"50","oneway":"yes","sidewalk":"separate","surface":"asphalt","startNodeId":"6443185572","endNodeId":"4604003032"},"geometry":{"type":"LineString","coordinates":[[103.7214154,1.3447468],[103.721389,1.3447488]]}},{"type":"Feature","id":"way/539526397-0-0-0","properties":{"highway":"tertiary","lanes":"3","maxheight":"4.5","maxspeed":"50","name":"Yuan Ching Road","name:en":"Yuan Ching Road","name:zh":"\u56ed\u666f\u8def","oneway":"yes","surface":"asphalt","startNodeId":"237565956","endNodeId":"5220660884"},"geometry":{"type":"LineString","coordinates":[[103.7219183,1.3448547],[103.7219336,1.3447716]]}},{"type":"Feature","id":"way/539526397-0-1-0","properties":{"highway":"tertiary","lanes":"3","maxheight":"4.5","maxspeed":"50","name":"Yuan Ching Road","name:en":"Yuan Ching Road","name:zh":"\u56ed\u666f\u8def","oneway":"yes","surface":"asphalt","startNodeId":"5220660884","endNodeId":"905165252"},"geometry":{"type":"LineString","coordinates":[[103.7219336,1.3447716],[103.7219599,1.3443881]]}},{"type":"Feature","id":"way/539526397-0-2-0","properties":{"highway":"tertiary","lanes":"3","maxheight":"4.5","maxspeed":"50","name":"Yuan Ching Road","name:en":"Yuan Ching Road","name:zh":"\u56ed\u666f\u8def","oneway":"yes","surface":"asphalt","startNodeId":"905165252","endNodeId":"4604003026"},"geometry":{"type":"LineString","coordinates":[[103.7219599,1.3443881],[103.7219599,1.3443655]]}},{"type":"Feature","id":"way/539526398-0-0-0","properties":{"highway":"primary","lanes":"5","maxspeed":"70","name":"Boon Lay Way","name:en":"Boon Lay Way","name:zh":"\u6587\u793c\u5927\u9053","note":"Part of it estimated ???","oneway":"yes","source":"Yahoo aerial images","surface":"asphalt","turn:lanes":"through|through|through|right|right","startNodeId":"4604003025","endNodeId":"1599252881"},"geometry":{"type":"LineString","coordinates":[[103.7226712,1.3449144],[103.722248,1.3449078]]}},{"type":"Feature","id":"way/539526398-0-1-0","properties":{"highway":"primary","lanes":"5","maxspeed":"70","name":"Boon Lay Way","name:en":"Boon Lay Way","name:zh":"\u6587\u793c\u5927\u9053","note":"Part of it estimated ???","oneway":"yes","source":"Yahoo aerial images","surface":"asphalt","turn:lanes":"through|through|through|right|right","startNodeId":"1599252881","endNodeId":"5220660885"},"geometry":{"type":"LineString","coordinates":[[103.722248,1.3449078],[103.7220129,1.3448699]]}},{"type":"Feature","id":"way/539526398-0-2-0","properties":{"highway":"primary","lanes":"5","maxspeed":"70","name":"Boon Lay Way","name:en":"Boon Lay Way","name:zh":"\u6587\u793c\u5927\u9053","note":"Part of it estimated ???","oneway":"yes","source":"Yahoo aerial images","surface":"asphalt","turn:lanes":"through|through|through|right|right","startNodeId":"5220660885","endNodeId":"237565956"},"geometry":{"type":"LineString","coordinates":[[103.7220129,1.3448699],[103.7219183,1.3448547]]}},{"type":"Feature","id":"way/539526399-0-0-0","properties":{"highway":"primary","lanes":"3","maxspeed":"70","name":"Boon Lay Way","name:en":"Boon Lay Way","name:zh":"\u6587\u793c\u5927\u9053","note":"Part of it estimated ???","oneway":"yes","source":"Yahoo aerial images","surface":"asphalt","startNodeId":"4749633926","endNodeId":"5220660886"},"geometry":{"type":"LineString","coordinates":[[103.7218924,1.3449958],[103.7219888,1.3450121]]}},{"type":"Feature","id":"way/539526399-0-1-0","properties":{"highway":"primary","lanes":"3","maxspeed":"70","name":"Boon Lay Way","name:en":"Boon Lay Way","name:zh":"\u6587\u793c\u5927\u9053","note":"Part of it estimated ???","oneway":"yes","source":"Yahoo aerial images","surface":"asphalt","startNodeId":"5220660886","endNodeId":"1599252885"},"geometry":{"type":"LineString","coordinates":[[103.7219888,1.3450121],[103.7222167,1.3450449]]}},{"type":"Feature","id":"way/539526399-0-2-0","properties":{"highway":"primary","lanes":"3","maxspeed":"70","name":"Boon Lay Way","name:en":"Boon Lay Way","name:zh":"\u6587\u793c\u5927\u9053","note":"Part of it estimated ???","oneway":"yes","source":"Yahoo aerial images","surface":"asphalt","startNodeId":"1599252885","endNodeId":"4604003039"},"geometry":{"type":"LineString","coordinates":[[103.7222167,1.3450449],[103.7225283,1.3450807]]}},{"type":"Feature","id":"way/539526400-0-0-0","properties":{"cycleway:left":"lane","highway":"tertiary","lanes":"4","maxspeed":"50","name":"Jurong West Street 51","oneway":"yes","surface":"asphalt","turn:lanes":"through|through|through|right","startNodeId":"4604003033","endNodeId":"5220660879"},"geometry":{"type":"LineString","coordinates":[[103.7217958,1.3453784],[103.7218787,1.3450708]]}},{"type":"Feature","id":"way/539526400-0-1-0","properties":{"cycleway:left":"lane","highway":"tertiary","lanes":"4","maxspeed":"50","name":"Jurong West Street 51","oneway":"yes","surface":"asphalt","turn:lanes":"through|through|through|right","startNodeId":"5220660879","endNodeId":"4749633926"},"geometry":{"type":"LineString","coordinates":[[103.7218787,1.3450708],[103.7218924,1.3449958]]}},{"type":"Feature","id":"way/630800419-0-1-0","properties":{"highway":"primary","lanes":"3","maxspeed":"70","name":"Boon Lay Way","name:en":"Boon Lay Way","name:zh":"\u6587\u793c\u5927\u9053","note":"Part of it estimated ???","oneway":"yes","sidewalk":"separate","source":"Yahoo aerial images","surface":"asphalt","startNodeId":"13991738020","endNodeId":"1599284249"},"geometry":{"type":"LineString","coordinates":[[103.7249985,1.3447887],[103.7247781,1.3448406]]}},{"type":"Feature","id":"way/630800419-0-2-0","properties":{"highway":"primary","lanes":"3","maxspeed":"70","name":"Boon Lay Way","name:en":"Boon Lay Way","name:zh":"\u6587\u793c\u5927\u9053","note":"Part of it estimated ???","oneway":"yes","sidewalk":"separate","source":"Yahoo aerial images","surface":"asphalt","startNodeId":"1599284249","endNodeId":"1599284250"},"geometry":{"type":"LineString","coordinates":[[103.7247781,1.3448406],[103.7244339,1.3449161]]}},{"type":"Feature","id":"way/630800419-0-3-0","properties":{"highway":"primary","lanes":"3","maxspeed":"70","name":"Boon Lay Way","name:en":"Boon Lay Way","name:zh":"\u6587\u793c\u5927\u9053","note":"Part of it estimated ???","oneway":"yes","sidewalk":"separate","source":"Yahoo aerial images","surface":"asphalt","startNodeId":"1599284250","endNodeId":"237565911"},"geometry":{"type":"LineString","coordinates":[[103.7244339,1.3449161],[103.7241008,1.3449541]]}},{"type":"Feature","id":"way/632753818-0-0-0","properties":{"highway":"tertiary","lanes":"3","maxspeed":"50","name":"Yuan Ching Road","name:en":"Yuan Ching Road","name:zh":"\u56ed\u666f\u8def","oneway":"yes","surface":"asphalt","startNodeId":"4604003026","endNodeId":"5974054707"},"geometry":{"type":"LineString","coordinates":[[103.7219599,1.3443655],[103.7219581,1.3442951]]}},{"type":"Feature","id":"way/635323752-0-0-0","properties":{"highway":"primary","lanes":"4","maxspeed":"70","name":"Boon Lay Way","name:en":"Boon Lay Way","name:zh":"\u6587\u793c\u5927\u9053","note":"Part of it estimated ???","oneway":"yes","sidewalk":"no","source":"Yahoo aerial images","surface":"asphalt","turn:lanes":"left|through|through|through","startNodeId":"1599284255","endNodeId":"1599284252"},"geometry":{"type":"LineString","coordinates":[[103.7242103,1.3450769],[103.7246294,1.3450048]]}},{"type":"Feature","id":"way/635323754-0-0-0","properties":{"highway":"primary","lanes":"3","maxspeed":"70","name":"Boon Lay Way","name:en":"Boon Lay Way","name:zh":"\u6587\u793c\u5927\u9053","note":"Part of it estimated ???","oneway":"yes","sidewalk":"no","source":"Yahoo aerial images","surface":"asphalt","startNodeId":"1599284252","endNodeId":"5178918657"},"geometry":{"type":"LineString","coordinates":[[103.7246294,1.3450048],[103.725243,1.3448685]]}},{"type":"Feature","id":"way/635524605-0-0-0","properties":{"cycleway":"lane","highway":"residential","lanes":"2","lanes:backward":"1","lanes:forward":"1","maxspeed":"40","name":"Jurong West Street 41","surface":"asphalt","turn:lanes:backward":"through","startNodeId":"4455033615","endNodeId":"8413552144"},"geometry":{"type":"LineString","coordinates":[[103.7249999,1.3464961],[103.725166,1.3464997]]}},{"type":"Feature","id":"way/635524606-0-0-0","properties":{"cycleway":"lane","highway":"residential","lanes":"2","lanes:backward":"1","lanes:forward":"1","maxspeed":"40","name":"Jurong West Street 41","surface":"asphalt","turn:lanes:forward":"through;right","startNodeId":"1371742323","endNodeId":"8413552154"},"geometry":{"type":"LineString","coordinates":[[103.7246432,1.3464971],[103.7246791,1.346497]]}},{"type":"Feature","id":"way/635524606-0-1-0","properties":{"cycleway":"lane","highway":"residential","lanes":"2","lanes:backward":"1","lanes:forward":"1","maxspeed":"40","name":"Jurong West Street 41","surface":"asphalt","turn:lanes:forward":"through;right","startNodeId":"8413552154","endNodeId":"6197689168"},"geometry":{"type":"LineString","coordinates":[[103.7246791,1.346497],[103.7249341,1.3464964]]}},{"type":"Feature","id":"way/635524606-0-2-0","properties":{"cycleway":"lane","highway":"residential","lanes":"2","lanes:backward":"1","lanes:forward":"1","maxspeed":"40","name":"Jurong West Street 41","surface":"asphalt","turn:lanes:forward":"through;right","startNodeId":"6197689168","endNodeId":"4455033615"},"geometry":{"type":"LineString","coordinates":[[103.7249341,1.3464964],[103.7249999,1.3464961]]}},{"type":"Feature","id":"way/635524607-0-0-0","properties":{"cycleway":"lane","highway":"residential","lanes":"2","lanes:backward":"1","lanes:forward":"1","maxspeed":"40","name":"Jurong West Street 41","surface":"asphalt","startNodeId":"1371742440","endNodeId":"1371742458"},"geometry":{"type":"LineString","coordinates":[[103.7240272,1.3465164],[103.724492,1.3464947]]}},{"type":"Feature","id":"way/635524607-0-1-0","properties":{"cycleway":"lane","highway":"residential","lanes":"2","lanes:backward":"1","lanes:forward":"1","maxspeed":"40","name":"Jurong West Street 41","surface":"asphalt","startNodeId":"1371742458","endNodeId":"1371742323"},"geometry":{"type":"LineString","coordinates":[[103.724492,1.3464947],[103.7246432,1.3464971]]}},{"type":"Feature","id":"way/637961982-0-0-0","properties":{"highway":"residential","lanes":"2","lanes:backward":"1","lanes:forward":"1","maxspeed":"50","name":"Jurong Lake Link","surface":"asphalt","turn:lanes:forward":"left;right","startNodeId":"5178918653","endNodeId":"4455033615"},"geometry":{"type":"LineString","coordinates":[[103.7249971,1.3462437],[103.7249999,1.3464961]]}},{"type":"Feature","id":"way/639689755-0-0-0","properties":{"highway":"residential","lanes":"2","lanes:backward":"1","lanes:forward":"1","maxspeed":"50","name":"Jurong Lake Link","surface":"asphalt","startNodeId":"5178918652","endNodeId":"5681390930"},"geometry":{"type":"LineString","coordinates":[[103.7249934,1.3456445],[103.7249951,1.3459081]]}},{"type":"Feature","id":"way/639689756-0-0-0","properties":{"highway":"residential","lanes":"2","lanes:backward":"1","lanes:forward":"1","maxspeed":"50","name":"Jurong Lake Link","surface":"asphalt","startNodeId":"5681390930","endNodeId":"5737861480"},"geometry":{"type":"LineString","coordinates":[[103.7249951,1.3459081],[103.7249952,1.3461256]]}},{"type":"Feature","id":"way/639689756-0-1-0","properties":{"highway":"residential","lanes":"2","lanes:backward":"1","lanes:forward":"1","maxspeed":"50","name":"Jurong Lake Link","surface":"asphalt","startNodeId":"5737861480","endNodeId":"5178918653"},"geometry":{"type":"LineString","coordinates":[[103.7249952,1.3461256],[103.7249971,1.3462437]]}},{"type":"Feature","id":"way/639906937-0-0-0","properties":{"cycleway:left":"lane","highway":"residential","lanes":"1","maxspeed":"40","name":"Jurong West Street 52","oneway":"yes","sidewalk":"no","surface":"asphalt","startNodeId":"4753394965","endNodeId":"8413871220"},"geometry":{"type":"LineString","coordinates":[[103.721097,1.3468565],[103.7210152,1.3468074]]}},{"type":"Feature","id":"way/639906937-0-1-0","properties":{"cycleway:left":"lane","highway":"residential","lanes":"1","maxspeed":"40","name":"Jurong West Street 52","oneway":"yes","sidewalk":"no","surface":"asphalt","startNodeId":"8413871220","endNodeId":"6366547785"},"geometry":{"type":"LineString","coordinates":[[103.7210152,1.3468074],[103.7208693,1.3467245]]}},{"type":"Feature","id":"way/639906937-0-2-0","properties":{"cycleway:left":"lane","highway":"residential","lanes":"1","maxspeed":"40","name":"Jurong West Street 52","oneway":"yes","sidewalk":"no","surface":"asphalt","startNodeId":"6366547785","endNodeId":"8413685432"},"geometry":{"type":"LineString","coordinates":[[103.7208693,1.3467245],[103.7207755,1.346672]]}},{"type":"Feature","id":"way/640190808-0-0-0","properties":{"cycleway":"lane","highway":"residential","lanes":"2","lanes:backward":"1","lanes:forward":"1","maxspeed":"40","name":"Jurong West Street 41","surface":"asphalt","startNodeId":"4604029027","endNodeId":"6197689167"},"geometry":{"type":"LineString","coordinates":[[103.723702,1.3465933],[103.7237567,1.3465771]]}},{"type":"Feature","id":"way/640190808-0-1-0","properties":{"cycleway":"lane","highway":"residential","lanes":"2","lanes:backward":"1","lanes:forward":"1","maxspeed":"40","name":"Jurong West Street 41","surface":"asphalt","startNodeId":"6197689167","endNodeId":"1371742319"},"geometry":{"type":"LineString","coordinates":[[103.7237567,1.3465771],[103.723847,1.3465505]]}},{"type":"Feature","id":"way/640190808-0-2-0","properties":{"cycleway":"lane","highway":"residential","lanes":"2","lanes:backward":"1","lanes:forward":"1","maxspeed":"40","name":"Jurong West Street 41","surface":"asphalt","startNodeId":"1371742319","endNodeId":"1371742440"},"geometry":{"type":"LineString","coordinates":[[103.723847,1.3465505],[103.7240272,1.3465164]]}},{"type":"Feature","id":"way/641239650-0-0-0","properties":{"highway":"primary","lanes":"5","maxspeed":"70","name":"Boon Lay Way","name:en":"Boon Lay Way","name:zh":"\u6587\u793c\u5927\u9053","note":"Part of it estimated ???","oneway":"yes","sidewalk":"separate","source":"Yahoo aerial images","surface":"asphalt","turn:lanes":"left|through|through|through|right","startNodeId":"6039147041","endNodeId":"237565933"},"geometry":{"type":"LineString","coordinates":[[103.7236129,1.3449811],[103.7230125,1.3449438]]}},{"type":"Feature","id":"way/641269965-0-0-0","properties":{"cycleway:left":"lane","highway":"tertiary","lanes":"3","maxspeed":"50","name":"Jurong West Street 51","oneway":"yes","sidewalk":"no","surface":"asphalt","turn:lanes":"left;through|through|right","startNodeId":"4749633927","endNodeId":"6098961023"},"geometry":{"type":"LineString","coordinates":[[103.7216445,1.3458107],[103.7216824,1.3457068]]}},{"type":"Feature","id":"way/642159201-0-0-0","properties":{"bus":"no","highway":"residential","lanes":"3","lanes:backward":"2","lanes:forward":"1","maxspeed":"50","name":"Lakeside Drive","surface":"asphalt","turn:lanes:backward":"left|right","turn:lanes:forward":"through","startNodeId":"5341600181","endNodeId":"8416898783"},"geometry":{"type":"LineString","coordinates":[[103.721383,1.342854],[103.7212891,1.3428521]]}},{"type":"Feature","id":"way/642159201-0-1-0","properties":{"bus":"no","highway":"residential","lanes":"3","lanes:backward":"2","lanes:forward":"1","maxspeed":"50","name":"Lakeside Drive","surface":"asphalt","turn:lanes:backward":"left|right","turn:lanes:forward":"through","startNodeId":"8416898783","endNodeId":"1599259514"},"geometry":{"type":"LineString","coordinates":[[103.7212891,1.3428521],[103.7210927,1.3428456]]}},{"type":"Feature","id":"way/642159202-0-0-0","properties":{"highway":"tertiary","lanes":"2","maxspeed":"50","name":"Yuan Ching Road","name:en":"Yuan Ching Road","name:zh":"\u56ed\u666f\u8def","oneway":"yes","sidewalk":"separate","surface":"asphalt","startNodeId":"5341600181","endNodeId":"8416898786"},"geometry":{"type":"LineString","coordinates":[[103.721383,1.342854],[103.7214063,1.3429546]]}},{"type":"Feature","id":"way/642159202-0-1-0","properties":{"highway":"tertiary","lanes":"2","maxspeed":"50","name":"Yuan Ching Road","name:en":"Yuan Ching Road","name:zh":"\u56ed\u666f\u8def","oneway":"yes","sidewalk":"separate","surface":"asphalt","startNodeId":"8416898786","endNodeId":"4749207544"},"geometry":{"type":"LineString","coordinates":[[103.7214063,1.3429546],[103.7214382,1.343107]]}},{"type":"Feature","id":"way/642159202-0-2-0","properties":{"highway":"tertiary","lanes":"2","maxspeed":"50","name":"Yuan Ching Road","name:en":"Yuan Ching Road","name:zh":"\u56ed\u666f\u8def","oneway":"yes","sidewalk":"separate","surface":"asphalt","startNodeId":"4749207544","endNodeId":"4749207543"},"geometry":{"type":"LineString","coordinates":[[103.7214382,1.343107],[103.7215104,1.3432868]]}},{"type":"Feature","id":"way/650029068-0-0-0","properties":{"cycleway:left":"lane","highway":"tertiary","lanes":"4","maxspeed":"50","name":"Jurong West Street 51","oneway":"yes","sidewalk":"no","surface":"asphalt","turn:lanes":"left;through|through|through|right","startNodeId":"6098961023","endNodeId":"4604003033"},"geometry":{"type":"LineString","coordinates":[[103.7216824,1.3457068],[103.7217958,1.3453784]]}},{"type":"Feature","id":"way/654731435-0-0-0","properties":{"highway":"tertiary","lanes":"3","maxspeed":"50","name":"Yuan Ching Road","name:en":"Yuan Ching Road","name:zh":"\u56ed\u666f\u8def","oneway":"yes","surface":"asphalt","turn:lanes":"through|through|right","startNodeId":"905165245","endNodeId":"4386868604"},"geometry":{"type":"LineString","coordinates":[[103.7217782,1.3435965],[103.721676,1.3434226]]}},{"type":"Feature","id":"way/654731435-0-1-0","properties":{"highway":"tertiary","lanes":"3","maxspeed":"50","name":"Yuan Ching Road","name:en":"Yuan Ching Road","name:zh":"\u56ed\u666f\u8def","oneway":"yes","surface":"asphalt","turn:lanes":"through|through|right","startNodeId":"4386868604","endNodeId":"905165238"},"geometry":{"type":"LineString","coordinates":[[103.721676,1.3434226],[103.7215576,1.3432084]]}},{"type":"Feature","id":"way/654731435-0-2-0","properties":{"highway":"tertiary","lanes":"3","maxspeed":"50","name":"Yuan Ching Road","name:en":"Yuan Ching Road","name:zh":"\u56ed\u666f\u8def","oneway":"yes","surface":"asphalt","turn:lanes":"through|through|right","startNodeId":"905165238","endNodeId":"905165235"},"geometry":{"type":"LineString","coordinates":[[103.7215576,1.3432084],[103.7215002,1.3430525]]}},{"type":"Feature","id":"way/654731435-0-3-0","properties":{"highway":"tertiary","lanes":"3","maxspeed":"50","name":"Yuan Ching Road","name:en":"Yuan Ching Road","name:zh":"\u56ed\u666f\u8def","oneway":"yes","surface":"asphalt","turn:lanes":"through|through|right","startNodeId":"905165235","endNodeId":"8416898785"},"geometry":{"type":"LineString","coordinates":[[103.7215002,1.3430525],[103.7214713,1.3429421]]}},{"type":"Feature","id":"way/654731435-0-4-0","properties":{"highway":"tertiary","lanes":"3","maxspeed":"50","name":"Yuan Ching Road","name:en":"Yuan Ching Road","name:zh":"\u56ed\u666f\u8def","oneway":"yes","surface":"asphalt","turn:lanes":"through|through|right","startNodeId":"8416898785","endNodeId":"1599259511"},"geometry":{"type":"LineString","coordinates":[[103.7214713,1.3429421],[103.7214523,1.3428422]]}},{"type":"Feature","id":"way/654734282-0-0-0","properties":{"highway":"tertiary","lanes":"2","maxspeed":"50","name":"Yuan Ching Road","name:en":"Yuan Ching Road","name:zh":"\u56ed\u666f\u8def","oneway":"yes","sidewalk":"separate","surface":"asphalt","startNodeId":"4749207538","endNodeId":"4749207537"},"geometry":{"type":"LineString","coordinates":[[103.7218028,1.3438894],[103.7218254,1.3440532]]}},{"type":"Feature","id":"way/654734283-0-0-0","properties":{"highway":"tertiary","lanes":"2","maxspeed":"50","name":"Yuan Ching Road","name:en":"Yuan Ching Road","name:zh":"\u56ed\u666f\u8def","oneway":"yes","sidewalk":"separate","surface":"asphalt","startNodeId":"4749207541","endNodeId":"4749207539"},"geometry":{"type":"LineString","coordinates":[[103.7216845,1.3436003],[103.7217277,1.3436986]]}},{"type":"Feature","id":"way/654734283-0-1-0","properties":{"highway":"tertiary","lanes":"2","maxspeed":"50","name":"Yuan Ching Road","name:en":"Yuan Ching Road","name:zh":"\u56ed\u666f\u8def","oneway":"yes","sidewalk":"separate","surface":"asphalt","startNodeId":"4749207539","endNodeId":"4749207538"},"geometry":{"type":"LineString","coordinates":[[103.7217277,1.3436986],[103.7218028,1.3438894]]}},{"type":"Feature","id":"way/654734284-0-0-0","properties":{"highway":"tertiary","lanes":"2","maxspeed":"50","name":"Yuan Ching Road","name:en":"Yuan Ching Road","name:zh":"\u56ed\u666f\u8def","oneway":"yes","sidewalk":"separate","surface":"asphalt","startNodeId":"4749207543","endNodeId":"4749207541"},"geometry":{"type":"LineString","coordinates":[[103.7215104,1.3432868],[103.7216845,1.3436003]]}},{"type":"Feature","id":"way/654735633-0-0-0","properties":{"highway":"primary","lanes":"5","maxspeed":"70","name":"Boon Lay Way","name:en":"Boon Lay Way","name:zh":"\u6587\u793c\u5927\u9053","note":"Part of it estimated ???","oneway":"yes","sidewalk":"no","source":"Yahoo aerial images","surface":"asphalt","turn:lanes":"left|through|through|through|right","startNodeId":"1599252878","endNodeId":"6442166895"},"geometry":{"type":"LineString","coordinates":[[103.7211755,1.3448478],[103.7212807,1.344875]]}},{"type":"Feature","id":"way/654735633-0-1-0","properties":{"highway":"primary","lanes":"5","maxspeed":"70","name":"Boon Lay Way","name:en":"Boon Lay Way","name:zh":"\u6587\u793c\u5927\u9053","note":"Part of it estimated ???","oneway":"yes","sidewalk":"no","source":"Yahoo aerial images","surface":"asphalt","turn:lanes":"left|through|through|through|right","startNodeId":"6442166895","endNodeId":"4604003045"},"geometry":{"type":"LineString","coordinates":[[103.7212807,1.344875],[103.7213668,1.3448959]]}},{"type":"Feature","id":"way/654980887-0-0-0","properties":{"highway":"tertiary","lanes":"3","maxspeed":"50","name":"Jurong West Street 51","oneway":"yes","sidewalk":"no","surface":"asphalt","startNodeId":"4604003040","endNodeId":"6243778420"},"geometry":{"type":"LineString","coordinates":[[103.7217401,1.3452805],[103.7217346,1.3452961]]}},{"type":"Feature","id":"way/654980887-0-1-0","properties":{"highway":"tertiary","lanes":"3","maxspeed":"50","name":"Jurong West Street 51","oneway":"yes","sidewalk":"no","surface":"asphalt","startNodeId":"6243778420","endNodeId":"6510606549"},"geometry":{"type":"LineString","coordinates":[[103.7217346,1.3452961],[103.721694,1.3454117]]}},{"type":"Feature","id":"way/654993196-0-0-0","properties":{"highway":"primary","lanes":"6","maxspeed":"70","name":"Boon Lay Way","name:en":"Boon Lay Way","name:zh":"\u6587\u793c\u5927\u9053","note":"Part of it estimated ???","oneway":"yes","sidewalk":"separate","source":"Yahoo aerial images","surface":"asphalt","turn:lanes":"left|through|through|through|right|right","startNodeId":"237565933","endNodeId":"4604003025"},"geometry":{"type":"LineString","coordinates":[[103.7230125,1.3449438],[103.7226712,1.3449144]]}},{"type":"Feature","id":"way/654993197-0-0-0","properties":{"highway":"primary","lanes":"3","maxspeed":"70","name":"Boon Lay Way","name:en":"Boon Lay Way","name:zh":"\u6587\u793c\u5927\u9053","note":"Part of it estimated ???","oneway":"yes","sidewalk":"separate","source":"Yahoo aerial images","surface":"asphalt","startNodeId":"237565911","endNodeId":"6039147041"},"geometry":{"type":"LineString","coordinates":[[103.7241008,1.3449541],[103.7236129,1.3449811]]}},{"type":"Feature","id":"way/709625374-0-0-0","properties":{"highway":"tertiary","lanes":"2","maxspeed":"50","name":"Jurong West Street 51","oneway":"yes","sidewalk":"no","surface":"asphalt","startNodeId":"6510606549","endNodeId":"246123092"},"geometry":{"type":"LineString","coordinates":[[103.721694,1.3454117],[103.7215966,1.3456893]]}},{"type":"Feature","id":"way/709881787-0-0-0","properties":{"highway":"primary","lanes":"4","maxspeed":"70","name":"Boon Lay Way","name:en":"Boon Lay Way","name:zh":"\u6587\u793c\u5927\u9053","oneway":"yes","sidewalk":"separate","source":"Bing","surface":"asphalt","startNodeId":"4604003032","endNodeId":"1599252853"},"geometry":{"type":"LineString","coordinates":[[103.721389,1.3447488],[103.721172,1.3446976]]}},{"type":"Feature","id":"way/733837725-0-0-0","properties":{"highway":"service","service":"parking_aisle","startNodeId":"5681390928","endNodeId":"6872854015"},"geometry":{"type":"LineString","coordinates":[[103.7248399,1.346211],[103.7248166,1.3463371]]}},{"type":"Feature","id":"way/733837725-0-1-0","properties":{"highway":"service","service":"parking_aisle","startNodeId":"6872854015","endNodeId":"6872854016"},"geometry":{"type":"LineString","coordinates":[[103.7248166,1.3463371],[103.7245834,1.346334]]}},{"type":"Feature","id":"way/736961266-0-0-0","properties":{"highway":"service","startNodeId":"6899717908","endNodeId":"2684854347"},"geometry":{"type":"LineString","coordinates":[[103.7218232,1.3443067],[103.7217584,1.3442914]]}},{"type":"Feature","id":"way/736961266-0-1-0","properties":{"highway":"service","startNodeId":"2684854347","endNodeId":"6899717907"},"geometry":{"type":"LineString","coordinates":[[103.7217584,1.3442914],[103.7211152,1.3441396]]}},{"type":"Feature","id":"way/765589847-0-1-0","properties":{"highway":"residential","lanes":"2","maxspeed":"40","name":"Jurong West Street 52","oneway":"yes","sidewalk":"left","surface":"asphalt","turn:lanes":"left;right|right","startNodeId":"8414081322","endNodeId":"8413871221"},"geometry":{"type":"LineString","coordinates":[[103.7208055,1.3467776],[103.7209754,1.346876]]}},{"type":"Feature","id":"way/906080876-0-4-0","properties":{"highway":"service","lanes":"2","lanes:backward":"1","lanes:forward":"1","service":"driveway","sidewalk":"right","startNodeId":"6243778415","endNodeId":"1259836977"},"geometry":{"type":"LineString","coordinates":[[103.7206295,1.3452762],[103.7209056,1.3453658]]}},{"type":"Feature","id":"way/906080876-0-5-0","properties":{"highway":"service","lanes":"2","lanes:backward":"1","lanes:forward":"1","service":"driveway","sidewalk":"right","startNodeId":"1259836977","endNodeId":"6243778417"},"geometry":{"type":"LineString","coordinates":[[103.7209056,1.3453658],[103.7209505,1.3453898]]}},{"type":"Feature","id":"way/933701308-0-0-0","properties":{"highway":"service","startNodeId":"8654066295","endNodeId":"8654066272"},"geometry":{"type":"LineString","coordinates":[[103.7251607,1.3456978],[103.7251411,1.3459354]]}},{"type":"Feature","id":"way/933701309-0-0-0","properties":{"highway":"service","startNodeId":"8654066284","endNodeId":"8654066280"},"geometry":{"type":"LineString","coordinates":[[103.725163,1.345598],[103.7251465,1.3452322]]}},{"type":"Feature","id":"way/933701309-0-1-0","properties":{"highway":"service","startNodeId":"8654066280","endNodeId":"8654066279"},"geometry":{"type":"LineString","coordinates":[[103.7251465,1.3452322],[103.7251465,1.3451886]]}},{"type":"Feature","id":"way/933701309-0-2-0","properties":{"highway":"service","startNodeId":"8654066279","endNodeId":"8654066278"},"geometry":{"type":"LineString","coordinates":[[103.7251465,1.3451886],[103.7251488,1.3451725]]}},{"type":"Feature","id":"way/933701309-0-3-0","properties":{"highway":"service","startNodeId":"8654066278","endNodeId":"8654066277"},"geometry":{"type":"LineString","coordinates":[[103.7251488,1.3451725],[103.7251542,1.3451588]]}},{"type":"Feature","id":"way/933701309-0-4-0","properties":{"highway":"service","startNodeId":"8654066277","endNodeId":"8654066276"},"geometry":{"type":"LineString","coordinates":[[103.7251542,1.3451588],[103.7251649,1.3451457]]}},{"type":"Feature","id":"way/933701309-0-5-0","properties":{"highway":"service","startNodeId":"8654066276","endNodeId":"8654066275"},"geometry":{"type":"LineString","coordinates":[[103.7251649,1.3451457],[103.7251773,1.3451347]]}},{"type":"Feature","id":"way/933701309-0-6-0","properties":{"highway":"service","startNodeId":"8654066275","endNodeId":"8654066274"},"geometry":{"type":"LineString","coordinates":[[103.7251773,1.3451347],[103.7252022,1.3451216]]}},{"type":"Feature","id":"way/933701310-0-0-0","properties":{"highway":"service","junction":"roundabout","startNodeId":"8654066298","endNodeId":"8654066297"},"geometry":{"type":"LineString","coordinates":[[103.7251254,1.3456638],[103.7251332,1.3456789]]}},{"type":"Feature","id":"way/933701310-0-1-0","properties":{"highway":"service","junction":"roundabout","startNodeId":"8654066297","endNodeId":"8654066296"},"geometry":{"type":"LineString","coordinates":[[103.7251332,1.3456789],[103.7251454,1.3456906]]}},{"type":"Feature","id":"way/933701310-0-2-0","properties":{"highway":"service","junction":"roundabout","startNodeId":"8654066296","endNodeId":"8654066295"},"geometry":{"type":"LineString","coordinates":[[103.7251454,1.3456906],[103.7251607,1.3456978]]}},{"type":"Feature","id":"way/933701310-0-3-0","properties":{"highway":"service","junction":"roundabout","startNodeId":"8654066295","endNodeId":"8654066294"},"geometry":{"type":"LineString","coordinates":[[103.7251607,1.3456978],[103.7251776,1.3456996]]}},{"type":"Feature","id":"way/933701310-0-4-0","properties":{"highway":"service","junction":"roundabout","startNodeId":"8654066294","endNodeId":"8654066293"},"geometry":{"type":"LineString","coordinates":[[103.7251776,1.3456996],[103.7251941,1.3456958]]}},{"type":"Feature","id":"way/933701310-0-5-0","properties":{"highway":"service","junction":"roundabout","startNodeId":"8654066293","endNodeId":"8654066292"},"geometry":{"type":"LineString","coordinates":[[103.7251941,1.3456958],[103.7252085,1.3456868]]}},{"type":"Feature","id":"way/933701310-0-11-0","properties":{"highway":"service","junction":"roundabout","startNodeId":"8654066287","endNodeId":"8654066286"},"geometry":{"type":"LineString","coordinates":[[103.7252102,1.3456111],[103.7251962,1.3456016]]}},{"type":"Feature","id":"way/933701310-0-12-0","properties":{"highway":"service","junction":"roundabout","startNodeId":"8654066286","endNodeId":"8654066285"},"geometry":{"type":"LineString","coordinates":[[103.7251962,1.3456016],[103.7251799,1.345597]]}},{"type":"Feature","id":"way/933701310-0-13-0","properties":{"highway":"service","junction":"roundabout","startNodeId":"8654066285","endNodeId":"8654066284"},"geometry":{"type":"LineString","coordinates":[[103.7251799,1.345597],[103.725163,1.345598]]}},{"type":"Feature","id":"way/933701310-0-14-0","properties":{"highway":"service","junction":"roundabout","startNodeId":"8654066284","endNodeId":"8654066283"},"geometry":{"type":"LineString","coordinates":[[103.725163,1.345598],[103.7251473,1.3456045]]}},{"type":"Feature","id":"way/933701310-0-15-0","properties":{"highway":"service","junction":"roundabout","startNodeId":"8654066283","endNodeId":"8654066282"},"geometry":{"type":"LineString","coordinates":[[103.7251473,1.3456045],[103.7251346,1.3456157]]}},{"type":"Feature","id":"way/933701310-0-16-0","properties":{"highway":"service","junction":"roundabout","startNodeId":"8654066282","endNodeId":"8654066281"},"geometry":{"type":"LineString","coordinates":[[103.7251346,1.3456157],[103.7251262,1.3456304]]}},{"type":"Feature","id":"way/933701310-0-17-0","properties":{"highway":"service","junction":"roundabout","startNodeId":"8654066281","endNodeId":"5178918651"},"geometry":{"type":"LineString","coordinates":[[103.7251262,1.3456304],[103.725123,1.345647]]}},{"type":"Feature","id":"way/933701310-0-18-0","properties":{"highway":"service","junction":"roundabout","startNodeId":"5178918651","endNodeId":"8654066298"},"geometry":{"type":"LineString","coordinates":[[103.725123,1.345647],[103.7251254,1.3456638]]}},{"type":"Feature","id":"way/1137769822-0-0-0","properties":{"highway":"service","lanes":"2","lanes:backward":"1","lanes:forward":"1","service":"driveway","startNodeId":"4386868609","endNodeId":"4386868610"},"geometry":{"type":"LineString","coordinates":[[103.7220883,1.344064],[103.722139,1.3440659]]}},{"type":"Feature","id":"way/1464549258-0-0-0","properties":{"highway":"service","service":"parking_aisle","startNodeId":"13434056946","endNodeId":"13434056947"},"geometry":{"type":"LineString","coordinates":[[103.7216829,1.3440737],[103.7215853,1.3440525]]}},{"type":"Feature","id":"way/1464549258-0-1-0","properties":{"highway":"service","service":"parking_aisle","startNodeId":"13434056947","endNodeId":"13434056948"},"geometry":{"type":"LineString","coordinates":[[103.7215853,1.3440525],[103.721565,1.3440389]]}},{"type":"Feature","id":"way/1464549258-0-2-0","properties":{"highway":"service","service":"parking_aisle","startNodeId":"13434056948","endNodeId":"13434056949"},"geometry":{"type":"LineString","coordinates":[[103.721565,1.3440389],[103.7215582,1.3440138]]}},{"type":"Feature","id":"way/1464549258-0-3-0","properties":{"highway":"service","service":"parking_aisle","startNodeId":"13434056949","endNodeId":"13434056950"},"geometry":{"type":"LineString","coordinates":[[103.7215582,1.3440138],[103.7215244,1.3437704]]}},{"type":"Feature","id":"way/1464549259-0-0-0","properties":{"highway":"service","service":"driveway","startNodeId":"13434056950","endNodeId":"13434056951"},"geometry":{"type":"LineString","coordinates":[[103.7215244,1.3437704],[103.7216502,1.343726]]}},{"type":"Feature","id":"way/1464549259-0-1-0","properties":{"highway":"service","service":"driveway","startNodeId":"13434056951","endNodeId":"4749207539"},"geometry":{"type":"LineString","coordinates":[[103.7216502,1.343726],[103.7217277,1.3436986]]}},{"type":"Feature","id":"way/1464549260-0-0-0","properties":{"highway":"service","service":"parking_aisle","startNodeId":"13434056950","endNodeId":"13434056952"},"geometry":{"type":"LineString","coordinates":[[103.7215244,1.3437704],[103.7210013,1.3436488]]}},{"type":"Feature","id":"way/1464549261-0-0-0","properties":{"highway":"service","oneway":"yes","service":"driveway","startNodeId":"13434056954","endNodeId":"13434056955"},"geometry":{"type":"LineString","coordinates":[[103.7209081,1.343448],[103.7209358,1.3433426]]}},{"type":"Feature","id":"way/1464549261-0-1-0","properties":{"highway":"service","oneway":"yes","service":"driveway","startNodeId":"13434056955","endNodeId":"13434056966"},"geometry":{"type":"LineString","coordinates":[[103.7209358,1.3433426],[103.7209378,1.3433243]]}},{"type":"Feature","id":"way/1464549261-0-2-0","properties":{"highway":"service","oneway":"yes","service":"driveway","startNodeId":"13434056966","endNodeId":"13434056965"},"geometry":{"type":"LineString","coordinates":[[103.7209378,1.3433243],[103.7209132,1.3433083]]}},{"type":"Feature","id":"way/1464549261-0-3-0","properties":{"highway":"service","oneway":"yes","service":"driveway","startNodeId":"13434056965","endNodeId":"13434056964"},"geometry":{"type":"LineString","coordinates":[[103.7209132,1.3433083],[103.7208924,1.3433088]]}},{"type":"Feature","id":"way/1464549261-0-4-0","properties":{"highway":"service","oneway":"yes","service":"driveway","startNodeId":"13434056964","endNodeId":"13434056956"},"geometry":{"type":"LineString","coordinates":[[103.7208924,1.3433088],[103.7208776,1.343327]]}},{"type":"Feature","id":"way/1464549261-0-5-0","properties":{"highway":"service","oneway":"yes","service":"driveway","startNodeId":"13434056956","endNodeId":"13434056957"},"geometry":{"type":"LineString","coordinates":[[103.7208776,1.343327],[103.7208559,1.3434164]]}},{"type":"Feature","id":"way/1464549261-0-6-0","properties":{"highway":"service","oneway":"yes","service":"driveway","startNodeId":"13434056957","endNodeId":"13434056963"},"geometry":{"type":"LineString","coordinates":[[103.7208559,1.3434164],[103.7208675,1.3434362]]}},{"type":"Feature","id":"way/1464549261-0-7-0","properties":{"highway":"service","oneway":"yes","service":"driveway","startNodeId":"13434056963","endNodeId":"13434056954"},"geometry":{"type":"LineString","coordinates":[[103.7208675,1.3434362],[103.7209081,1.343448]]}},{"type":"Feature","id":"way/1464549262-0-0-0","properties":{"highway":"service","oneway":"yes","service":"parking_aisle","startNodeId":"13434056952","endNodeId":"13434056953"},"geometry":{"type":"LineString","coordinates":[[103.7210013,1.3436488],[103.7210346,1.343494]]}},{"type":"Feature","id":"way/1464549262-0-1-0","properties":{"highway":"service","oneway":"yes","service":"parking_aisle","startNodeId":"13434056953","endNodeId":"13434056962"},"geometry":{"type":"LineString","coordinates":[[103.7210346,1.343494],[103.7210291,1.3434761]]}},{"type":"Feature","id":"way/1464549262-0-2-0","properties":{"highway":"service","oneway":"yes","service":"parking_aisle","startNodeId":"13434056962","endNodeId":"13434056961"},"geometry":{"type":"LineString","coordinates":[[103.7210291,1.3434761],[103.7210145,1.3434669]]}},{"type":"Feature","id":"way/1464549262-0-3-0","properties":{"highway":"service","oneway":"yes","service":"parking_aisle","startNodeId":"13434056961","endNodeId":"13434056954"},"geometry":{"type":"LineString","coordinates":[[103.7210145,1.3434669],[103.7209081,1.343448]]}},{"type":"Feature","id":"way/1464549262-0-4-0","properties":{"highway":"service","oneway":"yes","service":"parking_aisle","startNodeId":"13434056954","endNodeId":"13434056960"},"geometry":{"type":"LineString","coordinates":[[103.7209081,1.343448],[103.7208784,1.3435602]]}},{"type":"Feature","id":"way/1464549262-0-5-0","properties":{"highway":"service","oneway":"yes","service":"parking_aisle","startNodeId":"13434056960","endNodeId":"13434056958"},"geometry":{"type":"LineString","coordinates":[[103.7208784,1.3435602],[103.7208803,1.3436]]}},{"type":"Feature","id":"way/1464549262-0-6-0","properties":{"highway":"service","oneway":"yes","service":"parking_aisle","startNodeId":"13434056958","endNodeId":"13434056959"},"geometry":{"type":"LineString","coordinates":[[103.7208803,1.3436],[103.7208966,1.3436242]]}},{"type":"Feature","id":"way/1464549262-0-7-0","properties":{"highway":"service","oneway":"yes","service":"parking_aisle","startNodeId":"13434056959","endNodeId":"13434056952"},"geometry":{"type":"LineString","coordinates":[[103.7208966,1.3436242],[103.7210013,1.3436488]]}}]}