{"type":"FeatureCollection","features":[{"type":"Feature","id":"relation/3885398-0","properties":{"building":"yes","type":"multipolygon","clearanceGeometry":{"type":"Polygon","coordinates":[[[103.8439335,1.4267948],[103.8438871,1.4267932],[103.8438788,1.4270344],[103.843686,1.4270278],[103.843687,1.4269994],[103.8432868,1.4269857],[103.8432846,1.4270514],[103.8438774,1.4270717],[103.8438669,1.4273788],[103.8442131,1.4273906],[103.8442226,1.4271118],[103.844782,1.4271309],[103.8447859,1.4270156],[103.8447433,1.4270141],[103.8447483,1.426869],[103.8451561,1.4268829],[103.8451585,1.4268118],[103.8451106,1.4268102],[103.8451134,1.4267263],[103.8439372,1.4266861],[103.8439335,1.4267948]],[[103.8444659,1.4268942],[103.8444678,1.4268378],[103.8445217,1.4268397],[103.8445198,1.4268961],[103.8444659,1.4268942]],[[103.8440182,1.4268223],[103.8441512,1.4268269],[103.8441454,1.4269932],[103.8440125,1.4269886],[103.8440182,1.4268223]],[[103.8442559,1.4269973],[103.8442617,1.4268307],[103.844433,1.4268366],[103.8444273,1.4270032],[103.8442559,1.4269973]],[[103.844516,1.4270063],[103.8444621,1.4270044],[103.8444642,1.4269433],[103.8445181,1.4269452],[103.844516,1.4270063]]]},"clearanceHeight":1.7,"clearancePrepared":true},"geometry":{"type":"Polygon","coordinates":[[[103.8439372,1.4266861],[103.8439335,1.4267948],[103.8438871,1.4267932],[103.8438788,1.4270344],[103.843686,1.4270278],[103.843687,1.4269994],[103.8432868,1.4269857],[103.8432846,1.4270514],[103.8438774,1.4270717],[103.8438669,1.4273788],[103.8442131,1.4273906],[103.8442226,1.4271118],[103.844782,1.4271309],[103.8447859,1.4270156],[103.8447433,1.4270141],[103.8447483,1.426869],[103.8451561,1.4268829],[103.8451585,1.4268118],[103.8451106,1.4268102],[103.8451134,1.4267263],[103.8439372,1.4266861]],[[103.8445198,1.4268961],[103.8444659,1.4268942],[103.8444678,1.4268378],[103.8445217,1.4268397],[103.8445198,1.4268961]],[[103.8440125,1.4269886],[103.8440182,1.4268223],[103.8441512,1.4268269],[103.8441454,1.4269932],[103.8440125,1.4269886]],[[103.8444273,1.4270032],[103.8442559,1.4269973],[103.8442617,1.4268307],[103.844433,1.4268366],[103.8444273,1.4270032]],[[103.8445181,1.4269452],[103.844516,1.4270063],[103.8444621,1.4270044],[103.8444642,1.4269433],[103.8445181,1.4269452]]]}},{"type":"Feature","id":"way/173731642-0","properties":{"addr:housenumber":"352","addr:street":"Yishun Ring Road","building":"apartments","building:levels":"11","clearanceGeometry":{"type":"Polygon","coordinates":[[[103.845092,1.4265024],[103.8451012,1.4265027],[103.8451002,1.4265293],[103.8452757,1.426536],[103.8452796,1.4264337],[103.8452556,1.4264328],[103.8452563,1.4264163],[103.8445666,1.4263904],[103.844566,1.4264056],[103.8445417,1.4264047],[103.8445414,1.426413],[103.8445407,1.4264312],[103.8445378,1.4265085],[103.8450909,1.4265292],[103.845092,1.4265024]]]},"clearanceHeight":1.7,"clearancePrepared":true},"geometry":{"type":"Polygon","coordinates":[[[103.8450909,1.4265292],[103.845092,1.4265024],[103.8451012,1.4265027],[103.8451002,1.4265293],[103.8452757,1.426536],[103.8452796,1.4264337],[103.8452556,1.4264328],[103.8452563,1.4264163],[103.8445666,1.4263904],[103.844566,1.4264056],[103.8445417,1.4264047],[103.8445414,1.426413],[103.8445407,1.4264312],[103.8445378,1.4265085],[103.8450909,1.4265292]]]}},{"type":"Feature","id":"way/173731660-0","properties":{"addr:housenumber":"358","addr:street":"Yishun Ring Road","building":"residential","building:levels":"4","residential":"hdb","clearanceGeometry":{"type":"Polygon","coordinates":[[[103.8459202,1.4265183],[103.8458947,1.4271846],[103.8459064,1.427185],[103.8459055,1.4272096],[103.8460106,1.4272137],[103.8460164,1.4270635],[103.8460325,1.4266424],[103.8460381,1.426499],[103.845934,1.4264951],[103.8459331,1.4265188],[103.8459202,1.4265183]]]},"clearanceHeight":1.7,"clearancePrepared":true},"geometry":{"type":"Polygon","coordinates":[[[103.8459331,1.4265188],[103.8459202,1.4265183],[103.8458947,1.4271846],[103.8459064,1.427185],[103.8459055,1.4272096],[103.8460106,1.4272137],[103.8460164,1.4270635],[103.8460325,1.4266424],[103.8460381,1.426499],[103.845934,1.4264951],[103.8459331,1.4265188]]]}},{"type":"Feature","id":"way/173734964-0","properties":{"addr:housenumber":"417","addr:postcode":"760417","addr:street":"Yishun Avenue 11","building":"retail","building:levels":"2","roof:colour":"brown","roof:shape":"gabled","clearanceGeometry":{"type":"Polygon","coordinates":[[[103.8467054,1.4241439],[103.8467073,1.4240194],[103.8467173,1.423669],[103.8465062,1.4236639],[103.8465021,1.4239213],[103.846566,1.4239252],[103.8465592,1.424105],[103.8459733,1.4246413],[103.846045,1.4247226],[103.8467054,1.4241439]]]},"clearanceHeight":1.7,"clearancePrepared":true},"geometry":{"type":"Polygon","coordinates":[[[103.846045,1.4247226],[103.8467054,1.4241439],[103.8467073,1.4240194],[103.8467173,1.423669],[103.8465062,1.4236639],[103.8465021,1.4239213],[103.846566,1.4239252],[103.8465592,1.424105],[103.8459733,1.4246413],[103.846045,1.4247226]]]}},{"type":"Feature","id":"way/173734985-0","properties":{"addr:housenumber":"413","addr:street":"Yishun Ring Road","building":"apartments","building:levels":"9","residential":"hdb","clearanceGeometry":{"type":"Polygon","coordinates":[[[103.8461786,1.4251392],[103.8461934,1.4251552],[103.8461639,1.4251825],[103.846238,1.4252624],[103.8465478,1.4249755],[103.8467577,1.4252021],[103.8468372,1.4251284],[103.8468427,1.425123],[103.8468205,1.4250999],[103.8468154,1.4251049],[103.8468036,1.4250921],[103.8468093,1.4250867],[103.8467886,1.4250654],[103.8467835,1.4250704],[103.8466616,1.4249388],[103.846668,1.4249325],[103.846647,1.4249112],[103.8466412,1.4249169],[103.8466087,1.4248817],[103.8466236,1.4248679],[103.8465616,1.424801],[103.8464908,1.4248666],[103.8465026,1.4248792],[103.846459,1.4249196],[103.8464475,1.4249071],[103.8462383,1.4251008],[103.8462191,1.42508],[103.8462545,1.4250473],[103.8461906,1.4249783],[103.8461075,1.4250552],[103.8461339,1.4250838],[103.8461171,1.4250994],[103.846091,1.4250713],[103.8460129,1.4251436],[103.8460872,1.4252238],[103.8461786,1.4251392]]]},"clearanceHeight":1.7,"clearancePrepared":true},"geometry":{"type":"Polygon","coordinates":[[[103.8460872,1.4252238],[103.8461786,1.4251392],[103.8461934,1.4251552],[103.8461639,1.4251825],[103.846238,1.4252624],[103.8465478,1.4249755],[103.8467577,1.4252021],[103.8468372,1.4251284],[103.8468427,1.425123],[103.8468205,1.4250999],[103.8468154,1.4251049],[103.8468036,1.4250921],[103.8468093,1.4250867],[103.8467886,1.4250654],[103.8467835,1.4250704],[103.8466616,1.4249388],[103.846668,1.4249325],[103.846647,1.4249112],[103.8466412,1.4249169],[103.8466087,1.4248817],[103.8466236,1.4248679],[103.8465616,1.424801],[103.8464908,1.4248666],[103.8465026,1.4248792],[103.846459,1.4249196],[103.8464475,1.4249071],[103.8462383,1.4251008],[103.8462191,1.42508],[103.8462545,1.4250473],[103.8461906,1.4249783],[103.8461075,1.4250552],[103.8461339,1.4250838],[103.8461171,1.4250994],[103.846091,1.4250713],[103.8460129,1.4251436],[103.8460872,1.4252238]]]}},{"type":"Feature","id":"way/173735008-0","properties":{"addr:housenumber":"416","addr:street":"Yishun Avenue 11","building":"apartments","building:levels":"10","residential":"hdb","clearanceGeometry":{"type":"Polygon","coordinates":[[[103.8458807,1.423936],[103.8460082,1.4238147],[103.8460052,1.42381],[103.8460189,1.423796],[103.8460162,1.4237852],[103.8460501,1.4237742],[103.8460531,1.4237836],[103.8460705,1.4237839],[103.8460705,1.4237912],[103.846454,1.4238054],[103.8464554,1.4237497],[103.8464419,1.4237499],[103.8464425,1.4237311],[103.8464564,1.4237309],[103.846458,1.4236894],[103.8460402,1.4236726],[103.8459532,1.4237061],[103.8457896,1.4238563],[103.8457762,1.4238415],[103.8457068,1.4239081],[103.8457809,1.4239894],[103.8458114,1.4239629],[103.8458261,1.4239763],[103.845797,1.4240058],[103.84586058573302,1.4240778879505271],[103.84590278000447,1.424039679284065],[103.8459434147503,1.424000985757976],[103.8458807,1.423936]]]},"clearanceHeight":1.7,"clearancePrepared":true},"geometry":{"type":"Polygon","coordinates":[[[103.8459525,1.4240104],[103.8458807,1.423936],[103.8460082,1.4238147],[103.8460052,1.42381],[103.8460189,1.423796],[103.8460162,1.4237852],[103.8460501,1.4237742],[103.8460531,1.4237836],[103.8460705,1.4237839],[103.8460705,1.4237912],[103.846454,1.4238054],[103.8464554,1.4237497],[103.8464419,1.4237499],[103.8464425,1.4237311],[103.8464564,1.4237309],[103.846458,1.4236894],[103.8460402,1.4236726],[103.8459532,1.4237061],[103.8457896,1.4238563],[103.8457762,1.4238415],[103.8457068,1.4239081],[103.8457809,1.4239894],[103.8458114,1.4239629],[103.8458261,1.4239763],[103.845797,1.4240058],[103.8458673,1.4240855],[103.8459525,1.4240104]]]}},{"type":"Feature","id":"way/173735010-0","properties":{"addr:housenumber":"415","addr:street":"Yishun Avenue 11","building":"apartments","building:levels":"10","residential":"hdb","clearanceGeometry":{"type":"Polygon","coordinates":[[[103.845668,1.4246685],[103.8456826,1.4246843],[103.8456562,1.4247089],[103.8457311,1.4247894],[103.8458093,1.4247167],[103.8459171,1.4248325],[103.8459945,1.4247605],[103.8459604,1.4247239],[103.8459683,1.4247166],[103.845902,1.4246454],[103.8458963,1.4246507],[103.8458434,1.4245939],[103.8458502,1.4245876],[103.8458284,1.4245642],[103.8458212,1.4245709],[103.8458116,1.4245605],[103.845869,1.4245071],[103.845884,1.4245232],[103.84597663458705,1.4244370526960786],[103.84597444227941,1.4244341858101441],[103.84600405636188,1.4244115512927125],[103.8461753,1.4242523],[103.846099,1.4241703],[103.8460699,1.4241974],[103.8460543,1.4241806],[103.8460851,1.4241519],[103.8460079,1.4240689],[103.8459215,1.4241492],[103.8460118,1.4242463],[103.8457122,1.4245248],[103.8457877,1.424606],[103.8457444,1.4246464],[103.8456439,1.4245384],[103.845566,1.4246108],[103.8456421,1.4246926],[103.845668,1.4246685]]]},"clearanceHeight":1.7,"clearancePrepared":true},"geometry":{"type":"Polygon","coordinates":[[[103.8456421,1.4246926],[103.845668,1.4246685],[103.8456826,1.4246843],[103.8456562,1.4247089],[103.8457311,1.4247894],[103.8458093,1.4247167],[103.8459171,1.4248325],[103.8459945,1.4247605],[103.8459604,1.4247239],[103.8459683,1.4247166],[103.845902,1.4246454],[103.8458963,1.4246507],[103.8458434,1.4245939],[103.8458502,1.4245876],[103.8458284,1.4245642],[103.8458212,1.4245709],[103.8458116,1.4245605],[103.845869,1.4245071],[103.845884,1.4245232],[103.8461753,1.4242523],[103.846099,1.4241703],[103.8460699,1.4241974],[103.8460543,1.4241806],[103.8460851,1.4241519],[103.8460079,1.4240689],[103.8459215,1.4241492],[103.8460118,1.4242463],[103.8457122,1.4245248],[103.8457877,1.424606],[103.8457444,1.4246464],[103.8456439,1.4245384],[103.845566,1.4246108],[103.8456421,1.4246926]]]}},{"type":"Feature","id":"way/173738035-0","properties":{"addr:housenumber":"443","addr:postcode":"760443","addr:street":"Yishun Avenue 11","building":"apartments","building:levels":"13","clearanceGeometry":{"type":"Polygon","coordinates":[[[103.8447249,1.4235379],[103.8446774,1.4235853],[103.8447094,1.4236173],[103.8446549,1.4236717],[103.844713,1.4237299],[103.8447239,1.4237191],[103.8447684,1.4237637],[103.8447582,1.4237739],[103.8448167,1.4238325],[103.8448521,1.4237971],[103.8448389,1.4237839],[103.8448513,1.4237715],[103.8448335,1.4237537],[103.8448478,1.4237394],[103.8448957,1.4237875],[103.8448952,1.42383],[103.8448694,1.4238296],[103.8448691,1.4238512],[103.844857,1.423851],[103.8448565,1.4238881],[103.844935,1.4238892],[103.8449352,1.4238761],[103.8449885,1.4238768],[103.8449883,1.4238927],[103.8450738,1.4238939],[103.8450745,1.4238438],[103.8450592,1.4238436],[103.8450595,1.4238236],[103.8450318,1.4238233],[103.8450321,1.4238021],[103.8450164,1.4238019],[103.8450169,1.4237664],[103.8450762,1.4237178],[103.8451014,1.4237485],[103.8450702,1.423774],[103.8450962,1.4238056],[103.8452828,1.4236527],[103.8452588,1.4236235],[103.8452455,1.4236344],[103.8452331,1.4236193],[103.8452139,1.4236351],[103.8452013,1.4236197],[103.8451807,1.4236366],[103.8451682,1.4236214],[103.8451888,1.4236046],[103.8451743,1.4235869],[103.8451962,1.4235689],[103.845185,1.4235553],[103.8452013,1.4235419],[103.8451687,1.4235021],[103.8451056,1.4235539],[103.8451146,1.4235649],[103.8450605,1.4236092],[103.8450509,1.4235976],[103.8449933,1.4236448],[103.8450242,1.4236825],[103.8450332,1.4236751],[103.845043,1.4236871],[103.8449955,1.423726],[103.8449951,1.4237462],[103.8449106,1.4237442],[103.8448869,1.4237499],[103.8448194,1.4236824],[103.8448321,1.4236697],[103.8448511,1.4236888],[103.8448623,1.4236775],[103.8448746,1.4236898],[103.8449149,1.4236496],[103.8447528,1.4234873],[103.8447135,1.4235265],[103.8447249,1.4235379]]]},"clearanceHeight":1.7,"clearancePrepared":true},"geometry":{"type":"Polygon","coordinates":[[[103.8447135,1.4235265],[103.8447249,1.4235379],[103.8446774,1.4235853],[103.8447094,1.4236173],[103.8446549,1.4236717],[103.844713,1.4237299],[103.8447239,1.4237191],[103.8447684,1.4237637],[103.8447582,1.4237739],[103.8448167,1.4238325],[103.8448521,1.4237971],[103.8448389,1.4237839],[103.8448513,1.4237715],[103.8448335,1.4237537],[103.8448478,1.4237394],[103.8448957,1.4237875],[103.8448952,1.42383],[103.8448694,1.4238296],[103.8448691,1.4238512],[103.844857,1.423851],[103.8448565,1.4238881],[103.844935,1.4238892],[103.8449352,1.4238761],[103.8449885,1.4238768],[103.8449883,1.4238927],[103.8450738,1.4238939],[103.8450745,1.4238438],[103.8450592,1.4238436],[103.8450595,1.4238236],[103.8450318,1.4238233],[103.8450321,1.4238021],[103.8450164,1.4238019],[103.8450169,1.4237664],[103.8450762,1.4237178],[103.8451014,1.4237485],[103.8450702,1.423774],[103.8450962,1.4238056],[103.8452828,1.4236527],[103.8452588,1.4236235],[103.8452455,1.4236344],[103.8452331,1.4236193],[103.8452139,1.4236351],[103.8452013,1.4236197],[103.8451807,1.4236366],[103.8451682,1.4236214],[103.8451888,1.4236046],[103.8451743,1.4235869],[103.8451962,1.4235689],[103.845185,1.4235553],[103.8452013,1.4235419],[103.8451687,1.4235021],[103.8451056,1.4235539],[103.8451146,1.4235649],[103.8450605,1.4236092],[103.8450509,1.4235976],[103.8449933,1.4236448],[103.8450242,1.4236825],[103.8450332,1.4236751],[103.845043,1.4236871],[103.8449955,1.423726],[103.8449951,1.4237462],[103.8449106,1.4237442],[103.8448869,1.4237499],[103.8448194,1.4236824],[103.8448321,1.4236697],[103.8448511,1.4236888],[103.8448623,1.4236775],[103.8448746,1.4236898],[103.8449149,1.4236496],[103.8447528,1.4234873],[103.8447135,1.4235265]]]}},{"type":"Feature","id":"way/173738040-0","properties":{"addr:city":"Singapore","addr:housenumber":"442","addr:postcode":"760442","addr:street":"Yishun Avenue 11","building":"yes","building:levels":"13","clearanceGeometry":{"type":"Polygon","coordinates":[[[103.8452533,1.423505],[103.8452708,1.4235262],[103.8452986,1.4235032],[103.8453054,1.4235114],[103.8452876,1.4235261],[103.8453026,1.4235442],[103.8452815,1.4235616],[103.8452943,1.4235771],[103.8452846,1.4235851],[103.845314,1.4236206],[103.8453763,1.4235691],[103.8453674,1.4235583],[103.8454203,1.4235147],[103.8454283,1.4235244],[103.8454799,1.4234817],[103.8454508,1.4234465],[103.8454382,1.423457],[103.8454287,1.4234454],[103.8454079,1.4234625],[103.8453921,1.4234434],[103.8454547,1.4233916],[103.8454697,1.4234097],[103.845476,1.4234045],[103.8454885,1.4234197],[103.8454941,1.4234151],[103.8455066,1.4234301],[103.84549,1.4234439],[103.8455018,1.4234581],[103.845491,1.423467],[103.8455133,1.4234939],[103.8455726,1.4234448],[103.8455659,1.4234366],[103.8456212,1.4233909],[103.8456288,1.4234],[103.8456732,1.4233633],[103.8456525,1.4233384],[103.8456463,1.4233435],[103.8456354,1.4233304],[103.8456166,1.4233459],[103.8456036,1.4233301],[103.8455688,1.4233588],[103.8455524,1.423339],[103.8455795,1.4233166],[103.8455634,1.4232972],[103.8455798,1.4232836],[103.8455685,1.4232699],[103.8455833,1.4232577],[103.845554,1.4232224],[103.8454753,1.4232875],[103.8454838,1.4232978],[103.8454682,1.4233106],[103.8454867,1.423333],[103.8454687,1.4233479],[103.8454569,1.4233336],[103.8454377,1.4233495],[103.8454558,1.4233714],[103.845389,1.4234265],[103.8453698,1.4234033],[103.8453894,1.4233872],[103.8453528,1.423343],[103.8452992,1.4233873],[103.845307,1.4233967],[103.8452537,1.4234407],[103.8452462,1.4234316],[103.8452009,1.423469],[103.8452398,1.4235161],[103.8452533,1.423505]]]},"clearanceHeight":1.7,"clearancePrepared":true},"geometry":{"type":"Polygon","coordinates":[[[103.8452398,1.4235161],[103.8452533,1.423505],[103.8452708,1.4235262],[103.8452986,1.4235032],[103.8453054,1.4235114],[103.8452876,1.4235261],[103.8453026,1.4235442],[103.8452815,1.4235616],[103.8452943,1.4235771],[103.8452846,1.4235851],[103.845314,1.4236206],[103.8453763,1.4235691],[103.8453674,1.4235583],[103.8454203,1.4235147],[103.8454283,1.4235244],[103.8454799,1.4234817],[103.8454508,1.4234465],[103.8454382,1.423457],[103.8454287,1.4234454],[103.8454079,1.4234625],[103.8453921,1.4234434],[103.8454547,1.4233916],[103.8454697,1.4234097],[103.845476,1.4234045],[103.8454885,1.4234197],[103.8454941,1.4234151],[103.8455066,1.4234301],[103.84549,1.4234439],[103.8455018,1.4234581],[103.845491,1.423467],[103.8455133,1.4234939],[103.8455726,1.4234448],[103.8455659,1.4234366],[103.8456212,1.4233909],[103.8456288,1.4234],[103.8456732,1.4233633],[103.8456525,1.4233384],[103.8456463,1.4233435],[103.8456354,1.4233304],[103.8456166,1.4233459],[103.8456036,1.4233301],[103.8455688,1.4233588],[103.8455524,1.423339],[103.8455795,1.4233166],[103.8455634,1.4232972],[103.8455798,1.4232836],[103.8455685,1.4232699],[103.8455833,1.4232577],[103.845554,1.4232224],[103.8454753,1.4232875],[103.8454838,1.4232978],[103.8454682,1.4233106],[103.8454867,1.423333],[103.8454687,1.4233479],[103.8454569,1.4233336],[103.8454377,1.4233495],[103.8454558,1.4233714],[103.845389,1.4234265],[103.8453698,1.4234033],[103.8453894,1.4233872],[103.8453528,1.423343],[103.8452992,1.4233873],[103.845307,1.4233967],[103.8452537,1.4234407],[103.8452462,1.4234316],[103.8452009,1.423469],[103.8452398,1.4235161]]]}},{"type":"Feature","id":"way/292420527-0","properties":{"building":"yes","source":"Bing","clearanceGeometry":{"type":"Polygon","coordinates":[[[103.8452379,1.427239],[103.8452461,1.4269749],[103.8450962,1.4269703],[103.845088,1.4272344],[103.8452379,1.427239]]]},"clearanceHeight":1.7,"clearancePrepared":true},"geometry":{"type":"Polygon","coordinates":[[[103.845088,1.4272344],[103.8452379,1.427239],[103.8452461,1.4269749],[103.8450962,1.4269703],[103.845088,1.4272344]]]}},{"type":"Feature","id":"way/500574034-0","properties":{"addr:housenumber":"51","addr:street":"Yishun Avenue 11","amenity":"food_court","building":"yes","name":"Yishun Park Hawker Centre","name:ms":"Pusat Penjaja Yishun Park","operator":"Timbre Group","wheelchair":"yes","clearanceGeometry":{"type":"Polygon","coordinates":[[[103.8445224,1.4253803],[103.8445569,1.4253615],[103.8445912,1.4253276],[103.8446175,1.425358],[103.8451999,1.4248177],[103.8450015,1.4246125],[103.844909,1.4246206],[103.8443467,1.4251088],[103.84439339590324,1.4251611770071897],[103.84440892308083,1.4251690141845121],[103.84440583494072,1.4251751293993793],[103.8444141,1.4251844],[103.8443907,1.4252051],[103.84437277837745,1.4252405888600326],[103.8443686,1.4252795],[103.8443804,1.425324],[103.8444286,1.4253725],[103.844478,1.4253886],[103.8445224,1.4253803]]]},"clearanceHeight":1.7,"clearancePrepared":true},"geometry":{"type":"Polygon","coordinates":[[[103.844478,1.4253886],[103.8445224,1.4253803],[103.8445569,1.4253615],[103.8445912,1.4253276],[103.8446175,1.425358],[103.8451999,1.4248177],[103.8450015,1.4246125],[103.844909,1.4246206],[103.8443467,1.4251088],[103.8444141,1.4251844],[103.8443907,1.4252051],[103.8443734,1.4252348],[103.8443686,1.4252795],[103.8443804,1.425324],[103.8444286,1.4253725],[103.844478,1.4253886]]]}},{"type":"Feature","id":"way/732001152-0","properties":{"addr:city":"Singapore","addr:housenumber":"347","addr:postcode":"760347","addr:street":"Yishun Avenue 11","amenity":"parking","building":"parking","building:levels":"2","parking":"multi-storey","clearanceGeometry":{"type":"Polygon","coordinates":[[[103.84183380783323,1.4277332477618534],[103.84183500584642,1.4277285078644832],[103.8418568799442,1.427734033785674],[103.8418735,1.4277346],[103.8418757,1.4277289],[103.8419248,1.427738],[103.8419236,1.4277492],[103.8419411,1.4277537],[103.84194094705597,1.427755271152308],[103.8420439718552,1.4277812976850128],[103.8420483,1.4277695],[103.8421063,1.4277831],[103.8421154,1.4277515],[103.8421142,1.4277273],[103.8421227,1.4277143],[103.8421204,1.4276906],[103.842134,1.4276906],[103.8421334,1.4276433],[103.8421503,1.4276427],[103.8421516,1.4276213],[103.8421362,1.427619],[103.842134,1.4275841],[103.8421796,1.4275863],[103.8421836,1.4275728],[103.8421825,1.4275604],[103.8421791,1.4275322],[103.8421977,1.4275277],[103.8421971,1.4275063],[103.8421826,1.4275044],[103.842184,1.4274716],[103.8422296,1.4274742],[103.8422307,1.4274618],[103.8422572,1.4274589],[103.8422596,1.4274814],[103.8422819,1.4274859],[103.8422875,1.4274781],[103.8422975,1.4274641],[103.8422788,1.4274423],[103.8422937,1.4274262],[103.8423042,1.4274305],[103.8423367,1.4273968],[103.8423613,1.4274208],[103.8423514,1.4274291],[103.8423689,1.4274461],[103.8423765,1.4274366],[103.8424215,1.4274821],[103.8424137,1.4274897],[103.8424294,1.4275068],[103.8424381,1.4274973],[103.8424621,1.4275224],[103.8424301,1.4275551],[103.8424377,1.4275627],[103.842417,1.4275836],[103.8423988,1.427563],[103.842394,1.4275694],[103.8423879,1.4275694],[103.8423808,1.4275767],[103.8423753,1.4275713],[103.8423744,1.4275864],[103.8423777,1.4275971],[103.8423777,1.427622],[103.8423853,1.4276258],[103.8423864,1.4276495],[103.8423934,1.4276519],[103.8423942,1.4277063],[103.8423875,1.4277082],[103.8423889,1.4277353],[103.8423785,1.4277356],[103.8423784,1.4277624],[103.8423693,1.4277627],[103.8423693,1.4277862],[103.8423754,1.4277899],[103.8423794,1.4277976],[103.8424018,1.4277768],[103.842427,1.4277969],[103.8424156,1.427809],[103.842432,1.4278241],[103.8424421,1.427817],[103.8424672,1.4278405],[103.8424334,1.4278733],[103.8424401,1.4278794],[103.8424297,1.4278935],[103.8424461,1.4279082],[103.8424525,1.4279129],[103.842459,1.4279022],[103.8424676,1.4279069],[103.8424914,1.427863],[103.8425225,1.4278797],[103.8425162,1.4278918],[103.8425343,1.4279035],[103.8425413,1.4278928],[103.8425701,1.4279106],[103.8425463,1.4279528],[103.8425601,1.4279581],[103.8425631,1.4279699],[103.8425943,1.4279592],[103.8425889,1.4279411],[103.8426131,1.4279317],[103.8426131,1.4279216],[103.8426359,1.4279156],[103.8426359,1.4279065],[103.8426908,1.4278928],[103.8426939,1.4278981],[103.8427171,1.4278909],[103.8427209,1.4278997],[103.8427441,1.4278945],[103.8427548,1.4279248],[103.8427498,1.4279277],[103.8427548,1.4279428],[103.8427949,1.4279314],[103.8427988,1.4279191],[103.8427844,1.4279146],[103.8427895,1.4279025],[103.8427864,1.4278988],[103.8427895,1.4278918],[103.8427649,1.4278856],[103.8427748,1.4278557],[103.8427827,1.4278591],[103.8427974,1.4278159],[103.8428315,1.4278272],[103.8428262,1.4278396],[103.8428496,1.4278475],[103.8428524,1.4278371],[103.8428823,1.4278481],[103.8428828,1.4278385],[103.8429147,1.4278385],[103.8429505,1.4278391],[103.8429513,1.42783],[103.8429654,1.4278326],[103.8429747,1.427823],[103.8429761,1.4278004],[103.8429654,1.427794],[103.8429666,1.4277852],[103.84298071726325,1.4277865953109028],[103.84298921260007,1.4276216521420002],[103.84299008237846,1.4276023252551076],[103.842989,1.4273906],[103.8429369,1.4273901],[103.8429381,1.4273671],[103.8429254,1.4273669],[103.8429212,1.4273735],[103.8428563,1.4273754],[103.8428548,1.4273605],[103.8428342,1.4273605],[103.8428347,1.4273726],[103.8427987,1.427374],[103.8427984,1.4273268],[103.8427899,1.4273264],[103.8427906,1.4273],[103.8428164,1.4272993],[103.842816,1.4272922],[103.8428188,1.4272887],[103.8428181,1.4272797],[103.8428643,1.427278],[103.8428658,1.4272669],[103.8428771,1.4272657],[103.8428778,1.4272581],[103.8427816,1.4272583],[103.8427823,1.4272252],[103.8427965,1.4272252],[103.8427958,1.4272031],[103.8427821,1.4272031],[103.8427825,1.4271685],[103.8428314,1.4271671],[103.8428333,1.4271576],[103.8428534,1.4271576],[103.8428522,1.4271472],[103.8428518,1.4271114],[103.8428385,1.4271218],[103.8428304,1.4271159],[103.8427951,1.4271462],[103.8427712,1.4271235],[103.8427818,1.4271123],[103.8427695,1.4270995],[103.8427584,1.4271093],[103.8427118,1.4270622],[103.8427199,1.427052],[103.842705,1.4270396],[103.8426968,1.4270489],[103.8426717,1.4270227],[103.8427073,1.426988],[103.8427008,1.4269804],[103.8427177,1.4269632],[103.8427104,1.4269567],[103.842705,1.4269517],[103.8426765,1.4269793],[103.8426631,1.4269689],[103.8426342,1.4269988],[103.8426102,1.4269754],[103.8426017,1.4269797],[103.8426077,1.426987],[103.8425975,1.4269955],[103.8425896,1.4269873],[103.8425738,1.4270014],[103.8425792,1.4270098],[103.8425699,1.4270194],[103.8425814,1.4270304],[103.8425735,1.4270375],[103.8426032,1.4270744],[103.8425752,1.4270969],[103.8425679,1.4270871],[103.842553,1.4270986],[103.8425611,1.4271093],[103.8425115,1.4271527],[103.8425019,1.427142],[103.8424856,1.4271572],[103.8424932,1.4271677],[103.842469,1.4271894],[103.8424368,1.4271536],[103.8424286,1.4271584],[103.8424191,1.4271488],[103.8424072,1.4271589],[103.8424115,1.4271726],[103.842414,1.4271806],[103.8424196,1.427197],[103.8423782,1.4272128],[103.8423421,1.4272443],[103.8423192,1.4272612],[103.8423238,1.4272672],[103.8422979,1.4272843],[103.8422912,1.4272753],[103.8422275,1.4272992],[103.8422261,1.4272997],[103.8422248,1.4273071],[103.8422204,1.4273061],[103.8422191,1.4273135],[103.842197,1.4273105],[103.8421316,1.4273346],[103.8421276,1.4273319],[103.8420836,1.4273483],[103.8420582,1.4273591],[103.8420598,1.4273634],[103.8420293,1.4273745],[103.8420273,1.4273671],[103.8420142,1.4273728],[103.8420126,1.4273798],[103.8419851,1.4273936],[103.84198,1.4273855],[103.8419562,1.4273949],[103.8419187,1.4274053],[103.8418962,1.427408],[103.8418144,1.4274077],[103.8418141,1.4274432],[103.8417779,1.4274462],[103.8417779,1.4274291],[103.8417571,1.4274288],[103.8417554,1.4274429],[103.84169,1.4274462],[103.8416853,1.4274348],[103.8416424,1.4274345],[103.8416384,1.4274385],[103.8416102,1.4274378],[103.8416085,1.4273859],[103.8415653,1.4273855],[103.8415663,1.4274093],[103.8415546,1.427408],[103.8415502,1.4274553],[103.841514,1.4274533],[103.8415157,1.4274412],[103.8414956,1.4274422],[103.8414956,1.4274509],[103.841462,1.4274502],[103.8414654,1.4273788],[103.8414513,1.4273785],[103.8414236,1.4274046],[103.8414194,1.42741],[103.8414388,1.427434],[103.8414184,1.4274516],[103.8414248,1.4274564],[103.8414045,1.4274743],[103.8414093,1.4274799],[103.841363,1.4275205],[103.841359,1.4275138],[103.8413411,1.4275317],[103.8413351,1.4275249],[103.8413162,1.427545],[103.8413154,1.427561],[103.8413138,1.4275954],[103.8413128,1.4276171],[103.84131104517905,1.4276521964190942],[103.8414857727404,1.4276761247273215],[103.84166028391472,1.427691952719446],[103.84183337461717,1.4277281315138117],[103.84183231533335,1.427733196915164],[103.84183380783323,1.4277332477618534]]]},"clearanceHeight":1.7,"clearancePrepared":true},"geometry":{"type":"Polygon","coordinates":[[[103.8417737,1.4277312],[103.8418735,1.4277346],[103.8418757,1.4277289],[103.8419248,1.427738],[103.8419236,1.4277492],[103.8419411,1.4277537],[103.84194,1.427765],[103.8420421,1.4277864],[103.8420483,1.4277695],[103.8421063,1.4277831],[103.8421154,1.4277515],[103.8421142,1.4277273],[103.8421227,1.4277143],[103.8421204,1.4276906],[103.842134,1.4276906],[103.8421334,1.4276433],[103.8421503,1.4276427],[103.8421516,1.4276213],[103.8421362,1.427619],[103.842134,1.4275841],[103.8421796,1.4275863],[103.8421836,1.4275728],[103.8421825,1.4275604],[103.8421791,1.4275322],[103.8421977,1.4275277],[103.8421971,1.4275063],[103.8421826,1.4275044],[103.842184,1.4274716],[103.8422296,1.4274742],[103.8422307,1.4274618],[103.8422572,1.4274589],[103.8422596,1.4274814],[103.8422819,1.4274859],[103.8422875,1.4274781],[103.8422975,1.4274641],[103.8422788,1.4274423],[103.8422937,1.4274262],[103.8423042,1.4274305],[103.8423367,1.4273968],[103.8423613,1.4274208],[103.8423514,1.4274291],[103.8423689,1.4274461],[103.8423765,1.4274366],[103.8424215,1.4274821],[103.8424137,1.4274897],[103.8424294,1.4275068],[103.8424381,1.4274973],[103.8424621,1.4275224],[103.8424301,1.4275551],[103.8424377,1.4275627],[103.842417,1.4275836],[103.8423988,1.427563],[103.842394,1.4275694],[103.8423879,1.4275694],[103.8423808,1.4275767],[103.8423753,1.4275713],[103.8423744,1.4275864],[103.8423777,1.4275971],[103.8423777,1.427622],[103.8423853,1.4276258],[103.8423864,1.4276495],[103.8423934,1.4276519],[103.8423942,1.4277063],[103.8423875,1.4277082],[103.8423889,1.4277353],[103.8423785,1.4277356],[103.8423784,1.4277624],[103.8423693,1.4277627],[103.8423693,1.4277862],[103.8423754,1.4277899],[103.8423794,1.4277976],[103.8424018,1.4277768],[103.842427,1.4277969],[103.8424156,1.427809],[103.842432,1.4278241],[103.8424421,1.427817],[103.8424672,1.4278405],[103.8424334,1.4278733],[103.8424401,1.4278794],[103.8424297,1.4278935],[103.8424461,1.4279082],[103.8424525,1.4279129],[103.842459,1.4279022],[103.8424676,1.4279069],[103.8424914,1.427863],[103.8425225,1.4278797],[103.8425162,1.4278918],[103.8425343,1.4279035],[103.8425413,1.4278928],[103.8425701,1.4279106],[103.8425463,1.4279528],[103.8425601,1.4279581],[103.8425631,1.4279699],[103.8425943,1.4279592],[103.8425889,1.4279411],[103.8426131,1.4279317],[103.8426131,1.4279216],[103.8426359,1.4279156],[103.8426359,1.4279065],[103.8426908,1.4278928],[103.8426939,1.4278981],[103.8427171,1.4278909],[103.8427209,1.4278997],[103.8427441,1.4278945],[103.8427548,1.4279248],[103.8427498,1.4279277],[103.8427548,1.4279428],[103.8427949,1.4279314],[103.8427988,1.4279191],[103.8427844,1.4279146],[103.8427895,1.4279025],[103.8427864,1.4278988],[103.8427895,1.4278918],[103.8427649,1.4278856],[103.8427748,1.4278557],[103.8427827,1.4278591],[103.8427974,1.4278159],[103.8428315,1.4278272],[103.8428262,1.4278396],[103.8428496,1.4278475],[103.8428524,1.4278371],[103.8428823,1.4278481],[103.8428828,1.4278385],[103.8429147,1.4278385],[103.8429505,1.4278391],[103.8429513,1.42783],[103.8429654,1.4278326],[103.8429747,1.427823],[103.8429761,1.4278004],[103.8429654,1.427794],[103.8429666,1.4277852],[103.8429838,1.4277869],[103.842984,1.4277446],[103.8429908,1.4277427],[103.842989,1.4273906],[103.8429369,1.4273901],[103.8429381,1.4273671],[103.8429254,1.4273669],[103.8429212,1.4273735],[103.8428563,1.4273754],[103.8428548,1.4273605],[103.8428342,1.4273605],[103.8428347,1.4273726],[103.8427987,1.427374],[103.8427984,1.4273268],[103.8427899,1.4273264],[103.8427906,1.4273],[103.8428164,1.4272993],[103.842816,1.4272922],[103.8428188,1.4272887],[103.8428181,1.4272797],[103.8428643,1.427278],[103.8428658,1.4272669],[103.8428771,1.4272657],[103.8428778,1.4272581],[103.8427816,1.4272583],[103.8427823,1.4272252],[103.8427965,1.4272252],[103.8427958,1.4272031],[103.8427821,1.4272031],[103.8427825,1.4271685],[103.8428314,1.4271671],[103.8428333,1.4271576],[103.8428534,1.4271576],[103.8428522,1.4271472],[103.8428518,1.4271114],[103.8428385,1.4271218],[103.8428304,1.4271159],[103.8427951,1.4271462],[103.8427712,1.4271235],[103.8427818,1.4271123],[103.8427695,1.4270995],[103.8427584,1.4271093],[103.8427118,1.4270622],[103.8427199,1.427052],[103.842705,1.4270396],[103.8426968,1.4270489],[103.8426717,1.4270227],[103.8427073,1.426988],[103.8427008,1.4269804],[103.8427177,1.4269632],[103.8427104,1.4269567],[103.842705,1.4269517],[103.8426765,1.4269793],[103.8426631,1.4269689],[103.8426342,1.4269988],[103.8426102,1.4269754],[103.8426017,1.4269797],[103.8426077,1.426987],[103.8425975,1.4269955],[103.8425896,1.4269873],[103.8425738,1.4270014],[103.8425792,1.4270098],[103.8425699,1.4270194],[103.8425814,1.4270304],[103.8425735,1.4270375],[103.8426032,1.4270744],[103.8425752,1.4270969],[103.8425679,1.4270871],[103.842553,1.4270986],[103.8425611,1.4271093],[103.8425115,1.4271527],[103.8425019,1.427142],[103.8424856,1.4271572],[103.8424932,1.4271677],[103.842469,1.4271894],[103.8424368,1.4271536],[103.8424286,1.4271584],[103.8424191,1.4271488],[103.8424072,1.4271589],[103.8424115,1.4271726],[103.842414,1.4271806],[103.8424196,1.427197],[103.8423782,1.4272128],[103.8423421,1.4272443],[103.8423192,1.4272612],[103.8423238,1.4272672],[103.8422979,1.4272843],[103.8422912,1.4272753],[103.8422275,1.4272992],[103.8422261,1.4272997],[103.8422248,1.4273071],[103.8422204,1.4273061],[103.8422191,1.4273135],[103.842197,1.4273105],[103.8421316,1.4273346],[103.8421276,1.4273319],[103.8420836,1.4273483],[103.8420582,1.4273591],[103.8420598,1.4273634],[103.8420293,1.4273745],[103.8420273,1.4273671],[103.8420142,1.4273728],[103.8420126,1.4273798],[103.8419851,1.4273936],[103.84198,1.4273855],[103.8419562,1.4273949],[103.8419187,1.4274053],[103.8418962,1.427408],[103.8418144,1.4274077],[103.8418141,1.4274432],[103.8417779,1.4274462],[103.8417779,1.4274291],[103.8417571,1.4274288],[103.8417554,1.4274429],[103.84169,1.4274462],[103.8416853,1.4274348],[103.8416424,1.4274345],[103.8416384,1.4274385],[103.8416102,1.4274378],[103.8416085,1.4273859],[103.8415653,1.4273855],[103.8415663,1.4274093],[103.8415546,1.427408],[103.8415502,1.4274553],[103.841514,1.4274533],[103.8415157,1.4274412],[103.8414956,1.4274422],[103.8414956,1.4274509],[103.841462,1.4274502],[103.8414654,1.4273788],[103.8414513,1.4273785],[103.8414236,1.4274046],[103.8414194,1.42741],[103.8414388,1.427434],[103.8414184,1.4274516],[103.8414248,1.4274564],[103.8414045,1.4274743],[103.8414093,1.4274799],[103.841363,1.4275205],[103.841359,1.4275138],[103.8413411,1.4275317],[103.8413351,1.4275249],[103.8413162,1.427545],[103.8413154,1.427561],[103.8413138,1.4275954],[103.8413128,1.4276171],[103.841311,1.4276531],[103.8413105,1.4276645],[103.8412972,1.4276778],[103.8417737,1.4277312]]]}},{"type":"Feature","id":"way/732001153-0","properties":{"addr:city":"Singapore","addr:housenumber":"348","addr:postcode":"760348","addr:street":"Yishun Avenue 11","building":"yes","building:levels":"1","clearanceGeometry":{"type":"Polygon","coordinates":[[[103.8429878,1.4267227],[103.8430036,1.4264702],[103.8428694,1.4264645],[103.8428648,1.4265863],[103.8427882,1.4265412],[103.8427182,1.426672],[103.84273974998042,1.4266846855870425],[103.84274130200302,1.4266845055078656],[103.84282092658515,1.4267112038537144],[103.84290444715964,1.4267567038681828],[103.84289415886592,1.426775579746454],[103.842896779752,1.4267771225542814],[103.842909857953,1.4267602398442942],[103.8429480751563,1.4267898299573987],[103.8429878,1.4267227]]]},"clearanceHeight":1.7,"clearancePrepared":true},"geometry":{"type":"Polygon","coordinates":[[[103.8429404,1.4268028],[103.8429878,1.4267227],[103.8430036,1.4264702],[103.8428694,1.4264645],[103.8428648,1.4265863],[103.8427882,1.4265412],[103.8427182,1.426672],[103.8429404,1.4268028]]]}},{"type":"Feature","id":"way/732001611-0","properties":{"addr:housenumber":"348C","addr:street":"Yishun Avenue 11","building":"residential","building:levels":"16","layer":"1","residential":"hdb","clearanceGeometry":{"type":"Polygon","coordinates":[[[103.8421135,1.4271798],[103.8421214,1.4272046],[103.8421502,1.427195],[103.8421578,1.4272127],[103.8422011,1.4271982],[103.8422075,1.4272105],[103.8422343,1.4272013],[103.8422367,1.4272091],[103.8422239,1.4272172],[103.8422113,1.4272167],[103.842213,1.4272264],[103.8421772,1.4272222],[103.8421746,1.4272338],[103.8421597,1.4272314],[103.8421589,1.4272399],[103.8421547,1.4272399],[103.842153,1.4272541],[103.8421471,1.427257],[103.8421426,1.4272866],[103.8421701,1.4272895],[103.8421691,1.4272997],[103.8421938,1.4273011],[103.8421926,1.4273087],[103.842197,1.4273105],[103.8422191,1.4273135],[103.8422204,1.4273061],[103.8422248,1.4273071],[103.8422275,1.4272992],[103.8422289,1.4272736],[103.8422336,1.427279],[103.8422422,1.4272788],[103.8422507,1.4272733],[103.8422547,1.4272617],[103.842255,1.4272475],[103.8422486,1.4272392],[103.8422474,1.4272345],[103.8422528,1.4272283],[103.8422912,1.4272753],[103.8422979,1.4272843],[103.8423238,1.4272672],[103.8423192,1.4272612],[103.8423421,1.4272443],[103.8423356,1.4272349],[103.8423526,1.4272207],[103.8423341,1.4271954],[103.8423299,1.4271989],[103.8423199,1.4271871],[103.8423102,1.4271949],[103.8423031,1.4271885],[103.8422979,1.4271928],[103.8422903,1.4271857],[103.8422661,1.4272027],[103.8422557,1.4271961],[103.8422576,1.4271911],[103.8423356,1.4271634],[103.8423462,1.4271916],[103.8423853,1.4271764],[103.842388,1.4271833],[103.8423955,1.4271887],[103.842406,1.4271852],[103.8424098,1.4271793],[103.8424115,1.4271726],[103.8424067,1.4271572],[103.8424008,1.4271449],[103.8423998,1.4271352],[103.8423977,1.4271283],[103.8424249,1.4271063],[103.8424304,1.4271108],[103.8424283,1.4271134],[103.8424332,1.4271181],[103.8424119,1.4271385],[103.8424191,1.4271488],[103.8424286,1.4271584],[103.8424368,1.4271536],[103.842469,1.4271894],[103.8424932,1.4271677],[103.8424856,1.4271572],[103.8425019,1.427142],[103.8425115,1.4271527],[103.8425611,1.4271093],[103.842553,1.4270986],[103.8425679,1.4270871],[103.8425752,1.4270969],[103.8426032,1.4270744],[103.8425735,1.4270375],[103.8425814,1.4270304],[103.8425699,1.4270194],[103.8425628,1.4270114],[103.8425441,1.4270266],[103.8425365,1.4270204],[103.8425325,1.427022],[103.8425259,1.427014],[103.842496,1.4270413],[103.8424881,1.4270337],[103.842513,1.4270104],[103.842503,1.4269995],[103.8425377,1.4269714],[103.84249619822317,1.426921960253391],[103.84249021377559,1.426918540569061],[103.84248777339454,1.426915648265582],[103.8424686,1.4269319],[103.8424669,1.4269364],[103.8424314,1.4269673],[103.8424245,1.4269607],[103.8423742,1.4270038],[103.8423835,1.4270147],[103.8423659,1.4270294],[103.842355,1.4270181],[103.8423308,1.4270413],[103.8423607,1.427076],[103.8423534,1.4270842],[103.8423707,1.4271045],[103.8423905,1.4270861],[103.8423969,1.4270926],[103.8423995,1.4270913],[103.8424047,1.4270977],[103.8423764,1.4271223],[103.8423783,1.427128],[103.8423501,1.4271389],[103.842332,1.4270975],[103.8422892,1.4271144],[103.8422716,1.4270688],[103.8422406,1.4270812],[103.8422457,1.4270933],[103.8422232,1.427101],[103.8422188,1.4270889],[103.8421595,1.4271109],[103.8421659,1.4271236],[103.8421441,1.4271317],[103.842137,1.4271193],[103.8421051,1.4271313],[103.8421248,1.4271759],[103.8421135,1.4271798]]]},"clearanceHeight":1.7,"clearancePrepared":true},"geometry":{"type":"Polygon","coordinates":[[[103.8421248,1.4271759],[103.8421135,1.4271798],[103.8421214,1.4272046],[103.8421502,1.427195],[103.8421578,1.4272127],[103.8422011,1.4271982],[103.8422075,1.4272105],[103.8422343,1.4272013],[103.8422367,1.4272091],[103.8422239,1.4272172],[103.8422113,1.4272167],[103.842213,1.4272264],[103.8421772,1.4272222],[103.8421746,1.4272338],[103.8421597,1.4272314],[103.8421589,1.4272399],[103.8421547,1.4272399],[103.842153,1.4272541],[103.8421471,1.427257],[103.8421426,1.4272866],[103.8421701,1.4272895],[103.8421691,1.4272997],[103.8421938,1.4273011],[103.8421926,1.4273087],[103.842197,1.4273105],[103.8422191,1.4273135],[103.8422204,1.4273061],[103.8422248,1.4273071],[103.8422275,1.4272992],[103.8422289,1.4272736],[103.8422336,1.427279],[103.8422422,1.4272788],[103.8422507,1.4272733],[103.8422547,1.4272617],[103.842255,1.4272475],[103.8422486,1.4272392],[103.8422474,1.4272345],[103.8422528,1.4272283],[103.8422912,1.4272753],[103.8422979,1.4272843],[103.8423238,1.4272672],[103.8423192,1.4272612],[103.8423421,1.4272443],[103.8423356,1.4272349],[103.8423526,1.4272207],[103.8423341,1.4271954],[103.8423299,1.4271989],[103.8423199,1.4271871],[103.8423102,1.4271949],[103.8423031,1.4271885],[103.8422979,1.4271928],[103.8422903,1.4271857],[103.8422661,1.4272027],[103.8422557,1.4271961],[103.8422576,1.4271911],[103.8423356,1.4271634],[103.8423462,1.4271916],[103.8423853,1.4271764],[103.842388,1.4271833],[103.8423955,1.4271887],[103.842406,1.4271852],[103.8424098,1.4271793],[103.8424115,1.4271726],[103.8424067,1.4271572],[103.8424008,1.4271449],[103.8423998,1.4271352],[103.8423977,1.4271283],[103.8424249,1.4271063],[103.8424304,1.4271108],[103.8424283,1.4271134],[103.8424332,1.4271181],[103.8424119,1.4271385],[103.8424191,1.4271488],[103.8424286,1.4271584],[103.8424368,1.4271536],[103.842469,1.4271894],[103.8424932,1.4271677],[103.8424856,1.4271572],[103.8425019,1.427142],[103.8425115,1.4271527],[103.8425611,1.4271093],[103.842553,1.4270986],[103.8425679,1.4270871],[103.8425752,1.4270969],[103.8426032,1.4270744],[103.8425735,1.4270375],[103.8425814,1.4270304],[103.8425699,1.4270194],[103.8425628,1.4270114],[103.8425441,1.4270266],[103.8425365,1.4270204],[103.8425325,1.427022],[103.8425259,1.427014],[103.842496,1.4270413],[103.8424881,1.4270337],[103.842513,1.4270104],[103.842503,1.4269995],[103.8425377,1.4269714],[103.8424896,1.4269141],[103.8424686,1.4269319],[103.8424669,1.4269364],[103.8424314,1.4269673],[103.8424245,1.4269607],[103.8423742,1.4270038],[103.8423835,1.4270147],[103.8423659,1.4270294],[103.842355,1.4270181],[103.8423308,1.4270413],[103.8423607,1.427076],[103.8423534,1.4270842],[103.8423707,1.4271045],[103.8423905,1.4270861],[103.8423969,1.4270926],[103.8423995,1.4270913],[103.8424047,1.4270977],[103.8423764,1.4271223],[103.8423783,1.427128],[103.8423501,1.4271389],[103.842332,1.4270975],[103.8422892,1.4271144],[103.8422716,1.4270688],[103.8422406,1.4270812],[103.8422457,1.4270933],[103.8422232,1.427101],[103.8422188,1.4270889],[103.8421595,1.4271109],[103.8421659,1.4271236],[103.8421441,1.4271317],[103.842137,1.4271193],[103.8421051,1.4271313],[103.8421248,1.4271759]]]}},{"type":"Feature","id":"way/732001648-0","properties":{"addr:city":"Singapore","addr:housenumber":"348D","addr:postcode":"764348","addr:street":"Yishun Avenue 11","building":"residential","building:levels":"16","residential":"hdb","clearanceGeometry":{"type":"Polygon","coordinates":[[[103.8426342,1.4269988],[103.8426631,1.4269689],[103.8426765,1.4269793],[103.842705,1.4269517],[103.8427111,1.4269465],[103.8427135,1.4269483],[103.8427185,1.4269469],[103.8427223,1.4269515],[103.8427295,1.4269483],[103.8427524,1.4269716],[103.842746,1.4269768],[103.8427436,1.4269748],[103.8427365,1.4269816],[103.8427177,1.4269632],[103.8427008,1.4269804],[103.8427073,1.426988],[103.8426717,1.4270227],[103.8426968,1.4270489],[103.842705,1.4270396],[103.8427199,1.427052],[103.8427118,1.4270622],[103.8427584,1.4271093],[103.8427695,1.4270995],[103.8427818,1.4271123],[103.8427712,1.4271235],[103.8427951,1.4271462],[103.8428304,1.4271159],[103.8428385,1.4271218],[103.8428518,1.4271114],[103.8428565,1.4271022],[103.8428379,1.427083],[103.8428433,1.4270774],[103.8428419,1.4270733],[103.8428477,1.4270681],[103.8428724,1.4270944],[103.8428746,1.427188],[103.8428662,1.4271878],[103.8428646,1.4271848],[103.8428573,1.4271848],[103.8428563,1.4271579],[103.8428534,1.4271576],[103.8428333,1.4271576],[103.8428314,1.4271671],[103.8427825,1.4271685],[103.8427821,1.4272031],[103.8427958,1.4272031],[103.8427965,1.4272252],[103.8427823,1.4272252],[103.8427816,1.4272583],[103.8428778,1.4272581],[103.8428771,1.4272657],[103.8428658,1.4272669],[103.8428643,1.427278],[103.8428181,1.4272797],[103.8428188,1.4272887],[103.842816,1.4272922],[103.8428164,1.4272993],[103.8427906,1.4273],[103.8427899,1.4273264],[103.8427984,1.4273268],[103.8427987,1.427374],[103.8428347,1.4273726],[103.8428342,1.4273605],[103.8428548,1.4273605],[103.8428563,1.4273754],[103.8429212,1.4273735],[103.8429254,1.4273669],[103.8429381,1.4273671],[103.8429711,1.4273659],[103.8429742,1.4273693],[103.84300059317587,1.4273687703710527],[103.84300187242535,1.4273403448432807],[103.84300220584203,1.4272943],[103.8429573,1.4272943],[103.8429571,1.427277],[103.842948,1.427277],[103.8429508,1.4272732],[103.8429508,1.4272623],[103.8429444,1.4272571],[103.8429159,1.4272551],[103.8429119,1.4272617],[103.8428922,1.4272611],[103.8428926,1.427222],[103.8429013,1.427222],[103.8429007,1.4272288],[103.8429105,1.4272302],[103.8429113,1.4272415],[103.8429272,1.4272413],[103.8429278,1.4272459],[103.8429585,1.4272459],[103.8429587,1.4272212],[103.8429671,1.4272214],[103.8429683,1.4271961],[103.8429711,1.4271953],[103.8429713,1.4271371],[103.842967,1.427136],[103.8429658,1.4271092],[103.842958,1.4271104],[103.842957,1.4270838],[103.8429257,1.4270841],[103.8429245,1.4270876],[103.8429103,1.4270888],[103.8429098,1.4271009],[103.8429011,1.4271016],[103.8428987,1.4271082],[103.8428916,1.4271085],[103.8428918,1.4270883],[103.8429077,1.4270874],[103.842908,1.4270713],[103.8429155,1.4270708],[103.8429172,1.4270267],[103.8428669,1.4270288],[103.8428679,1.4270537],[103.8428639,1.4270589],[103.842806,1.4270018],[103.8428089,1.4269994],[103.8428311,1.4270234],[103.8428435,1.427025],[103.8428515,1.4270172],[103.8428508,1.4270054],[103.8428399,1.4269956],[103.8428549,1.4269797],[103.8428391,1.4269635],[103.8428428,1.4269604],[103.8428668,1.4269859],[103.8428794,1.426978],[103.842909,1.427009],[103.8429156,1.4269998],[103.8429182,1.427002],[103.8429263,1.4269943],[103.8429442,1.4270129],[103.842961,1.4269963],[103.8429548,1.4269863],[103.8429897,1.4269542],[103.8429655,1.4269294],[103.8429558,1.4269385],[103.8429392,1.4269236],[103.8429491,1.4269129],[103.8429048,1.4268695],[103.8428965,1.4268776],[103.8428784,1.426861],[103.8428882,1.4268518],[103.842864,1.4268295],[103.842832,1.4268622],[103.8428213,1.4268553],[103.8428071,1.426875],[103.8428253,1.4268911],[103.8428201,1.4268973],[103.8428208,1.4269025],[103.8428125,1.4269115],[103.8428403,1.426939],[103.8428301,1.4269501],[103.8428232,1.4269497],[103.8428076,1.426934],[103.842777,1.4269636],[103.8427964,1.4269833],[103.8427926,1.4269871],[103.8427409,1.426935],[103.8427542,1.4269217],[103.8427426,1.4269115],[103.8427744,1.4268795],[103.8427673,1.4268731],[103.842767,1.4268679],[103.842762,1.4268617],[103.8427805,1.4268429],[103.842763,1.4268254],[103.8427566,1.4268326],[103.8427213,1.4267979],[103.8426976,1.426822],[103.8427066,1.426831],[103.8426902,1.4268483],[103.8426816,1.4268405],[103.84265125529116,1.4268700018002585],[103.84264311297385,1.4268918633645786],[103.84262035242666,1.4269186404789074],[103.84260694235539,1.4269263457132293],[103.8426061,1.4269272],[103.84260573663343,1.4269270385037474],[103.84259421335406,1.42693365961454],[103.8425806,1.4269469],[103.8426102,1.4269754],[103.8426342,1.4269988]]]},"clearanceHeight":1.7,"clearancePrepared":true},"geometry":{"type":"Polygon","coordinates":[[[103.8426102,1.4269754],[103.8426342,1.4269988],[103.8426631,1.4269689],[103.8426765,1.4269793],[103.842705,1.4269517],[103.8427111,1.4269465],[103.8427135,1.4269483],[103.8427185,1.4269469],[103.8427223,1.4269515],[103.8427295,1.4269483],[103.8427524,1.4269716],[103.842746,1.4269768],[103.8427436,1.4269748],[103.8427365,1.4269816],[103.8427177,1.4269632],[103.8427008,1.4269804],[103.8427073,1.426988],[103.8426717,1.4270227],[103.8426968,1.4270489],[103.842705,1.4270396],[103.8427199,1.427052],[103.8427118,1.4270622],[103.8427584,1.4271093],[103.8427695,1.4270995],[103.8427818,1.4271123],[103.8427712,1.4271235],[103.8427951,1.4271462],[103.8428304,1.4271159],[103.8428385,1.4271218],[103.8428518,1.4271114],[103.8428565,1.4271022],[103.8428379,1.427083],[103.8428433,1.4270774],[103.8428419,1.4270733],[103.8428477,1.4270681],[103.8428724,1.4270944],[103.8428746,1.427188],[103.8428662,1.4271878],[103.8428646,1.4271848],[103.8428573,1.4271848],[103.8428563,1.4271579],[103.8428534,1.4271576],[103.8428333,1.4271576],[103.8428314,1.4271671],[103.8427825,1.4271685],[103.8427821,1.4272031],[103.8427958,1.4272031],[103.8427965,1.4272252],[103.8427823,1.4272252],[103.8427816,1.4272583],[103.8428778,1.4272581],[103.8428771,1.4272657],[103.8428658,1.4272669],[103.8428643,1.427278],[103.8428181,1.4272797],[103.8428188,1.4272887],[103.842816,1.4272922],[103.8428164,1.4272993],[103.8427906,1.4273],[103.8427899,1.4273264],[103.8427984,1.4273268],[103.8427987,1.427374],[103.8428347,1.4273726],[103.8428342,1.4273605],[103.8428548,1.4273605],[103.8428563,1.4273754],[103.8429212,1.4273735],[103.8429254,1.4273669],[103.8429381,1.4273671],[103.8429711,1.4273659],[103.8429742,1.4273693],[103.8430041,1.4273687],[103.8430024,1.4272943],[103.8429573,1.4272943],[103.8429571,1.427277],[103.842948,1.427277],[103.8429508,1.4272732],[103.8429508,1.4272623],[103.8429444,1.4272571],[103.8429159,1.4272551],[103.8429119,1.4272617],[103.8428922,1.4272611],[103.8428926,1.427222],[103.8429013,1.427222],[103.8429007,1.4272288],[103.8429105,1.4272302],[103.8429113,1.4272415],[103.8429272,1.4272413],[103.8429278,1.4272459],[103.8429585,1.4272459],[103.8429587,1.4272212],[103.8429671,1.4272214],[103.8429683,1.4271961],[103.8429711,1.4271953],[103.8429713,1.4271371],[103.842967,1.427136],[103.8429658,1.4271092],[103.842958,1.4271104],[103.842957,1.4270838],[103.8429257,1.4270841],[103.8429245,1.4270876],[103.8429103,1.4270888],[103.8429098,1.4271009],[103.8429011,1.4271016],[103.8428987,1.4271082],[103.8428916,1.4271085],[103.8428918,1.4270883],[103.8429077,1.4270874],[103.842908,1.4270713],[103.8429155,1.4270708],[103.8429172,1.4270267],[103.8428669,1.4270288],[103.8428679,1.4270537],[103.8428639,1.4270589],[103.842806,1.4270018],[103.8428089,1.4269994],[103.8428311,1.4270234],[103.8428435,1.427025],[103.8428515,1.4270172],[103.8428508,1.4270054],[103.8428399,1.4269956],[103.8428549,1.4269797],[103.8428391,1.4269635],[103.8428428,1.4269604],[103.8428668,1.4269859],[103.8428794,1.426978],[103.842909,1.427009],[103.8429156,1.4269998],[103.8429182,1.427002],[103.8429263,1.4269943],[103.8429442,1.4270129],[103.842961,1.4269963],[103.8429548,1.4269863],[103.8429897,1.4269542],[103.8429655,1.4269294],[103.8429558,1.4269385],[103.8429392,1.4269236],[103.8429491,1.4269129],[103.8429048,1.4268695],[103.8428965,1.4268776],[103.8428784,1.426861],[103.8428882,1.4268518],[103.842864,1.4268295],[103.842832,1.4268622],[103.8428213,1.4268553],[103.8428071,1.426875],[103.8428253,1.4268911],[103.8428201,1.4268973],[103.8428208,1.4269025],[103.8428125,1.4269115],[103.8428403,1.426939],[103.8428301,1.4269501],[103.8428232,1.4269497],[103.8428076,1.426934],[103.842777,1.4269636],[103.8427964,1.4269833],[103.8427926,1.4269871],[103.8427409,1.426935],[103.8427542,1.4269217],[103.8427426,1.4269115],[103.8427744,1.4268795],[103.8427673,1.4268731],[103.842767,1.4268679],[103.842762,1.4268617],[103.8427805,1.4268429],[103.842763,1.4268254],[103.8427566,1.4268326],[103.8427213,1.4267979],[103.8426976,1.426822],[103.8427066,1.426831],[103.8426902,1.4268483],[103.8426816,1.4268405],[103.8426348,1.426886],[103.8426414,1.4268914],[103.8426061,1.4269272],[103.8426025,1.4269256],[103.8425806,1.4269469],[103.8426102,1.4269754]]]}},{"type":"Feature","id":"way/732001873-0","properties":{"addr:city":"Singapore","addr:housenumber":"347B","addr:postcode":"762347","addr:street":"Yishun Avenue 11","building":"residential","building:levels":"16","residential":"hdb","clearanceGeometry":{"type":"Polygon","coordinates":[[[103.8422059,1.4277672],[103.8422149,1.4277662],[103.8422145,1.4277456],[103.842232,1.4277461],[103.842232,1.4276994],[103.8422462,1.4276996],[103.8422462,1.4276366],[103.842251,1.4276368],[103.842251,1.4276572],[103.8422713,1.4276568],[103.842271,1.4276736],[103.8422777,1.427682],[103.8422893,1.4276828],[103.8422934,1.4276798],[103.842294,1.4277382],[103.8422886,1.4277407],[103.8422675,1.427719],[103.842237,1.427752],[103.842263,1.4277816],[103.8422695,1.4277737],[103.8422838,1.4277855],[103.8422929,1.4277776],[103.8422923,1.4278182],[103.842281,1.42781],[103.8422757,1.427816],[103.8422703,1.4278151],[103.8422664,1.427821],[103.8422452,1.4278036],[103.8422289,1.4278191],[103.8422342,1.4278261],[103.84220321909,1.4278596247970436],[103.84223088113966,1.4278790583705834],[103.8422342,1.4278757],[103.8422514,1.4278912],[103.84225022636534,1.4278926490795336],[103.84228714945885,1.4279185888657036],[103.84234756059125,1.4279655600639933],[103.8423588,1.4279535],[103.8423662,1.427962],[103.8423862,1.4279388],[103.842367,1.4279225],[103.8423718,1.4279188],[103.8423712,1.4279135],[103.8423797,1.4279047],[103.8423518,1.4278768],[103.8423594,1.4278678],[103.8423834,1.4278935],[103.8423913,1.4278859],[103.8423955,1.4278892],[103.8424025,1.4278813],[103.84242,1.4279014],[103.8424297,1.4278935],[103.8424401,1.4278794],[103.8424334,1.4278733],[103.8424672,1.4278405],[103.8424421,1.427817],[103.842432,1.4278241],[103.8424156,1.427809],[103.842427,1.4277969],[103.8424018,1.4277768],[103.8423794,1.4277976],[103.8423645,1.4278148],[103.8423639,1.4278064],[103.8423586,1.4277988],[103.8423478,1.4277985],[103.842325,1.4278213],[103.8423163,1.4278137],[103.8423126,1.4278168],[103.8423111,1.4277373],[103.8423176,1.4277361],[103.8423192,1.4277434],[103.842327,1.4277436],[103.842328,1.4277554],[103.8423444,1.4277562],[103.8423448,1.4277614],[103.8423693,1.4277627],[103.8423784,1.4277624],[103.8423785,1.4277356],[103.8423889,1.4277353],[103.8423875,1.4277082],[103.8423942,1.4277063],[103.8423934,1.4276519],[103.8423864,1.4276495],[103.8423853,1.4276258],[103.8423777,1.427622],[103.8423777,1.4275971],[103.8423463,1.4275976],[103.8423452,1.4276029],[103.8423288,1.4276019],[103.8423288,1.4276145],[103.8423198,1.4276157],[103.8423194,1.4276221],[103.8423123,1.4276225],[103.8423115,1.4275669],[103.842301,1.4275605],[103.8423217,1.4275387],[103.8423413,1.4275567],[103.842352,1.4275454],[103.8423627,1.4275527],[103.8423601,1.4275565],[103.8423753,1.4275713],[103.8423808,1.4275767],[103.8423879,1.4275694],[103.842394,1.4275694],[103.8423988,1.427563],[103.842417,1.4275836],[103.8424377,1.4275627],[103.8424301,1.4275551],[103.8424621,1.4275224],[103.8424381,1.4274973],[103.8424294,1.4275068],[103.8424137,1.4274897],[103.8424215,1.4274821],[103.8423765,1.4274366],[103.8423689,1.4274461],[103.8423514,1.4274291],[103.8423613,1.4274208],[103.8423367,1.4273968],[103.8423042,1.4274305],[103.8422937,1.4274262],[103.8422788,1.4274423],[103.8422975,1.4274641],[103.8422875,1.4274781],[103.8423096,1.4275011],[103.8423153,1.4275179],[103.842288,1.4275406],[103.8422795,1.4275359],[103.8422819,1.4274859],[103.8422596,1.4274814],[103.8422572,1.4274589],[103.8422307,1.4274618],[103.8422296,1.4274742],[103.842184,1.4274716],[103.8421826,1.4275044],[103.8421971,1.4275063],[103.8421977,1.4275277],[103.8421791,1.4275322],[103.8421825,1.4275604],[103.8422778,1.4275627],[103.8422935,1.4275769],[103.8422935,1.4275878],[103.842251,1.4275899],[103.8422517,1.4276107],[103.8422477,1.4276171],[103.842232,1.4276173],[103.842231,1.4276044],[103.8422199,1.4276049],[103.8422194,1.4276017],[103.8422089,1.4276024],[103.8422083,1.4275742],[103.8421836,1.4275728],[103.8421796,1.4275863],[103.842134,1.4275841],[103.8421362,1.427619],[103.8421516,1.4276213],[103.8421503,1.4276427],[103.8421334,1.4276433],[103.842134,1.4276906],[103.8421344,1.4277259],[103.8421142,1.4277273],[103.8421154,1.4277515],[103.8421164,1.427771],[103.8422026,1.4277703],[103.8422059,1.4277672]]]},"clearanceHeight":1.7,"clearancePrepared":true},"geometry":{"type":"Polygon","coordinates":[[[103.8422026,1.4277703],[103.8422059,1.4277672],[103.8422149,1.4277662],[103.8422145,1.4277456],[103.842232,1.4277461],[103.842232,1.4276994],[103.8422462,1.4276996],[103.8422462,1.4276366],[103.842251,1.4276368],[103.842251,1.4276572],[103.8422713,1.4276568],[103.842271,1.4276736],[103.8422777,1.427682],[103.8422893,1.4276828],[103.8422934,1.4276798],[103.842294,1.4277382],[103.8422886,1.4277407],[103.8422675,1.427719],[103.842237,1.427752],[103.842263,1.4277816],[103.8422695,1.4277737],[103.8422838,1.4277855],[103.8422929,1.4277776],[103.8422923,1.4278182],[103.842281,1.42781],[103.8422757,1.427816],[103.8422703,1.4278151],[103.8422664,1.427821],[103.8422452,1.4278036],[103.8422289,1.4278191],[103.8422342,1.4278261],[103.8422001,1.427863],[103.8422258,1.4278842],[103.8422342,1.4278757],[103.8422514,1.4278912],[103.8422416,1.4279033],[103.8422875,1.4279465],[103.842296,1.4279374],[103.8423126,1.4279512],[103.8423019,1.4279634],[103.8423273,1.4279873],[103.8423588,1.4279535],[103.8423662,1.427962],[103.8423862,1.4279388],[103.842367,1.4279225],[103.8423718,1.4279188],[103.8423712,1.4279135],[103.8423797,1.4279047],[103.8423518,1.4278768],[103.8423594,1.4278678],[103.8423834,1.4278935],[103.8423913,1.4278859],[103.8423955,1.4278892],[103.8424025,1.4278813],[103.84242,1.4279014],[103.8424297,1.4278935],[103.8424401,1.4278794],[103.8424334,1.4278733],[103.8424672,1.4278405],[103.8424421,1.427817],[103.842432,1.4278241],[103.8424156,1.427809],[103.842427,1.4277969],[103.8424018,1.4277768],[103.8423794,1.4277976],[103.8423645,1.4278148],[103.8423639,1.4278064],[103.8423586,1.4277988],[103.8423478,1.4277985],[103.842325,1.4278213],[103.8423163,1.4278137],[103.8423126,1.4278168],[103.8423111,1.4277373],[103.8423176,1.4277361],[103.8423192,1.4277434],[103.842327,1.4277436],[103.842328,1.4277554],[103.8423444,1.4277562],[103.8423448,1.4277614],[103.8423693,1.4277627],[103.8423784,1.4277624],[103.8423785,1.4277356],[103.8423889,1.4277353],[103.8423875,1.4277082],[103.8423942,1.4277063],[103.8423934,1.4276519],[103.8423864,1.4276495],[103.8423853,1.4276258],[103.8423777,1.427622],[103.8423777,1.4275971],[103.8423463,1.4275976],[103.8423452,1.4276029],[103.8423288,1.4276019],[103.8423288,1.4276145],[103.8423198,1.4276157],[103.8423194,1.4276221],[103.8423123,1.4276225],[103.8423115,1.4275669],[103.842301,1.4275605],[103.8423217,1.4275387],[103.8423413,1.4275567],[103.842352,1.4275454],[103.8423627,1.4275527],[103.8423601,1.4275565],[103.8423753,1.4275713],[103.8423808,1.4275767],[103.8423879,1.4275694],[103.842394,1.4275694],[103.8423988,1.427563],[103.842417,1.4275836],[103.8424377,1.4275627],[103.8424301,1.4275551],[103.8424621,1.4275224],[103.8424381,1.4274973],[103.8424294,1.4275068],[103.8424137,1.4274897],[103.8424215,1.4274821],[103.8423765,1.4274366],[103.8423689,1.4274461],[103.8423514,1.4274291],[103.8423613,1.4274208],[103.8423367,1.4273968],[103.8423042,1.4274305],[103.8422937,1.4274262],[103.8422788,1.4274423],[103.8422975,1.4274641],[103.8422875,1.4274781],[103.8423096,1.4275011],[103.8423153,1.4275179],[103.842288,1.4275406],[103.8422795,1.4275359],[103.8422819,1.4274859],[103.8422596,1.4274814],[103.8422572,1.4274589],[103.8422307,1.4274618],[103.8422296,1.4274742],[103.842184,1.4274716],[103.8421826,1.4275044],[103.8421971,1.4275063],[103.8421977,1.4275277],[103.8421791,1.4275322],[103.8421825,1.4275604],[103.8422778,1.4275627],[103.8422935,1.4275769],[103.8422935,1.4275878],[103.842251,1.4275899],[103.8422517,1.4276107],[103.8422477,1.4276171],[103.842232,1.4276173],[103.842231,1.4276044],[103.8422199,1.4276049],[103.8422194,1.4276017],[103.8422089,1.4276024],[103.8422083,1.4275742],[103.8421836,1.4275728],[103.8421796,1.4275863],[103.842134,1.4275841],[103.8421362,1.427619],[103.8421516,1.4276213],[103.8421503,1.4276427],[103.8421334,1.4276433],[103.842134,1.4276906],[103.8421344,1.4277259],[103.8421142,1.4277273],[103.8421154,1.4277515],[103.8421164,1.427771],[103.8422026,1.4277703]]]}},{"type":"Feature","id":"way/745647559-0","properties":{"addr:housenumber":"61","addr:street":"Yishun Avenue 11","building":"yes","clearanceGeometry":{"type":"MultiPolygon","coordinates":[[[[103.84552527721006,1.4243851016552602],[103.84559365026577,1.4243223263935678],[103.845621,1.4243521],[103.8455936602788,1.4243223172034265],[103.84559368136695,1.424322297854851],[103.8455891,1.4243173],[103.8457117,1.4242052],[103.8455473,1.4240255],[103.8452918,1.4242591],[103.8453115,1.4242806],[103.845251,1.424336],[103.845398,1.4244966],[103.8455228,1.4243824],[103.84552527721006,1.4243851016552602]]],[[[103.84556739847675,1.4244310099928292],[103.8455526,1.4244149],[103.84556739176607,1.4244310161263458],[103.84556739847675,1.4244310099928292]]]]},"clearanceHeight":1.7,"clearancePrepared":true},"geometry":{"type":"Polygon","coordinates":[[[103.8455228,1.4243824],[103.8455526,1.4244149],[103.8455673,1.4244311],[103.8456359,1.4243684],[103.845621,1.4243521],[103.8455891,1.4243173],[103.8457117,1.4242052],[103.8455473,1.4240255],[103.8452918,1.4242591],[103.8453115,1.4242806],[103.845251,1.424336],[103.845398,1.4244966],[103.8455228,1.4243824]]]}},{"type":"Feature","id":"way/1162145244-0","properties":{"addr:housenumber":"445","addr:street":"Yishun Avenue 11","building":"apartments","building:levels":"13","clearanceGeometry":{"type":"Polygon","coordinates":[[[103.8446667,1.4234652],[103.8446689,1.4234493],[103.8446405,1.4234455],[103.844644,1.4234195],[103.8446045,1.4234143],[103.8446184,1.4233101],[103.8446589,1.4232851],[103.8446687,1.4233009],[103.8446536,1.4233103],[103.8446805,1.4233538],[103.8447483,1.4233119],[103.84474,1.4232986],[103.8447922,1.4232664],[103.8448005,1.4232799],[103.8448712,1.4232361],[103.8448428,1.4231903],[103.84483,1.4231982],[103.8448213,1.4231842],[103.8447986,1.4231983],[103.8447859,1.4231778],[103.8447707,1.4231872],[103.8447526,1.4231582],[103.8447721,1.4231461],[103.8447612,1.4231286],[103.8447725,1.4231216],[103.8447481,1.4230824],[103.8446818,1.4231236],[103.8446904,1.4231374],[103.8446213,1.4231804],[103.844611,1.4231639],[103.8445433,1.423206],[103.8445691,1.4232475],[103.8445792,1.4232412],[103.8445888,1.4232566],[103.8446104,1.4232432],[103.8446219,1.4232617],[103.8445899,1.4232816],[103.8445147,1.4232714],[103.844517,1.4232543],[103.8445029,1.4232524],[103.8445087,1.4232099],[103.844481,1.4232062],[103.8444842,1.4231822],[103.8444676,1.42318],[103.8444692,1.4231686],[103.8444263,1.4231628],[103.8443975,1.4233759],[103.8444399,1.4233816],[103.8444418,1.4233675],[103.8444594,1.4233699],[103.844463,1.4233433],[103.8444869,1.4233465],[103.8444927,1.4233037],[103.8445059,1.4233055],[103.8445081,1.4232896],[103.8445461,1.4232947],[103.8445407,1.4233343],[103.8445567,1.4233364],[103.8445472,1.4234074],[103.8445095,1.4234024],[103.8445065,1.4234249],[103.8444789,1.4234212],[103.8444758,1.4234445],[103.8444624,1.4234427],[103.8444574,1.4234803],[103.8446739,1.4235093],[103.8446796,1.4234669],[103.8446667,1.4234652]]]},"clearanceHeight":1.7,"clearancePrepared":true},"geometry":{"type":"Polygon","coordinates":[[[103.8446796,1.4234669],[103.8446667,1.4234652],[103.8446689,1.4234493],[103.8446405,1.4234455],[103.844644,1.4234195],[103.8446045,1.4234143],[103.8446184,1.4233101],[103.8446589,1.4232851],[103.8446687,1.4233009],[103.8446536,1.4233103],[103.8446805,1.4233538],[103.8447483,1.4233119],[103.84474,1.4232986],[103.8447922,1.4232664],[103.8448005,1.4232799],[103.8448712,1.4232361],[103.8448428,1.4231903],[103.84483,1.4231982],[103.8448213,1.4231842],[103.8447986,1.4231983],[103.8447859,1.4231778],[103.8447707,1.4231872],[103.8447526,1.4231582],[103.8447721,1.4231461],[103.8447612,1.4231286],[103.8447725,1.4231216],[103.8447481,1.4230824],[103.8446818,1.4231236],[103.8446904,1.4231374],[103.8446213,1.4231804],[103.844611,1.4231639],[103.8445433,1.423206],[103.8445691,1.4232475],[103.8445792,1.4232412],[103.8445888,1.4232566],[103.8446104,1.4232432],[103.8446219,1.4232617],[103.8445899,1.4232816],[103.8445147,1.4232714],[103.844517,1.4232543],[103.8445029,1.4232524],[103.8445087,1.4232099],[103.844481,1.4232062],[103.8444842,1.4231822],[103.8444676,1.42318],[103.8444692,1.4231686],[103.8444263,1.4231628],[103.8443975,1.4233759],[103.8444399,1.4233816],[103.8444418,1.4233675],[103.8444594,1.4233699],[103.844463,1.4233433],[103.8444869,1.4233465],[103.8444927,1.4233037],[103.8445059,1.4233055],[103.8445081,1.4232896],[103.8445461,1.4232947],[103.8445407,1.4233343],[103.8445567,1.4233364],[103.8445472,1.4234074],[103.8445095,1.4234024],[103.8445065,1.4234249],[103.8444789,1.4234212],[103.8444758,1.4234445],[103.8444624,1.4234427],[103.8444574,1.4234803],[103.8446739,1.4235093],[103.8446796,1.4234669]]]}},{"type":"Feature","id":"way/1242263606-0","properties":{"building":"yes","clearanceGeometry":{"type":"Polygon","coordinates":[[[103.8462685,1.4241306],[103.8461456,1.4239924],[103.8460766,1.4240537],[103.8461995,1.424192],[103.8462685,1.4241306]]]},"clearanceHeight":1.7,"clearancePrepared":true},"geometry":{"type":"Polygon","coordinates":[[[103.8461995,1.424192],[103.8462685,1.4241306],[103.8461456,1.4239924],[103.8460766,1.4240537],[103.8461995,1.424192]]]}},{"type":"Feature","id":"way/1290867467-0","properties":{"addr:housenumber":"351","addr:street":"Yishun Ring Road","building":"apartments","building:levels":"11","clearanceGeometry":{"type":"Polygon","coordinates":[[[103.8444399,1.4264087],[103.8444401,1.4264009],[103.844416,1.4264],[103.8444166,1.4263834],[103.8442747,1.4263782],[103.8437266,1.4263579],[103.8437261,1.426372],[103.8437027,1.4263712],[103.8437014,1.4264064],[103.8436988,1.4264746],[103.8438329,1.4264796],[103.843834,1.4264513],[103.8438858,1.4264532],[103.8438847,1.4264825],[103.8442771,1.4264972],[103.8442778,1.4264777],[103.8443034,1.4264786],[103.8443027,1.426499],[103.8444363,1.426504],[103.8444392,1.4264261],[103.8444399,1.4264087]]]},"clearanceHeight":1.7,"clearancePrepared":true},"geometry":{"type":"Polygon","coordinates":[[[103.8444392,1.4264261],[103.8444399,1.4264087],[103.8444401,1.4264009],[103.844416,1.4264],[103.8444166,1.4263834],[103.8442747,1.4263782],[103.8437266,1.4263579],[103.8437261,1.426372],[103.8437027,1.4263712],[103.8437014,1.4264064],[103.8436988,1.4264746],[103.8438329,1.4264796],[103.843834,1.4264513],[103.8438858,1.4264532],[103.8438847,1.4264825],[103.8442771,1.4264972],[103.8442778,1.4264777],[103.8443034,1.4264786],[103.8443027,1.426499],[103.8444363,1.426504],[103.8444392,1.4264261]]]}},{"type":"Feature","id":"way/1393286844-0","properties":{"addr:city":"Singapore","addr:housenumber":"349","addr:postcode":"760349","addr:street":"Yishun Avenue 11","area":"yes","building":"residential","building:levels":"12","residential":"hdb","clearanceGeometry":{"type":"Polygon","coordinates":[[[103.8440105,1.4261325],[103.843983,1.4261032],[103.8439222,1.4261011],[103.8439228,1.426084],[103.8438121,1.4260801],[103.8436063,1.4258588],[103.8435942,1.42587],[103.8431827,1.4262524],[103.8433438,1.4264255],[103.8433933,1.4264788],[103.8436089,1.4264861],[103.8436118,1.4264009],[103.8436127,1.426374],[103.8434463,1.4263684],[103.8434371,1.4263909],[103.8434237,1.4263902],[103.8434096,1.4263754],[103.8434324,1.4263536],[103.8433677,1.4262859],[103.843324,1.4263276],[103.8432938,1.4262959],[103.8433162,1.4262746],[103.8433138,1.4262721],[103.8433234,1.4262629],[103.8433302,1.4262701],[103.8434661,1.4261419],[103.8434685,1.4261445],[103.8435121,1.4261036],[103.8435088,1.4261],[103.8435718,1.4260411],[103.8435303,1.4259967],[103.8435632,1.4259659],[103.8435844,1.4259887],[103.8435882,1.4259852],[103.8435991,1.4259968],[103.8435985,1.4260091],[103.8437406,1.4261627],[103.84378,1.4261263],[103.8437981,1.426146],[103.8437964,1.4261922],[103.843988,1.4261993],[103.8439897,1.426152],[103.8440105,1.4261325]]]},"clearanceHeight":1.7,"clearancePrepared":true},"geometry":{"type":"Polygon","coordinates":[[[103.8439897,1.426152],[103.8440105,1.4261325],[103.843983,1.4261032],[103.8439222,1.4261011],[103.8439228,1.426084],[103.8438121,1.4260801],[103.8436063,1.4258588],[103.8435942,1.42587],[103.8431827,1.4262524],[103.8433438,1.4264255],[103.8433933,1.4264788],[103.8436089,1.4264861],[103.8436118,1.4264009],[103.8436127,1.426374],[103.8434463,1.4263684],[103.8434371,1.4263909],[103.8434237,1.4263902],[103.8434096,1.4263754],[103.8434324,1.4263536],[103.8433677,1.4262859],[103.843324,1.4263276],[103.8432938,1.4262959],[103.8433162,1.4262746],[103.8433138,1.4262721],[103.8433234,1.4262629],[103.8433302,1.4262701],[103.8434661,1.4261419],[103.8434685,1.4261445],[103.8435121,1.4261036],[103.8435088,1.4261],[103.8435718,1.4260411],[103.8435303,1.4259967],[103.8435632,1.4259659],[103.8435844,1.4259887],[103.8435882,1.4259852],[103.8435991,1.4259968],[103.8435985,1.4260091],[103.8437406,1.4261627],[103.84378,1.4261263],[103.8437981,1.426146],[103.8437964,1.4261922],[103.843988,1.4261993],[103.8439897,1.426152]]]}},{"type":"Feature","id":"way/1393286845-0","properties":{"addr:city":"Singapore","addr:housenumber":"350","addr:postcode":"760350","addr:street":"Yishun Avenue 11","area":"yes","building":"residential","building:levels":"12","residential":"hdb","clearanceGeometry":{"type":"Polygon","coordinates":[[[103.8440779,1.4258861],[103.8440596,1.4258666],[103.8441015,1.4258274],[103.8439415,1.4256568],[103.8439375,1.4256606],[103.8439148,1.4256364],[103.8439443,1.4256087],[103.8439877,1.425655],[103.8441603,1.4254931],[103.8441178,1.4254479],[103.8441518,1.425416],[103.8441878,1.4254543],[103.8441869,1.4254607],[103.8443179,1.4256032],[103.844346,1.4256035],[103.8443459,1.4256145],[103.8443248,1.4256143],[103.8443191,1.4257834],[103.8444296,1.425787],[103.8444359,1.4255703],[103.8444281,1.4255619],[103.844196,1.4253113],[103.8438227,1.4256569],[103.8438061,1.4256722],[103.8440116,1.425894],[103.8440076,1.4260436],[103.8440229,1.426044],[103.8440223,1.4260677],[103.8440498,1.4260965],[103.8440699,1.4260773],[103.8441158,1.4260786],[103.8441213,1.4258874],[103.8440779,1.4258861]]]},"clearanceHeight":1.7,"clearancePrepared":true},"geometry":{"type":"Polygon","coordinates":[[[103.8441213,1.4258874],[103.8440779,1.4258861],[103.8440596,1.4258666],[103.8441015,1.4258274],[103.8439415,1.4256568],[103.8439375,1.4256606],[103.8439148,1.4256364],[103.8439443,1.4256087],[103.8439877,1.425655],[103.8441603,1.4254931],[103.8441178,1.4254479],[103.8441518,1.425416],[103.8441878,1.4254543],[103.8441869,1.4254607],[103.8443179,1.4256032],[103.844346,1.4256035],[103.8443459,1.4256145],[103.8443248,1.4256143],[103.8443191,1.4257834],[103.8444296,1.425787],[103.8444359,1.4255703],[103.8444281,1.4255619],[103.844196,1.4253113],[103.8438227,1.4256569],[103.8438061,1.4256722],[103.8440116,1.425894],[103.8440076,1.4260436],[103.8440229,1.426044],[103.8440223,1.4260677],[103.8440498,1.4260965],[103.8440699,1.4260773],[103.8441158,1.4260786],[103.8441213,1.4258874]]]}},{"type":"Feature","id":"way/1393286847-0","properties":{"addr:city":"Singapore","addr:housenumber":"359","addr:postcode":"760359","addr:street":"Yishun Avenue 6","building":"residential","building:levels":"12","clearanceGeometry":{"type":"Polygon","coordinates":[[[103.8454406,1.4274518],[103.8454917,1.4274535],[103.8454911,1.4274704],[103.8458138,1.4274811],[103.8458147,1.427452],[103.84587,1.4274538],[103.845869,1.4274835],[103.8459081,1.4274848],[103.8459087,1.4274695],[103.845957,1.427471],[103.8459564,1.4274876],[103.8460018,1.4274891],[103.8460048,1.4273999],[103.8459348,1.4273976],[103.8459362,1.4273541],[103.8460077,1.4273564],[103.8460107,1.4272651],[103.8459642,1.4272635],[103.8459637,1.4272795],[103.845913,1.4272778],[103.8459136,1.4272609],[103.845874,1.4272595],[103.8458704,1.4273667],[103.8455342,1.4273555],[103.8455379,1.4272478],[103.8455012,1.4272466],[103.8455006,1.4272645],[103.8454457,1.4272627],[103.8454463,1.4272454],[103.8454054,1.4272441],[103.8454023,1.4273347],[103.845471,1.427337],[103.8454697,1.4273752],[103.845399,1.4273728],[103.8453959,1.4274664],[103.8454401,1.4274678],[103.8454406,1.4274518]]]},"clearanceHeight":1.7,"clearancePrepared":true},"geometry":{"type":"Polygon","coordinates":[[[103.8454401,1.4274678],[103.8454406,1.4274518],[103.8454917,1.4274535],[103.8454911,1.4274704],[103.8458138,1.4274811],[103.8458147,1.427452],[103.84587,1.4274538],[103.845869,1.4274835],[103.8459081,1.4274848],[103.8459087,1.4274695],[103.845957,1.427471],[103.8459564,1.4274876],[103.8460018,1.4274891],[103.8460048,1.4273999],[103.8459348,1.4273976],[103.8459362,1.4273541],[103.8460077,1.4273564],[103.8460107,1.4272651],[103.8459642,1.4272635],[103.8459637,1.4272795],[103.845913,1.4272778],[103.8459136,1.4272609],[103.845874,1.4272595],[103.8458704,1.4273667],[103.8455342,1.4273555],[103.8455379,1.4272478],[103.8455012,1.4272466],[103.8455006,1.4272645],[103.8454457,1.4272627],[103.8454463,1.4272454],[103.8454054,1.4272441],[103.8454023,1.4273347],[103.845471,1.427337],[103.8454697,1.4273752],[103.845399,1.4273728],[103.8453959,1.4274664],[103.8454401,1.4274678]]]}},{"type":"Feature","id":"way/1393286848-0","properties":{"addr:city":"Singapore","addr:housenumber":"357","addr:postcode":"760357","addr:street":"Yishun Ring Road","area":"yes","building":"residential","building:levels":"12","residential":"hdb","clearanceGeometry":{"type":"Polygon","coordinates":[[[103.8459336,1.426391],[103.8460439,1.4263952],[103.8460472,1.4263085],[103.8460642,1.4258632],[103.8458882,1.4256722],[103.8458646,1.4256939],[103.8458054,1.4257485],[103.8459359,1.4258901],[103.845962,1.4258661],[103.8459793,1.4258849],[103.8459726,1.4258911],[103.8459719,1.4259095],[103.8459501,1.4259087],[103.845937,1.4262625],[103.845958,1.4262633],[103.8459566,1.4263005],[103.8458904,1.4262981],[103.8458908,1.4262876],[103.8458011,1.4262842],[103.8458002,1.4263063],[103.8457973,1.4263846],[103.845912,1.4263889],[103.8459127,1.4263718],[103.8459343,1.4263726],[103.8459336,1.426391]]]},"clearanceHeight":1.7,"clearancePrepared":true},"geometry":{"type":"Polygon","coordinates":[[[103.8459343,1.4263726],[103.8459336,1.426391],[103.8460439,1.4263952],[103.8460472,1.4263085],[103.8460642,1.4258632],[103.8458882,1.4256722],[103.8458646,1.4256939],[103.8458054,1.4257485],[103.8459359,1.4258901],[103.845962,1.4258661],[103.8459793,1.4258849],[103.8459726,1.4258911],[103.8459719,1.4259095],[103.8459501,1.4259087],[103.845937,1.4262625],[103.845958,1.4262633],[103.8459566,1.4263005],[103.8458904,1.4262981],[103.8458908,1.4262876],[103.8458011,1.4262842],[103.8458002,1.4263063],[103.8457973,1.4263846],[103.845912,1.4263889],[103.8459127,1.4263718],[103.8459343,1.4263726]]]}},{"type":"Feature","id":"way/1393286849-0","properties":{"addr:city":"Singapore","addr:housenumber":"353","addr:postcode":"760353","addr:street":"Yishun Ring Road","building":"residential","building:levels":"12","residential":"hdb","clearanceGeometry":{"type":"Polygon","coordinates":[[[103.845353,1.4261864],[103.845352,1.4262159],[103.8455871,1.4262241],[103.8455884,1.4261871],[103.8455912,1.4261069],[103.8455417,1.4261051],[103.8455426,1.426078],[103.8449648,1.4260579],[103.844894,1.4260555],[103.8448932,1.4260803],[103.8448421,1.4260786],[103.8448412,1.4261062],[103.844838,1.4261978],[103.8449778,1.4262026],[103.8449788,1.4261729],[103.8450221,1.4261743],[103.8450211,1.4262032],[103.8452614,1.4262115],[103.8452624,1.4261832],[103.845353,1.4261864]]]},"clearanceHeight":1.7,"clearancePrepared":true},"geometry":{"type":"Polygon","coordinates":[[[103.8452624,1.4261832],[103.845353,1.4261864],[103.845352,1.4262159],[103.8455871,1.4262241],[103.8455884,1.4261871],[103.8455912,1.4261069],[103.8455417,1.4261051],[103.8455426,1.426078],[103.8449648,1.4260579],[103.844894,1.4260555],[103.8448932,1.4260803],[103.8448421,1.4260786],[103.8448412,1.4261062],[103.844838,1.4261978],[103.8449778,1.4262026],[103.8449788,1.4261729],[103.8450221,1.4261743],[103.8450211,1.4262032],[103.8452614,1.4262115],[103.8452624,1.4261832]]]}},{"type":"Feature","id":"way/1393286850-0","properties":{"addr:city":"Singapore","addr:housenumber":"354","addr:postcode":"760354","addr:street":"Yishun Ring Road","building":"residential","building:levels":"12","residential":"hdb","clearanceGeometry":{"type":"Polygon","coordinates":[[[103.8450938,1.4257065],[103.8448563,1.4256983],[103.8448547,1.4257439],[103.8448522,1.4258179],[103.844902,1.4258196],[103.844901,1.4258463],[103.8449735,1.4258488],[103.8455486,1.4258686],[103.8455495,1.4258425],[103.8456015,1.4258443],[103.8456021,1.4258291],[103.8456055,1.4257286],[103.8454683,1.4257239],[103.8454673,1.4257531],[103.8454218,1.4257516],[103.8454229,1.4257207],[103.8451807,1.4257124],[103.8451797,1.4257418],[103.8450927,1.4257388],[103.8450938,1.4257065]]]},"clearanceHeight":1.7,"clearancePrepared":true},"geometry":{"type":"Polygon","coordinates":[[[103.8450927,1.4257388],[103.8450938,1.4257065],[103.8448563,1.4256983],[103.8448547,1.4257439],[103.8448522,1.4258179],[103.844902,1.4258196],[103.844901,1.4258463],[103.8449735,1.4258488],[103.8455486,1.4258686],[103.8455495,1.4258425],[103.8456015,1.4258443],[103.8456021,1.4258291],[103.8456055,1.4257286],[103.8454683,1.4257239],[103.8454673,1.4257531],[103.8454218,1.4257516],[103.8454229,1.4257207],[103.8451807,1.4257124],[103.8451797,1.4257418],[103.8450927,1.4257388]]]}},{"type":"Feature","id":"way/1417155755-0","properties":{"amenity":"shelter","building":"yes","clearanceGeometry":{"type":"Polygon","coordinates":[[[103.8450449,1.4233813],[103.8450371,1.423382],[103.8450301,1.4233852],[103.8450244,1.4233904],[103.8450207,1.4233972],[103.8450194,1.4234049],[103.8450206,1.4234125],[103.8450242,1.4234194],[103.8450298,1.4234247],[103.8450368,1.423428],[103.8450448,1.4234288],[103.8450495482475,1.4234276433756072],[103.84506459977271,1.4234148846909476],[103.8450667,1.4234085],[103.8450665,1.4234005],[103.8450638,1.4233933],[103.8450589,1.4233872],[103.8450524,1.4233831],[103.8450449,1.4233813]]]},"clearanceHeight":1.7,"clearancePrepared":true},"geometry":{"type":"Polygon","coordinates":[[[103.8450524,1.4233831],[103.8450449,1.4233813],[103.8450371,1.423382],[103.8450301,1.4233852],[103.8450244,1.4233904],[103.8450207,1.4233972],[103.8450194,1.4234049],[103.8450206,1.4234125],[103.8450242,1.4234194],[103.8450298,1.4234247],[103.8450368,1.423428],[103.8450448,1.4234288],[103.8450526,1.4234269],[103.8450593,1.4234225],[103.8450642,1.4234161],[103.8450667,1.4234085],[103.8450665,1.4234005],[103.8450638,1.4233933],[103.8450589,1.4233872],[103.8450524,1.4233831]]]}},{"type":"Feature","id":"way/1417240373-0","properties":{"addr:city":"Singapore","addr:housenumber":"356","addr:postcode":"760356","addr:street":"Yishun Ring Road","building":"residential","building:levels":"11","clearanceGeometry":{"type":"Polygon","coordinates":[[[103.8451949,1.4250887],[103.8451842,1.4250985],[103.8451366,1.4250469],[103.8450662,1.4251119],[103.84508,1.4251268],[103.8450981,1.4251463],[103.8451079,1.4251372],[103.8451426,1.4251748],[103.8451329,1.4251837],[103.8451584,1.4252113],[103.8452364,1.4251393],[103.8457364,1.4256804],[103.8457443,1.4256731],[103.8457615,1.4256917],[103.8458194,1.4256382],[103.8458388,1.4256203],[103.8457406,1.4255141],[103.8455906,1.4253519],[103.8455525,1.4253107],[103.8455316,1.42533],[103.8455055,1.4253017],[103.8454958,1.4252912],[103.8455171,1.4252715],[103.8452837,1.425019],[103.845274,1.425028],[103.8452514,1.4250036],[103.8452629,1.424993],[103.8452315,1.424959],[103.8451471,1.425037],[103.8451949,1.4250887]]]},"clearanceHeight":1.7,"clearancePrepared":true},"geometry":{"type":"Polygon","coordinates":[[[103.8451471,1.425037],[103.8451949,1.4250887],[103.8451842,1.4250985],[103.8451366,1.4250469],[103.8450662,1.4251119],[103.84508,1.4251268],[103.8450981,1.4251463],[103.8451079,1.4251372],[103.8451426,1.4251748],[103.8451329,1.4251837],[103.8451584,1.4252113],[103.8452364,1.4251393],[103.8457364,1.4256804],[103.8457443,1.4256731],[103.8457615,1.4256917],[103.8458194,1.4256382],[103.8458388,1.4256203],[103.8457406,1.4255141],[103.8455906,1.4253519],[103.8455525,1.4253107],[103.8455316,1.42533],[103.8455055,1.4253017],[103.8454958,1.4252912],[103.8455171,1.4252715],[103.8452837,1.425019],[103.845274,1.425028],[103.8452514,1.4250036],[103.8452629,1.424993],[103.8452315,1.424959],[103.8451471,1.425037]]]}},{"type":"Feature","id":"way/1417240374-0","properties":{"building":"yes","clearanceGeometry":{"type":"Polygon","coordinates":[[[103.8456035,1.4264247],[103.8454678,1.4264203],[103.8454644,1.4265278],[103.8456001,1.4265322],[103.8456035,1.4264247]]]},"clearanceHeight":1.7,"clearancePrepared":true},"geometry":{"type":"Polygon","coordinates":[[[103.8456001,1.4265322],[103.8456035,1.4264247],[103.8454678,1.4264203],[103.8454644,1.4265278],[103.8456001,1.4265322]]]}},{"type":"Feature","id":"way/1417240375-0","properties":{"addr:city":"Singapore","addr:housenumber":"355","addr:postcode":"760355","addr:street":"Yishun Ring Road","building":"apartments","building:levels":"11","clearanceGeometry":{"type":"Polygon","coordinates":[[[103.844663,1.4255326],[103.8446479,1.4255655],[103.8446417,1.4255788],[103.844612,1.4255879],[103.8446074,1.4257311],[103.8447231,1.4257353],[103.8447282,1.4256202],[103.844744,1.4255854],[103.8447501,1.4255719],[103.8450752,1.4252715],[103.8450641,1.4252594],[103.8450813,1.4252435],[103.8450231,1.4251805],[103.8450108,1.4251672],[103.8446498,1.4255022],[103.844663,1.4255326]]]},"clearanceHeight":1.7,"clearancePrepared":true},"geometry":{"type":"Polygon","coordinates":[[[103.8446498,1.4255022],[103.844663,1.4255326],[103.8446479,1.4255655],[103.8446417,1.4255788],[103.844612,1.4255879],[103.8446074,1.4257311],[103.8447231,1.4257353],[103.8447282,1.4256202],[103.844744,1.4255854],[103.8447501,1.4255719],[103.8450752,1.4252715],[103.8450641,1.4252594],[103.8450813,1.4252435],[103.8450231,1.4251805],[103.8450108,1.4251672],[103.8446498,1.4255022]]]}},{"type":"Feature","id":"way/1417240376-0","properties":{"addr:city":"Singapore","addr:housenumber":"355A","addr:postcode":"761355","addr:street":"Yishun Ring Road","building":"apartments","building:levels":"4","clearanceGeometry":{"type":"Polygon","coordinates":[[[103.8447097,1.4261011],[103.8447231,1.4257353],[103.8446074,1.4257311],[103.844602,1.425868],[103.8445846,1.4263082],[103.8446866,1.4263119],[103.8446874,1.4262894],[103.8447028,1.4262899],[103.8447097,1.4261011]]]},"clearanceHeight":1.7,"clearancePrepared":true},"geometry":{"type":"Polygon","coordinates":[[[103.8447028,1.4262899],[103.8447097,1.4261011],[103.8447231,1.4257353],[103.8446074,1.4257311],[103.844602,1.425868],[103.8445846,1.4263082],[103.8446866,1.4263119],[103.8446874,1.4262894],[103.8447028,1.4262899]]]}},{"type":"Feature","id":"way/1417240377-0","properties":{"addr:city":"Singapore","addr:housenumber":"350A","addr:postcode":"761350","addr:street":"Yishun Ring Road","building":"apartments","building:levels":"4","clearanceGeometry":{"type":"Polygon","coordinates":[[[103.8442916,1.4262418],[103.8442904,1.426274],[103.8443061,1.4262746],[103.8443051,1.4263],[103.8444098,1.4263039],[103.8444237,1.4259298],[103.8444296,1.425787],[103.8443191,1.4257834],[103.8443181,1.4258024],[103.8443079,1.425802],[103.8442916,1.4262418]]]},"clearanceHeight":1.7,"clearancePrepared":true},"geometry":{"type":"Polygon","coordinates":[[[103.8443079,1.425802],[103.8442916,1.4262418],[103.8442904,1.426274],[103.8443061,1.4262746],[103.8443051,1.4263],[103.8444098,1.4263039],[103.8444237,1.4259298],[103.8444296,1.425787],[103.8443191,1.4257834],[103.8443181,1.4258024],[103.8443079,1.425802]]]}},{"type":"Feature","id":"node/375749451","properties":{"highway":"traffic_signals"},"geometry":{"type":"Point","coordinates":[103.8449488,1.4243638]}},{"type":"Feature","id":"node/3066017130","properties":{"highway":"traffic_signals"},"geometry":{"type":"Point","coordinates":[103.8448879,1.4242977]}},{"type":"Feature","id":"node/4602946996","properties":{"highway":"traffic_signals"},"geometry":{"type":"Point","coordinates":[103.844974,1.4242338]}},{"type":"Feature","id":"node/4602947010","properties":{"highway":"traffic_signals"},"geometry":{"type":"Point","coordinates":[103.8450279,1.4242953]}},{"type":"Feature","id":"node/4715767892","properties":{"crossing":"traffic_signals","highway":"crossing"},"geometry":{"type":"Point","coordinates":[103.8462196,1.4274699]}},{"type":"Feature","id":"node/4715767893","properties":{"crossing":"traffic_signals","highway":"crossing"},"geometry":{"type":"Point","coordinates":[103.8462889,1.4274728]}},{"type":"Feature","id":"node/4715777353","properties":{"highway":"crossing"},"geometry":{"type":"Point","coordinates":[103.8447774,1.4242804]}},{"type":"Feature","id":"node/5186865205","properties":{"crossing":"traffic_signals","highway":"crossing"},"geometry":{"type":"Point","coordinates":[103.8428254,1.4262449]}},{"type":"Feature","id":"node/6696413857","properties":{"crossing":"traffic_signals","highway":"crossing"},"geometry":{"type":"Point","coordinates":[103.8458157,1.4251712]}},{"type":"Feature","id":"node/7761204482","properties":{"crossing":"traffic_signals","highway":"crossing"},"geometry":{"type":"Point","coordinates":[103.842867,1.4262895]}},{"type":"Feature","id":"node/7935119108","properties":{"highway":"crossing"},"geometry":{"type":"Point","coordinates":[103.8456009,1.4238534]}},{"type":"Feature","id":"node/7935119111","properties":{"highway":"crossing"},"geometry":{"type":"Point","coordinates":[103.8451452,1.4242994]}},{"type":"Feature","id":"node/7935119131","properties":{"highway":"crossing"},"geometry":{"type":"Point","coordinates":[103.8461472,1.4275984]}},{"type":"Feature","id":"node/7935119133","properties":{"crossing":"unmarked","crossing:markings":"no","highway":"crossing"},"geometry":{"type":"Point","coordinates":[103.8461747,1.4264548]}},{"type":"Feature","id":"node/7935119142","properties":{"highway":"crossing"},"geometry":{"type":"Point","coordinates":[103.8449641,1.4244773]}},{"type":"Feature","id":"node/7935119148","properties":{"highway":"crossing"},"geometry":{"type":"Point","coordinates":[103.8424383,1.4267862]}},{"type":"Feature","id":"node/7935119149","properties":{"highway":"crossing"},"geometry":{"type":"Point","coordinates":[103.8425218,1.4267143]}},{"type":"Feature","id":"node/7935119150","properties":{"crossing":"unmarked","crossing:markings":"no","highway":"crossing"},"geometry":{"type":"Point","coordinates":[103.8430536,1.4262143]}},{"type":"Feature","id":"node/7935119151","properties":{"crossing":"unmarked","crossing:markings":"no","highway":"crossing"},"geometry":{"type":"Point","coordinates":[103.8442369,1.4251243]}},{"type":"Feature","id":"node/7979653193","properties":{"highway":"crossing"},"geometry":{"type":"Point","coordinates":[103.8463978,1.4259829]}},{"type":"Feature","id":"node/8036603841","properties":{"highway":"crossing"},"geometry":{"type":"Point","coordinates":[103.8458293,1.4234111]}},{"type":"Feature","id":"node/8083645648","properties":{"crossing":"unmarked","crossing:markings":"no","highway":"crossing"},"geometry":{"type":"Point","coordinates":[103.8436573,1.4264037]}},{"type":"Feature","id":"node/8083645660","properties":{"crossing":"unmarked","crossing:markings":"no","highway":"crossing"},"geometry":{"type":"Point","coordinates":[103.8432438,1.4269068]}},{"type":"Feature","id":"node/8083645664","properties":{"crossing":"unmarked","crossing:markings":"no","highway":"crossing"},"geometry":{"type":"Point","coordinates":[103.8432465,1.4265312]}},{"type":"Feature","id":"node/8099263748","properties":{"highway":"crossing"},"geometry":{"type":"Point","coordinates":[103.8450093,1.4242076]}},{"type":"Feature","id":"node/8099263749","properties":{"highway":"crossing"},"geometry":{"type":"Point","coordinates":[103.8450616,1.4242656]}},{"type":"Feature","id":"node/8099263751","properties":{"highway":"crossing"},"geometry":{"type":"Point","coordinates":[103.8450635,1.4243347]}},{"type":"Feature","id":"node/8099263752","properties":{"highway":"crossing"},"geometry":{"type":"Point","coordinates":[103.8449891,1.4244071]}},{"type":"Feature","id":"node/8099263754","properties":{"highway":"crossing"},"geometry":{"type":"Point","coordinates":[103.8449193,1.4243893]}},{"type":"Feature","id":"node/8099263755","properties":{"highway":"crossing"},"geometry":{"type":"Point","coordinates":[103.8448577,1.4243202]}},{"type":"Feature","id":"node/8099263757","properties":{"highway":"crossing"},"geometry":{"type":"Point","coordinates":[103.8448491,1.4242553]}},{"type":"Feature","id":"node/8099263758","properties":{"highway":"crossing"},"geometry":{"type":"Point","coordinates":[103.8449274,1.4241847]}},{"type":"Feature","id":"node/8099263760","properties":{"highway":"crossing"},"geometry":{"type":"Point","coordinates":[103.8449552,1.4240933]}},{"type":"Feature","id":"node/8153410359","properties":{"crossing":"traffic_signals","highway":"crossing"},"geometry":{"type":"Point","coordinates":[103.8457613,1.4252219]}},{"type":"Feature","id":"node/8153412689","properties":{"highway":"crossing"},"geometry":{"type":"Point","coordinates":[103.8458089,1.4241797]}},{"type":"Feature","id":"node/13022406076","properties":{"highway":"crossing"},"geometry":{"type":"Point","coordinates":[103.8451297,1.4234127]}},{"type":"Feature","id":"node/13691939017","properties":{"crossing":"unmarked","crossing:markings":"no","highway":"crossing"},"geometry":{"type":"Point","coordinates":[103.8456931,1.4262212]}},{"type":"Feature","id":"node/13691939023","properties":{"crossing":"unmarked","crossing:markings":"no","highway":"crossing"},"geometry":{"type":"Point","coordinates":[103.845723,1.4257692]}},{"type":"Feature","id":"node/13691939024","properties":{"crossing":"unmarked","crossing:markings":"no","highway":"crossing"},"geometry":{"type":"Point","coordinates":[103.8457073,1.4257825]}},{"type":"Feature","id":"node/13691939044","properties":{"crossing":"unmarked","crossing:markings":"no","highway":"crossing"},"geometry":{"type":"Point","coordinates":[103.8461176,1.426452]}},{"type":"Feature","id":"node/13691939060","properties":{"crossing":"unmarked","crossing:markings":"no","highway":"crossing"},"geometry":{"type":"Point","coordinates":[103.8442609,1.4251001]}},{"type":"Feature","id":"way/32791056-0-0-0","properties":{"highway":"service","lanes":"2","lanes:backward":"1","lanes:forward":"1","service":"parking_aisle","startNodeId":"4602854650","endNodeId":"369485078"},"geometry":{"type":"LineString","coordinates":[[103.8431511,1.4270596],[103.8431152,1.4281385]]}},{"type":"Feature","id":"way/176296703-0-0-0","properties":{"highway":"tertiary","lanes":"2","maxspeed":"40","name":"Yishun Avenue 11","oneway":"yes","surface":"asphalt","startNodeId":"244911996","endNodeId":"5256644329"},"geometry":{"type":"LineString","coordinates":[[103.8423466,1.4266833],[103.8422883,1.4267304]]}},{"type":"Feature","id":"way/176296703-0-1-0","properties":{"highway":"tertiary","lanes":"2","maxspeed":"40","name":"Yishun Avenue 11","oneway":"yes","surface":"asphalt","startNodeId":"5256644329","endNodeId":"1736995171"},"geometry":{"type":"LineString","coordinates":[[103.8422883,1.4267304],[103.8422155,1.4267827]]}},{"type":"Feature","id":"way/176296703-0-2-0","properties":{"highway":"tertiary","lanes":"2","maxspeed":"40","name":"Yishun Avenue 11","oneway":"yes","surface":"asphalt","startNodeId":"1736995171","endNodeId":"5256644330"},"geometry":{"type":"LineString","coordinates":[[103.8422155,1.4267827],[103.8421285,1.4268352]]}},{"type":"Feature","id":"way/176296703-0-3-0","properties":{"highway":"tertiary","lanes":"2","maxspeed":"40","name":"Yishun Avenue 11","oneway":"yes","surface":"asphalt","startNodeId":"5256644330","endNodeId":"5256644331"},"geometry":{"type":"LineString","coordinates":[[103.8421285,1.4268352],[103.8420267,1.4268836]]}},{"type":"Feature","id":"way/176296704-0-0-0","properties":{"highway":"tertiary","lanes":"3","lit":"yes","maxspeed":"50","name":"Yishun Avenue 11","oneway":"yes","surface":"asphalt","turn:lanes":"through|through|right","startNodeId":"4715777345","endNodeId":"8099263754"},"geometry":{"type":"LineString","coordinates":[[103.844754,1.4245325],[103.8449193,1.4243893]]}},{"type":"Feature","id":"way/176296704-0-1-0","properties":{"highway":"tertiary","lanes":"3","lit":"yes","maxspeed":"50","name":"Yishun Avenue 11","oneway":"yes","surface":"asphalt","turn:lanes":"through|through|right","startNodeId":"8099263754","endNodeId":"375749451"},"geometry":{"type":"LineString","coordinates":[[103.8449193,1.4243893],[103.8449488,1.4243638]]}},{"type":"Feature","id":"way/176296715-0-0-0","properties":{"highway":"tertiary","lanes":"2","maxspeed":"50","name":"Yishun Avenue 11","oneway":"yes","source":"Yahoo aerial images","surface":"asphalt","turn:lanes":"left;through|through","startNodeId":"4715829144","endNodeId":"4715829145"},"geometry":{"type":"LineString","coordinates":[[103.8463098,1.4233891],[103.8461491,1.423389]]}},{"type":"Feature","id":"way/176296715-0-1-0","properties":{"highway":"tertiary","lanes":"2","maxspeed":"50","name":"Yishun Avenue 11","oneway":"yes","source":"Yahoo aerial images","surface":"asphalt","turn:lanes":"left;through|through","startNodeId":"4715829145","endNodeId":"4715829146"},"geometry":{"type":"LineString","coordinates":[[103.8461491,1.423389],[103.8459929,1.4234107]]}},{"type":"Feature","id":"way/176296715-0-2-0","properties":{"highway":"tertiary","lanes":"2","maxspeed":"50","name":"Yishun Avenue 11","oneway":"yes","source":"Yahoo aerial images","surface":"asphalt","turn:lanes":"left;through|through","startNodeId":"4715829146","endNodeId":"4715829147"},"geometry":{"type":"LineString","coordinates":[[103.8459929,1.4234107],[103.8458651,1.423456]]}},{"type":"Feature","id":"way/176296734-0-0-0","properties":{"highway":"secondary","lanes":"2","maxspeed":"40","name":"Yishun Ring Road","oneway":"yes","surface":"asphalt","startNodeId":"2375722517","endNodeId":"6113055162"},"geometry":{"type":"LineString","coordinates":[[103.8462575,1.4264568],[103.8462451,1.4268213]]}},{"type":"Feature","id":"way/176296736-0-0-0","properties":{"highway":"secondary","lanes":"3","lit":"yes","maxspeed":"50","name":"Yishun Ring Road","oneway":"yes","surface":"asphalt","turn:lanes":"through|through|right","startNodeId":"4715777351","endNodeId":"8099263757"},"geometry":{"type":"LineString","coordinates":[[103.8447529,1.4241505],[103.8448491,1.4242553]]}},{"type":"Feature","id":"way/176296736-0-1-0","properties":{"highway":"secondary","lanes":"3","lit":"yes","maxspeed":"50","name":"Yishun Ring Road","oneway":"yes","surface":"asphalt","turn:lanes":"through|through|right","startNodeId":"8099263757","endNodeId":"3066017130"},"geometry":{"type":"LineString","coordinates":[[103.8448491,1.4242553],[103.8448879,1.4242977]]}},{"type":"Feature","id":"way/176296740-0-4-0","properties":{"highway":"secondary","lanes":"2","maxspeed":"50","name":"Yishun Ring Road","oneway":"yes","surface":"asphalt","turn:lanes":"through|through","startNodeId":"244907970","endNodeId":"244907973"},"geometry":{"type":"LineString","coordinates":[[103.8440077,1.4232937],[103.8441155,1.4234352]]}},{"type":"Feature","id":"way/176296740-0-5-0","properties":{"highway":"secondary","lanes":"2","maxspeed":"50","name":"Yishun Ring Road","oneway":"yes","surface":"asphalt","turn:lanes":"through|through","startNodeId":"244907973","endNodeId":"4715777357"},"geometry":{"type":"LineString","coordinates":[[103.8441155,1.4234352],[103.8444837,1.4238488]]}},{"type":"Feature","id":"way/228920795-0-0-0","properties":{"highway":"service","service":"driveway","surface":"asphalt","startNodeId":"4715646870","endNodeId":"2375722517"},"geometry":{"type":"LineString","coordinates":[[103.8463276,1.4264611],[103.8462575,1.4264568]]}},{"type":"Feature","id":"way/228920796-0-0-0","properties":{"highway":"service","service":"parking_aisle","sidewalk:left":"yes","surface":"asphalt","startNodeId":"2375722524","endNodeId":"4602854608"},"geometry":{"type":"LineString","coordinates":[[103.8455743,1.4256124],[103.845286,1.4253081]]}},{"type":"Feature","id":"way/228920796-0-1-0","properties":{"highway":"service","service":"parking_aisle","sidewalk:left":"yes","surface":"asphalt","startNodeId":"4602854608","endNodeId":"5087432654"},"geometry":{"type":"LineString","coordinates":[[103.845286,1.4253081],[103.8452612,1.4252837]]}},{"type":"Feature","id":"way/228920796-0-2-0","properties":{"highway":"service","service":"parking_aisle","sidewalk:left":"yes","surface":"asphalt","startNodeId":"5087432654","endNodeId":"2375722522"},"geometry":{"type":"LineString","coordinates":[[103.8452612,1.4252837],[103.84524,1.4252744]]}},{"type":"Feature","id":"way/451875669-0-0-0","properties":{"highway":"service","service":"parking_aisle","sidewalk:right":"yes","surface":"asphalt","startNodeId":"4486807830","endNodeId":"4602854634"},"geometry":{"type":"LineString","coordinates":[[103.8456895,1.426333],[103.8453791,1.4263223]]}},{"type":"Feature","id":"way/451875671-0-5-0","properties":{"highway":"service","lanes":"2","lanes:backward":"1","lanes:forward":"1","service":"parking_aisle","sidewalk:right":"yes","surface":"asphalt","startNodeId":"4602854560","endNodeId":"4486807833"},"geometry":{"type":"LineString","coordinates":[[103.8464971,1.424728],[103.8463181,1.4249017]]}},{"type":"Feature","id":"way/451875672-0-0-0","properties":{"highway":"service","service":"parking_aisle","sidewalk:left":"yes","startNodeId":"2375722523","endNodeId":"5087432657"},"geometry":{"type":"LineString","coordinates":[[103.8449352,1.4255745],[103.8449499,1.4255921]]}},{"type":"Feature","id":"way/451875672-0-1-0","properties":{"highway":"service","service":"parking_aisle","sidewalk:left":"yes","startNodeId":"5087432657","endNodeId":"4602854611"},"geometry":{"type":"LineString","coordinates":[[103.8449499,1.4255921],[103.8449707,1.425598]]}},{"type":"Feature","id":"way/451875672-0-2-0","properties":{"highway":"service","service":"parking_aisle","sidewalk:left":"yes","startNodeId":"4602854611","endNodeId":"2375722524"},"geometry":{"type":"LineString","coordinates":[[103.8449707,1.425598],[103.8455743,1.4256124]]}},{"type":"Feature","id":"way/451875673-0-0-0","properties":{"highway":"service","service":"parking_aisle","sidewalk:left":"yes","startNodeId":"2375722522","endNodeId":"5087432655"},"geometry":{"type":"LineString","coordinates":[[103.84524,1.4252744],[103.8452172,1.4252773]]}},{"type":"Feature","id":"way/451875673-0-1-0","properties":{"highway":"service","service":"parking_aisle","sidewalk:left":"yes","startNodeId":"5087432655","endNodeId":"4602854609"},"geometry":{"type":"LineString","coordinates":[[103.8452172,1.4252773],[103.8451892,1.4252909]]}},{"type":"Feature","id":"way/451875673-0-2-0","properties":{"highway":"service","service":"parking_aisle","sidewalk:left":"yes","startNodeId":"4602854609","endNodeId":"4602854610"},"geometry":{"type":"LineString","coordinates":[[103.8451892,1.4252909],[103.8449463,1.4255229]]}},{"type":"Feature","id":"way/451875673-0-3-0","properties":{"highway":"service","service":"parking_aisle","sidewalk:left":"yes","startNodeId":"4602854610","endNodeId":"5087432653"},"geometry":{"type":"LineString","coordinates":[[103.8449463,1.4255229],[103.844935,1.4255494]]}},{"type":"Feature","id":"way/451875673-0-4-0","properties":{"highway":"service","service":"parking_aisle","sidewalk:left":"yes","startNodeId":"5087432653","endNodeId":"2375722523"},"geometry":{"type":"LineString","coordinates":[[103.844935,1.4255494],[103.8449352,1.4255745]]}},{"type":"Feature","id":"way/465292007-0-0-0","properties":{"highway":"service","lanes":"2","lanes:backward":"1","lanes:forward":"1","service":"parking_aisle","surface":"asphalt","startNodeId":"6979321744","endNodeId":"6979321743"},"geometry":{"type":"LineString","coordinates":[[103.8454449,1.4245137],[103.8455526,1.4244149]]}},{"type":"Feature","id":"way/465292014-0-0-0","properties":{"highway":"service","lanes":"1","oneway":"yes","turn:lanes":"left;right","startNodeId":"4602854654","endNodeId":"7935119148"},"geometry":{"type":"LineString","coordinates":[[103.842394,1.4267365],[103.8424383,1.4267862]]}},{"type":"Feature","id":"way/465292014-0-1-0","properties":{"highway":"service","lanes":"1","oneway":"yes","turn:lanes":"left;right","startNodeId":"7935119148","endNodeId":"4602854653"},"geometry":{"type":"LineString","coordinates":[[103.8424383,1.4267862],[103.8424958,1.4268513]]}},{"type":"Feature","id":"way/465292015-0-0-0","properties":{"highway":"service","lanes":"2","lanes:backward":"1","lanes:forward":"1","service":"parking_aisle","sidewalk:right":"yes","surface":"asphalt","startNodeId":"4602854607","endNodeId":"4602854606"},"geometry":{"type":"LineString","coordinates":[[103.8450526,1.4259538],[103.8457009,1.4259806]]}},{"type":"Feature","id":"way/465292016-0-0-0","properties":{"highway":"service","lanes":"2","lanes:backward":"1","lanes:forward":"1","service":"parking_aisle","sidewalk:left":"yes","surface":"asphalt","turn:lanes:backward":"left;through","turn:lanes:forward":"left","startNodeId":"2375722520","endNodeId":"4602854622"},"geometry":{"type":"LineString","coordinates":[[103.8456843,1.4264559],[103.8456805,1.4266146]]}},{"type":"Feature","id":"way/465292017-0-0-0","properties":{"highway":"service","lanes":"1","oneway":"yes","service":"parking_aisle","sidewalk:left":"yes","surface":"asphalt","turn:lanes":"through","startNodeId":"4602854615","endNodeId":"4602854614"},"geometry":{"type":"LineString","coordinates":[[103.8456964,1.427019],[103.8457138,1.4266517]]}},{"type":"Feature","id":"way/465292017-0-1-0","properties":{"highway":"service","lanes":"1","oneway":"yes","service":"parking_aisle","sidewalk:left":"yes","surface":"asphalt","turn:lanes":"through","startNodeId":"4602854614","endNodeId":"4602854613"},"geometry":{"type":"LineString","coordinates":[[103.8457138,1.4266517],[103.8457024,1.4266274]]}},{"type":"Feature","id":"way/465292017-0-2-0","properties":{"highway":"service","lanes":"1","oneway":"yes","service":"parking_aisle","sidewalk:left":"yes","surface":"asphalt","turn:lanes":"through","startNodeId":"4602854613","endNodeId":"4602854622"},"geometry":{"type":"LineString","coordinates":[[103.8457024,1.4266274],[103.8456805,1.4266146]]}},{"type":"Feature","id":"way/465292018-0-0-0","properties":{"highway":"service","lanes":"2","lanes:backward":"1","lanes:forward":"1","service":"parking_aisle","turn:lanes:backward":"through","turn:lanes:forward":"right","startNodeId":"2375722511","endNodeId":"4602854625"},"geometry":{"type":"LineString","coordinates":[[103.845326,1.4275552],[103.8452161,1.4275577]]}},{"type":"Feature","id":"way/465292018-0-1-0","properties":{"highway":"service","lanes":"2","lanes:backward":"1","lanes:forward":"1","service":"parking_aisle","turn:lanes:backward":"through","turn:lanes:forward":"right","startNodeId":"4602854625","endNodeId":"4602854624"},"geometry":{"type":"LineString","coordinates":[[103.8452161,1.4275577],[103.8451494,1.4275921]]}},{"type":"Feature","id":"way/465292018-0-2-0","properties":{"highway":"service","lanes":"2","lanes:backward":"1","lanes:forward":"1","service":"parking_aisle","turn:lanes:backward":"through","turn:lanes:forward":"right","startNodeId":"4602854624","endNodeId":"4602854623"},"geometry":{"type":"LineString","coordinates":[[103.8451494,1.4275921],[103.8448891,1.4278524]]}},{"type":"Feature","id":"way/465292019-0-0-0","properties":{"highway":"service","service":"parking_aisle","surface":"asphalt","startNodeId":"4602947003","endNodeId":"2375722510"},"geometry":{"type":"LineString","coordinates":[[103.8462944,1.427608],[103.8462007,1.427602]]}},{"type":"Feature","id":"way/465292020-0-0-0","properties":{"highway":"service","lanes":"2","lanes:backward":"1","lanes:forward":"1","service":"parking_aisle","sidewalk:right":"yes","surface":"asphalt","turn:lanes:backward":"left;right","startNodeId":"2375722518","endNodeId":"2375722519"},"geometry":{"type":"LineString","coordinates":[[103.845827,1.4264584],[103.8457976,1.4272152]]}},{"type":"Feature","id":"way/465292020-0-1-0","properties":{"highway":"service","lanes":"2","lanes:backward":"1","lanes:forward":"1","service":"parking_aisle","sidewalk:right":"yes","surface":"asphalt","turn:lanes:backward":"left;right","startNodeId":"2375722519","endNodeId":"13691939007"},"geometry":{"type":"LineString","coordinates":[[103.8457976,1.4272152],[103.8457867,1.4272401]]}},{"type":"Feature","id":"way/465292020-0-2-0","properties":{"highway":"service","lanes":"2","lanes:backward":"1","lanes:forward":"1","service":"parking_aisle","sidewalk:right":"yes","surface":"asphalt","turn:lanes:backward":"left;right","startNodeId":"13691939007","endNodeId":"13691939008"},"geometry":{"type":"LineString","coordinates":[[103.8457867,1.4272401],[103.8457738,1.4272535]]}},{"type":"Feature","id":"way/465292020-0-3-0","properties":{"highway":"service","lanes":"2","lanes:backward":"1","lanes:forward":"1","service":"parking_aisle","sidewalk:right":"yes","surface":"asphalt","turn:lanes:backward":"left;right","startNodeId":"13691939008","endNodeId":"13691939009"},"geometry":{"type":"LineString","coordinates":[[103.8457738,1.4272535],[103.8457533,1.4272622]]}},{"type":"Feature","id":"way/465292020-0-4-0","properties":{"highway":"service","lanes":"2","lanes:backward":"1","lanes:forward":"1","service":"parking_aisle","sidewalk:right":"yes","surface":"asphalt","turn:lanes:backward":"left;right","startNodeId":"13691939009","endNodeId":"13691939010"},"geometry":{"type":"LineString","coordinates":[[103.8457533,1.4272622],[103.8455982,1.4272581]]}},{"type":"Feature","id":"way/465292021-0-0-0","properties":{"highway":"service","lanes":"2","lanes:backward":"1","lanes:forward":"1","service":"driveway","sidewalk:right":"yes","surface":"asphalt","turn:lanes:backward":"through","turn:lanes:forward":"left;right","startNodeId":"2375722518","endNodeId":"2375722520"},"geometry":{"type":"LineString","coordinates":[[103.845827,1.4264584],[103.8456843,1.4264559]]}},{"type":"Feature","id":"way/465292022-0-0-0","properties":{"highway":"service","service":"parking_aisle","sidewalk:right":"yes","startNodeId":"13691929131","endNodeId":"13691929130"},"geometry":{"type":"LineString","coordinates":[[103.8435624,1.4262769],[103.8435777,1.4262691]]}},{"type":"Feature","id":"way/465292022-0-1-0","properties":{"highway":"service","service":"parking_aisle","sidewalk:right":"yes","startNodeId":"13691929130","endNodeId":"13691929129"},"geometry":{"type":"LineString","coordinates":[[103.8435777,1.4262691],[103.8435997,1.4262667]]}},{"type":"Feature","id":"way/465292022-0-2-0","properties":{"highway":"service","service":"parking_aisle","sidewalk:right":"yes","startNodeId":"13691929129","endNodeId":"4602854630"},"geometry":{"type":"LineString","coordinates":[[103.8435997,1.4262667],[103.8436628,1.4262693]]}},{"type":"Feature","id":"way/465292022-0-3-0","properties":{"highway":"service","service":"parking_aisle","sidewalk:right":"yes","startNodeId":"4602854630","endNodeId":"4602854629"},"geometry":{"type":"LineString","coordinates":[[103.8436628,1.4262693],[103.8441645,1.4262943]]}},{"type":"Feature","id":"way/465292022-0-4-0","properties":{"highway":"service","service":"parking_aisle","sidewalk:right":"yes","startNodeId":"4602854629","endNodeId":"4602854628"},"geometry":{"type":"LineString","coordinates":[[103.8441645,1.4262943],[103.8441818,1.4262875]]}},{"type":"Feature","id":"way/465292022-0-5-0","properties":{"highway":"service","service":"parking_aisle","sidewalk:right":"yes","startNodeId":"4602854628","endNodeId":"13691929132"},"geometry":{"type":"LineString","coordinates":[[103.8441818,1.4262875],[103.8441915,1.4262746]]}},{"type":"Feature","id":"way/465292022-0-6-0","properties":{"highway":"service","service":"parking_aisle","sidewalk:right":"yes","startNodeId":"13691929132","endNodeId":"4602854627"},"geometry":{"type":"LineString","coordinates":[[103.8441915,1.4262746],[103.8441985,1.4262549]]}},{"type":"Feature","id":"way/465292022-0-7-0","properties":{"highway":"service","service":"parking_aisle","sidewalk:right":"yes","startNodeId":"4602854627","endNodeId":"4602854626"},"geometry":{"type":"LineString","coordinates":[[103.8441985,1.4262549],[103.8442206,1.42567]]}},{"type":"Feature","id":"way/465292022-0-8-0","properties":{"highway":"service","service":"parking_aisle","sidewalk:right":"yes","startNodeId":"4602854626","endNodeId":"13691929133"},"geometry":{"type":"LineString","coordinates":[[103.8442206,1.42567],[103.8442176,1.4256501]]}},{"type":"Feature","id":"way/465292022-0-9-0","properties":{"highway":"service","service":"parking_aisle","sidewalk:right":"yes","startNodeId":"13691929133","endNodeId":"13691929134"},"geometry":{"type":"LineString","coordinates":[[103.8442176,1.4256501],[103.8442041,1.425633]]}},{"type":"Feature","id":"way/465292022-0-10-0","properties":{"highway":"service","service":"parking_aisle","sidewalk:right":"yes","startNodeId":"13691929134","endNodeId":"13691929135"},"geometry":{"type":"LineString","coordinates":[[103.8442041,1.425633],[103.8441864,1.4256295]]}},{"type":"Feature","id":"way/465292022-0-11-0","properties":{"highway":"service","service":"parking_aisle","sidewalk:right":"yes","startNodeId":"13691929135","endNodeId":"13691929136"},"geometry":{"type":"LineString","coordinates":[[103.8441864,1.4256295],[103.8441681,1.4256354]]}},{"type":"Feature","id":"way/465292022-0-12-0","properties":{"highway":"service","service":"parking_aisle","sidewalk:right":"yes","startNodeId":"13691929136","endNodeId":"13691929137"},"geometry":{"type":"LineString","coordinates":[[103.8441681,1.4256354],[103.8440961,1.4256973]]}},{"type":"Feature","id":"way/465292023-0-0-0","properties":{"highway":"service","service":"parking_aisle","sidewalk:both":"yes","surface":"asphalt","startNodeId":"4602854637","endNodeId":"4602854634"},"geometry":{"type":"LineString","coordinates":[[103.8453669,1.4266219],[103.8453791,1.4263223]]}},{"type":"Feature","id":"way/465292024-0-0-0","properties":{"highway":"service","lanes":"2","lanes:backward":"1","lanes:forward":"1","service":"parking_aisle","sidewalk":"right","turn:lanes:backward":"through","turn:lanes:forward":"through","startNodeId":"4602854639","endNodeId":"8083645664"},"geometry":{"type":"LineString","coordinates":[[103.843167,1.4265259],[103.8432465,1.4265312]]}},{"type":"Feature","id":"way/465292024-0-1-0","properties":{"highway":"service","lanes":"2","lanes:backward":"1","lanes:forward":"1","service":"parking_aisle","sidewalk":"right","turn:lanes:backward":"through","turn:lanes:forward":"through","startNodeId":"8083645664","endNodeId":"4602854633"},"geometry":{"type":"LineString","coordinates":[[103.8432465,1.4265312],[103.8436515,1.4265455]]}},{"type":"Feature","id":"way/465295363-0-1-0","properties":{"highway":"service","lanes":"3","lanes:backward":"2","lanes:forward":"1","service":"parking_aisle","turn:lanes:backward":"left|right","startNodeId":"4602876419","endNodeId":"4602876418"},"geometry":{"type":"LineString","coordinates":[[103.8453059,1.4232611],[103.8452479,1.4233124]]}},{"type":"Feature","id":"way/465295364-0-0-0","properties":{"highway":"service","lanes":"2","lanes:backward":"1","lanes:forward":"1","service":"parking_aisle","surface":"asphalt","startNodeId":"1736995154","endNodeId":"4715829147"},"geometry":{"type":"LineString","coordinates":[[103.8458986,1.4235231],[103.8458651,1.423456]]}},{"type":"Feature","id":"way/465307063-0-0-0","properties":{"highway":"secondary","lanes":"3","lit":"yes","maxspeed":"50","name":"Yishun Ring Road","oneway":"yes","surface":"asphalt","turn:lanes":"through|through|right","startNodeId":"4715646871","endNodeId":"8099263751"},"geometry":{"type":"LineString","coordinates":[[103.8451762,1.4244584],[103.8450635,1.4243347]]}},{"type":"Feature","id":"way/465307063-0-1-0","properties":{"highway":"secondary","lanes":"3","lit":"yes","maxspeed":"50","name":"Yishun Ring Road","oneway":"yes","surface":"asphalt","turn:lanes":"through|through|right","startNodeId":"8099263751","endNodeId":"4602947010"},"geometry":{"type":"LineString","coordinates":[[103.8450635,1.4243347],[103.8450279,1.4242953]]}},{"type":"Feature","id":"way/465307066-0-0-0","properties":{"highway":"secondary","lanes":"2","maxspeed":"40","name":"Yishun Ring Road","oneway":"yes","surface":"asphalt","turn:lanes":"left;through|through","startNodeId":"4715767893","endNodeId":"5683722861"},"geometry":{"type":"LineString","coordinates":[[103.8462889,1.4274728],[103.8462993,1.4271953]]}},{"type":"Feature","id":"way/478336491-0-0-0","properties":{"highway":"secondary_link","lanes":"1","lit":"yes","maxspeed":"50","oneway":"yes","surface":"asphalt","startNodeId":"4715646871","endNodeId":"4715646872"},"geometry":{"type":"LineString","coordinates":[[103.8451762,1.4244584],[103.8451503,1.4243546]]}},{"type":"Feature","id":"way/478336491-0-1-0","properties":{"highway":"secondary_link","lanes":"1","lit":"yes","maxspeed":"50","oneway":"yes","surface":"asphalt","startNodeId":"4715646872","endNodeId":"7935119111"},"geometry":{"type":"LineString","coordinates":[[103.8451503,1.4243546],[103.8451452,1.4242994]]}},{"type":"Feature","id":"way/478336491-0-2-0","properties":{"highway":"secondary_link","lanes":"1","lit":"yes","maxspeed":"50","oneway":"yes","surface":"asphalt","startNodeId":"7935119111","endNodeId":"4715646873"},"geometry":{"type":"LineString","coordinates":[[103.8451452,1.4242994],[103.8451493,1.4242557]]}},{"type":"Feature","id":"way/478336491-0-3-0","properties":{"highway":"secondary_link","lanes":"1","lit":"yes","maxspeed":"50","oneway":"yes","surface":"asphalt","startNodeId":"4715646873","endNodeId":"4715646874"},"geometry":{"type":"LineString","coordinates":[[103.8451493,1.4242557],[103.8451694,1.4241695]]}},{"type":"Feature","id":"way/478336492-0-0-0","properties":{"highway":"secondary","lanes":"4","maxspeed":"50","name":"Yishun Ring Road","oneway":"yes","surface":"asphalt","turn:lanes":"left|through|through|right","startNodeId":"4715646875","endNodeId":"4715646871"},"geometry":{"type":"LineString","coordinates":[[103.8454139,1.4247248],[103.8451762,1.4244584]]}},{"type":"Feature","id":"way/478336493-0-0-0","properties":{"highway":"tertiary","lanes":"2","maxspeed":"50","name":"Yishun Avenue 11","oneway":"yes","surface":"asphalt","turn:lanes":"through|through","startNodeId":"1736995154","endNodeId":"375749632"},"geometry":{"type":"LineString","coordinates":[[103.8458986,1.4235231],[103.8460231,1.4234875]]}},{"type":"Feature","id":"way/478336493-0-1-0","properties":{"highway":"tertiary","lanes":"2","maxspeed":"50","name":"Yishun Avenue 11","oneway":"yes","surface":"asphalt","turn:lanes":"through|through","startNodeId":"375749632","endNodeId":"1736995152"},"geometry":{"type":"LineString","coordinates":[[103.8460231,1.4234875],[103.846156,1.4234781]]}},{"type":"Feature","id":"way/478336493-0-2-0","properties":{"highway":"tertiary","lanes":"2","maxspeed":"50","name":"Yishun Avenue 11","oneway":"yes","surface":"asphalt","turn:lanes":"through|through","startNodeId":"1736995152","endNodeId":"375749631"},"geometry":{"type":"LineString","coordinates":[[103.846156,1.4234781],[103.8463127,1.4234852]]}},{"type":"Feature","id":"way/478336493-0-3-0","properties":{"highway":"tertiary","lanes":"2","maxspeed":"50","name":"Yishun Avenue 11","oneway":"yes","surface":"asphalt","turn:lanes":"through|through","startNodeId":"375749631","endNodeId":"4724968870"},"geometry":{"type":"LineString","coordinates":[[103.8463127,1.4234852],[103.8465646,1.4234872]]}},{"type":"Feature","id":"way/478337606-0-0-0","properties":{"highway":"secondary_link","lanes":"1","lit":"yes","maxspeed":"50","oneway":"yes","surface":"asphalt","startNodeId":"4715829150","endNodeId":"4715655036"},"geometry":{"type":"LineString","coordinates":[[103.8452004,1.4240269],[103.8450386,1.4240908]]}},{"type":"Feature","id":"way/478337606-0-1-0","properties":{"highway":"secondary_link","lanes":"1","lit":"yes","maxspeed":"50","oneway":"yes","surface":"asphalt","startNodeId":"4715655036","endNodeId":"4715655037"},"geometry":{"type":"LineString","coordinates":[[103.8450386,1.4240908],[103.8449839,1.4240963]]}},{"type":"Feature","id":"way/478337606-0-2-0","properties":{"highway":"secondary_link","lanes":"1","lit":"yes","maxspeed":"50","oneway":"yes","surface":"asphalt","startNodeId":"4715655037","endNodeId":"8099263760"},"geometry":{"type":"LineString","coordinates":[[103.8449839,1.4240963],[103.8449552,1.4240933]]}},{"type":"Feature","id":"way/478337606-0-3-0","properties":{"highway":"secondary_link","lanes":"1","lit":"yes","maxspeed":"50","oneway":"yes","surface":"asphalt","startNodeId":"8099263760","endNodeId":"4715655038"},"geometry":{"type":"LineString","coordinates":[[103.8449552,1.4240933],[103.8449239,1.4240901]]}},{"type":"Feature","id":"way/478337606-0-4-0","properties":{"highway":"secondary_link","lanes":"1","lit":"yes","maxspeed":"50","oneway":"yes","surface":"asphalt","startNodeId":"4715655038","endNodeId":"4715655039"},"geometry":{"type":"LineString","coordinates":[[103.8449239,1.4240901],[103.8448199,1.4240664]]}},{"type":"Feature","id":"way/478350925-0-0-0","properties":{"highway":"secondary_link","lanes":"1","lit":"yes","maxspeed":"50","oneway":"yes","surface":"asphalt","startNodeId":"4715777345","endNodeId":"4715777346"},"geometry":{"type":"LineString","coordinates":[[103.844754,1.4245325],[103.8449,1.4244861]]}},{"type":"Feature","id":"way/478350925-0-1-0","properties":{"highway":"secondary_link","lanes":"1","lit":"yes","maxspeed":"50","oneway":"yes","surface":"asphalt","startNodeId":"4715777346","endNodeId":"7935119142"},"geometry":{"type":"LineString","coordinates":[[103.8449,1.4244861],[103.8449641,1.4244773]]}},{"type":"Feature","id":"way/478350925-0-2-0","properties":{"highway":"secondary_link","lanes":"1","lit":"yes","maxspeed":"50","oneway":"yes","surface":"asphalt","startNodeId":"7935119142","endNodeId":"4715777347"},"geometry":{"type":"LineString","coordinates":[[103.8449641,1.4244773],[103.8450339,1.4244887]]}},{"type":"Feature","id":"way/478350925-0-3-0","properties":{"highway":"secondary_link","lanes":"1","lit":"yes","maxspeed":"50","oneway":"yes","surface":"asphalt","startNodeId":"4715777347","endNodeId":"4715777348"},"geometry":{"type":"LineString","coordinates":[[103.8450339,1.4244887],[103.845113,1.4245257]]}},{"type":"Feature","id":"way/478350926-0-0-0","properties":{"highway":"tertiary","lanes":"4","maxspeed":"50","name":"Yishun Avenue 11","oneway":"yes","surface":"asphalt","turn:lanes":"left|through|through|right","startNodeId":"4715777349","endNodeId":"7130270244"},"geometry":{"type":"LineString","coordinates":[[103.8444626,1.4248072],[103.8446645,1.4246225]]}},{"type":"Feature","id":"way/478350927-0-0-0","properties":{"highway":"secondary_link","lanes":"1","lit":"yes","maxspeed":"50","oneway":"yes","surface":"asphalt","startNodeId":"4715777351","endNodeId":"4715777352"},"geometry":{"type":"LineString","coordinates":[[103.8447529,1.4241505],[103.8447712,1.4242353]]}},{"type":"Feature","id":"way/478350927-0-1-0","properties":{"highway":"secondary_link","lanes":"1","lit":"yes","maxspeed":"50","oneway":"yes","surface":"asphalt","startNodeId":"4715777352","endNodeId":"4715777353"},"geometry":{"type":"LineString","coordinates":[[103.8447712,1.4242353],[103.8447774,1.4242804]]}},{"type":"Feature","id":"way/478350927-0-2-0","properties":{"highway":"secondary_link","lanes":"1","lit":"yes","maxspeed":"50","oneway":"yes","surface":"asphalt","startNodeId":"4715777353","endNodeId":"4715777354"},"geometry":{"type":"LineString","coordinates":[[103.8447774,1.4242804],[103.8447678,1.4243509]]}},{"type":"Feature","id":"way/478350927-0-3-0","properties":{"highway":"secondary_link","lanes":"1","lit":"yes","maxspeed":"50","oneway":"yes","surface":"asphalt","startNodeId":"4715777354","endNodeId":"4715777355"},"geometry":{"type":"LineString","coordinates":[[103.8447678,1.4243509],[103.8447372,1.4244351]]}},{"type":"Feature","id":"way/478350928-0-0-0","properties":{"highway":"secondary","lanes":"4","maxspeed":"50","name":"Yishun Ring Road","oneway":"yes","surface":"asphalt","turn:lanes":"left|through|through|right","startNodeId":"4715777357","endNodeId":"4715777351"},"geometry":{"type":"LineString","coordinates":[[103.8444837,1.4238488],[103.8447529,1.4241505]]}},{"type":"Feature","id":"way/478357832-0-0-0","properties":{"highway":"tertiary","lanes":"4","maxspeed":"50","name":"Yishun Avenue 11","oneway":"yes","source":"Yahoo aerial images","surface":"asphalt","turn:lanes":"left|through|through|right","startNodeId":"4715829149","endNodeId":"4715829150"},"geometry":{"type":"LineString","coordinates":[[103.8454919,1.4237297],[103.8452004,1.4240269]]}},{"type":"Feature","id":"way/478357834-0-0-0","properties":{"highway":"tertiary","lanes":"3","lit":"yes","maxspeed":"50","name":"Yishun Avenue 11","oneway":"yes","source":"Yahoo aerial images","surface":"asphalt","turn:lanes":"through|through|right","startNodeId":"4715829150","endNodeId":"8099263748"},"geometry":{"type":"LineString","coordinates":[[103.8452004,1.4240269],[103.8450093,1.4242076]]}},{"type":"Feature","id":"way/478357834-0-1-0","properties":{"highway":"tertiary","lanes":"3","lit":"yes","maxspeed":"50","name":"Yishun Avenue 11","oneway":"yes","source":"Yahoo aerial images","surface":"asphalt","turn:lanes":"through|through|right","startNodeId":"8099263748","endNodeId":"4602946996"},"geometry":{"type":"LineString","coordinates":[[103.8450093,1.4242076],[103.844974,1.4242338]]}},{"type":"Feature","id":"way/478883091-0-0-0","properties":{"highway":"tertiary","lanes":"3","lit":"yes","maxspeed":"50","name":"Yishun Avenue 11","oneway":"yes","surface":"asphalt","startNodeId":"375749451","endNodeId":"4602947010"},"geometry":{"type":"LineString","coordinates":[[103.8449488,1.4243638],[103.8450279,1.4242953]]}},{"type":"Feature","id":"way/478883097-0-0-0","properties":{"highway":"secondary","lanes":"3","lit":"yes","maxspeed":"50","name":"Yishun Ring Road","oneway":"yes","surface":"asphalt","startNodeId":"3066017130","endNodeId":"375749451"},"geometry":{"type":"LineString","coordinates":[[103.8448879,1.4242977],[103.8449488,1.4243638]]}},{"type":"Feature","id":"way/522301682-0-0-0","properties":{"highway":"service","lanes":"2","lanes:backward":"1","lanes:forward":"1","sidewalk":"right","startNodeId":"7712945069","endNodeId":"5087416356"},"geometry":{"type":"LineString","coordinates":[[103.8430616,1.4267021],[103.8430649,1.426646]]}},{"type":"Feature","id":"way/522301682-0-1-0","properties":{"highway":"service","lanes":"2","lanes:backward":"1","lanes:forward":"1","sidewalk":"right","startNodeId":"5087416356","endNodeId":"5087416355"},"geometry":{"type":"LineString","coordinates":[[103.8430649,1.426646],[103.8430738,1.4264727]]}},{"type":"Feature","id":"way/522301682-0-2-0","properties":{"highway":"service","lanes":"2","lanes:backward":"1","lanes:forward":"1","sidewalk":"right","startNodeId":"5087416355","endNodeId":"5087416353"},"geometry":{"type":"LineString","coordinates":[[103.8430738,1.4264727],[103.8430789,1.4263383]]}},{"type":"Feature","id":"way/522301683-0-0-0","properties":{"highway":"service","lanes":"2","lanes:backward":"1","lanes:forward":"1","sidewalk":"both","startNodeId":"5258013876","endNodeId":"5258013866"},"geometry":{"type":"LineString","coordinates":[[103.8425769,1.4267839],[103.8426534,1.4267354]]}},{"type":"Feature","id":"way/522301683-0-1-0","properties":{"highway":"service","lanes":"2","lanes:backward":"1","lanes:forward":"1","sidewalk":"both","startNodeId":"5258013866","endNodeId":"5087416360"},"geometry":{"type":"LineString","coordinates":[[103.8426534,1.4267354],[103.842737,1.4267257]]}},{"type":"Feature","id":"way/522301683-0-2-0","properties":{"highway":"service","lanes":"2","lanes:backward":"1","lanes:forward":"1","sidewalk":"both","startNodeId":"5087416360","endNodeId":"5087416359"},"geometry":{"type":"LineString","coordinates":[[103.842737,1.4267257],[103.8428047,1.4267484]]}},{"type":"Feature","id":"way/522301683-0-3-0","properties":{"highway":"service","lanes":"2","lanes:backward":"1","lanes:forward":"1","sidewalk":"both","startNodeId":"5087416359","endNodeId":"4602854652"},"geometry":{"type":"LineString","coordinates":[[103.8428047,1.4267484],[103.8428851,1.4267922]]}},{"type":"Feature","id":"way/522303808-0-0-0","properties":{"highway":"service","oneway":"yes","service":"parking_aisle","sidewalk:both":"yes","startNodeId":"4602854612","endNodeId":"13691939023"},"geometry":{"type":"LineString","coordinates":[[103.8457082,1.4257531],[103.845723,1.4257692]]}},{"type":"Feature","id":"way/522303808-0-1-0","properties":{"highway":"service","oneway":"yes","service":"parking_aisle","sidewalk:both":"yes","startNodeId":"13691939023","endNodeId":"5087432658"},"geometry":{"type":"LineString","coordinates":[[103.845723,1.4257692],[103.8457911,1.425843]]}},{"type":"Feature","id":"way/522303808-0-2-0","properties":{"highway":"service","oneway":"yes","service":"parking_aisle","sidewalk:both":"yes","startNodeId":"5087432658","endNodeId":"5087432659"},"geometry":{"type":"LineString","coordinates":[[103.8457911,1.425843],[103.845814,1.4258698]]}},{"type":"Feature","id":"way/522303808-0-3-0","properties":{"highway":"service","oneway":"yes","service":"parking_aisle","sidewalk:both":"yes","startNodeId":"5087432659","endNodeId":"5087432652"},"geometry":{"type":"LineString","coordinates":[[103.845814,1.4258698],[103.8458281,1.4258903]]}},{"type":"Feature","id":"way/522303808-0-4-0","properties":{"highway":"service","oneway":"yes","service":"parking_aisle","sidewalk:both":"yes","startNodeId":"5087432652","endNodeId":"5087432660"},"geometry":{"type":"LineString","coordinates":[[103.8458281,1.4258903],[103.8458368,1.4259195]]}},{"type":"Feature","id":"way/522303808-0-5-0","properties":{"highway":"service","oneway":"yes","service":"parking_aisle","sidewalk:both":"yes","startNodeId":"5087432660","endNodeId":"5087432661"},"geometry":{"type":"LineString","coordinates":[[103.8458368,1.4259195],[103.8458281,1.4261117]]}},{"type":"Feature","id":"way/522303808-0-6-0","properties":{"highway":"service","oneway":"yes","service":"parking_aisle","sidewalk:both":"yes","startNodeId":"5087432661","endNodeId":"5087432662"},"geometry":{"type":"LineString","coordinates":[[103.8458281,1.4261117],[103.8458244,1.4261405]]}},{"type":"Feature","id":"way/522303808-0-7-0","properties":{"highway":"service","oneway":"yes","service":"parking_aisle","sidewalk:both":"yes","startNodeId":"5087432662","endNodeId":"5087432663"},"geometry":{"type":"LineString","coordinates":[[103.8458244,1.4261405],[103.8458094,1.4261573]]}},{"type":"Feature","id":"way/522303808-0-8-0","properties":{"highway":"service","oneway":"yes","service":"parking_aisle","sidewalk:both":"yes","startNodeId":"5087432663","endNodeId":"5087432664"},"geometry":{"type":"LineString","coordinates":[[103.8458094,1.4261573],[103.8457899,1.426164]]}},{"type":"Feature","id":"way/522303808-0-9-0","properties":{"highway":"service","oneway":"yes","service":"parking_aisle","sidewalk:both":"yes","startNodeId":"5087432664","endNodeId":"5087432665"},"geometry":{"type":"LineString","coordinates":[[103.8457899,1.426164],[103.845695,1.4261626]]}},{"type":"Feature","id":"way/528519010-0-0-0","properties":{"highway":"tertiary","lanes":"3","lit":"yes","maxspeed":"50","name":"Yishun Avenue 11","oneway":"yes","source":"Yahoo aerial images","surface":"asphalt","startNodeId":"4602946996","endNodeId":"3066017130"},"geometry":{"type":"LineString","coordinates":[[103.844974,1.4242338],[103.8448879,1.4242977]]}},{"type":"Feature","id":"way/534598771-0-2-0","properties":{"highway":"service","lanes":"1","oneway":"yes","service":"parking_aisle","startNodeId":"7739953291","endNodeId":"5184154108"},"geometry":{"type":"LineString","coordinates":[[103.8458377,1.4232507],[103.8458557,1.4232725]]}},{"type":"Feature","id":"way/534598771-0-3-0","properties":{"highway":"service","lanes":"1","oneway":"yes","service":"parking_aisle","startNodeId":"5184154108","endNodeId":"5184154107"},"geometry":{"type":"LineString","coordinates":[[103.8458557,1.4232725],[103.8458858,1.4232864]]}},{"type":"Feature","id":"way/534598771-0-4-0","properties":{"highway":"service","lanes":"1","oneway":"yes","service":"parking_aisle","startNodeId":"5184154107","endNodeId":"5184154106"},"geometry":{"type":"LineString","coordinates":[[103.8458858,1.4232864],[103.845925,1.4232841]]}},{"type":"Feature","id":"way/534598771-0-5-0","properties":{"highway":"service","lanes":"1","oneway":"yes","service":"parking_aisle","startNodeId":"5184154106","endNodeId":"5184154105"},"geometry":{"type":"LineString","coordinates":[[103.845925,1.4232841],[103.8460321,1.4232571]]}},{"type":"Feature","id":"way/536626218-0-0-0","properties":{"highway":"secondary","lanes":"3","lit":"yes","maxspeed":"50","name":"Yishun Ring Road","oneway":"yes","surface":"asphalt","startNodeId":"4602947010","endNodeId":"4602946996"},"geometry":{"type":"LineString","coordinates":[[103.8450279,1.4242953],[103.844974,1.4242338]]}},{"type":"Feature","id":"way/541228566-0-0-0","properties":{"highway":"service","lanes":"2","lanes:backward":"1","lanes:forward":"1","service":"parking_aisle","startNodeId":"4602876418","endNodeId":"13022406076"},"geometry":{"type":"LineString","coordinates":[[103.8452479,1.4233124],[103.8451297,1.4234127]]}},{"type":"Feature","id":"way/541228566-0-1-0","properties":{"highway":"service","lanes":"2","lanes:backward":"1","lanes:forward":"1","service":"parking_aisle","startNodeId":"13022406076","endNodeId":"6782701588"},"geometry":{"type":"LineString","coordinates":[[103.8451297,1.4234127],[103.8449518,1.4235635]]}},{"type":"Feature","id":"way/541228566-0-2-0","properties":{"highway":"service","lanes":"2","lanes:backward":"1","lanes:forward":"1","service":"parking_aisle","startNodeId":"6782701588","endNodeId":"6782701587"},"geometry":{"type":"LineString","coordinates":[[103.8449518,1.4235635],[103.8449289,1.4235698]]}},{"type":"Feature","id":"way/541228566-0-3-0","properties":{"highway":"service","lanes":"2","lanes:backward":"1","lanes:forward":"1","service":"parking_aisle","startNodeId":"6782701587","endNodeId":"5233985581"},"geometry":{"type":"LineString","coordinates":[[103.8449289,1.4235698],[103.8449085,1.4235635]]}},{"type":"Feature","id":"way/541228566-0-4-0","properties":{"highway":"service","lanes":"2","lanes:backward":"1","lanes:forward":"1","service":"parking_aisle","startNodeId":"5233985581","endNodeId":"5233985582"},"geometry":{"type":"LineString","coordinates":[[103.8449085,1.4235635],[103.8447677,1.4233917]]}},{"type":"Feature","id":"way/541228566-0-5-0","properties":{"highway":"service","lanes":"2","lanes:backward":"1","lanes:forward":"1","service":"parking_aisle","startNodeId":"5233985582","endNodeId":"6782701585"},"geometry":{"type":"LineString","coordinates":[[103.8447677,1.4233917],[103.8447624,1.4233772]]}},{"type":"Feature","id":"way/541228566-0-6-0","properties":{"highway":"service","lanes":"2","lanes:backward":"1","lanes:forward":"1","service":"parking_aisle","startNodeId":"6782701585","endNodeId":"6782701586"},"geometry":{"type":"LineString","coordinates":[[103.8447624,1.4233772],[103.8447665,1.4233593]]}},{"type":"Feature","id":"way/541228566-0-7-0","properties":{"highway":"service","lanes":"2","lanes:backward":"1","lanes:forward":"1","service":"parking_aisle","startNodeId":"6782701586","endNodeId":"5233985583"},"geometry":{"type":"LineString","coordinates":[[103.8447665,1.4233593],[103.8448224,1.4233154]]}},{"type":"Feature","id":"way/543926908-0-0-0","properties":{"highway":"service","lanes":"1","oneway":"yes","sidewalk":"left","turn:lanes":"left;right","startNodeId":"5258013876","endNodeId":"7935119149"},"geometry":{"type":"LineString","coordinates":[[103.8425769,1.4267839],[103.8425218,1.4267143]]}},{"type":"Feature","id":"way/543926908-0-1-0","properties":{"highway":"service","lanes":"1","oneway":"yes","sidewalk":"left","turn:lanes":"left;right","startNodeId":"7935119149","endNodeId":"5258013875"},"geometry":{"type":"LineString","coordinates":[[103.8425218,1.4267143],[103.8424775,1.4266624]]}},{"type":"Feature","id":"way/543982616-0-0-0","properties":{"highway":"service","lanes":"2","lanes:backward":"1","lanes:forward":"1","service":"driveway","startNodeId":"244911999","endNodeId":"375751826"},"geometry":{"type":"LineString","coordinates":[[103.8429599,1.4261198],[103.8430015,1.4261617]]}},{"type":"Feature","id":"way/596712806-0-0-0","properties":{"highway":"service","lanes":"1","oneway":"yes","service":"parking_aisle","turn:lanes":"left;right","startNodeId":"4602854642","endNodeId":"4602854641"},"geometry":{"type":"LineString","coordinates":[[103.8433911,1.4267553],[103.8433894,1.4267694]]}},{"type":"Feature","id":"way/596712806-0-1-0","properties":{"highway":"service","lanes":"1","oneway":"yes","service":"parking_aisle","turn:lanes":"left;right","startNodeId":"4602854641","endNodeId":"4602854640"},"geometry":{"type":"LineString","coordinates":[[103.8433894,1.4267694],[103.8433869,1.4269048]]}},{"type":"Feature","id":"way/596712808-0-0-0","properties":{"highway":"tertiary_link","oneway":"yes","startNodeId":"3792517736","endNodeId":"13691939058"},"geometry":{"type":"LineString","coordinates":[[103.8441683,1.4249877],[103.8441612,1.4250385]]}},{"type":"Feature","id":"way/596712808-0-1-0","properties":{"highway":"tertiary_link","oneway":"yes","startNodeId":"13691939058","endNodeId":"5683722860"},"geometry":{"type":"LineString","coordinates":[[103.8441612,1.4250385],[103.8441771,1.4250675]]}},{"type":"Feature","id":"way/596712810-0-0-0","properties":{"highway":"secondary_link","maxspeed":"50","name":"Yishun Ring Road","startNodeId":"5683722862","endNodeId":"5683722861"},"geometry":{"type":"LineString","coordinates":[[103.8462289,1.4271933],[103.8462993,1.4271953]]}},{"type":"Feature","id":"way/618461809-0-0-0","properties":{"highway":"secondary","lanes":"2","maxspeed":"50","name":"Yishun Ring Road","oneway":"yes","surface":"asphalt","turn:lanes":"through|through;right","startNodeId":"1736995159","endNodeId":"13691929200"},"geometry":{"type":"LineString","coordinates":[[103.8461908,1.4257502],[103.8462531,1.4259093]]}},{"type":"Feature","id":"way/618461809-0-1-0","properties":{"highway":"secondary","lanes":"2","maxspeed":"50","name":"Yishun Ring Road","oneway":"yes","surface":"asphalt","turn:lanes":"through|through;right","startNodeId":"13691929200","endNodeId":"2375722531"},"geometry":{"type":"LineString","coordinates":[[103.8462531,1.4259093],[103.8462765,1.4259845]]}},{"type":"Feature","id":"way/618461810-0-0-0","properties":{"highway":"secondary","lanes":"2","maxspeed":"50","name":"Yishun Ring Road","oneway":"yes","surface":"asphalt","turn:lanes":"through|through","startNodeId":"6696413859","endNodeId":"8153410359"},"geometry":{"type":"LineString","coordinates":[[103.8453007,1.4247291],[103.8457613,1.4252219]]}},{"type":"Feature","id":"way/618461810-0-1-0","properties":{"highway":"secondary","lanes":"2","maxspeed":"50","name":"Yishun Ring Road","oneway":"yes","surface":"asphalt","turn:lanes":"through|through","startNodeId":"8153410359","endNodeId":"244907989"},"geometry":{"type":"LineString","coordinates":[[103.8457613,1.4252219],[103.8459776,1.4254446]]}},{"type":"Feature","id":"way/618461810-0-2-0","properties":{"highway":"secondary","lanes":"2","maxspeed":"50","name":"Yishun Ring Road","oneway":"yes","surface":"asphalt","turn:lanes":"through|through","startNodeId":"244907989","endNodeId":"244907998"},"geometry":{"type":"LineString","coordinates":[[103.8459776,1.4254446],[103.846106,1.4255976]]}},{"type":"Feature","id":"way/618461811-0-0-0","properties":{"highway":"secondary","lanes":"2","maxspeed":"40","name":"Yishun Ring Road","oneway":"yes","surface":"asphalt","turn:lanes":"left;through|through","startNodeId":"5845666827","endNodeId":"13691939002"},"geometry":{"type":"LineString","coordinates":[[103.8463355,1.4262808],[103.8463467,1.4260675]]}},{"type":"Feature","id":"way/618461811-0-1-0","properties":{"highway":"secondary","lanes":"2","maxspeed":"40","name":"Yishun Ring Road","oneway":"yes","surface":"asphalt","turn:lanes":"left;through|through","startNodeId":"13691939002","endNodeId":"4602947005"},"geometry":{"type":"LineString","coordinates":[[103.8463467,1.4260675],[103.846343,1.4259825]]}},{"type":"Feature","id":"way/618461812-0-0-0","properties":{"highway":"secondary","lanes":"2","maxspeed":"50","name":"Yishun Ring Road","oneway":"yes","surface":"asphalt","turn:lanes":"through|through","startNodeId":"4602947005","endNodeId":"4602947006"},"geometry":{"type":"LineString","coordinates":[[103.846343,1.4259825],[103.846328,1.4258977]]}},{"type":"Feature","id":"way/618461812-0-1-0","properties":{"highway":"secondary","lanes":"2","maxspeed":"50","name":"Yishun Ring Road","oneway":"yes","surface":"asphalt","turn:lanes":"through|through","startNodeId":"4602947006","endNodeId":"4602947007"},"geometry":{"type":"LineString","coordinates":[[103.846328,1.4258977],[103.8462765,1.4257692]]}},{"type":"Feature","id":"way/618461812-0-2-0","properties":{"highway":"secondary","lanes":"2","maxspeed":"50","name":"Yishun Ring Road","oneway":"yes","surface":"asphalt","turn:lanes":"through|through","startNodeId":"4602947007","endNodeId":"13691939001"},"geometry":{"type":"LineString","coordinates":[[103.8462765,1.4257692],[103.8462305,1.425664]]}},{"type":"Feature","id":"way/618461812-0-3-0","properties":{"highway":"secondary","lanes":"2","maxspeed":"50","name":"Yishun Ring Road","oneway":"yes","surface":"asphalt","turn:lanes":"through|through","startNodeId":"13691939001","endNodeId":"4602947008"},"geometry":{"type":"LineString","coordinates":[[103.8462305,1.425664],[103.8461667,1.4255616]]}},{"type":"Feature","id":"way/618461812-0-4-0","properties":{"highway":"secondary","lanes":"2","maxspeed":"50","name":"Yishun Ring Road","oneway":"yes","surface":"asphalt","turn:lanes":"through|through","startNodeId":"4602947008","endNodeId":"4602947009"},"geometry":{"type":"LineString","coordinates":[[103.8461667,1.4255616],[103.8460517,1.4254248]]}},{"type":"Feature","id":"way/618461812-0-5-0","properties":{"highway":"secondary","lanes":"2","maxspeed":"50","name":"Yishun Ring Road","oneway":"yes","surface":"asphalt","turn:lanes":"through|through","startNodeId":"4602947009","endNodeId":"6696413857"},"geometry":{"type":"LineString","coordinates":[[103.8460517,1.4254248],[103.8458157,1.4251712]]}},{"type":"Feature","id":"way/618472440-0-0-0","properties":{"highway":"secondary","lanes":"2","maxspeed":"40","name":"Yishun Ring Road","oneway":"yes","surface":"asphalt","turn:lanes":"left;through|through","startNodeId":"4715767892","endNodeId":"2375722510"},"geometry":{"type":"LineString","coordinates":[[103.8462196,1.4274699],[103.8462007,1.427602]]}},{"type":"Feature","id":"way/618472441-0-2-0","properties":{"highway":"secondary","lanes":"2","maxspeed":"40","name":"Yishun Ring Road","oneway":"yes","surface":"asphalt","turn:lanes":"left;through|through;right","startNodeId":"12883254049","endNodeId":"4602947003"},"geometry":{"type":"LineString","coordinates":[[103.8462924,1.4276741],[103.8462944,1.427608]]}},{"type":"Feature","id":"way/618472989-0-0-0","properties":{"highway":"secondary","lanes":"2","maxspeed":"40","name":"Yishun Ring Road","oneway":"yes","surface":"asphalt","turn:lanes":"left;through|through","startNodeId":"244908003","endNodeId":"2375722517"},"geometry":{"type":"LineString","coordinates":[[103.846269,1.4261743],[103.8462575,1.4264568]]}},{"type":"Feature","id":"way/618472990-0-0-0","properties":{"highway":"secondary","lanes":"2","maxspeed":"40","name":"Yishun Ring Road","oneway":"yes","surface":"asphalt","startNodeId":"2375722531","endNodeId":"13691929199"},"geometry":{"type":"LineString","coordinates":[[103.8462765,1.4259845],[103.8462794,1.4260221]]}},{"type":"Feature","id":"way/618472990-0-1-0","properties":{"highway":"secondary","lanes":"2","maxspeed":"40","name":"Yishun Ring Road","oneway":"yes","surface":"asphalt","startNodeId":"13691929199","endNodeId":"244908003"},"geometry":{"type":"LineString","coordinates":[[103.8462794,1.4260221],[103.846269,1.4261743]]}},{"type":"Feature","id":"way/618472991-0-0-0","properties":{"highway":"secondary","lanes":"2","maxspeed":"40","name":"Yishun Ring Road","oneway":"yes","surface":"asphalt","startNodeId":"4715646870","endNodeId":"5845666827"},"geometry":{"type":"LineString","coordinates":[[103.8463276,1.4264611],[103.8463355,1.4262808]]}},{"type":"Feature","id":"way/618472992-0-0-0","properties":{"highway":"secondary","lanes":"2","maxspeed":"40","name":"Yishun Ring Road","oneway":"yes","surface":"asphalt","turn:lanes":"through|through;right","startNodeId":"4602947004","endNodeId":"4715646870"},"geometry":{"type":"LineString","coordinates":[[103.8463179,1.4268218],[103.8463276,1.4264611]]}},{"type":"Feature","id":"way/635641320-0-0-0","properties":{"highway":"tertiary","lanes":"2","lit":"yes","maxspeed":"50","name":"Yishun Avenue 11","oneway":"yes","surface":"asphalt","startNodeId":"4602947010","endNodeId":"8099263749"},"geometry":{"type":"LineString","coordinates":[[103.8450279,1.4242953],[103.8450616,1.4242656]]}},{"type":"Feature","id":"way/635641320-0-1-0","properties":{"highway":"tertiary","lanes":"2","lit":"yes","maxspeed":"50","name":"Yishun Avenue 11","oneway":"yes","surface":"asphalt","startNodeId":"8099263749","endNodeId":"4715646874"},"geometry":{"type":"LineString","coordinates":[[103.8450616,1.4242656],[103.8451694,1.4241695]]}},{"type":"Feature","id":"way/635642340-0-0-0","properties":{"highway":"secondary","lanes":"2","lit":"yes","maxspeed":"50","name":"Yishun Ring Road","oneway":"yes","surface":"asphalt","startNodeId":"4602946996","endNodeId":"8099263758"},"geometry":{"type":"LineString","coordinates":[[103.844974,1.4242338],[103.8449274,1.4241847]]}},{"type":"Feature","id":"way/635642340-0-1-0","properties":{"highway":"secondary","lanes":"2","lit":"yes","maxspeed":"50","name":"Yishun Ring Road","oneway":"yes","surface":"asphalt","startNodeId":"8099263758","endNodeId":"4715655039"},"geometry":{"type":"LineString","coordinates":[[103.8449274,1.4241847],[103.8448199,1.4240664]]}},{"type":"Feature","id":"way/635667505-0-0-0","properties":{"highway":"tertiary","lanes":"2","lit":"yes","maxspeed":"50","name":"Yishun Avenue 11","oneway":"yes","surface":"asphalt","startNodeId":"3066017130","endNodeId":"8099263755"},"geometry":{"type":"LineString","coordinates":[[103.8448879,1.4242977],[103.8448577,1.4243202]]}},{"type":"Feature","id":"way/635667505-0-1-0","properties":{"highway":"tertiary","lanes":"2","lit":"yes","maxspeed":"50","name":"Yishun Avenue 11","oneway":"yes","surface":"asphalt","startNodeId":"8099263755","endNodeId":"4715777355"},"geometry":{"type":"LineString","coordinates":[[103.8448577,1.4243202],[103.8447372,1.4244351]]}},{"type":"Feature","id":"way/639058682-0-0-0","properties":{"highway":"service","lanes":"2","lanes:backward":"1","lanes:forward":"1","service":"driveway","sidewalk":"both","surface":"asphalt","turn:lanes:backward":"left;right","turn:lanes:forward":"through;right","startNodeId":"2375722517","endNodeId":"7935119133"},"geometry":{"type":"LineString","coordinates":[[103.8462575,1.4264568],[103.8461747,1.4264548]]}},{"type":"Feature","id":"way/639058682-0-1-0","properties":{"highway":"service","lanes":"2","lanes:backward":"1","lanes:forward":"1","service":"driveway","sidewalk":"both","surface":"asphalt","turn:lanes:backward":"left;right","turn:lanes:forward":"through;right","startNodeId":"7935119133","endNodeId":"13691939044"},"geometry":{"type":"LineString","coordinates":[[103.8461747,1.4264548],[103.8461176,1.426452]]}},{"type":"Feature","id":"way/639058682-0-2-0","properties":{"highway":"service","lanes":"2","lanes:backward":"1","lanes:forward":"1","service":"driveway","sidewalk":"both","surface":"asphalt","turn:lanes:backward":"left;right","turn:lanes:forward":"through;right","startNodeId":"13691939044","endNodeId":"13691929198"},"geometry":{"type":"LineString","coordinates":[[103.8461176,1.426452],[103.8459214,1.4264443]]}},{"type":"Feature","id":"way/639058682-0-3-0","properties":{"highway":"service","lanes":"2","lanes:backward":"1","lanes:forward":"1","service":"driveway","sidewalk":"both","surface":"asphalt","turn:lanes:backward":"left;right","turn:lanes:forward":"through;right","startNodeId":"13691929198","endNodeId":"2375722518"},"geometry":{"type":"LineString","coordinates":[[103.8459214,1.4264443],[103.845827,1.4264584]]}},{"type":"Feature","id":"way/639060599-0-0-0","properties":{"highway":"secondary","lanes":"2","maxspeed":"40","name":"Yishun Ring Road","oneway":"yes","surface":"asphalt","turn:lanes":"through|through","startNodeId":"4602947003","endNodeId":"4715767893"},"geometry":{"type":"LineString","coordinates":[[103.8462944,1.427608],[103.8462889,1.4274728]]}},{"type":"Feature","id":"way/639060601-0-0-0","properties":{"highway":"service","lanes":"2","lanes:backward":"1","lanes:forward":"1","service":"parking_aisle","sidewalk":"both","surface":"asphalt","turn:lanes:backward":"left;right","startNodeId":"2375722510","endNodeId":"7935119131"},"geometry":{"type":"LineString","coordinates":[[103.8462007,1.427602],[103.8461472,1.4275984]]}},{"type":"Feature","id":"way/639060601-0-1-0","properties":{"highway":"service","lanes":"2","lanes:backward":"1","lanes:forward":"1","service":"parking_aisle","sidewalk":"both","surface":"asphalt","turn:lanes:backward":"left;right","startNodeId":"7935119131","endNodeId":"6786068631"},"geometry":{"type":"LineString","coordinates":[[103.8461472,1.4275984],[103.8459135,1.4275827]]}},{"type":"Feature","id":"way/639550180-0-0-0","properties":{"highway":"secondary","lanes":"2","maxspeed":"40","name":"Yishun Ring Road","oneway":"yes","surface":"asphalt","startNodeId":"5683722862","endNodeId":"4715767892"},"geometry":{"type":"LineString","coordinates":[[103.8462289,1.4271933],[103.8462196,1.4274699]]}},{"type":"Feature","id":"way/639550181-0-0-0","properties":{"highway":"secondary","lanes":"2","maxspeed":"40","name":"Yishun Ring Road","oneway":"yes","surface":"asphalt","startNodeId":"5683722861","endNodeId":"4602947004"},"geometry":{"type":"LineString","coordinates":[[103.8462993,1.4271953],[103.8463179,1.4268218]]}},{"type":"Feature","id":"way/640177130-0-0-0","properties":{"highway":"tertiary","lanes":"2","maxspeed":"50","name":"Yishun Avenue 11","oneway":"yes","surface":"asphalt","turn:lanes":"through|through;right","startNodeId":"6696381043","endNodeId":"3792517736"},"geometry":{"type":"LineString","coordinates":[[103.8444446,1.4247185],[103.8441683,1.4249877]]}},{"type":"Feature","id":"way/640177131-0-0-0","properties":{"highway":"tertiary","lanes":"2","maxspeed":"40","name":"Yishun Avenue 11","oneway":"yes","surface":"asphalt","startNodeId":"375751826","endNodeId":"6696381042"},"geometry":{"type":"LineString","coordinates":[[103.8430015,1.4261617],[103.8439348,1.4252969]]}},{"type":"Feature","id":"way/640177132-0-0-0","properties":{"highway":"tertiary","lanes":"2","maxspeed":"40","name":"Yishun Avenue 11","oneway":"yes","surface":"asphalt","turn:lanes":"left;through|through","startNodeId":"5258013875","endNodeId":"7761204482"},"geometry":{"type":"LineString","coordinates":[[103.8424775,1.4266624],[103.842867,1.4262895]]}},{"type":"Feature","id":"way/640177133-0-0-0","properties":{"highway":"service","lanes":"2","lanes:backward":"1","lanes:forward":"1","service":"driveway","sidewalk":"both","startNodeId":"375751826","endNodeId":"7935119150"},"geometry":{"type":"LineString","coordinates":[[103.8430015,1.4261617],[103.8430536,1.4262143]]}},{"type":"Feature","id":"way/640177133-0-1-0","properties":{"highway":"service","lanes":"2","lanes:backward":"1","lanes:forward":"1","service":"driveway","sidewalk":"both","startNodeId":"7935119150","endNodeId":"13691929117"},"geometry":{"type":"LineString","coordinates":[[103.8430536,1.4262143],[103.8431529,1.4263143]]}},{"type":"Feature","id":"way/640177133-0-2-0","properties":{"highway":"service","lanes":"2","lanes:backward":"1","lanes:forward":"1","service":"driveway","sidewalk":"both","startNodeId":"13691929117","endNodeId":"4602854649"},"geometry":{"type":"LineString","coordinates":[[103.8431529,1.4263143],[103.8431714,1.426379]]}},{"type":"Feature","id":"way/640279127-0-0-0","properties":{"highway":"service","lanes":"2","lanes:backward":"1","lanes:forward":"1","service":"parking_aisle","surface":"asphalt","startNodeId":"4715829149","endNodeId":"375749635"},"geometry":{"type":"LineString","coordinates":[[103.8454919,1.4237297],[103.8455443,1.4237858]]}},{"type":"Feature","id":"way/640279128-0-0-0","properties":{"highway":"tertiary","lanes":"2","maxspeed":"50","name":"Yishun Avenue 11","oneway":"yes","source":"Yahoo aerial images","surface":"asphalt","turn:lanes":"through|through;right","startNodeId":"4715829147","endNodeId":"4715829148"},"geometry":{"type":"LineString","coordinates":[[103.8458651,1.423456],[103.845736,1.4235257]]}},{"type":"Feature","id":"way/640279128-0-1-0","properties":{"highway":"tertiary","lanes":"2","maxspeed":"50","name":"Yishun Avenue 11","oneway":"yes","source":"Yahoo aerial images","surface":"asphalt","turn:lanes":"through|through;right","startNodeId":"4715829148","endNodeId":"4715829149"},"geometry":{"type":"LineString","coordinates":[[103.845736,1.4235257],[103.8454919,1.4237297]]}},{"type":"Feature","id":"way/640279129-0-0-0","properties":{"highway":"tertiary","lanes":"2","maxspeed":"50","name":"Yishun Avenue 11","oneway":"yes","surface":"asphalt","turn:lanes":"left;through|through","startNodeId":"4715646874","endNodeId":"375749635"},"geometry":{"type":"LineString","coordinates":[[103.8451694,1.4241695],[103.8455443,1.4237858]]}},{"type":"Feature","id":"way/640279130-0-0-0","properties":{"highway":"tertiary","lanes":"2","maxspeed":"50","name":"Yishun Avenue 11","oneway":"yes","surface":"asphalt","turn:lanes":"through|through;right","startNodeId":"375749635","endNodeId":"375749633"},"geometry":{"type":"LineString","coordinates":[[103.8455443,1.4237858],[103.8457654,1.4235965]]}},{"type":"Feature","id":"way/640279130-0-1-0","properties":{"highway":"tertiary","lanes":"2","maxspeed":"50","name":"Yishun Avenue 11","oneway":"yes","surface":"asphalt","turn:lanes":"through|through;right","startNodeId":"375749633","endNodeId":"1736995154"},"geometry":{"type":"LineString","coordinates":[[103.8457654,1.4235965],[103.8458986,1.4235231]]}},{"type":"Feature","id":"way/641053546-0-0-0","properties":{"highway":"service","lanes":"2","lanes:backward":"1","lanes:forward":"1","service":"parking_aisle","surface":"asphalt","turn:lanes:backward":"left;right","startNodeId":"4715829147","endNodeId":"8036603841"},"geometry":{"type":"LineString","coordinates":[[103.8458651,1.423456],[103.8458293,1.4234111]]}},{"type":"Feature","id":"way/641053546-0-1-0","properties":{"highway":"service","lanes":"2","lanes:backward":"1","lanes:forward":"1","service":"parking_aisle","surface":"asphalt","turn:lanes:backward":"left;right","startNodeId":"8036603841","endNodeId":"4602876428"},"geometry":{"type":"LineString","coordinates":[[103.8458293,1.4234111],[103.8456276,1.4231581]]}},{"type":"Feature","id":"way/641063903-0-0-0","properties":{"highway":"service","lanes":"2","lanes:backward":"1","lanes:forward":"1","service":"parking_aisle","sidewalk:right":"yes","surface":"asphalt","startNodeId":"2375722531","endNodeId":"4602947005"},"geometry":{"type":"LineString","coordinates":[[103.8462765,1.4259845],[103.846343,1.4259825]]}},{"type":"Feature","id":"way/641112642-0-0-0","properties":{"highway":"service","lanes":"2","lanes:backward":"1","lanes:forward":"1","service":"parking_aisle","sidewalk:right":"yes","surface":"asphalt","startNodeId":"4602947005","endNodeId":"7979653193"},"geometry":{"type":"LineString","coordinates":[[103.846343,1.4259825],[103.8463978,1.4259829]]}},{"type":"Feature","id":"way/641112642-0-1-0","properties":{"highway":"service","lanes":"2","lanes:backward":"1","lanes:forward":"1","service":"parking_aisle","sidewalk:right":"yes","surface":"asphalt","startNodeId":"7979653193","endNodeId":"13180248052"},"geometry":{"type":"LineString","coordinates":[[103.8463978,1.4259829],[103.8465734,1.4259792]]}},{"type":"Feature","id":"way/644381145-0-0-0","properties":{"highway":"service","service":"parking_aisle","sidewalk:both":"yes","surface":"asphalt","startNodeId":"2375722520","endNodeId":"4486807830"},"geometry":{"type":"LineString","coordinates":[[103.8456843,1.4264559],[103.8456895,1.426333]]}},{"type":"Feature","id":"way/644881246-0-0-0","properties":{"highway":"service","service":"parking_aisle","sidewalk:both":"yes","surface":"asphalt","startNodeId":"4486807830","endNodeId":"13691939017"},"geometry":{"type":"LineString","coordinates":[[103.8456895,1.426333],[103.8456931,1.4262212]]}},{"type":"Feature","id":"way/644881246-0-1-0","properties":{"highway":"service","service":"parking_aisle","sidewalk:both":"yes","surface":"asphalt","startNodeId":"13691939017","endNodeId":"5087432665"},"geometry":{"type":"LineString","coordinates":[[103.8456931,1.4262212],[103.845695,1.4261626]]}},{"type":"Feature","id":"way/644881247-0-0-0","properties":{"highway":"service","lanes":"2","lanes:backward":"1","lanes:forward":"1","startNodeId":"4602854651","endNodeId":"5087416357"},"geometry":{"type":"LineString","coordinates":[[103.8430443,1.4270652],[103.8430512,1.4269627]]}},{"type":"Feature","id":"way/645129023-0-0-0","properties":{"highway":"service","service":"parking_aisle","sidewalk:both":"yes","surface":"asphalt","startNodeId":"4602854606","endNodeId":"13691939024"},"geometry":{"type":"LineString","coordinates":[[103.8457009,1.4259806],[103.8457073,1.4257825]]}},{"type":"Feature","id":"way/645129023-0-1-0","properties":{"highway":"service","service":"parking_aisle","sidewalk:both":"yes","surface":"asphalt","startNodeId":"13691939024","endNodeId":"4602854612"},"geometry":{"type":"LineString","coordinates":[[103.8457073,1.4257825],[103.8457082,1.4257531]]}},{"type":"Feature","id":"way/645129024-0-0-0","properties":{"highway":"service","service":"parking_aisle","sidewalk:both":"yes","surface":"asphalt","startNodeId":"5087432665","endNodeId":"4602854606"},"geometry":{"type":"LineString","coordinates":[[103.845695,1.4261626],[103.8457009,1.4259806]]}},{"type":"Feature","id":"way/645274844-0-0-0","properties":{"highway":"service","lanes":"2","lanes:backward":"1","lanes:forward":"1","service":"parking_aisle","turn:lanes:backward":"through","turn:lanes:forward":"through","startNodeId":"4602854648","endNodeId":"4602854650"},"geometry":{"type":"LineString","coordinates":[[103.8431557,1.4269049],[103.8431511,1.4270596]]}},{"type":"Feature","id":"way/645274845-0-0-0","properties":{"highway":"service","lanes":"2","lanes:backward":"1","lanes:forward":"1","service":"parking_aisle","startNodeId":"4602854649","endNodeId":"4602854639"},"geometry":{"type":"LineString","coordinates":[[103.8431714,1.426379],[103.843167,1.4265259]]}},{"type":"Feature","id":"way/645275073-0-0-0","properties":{"highway":"service","lanes":"2","lanes:backward":"1","lanes:forward":"1","service":"parking_aisle","startNodeId":"4602854639","endNodeId":"4602854648"},"geometry":{"type":"LineString","coordinates":[[103.843167,1.4265259],[103.8431557,1.4269049]]}},{"type":"Feature","id":"way/645276395-0-0-0","properties":{"highway":"service","service":"parking_aisle","sidewalk:right":"yes","surface":"asphalt","startNodeId":"4602854634","endNodeId":"4486807829"},"geometry":{"type":"LineString","coordinates":[[103.8453791,1.4263223],[103.8447866,1.4262995]]}},{"type":"Feature","id":"way/645277605-0-0-0","properties":{"highway":"service","service":"parking_aisle","sidewalk:both":"yes","surface":"asphalt","startNodeId":"4602854612","endNodeId":"2375722524"},"geometry":{"type":"LineString","coordinates":[[103.8457082,1.4257531],[103.8455743,1.4256124]]}},{"type":"Feature","id":"way/651970742-0-0-0","properties":{"highway":"secondary","lanes":"2","maxspeed":"40","name":"Yishun Ring Road","oneway":"yes","surface":"asphalt","turn:lanes":"left;through|through;right","startNodeId":"6113055162","endNodeId":"5683722862"},"geometry":{"type":"LineString","coordinates":[[103.8462451,1.4268213],[103.8462289,1.4271933]]}},{"type":"Feature","id":"way/652540455-0-1-0","properties":{"highway":"tertiary","lanes":"2","maxspeed":"50","name":"Yishun Avenue 11","oneway":"yes","source":"Yahoo aerial images","surface":"asphalt","startNodeId":"7760057083","endNodeId":"4715829144"},"geometry":{"type":"LineString","coordinates":[[103.8466338,1.4233998],[103.8463098,1.4233891]]}},{"type":"Feature","id":"way/652542331-0-0-0","properties":{"highway":"secondary","lanes":"2","maxspeed":"50","name":"Yishun Ring Road","oneway":"yes","surface":"asphalt","turn:lanes":"through|through","startNodeId":"4715655039","endNodeId":"4602947011"},"geometry":{"type":"LineString","coordinates":[[103.8448199,1.4240664],[103.8443301,1.4235527]]}},{"type":"Feature","id":"way/652542331-0-1-0","properties":{"highway":"secondary","lanes":"2","maxspeed":"50","name":"Yishun Ring Road","oneway":"yes","surface":"asphalt","turn:lanes":"through|through","startNodeId":"4602947011","endNodeId":"4602947012"},"geometry":{"type":"LineString","coordinates":[[103.8443301,1.4235527],[103.8441033,1.4232747]]}},{"type":"Feature","id":"way/655638206-0-0-0","properties":{"highway":"tertiary","lanes":"2","maxspeed":"40","name":"Yishun Avenue 11","oneway":"yes","surface":"asphalt","startNodeId":"4602854654","endNodeId":"5258013875"},"geometry":{"type":"LineString","coordinates":[[103.842394,1.4267365],[103.8424775,1.4266624]]}},{"type":"Feature","id":"way/655638207-0-0-0","properties":{"highway":"tertiary","lanes":"2","maxspeed":"40","name":"Yishun Avenue 11","oneway":"yes","sidewalk":"left","surface":"asphalt","turn:lanes":"left;through|through","startNodeId":"1736995173","endNodeId":"375752182"},"geometry":{"type":"LineString","coordinates":[[103.8422242,1.4268667],[103.8423334,1.4267827]]}},{"type":"Feature","id":"way/655638207-0-1-0","properties":{"highway":"tertiary","lanes":"2","maxspeed":"40","name":"Yishun Avenue 11","oneway":"yes","sidewalk":"left","surface":"asphalt","turn:lanes":"left;through|through","startNodeId":"375752182","endNodeId":"4602854654"},"geometry":{"type":"LineString","coordinates":[[103.8423334,1.4267827],[103.842394,1.4267365]]}},{"type":"Feature","id":"way/655680840-0-0-0","properties":{"highway":"tertiary","lanes":"2","maxspeed":"40","name":"Yishun Avenue 11","oneway":"yes","surface":"asphalt","startNodeId":"7761204482","endNodeId":"375751826"},"geometry":{"type":"LineString","coordinates":[[103.842867,1.4262895],[103.8430015,1.4261617]]}},{"type":"Feature","id":"way/689335442-0-0-0","properties":{"highway":"service","oneway":"no","service":"parking_aisle","sidewalk:right":"yes","startNodeId":"4602854637","endNodeId":"4602854635"},"geometry":{"type":"LineString","coordinates":[[103.8453669,1.4266219],[103.8453362,1.427458]]}},{"type":"Feature","id":"way/691896195-0-0-0","properties":{"highway":"service","lanes":"1","oneway":"yes","service":"parking_aisle","sidewalk:left":"yes","surface":"asphalt","turn:lanes":"right","startNodeId":"4602854622","endNodeId":"4602854621"},"geometry":{"type":"LineString","coordinates":[[103.8456805,1.4266146],[103.8455647,1.4266132]]}},{"type":"Feature","id":"way/691896195-0-1-0","properties":{"highway":"service","lanes":"1","oneway":"yes","service":"parking_aisle","sidewalk:left":"yes","surface":"asphalt","turn:lanes":"right","startNodeId":"4602854621","endNodeId":"4602854620"},"geometry":{"type":"LineString","coordinates":[[103.8455647,1.4266132],[103.8455433,1.4266313]]}},{"type":"Feature","id":"way/712195441-0-0-0","properties":{"highway":"tertiary","lanes":"2","maxspeed":"50","name":"Yishun Avenue 11","oneway":"yes","surface":"asphalt","turn:lanes":"left;through|through","startNodeId":"6696381042","endNodeId":"5683722860"},"geometry":{"type":"LineString","coordinates":[[103.8439348,1.4252969],[103.8441771,1.4250675]]}},{"type":"Feature","id":"way/712195442-0-0-0","properties":{"highway":"tertiary","lanes":"2","maxspeed":"50","name":"Yishun Avenue 11","oneway":"yes","surface":"asphalt","startNodeId":"5683722860","endNodeId":"13691939063"},"geometry":{"type":"LineString","coordinates":[[103.8441771,1.4250675],[103.8442815,1.4249751]]}},{"type":"Feature","id":"way/712195442-0-1-0","properties":{"highway":"tertiary","lanes":"2","maxspeed":"50","name":"Yishun Avenue 11","oneway":"yes","surface":"asphalt","startNodeId":"13691939063","endNodeId":"4715777349"},"geometry":{"type":"LineString","coordinates":[[103.8442815,1.4249751],[103.8444626,1.4248072]]}},{"type":"Feature","id":"way/712195443-0-0-0","properties":{"highway":"tertiary","lanes":"2","maxspeed":"50","name":"Yishun Avenue 11","oneway":"yes","surface":"asphalt","startNodeId":"4715777355","endNodeId":"7130270245"},"geometry":{"type":"LineString","coordinates":[[103.8447372,1.4244351],[103.8446436,1.4245266]]}},{"type":"Feature","id":"way/712195444-0-0-0","properties":{"highway":"tertiary","lanes":"2","maxspeed":"50","name":"Yishun Avenue 11","oneway":"yes","surface":"asphalt","turn:lanes":"through|through;right","startNodeId":"3792517736","endNodeId":"5568576052"},"geometry":{"type":"LineString","coordinates":[[103.8441683,1.4249877],[103.8438686,1.4252434]]}},{"type":"Feature","id":"way/712195445-0-0-0","properties":{"highway":"service","lanes":"2","lanes:backward":"1","lanes:forward":"1","oneway":"yes","turn:lanes:backward":"left","turn:lanes:forward":"through;right","startNodeId":"13691939059","endNodeId":"13691939060"},"geometry":{"type":"LineString","coordinates":[[103.8443063,1.4251625],[103.8442609,1.4251001]]}},{"type":"Feature","id":"way/712195445-0-1-0","properties":{"highway":"service","lanes":"2","lanes:backward":"1","lanes:forward":"1","oneway":"yes","turn:lanes:backward":"left","turn:lanes:forward":"through;right","startNodeId":"13691939060","endNodeId":"13691939061"},"geometry":{"type":"LineString","coordinates":[[103.8442609,1.4251001],[103.8442543,1.4250715]]}},{"type":"Feature","id":"way/712195445-0-2-0","properties":{"highway":"service","lanes":"2","lanes:backward":"1","lanes:forward":"1","oneway":"yes","turn:lanes:backward":"left","turn:lanes:forward":"through;right","startNodeId":"13691939061","endNodeId":"13691939062"},"geometry":{"type":"LineString","coordinates":[[103.8442543,1.4250715],[103.8442537,1.4250281]]}},{"type":"Feature","id":"way/712195445-0-3-0","properties":{"highway":"service","lanes":"2","lanes:backward":"1","lanes:forward":"1","oneway":"yes","turn:lanes:backward":"left","turn:lanes:forward":"through;right","startNodeId":"13691939062","endNodeId":"13691939063"},"geometry":{"type":"LineString","coordinates":[[103.8442537,1.4250281],[103.8442815,1.4249751]]}},{"type":"Feature","id":"way/712199916-0-0-0","properties":{"highway":"secondary","lanes":"2","maxspeed":"50","name":"Yishun Ring Road","oneway":"yes","surface":"asphalt","turn:lanes":"through|through","startNodeId":"6696413857","endNodeId":"4715646875"},"geometry":{"type":"LineString","coordinates":[[103.8458157,1.4251712],[103.8454139,1.4247248]]}},{"type":"Feature","id":"way/712199919-0-0-0","properties":{"highway":"secondary","lanes":"2","maxspeed":"50","name":"Yishun Ring Road","oneway":"yes","surface":"asphalt","turn:lanes":"through|through;right","startNodeId":"244907998","endNodeId":"1736995159"},"geometry":{"type":"LineString","coordinates":[[103.846106,1.4255976],[103.8461908,1.4257502]]}},{"type":"Feature","id":"way/712199920-0-0-0","properties":{"highway":"secondary","lanes":"2","lit":"yes","maxspeed":"50","name":"Yishun Ring Road","oneway":"yes","surface":"asphalt","startNodeId":"375749451","endNodeId":"8099263752"},"geometry":{"type":"LineString","coordinates":[[103.8449488,1.4243638],[103.8449891,1.4244071]]}},{"type":"Feature","id":"way/712199920-0-1-0","properties":{"highway":"secondary","lanes":"2","lit":"yes","maxspeed":"50","name":"Yishun Ring Road","oneway":"yes","surface":"asphalt","startNodeId":"8099263752","endNodeId":"4715777348"},"geometry":{"type":"LineString","coordinates":[[103.8449891,1.4244071],[103.845113,1.4245257]]}},{"type":"Feature","id":"way/723397389-0-0-0","properties":{"highway":"service","lanes":"3","lanes:backward":"2","lanes:forward":"1","service":"parking_aisle","surface":"asphalt","turn:lanes:backward":"left|right","turn:lanes:forward":"left;right","startNodeId":"375749635","endNodeId":"7935119108"},"geometry":{"type":"LineString","coordinates":[[103.8455443,1.4237858],[103.8456009,1.4238534]]}},{"type":"Feature","id":"way/723397389-0-1-0","properties":{"highway":"service","lanes":"3","lanes:backward":"2","lanes:forward":"1","service":"parking_aisle","surface":"asphalt","turn:lanes:backward":"left|right","turn:lanes:forward":"left;right","startNodeId":"7935119108","endNodeId":"4602854556"},"geometry":{"type":"LineString","coordinates":[[103.8456009,1.4238534],[103.8458509,1.4241412]]}},{"type":"Feature","id":"way/723524280-0-0-0","properties":{"highway":"service","lanes":"2","lanes:backward":"1","lanes:forward":"1","sidewalk":"right","turn:lanes:backward":"through","turn:lanes:forward":"through","startNodeId":"4602854653","endNodeId":"4602854605"},"geometry":{"type":"LineString","coordinates":[[103.8424958,1.4268513],[103.8423711,1.4269345]]}},{"type":"Feature","id":"way/723524280-0-1-0","properties":{"highway":"service","lanes":"2","lanes:backward":"1","lanes:forward":"1","sidewalk":"right","turn:lanes:backward":"through","turn:lanes:forward":"through","startNodeId":"4602854605","endNodeId":"5258013874"},"geometry":{"type":"LineString","coordinates":[[103.8423711,1.4269345],[103.8422236,1.427025]]}},{"type":"Feature","id":"way/723524280-0-2-0","properties":{"highway":"service","lanes":"2","lanes:backward":"1","lanes:forward":"1","sidewalk":"right","turn:lanes:backward":"through","turn:lanes:forward":"through","startNodeId":"5258013874","endNodeId":"4602854604"},"geometry":{"type":"LineString","coordinates":[[103.8422236,1.427025],[103.8420305,1.4271081]]}},{"type":"Feature","id":"way/723524285-0-0-0","properties":{"highway":"service","lanes":"2","lanes:backward":"1","lanes:forward":"1","turn:lanes:backward":"left;through","startNodeId":"6786068628","endNodeId":"6786068629"},"geometry":{"type":"LineString","coordinates":[[103.8430296,1.4276236],[103.8430423,1.4273414]]}},{"type":"Feature","id":"way/723524286-0-0-0","properties":{"highway":"service","lanes":"2","lanes:backward":"1","lanes:forward":"1","sidewalk":"right","turn:lanes:backward":"through","turn:lanes:forward":"through","startNodeId":"6786068629","endNodeId":"4602854651"},"geometry":{"type":"LineString","coordinates":[[103.8430423,1.4273414],[103.8430443,1.4270652]]}},{"type":"Feature","id":"way/723524287-0-0-0","properties":{"highway":"service","lanes":"1","oneway":"yes","service":"driveway","sidewalk:right":"yes","turn:lanes":"through","startNodeId":"4602854633","endNodeId":"13691929174"},"geometry":{"type":"LineString","coordinates":[[103.8436515,1.4265455],[103.8437224,1.4265569]]}},{"type":"Feature","id":"way/723524287-0-1-0","properties":{"highway":"service","lanes":"1","oneway":"yes","service":"driveway","sidewalk:right":"yes","turn:lanes":"through","startNodeId":"13691929174","endNodeId":"7400259339"},"geometry":{"type":"LineString","coordinates":[[103.8437224,1.4265569],[103.8442092,1.4265781]]}},{"type":"Feature","id":"way/723524288-0-0-0","properties":{"highway":"service","oneway":"yes","service":"driveway","sidewalk:left":"yes","surface":"asphalt","startNodeId":"4602854619","endNodeId":"4602854618"},"geometry":{"type":"LineString","coordinates":[[103.8455199,1.4270736],[103.8455338,1.4270892]]}},{"type":"Feature","id":"way/723524288-0-1-0","properties":{"highway":"service","oneway":"yes","service":"driveway","sidewalk:left":"yes","surface":"asphalt","startNodeId":"4602854618","endNodeId":"4602854617"},"geometry":{"type":"LineString","coordinates":[[103.8455338,1.4270892],[103.8455548,1.4271024]]}},{"type":"Feature","id":"way/723524288-0-2-0","properties":{"highway":"service","oneway":"yes","service":"driveway","sidewalk:left":"yes","surface":"asphalt","startNodeId":"4602854617","endNodeId":"13691929195"},"geometry":{"type":"LineString","coordinates":[[103.8455548,1.4271024],[103.8456265,1.4271047]]}},{"type":"Feature","id":"way/723524288-0-3-0","properties":{"highway":"service","oneway":"yes","service":"driveway","sidewalk:left":"yes","surface":"asphalt","startNodeId":"13691929195","endNodeId":"13691929196"},"geometry":{"type":"LineString","coordinates":[[103.8456265,1.4271047],[103.8456565,1.427089]]}},{"type":"Feature","id":"way/723524288-0-4-0","properties":{"highway":"service","oneway":"yes","service":"driveway","sidewalk:left":"yes","surface":"asphalt","startNodeId":"13691929196","endNodeId":"13691929197"},"geometry":{"type":"LineString","coordinates":[[103.8456565,1.427089],[103.8456836,1.4270612]]}},{"type":"Feature","id":"way/723524288-0-5-0","properties":{"highway":"service","oneway":"yes","service":"driveway","sidewalk:left":"yes","surface":"asphalt","startNodeId":"13691929197","endNodeId":"4602854615"},"geometry":{"type":"LineString","coordinates":[[103.8456836,1.4270612],[103.8456964,1.427019]]}},{"type":"Feature","id":"way/723524289-0-0-0","properties":{"highway":"service","lanes":"1","oneway":"yes","service":"parking_aisle","sidewalk:left":"yes","surface":"asphalt","turn:lanes":"through","startNodeId":"4602854620","endNodeId":"6494309383"},"geometry":{"type":"LineString","coordinates":[[103.8455433,1.4266313],[103.8455338,1.4266524]]}},{"type":"Feature","id":"way/723524289-0-1-0","properties":{"highway":"service","lanes":"1","oneway":"yes","service":"parking_aisle","sidewalk:left":"yes","surface":"asphalt","turn:lanes":"through","startNodeId":"6494309383","endNodeId":"4602854619"},"geometry":{"type":"LineString","coordinates":[[103.8455338,1.4266524],[103.8455199,1.4270736]]}},{"type":"Feature","id":"way/723524290-0-0-0","properties":{"highway":"service","lanes":"2","lanes:backward":"1","lanes:forward":"1","service":"parking_aisle","surface":"asphalt","startNodeId":"6786068631","endNodeId":"2375722511"},"geometry":{"type":"LineString","coordinates":[[103.8459135,1.4275827],[103.845326,1.4275552]]}},{"type":"Feature","id":"way/740636342-0-0-0","properties":{"highway":"tertiary","lanes":"2","maxspeed":"40","name":"Yishun Avenue 11","oneway":"yes","sidewalk":"left","surface":"asphalt","startNodeId":"1736995177","endNodeId":"1736995173"},"geometry":{"type":"LineString","coordinates":[[103.8420931,1.426932],[103.8422242,1.4268667]]}},{"type":"Feature","id":"way/740636343-0-0-0","properties":{"highway":"tertiary","lanes":"2","maxspeed":"40","name":"Yishun Avenue 11","oneway":"yes","surface":"asphalt","startNodeId":"5568576052","endNodeId":"7712945070"},"geometry":{"type":"LineString","coordinates":[[103.8438686,1.4252434],[103.8431865,1.4259028]]}},{"type":"Feature","id":"way/745647560-0-0-0","properties":{"highway":"service","lanes":"2","lanes:backward":"1","lanes:forward":"1","service":"parking_aisle","sidewalk":"left","surface":"asphalt","startNodeId":"4602854556","endNodeId":"4602854554"},"geometry":{"type":"LineString","coordinates":[[103.8458509,1.4241412],[103.8459303,1.4240693]]}},{"type":"Feature","id":"way/745647560-0-1-0","properties":{"highway":"service","lanes":"2","lanes:backward":"1","lanes:forward":"1","service":"parking_aisle","sidewalk":"left","surface":"asphalt","startNodeId":"4602854554","endNodeId":"4602854553"},"geometry":{"type":"LineString","coordinates":[[103.8459303,1.4240693],[103.8461166,1.4238919]]}},{"type":"Feature","id":"way/745647560-0-2-0","properties":{"highway":"service","lanes":"2","lanes:backward":"1","lanes:forward":"1","service":"parking_aisle","sidewalk":"left","surface":"asphalt","startNodeId":"4602854553","endNodeId":"4602854552"},"geometry":{"type":"LineString","coordinates":[[103.8461166,1.4238919],[103.8461832,1.4238608]]}},{"type":"Feature","id":"way/745647560-0-3-0","properties":{"highway":"service","lanes":"2","lanes:backward":"1","lanes:forward":"1","service":"parking_aisle","sidewalk":"left","surface":"asphalt","startNodeId":"4602854552","endNodeId":"4602854551"},"geometry":{"type":"LineString","coordinates":[[103.8461832,1.4238608],[103.8463296,1.4238542]]}},{"type":"Feature","id":"way/745647560-0-4-0","properties":{"highway":"service","lanes":"2","lanes:backward":"1","lanes:forward":"1","service":"parking_aisle","sidewalk":"left","surface":"asphalt","startNodeId":"4602854551","endNodeId":"4602854550"},"geometry":{"type":"LineString","coordinates":[[103.8463296,1.4238542],[103.8463815,1.4239013]]}},{"type":"Feature","id":"way/745647560-0-5-0","properties":{"highway":"service","lanes":"2","lanes:backward":"1","lanes:forward":"1","service":"parking_aisle","sidewalk":"left","surface":"asphalt","startNodeId":"4602854550","endNodeId":"4602854549"},"geometry":{"type":"LineString","coordinates":[[103.8463815,1.4239013],[103.8464183,1.4239518]]}},{"type":"Feature","id":"way/745647560-0-6-0","properties":{"highway":"service","lanes":"2","lanes:backward":"1","lanes:forward":"1","service":"parking_aisle","sidewalk":"left","surface":"asphalt","startNodeId":"4602854549","endNodeId":"4602854548"},"geometry":{"type":"LineString","coordinates":[[103.8464183,1.4239518],[103.8464095,1.4241137]]}},{"type":"Feature","id":"way/745647560-0-7-0","properties":{"highway":"service","lanes":"2","lanes:backward":"1","lanes:forward":"1","service":"parking_aisle","sidewalk":"left","surface":"asphalt","startNodeId":"4602854548","endNodeId":"4602854547"},"geometry":{"type":"LineString","coordinates":[[103.8464095,1.4241137],[103.8463762,1.424178]]}},{"type":"Feature","id":"way/745647560-0-8-0","properties":{"highway":"service","lanes":"2","lanes:backward":"1","lanes:forward":"1","service":"parking_aisle","sidewalk":"left","surface":"asphalt","startNodeId":"4602854547","endNodeId":"4602854546"},"geometry":{"type":"LineString","coordinates":[[103.8463762,1.424178],[103.845999,1.4244663]]}},{"type":"Feature","id":"way/745647561-0-0-0","properties":{"highway":"service","lanes":"2","lanes:backward":"1","lanes:forward":"1","service":"parking_aisle","surface":"asphalt","startNodeId":"6979321742","endNodeId":"8153412689"},"geometry":{"type":"LineString","coordinates":[[103.845621,1.4243521],[103.8458089,1.4241797]]}},{"type":"Feature","id":"way/745647561-0-1-0","properties":{"highway":"service","lanes":"2","lanes:backward":"1","lanes:forward":"1","service":"parking_aisle","surface":"asphalt","startNodeId":"8153412689","endNodeId":"4602854556"},"geometry":{"type":"LineString","coordinates":[[103.8458089,1.4241797],[103.8458509,1.4241412]]}},{"type":"Feature","id":"way/745647562-0-0-0","properties":{"covered":"yes","highway":"service","lanes":"2","lanes:backward":"1","lanes:forward":"1","service":"parking_aisle","surface":"asphalt","startNodeId":"6979321743","endNodeId":"6979321742"},"geometry":{"type":"LineString","coordinates":[[103.8455526,1.4244149],[103.845621,1.4243521]]}},{"type":"Feature","id":"way/763032336-0-0-0","properties":{"highway":"tertiary","lanes":"2","maxspeed":"50","name":"Yishun Avenue 11","oneway":"yes","surface":"asphalt","startNodeId":"7130270245","endNodeId":"6696381043"},"geometry":{"type":"LineString","coordinates":[[103.8446436,1.4245266],[103.8444446,1.4247185]]}},{"type":"Feature","id":"way/763032337-0-0-0","properties":{"highway":"tertiary","lanes":"4","maxspeed":"50","name":"Yishun Avenue 11","oneway":"yes","surface":"asphalt","turn:lanes":"left|through|through|right","startNodeId":"7130270244","endNodeId":"4715777345"},"geometry":{"type":"LineString","coordinates":[[103.8446645,1.4246225],[103.844754,1.4245325]]}},{"type":"Feature","id":"way/763032338-0-0-0","properties":{"highway":"tertiary_link","oneway":"yes","startNodeId":"7130270244","endNodeId":"13691939057"},"geometry":{"type":"LineString","coordinates":[[103.8446645,1.4246225],[103.8446653,1.4245581]]}},{"type":"Feature","id":"way/763032338-0-1-0","properties":{"highway":"tertiary_link","oneway":"yes","startNodeId":"13691939057","endNodeId":"7130270245"},"geometry":{"type":"LineString","coordinates":[[103.8446653,1.4245581],[103.8446436,1.4245266]]}},{"type":"Feature","id":"way/766849711-0-0-0","properties":{"highway":"tertiary","lanes":"2","maxspeed":"40","name":"Yishun Avenue 11","oneway":"yes","surface":"asphalt","turn:lanes":"none|through;right","startNodeId":"5256644328","endNodeId":"244911996"},"geometry":{"type":"LineString","coordinates":[[103.8424291,1.4266071],[103.8423466,1.4266833]]}},{"type":"Feature","id":"way/766849712-0-0-0","properties":{"highway":"tertiary","lanes":"2","maxspeed":"40","name":"Yishun Avenue 11","oneway":"yes","surface":"asphalt","startNodeId":"244911999","endNodeId":"5186865205"},"geometry":{"type":"LineString","coordinates":[[103.8429599,1.4261198],[103.8428254,1.4262449]]}},{"type":"Feature","id":"way/766849712-0-1-0","properties":{"highway":"tertiary","lanes":"2","maxspeed":"40","name":"Yishun Avenue 11","oneway":"yes","surface":"asphalt","startNodeId":"5186865205","endNodeId":"5256644328"},"geometry":{"type":"LineString","coordinates":[[103.8428254,1.4262449],[103.8424291,1.4266071]]}},{"type":"Feature","id":"way/766849713-0-0-0","properties":{"highway":"service","lanes":"1","oneway":"yes","startNodeId":"244911996","endNodeId":"4602854654"},"geometry":{"type":"LineString","coordinates":[[103.8423466,1.4266833],[103.842394,1.4267365]]}},{"type":"Feature","id":"way/766849714-0-0-0","properties":{"highway":"service","lanes":"1","oneway":"yes","startNodeId":"5258013875","endNodeId":"5256644328"},"geometry":{"type":"LineString","coordinates":[[103.8424775,1.4266624],[103.8424291,1.4266071]]}},{"type":"Feature","id":"way/791594481-0-0-0","properties":{"highway":"service","lanes":"1","oneway":"yes","service":"driveway","sidewalk:right":"yes","surface":"asphalt","turn:lanes":"left;right","startNodeId":"7400259339","endNodeId":"4602854637"},"geometry":{"type":"LineString","coordinates":[[103.8442092,1.4265781],[103.8453669,1.4266219]]}},{"type":"Feature","id":"way/792763550-0-0-0","properties":{"highway":"service","lanes":"1","oneway":"yes","service":"parking_aisle","turn:lanes":"through","startNodeId":"4602854645","endNodeId":"7413007458"},"geometry":{"type":"LineString","coordinates":[[103.8436798,1.4267916],[103.8436673,1.4267783]]}},{"type":"Feature","id":"way/792763550-0-1-0","properties":{"highway":"service","lanes":"1","oneway":"yes","service":"parking_aisle","turn:lanes":"through","startNodeId":"7413007458","endNodeId":"4602854644"},"geometry":{"type":"LineString","coordinates":[[103.8436673,1.4267783],[103.8436168,1.4267655]]}},{"type":"Feature","id":"way/792763550-0-2-0","properties":{"highway":"service","lanes":"1","oneway":"yes","service":"parking_aisle","turn:lanes":"through","startNodeId":"4602854644","endNodeId":"7413007456"},"geometry":{"type":"LineString","coordinates":[[103.8436168,1.4267655],[103.8435563,1.4267516]]}},{"type":"Feature","id":"way/792763551-0-0-0","properties":{"highway":"service","lanes":"1","oneway":"yes","service":"parking_aisle","startNodeId":"7413007456","endNodeId":"4602854643"},"geometry":{"type":"LineString","coordinates":[[103.8435563,1.4267516],[103.8435457,1.4267491]]}},{"type":"Feature","id":"way/792763551-0-1-0","properties":{"highway":"service","lanes":"1","oneway":"yes","service":"parking_aisle","startNodeId":"4602854643","endNodeId":"6786068630"},"geometry":{"type":"LineString","coordinates":[[103.8435457,1.4267491],[103.843446,1.4267475]]}},{"type":"Feature","id":"way/792763551-0-2-0","properties":{"highway":"service","lanes":"1","oneway":"yes","service":"parking_aisle","startNodeId":"6786068630","endNodeId":"4602854642"},"geometry":{"type":"LineString","coordinates":[[103.843446,1.4267475],[103.8433911,1.4267553]]}},{"type":"Feature","id":"way/792763552-0-0-0","properties":{"highway":"service","lanes":"1","oneway":"yes","service":"parking_aisle","turn:lanes":"through","startNodeId":"4602854646","endNodeId":"5087416362"},"geometry":{"type":"LineString","coordinates":[[103.8435557,1.4269167],[103.8436562,1.4269238]]}},{"type":"Feature","id":"way/792763553-0-0-0","properties":{"highway":"service","lanes":"1","oneway":"yes","service":"parking_aisle","turn:lanes":"through;right","startNodeId":"4602854640","endNodeId":"4602854646"},"geometry":{"type":"LineString","coordinates":[[103.8433869,1.4269048],[103.8435557,1.4269167]]}},{"type":"Feature","id":"way/792763554-0-0-0","properties":{"highway":"service","oneway":"yes","service":"parking_aisle","startNodeId":"4602854646","endNodeId":"7413007456"},"geometry":{"type":"LineString","coordinates":[[103.8435557,1.4269167],[103.8435563,1.4267516]]}},{"type":"Feature","id":"way/808878829-0-0-0","properties":{"highway":"service","lanes":"1","oneway":"yes","sidewalk":"left","startNodeId":"7563631025","endNodeId":"7563631026"},"geometry":{"type":"LineString","coordinates":[[103.8425553,1.4269011],[103.842576,1.4268975]]}},{"type":"Feature","id":"way/808878829-0-1-0","properties":{"highway":"service","lanes":"1","oneway":"yes","sidewalk":"left","startNodeId":"7563631026","endNodeId":"7563631027"},"geometry":{"type":"LineString","coordinates":[[103.842576,1.4268975],[103.8425941,1.4268871]]}},{"type":"Feature","id":"way/808878829-0-2-0","properties":{"highway":"service","lanes":"1","oneway":"yes","sidewalk":"left","startNodeId":"7563631027","endNodeId":"7563631028"},"geometry":{"type":"LineString","coordinates":[[103.8425941,1.4268871],[103.8426077,1.4268711]]}},{"type":"Feature","id":"way/808878829-0-3-0","properties":{"highway":"service","lanes":"1","oneway":"yes","sidewalk":"left","startNodeId":"7563631028","endNodeId":"7563631029"},"geometry":{"type":"LineString","coordinates":[[103.8426077,1.4268711],[103.842615,1.4268515]]}},{"type":"Feature","id":"way/808878829-0-4-0","properties":{"highway":"service","lanes":"1","oneway":"yes","sidewalk":"left","startNodeId":"7563631029","endNodeId":"7563631030"},"geometry":{"type":"LineString","coordinates":[[103.842615,1.4268515],[103.8426152,1.4268305]]}},{"type":"Feature","id":"way/808878829-0-5-0","properties":{"highway":"service","lanes":"1","oneway":"yes","sidewalk":"left","startNodeId":"7563631030","endNodeId":"7563631031"},"geometry":{"type":"LineString","coordinates":[[103.8426152,1.4268305],[103.8426082,1.4268108]]}},{"type":"Feature","id":"way/808878829-0-6-0","properties":{"highway":"service","lanes":"1","oneway":"yes","sidewalk":"left","startNodeId":"7563631031","endNodeId":"7563631032"},"geometry":{"type":"LineString","coordinates":[[103.8426082,1.4268108],[103.8425949,1.4267946]]}},{"type":"Feature","id":"way/808878829-0-7-0","properties":{"highway":"service","lanes":"1","oneway":"yes","sidewalk":"left","startNodeId":"7563631032","endNodeId":"5258013876"},"geometry":{"type":"LineString","coordinates":[[103.8425949,1.4267946],[103.8425769,1.4267839]]}},{"type":"Feature","id":"way/808878829-0-8-0","properties":{"highway":"service","lanes":"1","oneway":"yes","sidewalk":"left","startNodeId":"5258013876","endNodeId":"7563631019"},"geometry":{"type":"LineString","coordinates":[[103.8425769,1.4267839],[103.8425591,1.4267801]]}},{"type":"Feature","id":"way/808878829-0-9-0","properties":{"highway":"service","lanes":"1","oneway":"yes","sidewalk":"left","startNodeId":"7563631019","endNodeId":"7563631020"},"geometry":{"type":"LineString","coordinates":[[103.8425591,1.4267801],[103.8425409,1.4267817]]}},{"type":"Feature","id":"way/808878829-0-10-0","properties":{"highway":"service","lanes":"1","oneway":"yes","sidewalk":"left","startNodeId":"7563631020","endNodeId":"7563631021"},"geometry":{"type":"LineString","coordinates":[[103.8425409,1.4267817],[103.8425241,1.4267887]]}},{"type":"Feature","id":"way/808878829-0-11-0","properties":{"highway":"service","lanes":"1","oneway":"yes","sidewalk":"left","startNodeId":"7563631021","endNodeId":"7563631022"},"geometry":{"type":"LineString","coordinates":[[103.8425241,1.4267887],[103.8425101,1.4268003]]}},{"type":"Feature","id":"way/808878829-0-12-0","properties":{"highway":"service","lanes":"1","oneway":"yes","sidewalk":"left","startNodeId":"7563631022","endNodeId":"7563631023"},"geometry":{"type":"LineString","coordinates":[[103.8425101,1.4268003],[103.8425002,1.4268156]]}},{"type":"Feature","id":"way/808878829-0-13-0","properties":{"highway":"service","lanes":"1","oneway":"yes","sidewalk":"left","startNodeId":"7563631023","endNodeId":"7563631024"},"geometry":{"type":"LineString","coordinates":[[103.8425002,1.4268156],[103.8424953,1.4268331]]}},{"type":"Feature","id":"way/808878829-0-14-0","properties":{"highway":"service","lanes":"1","oneway":"yes","sidewalk":"left","startNodeId":"7563631024","endNodeId":"4602854653"},"geometry":{"type":"LineString","coordinates":[[103.8424953,1.4268331],[103.8424958,1.4268513]]}},{"type":"Feature","id":"way/808878829-0-15-0","properties":{"highway":"service","lanes":"1","oneway":"yes","sidewalk":"left","startNodeId":"4602854653","endNodeId":"7563631016"},"geometry":{"type":"LineString","coordinates":[[103.8424958,1.4268513],[103.842503,1.426871]]}},{"type":"Feature","id":"way/808878829-0-16-0","properties":{"highway":"service","lanes":"1","oneway":"yes","sidewalk":"left","startNodeId":"7563631016","endNodeId":"7563631017"},"geometry":{"type":"LineString","coordinates":[[103.842503,1.426871],[103.8425165,1.426887]]}},{"type":"Feature","id":"way/808878829-0-17-0","properties":{"highway":"service","lanes":"1","oneway":"yes","sidewalk":"left","startNodeId":"7563631017","endNodeId":"7563631018"},"geometry":{"type":"LineString","coordinates":[[103.8425165,1.426887],[103.8425347,1.4268974]]}},{"type":"Feature","id":"way/808878829-0-18-0","properties":{"highway":"service","lanes":"1","oneway":"yes","sidewalk":"left","startNodeId":"7563631018","endNodeId":"7563631025"},"geometry":{"type":"LineString","coordinates":[[103.8425347,1.4268974],[103.8425553,1.4269011]]}},{"type":"Feature","id":"way/823331670-0-0-0","properties":{"highway":"service","lanes":"1","oneway":"yes","service":"parking_aisle","startNodeId":"5184154103","endNodeId":"13015949356"},"geometry":{"type":"LineString","coordinates":[[103.8461708,1.4232448],[103.8462079,1.4232464]]}},{"type":"Feature","id":"way/826074771-0-0-0","properties":{"highway":"service","lanes":"1","oneway":"yes","service":"parking_aisle","turn:lanes":"through","startNodeId":"5184154105","endNodeId":"5184154104"},"geometry":{"type":"LineString","coordinates":[[103.8460321,1.4232571],[103.8461053,1.4232463]]}},{"type":"Feature","id":"way/826074771-0-1-0","properties":{"highway":"service","lanes":"1","oneway":"yes","service":"parking_aisle","turn:lanes":"through","startNodeId":"5184154104","endNodeId":"5184154103"},"geometry":{"type":"LineString","coordinates":[[103.8461053,1.4232463],[103.8461708,1.4232448]]}},{"type":"Feature","id":"way/826082070-0-0-0","properties":{"highway":"service","lanes":"2","lanes:backward":"1","lanes:forward":"1","sidewalk":"right","turn:lanes:backward":"left;through","startNodeId":"5087416357","endNodeId":"7712945069"},"geometry":{"type":"LineString","coordinates":[[103.8430512,1.4269627],[103.8430616,1.4267021]]}},{"type":"Feature","id":"way/826082071-0-0-0","properties":{"highway":"tertiary","lanes":"2","maxspeed":"40","name":"Yishun Avenue 11","oneway":"yes","surface":"asphalt","turn:lanes":"through|through;right","startNodeId":"7712945070","endNodeId":"244911999"},"geometry":{"type":"LineString","coordinates":[[103.8431865,1.4259028],[103.8429599,1.4261198]]}},{"type":"Feature","id":"way/826084111-0-0-0","properties":{"highway":"service","lanes":"2","lanes:backward":"1","lanes:forward":"1","sidewalk":"both","turn:lanes:backward":"through","turn:lanes:forward":"through;right","startNodeId":"4602854652","endNodeId":"5087416358"},"geometry":{"type":"LineString","coordinates":[[103.8428851,1.4267922],[103.8429799,1.4268656]]}},{"type":"Feature","id":"way/826084111-0-1-0","properties":{"highway":"service","lanes":"2","lanes:backward":"1","lanes:forward":"1","sidewalk":"both","turn:lanes:backward":"through","turn:lanes:forward":"through;right","startNodeId":"5087416358","endNodeId":"5087416357"},"geometry":{"type":"LineString","coordinates":[[103.8429799,1.4268656],[103.8430512,1.4269627]]}},{"type":"Feature","id":"way/1057560074-0-0-0","properties":{"highway":"secondary","lanes":"2","maxspeed":"50","name":"Yishun Ring Road","oneway":"yes","surface":"asphalt","startNodeId":"4715777348","endNodeId":"6696413859"},"geometry":{"type":"LineString","coordinates":[[103.845113,1.4245257],[103.8453007,1.4247291]]}},{"type":"Feature","id":"way/1391795362-0-0-0","properties":{"highway":"service","oneway":"yes","service":"driveway","startNodeId":"12883254049","endNodeId":"12883254050"},"geometry":{"type":"LineString","coordinates":[[103.8462924,1.4276741],[103.846334,1.4276315]]}},{"type":"Feature","id":"way/1391795362-0-1-0","properties":{"highway":"service","oneway":"yes","service":"driveway","startNodeId":"12883254050","endNodeId":"12883254051"},"geometry":{"type":"LineString","coordinates":[[103.846334,1.4276315],[103.8463514,1.4276209]]}},{"type":"Feature","id":"way/1391795362-0-2-0","properties":{"highway":"service","oneway":"yes","service":"driveway","startNodeId":"12883254051","endNodeId":"12883254052"},"geometry":{"type":"LineString","coordinates":[[103.8463514,1.4276209],[103.8463803,1.4276149]]}},{"type":"Feature","id":"way/1391795362-0-3-0","properties":{"highway":"service","oneway":"yes","service":"driveway","startNodeId":"12883254052","endNodeId":"12883254059"},"geometry":{"type":"LineString","coordinates":[[103.8463803,1.4276149],[103.8464019,1.427622]]}},{"type":"Feature","id":"way/1391795362-0-4-0","properties":{"highway":"service","oneway":"yes","service":"driveway","startNodeId":"12883254059","endNodeId":"12883254053"},"geometry":{"type":"LineString","coordinates":[[103.8464019,1.427622],[103.8464107,1.4276437]]}},{"type":"Feature","id":"way/1494368641-0-0-0","properties":{"highway":"service","service":"driveway","sidewalk:right":"yes","startNodeId":"4602854633","endNodeId":"8083645648"},"geometry":{"type":"LineString","coordinates":[[103.8436515,1.4265455],[103.8436573,1.4264037]]}},{"type":"Feature","id":"way/1494368641-0-1-0","properties":{"highway":"service","service":"driveway","sidewalk:right":"yes","startNodeId":"8083645648","endNodeId":"4602854630"},"geometry":{"type":"LineString","coordinates":[[103.8436573,1.4264037],[103.8436628,1.4262693]]}},{"type":"Feature","id":"way/1494368664-0-0-0","properties":{"highway":"service","lanes":"2","lanes:backward":"1","lanes:forward":"1","turn:lanes:backward":"left","turn:lanes:forward":"through;right","startNodeId":"13691939059","endNodeId":"6786065064"},"geometry":{"type":"LineString","coordinates":[[103.8443063,1.4251625],[103.8443907,1.4252051]]}},{"type":"Feature","id":"way/1494368665-0-0-0","properties":{"highway":"service","lanes":"2","lanes:backward":"1","lanes:forward":"1","oneway":"yes","turn:lanes:backward":"left","turn:lanes:forward":"through;right","startNodeId":"5683722860","endNodeId":"7935119151"},"geometry":{"type":"LineString","coordinates":[[103.8441771,1.4250675],[103.8442369,1.4251243]]}},{"type":"Feature","id":"way/1494368665-0-1-0","properties":{"highway":"service","lanes":"2","lanes:backward":"1","lanes:forward":"1","oneway":"yes","turn:lanes:backward":"left","turn:lanes:forward":"through;right","startNodeId":"7935119151","endNodeId":"13691939059"},"geometry":{"type":"LineString","coordinates":[[103.8442369,1.4251243],[103.8443063,1.4251625]]}}]}