{"type":"FeatureCollection","features":[{"type":"Feature","id":"relation/2297289-0","properties":{"building":"school","image":"https://images.mapillary.com/8yUBvbw8got-S_hN0PCCMA/thumb-2048.jpg","mapillary":"1587042921491302","name":"Gan Eng Seng School","type":"multipolygon","website":"https://ganengsengsch.moe.edu.sg/","wikipedia":"en:Gan Eng Seng School"},"geometry":{"type":"Polygon","coordinates":[[[103.8241116,1.2893636],[103.82418,1.2893649],[103.8241076,1.2891518],[103.8240593,1.2891518],[103.824062,1.2890163],[103.8240272,1.2890163],[103.8240272,1.2889976],[103.823653,1.2889949],[103.823653,1.2890633],[103.8236141,1.2890633],[103.8236141,1.2890861],[103.8235993,1.2890861],[103.8235846,1.2890432],[103.8235444,1.2890566],[103.8235591,1.2891223],[103.8236114,1.2891102],[103.8236087,1.2894615],[103.8235926,1.2894119],[103.8235524,1.2894253],[103.8235712,1.2894977],[103.8236074,1.2894896],[103.8236047,1.2897122],[103.8235175,1.2893864],[103.8231876,1.2894682],[103.8232842,1.2898221],[103.823307,1.2898208],[103.8233338,1.2898651],[103.823366,1.2898878],[103.8234183,1.2898999],[103.8234652,1.2899013],[103.8234746,1.2899227],[103.8234384,1.2899294],[103.8234934,1.2901413],[103.8234411,1.2901842],[103.8234357,1.290219],[103.8234585,1.2902338],[103.8234961,1.2902137],[103.8235081,1.2901909],[103.8235363,1.2902887],[103.8235685,1.2902485],[103.8236543,1.2902901],[103.823649,1.2903303],[103.8239641,1.2903343],[103.8239561,1.2902566],[103.8239775,1.2902887],[103.823995,1.2902928],[103.8240151,1.2902753],[103.8240151,1.2902619],[103.8240044,1.2902405],[103.8240714,1.2903209],[103.8241049,1.2902485],[103.8241412,1.290215],[103.8242149,1.2901801],[103.8241586,1.2901252],[103.8241854,1.2900662],[103.8242337,1.2900702],[103.8242337,1.2897578],[103.8241961,1.2897578],[103.8241626,1.2896975],[103.8242189,1.2896465],[103.8241331,1.2895969],[103.824121,1.2895835],[103.8240808,1.2894937],[103.8239883,1.2896009],[103.8240178,1.2895352],[103.8240044,1.2895218],[103.8239802,1.2895245],[103.8239467,1.2895728],[103.8239494,1.2894843],[103.8236463,1.2894789],[103.8236452,1.2893863],[103.8241116,1.2893851],[103.8241116,1.2893636]],[[103.8236505,1.2891453],[103.8240261,1.2891475],[103.8240256,1.2892306],[103.8236501,1.2892284],[103.8236505,1.2891453]],[[103.8236436,1.2897417],[103.8237026,1.2896881],[103.823763,1.2896693],[103.8238609,1.2896747],[103.823944,1.2897135],[103.824007,1.2897779],[103.8240352,1.2898449],[103.8240339,1.2899428],[103.8240137,1.2900058],[103.8239628,1.2900635],[103.8239118,1.2901024],[103.8238407,1.2901225],[103.8237589,1.2901198],[103.823708,1.2900997],[103.8237241,1.2900675],[103.823716,1.2900313],[103.8236976,1.2900014],[103.8236696,1.2899881],[103.8236382,1.2899871],[103.8236436,1.2897417]]]}},{"type":"Feature","id":"relation/2297290-0","properties":{"building":"school","building:levels":"3","roof:colour":"#E2897E","roof:levels":"1","roof:shape":"flat","type":"multipolygon"},"geometry":{"type":"Polygon","coordinates":[[[103.8195687,1.2906045],[103.8196149,1.2906005],[103.8196384,1.2905495],[103.8196136,1.290512],[103.8196746,1.2905066],[103.8196545,1.2905488],[103.8196833,1.2905911],[103.8197323,1.2905871],[103.8197604,1.2906219],[103.8198147,1.2906172],[103.8198349,1.2905743],[103.8198778,1.290571],[103.8199039,1.2905234],[103.8198724,1.2904825],[103.8199113,1.2903993],[103.8198369,1.2903028],[103.8197946,1.2903048],[103.8197624,1.2902686],[103.8196444,1.2902827],[103.819625,1.2903249],[103.8195432,1.2903323],[103.819519,1.2903028],[103.8194607,1.2903055],[103.8194433,1.2903444],[103.819401,1.2903464],[103.8193822,1.290402],[103.8194124,1.2904362],[103.8193883,1.2904362],[103.8193796,1.290461],[103.8194037,1.2904945],[103.8194325,1.2904932],[103.8194533,1.290518],[103.8194138,1.290522],[103.8193963,1.2905736],[103.8194245,1.2906172],[103.8194701,1.2906132],[103.8194969,1.2906521],[103.8195526,1.2906454],[103.8195687,1.2906045]],[[103.8196498,1.2904168],[103.8196598,1.290392],[103.8197571,1.2903792],[103.8198127,1.2904503],[103.8197993,1.2904691],[103.8196927,1.2904785],[103.8196498,1.2904168]],[[103.8194694,1.2904905],[103.8194681,1.2904604],[103.8194942,1.2904047],[103.8195137,1.2904047],[103.8195432,1.2904496],[103.8195492,1.2904872],[103.8195278,1.2905361],[103.8195043,1.2905388],[103.8194694,1.2904905]]]}},{"type":"Feature","id":"relation/2297297-0","properties":{"building":"yes","leisure":"sports_centre","name":"Delta Swimming Complex","sport":"swimming","type":"multipolygon"},"geometry":{"type":"Polygon","coordinates":[[[103.8199245,1.2895754],[103.8200008,1.2894856],[103.8200567,1.2894797],[103.8200911,1.2894493],[103.8201342,1.2894436],[103.8201588,1.2894663],[103.8202708,1.2893211],[103.8200715,1.2891627],[103.8198676,1.2890021],[103.819628,1.2890286],[103.8195791,1.2889815],[103.8191958,1.2890214],[103.8192616,1.2896389],[103.8199245,1.2895754]],[[103.8195267,1.2890937],[103.8196233,1.2890829],[103.8198714,1.2892773],[103.8198835,1.289394],[103.8198298,1.2894557],[103.8198379,1.2895294],[103.819575,1.2895589],[103.8195267,1.2890937]],[[103.8192833,1.2891184],[103.8194822,1.2890991],[103.8195273,1.2895625],[103.8193284,1.2895819],[103.8192833,1.2891184]]]}},{"type":"Feature","id":"relation/17726517-0","properties":{"addr:city":"Singapore","addr:country":"SG","addr:housenumber":"140A","addr:postcode":"151140","addr:street":"Prince Charles Crescent","building":"construction","building:levels":"39","construction":"residential","residential":"hdb","type":"multipolygon"},"geometry":{"type":"Polygon","coordinates":[[[103.8214126,1.2915784],[103.821397,1.2915205],[103.8211929,1.2915755],[103.8212085,1.2916334],[103.8212399,1.2916249],[103.8212454,1.2916453],[103.8212604,1.2916413],[103.8212705,1.2917287],[103.8212471,1.2917279],[103.8212463,1.2917497],[103.8212141,1.2917485],[103.8212121,1.2918041],[103.8213184,1.2918079],[103.8213186,1.2918025],[103.821341,1.2918033],[103.8213409,1.2918069],[103.8214461,1.2918107],[103.8214482,1.2917531],[103.8214136,1.2917518],[103.8214144,1.2917292],[103.8214831,1.2917203],[103.8214871,1.2917555],[103.8214776,1.2917566],[103.8214816,1.2917919],[103.8215204,1.2917875],[103.8215332,1.291786],[103.8215347,1.2917991],[103.8215883,1.291793],[103.8215829,1.2917457],[103.8215776,1.2917463],[103.8215733,1.2917078],[103.8215416,1.2917114],[103.8215397,1.2916947],[103.8215878,1.2916893],[103.8215846,1.2916616],[103.8215952,1.2916604],[103.8215922,1.2916334],[103.8215335,1.2916401],[103.8215295,1.2916054],[103.821528,1.2915916],[103.8215504,1.291589],[103.821548,1.2915674],[103.8215842,1.2915633],[103.8215779,1.2915078],[103.8215117,1.2915153],[103.8214348,1.291524],[103.82144,1.2915699],[103.8214472,1.2915691],[103.8214515,1.2916075],[103.8213854,1.291615],[103.8213782,1.2915877],[103.8214126,1.2915784]],[[103.8212985,1.2917119],[103.8212912,1.2917083],[103.8212855,1.2916793],[103.8212851,1.2916552],[103.8212941,1.2916511],[103.8213416,1.2916379],[103.8214353,1.2916283],[103.8214435,1.2916979],[103.8214368,1.2917057],[103.8213689,1.2917144],[103.8213462,1.2917136],[103.8212985,1.2917119]]]}},{"type":"Feature","id":"relation/17726518-0","properties":{"addr:city":"Singapore","addr:country":"SG","addr:housenumber":"140C","addr:postcode":"153150","addr:street":"Prince Charles Crescent","building":"construction","building:levels":"48","construction":"residential","residential":"hdb","type":"multipolygon"},"geometry":{"type":"Polygon","coordinates":[[[103.8225077,1.2915833],[103.8225071,1.2916041],[103.8224697,1.291603],[103.822468,1.2916571],[103.8225599,1.2916599],[103.8225597,1.2916651],[103.8226653,1.2916684],[103.8226672,1.2916091],[103.8226339,1.2916081],[103.8226345,1.2915891],[103.8227191,1.2915917],[103.8227222,1.2916141],[103.8226878,1.2916188],[103.8226956,1.2916759],[103.8227999,1.2916618],[103.8227995,1.2916582],[103.8228216,1.2916552],[103.8228224,1.2916606],[103.8229082,1.291649],[103.8229278,1.2916463],[103.8229203,1.2915912],[103.8228884,1.2915955],[103.8228855,1.2915739],[103.8228477,1.2915791],[103.8228452,1.2915602],[103.8228178,1.2915639],[103.8228203,1.2915109],[103.8228467,1.2915152],[103.8228491,1.2915002],[103.8228883,1.2915065],[103.8228919,1.2914843],[103.8229257,1.2914898],[103.8229354,1.2914302],[103.8228306,1.2914132],[103.8227259,1.2913961],[103.8227162,1.2914557],[103.8227496,1.2914611],[103.8227466,1.2914798],[103.8227128,1.2914743],[103.8226525,1.2914724],[103.822653,1.2914548],[103.8226867,1.2914558],[103.8226886,1.291396],[103.8225985,1.2913932],[103.8224763,1.2913894],[103.8224745,1.2914492],[103.8225099,1.2914503],[103.8225092,1.2914717],[103.8225477,1.2914729],[103.8225473,1.2914857],[103.8224948,1.2914841],[103.8224939,1.2915154],[103.8224764,1.2915148],[103.8224752,1.2915532],[103.8225401,1.2915552],[103.8225397,1.2915667],[103.8225318,1.2915664],[103.8225313,1.2915841],[103.8225077,1.2915833]],[[103.8226431,1.2915705],[103.8226456,1.2914916],[103.8227125,1.2914937],[103.8227878,1.2915068],[103.8227971,1.29151],[103.8227991,1.291534],[103.8227963,1.2915635],[103.8227894,1.2915677],[103.8227421,1.2915742],[103.8227196,1.2915772],[103.822643,1.2915748],[103.8226431,1.2915705]]]}},{"type":"Feature","id":"relation/17726519-0","properties":{"addr:city":"Singapore","addr:country":"SG","addr:housenumber":"140B","addr:postcode":"152140","addr:street":"Prince Charles Crescent","building":"construction","building:levels":"46","construction":"residential","residential":"hdb","type":"multipolygon"},"geometry":{"type":"Polygon","coordinates":[[[103.8222414,1.2915536],[103.8222418,1.2915384],[103.8222814,1.2915393],[103.8222819,1.2915168],[103.8223162,1.2915175],[103.8223176,1.2914572],[103.8221053,1.2914524],[103.8221039,1.2915128],[103.8221378,1.2915135],[103.8221374,1.2915324],[103.8221031,1.2915317],[103.8220432,1.2915381],[103.8220413,1.2915206],[103.8220748,1.291517],[103.8220683,1.2914574],[103.8219306,1.2914723],[103.8218572,1.2914803],[103.8218637,1.2915398],[103.8218989,1.291536],[103.8219012,1.2915572],[103.8219394,1.2915531],[103.82194,1.2915588],[103.8219428,1.2915842],[103.8218736,1.2915917],[103.8218774,1.2916265],[103.8218961,1.2916245],[103.8218996,1.2916569],[103.8219372,1.2916528],[103.8219386,1.2916655],[103.8219151,1.291668],[103.8219174,1.2916887],[103.8218802,1.2916927],[103.821886,1.2917465],[103.8219774,1.2917366],[103.8219779,1.2917418],[103.822083,1.2917305],[103.8220766,1.2916715],[103.8220435,1.2916751],[103.8220415,1.2916562],[103.8221257,1.2916471],[103.8221318,1.2916688],[103.8220984,1.2916782],[103.822114,1.2917337],[103.8222154,1.2917053],[103.8222145,1.2917018],[103.822236,1.2916958],[103.8222375,1.291701],[103.8223399,1.2916723],[103.8223249,1.2916187],[103.8222939,1.2916274],[103.822288,1.2916064],[103.8222513,1.2916167],[103.8222461,1.2915984],[103.8222195,1.2916059],[103.8222147,1.291553],[103.8222414,1.2915536]],[[103.8220475,1.2916366],[103.822039,1.2915581],[103.8221056,1.2915509],[103.8221819,1.2915535],[103.8221916,1.2915553],[103.8221969,1.2915789],[103.8221982,1.2916085],[103.822192,1.2916136],[103.822146,1.2916265],[103.8221241,1.2916326],[103.8220479,1.2916409],[103.8220475,1.2916366]]]}},{"type":"Feature","id":"relation/19387183-0","properties":{"addr:city":"Singapore","addr:country":"SG","addr:housenumber":"138B","addr:postcode":"152138","addr:street":"Prince Charles Crescent","building":"construction","building:levels":"38","construction":"residential","residential":"hdb","type":"multipolygon"},"geometry":{"type":"Polygon","coordinates":[[[103.8196377,1.2918352],[103.8196342,1.2918038],[103.8196005,1.2918075],[103.819606,1.2918572],[103.8195983,1.291858],[103.8196014,1.291886],[103.8196585,1.2918797],[103.8196619,1.2919106],[103.8196633,1.2919234],[103.8196422,1.2919258],[103.8196443,1.2919454],[103.8196106,1.2919491],[103.8196172,1.2920088],[103.8198273,1.2919855],[103.8198207,1.2919259],[103.8197876,1.2919295],[103.8197854,1.2919099],[103.8198713,1.2919004],[103.8198771,1.2919155],[103.8198452,1.2919277],[103.8198645,1.2919778],[103.8199477,1.2919459],[103.8199495,1.2919506],[103.8200476,1.291913],[103.8200265,1.2918581],[103.8199957,1.2918699],[103.8199879,1.2918495],[103.8199613,1.2918598],[103.8199573,1.2918241],[103.819952,1.291776],[103.8199886,1.2917719],[103.8199867,1.2917546],[103.8200197,1.291751],[103.8200128,1.2916892],[103.8199063,1.291701],[103.8199088,1.2917233],[103.8198867,1.2917258],[103.8198843,1.2917035],[103.8198644,1.2917057],[103.8197803,1.291715],[103.8197872,1.2917767],[103.8198207,1.291773],[103.8198226,1.2917903],[103.8197233,1.2918013],[103.8197214,1.291784],[103.8197541,1.2917804],[103.8197473,1.2917186],[103.8196397,1.2917305],[103.8196511,1.2918338],[103.8196377,1.2918352]],[[103.8199302,1.2918],[103.8199342,1.2918036],[103.819939,1.2918434],[103.8199359,1.2918515],[103.819858,1.291883],[103.8197573,1.2918941],[103.8197491,1.2918201],[103.8199302,1.2918]]]}},{"type":"Feature","id":"way/52976062-0","properties":{"building":"yes","leisure":"sports_hall","name":"Delta Sports Hall"},"geometry":{"type":"Polygon","coordinates":[[[103.8202677,1.290748],[103.8202786,1.2908366],[103.8206679,1.2907967],[103.8207249,1.2907263],[103.8206813,1.2902841],[103.8206368,1.2902544],[103.8203578,1.2902759],[103.8202708,1.2893211],[103.8201588,1.2894663],[103.8202862,1.2907308],[103.8202677,1.290748]]]}},{"type":"Feature","id":"way/172214824-0","properties":{"amenity":"place_of_worship","building":"yes","image":"https://images.mapillary.com/BXCiorCGYFgcuU40OFxgLQ/thumb-2048.jpg","mapillary":"516662309349545","name":"My Saviour's Church","religion":"christian"},"geometry":{"type":"Polygon","coordinates":[[[103.8235196,1.2922775],[103.8235036,1.2923166],[103.8234589,1.2922951],[103.8234736,1.2924462],[103.8235973,1.2923572],[103.8235846,1.2923518],[103.8236042,1.2923166],[103.823639,1.2923338],[103.8236465,1.292323],[103.8236562,1.2923196],[103.8236666,1.2923228],[103.8236752,1.2923303],[103.8238493,1.2922262],[103.8238151,1.2921793],[103.823836,1.2921612],[103.8238746,1.2922169],[103.8240585,1.2921132],[103.8240604,1.2920986],[103.8240555,1.2920878],[103.8240428,1.292082],[103.8239466,1.2920892],[103.82376,1.2921103],[103.823817,1.2921438],[103.823799,1.2921672],[103.8237618,1.2921406],[103.8237202,1.2921232],[103.823664,1.2921152],[103.8236107,1.2921174],[103.8235197,1.2921555],[103.8234782,1.2921988],[103.8234531,1.2922433],[103.8235196,1.2922775]]]}},{"type":"Feature","id":"way/172214833-0","properties":{"building":"yes"},"geometry":{"type":"Polygon","coordinates":[[[103.8235932,1.292755],[103.8235721,1.2927158],[103.8235939,1.2927041],[103.8235354,1.2925954],[103.823346,1.2926973],[103.8234024,1.2928019],[103.8234122,1.2927966],[103.8234235,1.2928175],[103.8234814,1.2927864],[103.8234715,1.2927681],[103.8234967,1.2927545],[103.8235014,1.2927631],[103.8235196,1.2927533],[103.8235368,1.2927853],[103.8235546,1.2928163],[103.8235362,1.2928259],[103.8235407,1.2928346],[103.8235154,1.2928478],[103.8235057,1.2928294],[103.8234474,1.2928599],[103.8234584,1.2928809],[103.8234485,1.2928861],[103.8235036,1.2929914],[103.8236942,1.2928919],[103.823637,1.2927825],[103.823615,1.292794],[103.8235932,1.292755]]]}},{"type":"Feature","id":"way/172214843-0","properties":{"building":"yes"},"geometry":{"type":"Polygon","coordinates":[[[103.8233856,1.2921843],[103.8234149,1.2921799],[103.8234413,1.2921471],[103.823477,1.2921139],[103.8234482,1.2920767],[103.8233783,1.2920831],[103.8233856,1.2921843]]]}},{"type":"Feature","id":"way/172214851-0","properties":{"addr:housenumber":"16","addr:street":"Jervois Road","building":"yes","building:levels":"4"},"geometry":{"type":"Polygon","coordinates":[[[103.8236048,1.2925579],[103.8236245,1.2925939],[103.8236329,1.2926092],[103.8237062,1.2927288],[103.8239346,1.2925659],[103.8238855,1.2924804],[103.8238599,1.2924403],[103.8238411,1.2924135],[103.8236048,1.2925579]]]}},{"type":"Feature","id":"way/172245189-0","properties":{"building":"yes","building:levels":"1","roof:colour":"#E2897E","roof:levels":"1","roof:shape":"flat"},"geometry":{"type":"Polygon","coordinates":[[[103.8201068,1.2905661],[103.8200763,1.2902639],[103.8199029,1.2902813],[103.8199334,1.2905836],[103.8201068,1.2905661]]]}},{"type":"Feature","id":"way/172245191-0","properties":{"addr:city":"Singapore","addr:country":"SG","addr:housenumber":"104A","addr:postcode":"151104","addr:street":"Henderson Road","amenity":"parking","building":"garage","building:levels":"5","parking":"multi-storey","roof:levels":"1","roof:shape":"flat"},"geometry":{"type":"Polygon","coordinates":[[[103.8218326,1.2891351],[103.8218267,1.2890473],[103.821775,1.2890486],[103.8217643,1.2889302],[103.8218559,1.2889265],[103.821863,1.2890316],[103.8219382,1.2890269],[103.8219309,1.288944],[103.8219219,1.2888427],[103.8216422,1.2888628],[103.8213558,1.2888848],[103.8213177,1.2888874],[103.8213209,1.2889343],[103.8211647,1.2889449],[103.8211806,1.2891792],[103.8218326,1.2891351]]]}},{"type":"Feature","id":"way/172245193-0","properties":{"addr:city":"Singapore","addr:country":"SG","addr:housenumber":"101","addr:postcode":"150101","addr:street":"Henderson Road","building":"residential","building:levels":"12","residential":"HDB"},"geometry":{"type":"Polygon","coordinates":[[[103.8214024,1.2907472],[103.8214048,1.2907799],[103.8214373,1.2907776],[103.821435,1.290746],[103.8215887,1.2907348],[103.8215913,1.29077],[103.8216211,1.2907679],[103.8216185,1.2907309],[103.821705,1.2907246],[103.8217077,1.290761],[103.8217386,1.2907587],[103.821736,1.2907222],[103.821814,1.2907165],[103.8218167,1.2907529],[103.8218442,1.2907509],[103.8218415,1.2907142],[103.8220046,1.2907024],[103.822007,1.2907362],[103.8220377,1.290734],[103.8220353,1.2906999],[103.8221168,1.2906939],[103.8221103,1.2906043],[103.8213108,1.2906623],[103.8213175,1.2907533],[103.8214024,1.2907472]]]}},{"type":"Feature","id":"way/172245198-0","properties":{"building":"yes"},"geometry":{"type":"Polygon","coordinates":[[[103.8221299,1.2889826],[103.8221871,1.288982],[103.8221864,1.2889114],[103.8221292,1.288912],[103.8221299,1.2889826]]]}},{"type":"Feature","id":"way/172245199-0","properties":{"building":"yes"},"geometry":{"type":"Polygon","coordinates":[[[103.819905,1.2906128],[103.8197978,1.2906236],[103.8198068,1.2907125],[103.819914,1.2907017],[103.819905,1.2906128]]]}},{"type":"Feature","id":"way/172245203-0","properties":{"building":"yes"},"geometry":{"type":"Polygon","coordinates":[[[103.8236288,1.2888823],[103.82372,1.2888957],[103.8237267,1.2886155],[103.8237428,1.2886061],[103.8238112,1.2887857],[103.8240124,1.2887133],[103.8238756,1.2883433],[103.8237093,1.2883956],[103.8236429,1.2883924],[103.8235685,1.2883889],[103.8235859,1.2885243],[103.8236141,1.2885256],[103.8236128,1.2885672],[103.8234384,1.288594],[103.8234853,1.2888555],[103.823543,1.2888461],[103.8235444,1.2888863],[103.8236288,1.2888823]]]}},{"type":"Feature","id":"way/172245206-0","properties":{"building":"yes"},"geometry":{"type":"Polygon","coordinates":[[[103.8226132,1.2890425],[103.8226088,1.2888866],[103.8221907,1.2888984],[103.8221952,1.2890543],[103.8226132,1.2890425]]]}},{"type":"Feature","id":"way/172245214-0","properties":{"addr:city":"Singapore","addr:country":"SG","addr:housenumber":"106","addr:postcode":"150106","addr:street":"Henderson Road","building":"residential","building:levels":"14","residential":"HDB"},"geometry":{"type":"Polygon","coordinates":[[[103.8223395,1.2900548],[103.8222937,1.2894522],[103.8226964,1.2894216],[103.8226888,1.2893221],[103.8225921,1.2893294],[103.8225881,1.2892772],[103.8225579,1.2892795],[103.822562,1.289333],[103.8223999,1.2893454],[103.8223958,1.2892921],[103.8223634,1.2892945],[103.8223676,1.2893495],[103.8221959,1.2893625],[103.8222084,1.2895271],[103.8221722,1.2895298],[103.822174,1.289554],[103.8222118,1.2895511],[103.8222249,1.2897228],[103.8221862,1.2897258],[103.8221887,1.2897586],[103.822229,1.2897556],[103.8222417,1.2899222],[103.8221978,1.2899256],[103.8222001,1.289956],[103.8222454,1.2899526],[103.8222537,1.2900613],[103.8223395,1.2900548]]]}},{"type":"Feature","id":"way/172245215-0","properties":{"addr:city":"Singapore","addr:country":"SG","addr:housenumber":"102","addr:postcode":"150102","addr:street":"Henderson Road","building":"residential","building:levels":"14","residential":"HDB"},"geometry":{"type":"Polygon","coordinates":[[[103.8213983,1.290397],[103.8214647,1.2903916],[103.821466,1.2904072],[103.8215405,1.2904011],[103.8215391,1.2903836],[103.8216824,1.2903719],[103.8216837,1.2903886],[103.8217513,1.2903831],[103.8217498,1.2903642],[103.8218799,1.2903536],[103.8218812,1.2903704],[103.8219384,1.2903657],[103.8219369,1.2903472],[103.8220011,1.290342],[103.8219955,1.2902732],[103.8219653,1.2902756],[103.8219617,1.290232],[103.822,1.2902289],[103.8220016,1.2902484],[103.8220337,1.2902458],[103.8220279,1.2901745],[103.8220457,1.2901731],[103.8220257,1.2899276],[103.8220089,1.289929],[103.8220034,1.2898616],[103.821913,1.289869],[103.8219198,1.2899526],[103.82188,1.2899559],[103.8218823,1.2899833],[103.8219237,1.2899799],[103.8219363,1.2901346],[103.8218934,1.2901381],[103.8218958,1.290167],[103.8219404,1.2901634],[103.8219486,1.2902645],[103.8217277,1.2902825],[103.8217237,1.2902325],[103.8216872,1.2902355],[103.8216915,1.2902881],[103.8215081,1.2903031],[103.8215037,1.2902498],[103.8214711,1.2902525],[103.8214756,1.2903075],[103.8213916,1.2903144],[103.8213983,1.290397]]]}},{"type":"Feature","id":"way/172245216-0","properties":{"addr:city":"Singapore","addr:country":"SG","addr:housenumber":"104","addr:street":"Henderson Road","building":"residential","building:levels":"13","residential":"HDB"},"geometry":{"type":"Polygon","coordinates":[[[103.8219988,1.289365],[103.8219919,1.2892676],[103.8219111,1.2892733],[103.8219077,1.2892248],[103.8218776,1.2892269],[103.8218811,1.289277],[103.8217217,1.2892882],[103.8217183,1.2892404],[103.8216875,1.2892426],[103.8216909,1.289292],[103.8216153,1.2892973],[103.8216118,1.2892475],[103.8215795,1.2892498],[103.8215831,1.2893008],[103.8215038,1.2893063],[103.8215006,1.2892602],[103.8214707,1.2892623],[103.821474,1.28931],[103.8213136,1.2893213],[103.82131,1.2892699],[103.8212774,1.2892722],[103.8212811,1.2893253],[103.8211955,1.2893313],[103.8212018,1.289421],[103.8219988,1.289365]]]}},{"type":"Feature","id":"way/172245219-0","properties":{"addr:city":"Singapore","addr:country":"SG","addr:housename":"Alessandrea","addr:housenumber":"31","addr:postcode":"159967","addr:street":"Alexandra Road","building":"residential","height":"0","residential":"condominium"},"geometry":{"type":"Polygon","coordinates":[[[103.822369,1.2904959],[103.8223674,1.2904728],[103.8224193,1.2904692],[103.8224267,1.2905737],[103.8225464,1.2905652],[103.8225391,1.2904607],[103.8225948,1.2904568],[103.8225964,1.2904799],[103.8226855,1.2904736],[103.8226839,1.2904506],[103.8227335,1.2904471],[103.8227408,1.2905516],[103.8228644,1.2905429],[103.822857,1.2904384],[103.8229111,1.2904346],[103.8229127,1.2904576],[103.8229681,1.2904538],[103.8229624,1.2903737],[103.8229483,1.2903747],[103.8229464,1.2903472],[103.8228321,1.2903552],[103.822831,1.2903406],[103.8227483,1.2903464],[103.8227493,1.2903611],[103.8225116,1.2903778],[103.8225105,1.2903631],[103.8224355,1.2903684],[103.8224365,1.2903831],[103.8223157,1.2903915],[103.8223176,1.2904191],[103.8223057,1.2904199],[103.8223114,1.2904999],[103.822369,1.2904959]]]}},{"type":"Feature","id":"way/172245221-0","properties":{"addr:city":"Singapore","addr:country":"SG","addr:housenumber":"103","addr:postcode":"150103","addr:street":"Henderson Road","building":"residential","building:levels":"14","residential":"HDB"},"geometry":{"type":"Polygon","coordinates":[[[103.8214322,1.2901498],[103.8214257,1.2900615],[103.8214756,1.2900579],[103.8214734,1.290028],[103.8214226,1.2900317],[103.821411,1.2898728],[103.8214643,1.289869],[103.8214623,1.2898413],[103.8214106,1.2898451],[103.8214037,1.2897502],[103.8216289,1.2897337],[103.8216317,1.2897723],[103.8216664,1.2897698],[103.8216636,1.2897314],[103.8218506,1.2897178],[103.8218532,1.2897543],[103.8218813,1.2897523],[103.8218786,1.2897159],[103.8219613,1.2897099],[103.8219549,1.2896219],[103.8213454,1.2896663],[103.8213533,1.2897743],[103.8213151,1.2897771],[103.8213427,1.2901563],[103.8214322,1.2901498]]]}},{"type":"Feature","id":"way/172245228-0","properties":{"addr:city":"Singapore","addr:country":"SG","addr:housenumber":"105","addr:postcode":"150105","addr:street":"Henderson Road","building":"residential","building:levels":"25","residential":"HDB","roof:levels":"1","roof:shape":"flat"},"geometry":{"type":"Polygon","coordinates":[[[103.8223732,1.2902769],[103.8224483,1.2902481],[103.8225201,1.2902152],[103.8225281,1.2902346],[103.8225704,1.2902165],[103.8225583,1.2901944],[103.822626,1.2901441],[103.8227266,1.2900536],[103.822742,1.2900637],[103.8227729,1.2900262],[103.8227561,1.2900148],[103.8227789,1.2899832],[103.8228212,1.2899062],[103.8228493,1.2898398],[103.8228614,1.2897828],[103.8228728,1.289697],[103.8227937,1.2897084],[103.8227896,1.2897764],[103.8227461,1.2897731],[103.8227427,1.2897965],[103.8227863,1.2898029],[103.8227752,1.2898321],[103.822737,1.2898187],[103.8227276,1.2898421],[103.8227638,1.2898562],[103.8227568,1.2898746],[103.8227192,1.2898606],[103.8227075,1.2898857],[103.822742,1.2899035],[103.8227293,1.2899293],[103.8226954,1.2899065],[103.822679,1.2899296],[103.8227172,1.2899517],[103.8226689,1.2900047],[103.8226411,1.2899829],[103.822619,1.2900057],[103.8226438,1.2900298],[103.822627,1.2900466],[103.8226039,1.2900215],[103.8225838,1.2900406],[103.8226046,1.2900657],[103.8225908,1.2900781],[103.822572,1.2900513],[103.8225472,1.2900674],[103.8225663,1.2900962],[103.8225472,1.2901086],[103.8225305,1.2900801],[103.822504,1.2900982],[103.8225194,1.2901267],[103.8224865,1.2901475],[103.8224701,1.2901153],[103.8224436,1.2901264],[103.822455,1.2901602],[103.8224342,1.2901686],[103.8224218,1.2901348],[103.8223933,1.2901448],[103.8224044,1.2901783],[103.8223856,1.2901847],[103.8223789,1.2901492],[103.8223514,1.2901552],[103.8223568,1.2901911],[103.82233,1.2901971],[103.8223283,1.2901606],[103.8223001,1.2901602],[103.8223035,1.2902008],[103.8222907,1.2902028],[103.8222988,1.2902916],[103.8223732,1.2902769]]]}},{"type":"Feature","id":"way/509240845-0","properties":{"addr:city":"Singapore","addr:country":"SG","addr:housenumber":"99","addr:street":"Prince Charles Crescent","building":"residential","building:levels":"24","image":"https://images.mapillary.com/NJvYujiEZd-SWVGTa54R0w/thumb-2048.jpg","mapillary":"1925828614241216","residential":"condominium"},"geometry":{"type":"Polygon","coordinates":[[[103.8228704,1.2924722],[103.8229311,1.2924943],[103.8229529,1.2924345],[103.8229149,1.2924206],[103.822962,1.2922914],[103.8229108,1.2922727],[103.8228995,1.2923037],[103.8227404,1.2922457],[103.8227204,1.2923005],[103.8227762,1.2923208],[103.8227594,1.2923669],[103.8226907,1.2923418],[103.8226697,1.2923996],[103.8227347,1.2924233],[103.8227287,1.2924399],[103.8228642,1.2924892],[103.8228704,1.2924722]]]}},{"type":"Feature","id":"way/509240846-0","properties":{"addr:city":"Singapore","addr:country":"SG","addr:housenumber":"97","addr:street":"Prince Charles Crescent","building":"residential","building:levels":"24","image":"https://images.mapillary.com/NJvYujiEZd-SWVGTa54R0w/thumb-2048.jpg","mapillary":"1925828614241216","residential":"condominium"},"geometry":{"type":"Polygon","coordinates":[[[103.8225798,1.2925472],[103.8224603,1.2925052],[103.8224709,1.2924749],[103.8225068,1.2924875],[103.8225417,1.2923881],[103.8224829,1.2923675],[103.8224751,1.2923899],[103.8222652,1.2923161],[103.8222448,1.292374],[103.8222972,1.2923924],[103.8222784,1.2924461],[103.8221958,1.292417],[103.8221714,1.2924865],[103.8225539,1.292621],[103.8225798,1.2925472]]]}},{"type":"Feature","id":"way/509240847-0","properties":{"addr:city":"Singapore","addr:country":"SG","addr:housenumber":"95","addr:street":"Prince Charles Crescent","building":"residential","building:levels":"24","residential":"condominium"},"geometry":{"type":"Polygon","coordinates":[[[103.8220055,1.2926279],[103.8218591,1.2925755],[103.8218705,1.2925436],[103.821906,1.2925563],[103.8219414,1.2924572],[103.8218825,1.2924361],[103.8218743,1.2924592],[103.8216651,1.2923843],[103.8216442,1.2924426],[103.8216968,1.2924614],[103.8216776,1.292515],[103.8215956,1.2924856],[103.8215704,1.292556],[103.8219789,1.2927022],[103.8220055,1.2926279]]]}},{"type":"Feature","id":"way/509240848-0","properties":{"addr:city":"Singapore","addr:country":"SG","addr:housenumber":"93","addr:street":"Prince Charles Crescent","building":"residential","building:levels":"24","residential":"condominium"},"geometry":{"type":"Polygon","coordinates":[[[103.8214315,1.2926607],[103.8212837,1.2926132],[103.8212942,1.2925807],[103.8213303,1.2925923],[103.8213626,1.292492],[103.8213032,1.2924729],[103.8212958,1.292496],[103.821136,1.2924447],[103.8210999,1.2925569],[103.8210176,1.2925304],[103.8209944,1.2926024],[103.8214075,1.2927352],[103.8214315,1.2926607]]]}},{"type":"Feature","id":"way/516046440-0","properties":{"addr:housenumber":"101","addr:street":"Prince Charles Crescent","building":"apartments","building:levels":"23","roof:levels":"0","start_date":"2012"},"geometry":{"type":"Polygon","coordinates":[[[103.8204763,1.2925202],[103.8204209,1.2924755],[103.8203262,1.2925308],[103.8203507,1.2926042],[103.8202911,1.2926064],[103.8203081,1.2926245],[103.8202783,1.2926596],[103.8202975,1.29275],[103.820355,1.2927522],[103.8203699,1.2927969],[103.8204146,1.2928479],[103.8204667,1.2927788],[103.8205849,1.2927745],[103.820538,1.2926575],[103.820653,1.292634],[103.8206062,1.292534],[103.8205263,1.2924627],[103.8204763,1.2925202]]]}},{"type":"Feature","id":"way/516046443-0","properties":{"addr:housenumber":"103","addr:street":"Prince Charles Crescent","building":"apartments","building:levels":"23","image":"https://images.mapillary.com/PrdXbVJyjLsO_9lTVsgZnQ/thumb-2048.jpg","mapillary":"554663262585199","roof:levels":"0","start_date":"2012"},"geometry":{"type":"Polygon","coordinates":[[[103.8199045,1.2925674],[103.8198491,1.2925227],[103.8197544,1.2925781],[103.8197789,1.2926515],[103.8197193,1.2926536],[103.8197363,1.2926717],[103.8197065,1.2927068],[103.8197256,1.2927973],[103.8197831,1.2927994],[103.819798,1.2928441],[103.8198427,1.2928952],[103.8198949,1.292826],[103.820013,1.2928217],[103.8199662,1.2927047],[103.8200812,1.2926813],[103.8200343,1.2925812],[103.8199545,1.2925099],[103.8199045,1.2925674]]]}},{"type":"Feature","id":"way/595428337-0","properties":{"building:colour":"#DEDFD6","building:levels":"19","building:material":"concrete","building:min_level":"4","building:part":"yes","roof:colour":"#D0D1CB","roof:material":"concrete"},"geometry":{"type":"Polygon","coordinates":[[[103.8229483,1.2903747],[103.8229464,1.2903472],[103.8228321,1.2903552],[103.822831,1.2903406],[103.8227483,1.2903464],[103.8227493,1.2903611],[103.8225116,1.2903778],[103.8225105,1.2903631],[103.8224355,1.2903684],[103.8224365,1.2903831],[103.8223157,1.2903915],[103.8223176,1.2904191],[103.8223057,1.2904199],[103.8223114,1.2904999],[103.822369,1.2904959],[103.8223674,1.2904728],[103.8224193,1.2904692],[103.8224424,1.2904675],[103.8225175,1.2904622],[103.8225391,1.2904607],[103.8225948,1.2904568],[103.8225964,1.2904799],[103.8226855,1.2904736],[103.8226839,1.2904506],[103.8227335,1.2904471],[103.8227552,1.2904455],[103.822838,1.2904397],[103.822857,1.2904384],[103.8229111,1.2904346],[103.8229127,1.2904576],[103.8229681,1.2904538],[103.8229624,1.2903737],[103.8229483,1.2903747]]]}},{"type":"Feature","id":"way/595428338-0","properties":{"building:colour":"#E3D390","building:levels":"4","building:material":"concrete","building:part":"yes"},"geometry":{"type":"Polygon","coordinates":[[[103.8228321,1.2903552],[103.822831,1.2903406],[103.8227483,1.2903464],[103.8227493,1.2903611],[103.8225116,1.2903778],[103.8225105,1.2903631],[103.8224355,1.2903684],[103.8224365,1.2903831],[103.8223157,1.2903915],[103.8223176,1.2904191],[103.8223057,1.2904199],[103.8223114,1.2904999],[103.822369,1.2904959],[103.8223674,1.2904728],[103.8224193,1.2904692],[103.8224424,1.2904675],[103.8225175,1.2904622],[103.8225391,1.2904607],[103.8225948,1.2904568],[103.8225964,1.2904799],[103.8226855,1.2904736],[103.8226839,1.2904506],[103.8227335,1.2904471],[103.8227552,1.2904455],[103.822838,1.2904397],[103.822857,1.2904384],[103.8229111,1.2904346],[103.8229127,1.2904576],[103.8229681,1.2904538],[103.8229624,1.2903737],[103.8229483,1.2903747],[103.8229464,1.2903472],[103.8228321,1.2903552]]]}},{"type":"Feature","id":"way/595428339-0","properties":{"building:colour":"#E3D390","building:levels":"21","building:material":"concrete","building:min_level":"19","building:part":"yes","roof:colour":"#EF8A6B","roof:levels":"1","roof:material":"roof_tiles","roof:shape":"pyramidal"},"geometry":{"type":"Polygon","coordinates":[[[103.8224424,1.2904675],[103.8225175,1.2904622],[103.8225116,1.2903778],[103.8225105,1.2903631],[103.8224355,1.2903684],[103.8224365,1.2903831],[103.8224424,1.2904675]]]}},{"type":"Feature","id":"way/595428340-0","properties":{"building:colour":"#E3D390","building:levels":"21","building:material":"concrete","building:min_level":"19","building:part":"yes","roof:colour":"#EF8A6B","roof:levels":"1","roof:material":"roof_tiles","roof:shape":"pyramidal"},"geometry":{"type":"Polygon","coordinates":[[[103.8228321,1.2903552],[103.822831,1.2903406],[103.8227483,1.2903464],[103.8227493,1.2903611],[103.8227552,1.2904455],[103.822838,1.2904397],[103.8228321,1.2903552]]]}},{"type":"Feature","id":"way/595428341-0","properties":{"building:colour":"#E3D390","building:levels":"16","building:material":"concrete","building:part":"yes","roof:colour":"#D6CFC6","roof:levels":"1","roof:material":"glass","roof:shape":"pyramidal"},"geometry":{"type":"Polygon","coordinates":[[[103.8224267,1.2905737],[103.8225464,1.2905652],[103.8225391,1.2904607],[103.8225175,1.2904622],[103.8224424,1.2904675],[103.8224193,1.2904692],[103.8224267,1.2905737]]]}},{"type":"Feature","id":"way/595428342-0","properties":{"building:colour":"#E3D390","building:levels":"16","building:material":"concrete","building:part":"yes","roof:colour":"#D6CFC6","roof:levels":"1","roof:material":"glass","roof:shape":"pyramidal"},"geometry":{"type":"Polygon","coordinates":[[[103.8227408,1.2905516],[103.8228644,1.2905429],[103.822857,1.2904384],[103.822838,1.2904397],[103.8227552,1.2904455],[103.8227335,1.2904471],[103.8227408,1.2905516]]]}},{"type":"Feature","id":"way/1263239246-0","properties":{"addr:housenumber":"33","addr:postcode":"247657","addr:street":"Jervois Road","building":"apartments","building:levels":"5","condo":"yes"},"geometry":{"type":"Polygon","coordinates":[[[103.8232852,1.2930155],[103.8231907,1.2928371],[103.8229896,1.2929437],[103.8230841,1.293122],[103.8232852,1.2930155]]]}},{"type":"Feature","id":"way/1292884717-0","properties":{"addr:city":"Singapore","addr:country":"SG","addr:housenumber":"141","addr:postcode":"150141","addr:street":"Prince Charles Crescent","amenity":"shelter","building":"construction","building:levels":"1","construction":"roof","layer":"1","shelter_type":"pavilion"},"geometry":{"type":"Polygon","coordinates":[[[103.8224892,1.2911353],[103.8225006,1.2912392],[103.8226674,1.2912209],[103.8226603,1.2911558],[103.8226582,1.2911369],[103.8224892,1.2911353]]]}},{"type":"Feature","id":"way/1292884718-0","properties":{"addr:city":"Singapore","addr:country":"SG","addr:housenumber":"142","addr:postcode":"150142","addr:street":"Prince Charles Crescent","building":"construction","building:levels":"3","construction":"utility","power":"substation"},"geometry":{"type":"Polygon","coordinates":[[[103.8220988,1.2912219],[103.8221054,1.2912825],[103.822383,1.291252],[103.8223742,1.2911722],[103.8220967,1.2912026],[103.8220988,1.2912219]]]}},{"type":"Feature","id":"way/1292884719-0","properties":{"addr:city":"Singapore","addr:country":"SG","addr:housenumber":"139","addr:postcode":"150139","addr:street":"Prince Charles Crescent","building":"construction","building:levels":"3","construction":"social"},"geometry":{"type":"Polygon","coordinates":[[[103.8212357,1.2914169],[103.8218721,1.2913472],[103.8218713,1.2913393],[103.8219155,1.2913344],[103.8219505,1.2913306],[103.8219405,1.2912393],[103.8219383,1.2912199],[103.8212135,1.2912993],[103.8212219,1.2913756],[103.8212265,1.2914179],[103.8212357,1.2914169]]]}},{"type":"Feature","id":"way/1292884720-0","properties":{"addr:city":"Singapore","addr:country":"SG","addr:housenumber":"140","addr:postcode":"150140","addr:street":"Prince Charles Crescent","amenity":"parking","building":"construction","building:levels":"10","construction":"parking","parking":"multi-storey","roof:levels":"1","roof:material":"grass","roof:shape":"flat"},"geometry":{"type":"Polygon","coordinates":[[[103.8204344,1.2914754],[103.8204329,1.291462],[103.8204249,1.2913894],[103.8203951,1.2913927],[103.8203871,1.2913966],[103.8203822,1.2914034],[103.820379,1.291412],[103.8203897,1.2915104],[103.8203279,1.2915172],[103.8202776,1.2915227],[103.8202501,1.2915328],[103.8202355,1.2915424],[103.8202229,1.2915543],[103.8202097,1.2915704],[103.8201316,1.291579],[103.8201551,1.2917935],[103.8202121,1.2917872],[103.8202134,1.2917986],[103.820227,1.2919225],[103.8202312,1.2919307],[103.820238,1.2919355],[103.8202478,1.2919359],[103.820249,1.2919471],[103.8202502,1.2919581],[103.8202915,1.2919536],[103.8202945,1.2919641],[103.8203015,1.291972],[103.8203144,1.2919741],[103.8203709,1.2919679],[103.8203684,1.2919451],[103.8209499,1.2918814],[103.8209528,1.2919078],[103.8210117,1.2919013],[103.8210112,1.2918963],[103.8211142,1.291885],[103.8211184,1.2918824],[103.8211229,1.2918777],[103.821126,1.2918716],[103.8211218,1.2918335],[103.8210832,1.2914812],[103.8210767,1.2914213],[103.8210734,1.291415],[103.8210684,1.2914107],[103.8210617,1.2914066],[103.8204344,1.2914754]]]}},{"type":"Feature","id":"way/1417218133-0","properties":{"addr:city":"Singapore","addr:country":"SG","addr:housenumber":"138","addr:postcode":"150138","addr:street":"Prince Charles Crescent","amenity":"shelter","building":"construction","building:levels":"1","construction":"roof","layer":"1","shelter_type":"pavilion"},"geometry":{"type":"Polygon","coordinates":[[[103.8197157,1.2913897],[103.819548,1.291408],[103.8195591,1.2915087],[103.8196455,1.2914992],[103.8197267,1.2914903],[103.8197157,1.2913897]]]}},{"type":"Feature","id":"way/1545578691-0","properties":{"addr:housenumber":"12","addr:street":"Jervois Road","building":"yes"},"geometry":{"type":"Polygon","coordinates":[[[103.8241028,1.2929584],[103.8240334,1.2928635],[103.8239841,1.2928036],[103.8239154,1.2928562],[103.8239474,1.2929031],[103.8239247,1.2929179],[103.8238914,1.2928816],[103.8238236,1.2929247],[103.8239312,1.2930728],[103.8241028,1.2929584]]]}},{"type":"Feature","id":"way/22945157-0-0-0","properties":{"highway":"secondary","lanes":"1","maxspeed":"40","name":"Henderson Road","oneway":"yes","sidewalk":"left","surface":"asphalt"},"geometry":{"type":"LineString","coordinates":[[103.8226661,1.2886162],[103.8226657,1.2885167]]}},{"type":"Feature","id":"way/74863959-0-1-0","properties":{"highway":"secondary","lanes":"4","lanes:backward":"2","lanes:forward":"2","maxspeed":"50","name":"Tiong Bahru Road","name:en":"Tiong Bahru Road","name:zh":"\u4e2d\u5cc7\u9c81\u8def","surface":"asphalt","turn:lanes:backward":"left;through|through;right"},"geometry":{"type":"LineString","coordinates":[[103.8221412,1.2884742],[103.8220559,1.2885118]]}},{"type":"Feature","id":"way/74863959-0-2-0","properties":{"highway":"secondary","lanes":"4","lanes:backward":"2","lanes:forward":"2","maxspeed":"50","name":"Tiong Bahru Road","name:en":"Tiong Bahru Road","name:zh":"\u4e2d\u5cc7\u9c81\u8def","surface":"asphalt","turn:lanes:backward":"left;through|through;right"},"geometry":{"type":"LineString","coordinates":[[103.8220559,1.2885118],[103.821971,1.2885399]]}},{"type":"Feature","id":"way/161136208-0-0-0","properties":{"bridge":"yes","highway":"residential","lanes":"2","lanes:backward":"1","lanes:forward":"1","layer":"1","maxspeed":"40","name":"Prince Charles East Bridge","name:etymology:wikidata":"Q43274","name:ms":"Jambatan Prince Charles East","surface":"asphalt"},"geometry":{"type":"LineString","coordinates":[[103.8232656,1.2917862],[103.8232873,1.2920661]]}},{"type":"Feature","id":"way/161136211-0-0-0","properties":{"highway":"residential","lanes":"2","maxspeed":"40","name":"Prince Charles Crescent","name:etymology:wikidata":"Q43274","oneway":"yes","surface":"asphalt","turn:lanes":"left;through|right"},"geometry":{"type":"LineString","coordinates":[[103.8231178,1.2909052],[103.8231358,1.2910075]]}},{"type":"Feature","id":"way/161136211-0-1-0","properties":{"highway":"residential","lanes":"2","maxspeed":"40","name":"Prince Charles Crescent","name:etymology:wikidata":"Q43274","oneway":"yes","surface":"asphalt","turn:lanes":"left;through|right"},"geometry":{"type":"LineString","coordinates":[[103.8231358,1.2910075],[103.8231776,1.2914254]]}},{"type":"Feature","id":"way/172245190-0-0-0","properties":{"highway":"service","lanes":"1","oneway":"yes","service":"parking_aisle","surface":"asphalt"},"geometry":{"type":"LineString","coordinates":[[103.8210917,1.2907755],[103.8210998,1.2907522]]}},{"type":"Feature","id":"way/172245190-0-1-0","properties":{"highway":"service","lanes":"1","oneway":"yes","service":"parking_aisle","surface":"asphalt"},"geometry":{"type":"LineString","coordinates":[[103.8210998,1.2907522],[103.821074,1.2905749]]}},{"type":"Feature","id":"way/172245195-0-0-0","properties":{"highway":"service","lanes":"2","lanes:backward":"1","lanes:forward":"1","service":"driveway","sidewalk":"left","surface":"asphalt"},"geometry":{"type":"LineString","coordinates":[[103.8210496,1.2889991],[103.8210653,1.289155]]}},{"type":"Feature","id":"way/172245195-0-1-0","properties":{"highway":"service","lanes":"2","lanes:backward":"1","lanes:forward":"1","service":"driveway","sidewalk":"left","surface":"asphalt"},"geometry":{"type":"LineString","coordinates":[[103.8210653,1.289155],[103.8211249,1.289747]]}},{"type":"Feature","id":"way/172245195-0-2-0","properties":{"highway":"service","lanes":"2","lanes:backward":"1","lanes:forward":"1","service":"driveway","sidewalk":"left","surface":"asphalt"},"geometry":{"type":"LineString","coordinates":[[103.8211249,1.289747],[103.82118,1.2902935]]}},{"type":"Feature","id":"way/172245195-0-3-0","properties":{"highway":"service","lanes":"2","lanes:backward":"1","lanes:forward":"1","service":"driveway","sidewalk":"left","surface":"asphalt"},"geometry":{"type":"LineString","coordinates":[[103.82118,1.2902935],[103.8211988,1.2904805]]}},{"type":"Feature","id":"way/172245195-0-4-0","properties":{"highway":"service","lanes":"2","lanes:backward":"1","lanes:forward":"1","service":"driveway","sidewalk":"left","surface":"asphalt"},"geometry":{"type":"LineString","coordinates":[[103.8211988,1.2904805],[103.8212241,1.2905024]]}},{"type":"Feature","id":"way/172245196-0-0-0","properties":{"check_date:surface":"2026-02-09","highway":"service","lanes":"1","oneway":"yes","service":"parking_aisle","surface":"asphalt","turn:lanes":"right"},"geometry":{"type":"LineString","coordinates":[[103.820862,1.2890657],[103.8208832,1.2890618]]}},{"type":"Feature","id":"way/172245196-0-1-0","properties":{"check_date:surface":"2026-02-09","highway":"service","lanes":"1","oneway":"yes","service":"parking_aisle","surface":"asphalt","turn:lanes":"right"},"geometry":{"type":"LineString","coordinates":[[103.8208832,1.2890618],[103.820904,1.2890552]]}},{"type":"Feature","id":"way/172245196-0-2-0","properties":{"check_date:surface":"2026-02-09","highway":"service","lanes":"1","oneway":"yes","service":"parking_aisle","surface":"asphalt","turn:lanes":"right"},"geometry":{"type":"LineString","coordinates":[[103.820904,1.2890552],[103.8209171,1.2890496]]}},{"type":"Feature","id":"way/172245196-0-3-0","properties":{"check_date:surface":"2026-02-09","highway":"service","lanes":"1","oneway":"yes","service":"parking_aisle","surface":"asphalt","turn:lanes":"right"},"geometry":{"type":"LineString","coordinates":[[103.8209171,1.2890496],[103.8209344,1.2890382]]}},{"type":"Feature","id":"way/172245196-0-4-0","properties":{"check_date:surface":"2026-02-09","highway":"service","lanes":"1","oneway":"yes","service":"parking_aisle","surface":"asphalt","turn:lanes":"right"},"geometry":{"type":"LineString","coordinates":[[103.8209344,1.2890382],[103.8209459,1.2890267]]}},{"type":"Feature","id":"way/172245202-0-0-0","properties":{"highway":"service","lanes":"2","lanes:backward":"1","lanes:forward":"1","name":"Henderson Crescent","service":"parking_aisle","surface":"asphalt"},"geometry":{"type":"LineString","coordinates":[[103.8221528,1.2892302],[103.822205,1.2892257]]}},{"type":"Feature","id":"way/172245202-0-1-0","properties":{"highway":"service","lanes":"2","lanes:backward":"1","lanes:forward":"1","name":"Henderson Crescent","service":"parking_aisle","surface":"asphalt"},"geometry":{"type":"LineString","coordinates":[[103.822205,1.2892257],[103.8222851,1.2892219]]}},{"type":"Feature","id":"way/172245202-0-2-0","properties":{"highway":"service","lanes":"2","lanes:backward":"1","lanes:forward":"1","name":"Henderson Crescent","service":"parking_aisle","surface":"asphalt"},"geometry":{"type":"LineString","coordinates":[[103.8222851,1.2892219],[103.8223115,1.2892192]]}},{"type":"Feature","id":"way/172245205-0-0-0","properties":{"highway":"service","lanes":"2","lanes:backward":"1","lanes:forward":"1","oneway":"no","surface":"asphalt","turn:lanes:forward":"through"},"geometry":{"type":"LineString","coordinates":[[103.8209252,1.290797],[103.8207706,1.2908105]]}},{"type":"Feature","id":"way/172245207-0-0-0","properties":{"highway":"service","lanes":"1","name":"Henderson Crescent","oneway":"yes","service":"parking_aisle","surface":"asphalt","turn:lanes":"right"},"geometry":{"type":"LineString","coordinates":[[103.8219851,1.2889394],[103.8220094,1.2890964]]}},{"type":"Feature","id":"way/172245207-0-1-0","properties":{"highway":"service","lanes":"1","name":"Henderson Crescent","oneway":"yes","service":"parking_aisle","surface":"asphalt","turn:lanes":"right"},"geometry":{"type":"LineString","coordinates":[[103.8220094,1.2890964],[103.8220281,1.2891447]]}},{"type":"Feature","id":"way/172245207-0-2-0","properties":{"highway":"service","lanes":"1","name":"Henderson Crescent","oneway":"yes","service":"parking_aisle","surface":"asphalt","turn:lanes":"right"},"geometry":{"type":"LineString","coordinates":[[103.8220281,1.2891447],[103.8220891,1.289199]]}},{"type":"Feature","id":"way/172245212-0-0-0","properties":{"highway":"service","lanes":"1","oneway":"yes","service":"driveway","surface":"asphalt"},"geometry":{"type":"LineString","coordinates":[[103.8212053,1.2905549],[103.8212108,1.2905821]]}},{"type":"Feature","id":"way/172245212-0-1-0","properties":{"highway":"service","lanes":"1","oneway":"yes","service":"driveway","surface":"asphalt"},"geometry":{"type":"LineString","coordinates":[[103.8212108,1.2905821],[103.8212216,1.2906014]]}},{"type":"Feature","id":"way/172245212-0-2-0","properties":{"highway":"service","lanes":"1","oneway":"yes","service":"driveway","surface":"asphalt"},"geometry":{"type":"LineString","coordinates":[[103.8212216,1.2906014],[103.821242,1.2906201]]}},{"type":"Feature","id":"way/172245212-0-3-0","properties":{"highway":"service","lanes":"1","oneway":"yes","service":"driveway","surface":"asphalt"},"geometry":{"type":"LineString","coordinates":[[103.821242,1.2906201],[103.8212578,1.2906279]]}},{"type":"Feature","id":"way/172245212-0-4-0","properties":{"highway":"service","lanes":"1","oneway":"yes","service":"driveway","surface":"asphalt"},"geometry":{"type":"LineString","coordinates":[[103.8212578,1.2906279],[103.8212649,1.2906292]]}},{"type":"Feature","id":"way/172245212-0-5-0","properties":{"highway":"service","lanes":"1","oneway":"yes","service":"driveway","surface":"asphalt"},"geometry":{"type":"LineString","coordinates":[[103.8212649,1.2906292],[103.8212851,1.2906327]]}},{"type":"Feature","id":"way/172245212-0-6-0","properties":{"highway":"service","lanes":"1","oneway":"yes","service":"driveway","surface":"asphalt"},"geometry":{"type":"LineString","coordinates":[[103.8212851,1.2906327],[103.8213124,1.2906278]]}},{"type":"Feature","id":"way/172245212-0-7-0","properties":{"highway":"service","lanes":"1","oneway":"yes","service":"driveway","surface":"asphalt"},"geometry":{"type":"LineString","coordinates":[[103.8213124,1.2906278],[103.8213293,1.2906192]]}},{"type":"Feature","id":"way/172245212-0-8-0","properties":{"highway":"service","lanes":"1","oneway":"yes","service":"driveway","surface":"asphalt"},"geometry":{"type":"LineString","coordinates":[[103.8213293,1.2906192],[103.8213493,1.2906001]]}},{"type":"Feature","id":"way/172245212-0-9-0","properties":{"highway":"service","lanes":"1","oneway":"yes","service":"driveway","surface":"asphalt"},"geometry":{"type":"LineString","coordinates":[[103.8213493,1.2906001],[103.8213578,1.2905855]]}},{"type":"Feature","id":"way/172245212-0-10-0","properties":{"highway":"service","lanes":"1","oneway":"yes","service":"driveway","surface":"asphalt"},"geometry":{"type":"LineString","coordinates":[[103.8213578,1.2905855],[103.8213646,1.2905586]]}},{"type":"Feature","id":"way/172245212-0-11-0","properties":{"highway":"service","lanes":"1","oneway":"yes","service":"driveway","surface":"asphalt"},"geometry":{"type":"LineString","coordinates":[[103.8213646,1.2905586],[103.8213642,1.2905434]]}},{"type":"Feature","id":"way/172245212-0-12-0","properties":{"highway":"service","lanes":"1","oneway":"yes","service":"driveway","surface":"asphalt"},"geometry":{"type":"LineString","coordinates":[[103.8213642,1.2905434],[103.8213561,1.2905169]]}},{"type":"Feature","id":"way/172245212-0-13-0","properties":{"highway":"service","lanes":"1","oneway":"yes","service":"driveway","surface":"asphalt"},"geometry":{"type":"LineString","coordinates":[[103.8213561,1.2905169],[103.8213468,1.2905025]]}},{"type":"Feature","id":"way/172245212-0-14-0","properties":{"highway":"service","lanes":"1","oneway":"yes","service":"driveway","surface":"asphalt"},"geometry":{"type":"LineString","coordinates":[[103.8213468,1.2905025],[103.8213142,1.2904787]]}},{"type":"Feature","id":"way/172245212-0-15-0","properties":{"highway":"service","lanes":"1","oneway":"yes","service":"driveway","surface":"asphalt"},"geometry":{"type":"LineString","coordinates":[[103.8213142,1.2904787],[103.8212871,1.2904732]]}},{"type":"Feature","id":"way/172245212-0-16-0","properties":{"highway":"service","lanes":"1","oneway":"yes","service":"driveway","surface":"asphalt"},"geometry":{"type":"LineString","coordinates":[[103.8212871,1.2904732],[103.8212551,1.290479]]}},{"type":"Feature","id":"way/172245212-0-17-0","properties":{"highway":"service","lanes":"1","oneway":"yes","service":"driveway","surface":"asphalt"},"geometry":{"type":"LineString","coordinates":[[103.8212551,1.290479],[103.8212316,1.2904936]]}},{"type":"Feature","id":"way/172245212-0-18-0","properties":{"highway":"service","lanes":"1","oneway":"yes","service":"driveway","surface":"asphalt"},"geometry":{"type":"LineString","coordinates":[[103.8212316,1.2904936],[103.8212241,1.2905024]]}},{"type":"Feature","id":"way/172245212-0-19-0","properties":{"highway":"service","lanes":"1","oneway":"yes","service":"driveway","surface":"asphalt"},"geometry":{"type":"LineString","coordinates":[[103.8212241,1.2905024],[103.8212182,1.2905093]]}},{"type":"Feature","id":"way/172245212-0-20-0","properties":{"highway":"service","lanes":"1","oneway":"yes","service":"driveway","surface":"asphalt"},"geometry":{"type":"LineString","coordinates":[[103.8212182,1.2905093],[103.8212073,1.2905348]]}},{"type":"Feature","id":"way/172245212-0-21-0","properties":{"highway":"service","lanes":"1","oneway":"yes","service":"driveway","surface":"asphalt"},"geometry":{"type":"LineString","coordinates":[[103.8212073,1.2905348],[103.8212053,1.2905549]]}},{"type":"Feature","id":"way/172245222-0-0-0","properties":{"highway":"service","lanes":"1","oneway":"yes","surface":"asphalt","turn:lanes":"left;through;right"},"geometry":{"type":"LineString","coordinates":[[103.8207924,1.2909752],[103.8207782,1.2908864]]}},{"type":"Feature","id":"way/172245222-0-1-0","properties":{"highway":"service","lanes":"1","oneway":"yes","surface":"asphalt","turn:lanes":"left;through;right"},"geometry":{"type":"LineString","coordinates":[[103.8207782,1.2908864],[103.8207706,1.2908105]]}},{"type":"Feature","id":"way/172245223-0-0-0","properties":{"highway":"service","lanes":"2","lanes:backward":"1","lanes:forward":"1","oneway":"no","sidewalk":"left","surface":"asphalt"},"geometry":{"type":"LineString","coordinates":[[103.8216371,1.2888127],[103.8213523,1.2888357]]}},{"type":"Feature","id":"way/172245225-0-0-0","properties":{"highway":"service","lanes":"1","oneway":"yes","surface":"asphalt"},"geometry":{"type":"LineString","coordinates":[[103.8207706,1.2908105],[103.8203099,1.2908474]]}},{"type":"Feature","id":"way/172245225-0-1-0","properties":{"highway":"service","lanes":"1","oneway":"yes","surface":"asphalt"},"geometry":{"type":"LineString","coordinates":[[103.8203099,1.2908474],[103.8202865,1.2908621]]}},{"type":"Feature","id":"way/172245225-0-2-0","properties":{"highway":"service","lanes":"1","oneway":"yes","surface":"asphalt"},"geometry":{"type":"LineString","coordinates":[[103.8202865,1.2908621],[103.8202751,1.2908849]]}},{"type":"Feature","id":"way/172245225-0-3-0","properties":{"highway":"service","lanes":"1","oneway":"yes","surface":"asphalt"},"geometry":{"type":"LineString","coordinates":[[103.8202751,1.2908849],[103.8202688,1.2909331]]}},{"type":"Feature","id":"way/172245225-0-4-0","properties":{"highway":"service","lanes":"1","oneway":"yes","surface":"asphalt"},"geometry":{"type":"LineString","coordinates":[[103.8202688,1.2909331],[103.8202586,1.2910252]]}},{"type":"Feature","id":"way/174035934-0-0-0","properties":{"highway":"secondary","lanes":"2","lanes:backward":"1","lanes:forward":"1","maxspeed":"40","name":"Henderson Road","oneway":"no","sidewalk":"right","surface":"asphalt"},"geometry":{"type":"LineString","coordinates":[[103.822686,1.2887348],[103.8227998,1.289168]]}},{"type":"Feature","id":"way/440545199-0-4-0","properties":{"highway":"service","lanes":"2","oneway":"yes","service":"driveway","surface":"asphalt"},"geometry":{"type":"LineString","coordinates":[[103.8215379,1.2885104],[103.8214924,1.2885961]]}},{"type":"Feature","id":"way/464779233-0-0-0","properties":{"check_date:surface":"2026-02-06","highway":"service","lanes":"1","oneway":"yes","service":"parking_aisle","surface":"asphalt"},"geometry":{"type":"LineString","coordinates":[[103.8209679,1.2888677],[103.8204197,1.2889113]]}},{"type":"Feature","id":"way/464779234-0-0-0","properties":{"check_date:surface":"2026-02-06","highway":"service","lanes":"1","oneway":"yes","service":"parking_aisle","surface":"asphalt"},"geometry":{"type":"LineString","coordinates":[[103.8204397,1.2891063],[103.820862,1.2890657]]}},{"type":"Feature","id":"way/464779235-0-0-0","properties":{"check_date:surface":"2026-02-06","highway":"service","lanes":"1","oneway":"yes","service":"parking_aisle","surface":"asphalt"},"geometry":{"type":"LineString","coordinates":[[103.8204197,1.2889113],[103.8203979,1.2889162]]}},{"type":"Feature","id":"way/464779235-0-1-0","properties":{"check_date:surface":"2026-02-06","highway":"service","lanes":"1","oneway":"yes","service":"parking_aisle","surface":"asphalt"},"geometry":{"type":"LineString","coordinates":[[103.8203979,1.2889162],[103.8203785,1.2889331]]}},{"type":"Feature","id":"way/464779235-0-2-0","properties":{"check_date:surface":"2026-02-06","highway":"service","lanes":"1","oneway":"yes","service":"parking_aisle","surface":"asphalt"},"geometry":{"type":"LineString","coordinates":[[103.8203785,1.2889331],[103.820368,1.2889542]]}},{"type":"Feature","id":"way/464779235-0-3-0","properties":{"check_date:surface":"2026-02-06","highway":"service","lanes":"1","oneway":"yes","service":"parking_aisle","surface":"asphalt"},"geometry":{"type":"LineString","coordinates":[[103.820368,1.2889542],[103.8203639,1.2889792]]}},{"type":"Feature","id":"way/464779235-0-4-0","properties":{"check_date:surface":"2026-02-06","highway":"service","lanes":"1","oneway":"yes","service":"parking_aisle","surface":"asphalt"},"geometry":{"type":"LineString","coordinates":[[103.8203639,1.2889792],[103.8203664,1.2890301]]}},{"type":"Feature","id":"way/464779235-0-5-0","properties":{"check_date:surface":"2026-02-06","highway":"service","lanes":"1","oneway":"yes","service":"parking_aisle","surface":"asphalt"},"geometry":{"type":"LineString","coordinates":[[103.8203664,1.2890301],[103.8203744,1.2890576]]}},{"type":"Feature","id":"way/464779235-0-6-0","properties":{"check_date:surface":"2026-02-06","highway":"service","lanes":"1","oneway":"yes","service":"parking_aisle","surface":"asphalt"},"geometry":{"type":"LineString","coordinates":[[103.8203744,1.2890576],[103.8203874,1.2890794]]}},{"type":"Feature","id":"way/464779235-0-7-0","properties":{"check_date:surface":"2026-02-06","highway":"service","lanes":"1","oneway":"yes","service":"parking_aisle","surface":"asphalt"},"geometry":{"type":"LineString","coordinates":[[103.8203874,1.2890794],[103.8204116,1.2890964]]}},{"type":"Feature","id":"way/464779235-0-8-0","properties":{"check_date:surface":"2026-02-06","highway":"service","lanes":"1","oneway":"yes","service":"parking_aisle","surface":"asphalt"},"geometry":{"type":"LineString","coordinates":[[103.8204116,1.2890964],[103.8204397,1.2891063]]}},{"type":"Feature","id":"way/464779236-0-0-0","properties":{"highway":"service","lanes":"1","oneway":"yes","service":"parking_aisle","surface":"asphalt","turn:lanes":"right"},"geometry":{"type":"LineString","coordinates":[[103.8209252,1.290797],[103.8210757,1.2907857]]}},{"type":"Feature","id":"way/464779236-0-1-0","properties":{"highway":"service","lanes":"1","oneway":"yes","service":"parking_aisle","surface":"asphalt","turn:lanes":"right"},"geometry":{"type":"LineString","coordinates":[[103.8210757,1.2907857],[103.8210917,1.2907755]]}},{"type":"Feature","id":"way/464779237-0-0-0","properties":{"highway":"service","lanes":"1","oneway":"yes","service":"parking_aisle","surface":"asphalt"},"geometry":{"type":"LineString","coordinates":[[103.821044,1.2903182],[103.8208799,1.2903312]]}},{"type":"Feature","id":"way/464779237-0-1-0","properties":{"highway":"service","lanes":"1","oneway":"yes","service":"parking_aisle","surface":"asphalt"},"geometry":{"type":"LineString","coordinates":[[103.8208799,1.2903312],[103.8208681,1.2903373]]}},{"type":"Feature","id":"way/464779238-0-0-0","properties":{"highway":"service","lanes":"1","oneway":"yes","service":"parking_aisle","surface":"asphalt"},"geometry":{"type":"LineString","coordinates":[[103.821074,1.2905749],[103.821044,1.2903182]]}},{"type":"Feature","id":"way/464779239-0-0-0","properties":{"highway":"service","lanes":"1","oneway":"yes","service":"parking_aisle","surface":"asphalt"},"geometry":{"type":"LineString","coordinates":[[103.8208681,1.2903373],[103.8208638,1.2903479]]}},{"type":"Feature","id":"way/464779239-0-1-0","properties":{"highway":"service","lanes":"1","oneway":"yes","service":"parking_aisle","surface":"asphalt"},"geometry":{"type":"LineString","coordinates":[[103.8208638,1.2903479],[103.8209134,1.2906878]]}},{"type":"Feature","id":"way/464779372-0-0-0","properties":{"highway":"residential","lanes":"2","lanes:backward":"1","lanes:forward":"1","maxspeed":"40","name":"Prince Charles Crescent","name:etymology:wikidata":"Q43274","surface":"asphalt"},"geometry":{"type":"LineString","coordinates":[[103.8233038,1.2923327],[103.823301,1.292352]]}},{"type":"Feature","id":"way/464779372-0-1-0","properties":{"highway":"residential","lanes":"2","lanes:backward":"1","lanes:forward":"1","maxspeed":"40","name":"Prince Charles Crescent","name:etymology:wikidata":"Q43274","surface":"asphalt"},"geometry":{"type":"LineString","coordinates":[[103.823301,1.292352],[103.8232818,1.292402]]}},{"type":"Feature","id":"way/464779372-0-2-0","properties":{"highway":"residential","lanes":"2","lanes:backward":"1","lanes:forward":"1","maxspeed":"40","name":"Prince Charles Crescent","name:etymology:wikidata":"Q43274","surface":"asphalt"},"geometry":{"type":"LineString","coordinates":[[103.8232818,1.292402],[103.823244,1.2924613]]}},{"type":"Feature","id":"way/464779372-0-3-0","properties":{"highway":"residential","lanes":"2","lanes:backward":"1","lanes:forward":"1","maxspeed":"40","name":"Prince Charles Crescent","name:etymology:wikidata":"Q43274","surface":"asphalt"},"geometry":{"type":"LineString","coordinates":[[103.823244,1.2924613],[103.8232009,1.292506]]}},{"type":"Feature","id":"way/464779372-0-4-0","properties":{"highway":"residential","lanes":"2","lanes:backward":"1","lanes:forward":"1","maxspeed":"40","name":"Prince Charles Crescent","name:etymology:wikidata":"Q43274","surface":"asphalt"},"geometry":{"type":"LineString","coordinates":[[103.8232009,1.292506],[103.8231547,1.2925391]]}},{"type":"Feature","id":"way/465694974-0-0-0","properties":{"highway":"residential","lanes":"1","maxspeed":"40","name":"Prince Charles Crescent","name:etymology:wikidata":"Q43274","oneway":"yes","surface":"asphalt"},"geometry":{"type":"LineString","coordinates":[[103.8231872,1.2914945],[103.8231971,1.2915627]]}},{"type":"Feature","id":"way/465694974-0-1-0","properties":{"highway":"residential","lanes":"1","maxspeed":"40","name":"Prince Charles Crescent","name:etymology:wikidata":"Q43274","oneway":"yes","surface":"asphalt"},"geometry":{"type":"LineString","coordinates":[[103.8231971,1.2915627],[103.8232418,1.2916771]]}},{"type":"Feature","id":"way/465719096-0-5-0","properties":{"highway":"secondary_link","lanes":"1","maxspeed":"50","oneway":"yes","surface":"asphalt","turn:lanes":"left"},"geometry":{"type":"LineString","coordinates":[[103.8226032,1.2884739],[103.822626,1.2885097]]}},{"type":"Feature","id":"way/477939593-0-0-0","properties":{"highway":"secondary","lanes":"4","lanes:backward":"2","lanes:forward":"2","lit":"yes","maxspeed":"50","name":"Tiong Bahru Road","name:en":"Tiong Bahru Road","name:zh":"\u4e2d\u5cc7\u9c81\u8def","sidewalk:both":"separate","surface":"asphalt"},"geometry":{"type":"LineString","coordinates":[[103.8199873,1.2886585],[103.8199721,1.2886578]]}},{"type":"Feature","id":"way/477939593-0-1-0","properties":{"highway":"secondary","lanes":"4","lanes:backward":"2","lanes:forward":"2","lit":"yes","maxspeed":"50","name":"Tiong Bahru Road","name:en":"Tiong Bahru Road","name:zh":"\u4e2d\u5cc7\u9c81\u8def","sidewalk:both":"separate","surface":"asphalt"},"geometry":{"type":"LineString","coordinates":[[103.8199721,1.2886578],[103.8198921,1.2886625]]}},{"type":"Feature","id":"way/477939593-0-2-0","properties":{"highway":"secondary","lanes":"4","lanes:backward":"2","lanes:forward":"2","lit":"yes","maxspeed":"50","name":"Tiong Bahru Road","name:en":"Tiong Bahru Road","name:zh":"\u4e2d\u5cc7\u9c81\u8def","sidewalk:both":"separate","surface":"asphalt"},"geometry":{"type":"LineString","coordinates":[[103.8198921,1.2886625],[103.8197492,1.2886695]]}},{"type":"Feature","id":"way/477939597-0-0-0","properties":{"highway":"secondary","lanes":"4","lanes:backward":"2","lanes:forward":"2","maxheight":"4.5","maxspeed":"50","name":"Tiong Bahru Road","name:en":"Tiong Bahru Road","name:zh":"\u4e2d\u5cc7\u9c81\u8def","sidewalk:both":"separate","surface":"asphalt"},"geometry":{"type":"LineString","coordinates":[[103.8202369,1.2886536],[103.8199873,1.2886585]]}},{"type":"Feature","id":"way/480896395-0-0-0","properties":{"highway":"primary","lanes":"3","maxspeed":"60","name":"Alexandra Road","name:en":"Alexandra Road","name:zh":"\u4e9a\u5386\u5c71\u5927\u8def","oneway":"yes","surface":"asphalt","turn:lanes":"through|through|through"},"geometry":{"type":"LineString","coordinates":[[103.8219981,1.2910107],[103.822422,1.2909691]]}},{"type":"Feature","id":"way/480896396-0-0-0","properties":{"highway":"primary","lanes":"5","maxspeed":"60","name":"Alexandra Road","name:en":"Alexandra Road","name:zh":"\u4e9a\u5386\u5c71\u5927\u8def","oneway":"yes","surface":"asphalt","turn:lanes":"left|through|through|through|right"},"geometry":{"type":"LineString","coordinates":[[103.8226726,1.2909432],[103.8229707,1.2909156]]}},{"type":"Feature","id":"way/480896396-0-1-0","properties":{"highway":"primary","lanes":"5","maxspeed":"60","name":"Alexandra Road","name:en":"Alexandra Road","name:zh":"\u4e9a\u5386\u5c71\u5927\u8def","oneway":"yes","surface":"asphalt","turn:lanes":"left|through|through|through|right"},"geometry":{"type":"LineString","coordinates":[[103.8229707,1.2909156],[103.8230453,1.2909087]]}},{"type":"Feature","id":"way/480896396-0-2-0","properties":{"highway":"primary","lanes":"5","maxspeed":"60","name":"Alexandra Road","name:en":"Alexandra Road","name:zh":"\u4e9a\u5386\u5c71\u5927\u8def","oneway":"yes","surface":"asphalt","turn:lanes":"left|through|through|through|right"},"geometry":{"type":"LineString","coordinates":[[103.8230453,1.2909087],[103.8231178,1.2909052]]}},{"type":"Feature","id":"way/480896397-0-0-0","properties":{"highway":"primary","lanes":"3","maxheight":"4.5","maxspeed":"60","name":"Alexandra Road","name:en":"Alexandra Road","name:zh":"\u4e9a\u5386\u5c71\u5927\u8def","oneway":"yes","surface":"asphalt"},"geometry":{"type":"LineString","coordinates":[[103.8237912,1.2908379],[103.8240527,1.2908035]]}},{"type":"Feature","id":"way/480896400-0-0-0","properties":{"highway":"primary","lanes":"3","maxheight":"4.5","maxspeed":"60","name":"Alexandra Road","name:en":"Alexandra Road","name:zh":"\u4e9a\u5386\u5c71\u5927\u8def","oneway":"yes","surface":"asphalt"},"geometry":{"type":"LineString","coordinates":[[103.8240955,1.2906654],[103.8237756,1.2907058]]}},{"type":"Feature","id":"way/527613635-0-0-0","properties":{"highway":"service","lanes":"1","oneway":"yes","service":"driveway","turn:lanes":"through;right"},"geometry":{"type":"LineString","coordinates":[[103.8197492,1.2886695],[103.8197461,1.2885627]]}},{"type":"Feature","id":"way/527613635-0-1-0","properties":{"highway":"service","lanes":"1","oneway":"yes","service":"driveway","turn:lanes":"through;right"},"geometry":{"type":"LineString","coordinates":[[103.8197461,1.2885627],[103.8197487,1.2885091]]}},{"type":"Feature","id":"way/527613635-0-2-0","properties":{"highway":"service","lanes":"1","oneway":"yes","service":"driveway","turn:lanes":"through;right"},"geometry":{"type":"LineString","coordinates":[[103.8197487,1.2885091],[103.8197453,1.2884809]]}},{"type":"Feature","id":"way/533232559-0-0-0","properties":{"highway":"secondary","lanes":"1","maxspeed":"40","name":"Henderson Road","oneway":"yes","surface":"asphalt"},"geometry":{"type":"LineString","coordinates":[[103.822626,1.2885097],[103.8226261,1.288516]]}},{"type":"Feature","id":"way/533232559-0-1-0","properties":{"highway":"secondary","lanes":"1","maxspeed":"40","name":"Henderson Road","oneway":"yes","surface":"asphalt"},"geometry":{"type":"LineString","coordinates":[[103.8226261,1.288516],[103.8226308,1.2885356]]}},{"type":"Feature","id":"way/533232559-0-2-0","properties":{"highway":"secondary","lanes":"1","maxspeed":"40","name":"Henderson Road","oneway":"yes","surface":"asphalt"},"geometry":{"type":"LineString","coordinates":[[103.8226308,1.2885356],[103.8226661,1.2886162]]}},{"type":"Feature","id":"way/540862687-0-0-0","properties":{"highway":"service","lanes":"2","lanes:backward":"1","lanes:forward":"1","turn:lanes:backward":"through","turn:lanes:forward":"through"},"geometry":{"type":"LineString","coordinates":[[103.8234055,1.2904668],[103.8234192,1.2904896]]}},{"type":"Feature","id":"way/540862687-0-1-0","properties":{"highway":"service","lanes":"2","lanes:backward":"1","lanes:forward":"1","turn:lanes:backward":"through","turn:lanes:forward":"through"},"geometry":{"type":"LineString","coordinates":[[103.8234192,1.2904896],[103.8234335,1.2905003]]}},{"type":"Feature","id":"way/540862687-0-2-0","properties":{"highway":"service","lanes":"2","lanes:backward":"1","lanes:forward":"1","turn:lanes:backward":"through","turn:lanes:forward":"through"},"geometry":{"type":"LineString","coordinates":[[103.8234335,1.2905003],[103.8234513,1.2905029]]}},{"type":"Feature","id":"way/540862687-0-3-0","properties":{"highway":"service","lanes":"2","lanes:backward":"1","lanes:forward":"1","turn:lanes:backward":"through","turn:lanes:forward":"through"},"geometry":{"type":"LineString","coordinates":[[103.8234513,1.2905029],[103.8234746,1.2904983]]}},{"type":"Feature","id":"way/540862687-0-4-0","properties":{"highway":"service","lanes":"2","lanes:backward":"1","lanes:forward":"1","turn:lanes:backward":"through","turn:lanes:forward":"through"},"geometry":{"type":"LineString","coordinates":[[103.8234746,1.2904983],[103.824178,1.2902981]]}},{"type":"Feature","id":"way/540862688-0-0-0","properties":{"highway":"service","lanes":"1","oneway":"yes"},"geometry":{"type":"LineString","coordinates":[[103.8231926,1.2901452],[103.8232586,1.2901286]]}},{"type":"Feature","id":"way/540862688-0-1-0","properties":{"highway":"service","lanes":"1","oneway":"yes"},"geometry":{"type":"LineString","coordinates":[[103.8232586,1.2901286],[103.8233133,1.2901173]]}},{"type":"Feature","id":"way/540862688-0-2-0","properties":{"highway":"service","lanes":"1","oneway":"yes"},"geometry":{"type":"LineString","coordinates":[[103.8233133,1.2901173],[103.8233991,1.2900952]]}},{"type":"Feature","id":"way/540862688-0-3-0","properties":{"highway":"service","lanes":"1","oneway":"yes"},"geometry":{"type":"LineString","coordinates":[[103.8233991,1.2900952],[103.8234213,1.2900804]]}},{"type":"Feature","id":"way/540862688-0-4-0","properties":{"highway":"service","lanes":"1","oneway":"yes"},"geometry":{"type":"LineString","coordinates":[[103.8234213,1.2900804],[103.8234347,1.2900583]]}},{"type":"Feature","id":"way/540862688-0-5-0","properties":{"highway":"service","lanes":"1","oneway":"yes"},"geometry":{"type":"LineString","coordinates":[[103.8234347,1.2900583],[103.8234293,1.2900188]]}},{"type":"Feature","id":"way/540862688-0-6-0","properties":{"highway":"service","lanes":"1","oneway":"yes"},"geometry":{"type":"LineString","coordinates":[[103.8234293,1.2900188],[103.8234153,1.2899698]]}},{"type":"Feature","id":"way/540862688-0-7-0","properties":{"highway":"service","lanes":"1","oneway":"yes"},"geometry":{"type":"LineString","coordinates":[[103.8234153,1.2899698],[103.8233844,1.2899424]]}},{"type":"Feature","id":"way/540862688-0-8-0","properties":{"highway":"service","lanes":"1","oneway":"yes"},"geometry":{"type":"LineString","coordinates":[[103.8233844,1.2899424],[103.8233455,1.2899437]]}},{"type":"Feature","id":"way/540862688-0-9-0","properties":{"highway":"service","lanes":"1","oneway":"yes"},"geometry":{"type":"LineString","coordinates":[[103.8233455,1.2899437],[103.8232711,1.2899688]]}},{"type":"Feature","id":"way/540862689-0-0-0","properties":{"highway":"service","lanes":"1","oneway":"yes"},"geometry":{"type":"LineString","coordinates":[[103.8232711,1.2899688],[103.8232089,1.2899871]]}},{"type":"Feature","id":"way/540862689-0-1-0","properties":{"highway":"service","lanes":"1","oneway":"yes"},"geometry":{"type":"LineString","coordinates":[[103.8232089,1.2899871],[103.8231545,1.2900053]]}},{"type":"Feature","id":"way/540864392-0-0-0","properties":{"highway":"service","lanes":"2","lanes:backward":"1","lanes:forward":"1","service":"driveway"},"geometry":{"type":"LineString","coordinates":[[103.8234534,1.2913947],[103.8234521,1.2913702]]}},{"type":"Feature","id":"way/540864395-0-0-0","properties":{"highway":"service","lanes":"1","oneway":"yes","service":"driveway"},"geometry":{"type":"LineString","coordinates":[[103.823273,1.2914882],[103.8233143,1.2914845]]}},{"type":"Feature","id":"way/540864395-0-1-0","properties":{"highway":"service","lanes":"1","oneway":"yes","service":"driveway"},"geometry":{"type":"LineString","coordinates":[[103.8233143,1.2914845],[103.8233471,1.2914816]]}},{"type":"Feature","id":"way/540864395-0-2-0","properties":{"highway":"service","lanes":"1","oneway":"yes","service":"driveway"},"geometry":{"type":"LineString","coordinates":[[103.8233471,1.2914816],[103.8234304,1.2914741]]}},{"type":"Feature","id":"way/540864396-0-0-0","properties":{"highway":"service","lanes":"1","oneway":"yes","service":"driveway"},"geometry":{"type":"LineString","coordinates":[[103.8234255,1.291398],[103.8233458,1.2914066]]}},{"type":"Feature","id":"way/540864396-0-1-0","properties":{"highway":"service","lanes":"1","oneway":"yes","service":"driveway"},"geometry":{"type":"LineString","coordinates":[[103.8233458,1.2914066],[103.8233208,1.2914093]]}},{"type":"Feature","id":"way/540864396-0-2-0","properties":{"highway":"service","lanes":"1","oneway":"yes","service":"driveway"},"geometry":{"type":"LineString","coordinates":[[103.8233208,1.2914093],[103.8232686,1.2914149]]}},{"type":"Feature","id":"way/540864400-0-0-0","properties":{"highway":"residential","lanes":"2","lanes:backward":"1","lanes:forward":"1","lit":"yes","maxspeed":"40","name":"Prince Charles Crescent","name:etymology:wikidata":"Q43274","surface":"asphalt"},"geometry":{"type":"LineString","coordinates":[[103.8231547,1.2925391],[103.8223537,1.2930238]]}},{"type":"Feature","id":"way/540868386-0-0-0","properties":{"highway":"service","lanes":"2","lanes:backward":"1","lanes:forward":"1","service":"parking_aisle"},"geometry":{"type":"LineString","coordinates":[[103.8233038,1.2923327],[103.8233634,1.2923302]]}},{"type":"Feature","id":"way/540868386-0-1-0","properties":{"highway":"service","lanes":"2","lanes:backward":"1","lanes:forward":"1","service":"parking_aisle"},"geometry":{"type":"LineString","coordinates":[[103.8233634,1.2923302],[103.8234209,1.2923278]]}},{"type":"Feature","id":"way/540868387-0-0-0","properties":{"highway":"service","lanes":"2","lanes:backward":"1","lanes:forward":"1","service":"parking_aisle"},"geometry":{"type":"LineString","coordinates":[[103.8234209,1.2923278],[103.8234166,1.2922703]]}},{"type":"Feature","id":"way/540868387-0-1-0","properties":{"highway":"service","lanes":"2","lanes:backward":"1","lanes:forward":"1","service":"parking_aisle"},"geometry":{"type":"LineString","coordinates":[[103.8234166,1.2922703],[103.8234299,1.2922208]]}},{"type":"Feature","id":"way/540868387-0-2-0","properties":{"highway":"service","lanes":"2","lanes:backward":"1","lanes:forward":"1","service":"parking_aisle"},"geometry":{"type":"LineString","coordinates":[[103.8234299,1.2922208],[103.8234759,1.2921597]]}},{"type":"Feature","id":"way/541109246-0-0-0","properties":{"highway":"service","lanes":"1","oneway":"yes","turn:lanes":"left;right"},"geometry":{"type":"LineString","coordinates":[[103.8230786,1.2900237],[103.8230556,1.2900292]]}},{"type":"Feature","id":"way/541109246-0-1-0","properties":{"highway":"service","lanes":"1","oneway":"yes","turn:lanes":"left;right"},"geometry":{"type":"LineString","coordinates":[[103.8230556,1.2900292],[103.8230148,1.290039]]}},{"type":"Feature","id":"way/541109247-0-0-0","properties":{"bridge":"yes","highway":"service","lanes":"1","layer":"1","oneway":"yes"},"geometry":{"type":"LineString","coordinates":[[103.8231545,1.2900053],[103.8230971,1.2900187]]}},{"type":"Feature","id":"way/541109247-0-1-0","properties":{"bridge":"yes","highway":"service","lanes":"1","layer":"1","oneway":"yes"},"geometry":{"type":"LineString","coordinates":[[103.8230971,1.2900187],[103.8230786,1.2900237]]}},{"type":"Feature","id":"way/541109248-0-0-0","properties":{"bridge":"yes","highway":"service","lanes":"1","layer":"1","oneway":"yes"},"geometry":{"type":"LineString","coordinates":[[103.8231098,1.2901659],[103.8231434,1.2901575]]}},{"type":"Feature","id":"way/541109248-0-1-0","properties":{"bridge":"yes","highway":"service","lanes":"1","layer":"1","oneway":"yes"},"geometry":{"type":"LineString","coordinates":[[103.8231434,1.2901575],[103.8231926,1.2901452]]}},{"type":"Feature","id":"way/541109249-0-0-0","properties":{"highway":"service","lanes":"1","oneway":"yes"},"geometry":{"type":"LineString","coordinates":[[103.8230557,1.2901795],[103.8230911,1.2901706]]}},{"type":"Feature","id":"way/541109249-0-1-0","properties":{"highway":"service","lanes":"1","oneway":"yes"},"geometry":{"type":"LineString","coordinates":[[103.8230911,1.2901706],[103.8231098,1.2901659]]}},{"type":"Feature","id":"way/584856704-0-0-0","properties":{"highway":"primary","lanes":"4","maxspeed":"60","name":"Alexandra Road","name:en":"Alexandra Road","name:zh":"\u4e9a\u5386\u5c71\u5927\u8def","oneway":"yes","surface":"asphalt"},"geometry":{"type":"LineString","coordinates":[[103.8237756,1.2907058],[103.8236349,1.2907182]]}},{"type":"Feature","id":"way/584856704-0-1-0","properties":{"highway":"primary","lanes":"4","maxspeed":"60","name":"Alexandra Road","name:en":"Alexandra Road","name:zh":"\u4e9a\u5386\u5c71\u5927\u8def","oneway":"yes","surface":"asphalt"},"geometry":{"type":"LineString","coordinates":[[103.8236349,1.2907182],[103.8233127,1.2907456]]}},{"type":"Feature","id":"way/584856707-0-0-0","properties":{"highway":"primary","lanes":"4","maxspeed":"60","name":"Alexandra Road","name:en":"Alexandra Road","name:zh":"\u4e9a\u5386\u5c71\u5927\u8def","oneway":"yes","surface":"asphalt"},"geometry":{"type":"LineString","coordinates":[[103.8231178,1.2909052],[103.8232374,1.2908941]]}},{"type":"Feature","id":"way/633589245-0-0-0","properties":{"highway":"secondary","lanes":"1","maxspeed":"40","name":"Henderson Road","oneway":"yes","surface":"asphalt"},"geometry":{"type":"LineString","coordinates":[[103.8232278,1.2907522],[103.8232196,1.2906748]]}},{"type":"Feature","id":"way/633589246-0-0-0","properties":{"highway":"primary","lanes":"4","maxspeed":"60","name":"Alexandra Road","name:en":"Alexandra Road","name:zh":"\u4e9a\u5386\u5c71\u5927\u8def","oneway":"yes","surface":"asphalt","turn:lanes":"left;through|through|through|right"},"geometry":{"type":"LineString","coordinates":[[103.8233127,1.2907456],[103.8232278,1.2907522]]}},{"type":"Feature","id":"way/633594857-0-0-0","properties":{"highway":"secondary","lanes":"4","lanes:backward":"2","lanes:forward":"2","maxspeed":"50","name":"Tiong Bahru Road","name:en":"Tiong Bahru Road","name:zh":"\u4e2d\u5cc7\u9c81\u8def","sidewalk":"right","surface":"asphalt"},"geometry":{"type":"LineString","coordinates":[[103.8214924,1.2885961],[103.8213269,1.2886083]]}},{"type":"Feature","id":"way/633594857-0-1-0","properties":{"highway":"secondary","lanes":"4","lanes:backward":"2","lanes:forward":"2","maxspeed":"50","name":"Tiong Bahru Road","name:en":"Tiong Bahru Road","name:zh":"\u4e2d\u5cc7\u9c81\u8def","sidewalk":"right","surface":"asphalt"},"geometry":{"type":"LineString","coordinates":[[103.8213269,1.2886083],[103.8207326,1.2886336]]}},{"type":"Feature","id":"way/633594857-0-2-0","properties":{"highway":"secondary","lanes":"4","lanes:backward":"2","lanes:forward":"2","maxspeed":"50","name":"Tiong Bahru Road","name:en":"Tiong Bahru Road","name:zh":"\u4e2d\u5cc7\u9c81\u8def","sidewalk":"right","surface":"asphalt"},"geometry":{"type":"LineString","coordinates":[[103.8207326,1.2886336],[103.8202369,1.2886536]]}},{"type":"Feature","id":"way/633869638-0-0-0","properties":{"highway":"primary","lanes":"4","maxspeed":"60","name":"Alexandra Road","name:en":"Alexandra Road","name:zh":"\u4e9a\u5386\u5c71\u5927\u8def","oneway":"yes","surface":"asphalt"},"geometry":{"type":"LineString","coordinates":[[103.8232278,1.2907522],[103.8230968,1.2907627]]}},{"type":"Feature","id":"way/634490548-0-0-0","properties":{"highway":"primary","lanes":"3","maxspeed":"60","name":"Alexandra Road","name:en":"Alexandra Road","name:zh":"\u4e9a\u5386\u5c71\u5927\u8def","oneway":"yes","surface":"asphalt"},"geometry":{"type":"LineString","coordinates":[[103.819724,1.2911995],[103.8204441,1.2911371]]}},{"type":"Feature","id":"way/634490548-0-1-0","properties":{"highway":"primary","lanes":"3","maxspeed":"60","name":"Alexandra Road","name:en":"Alexandra Road","name:zh":"\u4e9a\u5386\u5c71\u5927\u8def","oneway":"yes","surface":"asphalt"},"geometry":{"type":"LineString","coordinates":[[103.8204441,1.2911371],[103.8208683,1.291104]]}},{"type":"Feature","id":"way/634490552-0-0-0","properties":{"highway":"primary","lanes":"3","maxspeed":"60","name":"Alexandra Road","name:en":"Alexandra Road","name:zh":"\u4e9a\u5386\u5c71\u5927\u8def","oneway":"yes","surface":"asphalt","turn:lanes":"left;through|through|through"},"geometry":{"type":"LineString","coordinates":[[103.8208683,1.291104],[103.8216525,1.2910487]]}},{"type":"Feature","id":"way/634551594-0-0-0","properties":{"highway":"primary","lanes":"3","maxspeed":"60","name":"Alexandra Road","name:en":"Alexandra Road","name:zh":"\u4e9a\u5386\u5c71\u5927\u8def","oneway":"yes","surface":"asphalt"},"geometry":{"type":"LineString","coordinates":[[103.8216525,1.2910487],[103.8219981,1.2910107]]}},{"type":"Feature","id":"way/635478603-0-0-0","properties":{"highway":"primary","lanes":"3","maxspeed":"60","name":"Alexandra Road","name:en":"Alexandra Road","name:zh":"\u4e9a\u5386\u5c71\u5927\u8def","oneway":"yes","surface":"asphalt"},"geometry":{"type":"LineString","coordinates":[[103.8207924,1.2909752],[103.820384,1.2910145]]}},{"type":"Feature","id":"way/635478603-0-1-0","properties":{"highway":"primary","lanes":"3","maxspeed":"60","name":"Alexandra Road","name:en":"Alexandra Road","name:zh":"\u4e9a\u5386\u5c71\u5927\u8def","oneway":"yes","surface":"asphalt"},"geometry":{"type":"LineString","coordinates":[[103.820384,1.2910145],[103.8202586,1.2910252]]}},{"type":"Feature","id":"way/635480119-0-0-0","properties":{"highway":"secondary","lanes":"2","lanes:backward":"1","lanes:forward":"1","maxspeed":"40","name":"Henderson Road","oneway":"no","sidewalk":"right","surface":"asphalt"},"geometry":{"type":"LineString","coordinates":[[103.8226661,1.2886162],[103.822686,1.2887348]]}},{"type":"Feature","id":"way/635480120-0-0-0","properties":{"highway":"secondary","lanes":"2","lanes:backward":"1","lanes:forward":"1","maxspeed":"40","name":"Henderson Road","oneway":"no","sidewalk":"right","surface":"asphalt"},"geometry":{"type":"LineString","coordinates":[[103.8230148,1.290039],[103.8230557,1.2901795]]}},{"type":"Feature","id":"way/635480357-0-0-0","properties":{"highway":"service","lanes":"2","lanes:backward":"1","lanes:forward":"1","oneway":"no","sidewalk":"left","surface":"asphalt","turn:lanes:backward":"left;right"},"geometry":{"type":"LineString","coordinates":[[103.822686,1.2887348],[103.8226166,1.288744]]}},{"type":"Feature","id":"way/635480357-0-1-0","properties":{"highway":"service","lanes":"2","lanes:backward":"1","lanes:forward":"1","oneway":"no","sidewalk":"left","surface":"asphalt","turn:lanes:backward":"left;right"},"geometry":{"type":"LineString","coordinates":[[103.8226166,1.288744],[103.8220091,1.2887843]]}},{"type":"Feature","id":"way/635480357-0-2-0","properties":{"highway":"service","lanes":"2","lanes:backward":"1","lanes:forward":"1","oneway":"no","sidewalk":"left","surface":"asphalt","turn:lanes:backward":"left;right"},"geometry":{"type":"LineString","coordinates":[[103.8220091,1.2887843],[103.8219711,1.2887857]]}},{"type":"Feature","id":"way/635483579-0-0-0","properties":{"highway":"primary","lanes":"3","maxspeed":"60","name":"Alexandra Road","name:en":"Alexandra Road","name:zh":"\u4e9a\u5386\u5c71\u5927\u8def","oneway":"yes","surface":"asphalt"},"geometry":{"type":"LineString","coordinates":[[103.8202586,1.2910252],[103.8195828,1.2910792]]}},{"type":"Feature","id":"way/636856262-0-0-0","properties":{"highway":"primary","lanes":"5","maxspeed":"60","name":"Alexandra Road","name:en":"Alexandra Road","name:zh":"\u4e9a\u5386\u5c71\u5927\u8def","oneway":"yes","surface":"asphalt","turn:lanes":"left|through|through|through|right"},"geometry":{"type":"LineString","coordinates":[[103.822422,1.2909691],[103.8226726,1.2909432]]}},{"type":"Feature","id":"way/640226359-0-0-0","properties":{"highway":"secondary","lanes":"2","lanes:backward":"1","lanes:forward":"1","maxspeed":"40","name":"Henderson Road","oneway":"no","sidewalk":"right","surface":"asphalt","turn:lanes:forward":"left;through;right"},"geometry":{"type":"LineString","coordinates":[[103.8230557,1.2901795],[103.8231001,1.2903426]]}},{"type":"Feature","id":"way/640226359-0-1-0","properties":{"highway":"secondary","lanes":"2","lanes:backward":"1","lanes:forward":"1","maxspeed":"40","name":"Henderson Road","oneway":"no","sidewalk":"right","surface":"asphalt","turn:lanes:forward":"left;through;right"},"geometry":{"type":"LineString","coordinates":[[103.8231001,1.2903426],[103.8231366,1.2904748]]}},{"type":"Feature","id":"way/640227629-0-0-0","properties":{"highway":"secondary","lanes":"2","lanes:backward":"1","lanes:forward":"1","maxspeed":"40","name":"Henderson Road","oneway":"no","sidewalk":"right","surface":"asphalt"},"geometry":{"type":"LineString","coordinates":[[103.8227998,1.289168],[103.8229478,1.2897816]]}},{"type":"Feature","id":"way/640227629-0-1-0","properties":{"highway":"secondary","lanes":"2","lanes:backward":"1","lanes:forward":"1","maxspeed":"40","name":"Henderson Road","oneway":"no","sidewalk":"right","surface":"asphalt"},"geometry":{"type":"LineString","coordinates":[[103.8229478,1.2897816],[103.8230012,1.2899886]]}},{"type":"Feature","id":"way/646148271-0-0-0","properties":{"check_date:surface":"2026-02-09","highway":"service","lanes":"2","lanes:backward":"1","lanes:forward":"1","oneway":"no","sidewalk":"left","surface":"asphalt"},"geometry":{"type":"LineString","coordinates":[[103.8210362,1.2888613],[103.8209992,1.2888648]]}},{"type":"Feature","id":"way/646148271-0-1-0","properties":{"check_date:surface":"2026-02-09","highway":"service","lanes":"2","lanes:backward":"1","lanes:forward":"1","oneway":"no","sidewalk":"left","surface":"asphalt"},"geometry":{"type":"LineString","coordinates":[[103.8209992,1.2888648],[103.8209679,1.2888677]]}},{"type":"Feature","id":"way/646819627-0-0-0","properties":{"highway":"service","lanes":"2","lanes:backward":"1","lanes:forward":"1","service":"parking_aisle"},"geometry":{"type":"LineString","coordinates":[[103.8234281,1.2924269],[103.8234209,1.2923278]]}},{"type":"Feature","id":"way/646819938-0-0-0","properties":{"highway":"residential","lanes":"2","lanes:backward":"1","lanes:forward":"1","maxspeed":"40","name":"Prince Charles Crescent","name:etymology:wikidata":"Q43274","surface":"asphalt"},"geometry":{"type":"LineString","coordinates":[[103.8232873,1.2920661],[103.8233079,1.2923042]]}},{"type":"Feature","id":"way/646819938-0-1-0","properties":{"highway":"residential","lanes":"2","lanes:backward":"1","lanes:forward":"1","maxspeed":"40","name":"Prince Charles Crescent","name:etymology:wikidata":"Q43274","surface":"asphalt"},"geometry":{"type":"LineString","coordinates":[[103.8233079,1.2923042],[103.8233038,1.2923327]]}},{"type":"Feature","id":"way/655163397-0-0-0","properties":{"highway":"secondary","lanes":"2","lanes:backward":"1","lanes:forward":"1","maxspeed":"40","name":"Henderson Road","oneway":"no","sidewalk":"right","surface":"asphalt"},"geometry":{"type":"LineString","coordinates":[[103.8230012,1.2899886],[103.8230148,1.290039]]}},{"type":"Feature","id":"way/658222386-0-1-0","properties":{"highway":"primary","lanes":"3","maxspeed":"60","name":"Alexandra Road","name:en":"Alexandra Road","name:zh":"\u4e9a\u5386\u5c71\u5927\u8def","oneway":"yes","surface":"asphalt","turn:lanes":"through|through|through"},"geometry":{"type":"LineString","coordinates":[[103.8195258,1.2912206],[103.819724,1.2911995]]}},{"type":"Feature","id":"way/681297783-0-0-0","properties":{"highway":"primary","lanes":"3","maxspeed":"60","name":"Alexandra Road","name:en":"Alexandra Road","name:zh":"\u4e9a\u5386\u5c71\u5927\u8def","oneway":"yes","surface":"asphalt"},"geometry":{"type":"LineString","coordinates":[[103.8232374,1.2908941],[103.8233277,1.2908855]]}},{"type":"Feature","id":"way/681297783-0-1-0","properties":{"highway":"primary","lanes":"3","maxspeed":"60","name":"Alexandra Road","name:en":"Alexandra Road","name:zh":"\u4e9a\u5386\u5c71\u5927\u8def","oneway":"yes","surface":"asphalt"},"geometry":{"type":"LineString","coordinates":[[103.8233277,1.2908855],[103.8237912,1.2908379]]}},{"type":"Feature","id":"way/681297784-0-0-0","properties":{"highway":"primary","lanes":"3","maxspeed":"60","name":"Alexandra Road","name:en":"Alexandra Road","name:zh":"\u4e9a\u5386\u5c71\u5927\u8def","oneway":"yes","surface":"asphalt"},"geometry":{"type":"LineString","coordinates":[[103.8230968,1.2907627],[103.8230273,1.2907688]]}},{"type":"Feature","id":"way/681297784-0-1-0","properties":{"highway":"primary","lanes":"3","maxspeed":"60","name":"Alexandra Road","name:en":"Alexandra Road","name:zh":"\u4e9a\u5386\u5c71\u5927\u8def","oneway":"yes","surface":"asphalt"},"geometry":{"type":"LineString","coordinates":[[103.8230273,1.2907688],[103.8224232,1.2908242]]}},{"type":"Feature","id":"way/681297784-0-2-0","properties":{"highway":"primary","lanes":"3","maxspeed":"60","name":"Alexandra Road","name:en":"Alexandra Road","name:zh":"\u4e9a\u5386\u5c71\u5927\u8def","oneway":"yes","surface":"asphalt"},"geometry":{"type":"LineString","coordinates":[[103.8224232,1.2908242],[103.821079,1.2909476]]}},{"type":"Feature","id":"way/681297785-0-0-0","properties":{"highway":"secondary","lanes":"2","maxspeed":"40","name":"Prince Charles Crescent","name:etymology:wikidata":"Q43274","oneway":"yes"},"geometry":{"type":"LineString","coordinates":[[103.8230968,1.2907627],[103.8231178,1.2909052]]}},{"type":"Feature","id":"way/681297786-0-0-0","properties":{"highway":"residential","lanes":"3","maxspeed":"40","name":"Prince Charles Crescent","name:etymology:wikidata":"Q43274","oneway":"yes","turn:lanes":"left|through|right"},"geometry":{"type":"LineString","coordinates":[[103.8232686,1.2914149],[103.8232616,1.2912982]]}},{"type":"Feature","id":"way/681297786-0-1-0","properties":{"highway":"residential","lanes":"3","maxspeed":"40","name":"Prince Charles Crescent","name:etymology:wikidata":"Q43274","oneway":"yes","turn:lanes":"left|through|right"},"geometry":{"type":"LineString","coordinates":[[103.8232616,1.2912982],[103.8232434,1.290995]]}},{"type":"Feature","id":"way/681297786-0-2-0","properties":{"highway":"residential","lanes":"3","maxspeed":"40","name":"Prince Charles Crescent","name:etymology:wikidata":"Q43274","oneway":"yes","turn:lanes":"left|through|right"},"geometry":{"type":"LineString","coordinates":[[103.8232434,1.290995],[103.8232374,1.2908941]]}},{"type":"Feature","id":"way/681297787-0-0-0","properties":{"highway":"service","maxspeed":"40","name":"Prince Philip Avenue","name:etymology:wikidata":"Q80976","oneway":"yes","service":"driveway"},"geometry":{"type":"LineString","coordinates":[[103.8232686,1.2914149],[103.8231776,1.2914254]]}},{"type":"Feature","id":"way/681297788-0-0-0","properties":{"highway":"residential","lanes":"2","lanes:backward":"1","lanes:forward":"1","maxspeed":"40","name":"Prince Charles Crescent","name:etymology:wikidata":"Q43274","surface":"asphalt"},"geometry":{"type":"LineString","coordinates":[[103.8232418,1.2916771],[103.8232642,1.2917744]]}},{"type":"Feature","id":"way/681297788-0-1-0","properties":{"highway":"residential","lanes":"2","lanes:backward":"1","lanes:forward":"1","maxspeed":"40","name":"Prince Charles Crescent","name:etymology:wikidata":"Q43274","surface":"asphalt"},"geometry":{"type":"LineString","coordinates":[[103.8232642,1.2917744],[103.8232656,1.2917862]]}},{"type":"Feature","id":"way/681297789-0-0-0","properties":{"highway":"secondary","lanes":"1","maxspeed":"40","name":"Prince Charles Crescent","name:etymology:wikidata":"Q43274","oneway":"yes"},"geometry":{"type":"LineString","coordinates":[[103.8232374,1.2908941],[103.8232278,1.2907522]]}},{"type":"Feature","id":"way/681297790-0-0-0","properties":{"highway":"residential","lanes":"1","maxspeed":"40","name":"Prince Charles Crescent","name:etymology:wikidata":"Q43274","oneway":"yes","turn:lanes":"left;through;right"},"geometry":{"type":"LineString","coordinates":[[103.8232418,1.2916771],[103.8232705,1.2915535]]}},{"type":"Feature","id":"way/681297790-0-1-0","properties":{"highway":"residential","lanes":"1","maxspeed":"40","name":"Prince Charles Crescent","name:etymology:wikidata":"Q43274","oneway":"yes","turn:lanes":"left;through;right"},"geometry":{"type":"LineString","coordinates":[[103.8232705,1.2915535],[103.823273,1.2914882]]}},{"type":"Feature","id":"way/681297791-0-0-0","properties":{"highway":"secondary","lanes":"2","maxspeed":"40","name":"Henderson Road","oneway":"yes","turn:lanes":"left;through|right"},"geometry":{"type":"LineString","coordinates":[[103.8231366,1.2904748],[103.8230777,1.2905892]]}},{"type":"Feature","id":"way/681297791-0-1-0","properties":{"highway":"secondary","lanes":"2","maxspeed":"40","name":"Henderson Road","oneway":"yes","turn:lanes":"left;through|right"},"geometry":{"type":"LineString","coordinates":[[103.8230777,1.2905892],[103.8230887,1.2906902]]}},{"type":"Feature","id":"way/681297791-0-2-0","properties":{"highway":"secondary","lanes":"2","maxspeed":"40","name":"Henderson Road","oneway":"yes","turn:lanes":"left;through|right"},"geometry":{"type":"LineString","coordinates":[[103.8230887,1.2906902],[103.8230968,1.2907627]]}},{"type":"Feature","id":"way/681332562-0-0-0","properties":{"highway":"service","lanes":"2","lanes:backward":"1","lanes:forward":"1","turn:lanes:backward":"left;through","turn:lanes:forward":"through"},"geometry":{"type":"LineString","coordinates":[[103.8233133,1.2901173],[103.8234055,1.2904668]]}},{"type":"Feature","id":"way/686573015-0-0-0","properties":{"highway":"service","lanes":"1","name":"Henderson Crescent","oneway":"yes","service":"driveway"},"geometry":{"type":"LineString","coordinates":[[103.8221492,1.2892856],[103.8221974,1.2893124]]}},{"type":"Feature","id":"way/686573015-0-1-0","properties":{"highway":"service","lanes":"1","name":"Henderson Crescent","oneway":"yes","service":"driveway"},"geometry":{"type":"LineString","coordinates":[[103.8221974,1.2893124],[103.822294,1.289299]]}},{"type":"Feature","id":"way/686573015-0-2-0","properties":{"highway":"service","lanes":"1","name":"Henderson Crescent","oneway":"yes","service":"driveway"},"geometry":{"type":"LineString","coordinates":[[103.822294,1.289299],[103.8223134,1.2892769]]}},{"type":"Feature","id":"way/688265310-0-0-0","properties":{"highway":"service","name":"105 Henderson Crescent Lobby Drive-Through"},"geometry":{"type":"LineString","coordinates":[[103.8229149,1.2900145],[103.8228501,1.2900536]]}},{"type":"Feature","id":"way/688265310-0-1-0","properties":{"highway":"service","name":"105 Henderson Crescent Lobby Drive-Through"},"geometry":{"type":"LineString","coordinates":[[103.8228501,1.2900536],[103.8228225,1.2900885]]}},{"type":"Feature","id":"way/688265310-0-2-0","properties":{"highway":"service","name":"105 Henderson Crescent Lobby Drive-Through"},"geometry":{"type":"LineString","coordinates":[[103.8228225,1.2900885],[103.8228017,1.2901334]]}},{"type":"Feature","id":"way/688265310-0-3-0","properties":{"highway":"service","name":"105 Henderson Crescent Lobby Drive-Through"},"geometry":{"type":"LineString","coordinates":[[103.8228017,1.2901334],[103.8227771,1.2902394]]}},{"type":"Feature","id":"way/688265310-0-4-0","properties":{"highway":"service","name":"105 Henderson Crescent Lobby Drive-Through"},"geometry":{"type":"LineString","coordinates":[[103.8227771,1.2902394],[103.8227823,1.2902481]]}},{"type":"Feature","id":"way/688265311-0-0-0","properties":{"highway":"service"},"geometry":{"type":"LineString","coordinates":[[103.8220891,1.289199],[103.8221593,1.2891285]]}},{"type":"Feature","id":"way/688266287-0-0-0","properties":{"highway":"service","oneway":"yes"},"geometry":{"type":"LineString","coordinates":[[103.8219851,1.2889394],[103.8219669,1.2889409]]}},{"type":"Feature","id":"way/688266287-0-1-0","properties":{"highway":"service","oneway":"yes"},"geometry":{"type":"LineString","coordinates":[[103.8219669,1.2889409],[103.8219309,1.288944]]}},{"type":"Feature","id":"way/688266288-0-0-0","properties":{"highway":"service","oneway":"yes"},"geometry":{"type":"LineString","coordinates":[[103.8216422,1.2888628],[103.8216401,1.2888425]]}},{"type":"Feature","id":"way/688266288-0-1-0","properties":{"highway":"service","oneway":"yes"},"geometry":{"type":"LineString","coordinates":[[103.8216401,1.2888425],[103.8216371,1.2888127]]}},{"type":"Feature","id":"way/688266289-0-0-0","properties":{"highway":"service","oneway":"yes"},"geometry":{"type":"LineString","coordinates":[[103.8213558,1.2888848],[103.8213539,1.2888587]]}},{"type":"Feature","id":"way/688266289-0-1-0","properties":{"highway":"service","oneway":"yes"},"geometry":{"type":"LineString","coordinates":[[103.8213539,1.2888587],[103.8213523,1.2888357]]}},{"type":"Feature","id":"way/690093546-0-0-0","properties":{"highway":"service","lanes":"2","lanes:backward":"1","lanes:forward":"1","name":"Henderson Crescent","service":"parking_aisle","surface":"asphalt"},"geometry":{"type":"LineString","coordinates":[[103.8223115,1.2892192],[103.8225737,1.2891915]]}},{"type":"Feature","id":"way/690093547-0-0-0","properties":{"highway":"service","lanes":"2","lanes:backward":"1","lanes:forward":"1","name":"Henderson Crescent","service":"parking_aisle","sidewalk":"both","surface":"asphalt","turn:lanes:backward":"through","turn:lanes:forward":"left;right"},"geometry":{"type":"LineString","coordinates":[[103.8225737,1.2891915],[103.8226133,1.2891862]]}},{"type":"Feature","id":"way/690093547-0-1-0","properties":{"highway":"service","lanes":"2","lanes:backward":"1","lanes:forward":"1","name":"Henderson Crescent","service":"parking_aisle","sidewalk":"both","surface":"asphalt","turn:lanes:backward":"through","turn:lanes:forward":"left;right"},"geometry":{"type":"LineString","coordinates":[[103.8226133,1.2891862],[103.8227195,1.2891772]]}},{"type":"Feature","id":"way/690093547-0-2-0","properties":{"highway":"service","lanes":"2","lanes:backward":"1","lanes:forward":"1","name":"Henderson Crescent","service":"parking_aisle","sidewalk":"both","surface":"asphalt","turn:lanes:backward":"through","turn:lanes:forward":"left;right"},"geometry":{"type":"LineString","coordinates":[[103.8227195,1.2891772],[103.8227998,1.289168]]}},{"type":"Feature","id":"way/690403355-0-0-0","properties":{"highway":"service","lanes":"2","lanes:backward":"1","lanes:forward":"1","name":"Henderson Crescent","service":"parking_aisle","surface":"asphalt"},"geometry":{"type":"LineString","coordinates":[[103.8220891,1.289199],[103.8221528,1.2892302]]}},{"type":"Feature","id":"way/690403356-0-0-0","properties":{"highway":"service","lanes":"1","name":"Henderson Crescent","oneway":"yes","service":"parking_aisle","sidewalk":"right","surface":"asphalt","turn:lanes":"left;through"},"geometry":{"type":"LineString","coordinates":[[103.8219711,1.2887857],[103.8219851,1.2889394]]}},{"type":"Feature","id":"way/690635525-0-0-0","properties":{"highway":"service","lanes":"2","lanes:backward":"1","lanes:forward":"1","name":"105 Henderson Crescent Lobby Drive-Through","turn:lanes:backward":"left;right"},"geometry":{"type":"LineString","coordinates":[[103.8230012,1.2899886],[103.8229408,1.2900057]]}},{"type":"Feature","id":"way/690635525-0-1-0","properties":{"highway":"service","lanes":"2","lanes:backward":"1","lanes:forward":"1","name":"105 Henderson Crescent Lobby Drive-Through","turn:lanes:backward":"left;right"},"geometry":{"type":"LineString","coordinates":[[103.8229408,1.2900057],[103.8229149,1.2900145]]}},{"type":"Feature","id":"way/690654972-0-0-0","properties":{"highway":"service","lanes":"2","lanes:backward":"1","lanes:forward":"1","oneway":"no","sidewalk":"left","surface":"asphalt"},"geometry":{"type":"LineString","coordinates":[[103.8213523,1.2888357],[103.8210781,1.2888577]]}},{"type":"Feature","id":"way/690654972-0-1-0","properties":{"highway":"service","lanes":"2","lanes:backward":"1","lanes:forward":"1","oneway":"no","sidewalk":"left","surface":"asphalt"},"geometry":{"type":"LineString","coordinates":[[103.8210781,1.2888577],[103.8210635,1.288859]]}},{"type":"Feature","id":"way/690654972-0-2-0","properties":{"highway":"service","lanes":"2","lanes:backward":"1","lanes:forward":"1","oneway":"no","sidewalk":"left","surface":"asphalt"},"geometry":{"type":"LineString","coordinates":[[103.8210635,1.288859],[103.8210362,1.2888613]]}},{"type":"Feature","id":"way/690654973-0-0-0","properties":{"highway":"service","lanes":"2","lanes:backward":"1","lanes:forward":"1","oneway":"no","sidewalk":"left","surface":"asphalt"},"geometry":{"type":"LineString","coordinates":[[103.8219711,1.2887857],[103.8219006,1.2887946]]}},{"type":"Feature","id":"way/690654973-0-1-0","properties":{"highway":"service","lanes":"2","lanes:backward":"1","lanes:forward":"1","oneway":"no","sidewalk":"left","surface":"asphalt"},"geometry":{"type":"LineString","coordinates":[[103.8219006,1.2887946],[103.8218185,1.2887997]]}},{"type":"Feature","id":"way/690654973-0-2-0","properties":{"highway":"service","lanes":"2","lanes:backward":"1","lanes:forward":"1","oneway":"no","sidewalk":"left","surface":"asphalt"},"geometry":{"type":"LineString","coordinates":[[103.8218185,1.2887997],[103.8217769,1.288803]]}},{"type":"Feature","id":"way/690654973-0-3-0","properties":{"highway":"service","lanes":"2","lanes:backward":"1","lanes:forward":"1","oneway":"no","sidewalk":"left","surface":"asphalt"},"geometry":{"type":"LineString","coordinates":[[103.8217769,1.288803],[103.8217359,1.2888063]]}},{"type":"Feature","id":"way/690654973-0-4-0","properties":{"highway":"service","lanes":"2","lanes:backward":"1","lanes:forward":"1","oneway":"no","sidewalk":"left","surface":"asphalt"},"geometry":{"type":"LineString","coordinates":[[103.8217359,1.2888063],[103.8216371,1.2888127]]}},{"type":"Feature","id":"way/718295557-0-0-0","properties":{"highway":"secondary","lanes":"4","lanes:backward":"2","lanes:forward":"2","lit":"yes","maxspeed":"50","name":"Tiong Bahru Road","name:en":"Tiong Bahru Road","name:zh":"\u4e2d\u5cc7\u9c81\u8def","sidewalk:both":"separate","surface":"asphalt"},"geometry":{"type":"LineString","coordinates":[[103.8197492,1.2886695],[103.8193719,1.2886934]]}},{"type":"Feature","id":"way/723333132-0-0-0","properties":{"highway":"service","oneway":"yes"},"geometry":{"type":"LineString","coordinates":[[103.8233133,1.2901173],[103.8232711,1.2899688]]}},{"type":"Feature","id":"way/732244006-0-0-0","properties":{"highway":"service","name":"105 Henderson Crescent Lobby Drive-Through"},"geometry":{"type":"LineString","coordinates":[[103.8227823,1.2902481],[103.822797,1.2902501]]}},{"type":"Feature","id":"way/732244006-0-1-0","properties":{"highway":"service","name":"105 Henderson Crescent Lobby Drive-Through"},"geometry":{"type":"LineString","coordinates":[[103.822797,1.2902501],[103.8229231,1.29024]]}},{"type":"Feature","id":"way/732244006-0-2-0","properties":{"highway":"service","name":"105 Henderson Crescent Lobby Drive-Through"},"geometry":{"type":"LineString","coordinates":[[103.8229231,1.29024],[103.8229286,1.290237]]}},{"type":"Feature","id":"way/732244006-0-3-0","properties":{"highway":"service","name":"105 Henderson Crescent Lobby Drive-Through"},"geometry":{"type":"LineString","coordinates":[[103.8229286,1.290237],[103.8229305,1.2902289]]}},{"type":"Feature","id":"way/732244006-0-4-0","properties":{"highway":"service","name":"105 Henderson Crescent Lobby Drive-Through"},"geometry":{"type":"LineString","coordinates":[[103.8229305,1.2902289],[103.8229149,1.2900145]]}},{"type":"Feature","id":"way/740939214-0-0-0","properties":{"check_date:surface":"2026-02-09","highway":"service","lanes":"1","oneway":"yes","service":"parking_aisle","surface":"asphalt"},"geometry":{"type":"LineString","coordinates":[[103.8209459,1.2890267],[103.8209586,1.2890086]]}},{"type":"Feature","id":"way/740939214-0-1-0","properties":{"check_date:surface":"2026-02-09","highway":"service","lanes":"1","oneway":"yes","service":"parking_aisle","surface":"asphalt"},"geometry":{"type":"LineString","coordinates":[[103.8209586,1.2890086],[103.8209655,1.2889913]]}},{"type":"Feature","id":"way/740939214-0-2-0","properties":{"check_date:surface":"2026-02-09","highway":"service","lanes":"1","oneway":"yes","service":"parking_aisle","surface":"asphalt"},"geometry":{"type":"LineString","coordinates":[[103.8209655,1.2889913],[103.8209683,1.288975]]}},{"type":"Feature","id":"way/740939214-0-3-0","properties":{"check_date:surface":"2026-02-09","highway":"service","lanes":"1","oneway":"yes","service":"parking_aisle","surface":"asphalt"},"geometry":{"type":"LineString","coordinates":[[103.8209683,1.288975],[103.8209695,1.288959]]}},{"type":"Feature","id":"way/740939214-0-4-0","properties":{"check_date:surface":"2026-02-09","highway":"service","lanes":"1","oneway":"yes","service":"parking_aisle","surface":"asphalt"},"geometry":{"type":"LineString","coordinates":[[103.8209695,1.288959],[103.8209679,1.2888677]]}},{"type":"Feature","id":"way/740939215-0-0-0","properties":{"highway":"service","lanes":"2","lanes:backward":"1","lanes:forward":"1","service":"driveway","sidewalk":"left","surface":"asphalt","turn:lanes:backward":"left"},"geometry":{"type":"LineString","coordinates":[[103.8210362,1.2888613],[103.8210496,1.2889991]]}},{"type":"Feature","id":"way/741888478-0-0-0","properties":{"highway":"service","lanes":"1","name":"Henderson Crescent","oneway":"yes","service":"driveway","turn:lanes":"right"},"geometry":{"type":"LineString","coordinates":[[103.8221528,1.2892302],[103.8221492,1.2892856]]}},{"type":"Feature","id":"way/741888479-0-0-0","properties":{"highway":"service","lanes":"1","name":"Henderson Crescent","oneway":"yes","service":"driveway","turn:lanes":"left;right"},"geometry":{"type":"LineString","coordinates":[[103.8223134,1.2892769],[103.8223115,1.2892192]]}},{"type":"Feature","id":"way/741967835-0-0-0","properties":{"highway":"service","lanes":"1","oneway":"yes","service":"parking_aisle","surface":"asphalt","turn:lanes":"left;right"},"geometry":{"type":"LineString","coordinates":[[103.8209134,1.2906878],[103.8209252,1.290797]]}},{"type":"Feature","id":"way/744684347-0-0-0","properties":{"highway":"residential","lanes":"1","maxspeed":"40","name":"Prince Charles Crescent","name:etymology:wikidata":"Q43274","oneway":"yes","turn:lanes":"left;through;right"},"geometry":{"type":"LineString","coordinates":[[103.823273,1.2914882],[103.8232686,1.2914149]]}},{"type":"Feature","id":"way/744684348-0-0-0","properties":{"highway":"residential","lanes":"1","maxspeed":"40","name":"Prince Charles Crescent","name:etymology:wikidata":"Q43274","oneway":"yes","surface":"asphalt"},"geometry":{"type":"LineString","coordinates":[[103.8231776,1.2914254],[103.8231872,1.2914945]]}},{"type":"Feature","id":"way/744684349-0-0-0","properties":{"highway":"service","oneway":"yes","service":"driveway"},"geometry":{"type":"LineString","coordinates":[[103.8231872,1.2914945],[103.823273,1.2914882]]}},{"type":"Feature","id":"way/753806050-0-0-0","properties":{"highway":"secondary","lanes":"1","maxspeed":"40","name":"Henderson Road","oneway":"yes","sidewalk":"left","surface":"asphalt"},"geometry":{"type":"LineString","coordinates":[[103.8232196,1.2906748],[103.823206,1.2905647]]}},{"type":"Feature","id":"way/753806050-0-1-0","properties":{"highway":"secondary","lanes":"1","maxspeed":"40","name":"Henderson Road","oneway":"yes","sidewalk":"left","surface":"asphalt"},"geometry":{"type":"LineString","coordinates":[[103.823206,1.2905647],[103.8231366,1.2904748]]}},{"type":"Feature","id":"way/762996903-0-0-0","properties":{"highway":"primary","lanes":"3","maxspeed":"60","name":"Alexandra Road","name:en":"Alexandra Road","name:zh":"\u4e9a\u5386\u5c71\u5927\u8def","oneway":"yes","surface":"asphalt","turn:lanes":"left;through|through|through"},"geometry":{"type":"LineString","coordinates":[[103.821079,1.2909476],[103.8207924,1.2909752]]}},{"type":"Feature","id":"way/765287081-0-0-0","properties":{"highway":"secondary","lanes":"4","lanes:backward":"2","lanes:forward":"2","maxspeed":"50","name":"Tiong Bahru Road","name:en":"Tiong Bahru Road","name:zh":"\u4e2d\u5cc7\u9c81\u8def","surface":"asphalt"},"geometry":{"type":"LineString","coordinates":[[103.821971,1.2885399],[103.8218701,1.2885642]]}},{"type":"Feature","id":"way/765287081-0-1-0","properties":{"highway":"secondary","lanes":"4","lanes:backward":"2","lanes:forward":"2","maxspeed":"50","name":"Tiong Bahru Road","name:en":"Tiong Bahru Road","name:zh":"\u4e2d\u5cc7\u9c81\u8def","surface":"asphalt"},"geometry":{"type":"LineString","coordinates":[[103.8218701,1.2885642],[103.8217317,1.2885825]]}},{"type":"Feature","id":"way/859526144-0-0-0","properties":{"highway":"secondary","lanes":"4","lanes:backward":"2","lanes:forward":"2","maxspeed":"50","name":"Tiong Bahru Road","name:en":"Tiong Bahru Road","name:zh":"\u4e2d\u5cc7\u9c81\u8def","sidewalk":"right","surface":"asphalt"},"geometry":{"type":"LineString","coordinates":[[103.8217317,1.2885825],[103.8214924,1.2885961]]}},{"type":"Feature","id":"way/1250190817-0-0-0","properties":{"highway":"service","layer":"-1","oneway":"yes","service":"driveway","tunnel":"yes"},"geometry":{"type":"LineString","coordinates":[[103.8205796,1.2930698],[103.820528,1.2925657]]}},{"type":"Feature","id":"way/1250190817-0-1-0","properties":{"highway":"service","layer":"-1","oneway":"yes","service":"driveway","tunnel":"yes"},"geometry":{"type":"LineString","coordinates":[[103.820528,1.2925657],[103.8202112,1.2926023]]}},{"type":"Feature","id":"way/1250190817-0-2-0","properties":{"highway":"service","layer":"-1","oneway":"yes","service":"driveway","tunnel":"yes"},"geometry":{"type":"LineString","coordinates":[[103.8202112,1.2926023],[103.8200693,1.2926186]]}},{"type":"Feature","id":"way/1250190817-0-3-0","properties":{"highway":"service","layer":"-1","oneway":"yes","service":"driveway","tunnel":"yes"},"geometry":{"type":"LineString","coordinates":[[103.8200693,1.2926186],[103.8193121,1.292706]]}},{"type":"Feature","id":"way/1250190823-0-0-0","properties":{"highway":"service","layer":"-1","oneway":"yes","service":"driveway","tunnel":"yes"},"geometry":{"type":"LineString","coordinates":[[103.8202112,1.2926023],[103.8202251,1.2927449]]}},{"type":"Feature","id":"way/1250190823-0-1-0","properties":{"highway":"service","layer":"-1","oneway":"yes","service":"driveway","tunnel":"yes"},"geometry":{"type":"LineString","coordinates":[[103.8202251,1.2927449],[103.8202377,1.2928736]]}},{"type":"Feature","id":"way/1250190823-0-2-0","properties":{"highway":"service","layer":"-1","oneway":"yes","service":"driveway","tunnel":"yes"},"geometry":{"type":"LineString","coordinates":[[103.8202377,1.2928736],[103.8200622,1.2928944]]}},{"type":"Feature","id":"way/1250190823-0-3-0","properties":{"highway":"service","layer":"-1","oneway":"yes","service":"driveway","tunnel":"yes"},"geometry":{"type":"LineString","coordinates":[[103.8200622,1.2928944],[103.8199411,1.2929109]]}},{"type":"Feature","id":"way/1250190824-0-0-0","properties":{"highway":"service","layer":"-1","oneway":"yes","service":"driveway","tunnel":"yes"},"geometry":{"type":"LineString","coordinates":[[103.8202251,1.2927449],[103.8200843,1.29276]]}},{"type":"Feature","id":"way/1250190824-0-1-0","properties":{"highway":"service","layer":"-1","oneway":"yes","service":"driveway","tunnel":"yes"},"geometry":{"type":"LineString","coordinates":[[103.8200843,1.29276],[103.8200693,1.2926186]]}},{"type":"Feature","id":"way/1250190825-0-0-0","properties":{"highway":"service","layer":"-1","oneway":"yes","service":"driveway","tunnel":"yes"},"geometry":{"type":"LineString","coordinates":[[103.8200622,1.2928944],[103.8200159,1.2929187]]}},{"type":"Feature","id":"way/1250190825-0-1-0","properties":{"highway":"service","layer":"-1","oneway":"yes","service":"driveway","tunnel":"yes"},"geometry":{"type":"LineString","coordinates":[[103.8200159,1.2929187],[103.8199871,1.2929452]]}},{"type":"Feature","id":"way/1250190825-0-2-0","properties":{"highway":"service","layer":"-1","oneway":"yes","service":"driveway","tunnel":"yes"},"geometry":{"type":"LineString","coordinates":[[103.8199871,1.2929452],[103.8199653,1.2929701]]}},{"type":"Feature","id":"way/1265827178-0-0-0","properties":{"highway":"service","lanes":"1","oneway":"yes","service":"driveway"},"geometry":{"type":"LineString","coordinates":[[103.8234464,1.2914723],[103.823454,1.2914688]]}},{"type":"Feature","id":"way/1265827178-0-1-0","properties":{"highway":"service","lanes":"1","oneway":"yes","service":"driveway"},"geometry":{"type":"LineString","coordinates":[[103.823454,1.2914688],[103.8234569,1.2914624]]}},{"type":"Feature","id":"way/1265827178-0-2-0","properties":{"highway":"service","lanes":"1","oneway":"yes","service":"driveway"},"geometry":{"type":"LineString","coordinates":[[103.8234569,1.2914624],[103.8234534,1.2913947]]}},{"type":"Feature","id":"way/1265827179-0-0-0","properties":{"bridge":"yes","highway":"service","lanes":"1","layer":"1","oneway":"yes","service":"driveway"},"geometry":{"type":"LineString","coordinates":[[103.8234304,1.2914741],[103.8234464,1.2914723]]}},{"type":"Feature","id":"way/1265827180-0-0-0","properties":{"highway":"service","lanes":"1","oneway":"yes","service":"driveway"},"geometry":{"type":"LineString","coordinates":[[103.8234534,1.2913947],[103.8234395,1.2913964]]}},{"type":"Feature","id":"way/1265827181-0-0-0","properties":{"bridge":"yes","highway":"service","lanes":"1","layer":"1","oneway":"yes","service":"driveway"},"geometry":{"type":"LineString","coordinates":[[103.8234395,1.2913964],[103.8234255,1.291398]]}}]}