{"type":"FeatureCollection","features":[{"type":"Feature","id":"way/452283715-0","properties":{"addr:city":"Singapore","addr:housenumber":"5","addr:street":"Tudor Close","building":"house","clearanceGeometry":{"type":"Polygon","coordinates":[[[103.8200688,1.3262728],[103.8201358,1.3262411],[103.8200931,1.3261509],[103.8201484,1.3261247],[103.8201083,1.3260398],[103.8200079,1.3260873],[103.8199861,1.3260411],[103.8198672,1.3260972],[103.8199292,1.3262283],[103.8200261,1.3261825],[103.8200688,1.3262728]]]},"clearanceHeight":1.7,"clearancePrepared":true},"geometry":{"type":"Polygon","coordinates":[[[103.8200261,1.3261825],[103.8200688,1.3262728],[103.8201358,1.3262411],[103.8200931,1.3261509],[103.8201484,1.3261247],[103.8201083,1.3260398],[103.8200079,1.3260873],[103.8199861,1.3260411],[103.8198672,1.3260972],[103.8199292,1.3262283],[103.8200261,1.3261825]]]}},{"type":"Feature","id":"way/452283716-0","properties":{"addr:city":"Singapore","addr:housenumber":"75","addr:street":"Kheam Hock Road","building":"house","clearanceGeometry":{"type":"Polygon","coordinates":[[[103.8198413,1.3284726],[103.8198369,1.3283981],[103.8198087,1.3283998],[103.8198055,1.3283468],[103.8197477,1.3283164],[103.819608,1.3283254],[103.8196088,1.3283379],[103.8195955,1.3283388],[103.8196002,1.3284121],[103.8196136,1.3284113],[103.8196167,1.3284592],[103.8196527,1.3284569],[103.8196553,1.3284974],[103.8196745,1.3285082],[103.8196771,1.3285524],[103.8197179,1.3285499],[103.8197183,1.3285572],[103.8197834,1.3285533],[103.819783,1.3285465],[103.8198802,1.3285407],[103.819876,1.3284706],[103.8198413,1.3284726]]]},"clearanceHeight":1.7,"clearancePrepared":true},"geometry":{"type":"Polygon","coordinates":[[[103.819876,1.3284706],[103.8198413,1.3284726],[103.8198369,1.3283981],[103.8198087,1.3283998],[103.8198055,1.3283468],[103.8197477,1.3283164],[103.819608,1.3283254],[103.8196088,1.3283379],[103.8195955,1.3283388],[103.8196002,1.3284121],[103.8196136,1.3284113],[103.8196167,1.3284592],[103.8196527,1.3284569],[103.8196553,1.3284974],[103.8196745,1.3285082],[103.8196771,1.3285524],[103.8197179,1.3285499],[103.8197183,1.3285572],[103.8197834,1.3285533],[103.819783,1.3285465],[103.8198802,1.3285407],[103.819876,1.3284706]]]}},{"type":"Feature","id":"way/452283731-0","properties":{"addr:city":"Singapore","addr:housenumber":"11","addr:street":"Tudor Close","building":"house","clearanceGeometry":{"type":"Polygon","coordinates":[[[103.8198536,1.3266867],[103.8198596,1.3266286],[103.8199109,1.3266339],[103.8199217470964,1.3265282835350392],[103.8199192482867,1.3265225891321375],[103.8197348,1.3265038],[103.8197231,1.3266174],[103.8197729,1.3266225],[103.8197673,1.3266779],[103.8198536,1.3266867]]]},"clearanceHeight":1.7,"clearancePrepared":true},"geometry":{"type":"Polygon","coordinates":[[[103.8197673,1.3266779],[103.8198536,1.3266867],[103.8198596,1.3266286],[103.8199109,1.3266339],[103.8199223,1.3265229],[103.8197348,1.3265038],[103.8197231,1.3266174],[103.8197729,1.3266225],[103.8197673,1.3266779]]]}},{"type":"Feature","id":"way/452283753-0","properties":{"addr:city":"Singapore","addr:housenumber":"17","addr:street":"Tudor Close","building":"house","clearanceGeometry":{"type":"Polygon","coordinates":[[[103.8195894,1.3264131],[103.8195614,1.3264876],[103.8195502,1.3264834],[103.8195191,1.3265663],[103.8196497,1.3266153],[103.8197087,1.3264579],[103.8195894,1.3264131]]]},"clearanceHeight":1.7,"clearancePrepared":true},"geometry":{"type":"Polygon","coordinates":[[[103.8197087,1.3264579],[103.8195894,1.3264131],[103.8195614,1.3264876],[103.8195502,1.3264834],[103.8195191,1.3265663],[103.8196497,1.3266153],[103.8197087,1.3264579]]]}},{"type":"Feature","id":"way/452283755-0","properties":{"addr:city":"Singapore","addr:housenumber":"73","addr:street":"Kheam Hock Road","building":"house","clearanceGeometry":{"type":"Polygon","coordinates":[[[103.8197796,1.3282647],[103.8198106,1.3282857],[103.819818,1.3282749],[103.8198876,1.3283223],[103.8198907,1.3283176],[103.8199018,1.3283251],[103.8199245,1.3282918],[103.8199167,1.3282864],[103.8199436,1.3282469],[103.8199246,1.3282339],[103.819927,1.3282303],[103.8198627,1.3281865],[103.8198603,1.32819],[103.8198407,1.3281766],[103.8198427,1.3281737],[103.8197866,1.3281354],[103.8197731,1.3281552],[103.8197559,1.3281435],[103.8197244,1.3281897],[103.8197298,1.3281934],[103.8197086,1.3282245],[103.8197758,1.3282703],[103.8197796,1.3282647]]]},"clearanceHeight":1.7,"clearancePrepared":true},"geometry":{"type":"Polygon","coordinates":[[[103.8197758,1.3282703],[103.8197796,1.3282647],[103.8198106,1.3282857],[103.819818,1.3282749],[103.8198876,1.3283223],[103.8198907,1.3283176],[103.8199018,1.3283251],[103.8199245,1.3282918],[103.8199167,1.3282864],[103.8199436,1.3282469],[103.8199246,1.3282339],[103.819927,1.3282303],[103.8198627,1.3281865],[103.8198603,1.32819],[103.8198407,1.3281766],[103.8198427,1.3281737],[103.8197866,1.3281354],[103.8197731,1.3281552],[103.8197559,1.3281435],[103.8197244,1.3281897],[103.8197298,1.3281934],[103.8197086,1.3282245],[103.8197758,1.3282703]]]}},{"type":"Feature","id":"way/452283756-0","properties":{"addr:city":"Singapore","addr:housenumber":"7","addr:street":"Tudor Close","building":"house","clearanceGeometry":{"type":"Polygon","coordinates":[[[103.8200017,1.3264311],[103.8199933,1.3264813],[103.820089,1.3264974],[103.8200993,1.3264362],[103.8201471,1.3264443],[103.82016304811724,1.3263494811939174],[103.82016115328244,1.3263457883545635],[103.8199734,1.3263142],[103.81995706402994,1.3264115016796558],[103.81995852759889,1.326410859760915],[103.81996465342303,1.3264248195717145],[103.8200017,1.3264311]]]},"clearanceHeight":1.7,"clearancePrepared":true},"geometry":{"type":"Polygon","coordinates":[[[103.8199551,1.3264232],[103.8200017,1.3264311],[103.8199933,1.3264813],[103.820089,1.3264974],[103.8200993,1.3264362],[103.8201471,1.3264443],[103.8201636,1.3263462],[103.8199734,1.3263142],[103.8199551,1.3264232]]]}},{"type":"Feature","id":"way/452283758-0","properties":{"addr:city":"Singapore","addr:housenumber":"9","addr:street":"Tudor Close","building":"house","clearanceGeometry":{"type":"Polygon","coordinates":[[[103.819758,1.3263139],[103.8197628,1.3263666],[103.8198644,1.3263574],[103.8198599,1.3263079],[103.8199163,1.3263028],[103.8199058,1.3261879],[103.8197037,1.3262063],[103.8197139,1.3263179],[103.819758,1.3263139]]]},"clearanceHeight":1.7,"clearancePrepared":true},"geometry":{"type":"Polygon","coordinates":[[[103.8197139,1.3263179],[103.819758,1.3263139],[103.8197628,1.3263666],[103.8198644,1.3263574],[103.8198599,1.3263079],[103.8199163,1.3263028],[103.8199058,1.3261879],[103.8197037,1.3262063],[103.8197139,1.3263179]]]}},{"type":"Feature","id":"way/452283760-0","properties":{"addr:city":"Singapore","addr:housenumber":"71","addr:street":"Kheam Hock Road","building":"house","clearanceGeometry":{"type":"Polygon","coordinates":[[[103.8200035,1.3279684],[103.8200164,1.3279493],[103.8199697,1.327918],[103.8199553,1.3279395],[103.819946,1.3279333],[103.8199045,1.327995],[103.8199344,1.3280151],[103.8198845,1.3280895],[103.8199093,1.3281062],[103.8199009,1.3281188],[103.8199381,1.3281438],[103.8199459,1.3281322],[103.8199701,1.3281484],[103.8200638,1.3280089],[103.8200035,1.3279684]]]},"clearanceHeight":1.7,"clearancePrepared":true},"geometry":{"type":"Polygon","coordinates":[[[103.8200638,1.3280089],[103.8200035,1.3279684],[103.8200164,1.3279493],[103.8199697,1.327918],[103.8199553,1.3279395],[103.819946,1.3279333],[103.8199045,1.327995],[103.8199344,1.3280151],[103.8198845,1.3280895],[103.8199093,1.3281062],[103.8199009,1.3281188],[103.8199381,1.3281438],[103.8199459,1.3281322],[103.8199701,1.3281484],[103.8200638,1.3280089]]]}},{"type":"Feature","id":"way/452283762-0","properties":{"addr:city":"Singapore","addr:housenumber":"3","addr:street":"Tudor Close","building":"house","clearanceGeometry":{"type":"Polygon","coordinates":[[[103.8202357,1.3260894],[103.8202531,1.3261287],[103.8203556,1.3260832],[103.8203277,1.3260204],[103.820354,1.3260088],[103.8203129,1.3259163],[103.8201573,1.3259854],[103.8202089,1.3261013],[103.8202357,1.3260894]]]},"clearanceHeight":1.7,"clearancePrepared":true},"geometry":{"type":"Polygon","coordinates":[[[103.8202089,1.3261013],[103.8202357,1.3260894],[103.8202531,1.3261287],[103.8203556,1.3260832],[103.8203277,1.3260204],[103.820354,1.3260088],[103.8203129,1.3259163],[103.8201573,1.3259854],[103.8202089,1.3261013]]]}},{"type":"Feature","id":"way/452283764-0","properties":{"addr:city":"Singapore","addr:housenumber":"81","addr:street":"Kheam Hock Road","building":"house","clearanceGeometry":{"type":"Polygon","coordinates":[[[103.8197662,1.3289617],[103.8197772,1.3289578],[103.81978,1.3289658],[103.8198208,1.3289514],[103.8198184,1.3289445],[103.8198258,1.3289419],[103.8197966,1.328859],[103.8198049,1.3288561],[103.8197951,1.3288283],[103.8198103,1.328823],[103.8197877,1.3287589],[103.8197708,1.3287648],[103.8197672,1.3287545],[103.8196983,1.3287789],[103.8197011,1.3287868],[103.8196568,1.3288024],[103.8197059,1.3289413],[103.819753,1.3289246],[103.8197662,1.3289617]]]},"clearanceHeight":1.7,"clearancePrepared":true},"geometry":{"type":"Polygon","coordinates":[[[103.819753,1.3289246],[103.8197662,1.3289617],[103.8197772,1.3289578],[103.81978,1.3289658],[103.8198208,1.3289514],[103.8198184,1.3289445],[103.8198258,1.3289419],[103.8197966,1.328859],[103.8198049,1.3288561],[103.8197951,1.3288283],[103.8198103,1.328823],[103.8197877,1.3287589],[103.8197708,1.3287648],[103.8197672,1.3287545],[103.8196983,1.3287789],[103.8197011,1.3287868],[103.8196568,1.3288024],[103.8197059,1.3289413],[103.819753,1.3289246]]]}},{"type":"Feature","id":"way/452283767-0","properties":{"addr:city":"Singapore","addr:housenumber":"73A","addr:street":"Kheam Hock Road","building":"house","clearanceGeometry":{"type":"Polygon","coordinates":[[[103.8196112,1.3282762],[103.8196323,1.3282745],[103.819634,1.3282953],[103.8196898,1.3282909],[103.8196802,1.3281702],[103.8196426,1.3281732],[103.8196392,1.3281304],[103.8196771,1.3281275],[103.819672,1.3280632],[103.8196475,1.3280651],[103.8196461,1.3280467],[103.8196245,1.3280483],[103.8196232,1.3280323],[103.8196037,1.3280338],[103.8196026,1.3280203],[103.8195595,1.3280236],[103.8195647,1.3280909],[103.8195698,1.3280905],[103.819572,1.3281188],[103.8195678,1.3281191],[103.819571,1.3281601],[103.8195754,1.3281598],[103.8195775,1.3281866],[103.8195731,1.328187],[103.8195783,1.3282531],[103.8195857,1.3282525],[103.8195873,1.3282723],[103.8196107,1.3282704],[103.8196112,1.3282762]]]},"clearanceHeight":1.7,"clearancePrepared":true},"geometry":{"type":"Polygon","coordinates":[[[103.8196107,1.3282704],[103.8196112,1.3282762],[103.8196323,1.3282745],[103.819634,1.3282953],[103.8196898,1.3282909],[103.8196802,1.3281702],[103.8196426,1.3281732],[103.8196392,1.3281304],[103.8196771,1.3281275],[103.819672,1.3280632],[103.8196475,1.3280651],[103.8196461,1.3280467],[103.8196245,1.3280483],[103.8196232,1.3280323],[103.8196037,1.3280338],[103.8196026,1.3280203],[103.8195595,1.3280236],[103.8195647,1.3280909],[103.8195698,1.3280905],[103.819572,1.3281188],[103.8195678,1.3281191],[103.819571,1.3281601],[103.8195754,1.3281598],[103.8195775,1.3281866],[103.8195731,1.328187],[103.8195783,1.3282531],[103.8195857,1.3282525],[103.8195873,1.3282723],[103.8196107,1.3282704]]]}},{"type":"Feature","id":"way/452283768-0","properties":{"addr:city":"Singapore","addr:housenumber":"1","addr:street":"Tudor Close","building":"house","clearanceGeometry":{"type":"Polygon","coordinates":[[[103.8202782,1.326264],[103.8202716,1.3263205],[103.820364,1.3263313],[103.8203685,1.3262931],[103.8204198,1.326299],[103.8204335,1.326181],[103.8202332,1.3261576],[103.8202216,1.3262574],[103.8202782,1.326264]]]},"clearanceHeight":1.7,"clearancePrepared":true},"geometry":{"type":"Polygon","coordinates":[[[103.8202216,1.3262574],[103.8202782,1.326264],[103.8202716,1.3263205],[103.820364,1.3263313],[103.8203685,1.3262931],[103.8204198,1.326299],[103.8204335,1.326181],[103.8202332,1.3261576],[103.8202216,1.3262574]]]}},{"type":"Feature","id":"way/452286267-0","properties":{"addr:city":"Singapore","addr:country":"SG","addr:housenumber":"14B","addr:street":"Kheam Hock Road","building":"house","building:levels":"2","roof:levels":"1","clearanceGeometry":{"type":"Polygon","coordinates":[[[103.8207266,1.3253165],[103.8207077,1.3251995],[103.8205391,1.3252267],[103.8205579,1.3253436],[103.8207266,1.3253165]]]},"clearanceHeight":1.7,"clearancePrepared":true},"geometry":{"type":"Polygon","coordinates":[[[103.8205579,1.3253436],[103.8207266,1.3253165],[103.8207077,1.3251995],[103.8205391,1.3252267],[103.8205579,1.3253436]]]}},{"type":"Feature","id":"way/452286268-0","properties":{"addr:city":"Singapore","addr:housenumber":"28","addr:street":"Kheam Hock Road","building":"house","clearanceGeometry":{"type":"Polygon","coordinates":[[[103.8207619,1.326918],[103.8207662,1.3270597],[103.8209882,1.327053],[103.8209839,1.3269112],[103.8207619,1.326918]]]},"clearanceHeight":1.7,"clearancePrepared":true},"geometry":{"type":"Polygon","coordinates":[[[103.8209839,1.3269112],[103.8207619,1.326918],[103.8207662,1.3270597],[103.8209882,1.327053],[103.8209839,1.3269112]]]}},{"type":"Feature","id":"way/452286269-0","properties":{"addr:city":"Singapore","addr:housenumber":"61","addr:street":"Kheam Hock Road","building":"house","clearanceGeometry":{"type":"Polygon","coordinates":[[[103.8203746,1.3272823],[103.8203069,1.327288],[103.8203197,1.3274572],[103.820389,1.3274513],[103.8203746,1.3272823]]]},"clearanceHeight":1.7,"clearancePrepared":true},"geometry":{"type":"Polygon","coordinates":[[[103.820389,1.3274513],[103.8203746,1.3272823],[103.8203069,1.327288],[103.8203197,1.3274572],[103.820389,1.3274513]]]}},{"type":"Feature","id":"way/452286291-0","properties":{"addr:city":"Singapore","addr:country":"SG","addr:housenumber":"12A","addr:street":"Kheam Hock Road","building":"house","building:levels":"1","roof:levels":"1","clearanceGeometry":{"type":"Polygon","coordinates":[[[103.8205847,1.3245396],[103.820476,1.324553],[103.8204906,1.3246712],[103.8205993,1.3246578],[103.8205847,1.3245396]]]},"clearanceHeight":1.7,"clearancePrepared":true},"geometry":{"type":"Polygon","coordinates":[[[103.8205993,1.3246578],[103.8205847,1.3245396],[103.820476,1.324553],[103.8204906,1.3246712],[103.8205993,1.3246578]]]}},{"type":"Feature","id":"way/452286293-0","properties":{"addr:city":"Singapore","addr:housenumber":"63","addr:street":"Kheam Hock Road","building":"house","clearanceGeometry":{"type":"Polygon","coordinates":[[[103.8203064,1.3277811],[103.8203539,1.3277117],[103.8203698,1.3277226],[103.8203994,1.3276794],[103.8203702,1.3276593],[103.8203791,1.3276462],[103.8203318,1.3276138],[103.8203104,1.327645],[103.8202277,1.3275884],[103.820163,1.327683],[103.8203064,1.3277811]]]},"clearanceHeight":1.7,"clearancePrepared":true},"geometry":{"type":"Polygon","coordinates":[[[103.820163,1.327683],[103.8203064,1.3277811],[103.8203539,1.3277117],[103.8203698,1.3277226],[103.8203994,1.3276794],[103.8203702,1.3276593],[103.8203791,1.3276462],[103.8203318,1.3276138],[103.8203104,1.327645],[103.8202277,1.3275884],[103.820163,1.327683]]]}},{"type":"Feature","id":"way/452286295-0","properties":{"addr:city":"Singapore","addr:country":"SG","addr:housenumber":"22","addr:street":"Kheam Hock Road","building":"house","building:levels":"3","roof:levels":"1","clearanceGeometry":{"type":"Polygon","coordinates":[[[103.8208725,1.326575],[103.8208625,1.3264718],[103.8206841,1.3264892],[103.8206942,1.3265924],[103.8208725,1.326575]]]},"clearanceHeight":1.7,"clearancePrepared":true},"geometry":{"type":"Polygon","coordinates":[[[103.8206942,1.3265924],[103.8208725,1.326575],[103.8208625,1.3264718],[103.8206841,1.3264892],[103.8206942,1.3265924]]]}},{"type":"Feature","id":"way/452286296-0","properties":{"addr:city":"Singapore","addr:housenumber":"69","addr:street":"Kheam Hock Road","building":"house","clearanceGeometry":{"type":"Polygon","coordinates":[[[103.8197868,1.3279444],[103.8198425,1.3278608],[103.8197339,1.3277884],[103.8196782,1.327872],[103.8197868,1.3279444]]]},"clearanceHeight":1.7,"clearancePrepared":true},"geometry":{"type":"Polygon","coordinates":[[[103.8196782,1.327872],[103.8197868,1.3279444],[103.8198425,1.3278608],[103.8197339,1.3277884],[103.8196782,1.327872]]]}},{"type":"Feature","id":"way/452286297-0","properties":{"addr:city":"Singapore","addr:country":"SG","addr:housenumber":"12","addr:street":"Kheam Hock Road","building":"house","building:levels":"2","roof:levels":"1","clearanceGeometry":{"type":"Polygon","coordinates":[[[103.8205541,1.3243517],[103.8204462,1.3243772],[103.8204786,1.3245143],[103.8205865,1.3244888],[103.8205541,1.3243517]]]},"clearanceHeight":1.7,"clearancePrepared":true},"geometry":{"type":"Polygon","coordinates":[[[103.8205865,1.3244888],[103.8205541,1.3243517],[103.8204462,1.3243772],[103.8204786,1.3245143],[103.8205865,1.3244888]]]}},{"type":"Feature","id":"way/452286299-0","properties":{"addr:city":"Singapore","addr:country":"SG","addr:housenumber":"14","addr:street":"Kheam Hock Road","building":"house","building:levels":"2","roof:levels":"1","clearanceGeometry":{"type":"Polygon","coordinates":[[[103.8205164,1.3252172],[103.8207428,1.3251883],[103.820727,1.3250641],[103.8205005,1.3250929],[103.8205164,1.3252172]]]},"clearanceHeight":1.7,"clearancePrepared":true},"geometry":{"type":"Polygon","coordinates":[[[103.8205005,1.3250929],[103.8205164,1.3252172],[103.8207428,1.3251883],[103.820727,1.3250641],[103.8205005,1.3250929]]]}},{"type":"Feature","id":"way/452286306-0","properties":{"addr:city":"Singapore","addr:country":"SG","addr:housenumber":"12C","addr:street":"Kheam Hock Road","building":"house","building:levels":"3","roof:levels":"1","clearanceGeometry":{"type":"Polygon","coordinates":[[[103.8204372,1.3248165],[103.8204681,1.3249514],[103.8205795,1.3249259],[103.8207082,1.3248965],[103.8206773,1.3247615],[103.8204372,1.3248165]]]},"clearanceHeight":1.7,"clearancePrepared":true},"geometry":{"type":"Polygon","coordinates":[[[103.8206773,1.3247615],[103.8204372,1.3248165],[103.8204681,1.3249514],[103.8205795,1.3249259],[103.8207082,1.3248965],[103.8206773,1.3247615]]]}},{"type":"Feature","id":"way/452286313-0","properties":{"addr:city":"Singapore","addr:housenumber":"59","addr:street":"Kheam Hock Road","building":"house","clearanceGeometry":{"type":"Polygon","coordinates":[[[103.8206018,1.327216],[103.8204996,1.3272252],[103.8205027,1.3272599],[103.8205182,1.3274323],[103.8206204,1.3274231],[103.8206018,1.327216]]]},"clearanceHeight":1.7,"clearancePrepared":true},"geometry":{"type":"Polygon","coordinates":[[[103.8206204,1.3274231],[103.8206018,1.327216],[103.8204996,1.3272252],[103.8205027,1.3272599],[103.8205182,1.3274323],[103.8206204,1.3274231]]]}},{"type":"Feature","id":"way/452286314-0","properties":{"addr:city":"Singapore","addr:housenumber":"67","addr:street":"Kheam Hock Road","building":"house","clearanceGeometry":{"type":"Polygon","coordinates":[[[103.8197819,1.3274449],[103.8197673,1.3274466],[103.8197746,1.3275105],[103.8198905,1.3274971],[103.81987,1.3273199],[103.8197687,1.3273316],[103.8197819,1.3274449]]]},"clearanceHeight":1.7,"clearancePrepared":true},"geometry":{"type":"Polygon","coordinates":[[[103.8197687,1.3273316],[103.8197819,1.3274449],[103.8197673,1.3274466],[103.8197746,1.3275105],[103.8198905,1.3274971],[103.81987,1.3273199],[103.8197687,1.3273316]]]}},{"type":"Feature","id":"way/452286315-0","properties":{"addr:city":"Singapore","addr:country":"SG","addr:housenumber":"22A","addr:street":"Kheam Hock Road","building":"house","building:levels":"3","roof:levels":"1","clearanceGeometry":{"type":"Polygon","coordinates":[[[103.8207127,1.3266753],[103.8206968,1.3266769],[103.8207029,1.3267386],[103.8209062,1.3267187],[103.8208946,1.3266005],[103.8207072,1.3266188],[103.8207127,1.3266753]]]},"clearanceHeight":1.7,"clearancePrepared":true},"geometry":{"type":"Polygon","coordinates":[[[103.8207072,1.3266188],[103.8207127,1.3266753],[103.8206968,1.3266769],[103.8207029,1.3267386],[103.8209062,1.3267187],[103.8208946,1.3266005],[103.8207072,1.3266188]]]}},{"type":"Feature","id":"way/452286316-0","properties":{"addr:city":"Singapore","addr:country":"SG","addr:housenumber":"20","addr:street":"Kheam Hock Road","building":"house","clearanceGeometry":{"type":"Polygon","coordinates":[[[103.8208318,1.3261395],[103.8208058,1.3261428],[103.8207921,1.326037],[103.8207419,1.3260435],[103.8207593,1.3261769],[103.8206405,1.3261924],[103.8206516,1.3262772],[103.8207539,1.3262639],[103.8207616,1.3263233],[103.8206886,1.3263328],[103.8207008,1.326426],[103.8208662,1.3264045],[103.8208318,1.3261395]]]},"clearanceHeight":1.7,"clearancePrepared":true},"geometry":{"type":"Polygon","coordinates":[[[103.8208662,1.3264045],[103.8208318,1.3261395],[103.8208058,1.3261428],[103.8207921,1.326037],[103.8207419,1.3260435],[103.8207593,1.3261769],[103.8206405,1.3261924],[103.8206516,1.3262772],[103.8207539,1.3262639],[103.8207616,1.3263233],[103.8206886,1.3263328],[103.8207008,1.326426],[103.8208662,1.3264045]]]}},{"type":"Feature","id":"way/452286322-0","properties":{"addr:city":"Singapore","addr:housenumber":"51","addr:street":"Kheam Hock Road","building":"house","clearanceGeometry":{"type":"Polygon","coordinates":[[[103.8204972,1.326911],[103.8204957,1.3268946],[103.8202483,1.326917],[103.8202548,1.326989],[103.8205698,1.3269604],[103.8205647,1.3269049],[103.8204972,1.326911]]]},"clearanceHeight":1.7,"clearancePrepared":true},"geometry":{"type":"Polygon","coordinates":[[[103.8205647,1.3269049],[103.8204972,1.326911],[103.8204957,1.3268946],[103.8202483,1.326917],[103.8202548,1.326989],[103.8205698,1.3269604],[103.8205647,1.3269049]]]}},{"type":"Feature","id":"way/452286323-0","properties":{"addr:city":"Singapore","addr:country":"SG","addr:housenumber":"12D","addr:street":"Kheam Hock Road","building":"house","building:levels":"3","roof:levels":"1","clearanceGeometry":{"type":"Polygon","coordinates":[[[103.8207612,1.3250332],[103.8207342,1.3249153],[103.8205849,1.3249495],[103.8205795,1.3249259],[103.8204681,1.3249514],[103.8205005,1.3250929],[103.8207612,1.3250332]]]},"clearanceHeight":1.7,"clearancePrepared":true},"geometry":{"type":"Polygon","coordinates":[[[103.8205005,1.3250929],[103.8207612,1.3250332],[103.8207342,1.3249153],[103.8205849,1.3249495],[103.8205795,1.3249259],[103.8204681,1.3249514],[103.8205005,1.3250929]]]}},{"type":"Feature","id":"way/452286326-0","properties":{"addr:housenumber":"24","addr:street":"Kheam Hock Road","building":"house","clearanceGeometry":{"type":"Polygon","coordinates":[[[103.8207466,1.3268696],[103.8207876,1.3268656],[103.8207883,1.3268733],[103.8209107,1.3268613],[103.8209,1.326752],[103.8207367,1.326768],[103.8207466,1.3268696]]]},"clearanceHeight":1.7,"clearancePrepared":true},"geometry":{"type":"Polygon","coordinates":[[[103.8207367,1.326768],[103.8207466,1.3268696],[103.8207876,1.3268656],[103.8207883,1.3268733],[103.8209107,1.3268613],[103.8209,1.326752],[103.8207367,1.326768]]]}},{"type":"Feature","id":"way/452286329-0","properties":{"addr:city":"Singapore","addr:housenumber":"18","addr:street":"Tudor Close","building":"yes","clearanceGeometry":{"type":"Polygon","coordinates":[[[103.8198362,1.3269954],[103.8198094,1.3269985],[103.8198189,1.3270805],[103.8197649,1.3270868],[103.8197453,1.327189],[103.8196855,1.327196],[103.8196937,1.3272662],[103.8198655,1.3272462],[103.8198362,1.3269954]]]},"clearanceHeight":1.7,"clearancePrepared":true},"geometry":{"type":"Polygon","coordinates":[[[103.8198655,1.3272462],[103.8198362,1.3269954],[103.8198094,1.3269985],[103.8198189,1.3270805],[103.8197649,1.3270868],[103.8197453,1.327189],[103.8196855,1.327196],[103.8196937,1.3272662],[103.8198655,1.3272462]]]}},{"type":"Feature","id":"way/452286331-0","properties":{"addr:city":"Singapore","addr:housenumber":"65","addr:street":"Kheam Hock Road","building":"house","clearanceGeometry":{"type":"Polygon","coordinates":[[[103.8200289,1.3272986],[103.8200388,1.3274153],[103.8199943,1.3274191],[103.8200013,1.3275011],[103.8201466,1.3274888],[103.8201297,1.32729],[103.8200289,1.3272986]]]},"clearanceHeight":1.7,"clearancePrepared":true},"geometry":{"type":"Polygon","coordinates":[[[103.8201297,1.32729],[103.8200289,1.3272986],[103.8200388,1.3274153],[103.8199943,1.3274191],[103.8200013,1.3275011],[103.8201466,1.3274888],[103.8201297,1.32729]]]}},{"type":"Feature","id":"way/452286336-0","properties":{"addr:city":"Singapore","addr:housenumber":"55","addr:street":"Kheam Hock Road","building":"house","clearanceGeometry":{"type":"Polygon","coordinates":[[[103.820518,1.3270816],[103.8205163,1.3270633],[103.8202535,1.3270875],[103.8202591,1.3271485],[103.8205923,1.3271178],[103.8205884,1.3270751],[103.820518,1.3270816]]]},"clearanceHeight":1.7,"clearancePrepared":true},"geometry":{"type":"Polygon","coordinates":[[[103.8205884,1.3270751],[103.820518,1.3270816],[103.8205163,1.3270633],[103.8202535,1.3270875],[103.8202591,1.3271485],[103.8205923,1.3271178],[103.8205884,1.3270751]]]}},{"type":"Feature","id":"way/452286337-0","properties":{"addr:city":"Singapore","addr:country":"SG","addr:housenumber":"16","addr:street":"Kheam Hock Road","building":"house","building:levels":"2","roof:levels":"1","clearanceGeometry":{"type":"Polygon","coordinates":[[[103.8206417,1.325378],[103.8205587,1.3253895],[103.820571,1.3254778],[103.8206468,1.3254672],[103.8206435,1.3254441],[103.8207438,1.3254301],[103.8207305,1.3253351],[103.8206375,1.3253481],[103.8206417,1.325378]]]},"clearanceHeight":1.7,"clearancePrepared":true},"geometry":{"type":"Polygon","coordinates":[[[103.8206375,1.3253481],[103.8206417,1.325378],[103.8205587,1.3253895],[103.820571,1.3254778],[103.8206468,1.3254672],[103.8206435,1.3254441],[103.8207438,1.3254301],[103.8207305,1.3253351],[103.8206375,1.3253481]]]}},{"type":"Feature","id":"way/452286340-0","properties":{"addr:city":"Singapore","addr:country":"SG","addr:housenumber":"18","addr:street":"Kheam Hock Road","building":"house","building:levels":"3","roof:levels":"1","clearanceGeometry":{"type":"Polygon","coordinates":[[[103.8207459,1.3258689],[103.8208119,1.3258563],[103.8207887,1.3257352],[103.8206613,1.3257595],[103.8206672,1.3257901],[103.8205871,1.3258054],[103.8206079,1.3259145],[103.8207495,1.3258875],[103.8207459,1.3258689]]]},"clearanceHeight":1.7,"clearancePrepared":true},"geometry":{"type":"Polygon","coordinates":[[[103.8207495,1.3258875],[103.8207459,1.3258689],[103.8208119,1.3258563],[103.8207887,1.3257352],[103.8206613,1.3257595],[103.8206672,1.3257901],[103.8205871,1.3258054],[103.8206079,1.3259145],[103.8207495,1.3258875]]]}},{"type":"Feature","id":"way/452286344-0","properties":{"addr:city":"Singapore","addr:housenumber":"16","addr:street":"Tudor Close","building":"house","clearanceGeometry":{"type":"Polygon","coordinates":[[[103.8201075,1.3270066],[103.820098,1.326927],[103.8200055,1.326938],[103.8200153,1.3270201],[103.8199346,1.3270297],[103.8199553,1.3272034],[103.8202109,1.3271729],[103.8201899,1.3269968],[103.8201075,1.3270066]]]},"clearanceHeight":1.7,"clearancePrepared":true},"geometry":{"type":"Polygon","coordinates":[[[103.8201899,1.3269968],[103.8201075,1.3270066],[103.820098,1.326927],[103.8200055,1.326938],[103.8200153,1.3270201],[103.8199346,1.3270297],[103.8199553,1.3272034],[103.8202109,1.3271729],[103.8201899,1.3269968]]]}},{"type":"Feature","id":"way/452286346-0","properties":{"addr:city":"Singapore","addr:country":"SG","addr:housenumber":"16A","addr:street":"Kheam Hock Road","building":"house","building:levels":"1","clearanceGeometry":{"type":"Polygon","coordinates":[[[103.820745,1.3256955],[103.8207411,1.3256684],[103.8208034,1.3256594],[103.8207804,1.3255004],[103.8207013,1.3255118],[103.8207053,1.3255394],[103.8206333,1.3255498],[103.8206561,1.3257084],[103.820745,1.3256955]]]},"clearanceHeight":1.7,"clearancePrepared":true},"geometry":{"type":"Polygon","coordinates":[[[103.8206561,1.3257084],[103.820745,1.3256955],[103.8207411,1.3256684],[103.8208034,1.3256594],[103.8207804,1.3255004],[103.8207013,1.3255118],[103.8207053,1.3255394],[103.8206333,1.3255498],[103.8206561,1.3257084]]]}},{"type":"Feature","id":"way/452286348-0","properties":{"addr:city":"Singapore","addr:country":"SG","addr:housenumber":"5A","addr:street":"Camborne Road","building":"house","clearanceGeometry":{"type":"Polygon","coordinates":[[[103.820642,1.3246112],[103.8208456,1.3245934],[103.8208354,1.3244763],[103.8208058,1.3244788],[103.8208001,1.3244138],[103.820745,1.3244186],[103.8207434,1.324401],[103.8206246,1.3244114],[103.820642,1.3246112]]]},"clearanceHeight":1.7,"clearancePrepared":true},"geometry":{"type":"Polygon","coordinates":[[[103.8206246,1.3244114],[103.820642,1.3246112],[103.8208456,1.3245934],[103.8208354,1.3244763],[103.8208058,1.3244788],[103.8208001,1.3244138],[103.820745,1.3244186],[103.8207434,1.324401],[103.8206246,1.3244114]]]}},{"type":"Feature","id":"way/452289040-0","properties":{"addr:city":"Singapore","addr:housenumber":"38","addr:street":"Kheam Hock Road","building":"house","clearanceGeometry":{"type":"Polygon","coordinates":[[[103.8203688,1.3282471],[103.8202942,1.3282863],[103.8202499,1.3283212],[103.8201963,1.3284003],[103.8201882,1.3285129],[103.8202056,1.3286135],[103.8202794,1.3286966],[103.8204149,1.3287382],[103.8205369,1.3287288],[103.8205972,1.3287006],[103.8206536,1.3286296],[103.8207032,1.3285129],[103.8205718,1.3284606],[103.8205168,1.3285599],[103.8204739,1.3286028],[103.8204175,1.3286054],[103.8203733,1.3285719],[103.8203397,1.328521],[103.8203438,1.3284553],[103.8203882,1.3283834],[103.8204292,1.3283567],[103.8203688,1.3282471]]]},"clearanceHeight":1.7,"clearancePrepared":true},"geometry":{"type":"Polygon","coordinates":[[[103.8204292,1.3283567],[103.8203688,1.3282471],[103.8202942,1.3282863],[103.8202499,1.3283212],[103.8201963,1.3284003],[103.8201882,1.3285129],[103.8202056,1.3286135],[103.8202794,1.3286966],[103.8204149,1.3287382],[103.8205369,1.3287288],[103.8205972,1.3287006],[103.8206536,1.3286296],[103.8207032,1.3285129],[103.8205718,1.3284606],[103.8205168,1.3285599],[103.8204739,1.3286028],[103.8204175,1.3286054],[103.8203733,1.3285719],[103.8203397,1.328521],[103.8203438,1.3284553],[103.8203882,1.3283834],[103.8204292,1.3283567]]]}},{"type":"Feature","id":"way/453520915-0","properties":{"addr:city":"Singapore","addr:country":"SG","addr:housenumber":"17","addr:street":"Dalkeith Road","building":"house","clearanceGeometry":{"type":"Polygon","coordinates":[[[103.8225102,1.3252676],[103.8224783,1.3252746],[103.8224674,1.3252247],[103.8223841,1.3252429],[103.8223929,1.325283],[103.8223568,1.3252909],[103.8223481,1.3252507],[103.8222714,1.3252674],[103.8222956,1.3253784],[103.8225236,1.3253288],[103.8225102,1.3252676]]]},"clearanceHeight":1.7,"clearancePrepared":true},"geometry":{"type":"Polygon","coordinates":[[[103.8225236,1.3253288],[103.8225102,1.3252676],[103.8224783,1.3252746],[103.8224674,1.3252247],[103.8223841,1.3252429],[103.8223929,1.325283],[103.8223568,1.3252909],[103.8223481,1.3252507],[103.8222714,1.3252674],[103.8222956,1.3253784],[103.8225236,1.3253288]]]}},{"type":"Feature","id":"way/453520916-0","properties":{"addr:city":"Singapore","addr:country":"SG","addr:housenumber":"33","addr:street":"Berrima Road","building":"yes","clearanceGeometry":{"type":"Polygon","coordinates":[[[103.8218319,1.3263025],[103.8218786,1.326298],[103.8218681,1.3261909],[103.8218215,1.3261955],[103.8218142,1.326121],[103.8217418,1.326128],[103.8217362,1.3260699],[103.821602,1.326083],[103.8216283,1.3263525],[103.821795840225,1.3263361922105454],[103.82183365906998,1.3263206366179505],[103.8218319,1.3263025]]]},"clearanceHeight":1.7,"clearancePrepared":true},"geometry":{"type":"Polygon","coordinates":[[[103.8218348,1.3263324],[103.8218319,1.3263025],[103.8218786,1.326298],[103.8218681,1.3261909],[103.8218215,1.3261955],[103.8218142,1.326121],[103.8217418,1.326128],[103.8217362,1.3260699],[103.821602,1.326083],[103.8216283,1.3263525],[103.8218348,1.3263324]]]}},{"type":"Feature","id":"way/453520919-0","properties":{"addr:city":"Singapore","addr:country":"SG","addr:housenumber":"15A","addr:street":"Dalkeith Road","building":"house","clearanceGeometry":{"type":"Polygon","coordinates":[[[103.8224863,1.3251394],[103.8224454,1.3251483],[103.8224311,1.3250823],[103.822355,1.3250988],[103.8223644,1.3251419],[103.8223087,1.325154],[103.8222994,1.325111],[103.8222325,1.3251255],[103.8222599,1.3252513],[103.8224993,1.3251992],[103.8224863,1.3251394]]]},"clearanceHeight":1.7,"clearancePrepared":true},"geometry":{"type":"Polygon","coordinates":[[[103.8224993,1.3251992],[103.8224863,1.3251394],[103.8224454,1.3251483],[103.8224311,1.3250823],[103.822355,1.3250988],[103.8223644,1.3251419],[103.8223087,1.325154],[103.8222994,1.325111],[103.8222325,1.3251255],[103.8222599,1.3252513],[103.8224993,1.3251992]]]}},{"type":"Feature","id":"way/453520920-0","properties":{"addr:city":"Singapore","addr:country":"SG","addr:housenumber":"25","addr:street":"Dalkeith Road","building":"house","clearanceGeometry":{"type":"Polygon","coordinates":[[[103.8233406,1.3255703],[103.8232872,1.3255749],[103.8232845,1.325534],[103.8232095,1.3255347],[103.8232297,1.3257565],[103.8233309,1.3257204],[103.8233851,1.3257199],[103.8233752,1.3256486],[103.8233443,1.3256467],[103.8233406,1.3255703]]]},"clearanceHeight":1.7,"clearancePrepared":true},"geometry":{"type":"Polygon","coordinates":[[[103.8233443,1.3256467],[103.8233406,1.3255703],[103.8232872,1.3255749],[103.8232845,1.325534],[103.8232095,1.3255347],[103.8232297,1.3257565],[103.8233309,1.3257204],[103.8233851,1.3257199],[103.8233752,1.3256486],[103.8233443,1.3256467]]]}},{"type":"Feature","id":"way/453520921-0","properties":{"addr:city":"Singapore","addr:country":"SG","addr:housenumber":"12","addr:street":"Camborne Road","building":"house","clearanceGeometry":{"type":"Polygon","coordinates":[[[103.8212898,1.3248892],[103.8212764,1.324841],[103.821123,1.3248837],[103.8211509,1.3249837],[103.8212061,1.3249683],[103.8212378,1.3250821],[103.8212626,1.3250752],[103.8212778,1.3251296],[103.8213482,1.3251101],[103.8213516,1.3251225],[103.8214017,1.3251086],[103.8213369,1.324876],[103.8212898,1.3248892]]]},"clearanceHeight":1.7,"clearancePrepared":true},"geometry":{"type":"Polygon","coordinates":[[[103.8213369,1.324876],[103.8212898,1.3248892],[103.8212764,1.324841],[103.821123,1.3248837],[103.8211509,1.3249837],[103.8212061,1.3249683],[103.8212378,1.3250821],[103.8212626,1.3250752],[103.8212778,1.3251296],[103.8213482,1.3251101],[103.8213516,1.3251225],[103.8214017,1.3251086],[103.8213369,1.324876]]]}},{"type":"Feature","id":"way/453520922-0","properties":{"addr:city":"Singapore","addr:country":"SG","addr:housenumber":"19A","addr:street":"Dalkeith Road","building":"house","clearanceGeometry":{"type":"Polygon","coordinates":[[[103.8223898,1.3256322],[103.8223613,1.3256801],[103.8224553,1.325736],[103.8224838,1.3256881],[103.8225592,1.3255465],[103.8224525,1.325483],[103.8224322,1.3255172],[103.8223968,1.3255766],[103.8223705,1.3256207],[103.8223898,1.3256322]]]},"clearanceHeight":1.7,"clearancePrepared":true},"geometry":{"type":"Polygon","coordinates":[[[103.8223705,1.3256207],[103.8223898,1.3256322],[103.8223613,1.3256801],[103.8224553,1.325736],[103.8224838,1.3256881],[103.8225592,1.3255465],[103.8224525,1.325483],[103.8224322,1.3255172],[103.8223968,1.3255766],[103.8223705,1.3256207]]]}},{"type":"Feature","id":"way/453520923-0","properties":{"addr:city":"Singapore","addr:country":"SG","addr:housenumber":"29B","addr:street":"Berrima Road","building":"yes","clearanceGeometry":{"type":"Polygon","coordinates":[[[103.8224143,1.3260348],[103.8224917,1.3260213],[103.8224509,1.3257873],[103.8223735,1.3258007],[103.8224143,1.3260348]]]},"clearanceHeight":1.7,"clearancePrepared":true},"geometry":{"type":"Polygon","coordinates":[[[103.8223735,1.3258007],[103.8224143,1.3260348],[103.8224917,1.3260213],[103.8224509,1.3257873],[103.8223735,1.3258007]]]}},{"type":"Feature","id":"way/453520924-0","properties":{"addr:city":"Singapore","addr:country":"SG","addr:housenumber":"20","addr:street":"Narooma Road","building":"house","clearanceGeometry":{"type":"Polygon","coordinates":[[[103.8223679,1.3259718],[103.8223522,1.3258829],[103.8221609,1.3259166],[103.8221766,1.3260055],[103.8223679,1.3259718]]]},"clearanceHeight":1.7,"clearancePrepared":true},"geometry":{"type":"Polygon","coordinates":[[[103.8221766,1.3260055],[103.8223679,1.3259718],[103.8223522,1.3258829],[103.8221609,1.3259166],[103.8221766,1.3260055]]]}},{"type":"Feature","id":"way/453520926-0","properties":{"addr:city":"Singapore","addr:country":"SG","addr:housenumber":"12","addr:street":"Dalkeith Road","building":"house","clearanceGeometry":{"type":"Polygon","coordinates":[[[103.8227603,1.3245599],[103.8227342,1.3244585],[103.822468,1.3245268],[103.8224941,1.3246282],[103.8227603,1.3245599]]]},"clearanceHeight":1.7,"clearancePrepared":true},"geometry":{"type":"Polygon","coordinates":[[[103.8224941,1.3246282],[103.8227603,1.3245599],[103.8227342,1.3244585],[103.822468,1.3245268],[103.8224941,1.3246282]]]}},{"type":"Feature","id":"way/453520927-0","properties":{"addr:city":"Singapore","addr:country":"SG","addr:housenumber":"9","addr:street":"Dalkeith Road","building":"house","clearanceGeometry":{"type":"Polygon","coordinates":[[[103.8220875,1.3245773],[103.8222374,1.3245332],[103.8221975,1.3243977],[103.8220476,1.3244418],[103.8220875,1.3245773]]]},"clearanceHeight":1.7,"clearancePrepared":true},"geometry":{"type":"Polygon","coordinates":[[[103.8220476,1.3244418],[103.8220875,1.3245773],[103.8222374,1.3245332],[103.8221975,1.3243977],[103.8220476,1.3244418]]]}},{"type":"Feature","id":"way/453520928-0","properties":{"addr:city":"Singapore","addr:country":"SG","addr:housenumber":"21","addr:street":"Dalkeith Road","building":"house","clearanceGeometry":{"type":"Polygon","coordinates":[[[103.8229574,1.3257162],[103.8229403,1.3256043],[103.8227559,1.3256325],[103.822773,1.3257444],[103.8229574,1.3257162]]]},"clearanceHeight":1.7,"clearancePrepared":true},"geometry":{"type":"Polygon","coordinates":[[[103.822773,1.3257444],[103.8229574,1.3257162],[103.8229403,1.3256043],[103.8227559,1.3256325],[103.822773,1.3257444]]]}},{"type":"Feature","id":"way/453520935-0","properties":{"addr:city":"Singapore","addr:country":"SG","addr:housenumber":"11A","addr:street":"Narooma Road","building":"house","clearanceGeometry":{"type":"Polygon","coordinates":[[[103.8216466,1.3248608],[103.8214266,1.3249272],[103.8214627,1.3250466],[103.8216826,1.3249802],[103.8216466,1.3248608]]]},"clearanceHeight":1.7,"clearancePrepared":true},"geometry":{"type":"Polygon","coordinates":[[[103.8216826,1.3249802],[103.8216466,1.3248608],[103.8214266,1.3249272],[103.8214627,1.3250466],[103.8216826,1.3249802]]]}},{"type":"Feature","id":"way/453520936-0","properties":{"addr:city":"Singapore","addr:country":"SG","addr:housenumber":"25A","addr:street":"Berrima Road","building":"house","clearanceGeometry":{"type":"Polygon","coordinates":[[[103.823113,1.3258061],[103.8231209,1.3260228],[103.8232387,1.3260185],[103.8232308,1.3258018],[103.823113,1.3258061]]]},"clearanceHeight":1.7,"clearancePrepared":true},"geometry":{"type":"Polygon","coordinates":[[[103.8232308,1.3258018],[103.823113,1.3258061],[103.8231209,1.3260228],[103.8232387,1.3260185],[103.8232308,1.3258018]]]}},{"type":"Feature","id":"way/453520939-0","properties":{"addr:city":"Singapore","addr:country":"SG","addr:housenumber":"12A","addr:street":"Narooma Road","building":"house","clearanceGeometry":{"type":"Polygon","coordinates":[[[103.8219916,1.3253318],[103.8222394,1.325274],[103.8222123,1.3251579],[103.8219645,1.3252157],[103.8219916,1.3253318]]]},"clearanceHeight":1.7,"clearancePrepared":true},"geometry":{"type":"Polygon","coordinates":[[[103.8219645,1.3252157],[103.8219916,1.3253318],[103.8222394,1.325274],[103.8222123,1.3251579],[103.8219645,1.3252157]]]}},{"type":"Feature","id":"way/453520941-0","properties":{"addr:city":"Singapore","addr:country":"SG","addr:housenumber":"15","addr:street":"Narooma Road","building":"house","clearanceGeometry":{"type":"Polygon","coordinates":[[[103.8216779,1.3255655],[103.8216551,1.3254109],[103.821538,1.3254282],[103.8215609,1.3255828],[103.8216779,1.3255655]]]},"clearanceHeight":1.7,"clearancePrepared":true},"geometry":{"type":"Polygon","coordinates":[[[103.8215609,1.3255828],[103.8216779,1.3255655],[103.8216551,1.3254109],[103.821538,1.3254282],[103.8215609,1.3255828]]]}},{"type":"Feature","id":"way/453520944-0","properties":{"addr:city":"Singapore","addr:country":"SG","addr:housenumber":"12","addr:street":"Narooma Road","building":"house","clearanceGeometry":{"type":"Polygon","coordinates":[[[103.8222069,1.3251445],[103.822182,1.3250377],[103.8219464,1.3250926],[103.8219713,1.3251994],[103.8222069,1.3251445]]]},"clearanceHeight":1.7,"clearancePrepared":true},"geometry":{"type":"Polygon","coordinates":[[[103.8219713,1.3251994],[103.8222069,1.3251445],[103.822182,1.3250377],[103.8219464,1.3250926],[103.8219713,1.3251994]]]}},{"type":"Feature","id":"way/453520945-0","properties":{"addr:city":"Singapore","addr:country":"SG","addr:housenumber":"12A","addr:street":"Dalkeith Road","building":"house","clearanceGeometry":{"type":"Polygon","coordinates":[[[103.8227951,1.3246658],[103.8227713,1.3245728],[103.8225028,1.3246417],[103.8225267,1.3247347],[103.8227951,1.3246658]]]},"clearanceHeight":1.7,"clearancePrepared":true},"geometry":{"type":"Polygon","coordinates":[[[103.8225267,1.3247347],[103.8227951,1.3246658],[103.8227713,1.3245728],[103.8225028,1.3246417],[103.8225267,1.3247347]]]}},{"type":"Feature","id":"way/453520948-0","properties":{"addr:city":"Singapore","addr:country":"SG","addr:housenumber":"12B","addr:street":"Narooma Road","building":"house","clearanceGeometry":{"type":"Polygon","coordinates":[[[103.8222605,1.3254126],[103.8222334,1.3252963],[103.8219946,1.325352],[103.8220217,1.3254683],[103.8222605,1.3254126]]]},"clearanceHeight":1.7,"clearancePrepared":true},"geometry":{"type":"Polygon","coordinates":[[[103.8220217,1.3254683],[103.8222605,1.3254126],[103.8222334,1.3252963],[103.8219946,1.325352],[103.8220217,1.3254683]]]}},{"type":"Feature","id":"way/453520952-0","properties":{"addr:city":"Singapore","addr:country":"SG","addr:housenumber":"11","addr:street":"Harlyn Road","building":"house","clearanceGeometry":{"type":"Polygon","coordinates":[[[103.8229185,1.3249755],[103.8230949,1.3249303],[103.8230714,1.3248388],[103.822895,1.324884],[103.8229185,1.3249755]]]},"clearanceHeight":1.7,"clearancePrepared":true},"geometry":{"type":"Polygon","coordinates":[[[103.822895,1.324884],[103.8229185,1.3249755],[103.8230949,1.3249303],[103.8230714,1.3248388],[103.822895,1.324884]]]}},{"type":"Feature","id":"way/453520959-0","properties":{"addr:city":"Singapore","addr:country":"SG","addr:housenumber":"17","addr:street":"Harlyn Road","building":"house","clearanceGeometry":{"type":"Polygon","coordinates":[[[103.823606,1.3257335],[103.8236809,1.3256137],[103.8235502,1.3255319],[103.8234752,1.3256517],[103.823606,1.3257335]]]},"clearanceHeight":1.7,"clearancePrepared":true},"geometry":{"type":"Polygon","coordinates":[[[103.8234752,1.3256517],[103.823606,1.3257335],[103.8236809,1.3256137],[103.8235502,1.3255319],[103.8234752,1.3256517]]]}},{"type":"Feature","id":"way/453520961-0","properties":{"addr:city":"Singapore","addr:country":"SG","addr:housenumber":"9D","addr:street":"Harlyn Road","building":"house","clearanceGeometry":{"type":"Polygon","coordinates":[[[103.8228534,1.3247619],[103.8230493,1.3247117],[103.8230258,1.3246202],[103.8228299,1.3246705],[103.8228534,1.3247619]]]},"clearanceHeight":1.7,"clearancePrepared":true},"geometry":{"type":"Polygon","coordinates":[[[103.8228299,1.3246705],[103.8228534,1.3247619],[103.8230493,1.3247117],[103.8230258,1.3246202],[103.8228299,1.3246705]]]}},{"type":"Feature","id":"way/453520963-0","properties":{"addr:city":"Singapore","addr:country":"SG","addr:housenumber":"9E","addr:street":"Harlyn Road","building":"house","clearanceGeometry":{"type":"Polygon","coordinates":[[[103.8230674,1.3248227],[103.8230434,1.3247293],[103.8228676,1.3247744],[103.8228915,1.3248678],[103.8230674,1.3248227]]]},"clearanceHeight":1.7,"clearancePrepared":true},"geometry":{"type":"Polygon","coordinates":[[[103.8228915,1.3248678],[103.8230674,1.3248227],[103.8230434,1.3247293],[103.8228676,1.3247744],[103.8228915,1.3248678]]]}},{"type":"Feature","id":"way/453520966-0","properties":{"addr:city":"Singapore","addr:country":"SG","addr:housenumber":"16","addr:street":"Camborne Road","building":"house","clearanceGeometry":{"type":"Polygon","coordinates":[[[103.8213105,1.3255724],[103.8214542,1.3255245],[103.8214662,1.325577],[103.82139,1.3255972],[103.8214175,1.325666],[103.8214552,1.3256513],[103.8214647,1.3256841],[103.8215115,1.3256667],[103.8214873,1.3254901],[103.82119506916975,1.3255498790091853],[103.8212051230873,1.3256182124124412],[103.82120664199317,1.3256335099643994],[103.82122026291755,1.3257673452870238],[103.8213314,1.3257361],[103.8213105,1.3255724]]]},"clearanceHeight":1.7,"clearancePrepared":true},"geometry":{"type":"Polygon","coordinates":[[[103.8213314,1.3257361],[103.8213105,1.3255724],[103.8214542,1.3255245],[103.8214662,1.325577],[103.82139,1.3255972],[103.8214175,1.325666],[103.8214552,1.3256513],[103.8214647,1.3256841],[103.8215115,1.3256667],[103.8214873,1.3254901],[103.8211935,1.3255502],[103.8212158,1.3257686],[103.8213314,1.3257361]]]}},{"type":"Feature","id":"way/453520969-0","properties":{"addr:city":"Singapore","addr:country":"SG","addr:housenumber":"27A","addr:street":"Berrima Road","building":"house","clearanceGeometry":{"type":"Polygon","coordinates":[[[103.8229353,1.325887],[103.8228358,1.3258907],[103.8228434,1.3260982],[103.8228439,1.3261118],[103.8229434,1.3261082],[103.8229353,1.325887]]]},"clearanceHeight":1.7,"clearancePrepared":true},"geometry":{"type":"Polygon","coordinates":[[[103.8229434,1.3261082],[103.8229353,1.325887],[103.8228358,1.3258907],[103.8228434,1.3260982],[103.8228439,1.3261118],[103.8229434,1.3261082]]]}},{"type":"Feature","id":"way/453520970-0","properties":{"addr:city":"Singapore","addr:country":"SG","addr:housenumber":"18","addr:street":"Camborne Road","building":"house","clearanceGeometry":{"type":"Polygon","coordinates":[[[103.8212303704651,1.3258666591698285],[103.8212371943564,1.3259337087818264],[103.8212473,1.3259696],[103.8212809,1.3259601],[103.8215304,1.3258899],[103.8215023,1.3257902],[103.8212303704651,1.3258666591698285]]]},"clearanceHeight":1.7,"clearancePrepared":true},"geometry":{"type":"Polygon","coordinates":[[[103.8215023,1.3257902],[103.8212192,1.3258698],[103.8212473,1.3259696],[103.8212809,1.3259601],[103.8215304,1.3258899],[103.8215023,1.3257902]]]}},{"type":"Feature","id":"way/453520971-0","properties":{"addr:city":"Singapore","addr:country":"SG","addr:housenumber":"20","addr:street":"Camborne Road","building":"house","clearanceGeometry":{"type":"Polygon","coordinates":[[[103.8215563,1.325982],[103.8215304,1.3258899],[103.8212809,1.3259601],[103.8213068,1.3260522],[103.8215259,1.3259906],[103.8215563,1.325982]]]},"clearanceHeight":1.7,"clearancePrepared":true},"geometry":{"type":"Polygon","coordinates":[[[103.8215259,1.3259906],[103.8215563,1.325982],[103.8215304,1.3258899],[103.8212809,1.3259601],[103.8213068,1.3260522],[103.8215259,1.3259906]]]}},{"type":"Feature","id":"way/453520972-0","properties":{"addr:city":"Singapore","addr:country":"SG","addr:housenumber":"27B","addr:street":"Berrima Road","building":"house","clearanceGeometry":{"type":"Polygon","coordinates":[[[103.8228358,1.3258907],[103.8228353,1.3258777],[103.82272,1.3258819],[103.8227281,1.3261024],[103.8228434,1.3260982],[103.8228358,1.3258907]]]},"clearanceHeight":1.7,"clearancePrepared":true},"geometry":{"type":"Polygon","coordinates":[[[103.8228434,1.3260982],[103.8228358,1.3258907],[103.8228353,1.3258777],[103.82272,1.3258819],[103.8227281,1.3261024],[103.8228434,1.3260982]]]}},{"type":"Feature","id":"way/453520973-0","properties":{"addr:city":"Singapore","addr:country":"SG","addr:housenumber":"22","addr:street":"Camborne Road","building":"house","clearanceGeometry":{"type":"Polygon","coordinates":[[[103.8213068,1.3260522],[103.821259,1.3260657],[103.8212877,1.3261675],[103.8215545,1.3260924],[103.8215259,1.3259906],[103.8213068,1.3260522]]]},"clearanceHeight":1.7,"clearancePrepared":true},"geometry":{"type":"Polygon","coordinates":[[[103.8215259,1.3259906],[103.8213068,1.3260522],[103.821259,1.3260657],[103.8212877,1.3261675],[103.8215545,1.3260924],[103.8215259,1.3259906]]]}},{"type":"Feature","id":"way/453520975-0","properties":{"addr:city":"Singapore","addr:country":"SG","addr:housenumber":"9","addr:street":"Narooma Road","building":"house","clearanceGeometry":{"type":"Polygon","coordinates":[[[103.8215103,1.3247094],[103.8214891,1.3246335],[103.8215457,1.3246178],[103.8214893,1.3244154],[103.8213186,1.3244629],[103.8213961,1.3247412],[103.8215103,1.3247094]]]},"clearanceHeight":1.7,"clearancePrepared":true},"geometry":{"type":"Polygon","coordinates":[[[103.8213961,1.3247412],[103.8215103,1.3247094],[103.8214891,1.3246335],[103.8215457,1.3246178],[103.8214893,1.3244154],[103.8213186,1.3244629],[103.8213961,1.3247412]]]}},{"type":"Feature","id":"way/453520977-0","properties":{"addr:city":"Singapore","addr:country":"SG","addr:housenumber":"9C","addr:street":"Harlyn Road","building":"house","clearanceGeometry":{"type":"Polygon","coordinates":[[[103.8230768,1.324584],[103.8230568,1.3245062],[103.8230305,1.324513],[103.8227956,1.3245734],[103.8228156,1.3246511],[103.8230768,1.324584]]]},"clearanceHeight":1.7,"clearancePrepared":true},"geometry":{"type":"Polygon","coordinates":[[[103.8228156,1.3246511],[103.8230768,1.324584],[103.8230568,1.3245062],[103.8230305,1.324513],[103.8227956,1.3245734],[103.8228156,1.3246511]]]}},{"type":"Feature","id":"way/453520979-0","properties":{"addr:city":"Singapore","addr:country":"SG","addr:housenumber":"8","addr:street":"Narooma Road","building":"house","clearanceGeometry":{"type":"Polygon","coordinates":[[[103.8219785,1.3243712],[103.8218149,1.3244094],[103.8218416,1.3245238],[103.8218041,1.3245326],[103.8218274,1.3246323],[103.8220285,1.3245854],[103.8219785,1.3243712]]]},"clearanceHeight":1.7,"clearancePrepared":true},"geometry":{"type":"Polygon","coordinates":[[[103.8220285,1.3245854],[103.8219785,1.3243712],[103.8218149,1.3244094],[103.8218416,1.3245238],[103.8218041,1.3245326],[103.8218274,1.3246323],[103.8220285,1.3245854]]]}},{"type":"Feature","id":"way/453520981-0","properties":{"addr:city":"Singapore","addr:country":"SG","addr:housenumber":"13","addr:street":"Dalkeith Road","building":"house","clearanceGeometry":{"type":"Polygon","coordinates":[[[103.8221582,1.3248152],[103.8221783,1.3249076],[103.8222211,1.3248983],[103.8222346,1.3249601],[103.8223546,1.324934],[103.822321,1.3247798],[103.8221582,1.3248152]]]},"clearanceHeight":1.7,"clearancePrepared":true},"geometry":{"type":"Polygon","coordinates":[[[103.822321,1.3247798],[103.8221582,1.3248152],[103.8221783,1.3249076],[103.8222211,1.3248983],[103.8222346,1.3249601],[103.8223546,1.324934],[103.822321,1.3247798]]]}},{"type":"Feature","id":"way/453520983-0","properties":{"addr:city":"Singapore","addr:country":"SG","addr:housenumber":"16B","addr:street":"Camborne Road","building":"house","clearanceGeometry":{"type":"Polygon","coordinates":[[[103.8215328,1.3257816],[103.8215062,1.3256868],[103.8213314,1.3257361],[103.82122026291755,1.3257673452870238],[103.8212303704651,1.3258666591698285],[103.8215023,1.3257902],[103.8215328,1.3257816]]]},"clearanceHeight":1.7,"clearancePrepared":true},"geometry":{"type":"Polygon","coordinates":[[[103.8215023,1.3257902],[103.8215328,1.3257816],[103.8215062,1.3256868],[103.8213314,1.3257361],[103.8212158,1.3257686],[103.8212192,1.3258698],[103.8215023,1.3257902]]]}},{"type":"Feature","id":"way/453520989-0","properties":{"addr:city":"Singapore","addr:country":"SG","addr:housenumber":"11A","addr:street":"Harlyn Road","building":"house","clearanceGeometry":{"type":"Polygon","coordinates":[[[103.8230081,1.325117],[103.8229794,1.3251249],[103.823003,1.3252101],[103.8231626,1.3251659],[103.8231076,1.3249675],[103.8229767,1.3250037],[103.8230081,1.325117]]]},"clearanceHeight":1.7,"clearancePrepared":true},"geometry":{"type":"Polygon","coordinates":[[[103.8229767,1.3250037],[103.8230081,1.325117],[103.8229794,1.3251249],[103.823003,1.3252101],[103.8231626,1.3251659],[103.8231076,1.3249675],[103.8229767,1.3250037]]]}},{"type":"Feature","id":"way/453520991-0","properties":{"addr:city":"Singapore","addr:country":"SG","addr:housenumber":"14","addr:street":"Dalkeith Road","building":"house","clearanceGeometry":{"type":"Polygon","coordinates":[[[103.8226494,1.3248032],[103.822628,1.3248086],[103.8226557,1.3249167],[103.8228508,1.3248666],[103.8228072,1.3246967],[103.8226335,1.3247412],[103.8226494,1.3248032]]]},"clearanceHeight":1.7,"clearancePrepared":true},"geometry":{"type":"Polygon","coordinates":[[[103.8226335,1.3247412],[103.8226494,1.3248032],[103.822628,1.3248086],[103.8226557,1.3249167],[103.8228508,1.3248666],[103.8228072,1.3246967],[103.8226335,1.3247412]]]}},{"type":"Feature","id":"way/453520997-0","properties":{"addr:city":"Singapore","addr:country":"SG","addr:housenumber":"25B","addr:street":"Berrima Road","building":"house","clearanceGeometry":{"type":"Polygon","coordinates":[[[103.8230364,1.325879],[103.8230442,1.3260925],[103.8231234,1.3260896],[103.8231209,1.3260228],[103.823113,1.3258061],[103.8230338,1.325809],[103.8230364,1.325879]]]},"clearanceHeight":1.7,"clearancePrepared":true},"geometry":{"type":"Polygon","coordinates":[[[103.8230338,1.325809],[103.8230364,1.325879],[103.8230442,1.3260925],[103.8231234,1.3260896],[103.8231209,1.3260228],[103.823113,1.3258061],[103.8230338,1.325809]]]}},{"type":"Feature","id":"way/453520999-0","properties":{"addr:city":"Singapore","addr:country":"SG","addr:housenumber":"25","addr:street":"Berrima Road","building":"house","clearanceGeometry":{"type":"Polygon","coordinates":[[[103.8232298,1.3257757],[103.8232308,1.3258018],[103.8232387,1.3260185],[103.8233453,1.3260146],[103.8233443,1.3259871],[103.8233364,1.3257718],[103.8232298,1.3257757]]]},"clearanceHeight":1.7,"clearancePrepared":true},"geometry":{"type":"Polygon","coordinates":[[[103.8233364,1.3257718],[103.8232298,1.3257757],[103.8232308,1.3258018],[103.8232387,1.3260185],[103.8233453,1.3260146],[103.8233443,1.3259871],[103.8233364,1.3257718]]]}},{"type":"Feature","id":"way/453521000-0","properties":{"addr:city":"Singapore","addr:country":"SG","addr:housenumber":"11","addr:street":"Dalkeith Road","building":"house","clearanceGeometry":{"type":"Polygon","coordinates":[[[103.8221817,1.3246491],[103.8221745,1.3246157],[103.8221099,1.3246297],[103.8221405,1.3247702],[103.8223459,1.3247255],[103.8223226,1.3246185],[103.8221817,1.3246491]]]},"clearanceHeight":1.7,"clearancePrepared":true},"geometry":{"type":"Polygon","coordinates":[[[103.8223226,1.3246185],[103.8221817,1.3246491],[103.8221745,1.3246157],[103.8221099,1.3246297],[103.8221405,1.3247702],[103.8223459,1.3247255],[103.8223226,1.3246185]]]}},{"type":"Feature","id":"way/453521001-0","properties":{"addr:city":"Singapore","addr:country":"SG","addr:housenumber":"27","addr:street":"Berrima Road","building":"house","clearanceGeometry":{"type":"Polygon","coordinates":[[[103.8230364,1.325879],[103.8229351,1.3258827],[103.8229353,1.325887],[103.8229434,1.3261082],[103.82294446770749,1.326137125166474],[103.8229494776844,1.3261378181892174],[103.82304280583345,1.3261344093624508],[103.82304432983325,1.3261342746127796],[103.82304579255975,1.326134105623543],[103.8230442,1.3260925],[103.8230364,1.325879]]]},"clearanceHeight":1.7,"clearancePrepared":true},"geometry":{"type":"Polygon","coordinates":[[[103.8230442,1.3260925],[103.8230364,1.325879],[103.8229351,1.3258827],[103.8229353,1.325887],[103.8229434,1.3261082],[103.8229445,1.326138],[103.8230458,1.3261343],[103.8230442,1.3260925]]]}},{"type":"Feature","id":"way/453521004-0","properties":{"addr:city":"Singapore","addr:country":"SG","addr:housenumber":"16","addr:street":"Dalkeith Road","building":"house","clearanceGeometry":{"type":"Polygon","coordinates":[[[103.8226087,1.3249486],[103.8226301,1.3250322],[103.8226581,1.325025],[103.822666,1.3250556],[103.8228631,1.3250051],[103.8228339,1.3248909],[103.8226087,1.3249486]]]},"clearanceHeight":1.7,"clearancePrepared":true},"geometry":{"type":"Polygon","coordinates":[[[103.8228339,1.3248909],[103.8226087,1.3249486],[103.8226301,1.3250322],[103.8226581,1.325025],[103.822666,1.3250556],[103.8228631,1.3250051],[103.8228339,1.3248909]]]}},{"type":"Feature","id":"way/453521007-0","properties":{"addr:city":"Singapore","addr:country":"SG","addr:housenumber":"11","addr:street":"Narooma Road","building":"house","clearanceGeometry":{"type":"Polygon","coordinates":[[[103.8214638,1.3248777],[103.82147,1.3248999],[103.8216464,1.3248509],[103.8216171,1.3247456],[103.8215315,1.3247694],[103.8215273,1.3247542],[103.8213554,1.3248019],[103.8213827,1.3249003],[103.8214638,1.3248777]]]},"clearanceHeight":1.7,"clearancePrepared":true},"geometry":{"type":"Polygon","coordinates":[[[103.8213827,1.3249003],[103.8214638,1.3248777],[103.82147,1.3248999],[103.8216464,1.3248509],[103.8216171,1.3247456],[103.8215315,1.3247694],[103.8215273,1.3247542],[103.8213554,1.3248019],[103.8213827,1.3249003]]]}},{"type":"Feature","id":"way/453521008-0","properties":{"addr:city":"Singapore","addr:country":"SG","addr:housenumber":"10","addr:street":"Camborne Road","building":"house","clearanceGeometry":{"type":"Polygon","coordinates":[[[103.8212518,1.3245691],[103.8212288,1.3244864],[103.8211007,1.3245221],[103.8211407,1.3246657],[103.8210765,1.3246836],[103.8211107,1.3248062],[103.8213379,1.3247429],[103.8212868,1.3245593],[103.8212518,1.3245691]]]},"clearanceHeight":1.7,"clearancePrepared":true},"geometry":{"type":"Polygon","coordinates":[[[103.8212868,1.3245593],[103.8212518,1.3245691],[103.8212288,1.3244864],[103.8211007,1.3245221],[103.8211407,1.3246657],[103.8210765,1.3246836],[103.8211107,1.3248062],[103.8213379,1.3247429],[103.8212868,1.3245593]]]}},{"type":"Feature","id":"way/453521009-0","properties":{"addr:city":"Singapore","addr:country":"SG","addr:housenumber":"10A","addr:street":"Narooma Road","building":"house","clearanceGeometry":{"type":"Polygon","coordinates":[[[103.8221184,1.3248696],[103.8220911,1.3247529],[103.8220374,1.3247654],[103.8220443,1.3247953],[103.8219869,1.3248087],[103.8219799,1.3247788],[103.8218609,1.3248066],[103.8218881,1.3249233],[103.8221184,1.3248696]]]},"clearanceHeight":1.7,"clearancePrepared":true},"geometry":{"type":"Polygon","coordinates":[[[103.8218881,1.3249233],[103.8221184,1.3248696],[103.8220911,1.3247529],[103.8220374,1.3247654],[103.8220443,1.3247953],[103.8219869,1.3248087],[103.8219799,1.3247788],[103.8218609,1.3248066],[103.8218881,1.3249233]]]}},{"type":"Feature","id":"way/453521010-0","properties":{"addr:city":"Singapore","addr:country":"SG","addr:housenumber":"16","addr:street":"Narooma Road","building":"house","clearanceGeometry":{"type":"Polygon","coordinates":[[[103.8223482,1.3256573],[103.8223207,1.3255396],[103.8222135,1.3255646],[103.8222248,1.3256131],[103.8221417,1.3256325],[103.8221304,1.325584],[103.8220545,1.3256017],[103.822082,1.3257194],[103.8223482,1.3256573]]]},"clearanceHeight":1.7,"clearancePrepared":true},"geometry":{"type":"Polygon","coordinates":[[[103.822082,1.3257194],[103.8223482,1.3256573],[103.8223207,1.3255396],[103.8222135,1.3255646],[103.8222248,1.3256131],[103.8221417,1.3256325],[103.8221304,1.325584],[103.8220545,1.3256017],[103.822082,1.3257194]]]}},{"type":"Feature","id":"way/453521011-0","properties":{"addr:city":"Singapore","addr:country":"SG","addr:housenumber":"14","addr:street":"Narooma Road","building":"house","clearanceGeometry":{"type":"Polygon","coordinates":[[[103.8222761,1.3255386],[103.8222499,1.3254265],[103.822183,1.3254421],[103.8221923,1.3254818],[103.822123,1.325498],[103.8221137,1.3254583],[103.822032,1.3254773],[103.8220582,1.3255895],[103.8222761,1.3255386]]]},"clearanceHeight":1.7,"clearancePrepared":true},"geometry":{"type":"Polygon","coordinates":[[[103.8220582,1.3255895],[103.8222761,1.3255386],[103.8222499,1.3254265],[103.822183,1.3254421],[103.8221923,1.3254818],[103.822123,1.325498],[103.8221137,1.3254583],[103.822032,1.3254773],[103.8220582,1.3255895]]]}},{"type":"Feature","id":"way/453521012-0","properties":{"addr:city":"Singapore","addr:country":"SG","addr:housenumber":"10B","addr:street":"Narooma Road","building":"house","clearanceGeometry":{"type":"Polygon","coordinates":[[[103.822172,1.3250091],[103.8221429,1.3248842],[103.8220756,1.3248999],[103.8220831,1.324932],[103.8220084,1.3249494],[103.8220009,1.3249173],[103.8219065,1.3249393],[103.8219356,1.3250642],[103.822172,1.3250091]]]},"clearanceHeight":1.7,"clearancePrepared":true},"geometry":{"type":"Polygon","coordinates":[[[103.8219356,1.3250642],[103.822172,1.3250091],[103.8221429,1.3248842],[103.8220756,1.3248999],[103.8220831,1.324932],[103.8220084,1.3249494],[103.8220009,1.3249173],[103.8219065,1.3249393],[103.8219356,1.3250642]]]}},{"type":"Feature","id":"way/453521013-0","properties":{"addr:city":"Singapore","addr:country":"SG","addr:housenumber":"10","addr:street":"Narooma Road","building":"house","clearanceGeometry":{"type":"Polygon","coordinates":[[[103.8221023,1.3247288],[103.8220779,1.3246242],[103.8220002,1.3246423],[103.8220044,1.3246602],[103.8219371,1.3246759],[103.8219267,1.3246312],[103.82183,1.3246538],[103.8218607,1.3247852],[103.8221023,1.3247288]]]},"clearanceHeight":1.7,"clearancePrepared":true},"geometry":{"type":"Polygon","coordinates":[[[103.8218607,1.3247852],[103.8221023,1.3247288],[103.8220779,1.3246242],[103.8220002,1.3246423],[103.8220044,1.3246602],[103.8219371,1.3246759],[103.8219267,1.3246312],[103.82183,1.3246538],[103.8218607,1.3247852]]]}},{"type":"Feature","id":"way/453521014-0","properties":{"addr:city":"Singapore","addr:country":"SG","addr:housenumber":"17","addr:street":"Narooma Road","building":"house","clearanceGeometry":{"type":"Polygon","coordinates":[[[103.8215942,1.3258722],[103.8216043,1.3259405],[103.8218013,1.3259114],[103.8217741,1.3257274],[103.8216596,1.3257443],[103.8216561,1.3257212],[103.8215398,1.3257384],[103.8215603,1.3258772],[103.8215942,1.3258722]]]},"clearanceHeight":1.7,"clearancePrepared":true},"geometry":{"type":"Polygon","coordinates":[[[103.8215603,1.3258772],[103.8215942,1.3258722],[103.8216043,1.3259405],[103.8218013,1.3259114],[103.8217741,1.3257274],[103.8216596,1.3257443],[103.8216561,1.3257212],[103.8215398,1.3257384],[103.8215603,1.3258772]]]}},{"type":"Feature","id":"way/453521015-0","properties":{"addr:city":"Singapore","addr:country":"SG","addr:housenumber":"23","addr:street":"Dalkeith Road","building":"house","clearanceGeometry":{"type":"Polygon","coordinates":[[[103.8231835,1.3255856],[103.8230797,1.3255908],[103.8230788,1.325574],[103.8230028,1.3255778],[103.8230046,1.3256131],[103.822986,1.3256141],[103.8229933,1.3257579],[103.8231918,1.3257478],[103.8231835,1.3255856]]]},"clearanceHeight":1.7,"clearancePrepared":true},"geometry":{"type":"Polygon","coordinates":[[[103.8231918,1.3257478],[103.8231835,1.3255856],[103.8230797,1.3255908],[103.8230788,1.325574],[103.8230028,1.3255778],[103.8230046,1.3256131],[103.822986,1.3256141],[103.8229933,1.3257579],[103.8231918,1.3257478]]]}},{"type":"Feature","id":"way/453521018-0","properties":{"addr:city":"Singapore","addr:country":"SG","addr:housenumber":"35","addr:street":"Berrima Road","building":"yes","clearanceGeometry":{"type":"Polygon","coordinates":[[[103.8213929,1.326379],[103.8213936,1.3264002],[103.8215924,1.3263939],[103.8215865,1.3262081],[103.8215075,1.3262106],[103.8215063,1.3261728],[103.8213373,1.3261782],[103.8213437,1.3263805],[103.8213929,1.326379]]]},"clearanceHeight":1.7,"clearancePrepared":true},"geometry":{"type":"Polygon","coordinates":[[[103.8213437,1.3263805],[103.8213929,1.326379],[103.8213936,1.3264002],[103.8215924,1.3263939],[103.8215865,1.3262081],[103.8215075,1.3262106],[103.8215063,1.3261728],[103.8213373,1.3261782],[103.8213437,1.3263805]]]}},{"type":"Feature","id":"way/453521019-0","properties":{"addr:city":"Singapore","addr:country":"SG","addr:housenumber":"14","addr:street":"Camborne Road","building":"house","clearanceGeometry":{"type":"Polygon","coordinates":[[[103.8214558,1.3253884],[103.8214306,1.3252176],[103.8212541,1.3252437],[103.8212815,1.325429],[103.8213076,1.3254251],[103.8213175,1.3254922],[103.8215029,1.3254648],[103.8214908,1.3253832],[103.8214558,1.3253884]]]},"clearanceHeight":1.7,"clearancePrepared":true},"geometry":{"type":"Polygon","coordinates":[[[103.8214908,1.3253832],[103.8214558,1.3253884],[103.8214306,1.3252176],[103.8212541,1.3252437],[103.8212815,1.325429],[103.8213076,1.3254251],[103.8213175,1.3254922],[103.8215029,1.3254648],[103.8214908,1.3253832]]]}},{"type":"Feature","id":"way/453521020-0","properties":{"addr:city":"Singapore","addr:country":"SG","addr:housenumber":"15","addr:street":"Dalkeith Road","building":"house","clearanceGeometry":{"type":"Polygon","coordinates":[[[103.8224062,1.3249574],[103.8223112,1.3249781],[103.8223209,1.3250227],[103.8222793,1.3250318],[103.8222696,1.3249872],[103.822199,1.3250025],[103.8222245,1.3251197],[103.8224317,1.3250746],[103.8224062,1.3249574]]]},"clearanceHeight":1.7,"clearancePrepared":true},"geometry":{"type":"Polygon","coordinates":[[[103.8224317,1.3250746],[103.8224062,1.3249574],[103.8223112,1.3249781],[103.8223209,1.3250227],[103.8222793,1.3250318],[103.8222696,1.3249872],[103.822199,1.3250025],[103.8222245,1.3251197],[103.8224317,1.3250746]]]}},{"type":"Feature","id":"way/453521021-0","properties":{"addr:city":"Singapore","addr:country":"SG","addr:housenumber":"18","addr:street":"Narooma Road","building":"house","clearanceGeometry":{"type":"Polygon","coordinates":[[[103.8223308,1.3258168],[103.8222992,1.3256814],[103.8222283,1.325698],[103.8222386,1.3257422],[103.8221738,1.3257573],[103.8221635,1.3257131],[103.8220693,1.3257351],[103.8221009,1.3258705],[103.8223308,1.3258168]]]},"clearanceHeight":1.7,"clearancePrepared":true},"geometry":{"type":"Polygon","coordinates":[[[103.8221009,1.3258705],[103.8223308,1.3258168],[103.8222992,1.3256814],[103.8222283,1.325698],[103.8222386,1.3257422],[103.8221738,1.3257573],[103.8221635,1.3257131],[103.8220693,1.3257351],[103.8221009,1.3258705]]]}},{"type":"Feature","id":"way/453521022-0","properties":{"addr:city":"Singapore","addr:country":"SG","addr:housenumber":"23A","addr:street":"Berrima Road","building":"house","clearanceGeometry":{"type":"Polygon","coordinates":[[[103.8233364,1.3257718],[103.8233443,1.3259871],[103.82344,1.3259836],[103.8234345,1.3258331],[103.8234137,1.3257463],[103.8233356,1.3257491],[103.8233364,1.3257718]]]},"clearanceHeight":1.7,"clearancePrepared":true},"geometry":{"type":"Polygon","coordinates":[[[103.8233356,1.3257491],[103.8233364,1.3257718],[103.8233443,1.3259871],[103.82344,1.3259836],[103.8234345,1.3258331],[103.8234137,1.3257463],[103.8233356,1.3257491]]]}},{"type":"Feature","id":"way/453522897-0","properties":{"addr:city":"Singapore","addr:country":"SG","addr:housenumber":"20","addr:street":"Harlyn Road","building":"house","clearanceGeometry":{"type":"Polygon","coordinates":[[[103.8234163,1.325129],[103.82345,1.325246],[103.823503,1.3252308],[103.8234952,1.3252038],[103.8235294,1.3251939],[103.8235201,1.3251618],[103.8235597,1.3251504],[103.8235494,1.3251147],[103.823645,1.3250872],[103.8236228,1.3250102],[103.8234229,1.3250677],[103.8234387,1.3251226],[103.8234163,1.325129]]]},"clearanceHeight":1.7,"clearancePrepared":true},"geometry":{"type":"Polygon","coordinates":[[[103.8234387,1.3251226],[103.8234163,1.325129],[103.82345,1.325246],[103.823503,1.3252308],[103.8234952,1.3252038],[103.8235294,1.3251939],[103.8235201,1.3251618],[103.8235597,1.3251504],[103.8235494,1.3251147],[103.823645,1.3250872],[103.8236228,1.3250102],[103.8234229,1.3250677],[103.8234387,1.3251226]]]}},{"type":"Feature","id":"way/453522901-0","properties":{"addr:city":"Singapore","addr:country":"SG","addr:housenumber":"19","addr:street":"Berrima Road","building":"house","clearanceGeometry":{"type":"Polygon","coordinates":[[[103.823734,1.3248263],[103.8237558,1.3248729],[103.8237405,1.3249474],[103.8237629,1.324952],[103.8237469,1.3250243],[103.82394072577256,1.325195394275107],[103.82400080091134,1.3250933803453813],[103.82400285532569,1.3250884913161842],[103.8240023,1.325088],[103.82400374943698,1.3250863635388908],[103.82401623455458,1.3250566518577116],[103.8239749,1.3250202],[103.8239308,1.32507],[103.8238652,1.3250121],[103.8239055,1.3248154],[103.8237726,1.324784],[103.8237435,1.3247798],[103.823734,1.3248263]]]},"clearanceHeight":1.7,"clearancePrepared":true},"geometry":{"type":"Polygon","coordinates":[[[103.8237435,1.3247798],[103.823734,1.3248263],[103.8237558,1.3248729],[103.8237405,1.3249474],[103.8237629,1.324952],[103.8237469,1.3250243],[103.8239541,1.3252072],[103.8240344,1.3251164],[103.8240023,1.325088],[103.824024,1.3250635],[103.8239749,1.3250202],[103.8239308,1.32507],[103.8238652,1.3250121],[103.8239055,1.3248154],[103.8237726,1.324784],[103.8237435,1.3247798]]]}},{"type":"Feature","id":"way/453522910-0","properties":{"addr:city":"Singapore","addr:country":"SG","addr:housenumber":"14B","addr:street":"Harlyn Road","building":"house","clearanceGeometry":{"type":"Polygon","coordinates":[[[103.8236707,1.3247013],[103.8235271,1.3247426],[103.8235467,1.3248106],[103.8236903,1.3247693],[103.8236707,1.3247013]]]},"clearanceHeight":1.7,"clearancePrepared":true},"geometry":{"type":"Polygon","coordinates":[[[103.8236903,1.3247693],[103.8236707,1.3247013],[103.8235271,1.3247426],[103.8235467,1.3248106],[103.8236903,1.3247693]]]}},{"type":"Feature","id":"way/453522912-0","properties":{"addr:city":"Singapore","addr:country":"SG","addr:housenumber":"16","addr:street":"Harlyn Road","building":"house","clearanceGeometry":{"type":"Polygon","coordinates":[[[103.8233676,1.324877],[103.8233921,1.324962],[103.8236855,1.3248777],[103.823661,1.3247926],[103.8233676,1.324877]]]},"clearanceHeight":1.7,"clearancePrepared":true},"geometry":{"type":"Polygon","coordinates":[[[103.823661,1.3247926],[103.8233676,1.324877],[103.8233921,1.324962],[103.8236855,1.3248777],[103.823661,1.3247926]]]}},{"type":"Feature","id":"way/453522923-0","properties":{"addr:city":"Singapore","addr:country":"SG","addr:housenumber":"18","addr:street":"Harlyn Road","building":"house","clearanceGeometry":{"type":"Polygon","coordinates":[[[103.8236767,1.3248904],[103.8233951,1.3249714],[103.8234199,1.3250577],[103.8237016,1.3249767],[103.8236767,1.3248904]]]},"clearanceHeight":1.7,"clearancePrepared":true},"geometry":{"type":"Polygon","coordinates":[[[103.8237016,1.3249767],[103.8236767,1.3248904],[103.8233951,1.3249714],[103.8234199,1.3250577],[103.8237016,1.3249767]]]}},{"type":"Feature","id":"way/453522927-0","properties":{"addr:city":"Singapore","addr:country":"SG","addr:housenumber":"21","addr:street":"Berrima Road","building":"house","clearanceGeometry":{"type":"Polygon","coordinates":[[[103.8237626,1.3253032],[103.8237069,1.3252533],[103.8238017,1.3251475],[103.8236871,1.3250449],[103.8235034,1.32525],[103.82365622341527,1.325386850092943],[103.82367648043038,1.3253993942999311],[103.8237626,1.3253032]]]},"clearanceHeight":1.7,"clearancePrepared":true},"geometry":{"type":"Polygon","coordinates":[[[103.8236737,1.3254025],[103.8237626,1.3253032],[103.8237069,1.3252533],[103.8238017,1.3251475],[103.8236871,1.3250449],[103.8235034,1.32525],[103.8236737,1.3254025]]]}},{"type":"Feature","id":"way/453522929-0","properties":{"addr:city":"Singapore","addr:country":"SG","addr:housenumber":"14","addr:street":"Harlyn Road","building":"house","source":"KG Ground Survey 2016","clearanceGeometry":{"type":"Polygon","coordinates":[[[103.8234421,1.3245985],[103.8234459,1.3246117],[103.823367,1.3246344],[103.8233838,1.3246928],[103.8235888,1.324634],[103.8235682,1.3245623],[103.8234421,1.3245985]]]},"clearanceHeight":1.7,"clearancePrepared":true},"geometry":{"type":"Polygon","coordinates":[[[103.8235682,1.3245623],[103.8234421,1.3245985],[103.8234459,1.3246117],[103.823367,1.3246344],[103.8233838,1.3246928],[103.8235888,1.324634],[103.8235682,1.3245623]]]}},{"type":"Feature","id":"way/453522934-0","properties":{"addr:city":"Singapore","addr:country":"SG","addr:housenumber":"14A","addr:street":"Harlyn Road","building":"house","source":"KG Ground Survey 2016","clearanceGeometry":{"type":"Polygon","coordinates":[[[103.8235703,1.324653],[103.8235682,1.3246457],[103.8234654,1.3246752],[103.8234876,1.3247525],[103.8236492,1.3247061],[103.8236291,1.3246361],[103.8235703,1.324653]]]},"clearanceHeight":1.7,"clearancePrepared":true},"geometry":{"type":"Polygon","coordinates":[[[103.8236291,1.3246361],[103.8235703,1.324653],[103.8235682,1.3246457],[103.8234654,1.3246752],[103.8234876,1.3247525],[103.8236492,1.3247061],[103.8236291,1.3246361]]]}},{"type":"Feature","id":"way/453959073-0","properties":{"addr:city":"Singapore","addr:country":"SG","addr:housenumber":"11A","addr:street":"Camborne Road","building":"house","clearanceGeometry":{"type":"Polygon","coordinates":[[[103.8208765,1.3261729],[103.820882,1.3262441],[103.8209449,1.3262392],[103.8209469,1.3262648],[103.8210851,1.3262541],[103.8210811,1.3262033],[103.8210526,1.3262055],[103.8210498,1.3261692],[103.8210783,1.326167],[103.8210738,1.3261094],[103.8209357,1.3261201],[103.8209394,1.326168],[103.8208765,1.3261729]]]},"clearanceHeight":1.7,"clearancePrepared":true},"geometry":{"type":"Polygon","coordinates":[[[103.8209394,1.326168],[103.8208765,1.3261729],[103.820882,1.3262441],[103.8209449,1.3262392],[103.8209469,1.3262648],[103.8210851,1.3262541],[103.8210811,1.3262033],[103.8210526,1.3262055],[103.8210498,1.3261692],[103.8210783,1.326167],[103.8210738,1.3261094],[103.8209357,1.3261201],[103.8209394,1.326168]]]}},{"type":"Feature","id":"way/453959074-0","properties":{"addr:city":"Singapore","addr:country":"SG","addr:housenumber":"11A","addr:street":"Camborne Road","building":"yes","clearanceGeometry":{"type":"Polygon","coordinates":[[[103.8211074,1.3263193],[103.8210604,1.3262756],[103.8209893,1.326352],[103.8210364,1.3263958],[103.8211074,1.3263193]]]},"clearanceHeight":1.7,"clearancePrepared":true},"geometry":{"type":"Polygon","coordinates":[[[103.8210364,1.3263958],[103.8211074,1.3263193],[103.8210604,1.3262756],[103.8209893,1.326352],[103.8210364,1.3263958]]]}},{"type":"Feature","id":"way/453959075-0","properties":{"addr:city":"Singapore","addr:country":"SG","addr:housenumber":"11","addr:street":"Camborne Road","building":"house","clearanceGeometry":{"type":"Polygon","coordinates":[[[103.8209408,1.32597],[103.8209381,1.3259537],[103.8209729,1.3259479],[103.8209756,1.3259642],[103.8210587,1.3259503],[103.8210242,1.3257433],[103.8209381,1.3257577],[103.8209424,1.3257836],[103.8209039,1.32579],[103.8208996,1.3257641],[103.820815,1.3257782],[103.8208495,1.3259852],[103.8209408,1.32597]]]},"clearanceHeight":1.7,"clearancePrepared":true},"geometry":{"type":"Polygon","coordinates":[[[103.8208495,1.3259852],[103.8209408,1.32597],[103.8209381,1.3259537],[103.8209729,1.3259479],[103.8209756,1.3259642],[103.8210587,1.3259503],[103.8210242,1.3257433],[103.8209381,1.3257577],[103.8209424,1.3257836],[103.8209039,1.32579],[103.8208996,1.3257641],[103.820815,1.3257782],[103.8208495,1.3259852]]]}},{"type":"Feature","id":"way/453959076-0","properties":{"addr:city":"Singapore","addr:country":"SG","addr:housenumber":"18A","addr:street":"Kheam Hock Road","building":"house","building:levels":"3","roof:levels":"1","clearanceGeometry":{"type":"Polygon","coordinates":[[[103.8208324,1.3259706],[103.8208207,1.3259073],[103.8206355,1.3259416],[103.8206473,1.3260048],[103.8208324,1.3259706]]]},"clearanceHeight":1.7,"clearancePrepared":true},"geometry":{"type":"Polygon","coordinates":[[[103.8206473,1.3260048],[103.8208324,1.3259706],[103.8208207,1.3259073],[103.8206355,1.3259416],[103.8206473,1.3260048]]]}},{"type":"Feature","id":"way/453959078-0","properties":{"addr:city":"Singapore","addr:country":"SG","addr:housenumber":"7A","addr:street":"Camborne Road","building":"house","clearanceGeometry":{"type":"Polygon","coordinates":[[[103.8208194,1.3249709],[103.8208288,1.3250175],[103.8207707,1.3250293],[103.8207866,1.3251076],[103.8209193,1.3250808],[103.8209111,1.3250398],[103.820975,1.3250269],[103.8209675,1.3249898],[103.8209036,1.3250027],[103.8208793,1.3248826],[103.8207465,1.3249094],[103.8207613,1.3249826],[103.8208194,1.3249709]]]},"clearanceHeight":1.7,"clearancePrepared":true},"geometry":{"type":"Polygon","coordinates":[[[103.8207613,1.3249826],[103.8208194,1.3249709],[103.8208288,1.3250175],[103.8207707,1.3250293],[103.8207866,1.3251076],[103.8209193,1.3250808],[103.8209111,1.3250398],[103.820975,1.3250269],[103.8209675,1.3249898],[103.8209036,1.3250027],[103.8208793,1.3248826],[103.8207465,1.3249094],[103.8207613,1.3249826]]]}},{"type":"Feature","id":"way/453959079-0","properties":{"addr:city":"Singapore","addr:country":"SG","addr:housenumber":"7B","addr:street":"Camborne Road","building":"house","clearanceGeometry":{"type":"Polygon","coordinates":[[[103.820856,1.3252335],[103.8208511,1.3252152],[103.8208876,1.3252054],[103.8208925,1.3252237],[103.8209654,1.3252043],[103.8209617,1.3251902],[103.8210108,1.3251771],[103.8209825,1.3250713],[103.8209046,1.3250921],[103.8209079,1.3251046],[103.8207699,1.3251415],[103.8207986,1.3252488],[103.820856,1.3252335]]]},"clearanceHeight":1.7,"clearancePrepared":true},"geometry":{"type":"Polygon","coordinates":[[[103.8207986,1.3252488],[103.820856,1.3252335],[103.8208511,1.3252152],[103.8208876,1.3252054],[103.8208925,1.3252237],[103.8209654,1.3252043],[103.8209617,1.3251902],[103.8210108,1.3251771],[103.8209825,1.3250713],[103.8209046,1.3250921],[103.8209079,1.3251046],[103.8207699,1.3251415],[103.8207986,1.3252488]]]}},{"type":"Feature","id":"way/453959080-0","properties":{"addr:city":"Singapore","addr:country":"SG","addr:housenumber":"9A","addr:street":"Camborne Road","building":"house","clearanceGeometry":{"type":"Polygon","coordinates":[[[103.8208775,1.3255348],[103.8208597,1.3256109],[103.8209974,1.3256432],[103.8210335,1.3254891],[103.8208766,1.3254522],[103.8208582,1.3255302],[103.8208775,1.3255348]]]},"clearanceHeight":1.7,"clearancePrepared":true},"geometry":{"type":"Polygon","coordinates":[[[103.8208582,1.3255302],[103.8208775,1.3255348],[103.8208597,1.3256109],[103.8209974,1.3256432],[103.8210335,1.3254891],[103.8208766,1.3254522],[103.8208582,1.3255302]]]}},{"type":"Feature","id":"way/453959081-0","properties":{"addr:city":"Singapore","addr:country":"SG","addr:housenumber":"9","addr:street":"Camborne Road","building":"house","clearanceGeometry":{"type":"Polygon","coordinates":[[[103.8208827,1.3253937],[103.8208819,1.3253855],[103.8209371,1.3253802],[103.8209354,1.3253622],[103.8209896,1.3253569],[103.8209811,1.3252691],[103.8208578,1.3252811],[103.8208599,1.3253029],[103.8208195,1.3253069],[103.8208174,1.325285],[103.8207745,1.3252892],[103.8207856,1.3254031],[103.8208827,1.3253937]]]},"clearanceHeight":1.7,"clearancePrepared":true},"geometry":{"type":"Polygon","coordinates":[[[103.8207856,1.3254031],[103.8208827,1.3253937],[103.8208819,1.3253855],[103.8209371,1.3253802],[103.8209354,1.3253622],[103.8209896,1.3253569],[103.8209811,1.3252691],[103.8208578,1.3252811],[103.8208599,1.3253029],[103.8208195,1.3253069],[103.8208174,1.325285],[103.8207745,1.3252892],[103.8207856,1.3254031]]]}},{"type":"Feature","id":"way/453959105-0","properties":{"addr:city":"Singapore","addr:country":"SG","addr:housenumber":"27A","addr:street":"Merryn Road","building":"house","clearanceGeometry":{"type":"Polygon","coordinates":[[[103.823766,1.3277498],[103.8236839,1.3277713],[103.8236771,1.3277457],[103.8236242,1.3277596],[103.8236558,1.32788],[103.8237909,1.3278445],[103.823766,1.3277498]]]},"clearanceHeight":1.7,"clearancePrepared":true},"geometry":{"type":"Polygon","coordinates":[[[103.8237909,1.3278445],[103.823766,1.3277498],[103.8236839,1.3277713],[103.8236771,1.3277457],[103.8236242,1.3277596],[103.8236558,1.32788],[103.8237909,1.3278445]]]}},{"type":"Feature","id":"way/453959106-0","properties":{"addr:city":"Singapore","addr:country":"SG","addr:housenumber":"27","addr:street":"Merryn Road","building":"house","clearanceGeometry":{"type":"Polygon","coordinates":[[[103.8235926,1.3277911],[103.8235098,1.3278129],[103.8235158,1.3278359],[103.8234997,1.3278401],[103.8235195,1.3279157],[103.8236558,1.32788],[103.8236242,1.3277596],[103.8235869,1.3277694],[103.8235926,1.3277911]]]},"clearanceHeight":1.7,"clearancePrepared":true},"geometry":{"type":"Polygon","coordinates":[[[103.8235869,1.3277694],[103.8235926,1.3277911],[103.8235098,1.3278129],[103.8235158,1.3278359],[103.8234997,1.3278401],[103.8235195,1.3279157],[103.8236558,1.32788],[103.8236242,1.3277596],[103.8235869,1.3277694]]]}},{"type":"Feature","id":"way/453959179-0","properties":{"addr:city":"Singapore","addr:country":"SG","addr:housenumber":"38","addr:street":"Berrima Road","building":"house","clearanceGeometry":{"type":"Polygon","coordinates":[[[103.8218212,1.3265183],[103.8217084,1.3265679],[103.8217345,1.3266271],[103.8217011,1.3266418],[103.8217538,1.3267616],[103.8219,1.3266973],[103.8218212,1.3265183]]]},"clearanceHeight":1.7,"clearancePrepared":true},"geometry":{"type":"Polygon","coordinates":[[[103.8219,1.3266973],[103.8218212,1.3265183],[103.8217084,1.3265679],[103.8217345,1.3266271],[103.8217011,1.3266418],[103.8217538,1.3267616],[103.8219,1.3266973]]]}},{"type":"Feature","id":"way/453959181-0","properties":{"addr:city":"Singapore","addr:country":"SG","addr:housenumber":"40","addr:street":"Berrima Road","building":"house","clearanceGeometry":{"type":"Polygon","coordinates":[[[103.8216616,1.3265984],[103.8216049,1.3266227],[103.821592,1.3265924],[103.8215445,1.3266127],[103.8215934,1.3267266],[103.82151526932822,1.3267601112439253],[103.82157167192332,1.3268409244950594],[103.8217355,1.3267707],[103.8216616,1.3265984]]]},"clearanceHeight":1.7,"clearancePrepared":true},"geometry":{"type":"Polygon","coordinates":[[[103.8217355,1.3267707],[103.8216616,1.3265984],[103.8216049,1.3266227],[103.821592,1.3265924],[103.8215445,1.3266127],[103.8215934,1.3267266],[103.8215097,1.3267625],[103.8215477,1.3268512],[103.8217355,1.3267707]]]}},{"type":"Feature","id":"way/453959183-0","properties":{"addr:city":"Singapore","addr:country":"SG","addr:housenumber":"81","addr:street":"Trevose Crescent","building":"house","clearanceGeometry":{"type":"Polygon","coordinates":[[[103.8216646,1.3269439],[103.8216848,1.3269877],[103.8217027,1.3269795],[103.8217196,1.3270162],[103.8217536,1.3270006],[103.8217377,1.3269661],[103.8217815,1.3269459],[103.8217316,1.3268378],[103.8216192,1.3268895],[103.82164590399265,1.326947281113017],[103.82164867045059,1.3269512447623037],[103.8216646,1.3269439]]]},"clearanceHeight":1.7,"clearancePrepared":true},"geometry":{"type":"Polygon","coordinates":[[[103.8216479,1.3269516],[103.8216646,1.3269439],[103.8216848,1.3269877],[103.8217027,1.3269795],[103.8217196,1.3270162],[103.8217536,1.3270006],[103.8217377,1.3269661],[103.8217815,1.3269459],[103.8217316,1.3268378],[103.8216192,1.3268895],[103.8216479,1.3269516]]]}},{"type":"Feature","id":"way/453959185-0","properties":{"addr:city":"Singapore","addr:country":"SG","addr:housenumber":"79","addr:street":"Trevose Crescent","building":"house","clearanceGeometry":{"type":"Polygon","coordinates":[[[103.8218251,1.3269213],[103.8218421,1.3269498],[103.8218864,1.3269233],[103.8218443,1.3268529],[103.8218729,1.3268358],[103.8218347,1.3267718],[103.8217348,1.3268315],[103.8217981,1.3269375],[103.8218251,1.3269213]]]},"clearanceHeight":1.7,"clearancePrepared":true},"geometry":{"type":"Polygon","coordinates":[[[103.8217981,1.3269375],[103.8218251,1.3269213],[103.8218421,1.3269498],[103.8218864,1.3269233],[103.8218443,1.3268529],[103.8218729,1.3268358],[103.8218347,1.3267718],[103.8217348,1.3268315],[103.8217981,1.3269375]]]}},{"type":"Feature","id":"way/453959187-0","properties":{"addr:city":"Singapore","addr:country":"SG","addr:housenumber":"77","addr:street":"Trevose Crescent","building":"house","clearanceGeometry":{"type":"Polygon","coordinates":[[[103.8219126,1.326805],[103.8219338,1.3268458],[103.822002,1.3268103],[103.8219488,1.326708],[103.8218993,1.3267338],[103.8218509,1.326759],[103.8218829,1.3268204],[103.8219126,1.326805]]]},"clearanceHeight":1.7,"clearancePrepared":true},"geometry":{"type":"Polygon","coordinates":[[[103.8218829,1.3268204],[103.8219126,1.326805],[103.8219338,1.3268458],[103.822002,1.3268103],[103.8219488,1.326708],[103.8218993,1.3267338],[103.8218509,1.326759],[103.8218829,1.3268204]]]}},{"type":"Feature","id":"way/453959188-0","properties":{"addr:city":"Singapore","addr:country":"SG","addr:housenumber":"75","addr:street":"Trevose Crescent","building":"house","clearanceGeometry":{"type":"Polygon","coordinates":[[[103.8222018,1.3266988],[103.8221594,1.3266048],[103.8220226,1.3266664],[103.822065,1.3267605],[103.8222018,1.3266988]]]},"clearanceHeight":1.7,"clearancePrepared":true},"geometry":{"type":"Polygon","coordinates":[[[103.822065,1.3267605],[103.8222018,1.3266988],[103.8221594,1.3266048],[103.8220226,1.3266664],[103.822065,1.3267605]]]}},{"type":"Feature","id":"way/453959190-0","properties":{"addr:city":"Singapore","addr:country":"SG","addr:housenumber":"73","addr:street":"Trevose Crescent","building":"house","clearanceGeometry":{"type":"Polygon","coordinates":[[[103.8224602,1.3266639],[103.8224048,1.3265404],[103.8222345,1.3266168],[103.8222899,1.3267403],[103.8224602,1.3266639]]]},"clearanceHeight":1.7,"clearancePrepared":true},"geometry":{"type":"Polygon","coordinates":[[[103.8222899,1.3267403],[103.8224602,1.3266639],[103.8224048,1.3265404],[103.8222345,1.3266168],[103.8222899,1.3267403]]]}},{"type":"Feature","id":"way/453959191-0","properties":{"addr:city":"Singapore","addr:country":"SG","addr:housenumber":"36","addr:street":"Berrima Road","building":"house","clearanceGeometry":{"type":"Polygon","coordinates":[[[103.822089,1.3264018],[103.8219711,1.3264531],[103.8219906,1.326498],[103.8219361,1.3265217],[103.821943,1.3265376],[103.8219183,1.3265483],[103.8219485,1.3266175],[103.8221456,1.3265317],[103.822089,1.3264018]]]},"clearanceHeight":1.7,"clearancePrepared":true},"geometry":{"type":"Polygon","coordinates":[[[103.8221456,1.3265317],[103.822089,1.3264018],[103.8219711,1.3264531],[103.8219906,1.326498],[103.8219361,1.3265217],[103.821943,1.3265376],[103.8219183,1.3265483],[103.8219485,1.3266175],[103.8221456,1.3265317]]]}},{"type":"Feature","id":"way/453959193-0","properties":{"addr:city":"Singapore","addr:country":"SG","addr:housenumber":"34A","addr:street":"Berrima Road","building":"house","clearanceGeometry":{"type":"Polygon","coordinates":[[[103.8225177,1.3264546],[103.8224963,1.3263969],[103.8223694,1.3264439],[103.8223566,1.3264095],[103.8224821,1.326363],[103.8224605,1.3263047],[103.8222654,1.3263769],[103.8223212,1.3265274],[103.8225177,1.3264546]]]},"clearanceHeight":1.7,"clearancePrepared":true},"geometry":{"type":"Polygon","coordinates":[[[103.8223212,1.3265274],[103.8225177,1.3264546],[103.8224963,1.3263969],[103.8223694,1.3264439],[103.8223566,1.3264095],[103.8224821,1.326363],[103.8224605,1.3263047],[103.8222654,1.3263769],[103.8223212,1.3265274]]]}},{"type":"Feature","id":"way/453959194-0","properties":{"addr:city":"Singapore","addr:country":"SG","addr:housenumber":"71","addr:street":"Trevose Crescent","building":"house","clearanceGeometry":{"type":"Polygon","coordinates":[[[103.8226295,1.3265441],[103.8226354,1.3265153],[103.8225589,1.3264997],[103.8225533,1.326527],[103.8225086,1.3265179],[103.822495,1.3265842],[103.8225086,1.326587],[103.8224835,1.3267091],[103.8226153,1.3267362],[103.8226537,1.326549],[103.8226295,1.3265441]]]},"clearanceHeight":1.7,"clearancePrepared":true},"geometry":{"type":"Polygon","coordinates":[[[103.8226537,1.326549],[103.8226295,1.3265441],[103.8226354,1.3265153],[103.8225589,1.3264997],[103.8225533,1.326527],[103.8225086,1.3265179],[103.822495,1.3265842],[103.8225086,1.326587],[103.8224835,1.3267091],[103.8226153,1.3267362],[103.8226537,1.326549]]]}},{"type":"Feature","id":"way/453959196-0","properties":{"addr:city":"Singapore","addr:country":"SG","addr:housenumber":"69","addr:street":"Trevose Crescent","building":"house","clearanceGeometry":{"type":"Polygon","coordinates":[[[103.8228109,1.3265782],[103.8227253,1.3265597],[103.8227311,1.3265331],[103.8226784,1.3265216],[103.8226395,1.3267013],[103.8227778,1.3267312],[103.8228109,1.3265782]]]},"clearanceHeight":1.7,"clearancePrepared":true},"geometry":{"type":"Polygon","coordinates":[[[103.8227778,1.3267312],[103.8228109,1.3265782],[103.8227253,1.3265597],[103.8227311,1.3265331],[103.8226784,1.3265216],[103.8226395,1.3267013],[103.8227778,1.3267312]]]}},{"type":"Feature","id":"way/453959197-0","properties":{"addr:city":"Singapore","addr:country":"SG","addr:housenumber":"67","addr:street":"Trevose Crescent","building":"house","clearanceGeometry":{"type":"Polygon","coordinates":[[[103.8229599,1.3267389],[103.8229806,1.3267403],[103.8229895,1.3266079],[103.822842,1.3265981],[103.8228299,1.3267791],[103.8229567,1.3267875],[103.8229599,1.3267389]]]},"clearanceHeight":1.7,"clearancePrepared":true},"geometry":{"type":"Polygon","coordinates":[[[103.8229567,1.3267875],[103.8229599,1.3267389],[103.8229806,1.3267403],[103.8229895,1.3266079],[103.822842,1.3265981],[103.8228299,1.3267791],[103.8229567,1.3267875]]]}},{"type":"Feature","id":"way/453959199-0","properties":{"addr:city":"Singapore","addr:country":"SG","addr:housenumber":"65","addr:street":"Trevose Crescent","building":"house","clearanceGeometry":{"type":"Polygon","coordinates":[[[103.823068,1.3268397],[103.8231234,1.3268443],[103.82312916104777,1.3267757354174212],[103.82311356307689,1.3266772200513506],[103.82313776041782,1.3266733908019916],[103.8231447,1.3265908],[103.8230069,1.3265793],[103.8229894,1.3267885],[103.8230717,1.3267954],[103.823068,1.3268397]]]},"clearanceHeight":1.7,"clearancePrepared":true},"geometry":{"type":"Polygon","coordinates":[[[103.8230717,1.3267954],[103.823068,1.3268397],[103.8231234,1.3268443],[103.8231447,1.3265908],[103.8230069,1.3265793],[103.8229894,1.3267885],[103.8230717,1.3267954]]]}},{"type":"Feature","id":"way/453959200-0","properties":{"addr:city":"Singapore","addr:country":"SG","addr:housenumber":"63","addr:street":"Trevose Crescent","building":"house","clearanceGeometry":{"type":"Polygon","coordinates":[[[103.8232951,1.3268121],[103.8233492,1.3267994],[103.823305,1.3266104],[103.8231799,1.3266396],[103.82318602060775,1.3266657535867337],[103.82319343692312,1.3266645799486496],[103.82320930105648,1.3267647763727106],[103.8232802,1.3267482],[103.8232951,1.3268121]]]},"clearanceHeight":1.7,"clearancePrepared":true},"geometry":{"type":"Polygon","coordinates":[[[103.8232802,1.3267482],[103.8232951,1.3268121],[103.8233492,1.3267994],[103.823305,1.3266104],[103.8231799,1.3266396],[103.8232092,1.3267648],[103.8232802,1.3267482]]]}},{"type":"Feature","id":"way/453959202-0","properties":{"addr:city":"Singapore","addr:country":"SG","addr:housenumber":"61","addr:street":"Trevose Crescent","building":"house","clearanceGeometry":{"type":"Polygon","coordinates":[[[103.82350408928065,1.3266253076683852],[103.82348825600114,1.3265738950079342],[103.82349290444375,1.326572464170979],[103.8234887,1.3265526],[103.8233623,1.3265793],[103.8234026,1.3267697],[103.823529,1.326743],[103.82350408928065,1.3266253076683852]]]},"clearanceHeight":1.7,"clearancePrepared":true},"geometry":{"type":"Polygon","coordinates":[[[103.823529,1.326743],[103.8234887,1.3265526],[103.8233623,1.3265793],[103.8234026,1.3267697],[103.823529,1.326743]]]}},{"type":"Feature","id":"way/453959203-0","properties":{"addr:city":"Singapore","addr:country":"SG","addr:housenumber":"59","addr:street":"Trevose Crescent","building":"house","clearanceGeometry":{"type":"Polygon","coordinates":[[[103.82354812874856,1.3265554655796505],[103.82356554399887,1.3265501049920658],[103.82359399459583,1.326642487677596],[103.8236417,1.326733],[103.8237453,1.3266784],[103.8237112,1.3266136],[103.8236198,1.3264282],[103.8235112,1.3264854],[103.82354812874856,1.3265554655796505]]]},"clearanceHeight":1.7,"clearancePrepared":true},"geometry":{"type":"Polygon","coordinates":[[[103.8235112,1.3264854],[103.8236417,1.326733],[103.8237453,1.3266784],[103.8237112,1.3266136],[103.8236198,1.3264282],[103.8235112,1.3264854]]]}},{"type":"Feature","id":"way/453959205-0","properties":{"addr:city":"Singapore","addr:country":"SG","addr:housenumber":"28A","addr:street":"Berrima Road","building":"house","clearanceGeometry":{"type":"Polygon","coordinates":[[[103.8234514,1.3263396],[103.8235064,1.3264708],[103.8235896,1.3264072],[103.8235796,1.3263941],[103.8236431,1.3263455],[103.8235541,1.3262294],[103.8234683,1.3262951],[103.8234835,1.326315],[103.8234514,1.3263396]]]},"clearanceHeight":1.7,"clearancePrepared":true},"geometry":{"type":"Polygon","coordinates":[[[103.8234835,1.326315],[103.8234514,1.3263396],[103.8235064,1.3264708],[103.8235896,1.3264072],[103.8235796,1.3263941],[103.8236431,1.3263455],[103.8235541,1.3262294],[103.8234683,1.3262951],[103.8234835,1.326315]]]}},{"type":"Feature","id":"way/453959206-0","properties":{"addr:city":"Singapore","addr:country":"SG","addr:housenumber":"28","addr:street":"Berrima Road","building":"house","clearanceGeometry":{"type":"Polygon","coordinates":[[[103.8238036,1.3262238],[103.8237083,1.32611],[103.823593,1.3262066],[103.8236882,1.3263203],[103.8238036,1.3262238]]]},"clearanceHeight":1.7,"clearancePrepared":true},"geometry":{"type":"Polygon","coordinates":[[[103.8236882,1.3263203],[103.8238036,1.3262238],[103.8237083,1.32611],[103.823593,1.3262066],[103.8236882,1.3263203]]]}},{"type":"Feature","id":"way/453959208-0","properties":{"addr:city":"Singapore","addr:country":"SG","addr:housenumber":"55","addr:street":"Trevose Crescent","building":"house","clearanceGeometry":{"type":"Polygon","coordinates":[[[103.8238112,1.326286],[103.8237781,1.3263326],[103.8238568,1.3263886],[103.8238397,1.3264127],[103.8238663,1.3264316],[103.8238579,1.3264435],[103.8238991,1.3264728],[103.8239564,1.3265135],[103.8240555,1.3263741],[103.8238743,1.3262383],[103.8238306,1.3262997],[103.8238112,1.326286]]]},"clearanceHeight":1.7,"clearancePrepared":true},"geometry":{"type":"Polygon","coordinates":[[[103.8238306,1.3262997],[103.8238112,1.326286],[103.8237781,1.3263326],[103.8238568,1.3263886],[103.8238397,1.3264127],[103.8238663,1.3264316],[103.8238579,1.3264435],[103.8238991,1.3264728],[103.8239564,1.3265135],[103.8240555,1.3263741],[103.8238743,1.3262383],[103.8238306,1.3262997]]]}},{"type":"Feature","id":"way/453959278-0","properties":{"addr:city":"Singapore","addr:country":"SG","addr:housenumber":"33","addr:street":"Merryn Road","building":"house","clearanceGeometry":{"type":"Polygon","coordinates":[[[103.8241053,1.3276533],[103.8240359,1.3276921],[103.8239891,1.3276082],[103.8239068,1.3276541],[103.8239967,1.327815],[103.8241483,1.3277303],[103.8241053,1.3276533]]]},"clearanceHeight":1.7,"clearancePrepared":true},"geometry":{"type":"Polygon","coordinates":[[[103.8241483,1.3277303],[103.8241053,1.3276533],[103.8240359,1.3276921],[103.8239891,1.3276082],[103.8239068,1.3276541],[103.8239967,1.327815],[103.8241483,1.3277303]]]}},{"type":"Feature","id":"way/453959279-0","properties":{"addr:city":"Singapore","addr:country":"SG","addr:housenumber":"29","addr:street":"Merryn Road","building":"house","clearanceGeometry":{"type":"Polygon","coordinates":[[[103.8239377,1.3279303],[103.8238277,1.3279598],[103.8238116,1.3279571],[103.8237915,1.327933],[103.8237782,1.3279091],[103.8236178,1.3279541],[103.8236601,1.3281046],[103.8239658,1.3280188],[103.8239377,1.3279303]]]},"clearanceHeight":1.7,"clearancePrepared":true},"geometry":{"type":"Polygon","coordinates":[[[103.8239658,1.3280188],[103.8239377,1.3279303],[103.8238277,1.3279598],[103.8238116,1.3279571],[103.8237915,1.327933],[103.8237782,1.3279091],[103.8236178,1.3279541],[103.8236601,1.3281046],[103.8239658,1.3280188]]]}},{"type":"Feature","id":"way/453959280-0","properties":{"addr:city":"Singapore","addr:country":"SG","addr:housenumber":"23","addr:street":"Merryn Road","building":"house","clearanceGeometry":{"type":"Polygon","coordinates":[[[103.8234482,1.3281341],[103.8234484,1.328134],[103.8236198,1.3280684],[103.8235931,1.3279985],[103.8235852,1.3280015],[103.8235823,1.3279759],[103.8234388,1.327992],[103.8234432,1.3280316],[103.8233972,1.3280992],[103.8234482,1.3281341]]]},"clearanceHeight":1.7,"clearancePrepared":true},"geometry":{"type":"Polygon","coordinates":[[[103.8233972,1.3280992],[103.8234482,1.3281341],[103.8234484,1.328134],[103.8236198,1.3280684],[103.8235931,1.3279985],[103.8235852,1.3280015],[103.8235823,1.3279759],[103.8234388,1.327992],[103.8234432,1.3280316],[103.8233972,1.3280992]]]}},{"type":"Feature","id":"way/453959281-0","properties":{"addr:city":"Singapore","addr:country":"SG","addr:housenumber":"21","addr:street":"Merryn Road","building":"house","clearanceGeometry":{"type":"Polygon","coordinates":[[[103.8231395,1.3281732],[103.8231609,1.3282613],[103.823396,1.3282042],[103.8233597,1.328055],[103.8232108,1.3280912],[103.8232257,1.3281522],[103.8231395,1.3281732]]]},"clearanceHeight":1.7,"clearancePrepared":true},"geometry":{"type":"Polygon","coordinates":[[[103.8232257,1.3281522],[103.8231395,1.3281732],[103.8231609,1.3282613],[103.823396,1.3282042],[103.8233597,1.328055],[103.8232108,1.3280912],[103.8232257,1.3281522]]]}},{"type":"Feature","id":"way/453959282-0","properties":{"addr:city":"Singapore","addr:country":"SG","addr:housenumber":"25","addr:street":"Merryn Road","building":"house","clearanceGeometry":{"type":"Polygon","coordinates":[[[103.8234412,1.3278054],[103.8232642,1.3278188],[103.8232752,1.3279638],[103.8234522,1.3279504],[103.8234412,1.3278054]]]},"clearanceHeight":1.7,"clearancePrepared":true},"geometry":{"type":"Polygon","coordinates":[[[103.8234522,1.3279504],[103.8234412,1.3278054],[103.8232642,1.3278188],[103.8232752,1.3279638],[103.8234522,1.3279504]]]}},{"type":"Feature","id":"way/453959283-0","properties":{"addr:city":"Singapore","addr:country":"SG","addr:housenumber":"15","addr:street":"Merryn Road","building":"house","clearanceGeometry":{"type":"Polygon","coordinates":[[[103.8227682,1.3279348],[103.8228394,1.3279448],[103.8228625,1.327781],[103.8228109,1.3277737],[103.8228165,1.3277338],[103.8226697,1.3277131],[103.8226459,1.3278819],[103.8227732,1.3278998],[103.8227682,1.3279348]]]},"clearanceHeight":1.7,"clearancePrepared":true},"geometry":{"type":"Polygon","coordinates":[[[103.8227732,1.3278998],[103.8227682,1.3279348],[103.8228394,1.3279448],[103.8228625,1.327781],[103.8228109,1.3277737],[103.8228165,1.3277338],[103.8226697,1.3277131],[103.8226459,1.3278819],[103.8227732,1.3278998]]]}},{"type":"Feature","id":"way/453959284-0","properties":{"addr:city":"Singapore","addr:country":"SG","addr:housenumber":"17","addr:street":"Merryn Road","building":"house","clearanceGeometry":{"type":"Polygon","coordinates":[[[103.8230252,1.3278304],[103.8230644,1.3278363],[103.8230692,1.3278044],[103.8230923,1.3278078],[103.8231006,1.3277524],[103.8229826,1.3277349],[103.8229792,1.3277575],[103.8229474,1.3277528],[103.8229508,1.3277302],[103.822899,1.3277225],[103.8228836,1.3278264],[103.8230227,1.327847],[103.8230252,1.3278304]]]},"clearanceHeight":1.7,"clearancePrepared":true},"geometry":{"type":"Polygon","coordinates":[[[103.8230227,1.327847],[103.8230252,1.3278304],[103.8230644,1.3278363],[103.8230692,1.3278044],[103.8230923,1.3278078],[103.8231006,1.3277524],[103.8229826,1.3277349],[103.8229792,1.3277575],[103.8229474,1.3277528],[103.8229508,1.3277302],[103.822899,1.3277225],[103.8228836,1.3278264],[103.8230227,1.327847]]]}},{"type":"Feature","id":"way/453959285-0","properties":{"addr:city":"Singapore","addr:country":"SG","addr:housenumber":"17A","addr:street":"Merryn Road","building":"house","clearanceGeometry":{"type":"Polygon","coordinates":[[[103.8230074,1.3279772],[103.8230422,1.3279825],[103.8230462,1.3279568],[103.8230795,1.3279619],[103.823085,1.3279267],[103.8230513,1.3279215],[103.823056,1.3278907],[103.8229676,1.3278771],[103.8229626,1.3279092],[103.8229321,1.3279045],[103.822937,1.3278724],[103.8228886,1.327865],[103.8228726,1.3279695],[103.8230055,1.32799],[103.8230074,1.3279772]]]},"clearanceHeight":1.7,"clearancePrepared":true},"geometry":{"type":"Polygon","coordinates":[[[103.8230055,1.32799],[103.8230074,1.3279772],[103.8230422,1.3279825],[103.8230462,1.3279568],[103.8230795,1.3279619],[103.823085,1.3279267],[103.8230513,1.3279215],[103.823056,1.3278907],[103.8229676,1.3278771],[103.8229626,1.3279092],[103.8229321,1.3279045],[103.822937,1.3278724],[103.8228886,1.327865],[103.8228726,1.3279695],[103.8230055,1.32799]]]}},{"type":"Feature","id":"way/453959286-0","properties":{"addr:city":"Singapore","addr:country":"SG","addr:housenumber":"7A","addr:street":"Merryn Road","building":"house","clearanceGeometry":{"type":"Polygon","coordinates":[[[103.8223863,1.327768],[103.8223345,1.327745],[103.8223804,1.3276415],[103.8223039,1.3276075],[103.8222355,1.3277617],[103.8223639,1.3278186],[103.8223863,1.327768]]]},"clearanceHeight":1.7,"clearancePrepared":true},"geometry":{"type":"Polygon","coordinates":[[[103.8223639,1.3278186],[103.8223863,1.327768],[103.8223345,1.327745],[103.8223804,1.3276415],[103.8223039,1.3276075],[103.8222355,1.3277617],[103.8223639,1.3278186]]]}},{"type":"Feature","id":"way/453959287-0","properties":{"addr:city":"Singapore","addr:country":"SG","addr:housenumber":"9","addr:street":"Merryn Road","building":"house","clearanceGeometry":{"type":"Polygon","coordinates":[[[103.8225268,1.327693],[103.82241,1.3276792],[103.8223938,1.3278167],[103.8225107,1.3278304],[103.8225268,1.327693]]]},"clearanceHeight":1.7,"clearancePrepared":true},"geometry":{"type":"Polygon","coordinates":[[[103.8225107,1.3278304],[103.8225268,1.327693],[103.82241,1.3276792],[103.8223938,1.3278167],[103.8225107,1.3278304]]]}},{"type":"Feature","id":"way/453959288-0","properties":{"addr:city":"Singapore","addr:country":"SG","addr:housenumber":"11","addr:street":"Merryn Road","building":"house","clearanceGeometry":{"type":"Polygon","coordinates":[[[103.8226126,1.327942],[103.822567,1.3280465],[103.8227103,1.328109],[103.8227559,1.3280044],[103.8226126,1.327942]]]},"clearanceHeight":1.7,"clearancePrepared":true},"geometry":{"type":"Polygon","coordinates":[[[103.8227559,1.3280044],[103.8226126,1.327942],[103.822567,1.3280465],[103.8227103,1.328109],[103.8227559,1.3280044]]]}},{"type":"Feature","id":"way/453959289-0","properties":{"addr:city":"Singapore","addr:country":"SG","addr:housenumber":"9A","addr:street":"Merryn Road","building":"house","clearanceGeometry":{"type":"Polygon","coordinates":[[[103.8225187,1.3279286],[103.8224708,1.3279219],[103.8224776,1.3278736],[103.8223965,1.3278623],[103.8223817,1.3279682],[103.8225107,1.3279862],[103.8225187,1.3279286]]]},"clearanceHeight":1.7,"clearancePrepared":true},"geometry":{"type":"Polygon","coordinates":[[[103.8225107,1.3279862],[103.8225187,1.3279286],[103.8224708,1.3279219],[103.8224776,1.3278736],[103.8223965,1.3278623],[103.8223817,1.3279682],[103.8225107,1.3279862]]]}},{"type":"Feature","id":"way/453959291-0","properties":{"addr:city":"Singapore","addr:country":"SG","addr:housenumber":"19","addr:street":"Camborne Road","building":"house","clearanceGeometry":{"type":"Polygon","coordinates":[[[103.8214484,1.3269893],[103.8213542,1.3270374],[103.8213363,1.3270023],[103.8212454,1.3270487],[103.8213086,1.3271726],[103.8212215,1.327217],[103.8212706,1.327313],[103.8215428,1.3271741],[103.8214484,1.3269893]]]},"clearanceHeight":1.7,"clearancePrepared":true},"geometry":{"type":"Polygon","coordinates":[[[103.8215428,1.3271741],[103.8214484,1.3269893],[103.8213542,1.3270374],[103.8213363,1.3270023],[103.8212454,1.3270487],[103.8213086,1.3271726],[103.8212215,1.327217],[103.8212706,1.327313],[103.8215428,1.3271741]]]}},{"type":"Feature","id":"way/453959293-0","properties":{"addr:city":"Singapore","addr:housenumber":"30","addr:street":"Kheam Hock Road","building":"house","clearanceGeometry":{"type":"Polygon","coordinates":[[[103.8208957,1.3271646],[103.8209613,1.3271614],[103.8209629,1.3271929],[103.8210823,1.3271871],[103.8210763,1.3270622],[103.8209562,1.3270681],[103.8209581,1.327107],[103.8209031,1.3271097],[103.8209012,1.3270708],[103.8208013,1.3270756],[103.8208074,1.3272005],[103.8208972,1.3271961],[103.8208957,1.3271646]]]},"clearanceHeight":1.7,"clearancePrepared":true},"geometry":{"type":"Polygon","coordinates":[[[103.8208972,1.3271961],[103.8208957,1.3271646],[103.8209613,1.3271614],[103.8209629,1.3271929],[103.8210823,1.3271871],[103.8210763,1.3270622],[103.8209562,1.3270681],[103.8209581,1.327107],[103.8209031,1.3271097],[103.8209012,1.3270708],[103.8208013,1.3270756],[103.8208074,1.3272005],[103.8208972,1.3271961]]]}},{"type":"Feature","id":"way/453959294-0","properties":{"addr:city":"Singapore","addr:country":"SG","addr:housenumber":"17B","addr:street":"Camborne Road","building":"house","clearanceGeometry":{"type":"Polygon","coordinates":[[[103.821434,1.3269187],[103.8214056,1.3268545],[103.8211333,1.3269752],[103.8211617,1.3270393],[103.821434,1.3269187]]]},"clearanceHeight":1.7,"clearancePrepared":true},"geometry":{"type":"Polygon","coordinates":[[[103.8211617,1.3270393],[103.821434,1.3269187],[103.8214056,1.3268545],[103.8211333,1.3269752],[103.8211617,1.3270393]]]}},{"type":"Feature","id":"way/453959295-0","properties":{"addr:city":"Singapore","addr:country":"SG","addr:housenumber":"17A","addr:street":"Camborne Road","building":"house","clearanceGeometry":{"type":"Polygon","coordinates":[[[103.8213643,1.3268435],[103.8213358,1.3267795],[103.8210461,1.3269082],[103.8210746,1.3269722],[103.8213643,1.3268435]]]},"clearanceHeight":1.7,"clearancePrepared":true},"geometry":{"type":"Polygon","coordinates":[[[103.8210746,1.3269722],[103.8213643,1.3268435],[103.8213358,1.3267795],[103.8210461,1.3269082],[103.8210746,1.3269722]]]}},{"type":"Feature","id":"way/453959296-0","properties":{"addr:city":"Singapore","addr:country":"SG","addr:housenumber":"17","addr:street":"Camborne Road","building":"house","clearanceGeometry":{"type":"Polygon","coordinates":[[[103.8213162,1.3267375],[103.8212929,1.326687],[103.821022,1.3268116],[103.8210453,1.3268622],[103.8213162,1.3267375]]]},"clearanceHeight":1.7,"clearancePrepared":true},"geometry":{"type":"Polygon","coordinates":[[[103.8210453,1.3268622],[103.8213162,1.3267375],[103.8212929,1.326687],[103.821022,1.3268116],[103.8210453,1.3268622]]]}},{"type":"Feature","id":"way/453959297-0","properties":{"addr:city":"Singapore","addr:country":"SG","addr:housenumber":"15B","addr:street":"Camborne Road","building":"house","clearanceGeometry":{"type":"Polygon","coordinates":[[[103.8212191,1.3265952],[103.8209201,1.3267374],[103.8209509,1.3268023],[103.82125,1.3266601],[103.8212191,1.3265952]]]},"clearanceHeight":1.7,"clearancePrepared":true},"geometry":{"type":"Polygon","coordinates":[[[103.82125,1.3266601],[103.8212191,1.3265952],[103.8209201,1.3267374],[103.8209509,1.3268023],[103.82125,1.3266601]]]}},{"type":"Feature","id":"way/453959298-0","properties":{"addr:city":"Singapore","addr:country":"SG","addr:housenumber":"15A","addr:street":"Camborne Road","building":"house","clearanceGeometry":{"type":"Polygon","coordinates":[[[103.8211797,1.3265061],[103.8209101,1.3266228],[103.8209362,1.3266829],[103.8212057,1.3265663],[103.8211797,1.3265061]]]},"clearanceHeight":1.7,"clearancePrepared":true},"geometry":{"type":"Polygon","coordinates":[[[103.8212057,1.3265663],[103.8211797,1.3265061],[103.8209101,1.3266228],[103.8209362,1.3266829],[103.8212057,1.3265663]]]}},{"type":"Feature","id":"way/453959299-0","properties":{"addr:city":"Singapore","addr:country":"SG","addr:housenumber":"15","addr:street":"Camborne Road","building":"house","clearanceGeometry":{"type":"Polygon","coordinates":[[[103.8211288,1.326422],[103.8208861,1.3265185],[103.8209093,1.326577],[103.8211521,1.3264805],[103.8211288,1.326422]]]},"clearanceHeight":1.7,"clearancePrepared":true},"geometry":{"type":"Polygon","coordinates":[[[103.8211521,1.3264805],[103.8211288,1.326422],[103.8208861,1.3265185],[103.8209093,1.326577],[103.8211521,1.3264805]]]}},{"type":"Feature","id":"way/453959302-0","properties":{"addr:city":"Singapore","addr:country":"SG","addr:housenumber":"24","addr:street":"Berrima Road","building":"house","clearanceGeometry":{"type":"Polygon","coordinates":[[[103.8241556,1.3254797],[103.8239972,1.3253965],[103.8239288,1.3255265],[103.8240872,1.3256098],[103.8241556,1.3254797]]]},"clearanceHeight":1.7,"clearancePrepared":true},"geometry":{"type":"Polygon","coordinates":[[[103.8240872,1.3256098],[103.8241556,1.3254797],[103.8239972,1.3253965],[103.8239288,1.3255265],[103.8240872,1.3256098]]]}},{"type":"Feature","id":"way/453959303-0","properties":{"addr:city":"Singapore","addr:country":"SG","addr:housenumber":"24A","addr:street":"Berrima Road","building":"house","clearanceGeometry":{"type":"Polygon","coordinates":[[[103.8239477,1.3257123],[103.8239901,1.3257358],[103.8240428,1.3256404],[103.8239047,1.3255641],[103.8238269,1.3257049],[103.8239226,1.3257577],[103.8239477,1.3257123]]]},"clearanceHeight":1.7,"clearancePrepared":true},"geometry":{"type":"Polygon","coordinates":[[[103.8239226,1.3257577],[103.8239477,1.3257123],[103.8239901,1.3257358],[103.8240428,1.3256404],[103.8239047,1.3255641],[103.8238269,1.3257049],[103.8239226,1.3257577]]]}},{"type":"Feature","id":"way/453959304-0","properties":{"addr:city":"Singapore","addr:country":"SG","addr:housenumber":"26B","addr:street":"Berrima Road","building":"house","clearanceGeometry":{"type":"Polygon","coordinates":[[[103.823923,1.3260986],[103.8237334,1.3259877],[103.8237217,1.3260076],[103.8236459,1.3259633],[103.8236212,1.3260055],[103.8237026,1.3260532],[103.8236954,1.3260654],[103.8238794,1.326173],[103.823923,1.3260986]]]},"clearanceHeight":1.7,"clearancePrepared":true},"geometry":{"type":"Polygon","coordinates":[[[103.8238794,1.326173],[103.823923,1.3260986],[103.8237334,1.3259877],[103.8237217,1.3260076],[103.8236459,1.3259633],[103.8236212,1.3260055],[103.8237026,1.3260532],[103.8236954,1.3260654],[103.8238794,1.326173]]]}},{"type":"Feature","id":"way/453959306-0","properties":{"addr:city":"Singapore","addr:country":"SG","addr:housenumber":"20A","addr:street":"Merryn Road","building":"house","clearanceGeometry":{"type":"Polygon","coordinates":[[[103.8237226,1.3275655],[103.8237135,1.3275516],[103.8237632,1.3275192],[103.8236767,1.3273862],[103.8235962,1.3274384],[103.8236918,1.3275855],[103.8237226,1.3275655]]]},"clearanceHeight":1.7,"clearancePrepared":true},"geometry":{"type":"Polygon","coordinates":[[[103.8236918,1.3275855],[103.8237226,1.3275655],[103.8237135,1.3275516],[103.8237632,1.3275192],[103.8236767,1.3273862],[103.8235962,1.3274384],[103.8236918,1.3275855]]]}},{"type":"Feature","id":"way/453959307-0","properties":{"addr:city":"Singapore","addr:country":"SG","addr:housenumber":"4","addr:street":"Merryn Road","building":"house","clearanceGeometry":{"type":"Polygon","coordinates":[[[103.8220888,1.3274136],[103.8221404,1.3274167],[103.8221411,1.3274036],[103.822196,1.3274068],[103.8222002,1.3273349],[103.8222388,1.3273372],[103.8222439,1.3272491],[103.822175,1.3272451],[103.8221762,1.3272253],[103.8220922,1.3272204],[103.822091,1.3272407],[103.82206,1.3272389],[103.8220578,1.3272776],[103.8220458,1.3272769],[103.8220413,1.3273548],[103.8220606,1.327356],[103.8220581,1.3273988],[103.8220896,1.3274006],[103.8220888,1.3274136]]]},"clearanceHeight":1.7,"clearancePrepared":true},"geometry":{"type":"Polygon","coordinates":[[[103.8220896,1.3274006],[103.8220888,1.3274136],[103.8221404,1.3274167],[103.8221411,1.3274036],[103.822196,1.3274068],[103.8222002,1.3273349],[103.8222388,1.3273372],[103.8222439,1.3272491],[103.822175,1.3272451],[103.8221762,1.3272253],[103.8220922,1.3272204],[103.822091,1.3272407],[103.82206,1.3272389],[103.8220578,1.3272776],[103.8220458,1.3272769],[103.8220413,1.3273548],[103.8220606,1.327356],[103.8220581,1.3273988],[103.8220896,1.3274006]]]}},{"type":"Feature","id":"way/453959311-0","properties":{"addr:city":"Singapore","addr:country":"SG","addr:housenumber":"7","addr:street":"Merryn Road","building":"house","clearanceGeometry":{"type":"Polygon","coordinates":[[[103.8223287,1.3279443],[103.8223678,1.3278581],[103.822223,1.3277924],[103.8221838,1.3278786],[103.8223287,1.3279443]]]},"clearanceHeight":1.7,"clearancePrepared":true},"geometry":{"type":"Polygon","coordinates":[[[103.8221838,1.3278786],[103.8223287,1.3279443],[103.8223678,1.3278581],[103.822223,1.3277924],[103.8221838,1.3278786]]]}},{"type":"Feature","id":"way/453959312-0","properties":{"addr:city":"Singapore","addr:country":"SG","addr:housenumber":"5","addr:street":"Merryn Road","building":"house","clearanceGeometry":{"type":"Polygon","coordinates":[[[103.8221532,1.3276416],[103.8221484,1.3276533],[103.8221072,1.3276363],[103.8220315,1.3278204],[103.8221492,1.3278688],[103.8222297,1.327673],[103.8221532,1.3276416]]]},"clearanceHeight":1.7,"clearancePrepared":true},"geometry":{"type":"Polygon","coordinates":[[[103.8222297,1.327673],[103.8221532,1.3276416],[103.8221484,1.3276533],[103.8221072,1.3276363],[103.8220315,1.3278204],[103.8221492,1.3278688],[103.8222297,1.327673]]]}},{"type":"Feature","id":"way/453959313-0","properties":{"addr:city":"Singapore","addr:country":"SG","addr:housenumber":"3","addr:street":"Merryn Road","building":"house","clearanceGeometry":{"type":"Polygon","coordinates":[[[103.8218753,1.3275597],[103.8217687,1.3274968],[103.821757,1.3275165],[103.8216933,1.3274789],[103.8216262,1.3275926],[103.8217965,1.3276932],[103.8218753,1.3275597]]]},"clearanceHeight":1.7,"clearancePrepared":true},"geometry":{"type":"Polygon","coordinates":[[[103.8217965,1.3276932],[103.8218753,1.3275597],[103.8217687,1.3274968],[103.821757,1.3275165],[103.8216933,1.3274789],[103.8216262,1.3275926],[103.8217965,1.3276932]]]}},{"type":"Feature","id":"way/453959314-0","properties":{"addr:city":"Singapore","addr:country":"SG","addr:housenumber":"1","addr:street":"Merryn Road","building":"house","clearanceGeometry":{"type":"Polygon","coordinates":[[[103.8215088,1.3273985],[103.8214446,1.3274669],[103.8214618,1.327483],[103.8214184,1.3275293],[103.821503,1.3276085],[103.8216105,1.3274939],[103.8215088,1.3273985]]]},"clearanceHeight":1.7,"clearancePrepared":true},"geometry":{"type":"Polygon","coordinates":[[[103.8216105,1.3274939],[103.8215088,1.3273985],[103.8214446,1.3274669],[103.8214618,1.327483],[103.8214184,1.3275293],[103.821503,1.3276085],[103.8216105,1.3274939]]]}},{"type":"Feature","id":"way/453959316-0","properties":{"addr:city":"Singapore","addr:housenumber":"3","addr:street":"Trevose Place","building":"house","clearanceGeometry":{"type":"Polygon","coordinates":[[[103.8210273,1.3277379],[103.820975,1.3276831],[103.8208543,1.3277979],[103.8209066,1.3278528],[103.8210273,1.3277379]]]},"clearanceHeight":1.7,"clearancePrepared":true},"geometry":{"type":"Polygon","coordinates":[[[103.8209066,1.3278528],[103.8210273,1.3277379],[103.820975,1.3276831],[103.8208543,1.3277979],[103.8209066,1.3278528]]]}},{"type":"Feature","id":"way/453959317-0","properties":{"addr:city":"Singapore","addr:housenumber":"5","addr:street":"Trevose Place","building":"house","clearanceGeometry":{"type":"Polygon","coordinates":[[[103.8210684,1.327784],[103.8210273,1.3277379],[103.8209066,1.3278528],[103.8209509,1.3278966],[103.8210684,1.327784]]]},"clearanceHeight":1.7,"clearancePrepared":true},"geometry":{"type":"Polygon","coordinates":[[[103.8209509,1.3278966],[103.8210684,1.327784],[103.8210273,1.3277379],[103.8209066,1.3278528],[103.8209509,1.3278966]]]}},{"type":"Feature","id":"way/453959318-0","properties":{"addr:city":"Singapore","addr:housenumber":"7","addr:street":"Trevose Place","building":"house","clearanceGeometry":{"type":"Polygon","coordinates":[[[103.8211177,1.3278355],[103.8210684,1.327784],[103.8209509,1.3278966],[103.8210017,1.3279499],[103.8211177,1.3278355]]]},"clearanceHeight":1.7,"clearancePrepared":true},"geometry":{"type":"Polygon","coordinates":[[[103.8210017,1.3279499],[103.8211177,1.3278355],[103.8210684,1.327784],[103.8209509,1.3278966],[103.8210017,1.3279499]]]}},{"type":"Feature","id":"way/453959319-0","properties":{"addr:city":"Singapore","addr:housenumber":"9","addr:street":"Trevose Place","building":"house","clearanceGeometry":{"type":"Polygon","coordinates":[[[103.8211624,1.3278808],[103.8211177,1.3278355],[103.8210017,1.3279499],[103.8210454,1.3279937],[103.8211624,1.3278808]]]},"clearanceHeight":1.7,"clearancePrepared":true},"geometry":{"type":"Polygon","coordinates":[[[103.8210454,1.3279937],[103.8211624,1.3278808],[103.8211177,1.3278355],[103.8210017,1.3279499],[103.8210454,1.3279937]]]}},{"type":"Feature","id":"way/453959320-0","properties":{"addr:city":"Singapore","addr:housenumber":"11","addr:street":"Trevose Place","building":"house","clearanceGeometry":{"type":"Polygon","coordinates":[[[103.821207,1.327927],[103.8211624,1.3278808],[103.8210454,1.3279937],[103.82109,1.3280399],[103.821207,1.327927]]]},"clearanceHeight":1.7,"clearancePrepared":true},"geometry":{"type":"Polygon","coordinates":[[[103.82109,1.3280399],[103.821207,1.327927],[103.8211624,1.3278808],[103.8210454,1.3279937],[103.82109,1.3280399]]]}},{"type":"Feature","id":"way/453959321-0","properties":{"addr:city":"Singapore","addr:housenumber":"1","addr:street":"Trevose Place","building":"house","clearanceGeometry":{"type":"Polygon","coordinates":[[[103.8209179,1.3276473],[103.8208951,1.3276433],[103.8208735,1.3276306],[103.8208552,1.3276383],[103.8208305,1.327613],[103.8207936,1.3276263],[103.8207413,1.3276521],[103.8207451,1.3276763],[103.8207581,1.3276959],[103.8207799,1.3277201],[103.8208543,1.3277979],[103.820975,1.3276831],[103.8209417,1.3276434],[103.8209179,1.3276473]]]},"clearanceHeight":1.7,"clearancePrepared":true},"geometry":{"type":"Polygon","coordinates":[[[103.8209417,1.3276434],[103.8209179,1.3276473],[103.8208951,1.3276433],[103.8208735,1.3276306],[103.8208552,1.3276383],[103.8208305,1.327613],[103.8207936,1.3276263],[103.8207413,1.3276521],[103.8207451,1.3276763],[103.8207581,1.3276959],[103.8207799,1.3277201],[103.8208543,1.3277979],[103.820975,1.3276831],[103.8209417,1.3276434]]]}},{"type":"Feature","id":"way/453959322-0","properties":{"addr:city":"Singapore","addr:country":"SG","addr:housenumber":"2A","addr:street":"Merryn Road","building":"house","clearanceGeometry":{"type":"Polygon","coordinates":[[[103.8219757,1.3273255],[103.8219625,1.3273112],[103.8220036,1.3272732],[103.821984,1.3272521],[103.8220241,1.3272151],[103.8219759,1.3271629],[103.8218327,1.327295],[103.8219137,1.3273827],[103.8219757,1.3273255]]]},"clearanceHeight":1.7,"clearancePrepared":true},"geometry":{"type":"Polygon","coordinates":[[[103.8219137,1.3273827],[103.8219757,1.3273255],[103.8219625,1.3273112],[103.8220036,1.3272732],[103.821984,1.3272521],[103.8220241,1.3272151],[103.8219759,1.3271629],[103.8218327,1.327295],[103.8219137,1.3273827]]]}},{"type":"Feature","id":"way/453959323-0","properties":{"addr:city":"Singapore","addr:country":"SG","addr:housenumber":"4A","addr:street":"Merryn Road","building":"house","clearanceGeometry":{"type":"Polygon","coordinates":[[[103.82216744214844,1.3269683130022494],[103.82212529534671,1.3269919655761773],[103.8221123,1.3271922],[103.8222484,1.3272011],[103.8222632,1.3269745],[103.82216744214844,1.3269683130022494]]]},"clearanceHeight":1.7,"clearancePrepared":true},"geometry":{"type":"Polygon","coordinates":[[[103.8222632,1.3269745],[103.822127,1.3269657],[103.8221123,1.3271922],[103.8222484,1.3272011],[103.8222632,1.3269745]]]}},{"type":"Feature","id":"way/453959324-0","properties":{"addr:city":"Singapore","addr:country":"SG","addr:housenumber":"8","addr:street":"Merryn Road","building":"house","clearanceGeometry":{"type":"Polygon","coordinates":[[[103.8226152,1.3272457],[103.8225733,1.3272392],[103.8225638,1.3273003],[103.8225209,1.3272936],[103.8225305,1.3272325],[103.822467,1.3272226],[103.8224469,1.3273513],[103.8225951,1.3273744],[103.8226152,1.3272457]]]},"clearanceHeight":1.7,"clearancePrepared":true},"geometry":{"type":"Polygon","coordinates":[[[103.8225951,1.3273744],[103.8226152,1.3272457],[103.8225733,1.3272392],[103.8225638,1.3273003],[103.8225209,1.3272936],[103.8225305,1.3272325],[103.822467,1.3272226],[103.8224469,1.3273513],[103.8225951,1.3273744]]]}},{"type":"Feature","id":"way/453959325-0","properties":{"addr:city":"Singapore","addr:country":"SG","addr:housenumber":"8A","addr:street":"Merryn Road","building":"house","clearanceGeometry":{"type":"Polygon","coordinates":[[[103.8224893,1.3274599],[103.8225311,1.3274665],[103.822523,1.327517],[103.82256024662829,1.3275228951498008],[103.82259262171206,1.3275272360626178],[103.8226113,1.32741],[103.8224442,1.3273835],[103.8224255,1.3275015],[103.8224812,1.3275103],[103.8224893,1.3274599]]]},"clearanceHeight":1.7,"clearancePrepared":true},"geometry":{"type":"Polygon","coordinates":[[[103.8224812,1.3275103],[103.8224893,1.3274599],[103.8225311,1.3274665],[103.822523,1.327517],[103.8225925,1.327528],[103.8226113,1.32741],[103.8224442,1.3273835],[103.8224255,1.3275015],[103.8224812,1.3275103]]]}},{"type":"Feature","id":"way/453959326-0","properties":{"addr:city":"Singapore","addr:country":"SG","addr:housenumber":"12","addr:street":"Merryn Road","building":"house","clearanceGeometry":{"type":"Polygon","coordinates":[[[103.8231008,1.3273513],[103.8230062,1.3273325],[103.8229713,1.3275082],[103.8230659,1.3275269],[103.8231008,1.3273513]]]},"clearanceHeight":1.7,"clearancePrepared":true},"geometry":{"type":"Polygon","coordinates":[[[103.8230659,1.3275269],[103.8231008,1.3273513],[103.8230062,1.3273325],[103.8229713,1.3275082],[103.8230659,1.3275269]]]}},{"type":"Feature","id":"way/453959327-0","properties":{"addr:city":"Singapore","addr:country":"SG","addr:housenumber":"10B","addr:street":"Merryn Road","building":"house","clearanceGeometry":{"type":"Polygon","coordinates":[[[103.8228971,1.3273103],[103.8228623,1.327486],[103.8229539,1.3275041],[103.8229887,1.3273285],[103.8228971,1.3273103]]]},"clearanceHeight":1.7,"clearancePrepared":true},"geometry":{"type":"Polygon","coordinates":[[[103.8229887,1.3273285],[103.8228971,1.3273103],[103.8228623,1.327486],[103.8229539,1.3275041],[103.8229887,1.3273285]]]}},{"type":"Feature","id":"way/453959328-0","properties":{"addr:city":"Singapore","addr:country":"SG","addr:housenumber":"10A","addr:street":"Merryn Road","building":"house","clearanceGeometry":{"type":"Polygon","coordinates":[[[103.8228001,1.3273998],[103.8228439,1.3274099],[103.8228675,1.3273075],[103.8227661,1.3272843],[103.8227401,1.3273975],[103.8227579,1.3274016],[103.8227383,1.3274868],[103.822778,1.3274959],[103.8228001,1.3273998]]]},"clearanceHeight":1.7,"clearancePrepared":true},"geometry":{"type":"Polygon","coordinates":[[[103.822778,1.3274959],[103.8228001,1.3273998],[103.8228439,1.3274099],[103.8228675,1.3273075],[103.8227661,1.3272843],[103.8227401,1.3273975],[103.8227579,1.3274016],[103.8227383,1.3274868],[103.822778,1.3274959]]]}},{"type":"Feature","id":"way/453959329-0","properties":{"addr:city":"Singapore","addr:country":"SG","addr:housenumber":"10","addr:street":"Merryn Road","building":"house","clearanceGeometry":{"type":"Polygon","coordinates":[[[103.8226669,1.32735],[103.8226543,1.3274053],[103.8226411,1.3274023],[103.82262,1.3274948],[103.8226941,1.3275117],[103.8227186,1.3274044],[103.8226884,1.3273975],[103.8226985,1.3273529],[103.8227288,1.3273598],[103.822746,1.3272843],[103.82264,1.3272601],[103.8226219,1.3273398],[103.8226669,1.32735]]]},"clearanceHeight":1.7,"clearancePrepared":true},"geometry":{"type":"Polygon","coordinates":[[[103.8226219,1.3273398],[103.8226669,1.32735],[103.8226543,1.3274053],[103.8226411,1.3274023],[103.82262,1.3274948],[103.8226941,1.3275117],[103.8227186,1.3274044],[103.8226884,1.3273975],[103.8226985,1.3273529],[103.8227288,1.3273598],[103.822746,1.3272843],[103.82264,1.3272601],[103.8226219,1.3273398]]]}},{"type":"Feature","id":"way/453959330-0","properties":{"addr:city":"Singapore","addr:country":"SG","addr:housenumber":"22","addr:street":"Merryn Road","building":"house","clearanceGeometry":{"type":"Polygon","coordinates":[[[103.8235137,1.3274117],[103.8235754,1.3273286],[103.8235,1.3272035],[103.8234485,1.3272345],[103.8234357,1.3272249],[103.823411,1.3272571],[103.823374,1.3273081],[103.8233927,1.3273443],[103.8233881,1.3273505],[103.8234007,1.3273598],[103.8234279,1.3274123],[103.823454,1.3273988],[103.8234893,1.3274247],[103.8235041,1.3274046],[103.8235137,1.3274117]]]},"clearanceHeight":1.7,"clearancePrepared":true},"geometry":{"type":"Polygon","coordinates":[[[103.8235041,1.3274046],[103.8235137,1.3274117],[103.8235754,1.3273286],[103.8235,1.3272035],[103.8234485,1.3272345],[103.8234357,1.3272249],[103.823411,1.3272571],[103.823374,1.3273081],[103.8233927,1.3273443],[103.8233881,1.3273505],[103.8234007,1.3273598],[103.8234279,1.3274123],[103.823454,1.3273988],[103.8234893,1.3274247],[103.8235041,1.3274046]]]}},{"type":"Feature","id":"way/453959331-0","properties":{"addr:city":"Singapore","addr:country":"SG","addr:housenumber":"18A","addr:street":"Merryn Road","building":"house","clearanceGeometry":{"type":"Polygon","coordinates":[[[103.8232928,1.3276033],[103.8233477,1.327609],[103.82334510776765,1.3276341302525252],[103.82340951465032,1.3276437072977498],[103.8234195,1.3275474],[103.8232452,1.3275293],[103.82323601290086,1.327617908283234],[103.82329045803431,1.3276260040562882],[103.8232928,1.3276033]]]},"clearanceHeight":1.7,"clearancePrepared":true},"geometry":{"type":"Polygon","coordinates":[[[103.8232892,1.3276382],[103.8232928,1.3276033],[103.8233477,1.327609],[103.8233441,1.3276439],[103.8234088,1.3276506],[103.8234195,1.3275474],[103.8232452,1.3275293],[103.8232345,1.3276325],[103.8232892,1.3276382]]]}},{"type":"Feature","id":"way/453959332-0","properties":{"addr:city":"Singapore","addr:country":"SG","addr:housenumber":"18","addr:street":"Merryn Road","building":"house","clearanceGeometry":{"type":"Polygon","coordinates":[[[103.8233662,1.3273858],[103.8232546,1.3273711],[103.8232385,1.3274931],[103.8233501,1.3275078],[103.8233662,1.3273858]]]},"clearanceHeight":1.7,"clearancePrepared":true},"geometry":{"type":"Polygon","coordinates":[[[103.8233501,1.3275078],[103.8233662,1.3273858],[103.8232546,1.3273711],[103.8232385,1.3274931],[103.8233501,1.3275078]]]}},{"type":"Feature","id":"way/453959333-0","properties":{"addr:city":"Singapore","addr:country":"SG","addr:housenumber":"20","addr:street":"Merryn Road","building":"house","clearanceGeometry":{"type":"Polygon","coordinates":[[[103.8235756,1.327611],[103.8235508,1.3275559],[103.823594,1.3275365],[103.8235564,1.3274529],[103.8234343,1.3275078],[103.8234968,1.3276465],[103.8235756,1.327611]]]},"clearanceHeight":1.7,"clearancePrepared":true},"geometry":{"type":"Polygon","coordinates":[[[103.8234968,1.3276465],[103.8235756,1.327611],[103.8235508,1.3275559],[103.823594,1.3275365],[103.8235564,1.3274529],[103.8234343,1.3275078],[103.8234968,1.3276465]]]}},{"type":"Feature","id":"way/453959334-0","properties":{"addr:city":"Singapore","addr:country":"SG","addr:housenumber":"30","addr:street":"Merryn Road","building":"house","clearanceGeometry":{"type":"Polygon","coordinates":[[[103.8241114,1.327306],[103.8240351,1.327186],[103.8238695,1.3272913],[103.8239458,1.3274113],[103.8241114,1.327306]]]},"clearanceHeight":1.7,"clearancePrepared":true},"geometry":{"type":"Polygon","coordinates":[[[103.8239458,1.3274113],[103.8241114,1.327306],[103.8240351,1.327186],[103.8238695,1.3272913],[103.8239458,1.3274113]]]}},{"type":"Feature","id":"way/453959335-0","properties":{"addr:city":"Singapore","addr:country":"SG","addr:housenumber":"28A","addr:street":"Merryn Road","building":"house","clearanceGeometry":{"type":"Polygon","coordinates":[[[103.8239364,1.3270854],[103.823766,1.3271947],[103.8238199,1.3272786],[103.8239902,1.3271693],[103.8239364,1.3270854]]]},"clearanceHeight":1.7,"clearancePrepared":true},"geometry":{"type":"Polygon","coordinates":[[[103.8239902,1.3271693],[103.8239364,1.3270854],[103.823766,1.3271947],[103.8238199,1.3272786],[103.8239902,1.3271693]]]}},{"type":"Feature","id":"way/453959336-0","properties":{"addr:city":"Singapore","addr:country":"SG","addr:housenumber":"28","addr:street":"Merryn Road","building":"house","clearanceGeometry":{"type":"Polygon","coordinates":[[[103.823871,1.3269875],[103.823695,1.3271031],[103.8237471,1.3271824],[103.8239231,1.3270667],[103.823871,1.3269875]]]},"clearanceHeight":1.7,"clearancePrepared":true},"geometry":{"type":"Polygon","coordinates":[[[103.8239231,1.3270667],[103.823871,1.3269875],[103.823695,1.3271031],[103.8237471,1.3271824],[103.8239231,1.3270667]]]}},{"type":"Feature","id":"way/453959359-0","properties":{"addr:city":"Singapore","addr:country":"SG","addr:housenumber":"82","addr:street":"Trevose Crescent","building":"house","clearanceGeometry":{"type":"Polygon","coordinates":[[[103.8240679,1.3267312],[103.8240234,1.3267635],[103.8239936,1.3267223],[103.8239456,1.3267571],[103.8240413,1.3268891],[103.8241338,1.3268221],[103.8240679,1.3267312]]]},"clearanceHeight":1.7,"clearancePrepared":true},"geometry":{"type":"Polygon","coordinates":[[[103.8241338,1.3268221],[103.8240679,1.3267312],[103.8240234,1.3267635],[103.8239936,1.3267223],[103.8239456,1.3267571],[103.8240413,1.3268891],[103.8241338,1.3268221]]]}},{"type":"Feature","id":"way/453959360-0","properties":{"addr:city":"Singapore","addr:country":"SG","addr:housenumber":"84","addr:street":"Trevose Crescent","building":"house","clearanceGeometry":{"type":"Polygon","coordinates":[[[103.823942,1.3268186],[103.8238961,1.3268511],[103.8238691,1.326813],[103.8238185,1.3268489],[103.8239125,1.3269816],[103.8240091,1.3269132],[103.823942,1.3268186]]]},"clearanceHeight":1.7,"clearancePrepared":true},"geometry":{"type":"Polygon","coordinates":[[[103.8240091,1.3269132],[103.823942,1.3268186],[103.8238961,1.3268511],[103.8238691,1.326813],[103.8238185,1.3268489],[103.8239125,1.3269816],[103.8240091,1.3269132]]]}},{"type":"Feature","id":"way/453959361-0","properties":{"addr:city":"Singapore","addr:country":"SG","addr:housenumber":"88","addr:street":"Trevose Crescent","building":"house","clearanceGeometry":{"type":"Polygon","coordinates":[[[103.8235617,1.32709],[103.8236378,1.3270442],[103.8236605,1.3270819],[103.8237441,1.3270315],[103.8236776,1.3269309],[103.8235223,1.3270245],[103.8235617,1.32709]]]},"clearanceHeight":1.7,"clearancePrepared":true},"geometry":{"type":"Polygon","coordinates":[[[103.8235223,1.3270245],[103.8235617,1.32709],[103.8236378,1.3270442],[103.8236605,1.3270819],[103.8237441,1.3270315],[103.8236776,1.3269309],[103.8235223,1.3270245]]]}},{"type":"Feature","id":"way/453959362-0","properties":{"addr:city":"Singapore","addr:country":"SG","addr:housenumber":"92","addr:street":"Trevose Crescent","building":"house","clearanceGeometry":{"type":"Polygon","coordinates":[[[103.8232984,1.327037],[103.8233214,1.3270761],[103.8232803,1.3271003],[103.8233496,1.3272179],[103.8234502,1.3271587],[103.8233818,1.3270426],[103.8233579,1.327002],[103.8232984,1.327037]]]},"clearanceHeight":1.7,"clearancePrepared":true},"geometry":{"type":"Polygon","coordinates":[[[103.8233579,1.327002],[103.8232984,1.327037],[103.8233214,1.3270761],[103.8232803,1.3271003],[103.8233496,1.3272179],[103.8234502,1.3271587],[103.8233818,1.3270426],[103.8233579,1.327002]]]}},{"type":"Feature","id":"way/453959363-0","properties":{"addr:city":"Singapore","addr:country":"SG","addr:housenumber":"16","addr:street":"Merryn Road","building":"house","clearanceGeometry":{"type":"Polygon","coordinates":[[[103.8230966,1.3273219],[103.8231788,1.3273175],[103.8232059,1.3272836],[103.8232528,1.3273136],[103.8232916,1.3271948],[103.8230904,1.3272055],[103.8230933,1.3272592],[103.8230966,1.3273219]]]},"clearanceHeight":1.7,"clearancePrepared":true},"geometry":{"type":"Polygon","coordinates":[[[103.8230933,1.3272592],[103.8230966,1.3273219],[103.8231788,1.3273175],[103.8232059,1.3272836],[103.8232528,1.3273136],[103.8232916,1.3271948],[103.8230904,1.3272055],[103.8230933,1.3272592]]]}},{"type":"Feature","id":"way/453959364-0","properties":{"addr:city":"Singapore","addr:country":"SG","addr:housenumber":"94","addr:street":"Trevose Crescent","building":"house","clearanceGeometry":{"type":"Polygon","coordinates":[[[103.8232404,1.3270675],[103.8231942,1.3270745],[103.8231866,1.3270247],[103.8231278,1.3270337],[103.8231354,1.3270835],[103.8230822,1.3270916],[103.8230945,1.327172],[103.8232527,1.3271479],[103.8232404,1.3270675]]]},"clearanceHeight":1.7,"clearancePrepared":true},"geometry":{"type":"Polygon","coordinates":[[[103.8232527,1.3271479],[103.8232404,1.3270675],[103.8231942,1.3270745],[103.8231866,1.3270247],[103.8231278,1.3270337],[103.8231354,1.3270835],[103.8230822,1.3270916],[103.8230945,1.327172],[103.8232527,1.3271479]]]}},{"type":"Feature","id":"way/453959365-0","properties":{"addr:city":"Singapore","addr:country":"SG","addr:housenumber":"96","addr:street":"Trevose Crescent","building":"house","clearanceGeometry":{"type":"Polygon","coordinates":[[[103.8230616,1.32705],[103.8229845,1.327042],[103.822963,1.3272484],[103.8230401,1.3272564],[103.8230616,1.32705]]]},"clearanceHeight":1.7,"clearancePrepared":true},"geometry":{"type":"Polygon","coordinates":[[[103.8230401,1.3272564],[103.8230616,1.32705],[103.8229845,1.327042],[103.822963,1.3272484],[103.8230401,1.3272564]]]}},{"type":"Feature","id":"way/453959366-0","properties":{"addr:city":"Singapore","addr:country":"SG","addr:housenumber":"98","addr:street":"Trevose Crescent","building":"house","clearanceGeometry":{"type":"Polygon","coordinates":[[[103.8228316,1.3270394],[103.8228289,1.3272257],[103.8229147,1.327227],[103.8229174,1.3270406],[103.8228316,1.3270394]]]},"clearanceHeight":1.7,"clearancePrepared":true},"geometry":{"type":"Polygon","coordinates":[[[103.8229174,1.3270406],[103.8228316,1.3270394],[103.8228289,1.3272257],[103.8229147,1.327227],[103.8229174,1.3270406]]]}},{"type":"Feature","id":"way/453959367-0","properties":{"addr:city":"Singapore","addr:country":"SG","addr:housenumber":"100","addr:street":"Trevose Crescent","building":"house","clearanceGeometry":{"type":"Polygon","coordinates":[[[103.8227312,1.3269944],[103.8226919,1.3271147],[103.8227019,1.327118],[103.8226795,1.3271867],[103.8227619,1.3272136],[103.8228236,1.3270245],[103.8227312,1.3269944]]]},"clearanceHeight":1.7,"clearancePrepared":true},"geometry":{"type":"Polygon","coordinates":[[[103.8228236,1.3270245],[103.8227312,1.3269944],[103.8226919,1.3271147],[103.8227019,1.327118],[103.8226795,1.3271867],[103.8227619,1.3272136],[103.8228236,1.3270245]]]}},{"type":"Feature","id":"way/453959368-0","properties":{"addr:city":"Singapore","addr:country":"SG","addr:housenumber":"102","addr:street":"Trevose Crescent","building":"house","clearanceGeometry":{"type":"Polygon","coordinates":[[[103.8227264,1.3269791],[103.8226798333534,1.3269624521276164],[103.8226596973696,1.3269567556446686],[103.82264702598297,1.326953164730544],[103.8226232,1.3270198],[103.8226112,1.3270155],[103.822562,1.3271532],[103.8226527,1.3271856],[103.8227264,1.3269791]]]},"clearanceHeight":1.7,"clearancePrepared":true},"geometry":{"type":"Polygon","coordinates":[[[103.8226527,1.3271856],[103.8227264,1.3269791],[103.8226478,1.326951],[103.8226232,1.3270198],[103.8226112,1.3270155],[103.822562,1.3271532],[103.8226527,1.3271856]]]}},{"type":"Feature","id":"way/453959370-0","properties":{"addr:city":"Singapore","addr:country":"SG","addr:housenumber":"4B","addr:street":"Merryn Road","building":"house","clearanceGeometry":{"type":"Polygon","coordinates":[[[103.822426,1.3270197],[103.8224481,1.3270278],[103.8224718,1.3269628],[103.8225298,1.3269839],[103.8224955,1.3270781],[103.8225542,1.3270995],[103.8225986,1.3269774],[103.8225385,1.3269556],[103.8225327,1.3269715],[103.8224791,1.3269519],[103.8224888,1.3269252],[103.8224342,1.3269053],[103.8224217,1.3269394],[103.8223739,1.326922],[103.8223141,1.3270861],[103.8223916,1.3271143],[103.822426,1.3270197]]]},"clearanceHeight":1.7,"clearancePrepared":true},"geometry":{"type":"Polygon","coordinates":[[[103.8223916,1.3271143],[103.822426,1.3270197],[103.8224481,1.3270278],[103.8224718,1.3269628],[103.8225298,1.3269839],[103.8224955,1.3270781],[103.8225542,1.3270995],[103.8225986,1.3269774],[103.8225385,1.3269556],[103.8225327,1.3269715],[103.8224791,1.3269519],[103.8224888,1.3269252],[103.8224342,1.3269053],[103.8224217,1.3269394],[103.8223739,1.326922],[103.8223141,1.3270861],[103.8223916,1.3271143]]]}},{"type":"Feature","id":"way/453960786-0","properties":{"addr:city":"Singapore","addr:country":"SG","addr:housenumber":"30","addr:street":"Berrima Road","building":"house","clearanceGeometry":{"type":"Polygon","coordinates":[[[103.8233139,1.3265039],[103.8233937,1.326485],[103.8233442,1.3262762],[103.8232685,1.3262941],[103.8232869,1.326372],[103.8232676,1.3263766],[103.823271,1.326391],[103.823244,1.3263974],[103.8232405,1.326383],[103.8231474,1.326405],[103.8231757,1.3265243],[103.8233112,1.3264922],[103.8233139,1.3265039]]]},"clearanceHeight":1.7,"clearancePrepared":true},"geometry":{"type":"Polygon","coordinates":[[[103.8233112,1.3264922],[103.8233139,1.3265039],[103.8233937,1.326485],[103.8233442,1.3262762],[103.8232685,1.3262941],[103.8232869,1.326372],[103.8232676,1.3263766],[103.823271,1.326391],[103.823244,1.3263974],[103.8232405,1.326383],[103.8231474,1.326405],[103.8231757,1.3265243],[103.8233112,1.3264922]]]}},{"type":"Feature","id":"way/453960788-0","properties":{"addr:city":"Singapore","addr:country":"SG","addr:housenumber":"32","addr:street":"Berrima Road","building":"house","clearanceGeometry":{"type":"Polygon","coordinates":[[[103.8227653,1.3265096],[103.8228542,1.3265224],[103.8228565,1.3265062],[103.8229042,1.3265131],[103.8229019,1.3265292],[103.8230211,1.3265464],[103.8230231,1.3265321],[103.8230491,1.3265359],[103.8230583,1.3264718],[103.8230118,1.3264651],[103.8229182,1.3263292],[103.8228642,1.3263664],[103.8229234,1.3264524],[103.8227766,1.3264312],[103.8227653,1.3265096]]]},"clearanceHeight":1.7,"clearancePrepared":true},"geometry":{"type":"Polygon","coordinates":[[[103.8227766,1.3264312],[103.8227653,1.3265096],[103.8228542,1.3265224],[103.8228565,1.3265062],[103.8229042,1.3265131],[103.8229019,1.3265292],[103.8230211,1.3265464],[103.8230231,1.3265321],[103.8230491,1.3265359],[103.8230583,1.3264718],[103.8230118,1.3264651],[103.8229182,1.3263292],[103.8228642,1.3263664],[103.8229234,1.3264524],[103.8227766,1.3264312]]]}},{"type":"Feature","id":"way/455132898-0","properties":{"addr:city":"Singapore","addr:country":"SG","addr:housenumber":"19","addr:street":"Merryn Road","building":"house","clearanceGeometry":{"type":"Polygon","coordinates":[[[103.8230831,1.3281332],[103.8230536,1.3281204],[103.8230712,1.3280798],[103.8230196,1.3280574],[103.8230141,1.3280701],[103.8229264,1.328032],[103.8228591,1.328187],[103.8230279,1.3282603],[103.8230831,1.3281332]]]},"clearanceHeight":1.7,"clearancePrepared":true},"geometry":{"type":"Polygon","coordinates":[[[103.8230279,1.3282603],[103.8230831,1.3281332],[103.8230536,1.3281204],[103.8230712,1.3280798],[103.8230196,1.3280574],[103.8230141,1.3280701],[103.8229264,1.328032],[103.8228591,1.328187],[103.8230279,1.3282603]]]}},{"type":"Feature","id":"way/633652263-0","properties":{"building":"yes","clearanceGeometry":{"type":"Polygon","coordinates":[[[103.8198555,1.3248137],[103.8197533,1.3248215],[103.8197611,1.3249256],[103.8198634,1.3249178],[103.8198555,1.3248137]]]},"clearanceHeight":1.7,"clearancePrepared":true},"geometry":{"type":"Polygon","coordinates":[[[103.8198634,1.3249178],[103.8198555,1.3248137],[103.8197533,1.3248215],[103.8197611,1.3249256],[103.8198634,1.3249178]]]}},{"type":"Feature","id":"way/891174283-0","properties":{"addr:city":"Singapore","addr:country":"SG","addr:housenumber":"23","addr:street":"Berrima Road","building":"house","clearanceGeometry":{"type":"Polygon","coordinates":[[[103.8235777,1.3257458],[103.823467,1.3256693],[103.8234137,1.3257463],[103.8234345,1.3258331],[103.8234905,1.3258718],[103.8235777,1.3257458]]]},"clearanceHeight":1.7,"clearancePrepared":true},"geometry":{"type":"Polygon","coordinates":[[[103.8234905,1.3258718],[103.8235777,1.3257458],[103.823467,1.3256693],[103.8234137,1.3257463],[103.8234345,1.3258331],[103.8234905,1.3258718]]]}},{"type":"Feature","id":"way/891174295-0","properties":{"addr:city":"Singapore","addr:country":"SG","addr:housenumber":"90","addr:street":"Trevose Crescent","building":"house","clearanceGeometry":{"type":"Polygon","coordinates":[[[103.8235547,1.3271251],[103.8234741,1.3269882],[103.8233818,1.3270426],[103.8234502,1.3271587],[103.8234625,1.3271795],[103.8235547,1.3271251]]]},"clearanceHeight":1.7,"clearancePrepared":true},"geometry":{"type":"Polygon","coordinates":[[[103.8234625,1.3271795],[103.8235547,1.3271251],[103.8234741,1.3269882],[103.8233818,1.3270426],[103.8234502,1.3271587],[103.8234625,1.3271795]]]}},{"type":"Feature","id":"way/891174296-0","properties":{"addr:city":"Singapore","addr:country":"SG","addr:housenumber":"86","addr:street":"Trevose Crescent","building":"house","clearanceGeometry":{"type":"Polygon","coordinates":[[[103.8238026,1.3268556],[103.8236776,1.3269309],[103.8237441,1.3270315],[103.8238648,1.3269588],[103.8238026,1.3268556]]]},"clearanceHeight":1.7,"clearancePrepared":true},"geometry":{"type":"Polygon","coordinates":[[[103.8238648,1.3269588],[103.8238026,1.3268556],[103.8236776,1.3269309],[103.8237441,1.3270315],[103.8238648,1.3269588]]]}},{"type":"Feature","id":"way/891174309-0","properties":{"addr:city":"Singapore","addr:country":"SG","addr:housenumber":"17","addr:street":"Berrima Road","building":"house","clearanceGeometry":{"type":"Polygon","coordinates":[[[103.8238466,1.3244705],[103.8238217,1.3245758],[103.82415851965324,1.3246552732421928],[103.8241851064672,1.3245503712491768],[103.8238466,1.3244705]]]},"clearanceHeight":1.7,"clearancePrepared":true},"geometry":{"type":"Polygon","coordinates":[[[103.8242043,1.3245549],[103.8238466,1.3244705],[103.8238217,1.3245758],[103.8241794,1.3246602],[103.8242043,1.3245549]]]}},{"type":"Feature","id":"way/891174310-0","properties":{"addr:city":"Singapore","addr:country":"SG","addr:housenumber":"17A","addr:street":"Berrima Road","building":"house","clearanceGeometry":{"type":"Polygon","coordinates":[[[103.824134131882,1.324751498604534],[103.82415851965324,1.3246552732421928],[103.8238217,1.3245758],[103.8237989,1.3246724],[103.824134131882,1.324751498604534]]]},"clearanceHeight":1.7,"clearancePrepared":true},"geometry":{"type":"Polygon","coordinates":[[[103.8237989,1.3246724],[103.8241566,1.3247568],[103.8241794,1.3246602],[103.8238217,1.3245758],[103.8237989,1.3246724]]]}},{"type":"Feature","id":"way/891174311-0","properties":{"addr:city":"Singapore","addr:country":"SG","addr:housenumber":"17B","addr:street":"Berrima Road","building":"house","clearanceGeometry":{"type":"Polygon","coordinates":[[[103.8239055,1.3248154],[103.82409849102605,1.3248609005532976],[103.82411843137402,1.3248134471547606],[103.824134131882,1.324751498604534],[103.8237989,1.3246724],[103.8237726,1.324784],[103.8239055,1.3248154]]]},"clearanceHeight":1.7,"clearancePrepared":true},"geometry":{"type":"Polygon","coordinates":[[[103.8237726,1.324784],[103.8239055,1.3248154],[103.8241303,1.3248684],[103.8241566,1.3247568],[103.8237989,1.3246724],[103.8237726,1.324784]]]}},{"type":"Feature","id":"way/891174312-0","properties":{"addr:city":"Singapore","addr:country":"SG","addr:housenumber":"57","addr:street":"Trevose Crescent","building":"house","clearanceGeometry":{"type":"Polygon","coordinates":[[[103.8237352,1.3263675],[103.8236198,1.3264282],[103.8237112,1.3266136],[103.8238315,1.3265502],[103.8237352,1.3263675]]]},"clearanceHeight":1.7,"clearancePrepared":true},"geometry":{"type":"Polygon","coordinates":[[[103.8238315,1.3265502],[103.8237352,1.3263675],[103.8236198,1.3264282],[103.8237112,1.3266136],[103.8238315,1.3265502]]]}},{"type":"Feature","id":"way/891174314-0","properties":{"addr:city":"Singapore","addr:country":"SG","addr:housenumber":"53","addr:street":"Trevose Crescent","building":"house","clearanceGeometry":{"type":"Polygon","coordinates":[[[103.8239229,1.3261288],[103.8238549,1.3262245],[103.8238743,1.3262383],[103.8240555,1.3263741],[103.82411849116541,1.3262855241875677],[103.823991026553,1.3262008716531684],[103.82400171675746,1.3261847830791986],[103.8239229,1.3261288]]]},"clearanceHeight":1.7,"clearancePrepared":true},"geometry":{"type":"Polygon","coordinates":[[[103.8241269,1.3262737],[103.8239229,1.3261288],[103.8238549,1.3262245],[103.8238743,1.3262383],[103.8240555,1.3263741],[103.8241269,1.3262737]]]}},{"type":"Feature","id":"way/891174316-0","properties":{"addr:city":"Singapore","addr:country":"SG","addr:housenumber":"26","addr:street":"Berrima Road","building":"house","clearanceGeometry":{"type":"Polygon","coordinates":[[[103.8240617,1.3258889],[103.8238721,1.325778],[103.8238605,1.325798],[103.8237846,1.3257536],[103.8237599,1.3257959],[103.8238413,1.3258435],[103.8238341,1.3258558],[103.8240181,1.3259634],[103.8240617,1.3258889]]]},"clearanceHeight":1.7,"clearancePrepared":true},"geometry":{"type":"Polygon","coordinates":[[[103.8240181,1.3259634],[103.8240617,1.3258889],[103.8238721,1.325778],[103.8238605,1.325798],[103.8237846,1.3257536],[103.8237599,1.3257959],[103.8238413,1.3258435],[103.8238341,1.3258558],[103.8240181,1.3259634]]]}},{"type":"Feature","id":"way/891174317-0","properties":{"addr:city":"Singapore","addr:country":"SG","addr:housenumber":"26A","addr:street":"Berrima Road","building":"house","clearanceGeometry":{"type":"Polygon","coordinates":[[[103.8239927,1.3259942],[103.8238031,1.3258833],[103.8237914,1.3259032],[103.8237156,1.3258589],[103.8236908,1.3259012],[103.8237722,1.3259488],[103.8237651,1.325961],[103.8239491,1.3260686],[103.8239927,1.3259942]]]},"clearanceHeight":1.7,"clearancePrepared":true},"geometry":{"type":"Polygon","coordinates":[[[103.8239491,1.3260686],[103.8239927,1.3259942],[103.8238031,1.3258833],[103.8237914,1.3259032],[103.8237156,1.3258589],[103.8236908,1.3259012],[103.8237722,1.3259488],[103.8237651,1.325961],[103.8239491,1.3260686]]]}},{"type":"Feature","id":"way/891174318-0","properties":{"addr:city":"Singapore","addr:country":"SG","addr:housenumber":"34","addr:street":"Berrima Road","building":"house","clearanceGeometry":{"type":"Polygon","coordinates":[[[103.8227086,1.3263139],[103.8225643,1.3262894],[103.8225538,1.3263516],[103.8226335,1.3263652],[103.822628,1.3263975],[103.8225484,1.326384],[103.8225373,1.3264495],[103.8226814,1.3264739],[103.8227086,1.3263139]]]},"clearanceHeight":1.7,"clearancePrepared":true},"geometry":{"type":"Polygon","coordinates":[[[103.8226814,1.3264739],[103.8227086,1.3263139],[103.8225643,1.3262894],[103.8225538,1.3263516],[103.8226335,1.3263652],[103.822628,1.3263975],[103.8225484,1.326384],[103.8225373,1.3264495],[103.8226814,1.3264739]]]}},{"type":"Feature","id":"way/891174323-0","properties":{"addr:city":"Singapore","addr:country":"SG","addr:housenumber":"9B","addr:street":"Harlyn Road","building":"house","clearanceGeometry":{"type":"Polygon","coordinates":[[[103.8227777,1.3245036],[103.8227956,1.3245734],[103.8230305,1.324513],[103.8230126,1.3244433],[103.8227777,1.3245036]]]},"clearanceHeight":1.7,"clearancePrepared":true},"geometry":{"type":"Polygon","coordinates":[[[103.8230126,1.3244433],[103.8227777,1.3245036],[103.8227956,1.3245734],[103.8230305,1.324513],[103.8230126,1.3244433]]]}},{"type":"Feature","id":"way/891174329-0","properties":{"addr:city":"Singapore","addr:country":"SG","addr:housenumber":"16A","addr:street":"Dalkeith Road","building":"house","clearanceGeometry":{"type":"Polygon","coordinates":[[[103.8226492,1.3251062],[103.8226666,1.325174],[103.8228917,1.3251164],[103.8228631,1.3250051],[103.822666,1.3250556],[103.8226771,1.325099],[103.8226492,1.3251062]]]},"clearanceHeight":1.7,"clearancePrepared":true},"geometry":{"type":"Polygon","coordinates":[[[103.8226771,1.325099],[103.8226492,1.3251062],[103.8226666,1.325174],[103.8228917,1.3251164],[103.8228631,1.3250051],[103.822666,1.3250556],[103.8226771,1.325099]]]}},{"type":"Feature","id":"way/891174333-0","properties":{"addr:city":"Singapore","addr:country":"SG","addr:housenumber":"15","addr:street":"Harlyn Road","building":"house","clearanceGeometry":{"type":"Polygon","coordinates":[[[103.8235158,1.3255394],[103.8234253,1.3254724],[103.8233542,1.3254864],[103.8233945,1.3256641],[103.8234595,1.3256534],[103.8235158,1.3255394]]]},"clearanceHeight":1.7,"clearancePrepared":true},"geometry":{"type":"Polygon","coordinates":[[[103.8234595,1.3256534],[103.8235158,1.3255394],[103.8234253,1.3254724],[103.8233542,1.3254864],[103.8233945,1.3256641],[103.8234595,1.3256534]]]}},{"type":"Feature","id":"way/891174334-0","properties":{"addr:city":"Singapore","addr:country":"SG","addr:housenumber":"19","addr:street":"Dalkeith Road","building":"house","clearanceGeometry":{"type":"Polygon","coordinates":[[[103.8225001,1.3254522],[103.8224858,1.3253702],[103.8223036,1.325402],[103.8223359,1.3255872],[103.8223968,1.3255766],[103.8224322,1.3255172],[103.8224264,1.325465],[103.8225001,1.3254522]]]},"clearanceHeight":1.7,"clearancePrepared":true},"geometry":{"type":"Polygon","coordinates":[[[103.8224264,1.325465],[103.8225001,1.3254522],[103.8224858,1.3253702],[103.8223036,1.325402],[103.8223359,1.3255872],[103.8223968,1.3255766],[103.8224322,1.3255172],[103.8224264,1.325465]]]}},{"type":"Feature","id":"way/891174335-0","properties":{"addr:city":"Singapore","addr:country":"SG","addr:housenumber":"19B","addr:street":"Dalkeith Road","building":"house","clearanceGeometry":{"type":"Polygon","coordinates":[[[103.8226329,1.3255903],[103.8225592,1.3255465],[103.8224838,1.3256881],[103.8225509,1.325728],[103.8226329,1.3255903]]]},"clearanceHeight":1.7,"clearancePrepared":true},"geometry":{"type":"Polygon","coordinates":[[[103.8225509,1.325728],[103.8226329,1.3255903],[103.8225592,1.3255465],[103.8224838,1.3256881],[103.8225509,1.325728]]]}},{"type":"Feature","id":"way/891174336-0","properties":{"addr:city":"Singapore","addr:country":"SG","addr:housenumber":"31","addr:street":"Berrima Road","building":"house","clearanceGeometry":{"type":"Polygon","coordinates":[[[103.8223538,1.3259973],[103.8222291,1.326023],[103.8222411,1.3261313],[103.8223638,1.3260858],[103.8223538,1.3259973]]]},"clearanceHeight":1.7,"clearancePrepared":true},"geometry":{"type":"Polygon","coordinates":[[[103.8223638,1.3260858],[103.8223538,1.3259973],[103.8222291,1.326023],[103.8222411,1.3261313],[103.8223638,1.3260858]]]}},{"type":"Feature","id":"way/891174337-0","properties":{"addr:city":"Singapore","addr:country":"SG","addr:housenumber":"31A","addr:street":"Berrima Road","building":"house","clearanceGeometry":{"type":"Polygon","coordinates":[[[103.8222009,1.3260234],[103.822085,1.3260384],[103.8221007,1.3261595],[103.8222166,1.3261445],[103.8222009,1.3260234]]]},"clearanceHeight":1.7,"clearancePrepared":true},"geometry":{"type":"Polygon","coordinates":[[[103.8222166,1.3261445],[103.8222009,1.3260234],[103.822085,1.3260384],[103.8221007,1.3261595],[103.8222166,1.3261445]]]}},{"type":"Feature","id":"way/891174346-0","properties":{"addr:city":"Singapore","addr:country":"SG","addr:housenumber":"7","addr:street":"Camborne Road","building":"house","clearanceGeometry":{"type":"Polygon","coordinates":[[[103.8208656,1.3246935],[103.8206761,1.3247296],[103.8206947,1.3248269],[103.8207508,1.3248162],[103.8207457,1.3247897],[103.8208142,1.3247767],[103.8208253,1.3248353],[103.8207441,1.3248507],[103.8207525,1.3248951],[103.8208987,1.3248672],[103.8208656,1.3246935]]]},"clearanceHeight":1.7,"clearancePrepared":true},"geometry":{"type":"Polygon","coordinates":[[[103.8208987,1.3248672],[103.8208656,1.3246935],[103.8206761,1.3247296],[103.8206947,1.3248269],[103.8207508,1.3248162],[103.8207457,1.3247897],[103.8208142,1.3247767],[103.8208253,1.3248353],[103.8207441,1.3248507],[103.8207525,1.3248951],[103.8208987,1.3248672]]]}},{"type":"Feature","id":"way/1050691511-0","properties":{"addr:city":"Singapore","addr:housenumber":"53","addr:street":"Kheam Hock Road","building":"house","clearanceGeometry":{"type":"Polygon","coordinates":[[[103.8205765,1.327035],[103.8205698,1.3269604],[103.8202548,1.326989],[103.8202616,1.3270635],[103.8205765,1.327035]]]},"clearanceHeight":1.7,"clearancePrepared":true},"geometry":{"type":"Polygon","coordinates":[[[103.8202616,1.3270635],[103.8205765,1.327035],[103.8205698,1.3269604],[103.8202548,1.326989],[103.8202616,1.3270635]]]}},{"type":"Feature","id":"way/1050691512-0","properties":{"addr:city":"Singapore","addr:housenumber":"57","addr:street":"Kheam Hock Road","building":"house","clearanceGeometry":{"type":"Polygon","coordinates":[[[103.8205271,1.3271963],[103.8205246,1.3271693],[103.8205965,1.3271626],[103.8205923,1.3271178],[103.8202591,1.3271485],[103.8202658,1.3272204],[103.8205271,1.3271963]]]},"clearanceHeight":1.7,"clearancePrepared":true},"geometry":{"type":"Polygon","coordinates":[[[103.8202658,1.3272204],[103.8205271,1.3271963],[103.8205246,1.3271693],[103.8205965,1.3271626],[103.8205923,1.3271178],[103.8202591,1.3271485],[103.8202658,1.3272204]]]}},{"type":"Feature","id":"way/1050691513-0","properties":{"addr:city":"Singapore","addr:housenumber":"59A","addr:street":"Kheam Hock Road","building":"house","clearanceGeometry":{"type":"Polygon","coordinates":[[[103.820422,1.3274409],[103.8205182,1.3274323],[103.8205027,1.3272599],[103.8204065,1.3272686],[103.820422,1.3274409]]]},"clearanceHeight":1.7,"clearancePrepared":true},"geometry":{"type":"Polygon","coordinates":[[[103.8204065,1.3272686],[103.820422,1.3274409],[103.8205182,1.3274323],[103.8205027,1.3272599],[103.8204065,1.3272686]]]}},{"type":"Feature","id":"way/1050691514-0","properties":{"addr:city":"Singapore","addr:housenumber":"61A","addr:street":"Kheam Hock Road","building":"house","clearanceGeometry":{"type":"Polygon","coordinates":[[[103.8202486,1.3274633],[103.8203197,1.3274572],[103.8203069,1.327288],[103.8202342,1.3272942],[103.8202486,1.3274633]]]},"clearanceHeight":1.7,"clearancePrepared":true},"geometry":{"type":"Polygon","coordinates":[[[103.8202342,1.3272942],[103.8202486,1.3274633],[103.8203197,1.3274572],[103.8203069,1.327288],[103.8202342,1.3272942]]]}},{"type":"Feature","id":"way/1050691520-0","properties":{"addr:city":"Singapore","addr:housenumber":"19","addr:street":"Tudor Close","building":"house","clearanceGeometry":{"type":"Polygon","coordinates":[[[103.8196145,1.3262346],[103.8195563,1.3262126],[103.8195028,1.3263541],[103.819606,1.3263931],[103.8196486,1.3262806],[103.8196145,1.3262346]]]},"clearanceHeight":1.7,"clearancePrepared":true},"geometry":{"type":"Polygon","coordinates":[[[103.8196486,1.3262806],[103.8196145,1.3262346],[103.8195563,1.3262126],[103.8195028,1.3263541],[103.819606,1.3263931],[103.8196486,1.3262806]]]}},{"type":"Feature","id":"way/1050691629-0","properties":{"addr:city":"Singapore","addr:housenumber":"77","addr:street":"Kheam Hock Road","building":"house","clearanceGeometry":{"type":"Polygon","coordinates":[[[103.819825,1.3286296],[103.8198617,1.3286204],[103.819847,1.3285619],[103.8196663,1.3286072],[103.8196875,1.3286921],[103.8198316,1.328656],[103.819825,1.3286296]]]},"clearanceHeight":1.7,"clearancePrepared":true},"geometry":{"type":"Polygon","coordinates":[[[103.8198316,1.328656],[103.819825,1.3286296],[103.8198617,1.3286204],[103.819847,1.3285619],[103.8196663,1.3286072],[103.8196875,1.3286921],[103.8198316,1.328656]]]}},{"type":"Feature","id":"way/1050691630-0","properties":{"addr:city":"Singapore","addr:housenumber":"79","addr:street":"Kheam Hock Road","building":"house","clearanceGeometry":{"type":"Polygon","coordinates":[[[103.8198793,1.3289607],[103.8198926,1.3289591],[103.8198937,1.3289688],[103.8199688,1.3289599],[103.8199553,1.3288458],[103.8199818,1.3288427],[103.8199725,1.3287642],[103.8199442,1.3287676],[103.8199415,1.3287443],[103.8198779,1.3287518],[103.8198773,1.3287474],[103.8198533,1.3287502],[103.8198569,1.328781],[103.8198369,1.3287833],[103.8198559,1.328944],[103.8198771,1.3289415],[103.8198793,1.3289607]]]},"clearanceHeight":1.7,"clearancePrepared":true},"geometry":{"type":"Polygon","coordinates":[[[103.8198771,1.3289415],[103.8198793,1.3289607],[103.8198926,1.3289591],[103.8198937,1.3289688],[103.8199688,1.3289599],[103.8199553,1.3288458],[103.8199818,1.3288427],[103.8199725,1.3287642],[103.8199442,1.3287676],[103.8199415,1.3287443],[103.8198779,1.3287518],[103.8198773,1.3287474],[103.8198533,1.3287502],[103.8198569,1.328781],[103.8198369,1.3287833],[103.8198559,1.328944],[103.8198771,1.3289415]]]}},{"type":"Feature","id":"way/1232836933-0","properties":{"addr:city":"Singapore","addr:housenumber":"85","addr:street":"Trevose Crescent","building":"house","clearanceGeometry":{"type":"Polygon","coordinates":[[[103.8211267,1.3273443],[103.8210408,1.3272012],[103.8209947,1.3272053],[103.8210023,1.3273841],[103.8210791,1.3273797],[103.8211267,1.3273443]]]},"clearanceHeight":1.7,"clearancePrepared":true},"geometry":{"type":"Polygon","coordinates":[[[103.8210791,1.3273797],[103.8211267,1.3273443],[103.8210408,1.3272012],[103.8209947,1.3272053],[103.8210023,1.3273841],[103.8210791,1.3273797]]]}},{"type":"Feature","id":"way/1232836934-0","properties":{"addr:city":"Singapore","addr:housenumber":"83","addr:street":"Trevose Crescent","building":"house","clearanceGeometry":{"type":"Polygon","coordinates":[[[103.8212246,1.3272847],[103.8211693,1.327191],[103.8210408,1.3272012],[103.8211267,1.3273443],[103.8212246,1.3272847]]]},"clearanceHeight":1.7,"clearancePrepared":true},"geometry":{"type":"Polygon","coordinates":[[[103.8211267,1.3273443],[103.8212246,1.3272847],[103.8211693,1.327191],[103.8210408,1.3272012],[103.8211267,1.3273443]]]}},{"type":"Feature","id":"way/1232836935-0","properties":{"addr:city":"Singapore","addr:housenumber":"87","addr:street":"Trevose Crescent","building":"house","clearanceGeometry":{"type":"Polygon","coordinates":[[[103.8209596,1.3272552],[103.8208756,1.327263],[103.8208872,1.3274107],[103.8209731,1.3274029],[103.8209596,1.3272552]]]},"clearanceHeight":1.7,"clearancePrepared":true},"geometry":{"type":"Polygon","coordinates":[[[103.8209731,1.3274029],[103.8209596,1.3272552],[103.8208756,1.327263],[103.8208872,1.3274107],[103.8209731,1.3274029]]]}},{"type":"Feature","id":"way/1232836936-0","properties":{"addr:city":"Singapore","addr:housenumber":"89","addr:street":"Trevose Crescent","building":"house","clearanceGeometry":{"type":"Polygon","coordinates":[[[103.8208872,1.3274107],[103.8208756,1.327263],[103.8208716,1.3272119],[103.8207618,1.3272205],[103.8207679,1.3272983],[103.8207932,1.3272964],[103.8208033,1.327425],[103.8208878,1.3274184],[103.8208872,1.3274107]]]},"clearanceHeight":1.7,"clearancePrepared":true},"geometry":{"type":"Polygon","coordinates":[[[103.8208878,1.3274184],[103.8208872,1.3274107],[103.8208756,1.327263],[103.8208716,1.3272119],[103.8207618,1.3272205],[103.8207679,1.3272983],[103.8207932,1.3272964],[103.8208033,1.327425],[103.8208878,1.3274184]]]}},{"type":"Feature","id":"way/1233205853-0","properties":{"addr:city":"Singapore","addr:housenumber":"2","addr:street":"Trevose Place","building":"house","clearanceGeometry":{"type":"Polygon","coordinates":[[[103.8212166,1.3276303],[103.8213418,1.3275565],[103.8213145,1.3275109],[103.8211797,1.3275915],[103.8212067,1.3276366],[103.8212166,1.3276303]]]},"clearanceHeight":1.7,"clearancePrepared":true},"geometry":{"type":"Polygon","coordinates":[[[103.8212067,1.3276366],[103.8212166,1.3276303],[103.8213418,1.3275565],[103.8213145,1.3275109],[103.8211797,1.3275915],[103.8212067,1.3276366]]]}},{"type":"Feature","id":"way/1233205854-0","properties":{"addr:city":"Singapore","addr:housenumber":"4","addr:street":"Trevose Place","building":"house","clearanceGeometry":{"type":"Polygon","coordinates":[[[103.8212635,1.3276727],[103.821382,1.3276029],[103.8213514,1.3275509],[103.8213418,1.3275565],[103.8212166,1.3276303],[103.8212472,1.3276823],[103.8212635,1.3276727]]]},"clearanceHeight":1.7,"clearancePrepared":true},"geometry":{"type":"Polygon","coordinates":[[[103.8212472,1.3276823],[103.8212635,1.3276727],[103.821382,1.3276029],[103.8213514,1.3275509],[103.8213418,1.3275565],[103.8212166,1.3276303],[103.8212472,1.3276823]]]}},{"type":"Feature","id":"way/1233205855-0","properties":{"addr:city":"Singapore","addr:housenumber":"6","addr:street":"Trevose Place","building":"house","clearanceGeometry":{"type":"Polygon","coordinates":[[[103.8213055,1.3277144],[103.8214546,1.3276286],[103.8214256,1.3275782],[103.821382,1.3276029],[103.8212635,1.3276727],[103.8212919,1.3277222],[103.8213055,1.3277144]]]},"clearanceHeight":1.7,"clearancePrepared":true},"geometry":{"type":"Polygon","coordinates":[[[103.8212919,1.3277222],[103.8213055,1.3277144],[103.8214546,1.3276286],[103.8214256,1.3275782],[103.821382,1.3276029],[103.8212635,1.3276727],[103.8212919,1.3277222]]]}},{"type":"Feature","id":"way/1233205856-0","properties":{"addr:city":"Singapore","addr:housenumber":"8","addr:street":"Trevose Place","building":"house","clearanceGeometry":{"type":"Polygon","coordinates":[[[103.8213451,1.3277568],[103.821502,1.3276684],[103.8214738,1.3276183],[103.8214546,1.3276286],[103.8213055,1.3277144],[103.8213331,1.3277635],[103.8213451,1.3277568]]]},"clearanceHeight":1.7,"clearancePrepared":true},"geometry":{"type":"Polygon","coordinates":[[[103.8213331,1.3277635],[103.8213451,1.3277568],[103.821502,1.3276684],[103.8214738,1.3276183],[103.8214546,1.3276286],[103.8213055,1.3277144],[103.8213331,1.3277635]]]}},{"type":"Feature","id":"way/1233205857-0","properties":{"addr:city":"Singapore","addr:housenumber":"10","addr:street":"Trevose Place","building":"house","clearanceGeometry":{"type":"Polygon","coordinates":[[[103.8213885,1.3277956],[103.8215512,1.327705],[103.8215241,1.3276563],[103.821502,1.3276684],[103.8213451,1.3277568],[103.8213719,1.3278049],[103.8213885,1.3277956]]]},"clearanceHeight":1.7,"clearancePrepared":true},"geometry":{"type":"Polygon","coordinates":[[[103.8213719,1.3278049],[103.8213885,1.3277956],[103.8215512,1.327705],[103.8215241,1.3276563],[103.821502,1.3276684],[103.8213451,1.3277568],[103.8213719,1.3278049]]]}},{"type":"Feature","id":"way/1233205858-0","properties":{"addr:city":"Singapore","addr:housenumber":"12","addr:street":"Trevose Place","building":"house","clearanceGeometry":{"type":"Polygon","coordinates":[[[103.8214812,1.3278007],[103.8214842,1.3278254],[103.8215982,1.3277875],[103.8216014,1.3277298],[103.8215892,1.3277354],[103.8215718,1.327696],[103.8215512,1.327705],[103.8213885,1.3277956],[103.821413,1.3278391],[103.8214812,1.3278007]]]},"clearanceHeight":1.7,"clearancePrepared":true},"geometry":{"type":"Polygon","coordinates":[[[103.821413,1.3278391],[103.8214812,1.3278007],[103.8214842,1.3278254],[103.8215982,1.3277875],[103.8216014,1.3277298],[103.8215892,1.3277354],[103.8215718,1.327696],[103.8215512,1.327705],[103.8213885,1.3277956],[103.821413,1.3278391]]]}},{"type":"Feature","id":"way/1233270196-0","properties":{"addr:city":"Singapore","addr:housenumber":"29A","addr:street":"Berrima Road","building":"house","clearanceGeometry":{"type":"Polygon","coordinates":[[[103.822593,1.3259987],[103.8225529,1.3257686],[103.8224598,1.3257848],[103.8224999,1.3260149],[103.822593,1.3259987]]]},"clearanceHeight":1.7,"clearancePrepared":true},"geometry":{"type":"Polygon","coordinates":[[[103.8224999,1.3260149],[103.822593,1.3259987],[103.8225529,1.3257686],[103.8224598,1.3257848],[103.8224999,1.3260149]]]}},{"type":"Feature","id":"way/1233270197-0","properties":{"addr:city":"Singapore","addr:housenumber":"29","addr:street":"Berrima Road","building":"house","clearanceGeometry":{"type":"Polygon","coordinates":[[[103.8226675,1.3258531],[103.8227039,1.3258468],[103.8226838,1.3257317],[103.8225617,1.325753],[103.8226039,1.3259942],[103.8226896,1.3259793],[103.8226675,1.3258531]]]},"clearanceHeight":1.7,"clearancePrepared":true},"geometry":{"type":"Polygon","coordinates":[[[103.8226896,1.3259793],[103.8226675,1.3258531],[103.8227039,1.3258468],[103.8226838,1.3257317],[103.8225617,1.325753],[103.8226039,1.3259942],[103.8226896,1.3259793]]]}},{"type":"Feature","id":"way/1233742756-0","properties":{"addr:city":"Singapore","addr:housenumber":"20","addr:street":"Tudor Close","building":"house","clearanceGeometry":{"type":"Polygon","coordinates":[[[103.8196922,1.3270201],[103.8196123,1.32701],[103.8195731,1.3273198],[103.8196529,1.32733],[103.8196922,1.3270201]]]},"clearanceHeight":1.7,"clearancePrepared":true},"geometry":{"type":"Polygon","coordinates":[[[103.8196529,1.32733],[103.8196922,1.3270201],[103.8196123,1.32701],[103.8195731,1.3273198],[103.8196529,1.32733]]]}},{"type":"Feature","id":"way/1233742757-0","properties":{"addr:city":"Singapore","addr:housenumber":"2","addr:street":"Tudor Close","building":"house","clearanceGeometry":{"type":"Polygon","coordinates":[[[103.8205069,1.3265579],[103.8204273,1.3265686],[103.820465,1.326856],[103.8205443,1.3268458],[103.8205069,1.3265579]]]},"clearanceHeight":1.7,"clearancePrepared":true},"geometry":{"type":"Polygon","coordinates":[[[103.8205443,1.3268458],[103.8205069,1.3265579],[103.8204273,1.3265686],[103.820465,1.326856],[103.8205443,1.3268458]]]}},{"type":"Feature","id":"way/1233742758-0","properties":{"addr:city":"Singapore","addr:housenumber":"4","addr:street":"Tudor Close","building":"house","clearanceGeometry":{"type":"Polygon","coordinates":[[[103.8203474,1.3265791],[103.8203851,1.3268665],[103.820465,1.326856],[103.8204273,1.3265686],[103.8203474,1.3265791]]]},"clearanceHeight":1.7,"clearancePrepared":true},"geometry":{"type":"Polygon","coordinates":[[[103.8204273,1.3265686],[103.8203474,1.3265791],[103.8203851,1.3268665],[103.820465,1.326856],[103.8204273,1.3265686]]]}},{"type":"Feature","id":"way/1233742759-0","properties":{"addr:city":"Singapore","addr:housenumber":"6","addr:street":"Tudor Close","building":"house","clearanceGeometry":{"type":"Polygon","coordinates":[[[103.8203377,1.3266683],[103.820266,1.3266758],[103.8202887,1.3268926],[103.8203604,1.3268851],[103.8203377,1.3266683]]]},"clearanceHeight":1.7,"clearancePrepared":true},"geometry":{"type":"Polygon","coordinates":[[[103.8203604,1.3268851],[103.8203377,1.3266683],[103.820266,1.3266758],[103.8202887,1.3268926],[103.8203604,1.3268851]]]}},{"type":"Feature","id":"way/1233742760-0","properties":{"addr:city":"Singapore","addr:housenumber":"8","addr:street":"Tudor Close","building":"house","clearanceGeometry":{"type":"Polygon","coordinates":[[[103.8201905,1.3266839],[103.8202122,1.3269007],[103.8202887,1.3268926],[103.820266,1.3266758],[103.8201905,1.3266839]]]},"clearanceHeight":1.7,"clearancePrepared":true},"geometry":{"type":"Polygon","coordinates":[[[103.820266,1.3266758],[103.8201905,1.3266839],[103.8202122,1.3269007],[103.8202887,1.3268926],[103.820266,1.3266758]]]}},{"type":"Feature","id":"way/1234336827-0","properties":{"addr:city":"Singapore","addr:country":"SG","addr:housenumber":"13B","addr:street":"Narooma Road","building":"house","clearanceGeometry":{"type":"Polygon","coordinates":[[[103.821752,1.3252298],[103.8214774,1.3252984],[103.821496,1.3253729],[103.8217706,1.3253043],[103.821752,1.3252298]]]},"clearanceHeight":1.7,"clearancePrepared":true},"geometry":{"type":"Polygon","coordinates":[[[103.8217706,1.3253043],[103.821752,1.3252298],[103.8214774,1.3252984],[103.821496,1.3253729],[103.8217706,1.3253043]]]}},{"type":"Feature","id":"way/1234336828-0","properties":{"addr:city":"Singapore","addr:country":"SG","addr:housenumber":"13A","addr:street":"Narooma Road","building":"house","clearanceGeometry":{"type":"Polygon","coordinates":[[[103.8217281,1.3251148],[103.8214465,1.3251834],[103.8214639,1.3252549],[103.8217455,1.3251864],[103.8217281,1.3251148]]]},"clearanceHeight":1.7,"clearancePrepared":true},"geometry":{"type":"Polygon","coordinates":[[[103.8217455,1.3251864],[103.8217281,1.3251148],[103.8214465,1.3251834],[103.8214639,1.3252549],[103.8217455,1.3251864]]]}},{"type":"Feature","id":"way/1234336829-0","properties":{"addr:city":"Singapore","addr:country":"SG","addr:housenumber":"13","addr:street":"Narooma Road","building":"house","clearanceGeometry":{"type":"Polygon","coordinates":[[[103.8217057,1.3250127],[103.8214267,1.3250789],[103.821443,1.3251475],[103.821722,1.3250813],[103.8217057,1.3250127]]]},"clearanceHeight":1.7,"clearancePrepared":true},"geometry":{"type":"Polygon","coordinates":[[[103.821722,1.3250813],[103.8217057,1.3250127],[103.8214267,1.3250789],[103.821443,1.3251475],[103.821722,1.3250813]]]}},{"type":"Feature","id":"way/1234344710-0","properties":{"building":"yes","operator":"SPPG","power":"substation","substation":"minor_distribution","clearanceGeometry":{"type":"Polygon","coordinates":[[[103.8196584,1.3267044],[103.8196011,1.326736],[103.8196438,1.3268135],[103.8197012,1.3267818],[103.8196584,1.3267044]]]},"clearanceHeight":1.7,"clearancePrepared":true},"geometry":{"type":"Polygon","coordinates":[[[103.8197012,1.3267818],[103.8196584,1.3267044],[103.8196011,1.326736],[103.8196438,1.3268135],[103.8197012,1.3267818]]]}},{"type":"Feature","id":"way/1239928172-0","properties":{"addr:city":"Singapore","addr:country":"SG","addr:housenumber":"18","addr:street":"Dalkeith Road","building":"house","clearanceGeometry":{"type":"Polygon","coordinates":[[[103.8229266,1.3252053],[103.822907,1.3251311],[103.8227031,1.3251852],[103.8227227,1.3252594],[103.8229266,1.3252053]]]},"clearanceHeight":1.7,"clearancePrepared":true},"geometry":{"type":"Polygon","coordinates":[[[103.8227227,1.3252594],[103.8229266,1.3252053],[103.822907,1.3251311],[103.8227031,1.3251852],[103.8227227,1.3252594]]]}},{"type":"Feature","id":"way/1239928173-0","properties":{"addr:city":"Singapore","addr:country":"SG","addr:housenumber":"18A","addr:street":"Dalkeith Road","building":"house","clearanceGeometry":{"type":"Polygon","coordinates":[[[103.8229484,1.3252865],[103.8229297,1.3252189],[103.8227293,1.325274],[103.8227479,1.3253416],[103.8229484,1.3252865]]]},"clearanceHeight":1.7,"clearancePrepared":true},"geometry":{"type":"Polygon","coordinates":[[[103.8227479,1.3253416],[103.8229484,1.3252865],[103.8229297,1.3252189],[103.8227293,1.325274],[103.8227479,1.3253416]]]}},{"type":"Feature","id":"way/1526676684-0","properties":{"building":"yes","clearanceGeometry":{"type":"Polygon","coordinates":[[[103.8197393,1.324862],[103.8196991,1.3248644],[103.8197032,1.3249316],[103.8197434,1.3249292],[103.8197393,1.324862]]]},"clearanceHeight":1.7,"clearancePrepared":true},"geometry":{"type":"Polygon","coordinates":[[[103.8197434,1.3249292],[103.8197393,1.324862],[103.8196991,1.3248644],[103.8197032,1.3249316],[103.8197434,1.3249292]]]}},{"type":"Feature","id":"node/8038589900","properties":{"highway":"crossing"},"geometry":{"type":"Point","coordinates":[103.8213135,1.3273784]}},{"type":"Feature","id":"node/11442255790","properties":{"highway":"crossing"},"geometry":{"type":"Point","coordinates":[103.8216989,1.3271174]}},{"type":"Feature","id":"node/11446004511","properties":{"highway":"crossing"},"geometry":{"type":"Point","coordinates":[103.8206478,1.3275141]}},{"type":"Feature","id":"node/11446004514","properties":{"highway":"crossing"},"geometry":{"type":"Point","coordinates":[103.8205056,1.326339]}},{"type":"Feature","id":"node/11446004525","properties":{"crossing:markings":"no","highway":"crossing","tactile_paving":"no"},"geometry":{"type":"Point","coordinates":[103.8203444,1.3279723]}},{"type":"Feature","id":"node/11446489409","properties":{"highway":"crossing"},"geometry":{"type":"Point","coordinates":[103.8215383,1.3268873]}},{"type":"Feature","id":"node/11451903747","properties":{"highway":"crossing"},"geometry":{"type":"Point","coordinates":[103.821031,1.3275904]}},{"type":"Feature","id":"node/11451903749","properties":{"highway":"crossing"},"geometry":{"type":"Point","coordinates":[103.8206809,1.327559]}},{"type":"Feature","id":"node/11451903757","properties":{"highway":"crossing"},"geometry":{"type":"Point","coordinates":[103.8202563,1.3281506]}},{"type":"Feature","id":"node/11483219688","properties":{"highway":"crossing"},"geometry":{"type":"Point","coordinates":[103.8232301,1.3269418]}},{"type":"Feature","id":"way/34206750-0-0-0","properties":{"highway":"residential","lanes":"2","lanes:backward":"1","lanes:forward":"1","lit":"yes","maxspeed":"40","name":"Kheam Hock Road","name:en":"Kheam Hock Road","name:zh":"\u8c26\u798f\u8def","sidewalk":"left","smoothness":"good","surface":"asphalt","startNodeId":"5136318220","endNodeId":"13352747610"},"geometry":{"type":"LineString","coordinates":[[103.8206541,1.3276712],[103.8206261,1.3277447]]}},{"type":"Feature","id":"way/34206750-0-1-0","properties":{"highway":"residential","lanes":"2","lanes:backward":"1","lanes:forward":"1","lit":"yes","maxspeed":"40","name":"Kheam Hock Road","name:en":"Kheam Hock Road","name:zh":"\u8c26\u798f\u8def","sidewalk":"left","smoothness":"good","surface":"asphalt","startNodeId":"13352747610","endNodeId":"392295926"},"geometry":{"type":"LineString","coordinates":[[103.8206261,1.3277447],[103.820587,1.3278073]]}},{"type":"Feature","id":"way/34206750-0-2-0","properties":{"highway":"residential","lanes":"2","lanes:backward":"1","lanes:forward":"1","lit":"yes","maxspeed":"40","name":"Kheam Hock Road","name:en":"Kheam Hock Road","name:zh":"\u8c26\u798f\u8def","sidewalk":"left","smoothness":"good","surface":"asphalt","startNodeId":"392295926","endNodeId":"392295927"},"geometry":{"type":"LineString","coordinates":[[103.820587,1.3278073],[103.8203729,1.3279931]]}},{"type":"Feature","id":"way/34206751-0-0-0","properties":{"highway":"residential","lanes":"2","lanes:backward":"1","lanes:forward":"1","maxspeed":"50","name":"Trevose Crescent","name:zh":"\u7279\u5229\u534e\u58eb\u5f2f","surface":"asphalt","startNodeId":"392295966","endNodeId":"8038589907"},"geometry":{"type":"LineString","coordinates":[[103.8217237,1.327153],[103.8218786,1.3270686]]}},{"type":"Feature","id":"way/34206751-0-1-0","properties":{"highway":"residential","lanes":"2","lanes:backward":"1","lanes:forward":"1","maxspeed":"50","name":"Trevose Crescent","name:zh":"\u7279\u5229\u534e\u58eb\u5f2f","surface":"asphalt","startNodeId":"8038589907","endNodeId":"11459118887"},"geometry":{"type":"LineString","coordinates":[[103.8218786,1.3270686],[103.8221899,1.3268939]]}},{"type":"Feature","id":"way/34206751-0-2-0","properties":{"highway":"residential","lanes":"2","lanes:backward":"1","lanes:forward":"1","maxspeed":"50","name":"Trevose Crescent","name:zh":"\u7279\u5229\u534e\u58eb\u5f2f","surface":"asphalt","startNodeId":"11459118887","endNodeId":"392295938"},"geometry":{"type":"LineString","coordinates":[[103.8221899,1.3268939],[103.8222799,1.3268496]]}},{"type":"Feature","id":"way/34206751-0-3-0","properties":{"highway":"residential","lanes":"2","lanes:backward":"1","lanes:forward":"1","maxspeed":"50","name":"Trevose Crescent","name:zh":"\u7279\u5229\u534e\u58eb\u5f2f","surface":"asphalt","startNodeId":"392295938","endNodeId":"6793738925"},"geometry":{"type":"LineString","coordinates":[[103.8222799,1.3268496],[103.822369,1.3268291]]}},{"type":"Feature","id":"way/34206751-0-4-0","properties":{"highway":"residential","lanes":"2","lanes:backward":"1","lanes:forward":"1","maxspeed":"50","name":"Trevose Crescent","name:zh":"\u7279\u5229\u534e\u58eb\u5f2f","surface":"asphalt","startNodeId":"6793738925","endNodeId":"392295939"},"geometry":{"type":"LineString","coordinates":[[103.822369,1.3268291],[103.8224902,1.3268527]]}},{"type":"Feature","id":"way/34206751-0-5-0","properties":{"highway":"residential","lanes":"2","lanes:backward":"1","lanes:forward":"1","maxspeed":"50","name":"Trevose Crescent","name:zh":"\u7279\u5229\u534e\u58eb\u5f2f","surface":"asphalt","startNodeId":"392295939","endNodeId":"11459118888"},"geometry":{"type":"LineString","coordinates":[[103.8224902,1.3268527],[103.8226744,1.3269049]]}},{"type":"Feature","id":"way/34206751-0-6-0","properties":{"highway":"residential","lanes":"2","lanes:backward":"1","lanes:forward":"1","maxspeed":"50","name":"Trevose Crescent","name:zh":"\u7279\u5229\u534e\u58eb\u5f2f","surface":"asphalt","startNodeId":"11459118888","endNodeId":"6793738924"},"geometry":{"type":"LineString","coordinates":[[103.8226744,1.3269049],[103.8228978,1.3269681]]}},{"type":"Feature","id":"way/34206751-0-7-0","properties":{"highway":"residential","lanes":"2","lanes:backward":"1","lanes:forward":"1","maxspeed":"50","name":"Trevose Crescent","name:zh":"\u7279\u5229\u534e\u58eb\u5f2f","surface":"asphalt","startNodeId":"6793738924","endNodeId":"6793738923"},"geometry":{"type":"LineString","coordinates":[[103.8228978,1.3269681],[103.8229442,1.3269794]]}},{"type":"Feature","id":"way/34206751-0-8-0","properties":{"highway":"residential","lanes":"2","lanes:backward":"1","lanes:forward":"1","maxspeed":"50","name":"Trevose Crescent","name:zh":"\u7279\u5229\u534e\u58eb\u5f2f","surface":"asphalt","startNodeId":"6793738923","endNodeId":"392295940"},"geometry":{"type":"LineString","coordinates":[[103.8229442,1.3269794],[103.8229991,1.3269809]]}},{"type":"Feature","id":"way/34206751-0-9-0","properties":{"highway":"residential","lanes":"2","lanes:backward":"1","lanes:forward":"1","maxspeed":"50","name":"Trevose Crescent","name:zh":"\u7279\u5229\u534e\u58eb\u5f2f","surface":"asphalt","startNodeId":"392295940","endNodeId":"11459118893"},"geometry":{"type":"LineString","coordinates":[[103.8229991,1.3269809],[103.8231975,1.3269488]]}},{"type":"Feature","id":"way/34206751-0-10-0","properties":{"highway":"residential","lanes":"2","lanes:backward":"1","lanes:forward":"1","maxspeed":"50","name":"Trevose Crescent","name:zh":"\u7279\u5229\u534e\u58eb\u5f2f","surface":"asphalt","startNodeId":"11459118893","endNodeId":"11483219688"},"geometry":{"type":"LineString","coordinates":[[103.8231975,1.3269488],[103.8232301,1.3269418]]}},{"type":"Feature","id":"way/34206751-0-11-0","properties":{"highway":"residential","lanes":"2","lanes:backward":"1","lanes:forward":"1","maxspeed":"50","name":"Trevose Crescent","name:zh":"\u7279\u5229\u534e\u58eb\u5f2f","surface":"asphalt","startNodeId":"11483219688","endNodeId":"392295941"},"geometry":{"type":"LineString","coordinates":[[103.8232301,1.3269418],[103.8232979,1.3269274]]}},{"type":"Feature","id":"way/34206751-0-12-0","properties":{"highway":"residential","lanes":"2","lanes:backward":"1","lanes:forward":"1","maxspeed":"50","name":"Trevose Crescent","name:zh":"\u7279\u5229\u534e\u58eb\u5f2f","surface":"asphalt","startNodeId":"392295941","endNodeId":"11459118895"},"geometry":{"type":"LineString","coordinates":[[103.8232979,1.3269274],[103.8234034,1.3268922]]}},{"type":"Feature","id":"way/34206751-0-13-0","properties":{"highway":"residential","lanes":"2","lanes:backward":"1","lanes:forward":"1","maxspeed":"50","name":"Trevose Crescent","name:zh":"\u7279\u5229\u534e\u58eb\u5f2f","surface":"asphalt","startNodeId":"11459118895","endNodeId":"11459118896"},"geometry":{"type":"LineString","coordinates":[[103.8234034,1.3268922],[103.8236076,1.3268239]]}},{"type":"Feature","id":"way/34206751-0-14-0","properties":{"highway":"residential","lanes":"2","lanes:backward":"1","lanes:forward":"1","maxspeed":"50","name":"Trevose Crescent","name:zh":"\u7279\u5229\u534e\u58eb\u5f2f","surface":"asphalt","startNodeId":"11459118896","endNodeId":"392295942"},"geometry":{"type":"LineString","coordinates":[[103.8236076,1.3268239],[103.8237236,1.3267852]]}},{"type":"Feature","id":"way/34206751-0-15-0","properties":{"highway":"residential","lanes":"2","lanes:backward":"1","lanes:forward":"1","maxspeed":"50","name":"Trevose Crescent","name:zh":"\u7279\u5229\u534e\u58eb\u5f2f","surface":"asphalt","startNodeId":"392295942","endNodeId":"11459118898"},"geometry":{"type":"LineString","coordinates":[[103.8237236,1.3267852],[103.8237787,1.3267481]]}},{"type":"Feature","id":"way/34206751-0-16-0","properties":{"highway":"residential","lanes":"2","lanes:backward":"1","lanes:forward":"1","maxspeed":"50","name":"Trevose Crescent","name:zh":"\u7279\u5229\u534e\u58eb\u5f2f","surface":"asphalt","startNodeId":"11459118898","endNodeId":"11459118902"},"geometry":{"type":"LineString","coordinates":[[103.8237787,1.3267481],[103.8238188,1.326721]]}},{"type":"Feature","id":"way/34206751-0-17-0","properties":{"highway":"residential","lanes":"2","lanes:backward":"1","lanes:forward":"1","maxspeed":"50","name":"Trevose Crescent","name:zh":"\u7279\u5229\u534e\u58eb\u5f2f","surface":"asphalt","startNodeId":"11459118902","endNodeId":"11459118901"},"geometry":{"type":"LineString","coordinates":[[103.8238188,1.326721],[103.8239924,1.3266041]]}},{"type":"Feature","id":"way/34206751-0-18-0","properties":{"highway":"residential","lanes":"2","lanes:backward":"1","lanes:forward":"1","maxspeed":"50","name":"Trevose Crescent","name:zh":"\u7279\u5229\u534e\u58eb\u5f2f","surface":"asphalt","startNodeId":"11459118901","endNodeId":"392295943"},"geometry":{"type":"LineString","coordinates":[[103.8239924,1.3266041],[103.8240119,1.326591]]}},{"type":"Feature","id":"way/34206753-0-3-0","properties":{"highway":"residential","lanes":"2","lanes:backward":"1","lanes:forward":"1","maxspeed":"50","name":"Camborne Road","name:en":"Camborne Road","name:zh":"\u80af\u8499\u8def","surface":"asphalt","startNodeId":"11446489429","endNodeId":"11446489426"},"geometry":{"type":"LineString","coordinates":[[103.8209219,1.3244021],[103.8210207,1.3248761]]}},{"type":"Feature","id":"way/34206753-0-4-0","properties":{"highway":"residential","lanes":"2","lanes:backward":"1","lanes:forward":"1","maxspeed":"50","name":"Camborne Road","name:en":"Camborne Road","name:zh":"\u80af\u8499\u8def","surface":"asphalt","startNodeId":"11446489426","endNodeId":"392295962"},"geometry":{"type":"LineString","coordinates":[[103.8210207,1.3248761],[103.8210911,1.3252136]]}},{"type":"Feature","id":"way/34206753-0-5-0","properties":{"highway":"residential","lanes":"2","lanes:backward":"1","lanes:forward":"1","maxspeed":"50","name":"Camborne Road","name:en":"Camborne Road","name:zh":"\u80af\u8499\u8def","surface":"asphalt","startNodeId":"392295962","endNodeId":"392295963"},"geometry":{"type":"LineString","coordinates":[[103.8210911,1.3252136],[103.8211516,1.3256248]]}},{"type":"Feature","id":"way/34206753-0-6-0","properties":{"highway":"residential","lanes":"2","lanes:backward":"1","lanes:forward":"1","maxspeed":"50","name":"Camborne Road","name:en":"Camborne Road","name:zh":"\u80af\u8499\u8def","surface":"asphalt","startNodeId":"392295963","endNodeId":"11446489425"},"geometry":{"type":"LineString","coordinates":[[103.8211516,1.3256248],[103.821153,1.3256389]]}},{"type":"Feature","id":"way/34206753-0-7-0","properties":{"highway":"residential","lanes":"2","lanes:backward":"1","lanes:forward":"1","maxspeed":"50","name":"Camborne Road","name:en":"Camborne Road","name:zh":"\u80af\u8499\u8def","surface":"asphalt","startNodeId":"11446489425","endNodeId":"11446489422"},"geometry":{"type":"LineString","coordinates":[[103.821153,1.3256389],[103.821188,1.3259828]]}},{"type":"Feature","id":"way/34206753-0-8-0","properties":{"highway":"residential","lanes":"2","lanes:backward":"1","lanes:forward":"1","maxspeed":"50","name":"Camborne Road","name:en":"Camborne Road","name:zh":"\u80af\u8499\u8def","surface":"asphalt","startNodeId":"11446489422","endNodeId":"392295964"},"geometry":{"type":"LineString","coordinates":[[103.821188,1.3259828],[103.8212289,1.326386]]}},{"type":"Feature","id":"way/34206753-0-9-0","properties":{"highway":"residential","lanes":"2","lanes:backward":"1","lanes:forward":"1","maxspeed":"50","name":"Camborne Road","name:en":"Camborne Road","name:zh":"\u80af\u8499\u8def","surface":"asphalt","startNodeId":"392295964","endNodeId":"11442255792"},"geometry":{"type":"LineString","coordinates":[[103.8212289,1.326386],[103.8213247,1.3265791]]}},{"type":"Feature","id":"way/34206753-0-10-0","properties":{"highway":"residential","lanes":"2","lanes:backward":"1","lanes:forward":"1","maxspeed":"50","name":"Camborne Road","name:en":"Camborne Road","name:zh":"\u80af\u8499\u8def","surface":"asphalt","startNodeId":"11442255792","endNodeId":"392295965"},"geometry":{"type":"LineString","coordinates":[[103.8213247,1.3265791],[103.8213285,1.3265867]]}},{"type":"Feature","id":"way/34206754-0-0-0","properties":{"highway":"residential","lanes":"2","lanes:backward":"1","lanes:forward":"1","maxspeed":"50","name":"Berrima Road","name:en":"Berrima Road","name:zh":"\u67cf\u91cc\u739b\u8def","surface":"asphalt","startNodeId":"392295968","endNodeId":"392295969"},"geometry":{"type":"LineString","coordinates":[[103.8220141,1.3263047],[103.8224407,1.3261613]]}},{"type":"Feature","id":"way/34206754-0-1-0","properties":{"highway":"residential","lanes":"2","lanes:backward":"1","lanes:forward":"1","maxspeed":"50","name":"Berrima Road","name:en":"Berrima Road","name:zh":"\u67cf\u91cc\u739b\u8def","surface":"asphalt","startNodeId":"392295969","endNodeId":"5175531236"},"geometry":{"type":"LineString","coordinates":[[103.8224407,1.3261613],[103.8225304,1.3261432]]}},{"type":"Feature","id":"way/34206754-0-2-0","properties":{"highway":"residential","lanes":"2","lanes:backward":"1","lanes:forward":"1","maxspeed":"50","name":"Berrima Road","name:en":"Berrima Road","name:zh":"\u67cf\u91cc\u739b\u8def","surface":"asphalt","startNodeId":"5175531236","endNodeId":"5175531235"},"geometry":{"type":"LineString","coordinates":[[103.8225304,1.3261432],[103.8226097,1.3261421]]}},{"type":"Feature","id":"way/34206754-0-3-0","properties":{"highway":"residential","lanes":"2","lanes:backward":"1","lanes:forward":"1","maxspeed":"50","name":"Berrima Road","name:en":"Berrima Road","name:zh":"\u67cf\u91cc\u739b\u8def","surface":"asphalt","startNodeId":"5175531235","endNodeId":"8122780054"},"geometry":{"type":"LineString","coordinates":[[103.8226097,1.3261421],[103.822699,1.3261568]]}},{"type":"Feature","id":"way/34206754-0-4-0","properties":{"highway":"residential","lanes":"2","lanes:backward":"1","lanes:forward":"1","maxspeed":"50","name":"Berrima Road","name:en":"Berrima Road","name:zh":"\u67cf\u91cc\u739b\u8def","surface":"asphalt","startNodeId":"8122780054","endNodeId":"392295970"},"geometry":{"type":"LineString","coordinates":[[103.822699,1.3261568],[103.8227266,1.3261614]]}},{"type":"Feature","id":"way/34206754-0-5-0","properties":{"highway":"residential","lanes":"2","lanes:backward":"1","lanes:forward":"1","maxspeed":"50","name":"Berrima Road","name:en":"Berrima Road","name:zh":"\u67cf\u91cc\u739b\u8def","surface":"asphalt","startNodeId":"392295970","endNodeId":"392295971"},"geometry":{"type":"LineString","coordinates":[[103.8227266,1.3261614],[103.8229695,1.326195]]}},{"type":"Feature","id":"way/34206754-0-6-0","properties":{"highway":"residential","lanes":"2","lanes:backward":"1","lanes:forward":"1","maxspeed":"50","name":"Berrima Road","name:en":"Berrima Road","name:zh":"\u67cf\u91cc\u739b\u8def","surface":"asphalt","startNodeId":"392295971","endNodeId":"5175531234"},"geometry":{"type":"LineString","coordinates":[[103.8229695,1.326195],[103.8230498,1.3261879]]}},{"type":"Feature","id":"way/34206754-0-7-0","properties":{"highway":"residential","lanes":"2","lanes:backward":"1","lanes:forward":"1","maxspeed":"50","name":"Berrima Road","name:en":"Berrima Road","name:zh":"\u67cf\u91cc\u739b\u8def","surface":"asphalt","startNodeId":"5175531234","endNodeId":"5175531233"},"geometry":{"type":"LineString","coordinates":[[103.8230498,1.3261879],[103.8231026,1.3261818]]}},{"type":"Feature","id":"way/34206754-0-8-0","properties":{"highway":"residential","lanes":"2","lanes:backward":"1","lanes:forward":"1","maxspeed":"50","name":"Berrima Road","name:en":"Berrima Road","name:zh":"\u67cf\u91cc\u739b\u8def","surface":"asphalt","startNodeId":"5175531233","endNodeId":"5175531231"},"geometry":{"type":"LineString","coordinates":[[103.8231026,1.3261818],[103.8234148,1.3260812]]}},{"type":"Feature","id":"way/34206754-0-9-0","properties":{"highway":"residential","lanes":"2","lanes:backward":"1","lanes:forward":"1","maxspeed":"50","name":"Berrima Road","name:en":"Berrima Road","name:zh":"\u67cf\u91cc\u739b\u8def","surface":"asphalt","startNodeId":"5175531231","endNodeId":"5175531232"},"geometry":{"type":"LineString","coordinates":[[103.8234148,1.3260812],[103.8234666,1.3260548]]}},{"type":"Feature","id":"way/34206754-0-10-0","properties":{"highway":"residential","lanes":"2","lanes:backward":"1","lanes:forward":"1","maxspeed":"50","name":"Berrima Road","name:en":"Berrima Road","name:zh":"\u67cf\u91cc\u739b\u8def","surface":"asphalt","startNodeId":"5175531232","endNodeId":"392295972"},"geometry":{"type":"LineString","coordinates":[[103.8234666,1.3260548],[103.8235062,1.326008]]}},{"type":"Feature","id":"way/34206754-0-11-0","properties":{"highway":"residential","lanes":"2","lanes:backward":"1","lanes:forward":"1","maxspeed":"50","name":"Berrima Road","name:en":"Berrima Road","name:zh":"\u67cf\u91cc\u739b\u8def","surface":"asphalt","startNodeId":"392295972","endNodeId":"8105619583"},"geometry":{"type":"LineString","coordinates":[[103.8235062,1.326008],[103.8237024,1.3256944]]}},{"type":"Feature","id":"way/34206754-0-12-0","properties":{"highway":"residential","lanes":"2","lanes:backward":"1","lanes:forward":"1","maxspeed":"50","name":"Berrima Road","name:en":"Berrima Road","name:zh":"\u67cf\u91cc\u739b\u8def","surface":"asphalt","startNodeId":"8105619583","endNodeId":"392295973"},"geometry":{"type":"LineString","coordinates":[[103.8237024,1.3256944],[103.823801,1.3255389]]}},{"type":"Feature","id":"way/34206755-0-2-0","properties":{"highway":"residential","lanes":"2","lanes:backward":"1","lanes:forward":"1","maxspeed":"50","name":"Narooma Road","name:en":"Narooma Road","name:zh":"\u90a3\u9c81\u9a6c\u8def","sidewalk":"left","surface":"asphalt","startNodeId":"8122780059","endNodeId":"11456001208"},"geometry":{"type":"LineString","coordinates":[[103.8216606,1.3243184],[103.8217389,1.3246801]]}},{"type":"Feature","id":"way/34206755-0-3-0","properties":{"highway":"residential","lanes":"2","lanes:backward":"1","lanes:forward":"1","maxspeed":"50","name":"Narooma Road","name:en":"Narooma Road","name:zh":"\u90a3\u9c81\u9a6c\u8def","sidewalk":"left","surface":"asphalt","startNodeId":"11456001208","endNodeId":"8122780057"},"geometry":{"type":"LineString","coordinates":[[103.8217389,1.3246801],[103.8217497,1.3247302]]}},{"type":"Feature","id":"way/34206755-0-4-0","properties":{"highway":"residential","lanes":"2","lanes:backward":"1","lanes:forward":"1","maxspeed":"50","name":"Narooma Road","name:en":"Narooma Road","name:zh":"\u90a3\u9c81\u9a6c\u8def","sidewalk":"left","surface":"asphalt","startNodeId":"8122780057","endNodeId":"11456001183"},"geometry":{"type":"LineString","coordinates":[[103.8217497,1.3247302],[103.8217982,1.3249542]]}},{"type":"Feature","id":"way/34206755-0-5-0","properties":{"highway":"residential","lanes":"2","lanes:backward":"1","lanes:forward":"1","maxspeed":"50","name":"Narooma Road","name:en":"Narooma Road","name:zh":"\u90a3\u9c81\u9a6c\u8def","sidewalk":"left","surface":"asphalt","startNodeId":"11456001183","endNodeId":"392295982"},"geometry":{"type":"LineString","coordinates":[[103.8217982,1.3249542],[103.8218419,1.325156]]}},{"type":"Feature","id":"way/34206755-0-6-0","properties":{"highway":"residential","lanes":"2","lanes:backward":"1","lanes:forward":"1","maxspeed":"50","name":"Narooma Road","name:en":"Narooma Road","name:zh":"\u90a3\u9c81\u9a6c\u8def","sidewalk":"left","surface":"asphalt","startNodeId":"392295982","endNodeId":"6053905752"},"geometry":{"type":"LineString","coordinates":[[103.8218419,1.325156],[103.8218572,1.3252582]]}},{"type":"Feature","id":"way/34206756-0-1-1","properties":{"highway":"residential","lanes":"2","lanes:backward":"1","lanes:forward":"1","maxspeed":"50","name":"Dalkeith Road","name:en":"Dalkeith Road","name:zh":"\u8fbe\u5c14\u57fa\u8def","surface":"asphalt","startNodeId":"way/34206756-0:1:1","endNodeId":"392295987"},"geometry":{"type":"LineString","coordinates":[[103.8223201,1.3242151],[103.8226166,1.3253868]]}},{"type":"Feature","id":"way/34206756-0-2-0","properties":{"highway":"residential","lanes":"2","lanes:backward":"1","lanes:forward":"1","maxspeed":"50","name":"Dalkeith Road","name:en":"Dalkeith Road","name:zh":"\u8fbe\u5c14\u57fa\u8def","surface":"asphalt","startNodeId":"392295987","endNodeId":"5118286383"},"geometry":{"type":"LineString","coordinates":[[103.8226166,1.3253868],[103.8226357,1.325405]]}},{"type":"Feature","id":"way/34206756-0-3-0","properties":{"highway":"residential","lanes":"2","lanes:backward":"1","lanes:forward":"1","maxspeed":"50","name":"Dalkeith Road","name:en":"Dalkeith Road","name:zh":"\u8fbe\u5c14\u57fa\u8def","surface":"asphalt","startNodeId":"5118286383","endNodeId":"5118286382"},"geometry":{"type":"LineString","coordinates":[[103.8226357,1.325405],[103.8226645,1.3254252]]}},{"type":"Feature","id":"way/34206756-0-4-0","properties":{"highway":"residential","lanes":"2","lanes:backward":"1","lanes:forward":"1","maxspeed":"50","name":"Dalkeith Road","name:en":"Dalkeith Road","name:zh":"\u8fbe\u5c14\u57fa\u8def","surface":"asphalt","startNodeId":"5118286382","endNodeId":"392295988"},"geometry":{"type":"LineString","coordinates":[[103.8226645,1.3254252],[103.8227049,1.3254274]]}},{"type":"Feature","id":"way/34206756-0-5-0","properties":{"highway":"residential","lanes":"2","lanes:backward":"1","lanes:forward":"1","maxspeed":"50","name":"Dalkeith Road","name:en":"Dalkeith Road","name:zh":"\u8fbe\u5c14\u57fa\u8def","surface":"asphalt","startNodeId":"392295988","endNodeId":"8123153020"},"geometry":{"type":"LineString","coordinates":[[103.8227049,1.3254274],[103.8233314,1.3252947]]}},{"type":"Feature","id":"way/34206756-0-6-0","properties":{"highway":"residential","lanes":"2","lanes:backward":"1","lanes:forward":"1","maxspeed":"50","name":"Dalkeith Road","name:en":"Dalkeith Road","name:zh":"\u8fbe\u5c14\u57fa\u8def","surface":"asphalt","startNodeId":"8123153020","endNodeId":"8099951512"},"geometry":{"type":"LineString","coordinates":[[103.8233314,1.3252947],[103.8233559,1.3252895]]}},{"type":"Feature","id":"way/34206756-0-7-0","properties":{"highway":"residential","lanes":"2","lanes:backward":"1","lanes:forward":"1","maxspeed":"50","name":"Dalkeith Road","name:en":"Dalkeith Road","name:zh":"\u8fbe\u5c14\u57fa\u8def","surface":"asphalt","startNodeId":"8099951512","endNodeId":"392295989"},"geometry":{"type":"LineString","coordinates":[[103.8233559,1.3252895],[103.8233863,1.3252831]]}},{"type":"Feature","id":"way/34206757-0-0-0","properties":{"highway":"residential","lanes":"2","lanes:backward":"1","lanes:forward":"1","maxspeed":"50","name":"Harlyn Road","name:en":"Harlyn Road","name:zh":"\u54c8\u6797\u8def","surface":"asphalt","startNodeId":"392295989","endNodeId":"8099951509"},"geometry":{"type":"LineString","coordinates":[[103.8233863,1.3252831],[103.8237582,1.3255134]]}},{"type":"Feature","id":"way/34206757-0-1-0","properties":{"highway":"residential","lanes":"2","lanes:backward":"1","lanes:forward":"1","maxspeed":"50","name":"Harlyn Road","name:en":"Harlyn Road","name:zh":"\u54c8\u6797\u8def","surface":"asphalt","startNodeId":"8099951509","endNodeId":"392295973"},"geometry":{"type":"LineString","coordinates":[[103.8237582,1.3255134],[103.823801,1.3255389]]}},{"type":"Feature","id":"way/34206758-0-0-0","properties":{"highway":"residential","lanes":"2","lanes:backward":"1","lanes:forward":"1","maxspeed":"50","name":"Trevose Place","name:zh":"\u7279\u5229\u534e\u58eb\u574a","surface":"asphalt","startNodeId":"392295995","endNodeId":"11451903747"},"geometry":{"type":"LineString","coordinates":[[103.8209919,1.3275288],[103.821031,1.3275904]]}},{"type":"Feature","id":"way/34206758-0-1-0","properties":{"highway":"residential","lanes":"2","lanes:backward":"1","lanes:forward":"1","maxspeed":"50","name":"Trevose Place","name:zh":"\u7279\u5229\u534e\u58eb\u574a","surface":"asphalt","startNodeId":"11451903747","endNodeId":"392295996"},"geometry":{"type":"LineString","coordinates":[[103.821031,1.3275904],[103.8212501,1.3278298]]}},{"type":"Feature","id":"way/34206767-0-0-0","properties":{"highway":"service","surface":"asphalt","startNodeId":"392296034","endNodeId":"392296035"},"geometry":{"type":"LineString","coordinates":[[103.8231654,1.3276619],[103.8231782,1.3275748]]}},{"type":"Feature","id":"way/34206767-0-1-0","properties":{"highway":"service","surface":"asphalt","startNodeId":"392296035","endNodeId":"392296036"},"geometry":{"type":"LineString","coordinates":[[103.8231782,1.3275748],[103.8231696,1.3274615]]}},{"type":"Feature","id":"way/34206768-0-0-0","properties":{"highway":"service","surface":"asphalt","startNodeId":"392296037","endNodeId":"392296038"},"geometry":{"type":"LineString","coordinates":[[103.8237863,1.3276193],[103.8239,1.3278433]]}},{"type":"Feature","id":"way/34206769-0-0-0","properties":{"highway":"service","surface":"asphalt","startNodeId":"392296005","endNodeId":"392296040"},"geometry":{"type":"LineString","coordinates":[[103.8238958,1.3275589],[103.823651,1.3271945]]}},{"type":"Feature","id":"way/34206771-0-0-0","properties":{"highway":"service","lane_markings":"no","maxspeed":"40","name":"Kheam Hock Road","surface":"asphalt","startNodeId":"392295927","endNodeId":"11446004525"},"geometry":{"type":"LineString","coordinates":[[103.8203729,1.3279931],[103.8203444,1.3279723]]}},{"type":"Feature","id":"way/34206771-0-1-0","properties":{"highway":"service","lane_markings":"no","maxspeed":"40","name":"Kheam Hock Road","surface":"asphalt","startNodeId":"11446004525","endNodeId":"392296044"},"geometry":{"type":"LineString","coordinates":[[103.8203444,1.3279723],[103.8199471,1.3276783]]}},{"type":"Feature","id":"way/34206776-0-0-0","properties":{"highway":"residential","lanes":"2","lanes:backward":"1","lanes:forward":"1","maxspeed":"40","name":"Tudor Close","name:zh":"\u90fd\u5fb7\u5f04","surface":"asphalt","startNodeId":"6991389530","endNodeId":"392296063"},"geometry":{"type":"LineString","coordinates":[[103.8200275,1.3266625],[103.8198383,1.326791]]}},{"type":"Feature","id":"way/34206776-0-1-0","properties":{"highway":"residential","lanes":"2","lanes:backward":"1","lanes:forward":"1","maxspeed":"40","name":"Tudor Close","name:zh":"\u90fd\u5fb7\u5f04","surface":"asphalt","startNodeId":"392296063","endNodeId":"8039421930"},"geometry":{"type":"LineString","coordinates":[[103.8198383,1.326791],[103.8196678,1.3268836]]}},{"type":"Feature","id":"way/75525381-0-1-0","properties":{"highway":"motorway","lanes":"4","lit":"yes","maxspeed":"80","name":"Pan-Island Expressway","name:en":"Pan-Island Expressway","name:ms":"Lebuhraya Rentas Pulau","name:ta":"\u0ba4\u0bc0\u0bb5\u0bc1 \u0bb5\u0bbf\u0bb0\u0bc8\u0bb5\u0bc1\u0b9a\u0bcd\u0b9a\u0bbe\u0bb2\u0bc8","name:zh":"\u6cdb\u5c9b\u9ad8\u901f\u516c\u8def","oneway":"yes","ref":"PIE","short_name:ta":"\u0baa\u0bbf\u0b90\u0b87","surface":"asphalt","wikidata":"Q1585650","wikipedia":"en:Pan Island Expressway","startNodeId":"139655358","endNodeId":"139655379"},"geometry":{"type":"LineString","coordinates":[[103.8241863,1.3284604],[103.8238219,1.3287223]]}},{"type":"Feature","id":"way/75525381-0-2-0","properties":{"highway":"motorway","lanes":"4","lit":"yes","maxspeed":"80","name":"Pan-Island Expressway","name:en":"Pan-Island Expressway","name:ms":"Lebuhraya Rentas Pulau","name:ta":"\u0ba4\u0bc0\u0bb5\u0bc1 \u0bb5\u0bbf\u0bb0\u0bc8\u0bb5\u0bc1\u0b9a\u0bcd\u0b9a\u0bbe\u0bb2\u0bc8","name:zh":"\u6cdb\u5c9b\u9ad8\u901f\u516c\u8def","oneway":"yes","ref":"PIE","short_name:ta":"\u0baa\u0bbf\u0b90\u0b87","surface":"asphalt","wikidata":"Q1585650","wikipedia":"en:Pan Island Expressway","startNodeId":"139655379","endNodeId":"139655400"},"geometry":{"type":"LineString","coordinates":[[103.8238219,1.3287223],[103.8232581,1.3290412]]}},{"type":"Feature","id":"way/76802277-0-0-0","properties":{"highway":"residential","lanes":"2","lanes:backward":"1","lanes:forward":"1","maxspeed":"50","name":"Harlyn Road","name:en":"Harlyn Road","name:zh":"\u54c8\u6797\u8def","surface":"asphalt","startNodeId":"392295989","endNodeId":"8654345776"},"geometry":{"type":"LineString","coordinates":[[103.8233863,1.3252831],[103.8232215,1.324629]]}},{"type":"Feature","id":"way/76802277-0-1-0","properties":{"highway":"residential","lanes":"2","lanes:backward":"1","lanes:forward":"1","maxspeed":"50","name":"Harlyn Road","name:en":"Harlyn Road","name:zh":"\u54c8\u6797\u8def","surface":"asphalt","startNodeId":"8654345776","endNodeId":"392295990"},"geometry":{"type":"LineString","coordinates":[[103.8232215,1.324629],[103.8232085,1.3245775]]}},{"type":"Feature","id":"way/464804561-0-0-0","properties":{"highway":"service","lanes":"2","lanes:backward":"1","lanes:forward":"1","maxspeed":"40","name":"Kheam Hock Road","name:en":"Kheam Hock Road","name:zh":"\u8c26\u798f\u8def","surface":"asphalt","startNodeId":"392295933","endNodeId":"11446004511"},"geometry":{"type":"LineString","coordinates":[[103.8204799,1.3275368],[103.8206478,1.3275141]]}},{"type":"Feature","id":"way/464804561-0-1-0","properties":{"highway":"service","lanes":"2","lanes:backward":"1","lanes:forward":"1","maxspeed":"40","name":"Kheam Hock Road","name:en":"Kheam Hock Road","name:zh":"\u8c26\u798f\u8def","surface":"asphalt","startNodeId":"11446004511","endNodeId":"392295934"},"geometry":{"type":"LineString","coordinates":[[103.8206478,1.3275141],[103.8206869,1.3275089]]}},{"type":"Feature","id":"way/633596099-0-0-0","properties":{"highway":"service","maxspeed":"40","name":"Merryn Road","name:en":"Merryn Road","name:zh":"\u7f8e\u6797\u8def","surface":"asphalt","startNodeId":"5980886986","endNodeId":"11443272896"},"geometry":{"type":"LineString","coordinates":[[103.822324,1.3275456],[103.8223429,1.3273732]]}},{"type":"Feature","id":"way/633596099-0-1-0","properties":{"highway":"service","maxspeed":"40","name":"Merryn Road","name:en":"Merryn Road","name:zh":"\u7f8e\u6797\u8def","surface":"asphalt","startNodeId":"11443272896","endNodeId":"5980886985"},"geometry":{"type":"LineString","coordinates":[[103.8223429,1.3273732],[103.8223644,1.3272035]]}},{"type":"Feature","id":"way/640234079-0-0-0","properties":{"highway":"residential","lanes":"2","lanes:backward":"1","lanes:forward":"1","lit":"yes","maxspeed":"40","name":"Merryn Road","name:en":"Merryn Road","name:zh":"\u7f8e\u6797\u8def","sidewalk":"both","surface":"asphalt","startNodeId":"392296034","endNodeId":"8034937125"},"geometry":{"type":"LineString","coordinates":[[103.8231654,1.3276619],[103.8234223,1.3277001]]}},{"type":"Feature","id":"way/640234079-0-1-0","properties":{"highway":"residential","lanes":"2","lanes:backward":"1","lanes:forward":"1","lit":"yes","maxspeed":"40","name":"Merryn Road","name:en":"Merryn Road","name:zh":"\u7f8e\u6797\u8def","sidewalk":"both","surface":"asphalt","startNodeId":"8034937125","endNodeId":"6793738928"},"geometry":{"type":"LineString","coordinates":[[103.8234223,1.3277001],[103.8234898,1.3277073]]}},{"type":"Feature","id":"way/640234079-0-2-0","properties":{"highway":"residential","lanes":"2","lanes:backward":"1","lanes:forward":"1","lit":"yes","maxspeed":"40","name":"Merryn Road","name:en":"Merryn Road","name:zh":"\u7f8e\u6797\u8def","sidewalk":"both","surface":"asphalt","startNodeId":"6793738928","endNodeId":"392296003"},"geometry":{"type":"LineString","coordinates":[[103.8234898,1.3277073],[103.8235503,1.3277042]]}},{"type":"Feature","id":"way/640234079-0-3-0","properties":{"highway":"residential","lanes":"2","lanes:backward":"1","lanes:forward":"1","lit":"yes","maxspeed":"40","name":"Merryn Road","name:en":"Merryn Road","name:zh":"\u7f8e\u6797\u8def","sidewalk":"both","surface":"asphalt","startNodeId":"392296003","endNodeId":"6793738927"},"geometry":{"type":"LineString","coordinates":[[103.8235503,1.3277042],[103.8236003,1.3276931]]}},{"type":"Feature","id":"way/640234079-0-4-0","properties":{"highway":"residential","lanes":"2","lanes:backward":"1","lanes:forward":"1","lit":"yes","maxspeed":"40","name":"Merryn Road","name:en":"Merryn Road","name:zh":"\u7f8e\u6797\u8def","sidewalk":"both","surface":"asphalt","startNodeId":"6793738927","endNodeId":"392296037"},"geometry":{"type":"LineString","coordinates":[[103.8236003,1.3276931],[103.8237863,1.3276193]]}},{"type":"Feature","id":"way/640234080-0-0-0","properties":{"highway":"residential","lanes":"2","lanes:backward":"1","lanes:forward":"1","lit":"yes","maxspeed":"40","name":"Merryn Road","name:en":"Merryn Road","name:zh":"\u7f8e\u6797\u8def","sidewalk":"both","surface":"asphalt","startNodeId":"5980886986","endNodeId":"8649561760"},"geometry":{"type":"LineString","coordinates":[[103.822324,1.3275456],[103.8226268,1.3275862]]}},{"type":"Feature","id":"way/640234080-0-1-0","properties":{"highway":"residential","lanes":"2","lanes:backward":"1","lanes:forward":"1","lit":"yes","maxspeed":"40","name":"Merryn Road","name:en":"Merryn Road","name:zh":"\u7f8e\u6797\u8def","sidewalk":"both","surface":"asphalt","startNodeId":"8649561760","endNodeId":"392296034"},"geometry":{"type":"LineString","coordinates":[[103.8226268,1.3275862],[103.8231654,1.3276619]]}},{"type":"Feature","id":"way/640234081-0-0-0","properties":{"highway":"residential","lanes":"2","lanes:backward":"1","lanes:forward":"1","lit":"yes","maxspeed":"40","name":"Merryn Road","name:en":"Merryn Road","name:zh":"\u7f8e\u6797\u8def","sidewalk":"right","surface":"asphalt","startNodeId":"392295997","endNodeId":"392295998"},"geometry":{"type":"LineString","coordinates":[[103.8215461,1.3272522],[103.8216473,1.3273306]]}},{"type":"Feature","id":"way/640234081-0-1-0","properties":{"highway":"residential","lanes":"2","lanes:backward":"1","lanes:forward":"1","lit":"yes","maxspeed":"40","name":"Merryn Road","name:en":"Merryn Road","name:zh":"\u7f8e\u6797\u8def","sidewalk":"right","surface":"asphalt","startNodeId":"392295998","endNodeId":"392295999"},"geometry":{"type":"LineString","coordinates":[[103.8216473,1.3273306],[103.8219171,1.3274883]]}},{"type":"Feature","id":"way/640234081-0-2-0","properties":{"highway":"residential","lanes":"2","lanes:backward":"1","lanes:forward":"1","lit":"yes","maxspeed":"40","name":"Merryn Road","name:en":"Merryn Road","name:zh":"\u7f8e\u6797\u8def","sidewalk":"right","surface":"asphalt","startNodeId":"392295999","endNodeId":"392296000"},"geometry":{"type":"LineString","coordinates":[[103.8219171,1.3274883],[103.8219618,1.327503]]}},{"type":"Feature","id":"way/640234081-0-3-0","properties":{"highway":"residential","lanes":"2","lanes:backward":"1","lanes:forward":"1","lit":"yes","maxspeed":"40","name":"Merryn Road","name:en":"Merryn Road","name:zh":"\u7f8e\u6797\u8def","sidewalk":"right","surface":"asphalt","startNodeId":"392296000","endNodeId":"6793738926"},"geometry":{"type":"LineString","coordinates":[[103.8219618,1.327503],[103.8220127,1.3275195]]}},{"type":"Feature","id":"way/640234081-0-4-0","properties":{"highway":"residential","lanes":"2","lanes:backward":"1","lanes:forward":"1","lit":"yes","maxspeed":"40","name":"Merryn Road","name:en":"Merryn Road","name:zh":"\u7f8e\u6797\u8def","sidewalk":"right","surface":"asphalt","startNodeId":"6793738926","endNodeId":"392296001"},"geometry":{"type":"LineString","coordinates":[[103.8220127,1.3275195],[103.8221588,1.3275318]]}},{"type":"Feature","id":"way/640234081-0-5-0","properties":{"highway":"residential","lanes":"2","lanes:backward":"1","lanes:forward":"1","lit":"yes","maxspeed":"40","name":"Merryn Road","name:en":"Merryn Road","name:zh":"\u7f8e\u6797\u8def","sidewalk":"right","surface":"asphalt","startNodeId":"392296001","endNodeId":"5980886986"},"geometry":{"type":"LineString","coordinates":[[103.8221588,1.3275318],[103.822324,1.3275456]]}},{"type":"Feature","id":"way/640234330-0-0-0","properties":{"highway":"residential","lanes":"2","lanes:backward":"1","lanes:forward":"1","lit":"yes","maxspeed":"40","name":"Merryn Road","name:en":"Merryn Road","name:zh":"\u7f8e\u6797\u8def","sidewalk":"both","surface":"asphalt","startNodeId":"392296037","endNodeId":"392296005"},"geometry":{"type":"LineString","coordinates":[[103.8237863,1.3276193],[103.8238958,1.3275589]]}},{"type":"Feature","id":"way/640235342-0-0-0","properties":{"highway":"residential","lanes":"2","lanes:backward":"1","lanes:forward":"1","lit":"yes","maxspeed":"40","name":"Kheam Hock Road","name:en":"Kheam Hock Road","name:zh":"\u8c26\u798f\u8def","sidewalk":"both","smoothness":"good","surface":"asphalt","startNodeId":"6795290492","endNodeId":"392295928"},"geometry":{"type":"LineString","coordinates":[[103.8202317,1.3281144],[103.8200878,1.3282398]]}},{"type":"Feature","id":"way/640235342-0-1-0","properties":{"highway":"residential","lanes":"2","lanes:backward":"1","lanes:forward":"1","lit":"yes","maxspeed":"40","name":"Kheam Hock Road","name:en":"Kheam Hock Road","name:zh":"\u8c26\u798f\u8def","sidewalk":"both","smoothness":"good","surface":"asphalt","startNodeId":"392295928","endNodeId":"6902924926"},"geometry":{"type":"LineString","coordinates":[[103.8200878,1.3282398],[103.8200467,1.3283075]]}},{"type":"Feature","id":"way/640235342-0-2-0","properties":{"highway":"residential","lanes":"2","lanes:backward":"1","lanes:forward":"1","lit":"yes","maxspeed":"40","name":"Kheam Hock Road","name:en":"Kheam Hock Road","name:zh":"\u8c26\u798f\u8def","sidewalk":"both","smoothness":"good","surface":"asphalt","startNodeId":"6902924926","endNodeId":"5136320122"},"geometry":{"type":"LineString","coordinates":[[103.8200467,1.3283075],[103.8200259,1.3283854]]}},{"type":"Feature","id":"way/640235342-0-3-0","properties":{"highway":"residential","lanes":"2","lanes:backward":"1","lanes:forward":"1","lit":"yes","maxspeed":"40","name":"Kheam Hock Road","name:en":"Kheam Hock Road","name:zh":"\u8c26\u798f\u8def","sidewalk":"both","smoothness":"good","surface":"asphalt","startNodeId":"5136320122","endNodeId":"5136320121"},"geometry":{"type":"LineString","coordinates":[[103.8200259,1.3283854],[103.8200239,1.3284562]]}},{"type":"Feature","id":"way/640235342-0-4-0","properties":{"highway":"residential","lanes":"2","lanes:backward":"1","lanes:forward":"1","lit":"yes","maxspeed":"40","name":"Kheam Hock Road","name:en":"Kheam Hock Road","name:zh":"\u8c26\u798f\u8def","sidewalk":"both","smoothness":"good","surface":"asphalt","startNodeId":"5136320121","endNodeId":"392295929"},"geometry":{"type":"LineString","coordinates":[[103.8200239,1.3284562],[103.8200312,1.3285218]]}},{"type":"Feature","id":"way/640235342-0-5-0","properties":{"highway":"residential","lanes":"2","lanes:backward":"1","lanes:forward":"1","lit":"yes","maxspeed":"40","name":"Kheam Hock Road","name:en":"Kheam Hock Road","name:zh":"\u8c26\u798f\u8def","sidewalk":"both","smoothness":"good","surface":"asphalt","startNodeId":"392295929","endNodeId":"13352747609"},"geometry":{"type":"LineString","coordinates":[[103.8200312,1.3285218],[103.8201151,1.3288598]]}},{"type":"Feature","id":"way/640235342-0-6-0","properties":{"highway":"residential","lanes":"2","lanes:backward":"1","lanes:forward":"1","lit":"yes","maxspeed":"40","name":"Kheam Hock Road","name:en":"Kheam Hock Road","name:zh":"\u8c26\u798f\u8def","sidewalk":"both","smoothness":"good","surface":"asphalt","startNodeId":"13352747609","endNodeId":"5136320123"},"geometry":{"type":"LineString","coordinates":[[103.8201151,1.3288598],[103.8201246,1.328917]]}},{"type":"Feature","id":"way/640253624-0-0-0","properties":{"highway":"residential","lanes":"2","lanes:backward":"1","lanes:forward":"1","lit":"yes","maxspeed":"40","name":"Kheam Hock Road","name:en":"Kheam Hock Road","name:zh":"\u8c26\u798f\u8def","sidewalk":"left","smoothness":"good","surface":"asphalt","startNodeId":"392295923","endNodeId":"392295924"},"geometry":{"type":"LineString","coordinates":[[103.8205526,1.3263053],[103.8206465,1.3269963]]}},{"type":"Feature","id":"way/640253624-0-1-0","properties":{"highway":"residential","lanes":"2","lanes:backward":"1","lanes:forward":"1","lit":"yes","maxspeed":"40","name":"Kheam Hock Road","name:en":"Kheam Hock Road","name:zh":"\u8c26\u798f\u8def","sidewalk":"left","smoothness":"good","surface":"asphalt","startNodeId":"392295924","endNodeId":"11446004510"},"geometry":{"type":"LineString","coordinates":[[103.8206465,1.3269963],[103.8206704,1.3271723]]}},{"type":"Feature","id":"way/640253624-0-2-0","properties":{"highway":"residential","lanes":"2","lanes:backward":"1","lanes:forward":"1","lit":"yes","maxspeed":"40","name":"Kheam Hock Road","name:en":"Kheam Hock Road","name:zh":"\u8c26\u798f\u8def","sidewalk":"left","smoothness":"good","surface":"asphalt","startNodeId":"11446004510","endNodeId":"13915089006"},"geometry":{"type":"LineString","coordinates":[[103.8206704,1.3271723],[103.820687,1.3273551]]}},{"type":"Feature","id":"way/640253624-0-3-0","properties":{"highway":"residential","lanes":"2","lanes:backward":"1","lanes:forward":"1","lit":"yes","maxspeed":"40","name":"Kheam Hock Road","name:en":"Kheam Hock Road","name:zh":"\u8c26\u798f\u8def","sidewalk":"left","smoothness":"good","surface":"asphalt","startNodeId":"13915089006","endNodeId":"392295934"},"geometry":{"type":"LineString","coordinates":[[103.820687,1.3273551],[103.8206869,1.3275089]]}},{"type":"Feature","id":"way/640253625-0-0-0","properties":{"highway":"residential","lanes":"2","lanes:backward":"1","lanes:forward":"1","lit":"yes","maxspeed":"40","name":"Kheam Hock Road","name:en":"Kheam Hock Road","name:zh":"\u8c26\u798f\u8def","sidewalk":"left","smoothness":"good","surface":"asphalt","startNodeId":"5176908684","endNodeId":"392295922"},"geometry":{"type":"LineString","coordinates":[[103.8201888,1.3240998],[103.8204081,1.3251872]]}},{"type":"Feature","id":"way/640253625-0-1-0","properties":{"highway":"residential","lanes":"2","lanes:backward":"1","lanes:forward":"1","lit":"yes","maxspeed":"40","name":"Kheam Hock Road","name:en":"Kheam Hock Road","name:zh":"\u8c26\u798f\u8def","sidewalk":"left","smoothness":"good","surface":"asphalt","startNodeId":"392295922","endNodeId":"13915044497"},"geometry":{"type":"LineString","coordinates":[[103.8204081,1.3251872],[103.8204765,1.3257367]]}},{"type":"Feature","id":"way/640253625-0-2-0","properties":{"highway":"residential","lanes":"2","lanes:backward":"1","lanes:forward":"1","lit":"yes","maxspeed":"40","name":"Kheam Hock Road","name:en":"Kheam Hock Road","name:zh":"\u8c26\u798f\u8def","sidewalk":"left","smoothness":"good","surface":"asphalt","startNodeId":"13915044497","endNodeId":"392295923"},"geometry":{"type":"LineString","coordinates":[[103.8204765,1.3257367],[103.8205526,1.3263053]]}},{"type":"Feature","id":"way/644331385-0-0-0","properties":{"highway":"residential","lanes":"2","lanes:backward":"1","lanes:forward":"1","maxspeed":"50","name":"Trevose Crescent","name:zh":"\u7279\u5229\u534e\u58eb\u5f2f","sidewalk":"left","surface":"asphalt","startNodeId":"392295934","endNodeId":"8080453657"},"geometry":{"type":"LineString","coordinates":[[103.8206869,1.3275089],[103.8207525,1.3275127]]}},{"type":"Feature","id":"way/644331385-0-1-0","properties":{"highway":"residential","lanes":"2","lanes:backward":"1","lanes:forward":"1","maxspeed":"50","name":"Trevose Crescent","name:zh":"\u7279\u5229\u534e\u58eb\u5f2f","sidewalk":"left","surface":"asphalt","startNodeId":"8080453657","endNodeId":"11442255789"},"geometry":{"type":"LineString","coordinates":[[103.8207525,1.3275127],[103.820884,1.3275256]]}},{"type":"Feature","id":"way/644331385-0-2-0","properties":{"highway":"residential","lanes":"2","lanes:backward":"1","lanes:forward":"1","maxspeed":"50","name":"Trevose Crescent","name:zh":"\u7279\u5229\u534e\u58eb\u5f2f","sidewalk":"left","surface":"asphalt","startNodeId":"11442255789","endNodeId":"392295995"},"geometry":{"type":"LineString","coordinates":[[103.820884,1.3275256],[103.8209919,1.3275288]]}},{"type":"Feature","id":"way/644332624-0-0-0","properties":{"highway":"residential","lanes":"2","lanes:backward":"1","lanes:forward":"1","maxspeed":"50","name":"Camborne Road","name:en":"Camborne Road","name:zh":"\u80af\u8499\u8def","surface":"asphalt","startNodeId":"392295965","endNodeId":"11446489409"},"geometry":{"type":"LineString","coordinates":[[103.8213285,1.3265867],[103.8215383,1.3268873]]}},{"type":"Feature","id":"way/644332624-0-1-0","properties":{"highway":"residential","lanes":"2","lanes:backward":"1","lanes:forward":"1","maxspeed":"50","name":"Camborne Road","name:en":"Camborne Road","name:zh":"\u80af\u8499\u8def","surface":"asphalt","startNodeId":"11446489409","endNodeId":"11442255790"},"geometry":{"type":"LineString","coordinates":[[103.8215383,1.3268873],[103.8216989,1.3271174]]}},{"type":"Feature","id":"way/644332624-0-2-0","properties":{"highway":"residential","lanes":"2","lanes:backward":"1","lanes:forward":"1","maxspeed":"50","name":"Camborne Road","name:en":"Camborne Road","name:zh":"\u80af\u8499\u8def","surface":"asphalt","startNodeId":"11442255790","endNodeId":"392295966"},"geometry":{"type":"LineString","coordinates":[[103.8216989,1.3271174],[103.8217237,1.327153]]}},{"type":"Feature","id":"way/644332762-0-0-0","properties":{"highway":"service","surface":"asphalt","startNodeId":"392296033","endNodeId":"392296034"},"geometry":{"type":"LineString","coordinates":[[103.8231161,1.3280255],[103.8231654,1.3276619]]}},{"type":"Feature","id":"way/644333228-0-0-0","properties":{"highway":"residential","lanes":"2","lanes:backward":"1","lanes:forward":"1","maxspeed":"50","name":"Berrima Road","name:en":"Berrima Road","name:zh":"\u67cf\u91cc\u739b\u8def","surface":"asphalt","startNodeId":"392295965","endNodeId":"392295968"},"geometry":{"type":"LineString","coordinates":[[103.8213285,1.3265867],[103.8220141,1.3263047]]}},{"type":"Feature","id":"way/644335298-0-0-0","properties":{"highway":"residential","lanes":"2","lanes:backward":"1","lanes:forward":"1","maxspeed":"50","name":"Trevose Crescent","name:zh":"\u7279\u5229\u534e\u58eb\u5f2f","surface":"asphalt","startNodeId":"392295997","endNodeId":"392295966"},"geometry":{"type":"LineString","coordinates":[[103.8215461,1.3272522],[103.8217237,1.327153]]}},{"type":"Feature","id":"way/644335299-0-0-0","properties":{"highway":"residential","lanes":"2","lanes:backward":"1","lanes:forward":"1","maxspeed":"50","name":"Trevose Crescent","name:zh":"\u7279\u5229\u534e\u58eb\u5f2f","surface":"asphalt","startNodeId":"392295995","endNodeId":"13352747612"},"geometry":{"type":"LineString","coordinates":[[103.8209919,1.3275288],[103.8210772,1.3275054]]}},{"type":"Feature","id":"way/644335299-0-1-0","properties":{"highway":"residential","lanes":"2","lanes:backward":"1","lanes:forward":"1","maxspeed":"50","name":"Trevose Crescent","name:zh":"\u7279\u5229\u534e\u58eb\u5f2f","surface":"asphalt","startNodeId":"13352747612","endNodeId":"8038589900"},"geometry":{"type":"LineString","coordinates":[[103.8210772,1.3275054],[103.8213135,1.3273784]]}},{"type":"Feature","id":"way/644335299-0-2-0","properties":{"highway":"residential","lanes":"2","lanes:backward":"1","lanes:forward":"1","maxspeed":"50","name":"Trevose Crescent","name:zh":"\u7279\u5229\u534e\u58eb\u5f2f","surface":"asphalt","startNodeId":"8038589900","endNodeId":"392295997"},"geometry":{"type":"LineString","coordinates":[[103.8213135,1.3273784],[103.8215461,1.3272522]]}},{"type":"Feature","id":"way/644340072-0-0-0","properties":{"highway":"residential","lanes":"2","lanes:backward":"1","lanes:forward":"1","maxspeed":"50","name":"Narooma Road","name:en":"Narooma Road","name:zh":"\u90a3\u9c81\u9a6c\u8def","surface":"asphalt","startNodeId":"6053905752","endNodeId":"392295968"},"geometry":{"type":"LineString","coordinates":[[103.8218572,1.3252582],[103.8220141,1.3263047]]}},{"type":"Feature","id":"way/644340073-0-0-0","properties":{"highway":"residential","lanes":"2","lanes:backward":"1","lanes:forward":"1","maxspeed":"50","name":"Berrima Road","name:en":"Berrima Road","name:zh":"\u67cf\u91cc\u739b\u8def","surface":"asphalt","startNodeId":"392295973","endNodeId":"392295974"},"geometry":{"type":"LineString","coordinates":[[103.823801,1.3255389],[103.8240491,1.3251176]]}},{"type":"Feature","id":"way/737306980-0-0-0","properties":{"highway":"residential","lanes":"2","lanes:backward":"1","lanes:forward":"1","lit":"yes","maxspeed":"40","name":"Tudor Close","name:zh":"\u90fd\u5fb7\u5f04","surface":"asphalt","startNodeId":"392295923","endNodeId":"11446004514"},"geometry":{"type":"LineString","coordinates":[[103.8205526,1.3263053],[103.8205056,1.326339]]}},{"type":"Feature","id":"way/737306980-0-1-0","properties":{"highway":"residential","lanes":"2","lanes:backward":"1","lanes:forward":"1","lit":"yes","maxspeed":"40","name":"Tudor Close","name:zh":"\u90fd\u5fb7\u5f04","surface":"asphalt","startNodeId":"11446004514","endNodeId":"392296062"},"geometry":{"type":"LineString","coordinates":[[103.8205056,1.326339],[103.8203619,1.3264428]]}},{"type":"Feature","id":"way/747179215-0-0-0","properties":{"highway":"residential","lanes":"2","lanes:backward":"1","lanes:forward":"1","lit":"yes","maxspeed":"40","name":"Tudor Close","name:zh":"\u90fd\u5fb7\u5f04","surface":"asphalt","startNodeId":"6991389532","endNodeId":"6991389530"},"geometry":{"type":"LineString","coordinates":[[103.820284,1.3264996],[103.8200275,1.3266625]]}},{"type":"Feature","id":"way/747179216-0-0-0","properties":{"highway":"residential","lanes":"2","lanes:backward":"1","lanes:forward":"1","lit":"yes","maxspeed":"40","name":"Tudor Close","name:zh":"\u90fd\u5fb7\u5f04","surface":"asphalt","startNodeId":"392296062","endNodeId":"6991389532"},"geometry":{"type":"LineString","coordinates":[[103.8203619,1.3264428],[103.820284,1.3264996]]}},{"type":"Feature","id":"way/747179217-0-0-0","properties":{"bicycle":"no","highway":"service","startNodeId":"6991389531","endNodeId":"11448793554"},"geometry":{"type":"LineString","coordinates":[[103.8199215,1.3264271],[103.8199735,1.3265456]]}},{"type":"Feature","id":"way/747179217-0-1-0","properties":{"bicycle":"no","highway":"service","startNodeId":"11448793554","endNodeId":"8034968999"},"geometry":{"type":"LineString","coordinates":[[103.8199735,1.3265456],[103.8200075,1.3266237]]}},{"type":"Feature","id":"way/747179217-0-2-0","properties":{"bicycle":"no","highway":"service","startNodeId":"8034968999","endNodeId":"6991389530"},"geometry":{"type":"LineString","coordinates":[[103.8200075,1.3266237],[103.8200275,1.3266625]]}},{"type":"Feature","id":"way/747179218-0-0-0","properties":{"bicycle":"no","highway":"service","startNodeId":"6991389533","endNodeId":"11448793555"},"geometry":{"type":"LineString","coordinates":[[103.8201556,1.3262464],[103.8202554,1.3264409]]}},{"type":"Feature","id":"way/747179218-0-1-0","properties":{"bicycle":"no","highway":"service","startNodeId":"11448793555","endNodeId":"6991389532"},"geometry":{"type":"LineString","coordinates":[[103.8202554,1.3264409],[103.820284,1.3264996]]}},{"type":"Feature","id":"way/763031889-0-0-0","properties":{"highway":"residential","lanes":"2","lanes:backward":"1","lanes:forward":"1","lit":"yes","maxspeed":"40","name":"Kheam Hock Road","name:en":"Kheam Hock Road","name:zh":"\u8c26\u798f\u8def","sidewalk":"left","smoothness":"good","surface":"asphalt","startNodeId":"392295934","endNodeId":"11451903749"},"geometry":{"type":"LineString","coordinates":[[103.8206869,1.3275089],[103.8206809,1.327559]]}},{"type":"Feature","id":"way/763031889-0-1-0","properties":{"highway":"residential","lanes":"2","lanes:backward":"1","lanes:forward":"1","lit":"yes","maxspeed":"40","name":"Kheam Hock Road","name:en":"Kheam Hock Road","name:zh":"\u8c26\u798f\u8def","sidewalk":"left","smoothness":"good","surface":"asphalt","startNodeId":"11451903749","endNodeId":"13352747611"},"geometry":{"type":"LineString","coordinates":[[103.8206809,1.327559],[103.8206672,1.3276186]]}},{"type":"Feature","id":"way/763031889-0-2-0","properties":{"highway":"residential","lanes":"2","lanes:backward":"1","lanes:forward":"1","lit":"yes","maxspeed":"40","name":"Kheam Hock Road","name:en":"Kheam Hock Road","name:zh":"\u8c26\u798f\u8def","sidewalk":"left","smoothness":"good","surface":"asphalt","startNodeId":"13352747611","endNodeId":"5136318220"},"geometry":{"type":"LineString","coordinates":[[103.8206672,1.3276186],[103.8206541,1.3276712]]}},{"type":"Feature","id":"way/763039959-0-0-0","properties":{"highway":"residential","lanes":"2","lanes:backward":"1","lanes:forward":"1","lit":"yes","maxspeed":"40","name":"Kheam Hock Road","name:en":"Kheam Hock Road","name:zh":"\u8c26\u798f\u8def","sidewalk":"left","smoothness":"good","surface":"asphalt","startNodeId":"392295927","endNodeId":"11451903759"},"geometry":{"type":"LineString","coordinates":[[103.8203729,1.3279931],[103.8202726,1.3280802]]}},{"type":"Feature","id":"way/763039959-0-1-0","properties":{"highway":"residential","lanes":"2","lanes:backward":"1","lanes:forward":"1","lit":"yes","maxspeed":"40","name":"Kheam Hock Road","name:en":"Kheam Hock Road","name:zh":"\u8c26\u798f\u8def","sidewalk":"left","smoothness":"good","surface":"asphalt","startNodeId":"11451903759","endNodeId":"6795290492"},"geometry":{"type":"LineString","coordinates":[[103.8202726,1.3280802],[103.8202317,1.3281144]]}},{"type":"Feature","id":"way/933118016-0-0-0","properties":{"highway":"service","surface":"asphalt","startNodeId":"11459118893","endNodeId":"8649561757"},"geometry":{"type":"LineString","coordinates":[[103.8231975,1.3269488],[103.8231535,1.3266709]]}},{"type":"Feature","id":"way/979776654-0-0-0","properties":{"highway":"service","surface":"asphalt","startNodeId":"8649561760","endNodeId":"9063750851"},"geometry":{"type":"LineString","coordinates":[[103.8226268,1.3275862],[103.8225782,1.3279109]]}},{"type":"Feature","id":"way/1234553717-0-0-0","properties":{"highway":"service","surface":"asphalt","startNodeId":"11459118896","endNodeId":"11459118915"},"geometry":{"type":"LineString","coordinates":[[103.8236076,1.3268239],[103.8235791,1.3267315]]}},{"type":"Feature","id":"way/1234553717-0-1-0","properties":{"highway":"service","surface":"asphalt","startNodeId":"11459118915","endNodeId":"11459118897"},"geometry":{"type":"LineString","coordinates":[[103.8235791,1.3267315],[103.8235269,1.326562]]}}]}