{"type":"FeatureCollection","features":[{"type":"Feature","id":"way/451952982-0","properties":{"addr:housenumber":"25","addr:street":"Springleaf Drive","building":"house","source":"Kaart Ground Survey 2017","clearanceGeometry":{"type":"Polygon","coordinates":[[[103.8239018,1.39984],[103.8239219,1.3996593],[103.8238489,1.3996512],[103.8238288,1.3998319],[103.8239018,1.39984]]]},"clearanceHeight":1.7,"clearancePrepared":true},"geometry":{"type":"Polygon","coordinates":[[[103.8238288,1.3998319],[103.8239018,1.39984],[103.8239219,1.3996593],[103.8238489,1.3996512],[103.8238288,1.3998319]]]}},{"type":"Feature","id":"way/451952985-0","properties":{"addr:housenumber":"13","addr:street":"Springleaf Drive","building":"house","source":"Kaart Ground Survey 2017","clearanceGeometry":{"type":"Polygon","coordinates":[[[103.8233136,1.39978],[103.8233388,1.3995994],[103.8232662,1.3995894],[103.8232411,1.3997698],[103.8233136,1.39978]]]},"clearanceHeight":1.7,"clearancePrepared":true},"geometry":{"type":"Polygon","coordinates":[[[103.8232411,1.3997698],[103.8233136,1.39978],[103.8233388,1.3995994],[103.8232662,1.3995894],[103.8232411,1.3997698]]]}},{"type":"Feature","id":"way/451952987-0","properties":{"addr:housenumber":"1","addr:street":"Springleaf Drive","building":"house","source":"Kaart Ground Survey 2017","clearanceGeometry":{"type":"Polygon","coordinates":[[[103.82271,1.3997222],[103.8227395,1.3995313],[103.8226686,1.3995202],[103.8226394,1.3997114],[103.82271,1.3997222]]]},"clearanceHeight":1.7,"clearancePrepared":true},"geometry":{"type":"Polygon","coordinates":[[[103.8226394,1.3997114],[103.82271,1.3997222],[103.8227395,1.3995313],[103.8226686,1.3995202],[103.8226394,1.3997114]]]}},{"type":"Feature","id":"way/451952990-0","properties":{"building":"yes","clearanceGeometry":{"type":"Polygon","coordinates":[[[103.823637,1.3998085],[103.8237778,1.3998286],[103.823778,1.3997354],[103.8237998,1.3996481],[103.823767,1.3996434],[103.8237728,1.3996027],[103.8237031,1.3995927],[103.8236973,1.3996334],[103.8236591,1.399628],[103.8236385,1.3997112],[103.823637,1.3998085]]]},"clearanceHeight":1.7,"clearancePrepared":true},"geometry":{"type":"Polygon","coordinates":[[[103.8236385,1.3997112],[103.823637,1.3998085],[103.8237778,1.3998286],[103.823778,1.3997354],[103.8237998,1.3996481],[103.823767,1.3996434],[103.8237728,1.3996027],[103.8237031,1.3995927],[103.8236973,1.3996334],[103.8236591,1.399628],[103.8236385,1.3997112]]]}},{"type":"Feature","id":"way/451952991-0","properties":{"addr:housenumber":"9","addr:street":"Springleaf Drive","building":"yes","source":"Kaart Ground Survey 2017","clearanceGeometry":{"type":"Polygon","coordinates":[[[103.8231262,1.3997538],[103.8231473,1.3995747],[103.8230694,1.3995655],[103.8230483,1.3997446],[103.8231262,1.3997538]]]},"clearanceHeight":1.7,"clearancePrepared":true},"geometry":{"type":"Polygon","coordinates":[[[103.8230483,1.3997446],[103.8231262,1.3997538],[103.8231473,1.3995747],[103.8230694,1.3995655],[103.8230483,1.3997446]]]}},{"type":"Feature","id":"way/451952993-0","properties":{"addr:housenumber":"5","addr:street":"Springleaf Drive","building":"house","source":"Kaart Ground Survey 2017","clearanceGeometry":{"type":"Polygon","coordinates":[[[103.8229139,1.3997441],[103.8229389,1.3995644],[103.8228707,1.3995549],[103.8228457,1.3997347],[103.8229139,1.3997441]]]},"clearanceHeight":1.7,"clearancePrepared":true},"geometry":{"type":"Polygon","coordinates":[[[103.8228457,1.3997347],[103.8229139,1.3997441],[103.8229389,1.3995644],[103.8228707,1.3995549],[103.8228457,1.3997347]]]}},{"type":"Feature","id":"way/451952995-0","properties":{"addr:city":"Singapore","addr:housenumber":"25","addr:street":"Springleaf Garden","building":"semidetached_house","clearanceGeometry":{"type":"Polygon","coordinates":[[[103.822256,1.3995029],[103.8222671,1.3995021],[103.8222905,1.3993659],[103.8222811,1.3993643],[103.8222843,1.3993461],[103.8222192,1.3993348],[103.8222216,1.3993212],[103.822115,1.3993028],[103.8220983,1.3993996],[103.8220896,1.3993981],[103.8220756,1.3994793],[103.8222547,1.3995103],[103.822256,1.3995029]]]},"clearanceHeight":1.7,"clearancePrepared":true},"geometry":{"type":"Polygon","coordinates":[[[103.8222547,1.3995103],[103.822256,1.3995029],[103.8222671,1.3995021],[103.8222905,1.3993659],[103.8222811,1.3993643],[103.8222843,1.3993461],[103.8222192,1.3993348],[103.8222216,1.3993212],[103.822115,1.3993028],[103.8220983,1.3993996],[103.8220896,1.3993981],[103.8220756,1.3994793],[103.8222547,1.3995103]]]}},{"type":"Feature","id":"way/451952997-0","properties":{"addr:housenumber":"17","addr:street":"Springleaf Drive","building":"house","source":"Kaart Ground Survey 2017","clearanceGeometry":{"type":"Polygon","coordinates":[[[103.823516,1.3997969],[103.8235357,1.3996169],[103.8234587,1.3996085],[103.823439,1.3997885],[103.823516,1.3997969]]]},"clearanceHeight":1.7,"clearancePrepared":true},"geometry":{"type":"Polygon","coordinates":[[[103.823439,1.3997885],[103.823516,1.3997969],[103.8235357,1.3996169],[103.8234587,1.3996085],[103.823439,1.3997885]]]}},{"type":"Feature","id":"way/451953000-0","properties":{"addr:city":"Singapore","addr:housenumber":"42","addr:street":"Springleaf Avenue","building":"semidetached_house","clearanceGeometry":{"type":"Polygon","coordinates":[[[103.8208993,1.3989336],[103.8209302,1.3987704],[103.8208093,1.3988566],[103.8208761,1.3989502],[103.8208993,1.3989336]]]},"clearanceHeight":1.7,"clearancePrepared":true},"geometry":{"type":"Polygon","coordinates":[[[103.8208761,1.3989502],[103.8208993,1.3989336],[103.8209302,1.3987704],[103.8208093,1.3988566],[103.8208761,1.3989502]]]}},{"type":"Feature","id":"way/451953002-0","properties":{"building":"yes","clearanceGeometry":{"type":"Polygon","coordinates":[[[103.82289719899966,1.3999970769965138],[103.82289766038774,1.3999950672791013],[103.82297928706156,1.4000137976056788],[103.8230155,1.3998495],[103.8228688,1.3998173],[103.82283296628438,1.3999802252729032],[103.82289765813661,1.3999950667626004],[103.82289719683034,1.3999970765185534],[103.82289719899966,1.3999970769965138]]]},"clearanceHeight":1.7,"clearancePrepared":true},"geometry":{"type":"Polygon","coordinates":[[[103.8228324,1.3999828],[103.822979,1.4000151],[103.8230155,1.3998495],[103.8228688,1.3998173],[103.8228324,1.3999828]]]}},{"type":"Feature","id":"way/451953003-0","properties":{"addr:city":"Singapore","addr:housenumber":"28","addr:street":"Springleaf Avenue","building":"semidetached_house","clearanceGeometry":{"type":"Polygon","coordinates":[[[103.8208976,1.3984338],[103.8208707,1.3985759],[103.8208617,1.3986236],[103.8209402,1.3986385],[103.820984,1.3984073],[103.8209054,1.3983925],[103.8208976,1.3984338]]]},"clearanceHeight":1.7,"clearancePrepared":true},"geometry":{"type":"Polygon","coordinates":[[[103.8209054,1.3983925],[103.8208976,1.3984338],[103.8208707,1.3985759],[103.8208617,1.3986236],[103.8209402,1.3986385],[103.820984,1.3984073],[103.8209054,1.3983925]]]}},{"type":"Feature","id":"way/451953004-0","properties":{"addr:city":"Singapore","addr:housenumber":"19","addr:street":"Springleaf View","building":"semidetached_house","clearanceGeometry":{"type":"Polygon","coordinates":[[[103.8210118,1.397899],[103.8210367,1.3977577],[103.8210016,1.3977521],[103.8209994,1.3977639],[103.8209618,1.3977569],[103.8209377,1.3978857],[103.8210118,1.397899]]]},"clearanceHeight":1.7,"clearancePrepared":true},"geometry":{"type":"Polygon","coordinates":[[[103.8209377,1.3978857],[103.8210118,1.397899],[103.8210367,1.3977577],[103.8210016,1.3977521],[103.8209994,1.3977639],[103.8209618,1.3977569],[103.8209377,1.3978857]]]}},{"type":"Feature","id":"way/451953007-0","properties":{"addr:city":"Singapore","addr:housenumber":"10","addr:street":"Springleaf Garden","building":"semidetached_house","clearanceGeometry":{"type":"Polygon","coordinates":[[[103.8214067,1.3989982],[103.8214464,1.3987793],[103.8214484,1.398768],[103.821356,1.3987512],[103.8213142,1.3989815],[103.8214067,1.3989982]]]},"clearanceHeight":1.7,"clearancePrepared":true},"geometry":{"type":"Polygon","coordinates":[[[103.8213142,1.3989815],[103.8214067,1.3989982],[103.8214464,1.3987793],[103.8214484,1.398768],[103.821356,1.3987512],[103.8213142,1.3989815]]]}},{"type":"Feature","id":"way/451953011-0","properties":{"addr:housenumber":"94","addr:street":"Springleaf Avenue","building":"house","source":"Kaart Ground Survey 2017","clearanceGeometry":{"type":"Polygon","coordinates":[[[103.8228998,1.400623],[103.82294,1.4004566],[103.8228556,1.4004362],[103.82284437578646,1.4004826604261895],[103.82281743271298,1.400603091319253],[103.8228998,1.400623]]]},"clearanceHeight":1.7,"clearancePrepared":true},"geometry":{"type":"Polygon","coordinates":[[[103.8228154,1.4006026],[103.8228998,1.400623],[103.82294,1.4004566],[103.8228556,1.4004362],[103.8228154,1.4006026]]]}},{"type":"Feature","id":"way/451953014-0","properties":{"addr:city":"Singapore","addr:housenumber":"11","addr:street":"Springleaf Lane","building":"semidetached_house","clearanceGeometry":{"type":"Polygon","coordinates":[[[103.8212064,1.3971336],[103.8212557,1.3968862],[103.8211773,1.3968706],[103.8211281,1.397118],[103.8212064,1.3971336]]]},"clearanceHeight":1.7,"clearancePrepared":true},"geometry":{"type":"Polygon","coordinates":[[[103.8211281,1.397118],[103.8212064,1.3971336],[103.8212557,1.3968862],[103.8211773,1.3968706],[103.8211281,1.397118]]]}},{"type":"Feature","id":"way/451953016-0","properties":{"addr:city":"Singapore","addr:housenumber":"8","addr:street":"Springleaf Garden","building":"semidetached_house","clearanceGeometry":{"type":"Polygon","coordinates":[[[103.8212459,1.3989652],[103.8212511,1.3989374],[103.8212956,1.3989457],[103.821335,1.3987359],[103.8212576,1.3987211],[103.8212127,1.3989591],[103.8212459,1.3989652]]]},"clearanceHeight":1.7,"clearancePrepared":true},"geometry":{"type":"Polygon","coordinates":[[[103.8212127,1.3989591],[103.8212459,1.3989652],[103.8212511,1.3989374],[103.8212956,1.3989457],[103.821335,1.3987359],[103.8212576,1.3987211],[103.8212127,1.3989591]]]}},{"type":"Feature","id":"way/451953017-0","properties":{"addr:city":"Singapore","addr:housenumber":"41","addr:street":"Springleaf Avenue","building":"semidetached_house","clearanceGeometry":{"type":"Polygon","coordinates":[[[103.8209373,1.3996693],[103.8209612,1.3997038],[103.8210711,1.3996277],[103.8210222,1.3995573],[103.8209228,1.3996287],[103.8209465,1.3996629],[103.8209373,1.3996693]]]},"clearanceHeight":1.7,"clearancePrepared":true},"geometry":{"type":"Polygon","coordinates":[[[103.8209465,1.3996629],[103.8209373,1.3996693],[103.8209612,1.3997038],[103.8210711,1.3996277],[103.8210222,1.3995573],[103.8209228,1.3996287],[103.8209465,1.3996629]]]}},{"type":"Feature","id":"way/451953022-0","properties":{"addr:city":"Singapore","addr:housenumber":"32","addr:street":"Springleaf Garden","building":"semidetached_house","clearanceGeometry":{"type":"Polygon","coordinates":[[[103.8215638,1.3983458],[103.8215673,1.3983256],[103.8216255,1.3983358],[103.8216604,1.3981371],[103.8215663,1.3981206],[103.8215279,1.3983395],[103.8215638,1.3983458]]]},"clearanceHeight":1.7,"clearancePrepared":true},"geometry":{"type":"Polygon","coordinates":[[[103.8215279,1.3983395],[103.8215638,1.3983458],[103.8215673,1.3983256],[103.8216255,1.3983358],[103.8216604,1.3981371],[103.8215663,1.3981206],[103.8215279,1.3983395]]]}},{"type":"Feature","id":"way/451953023-0","properties":{"addr:city":"Singapore","addr:housenumber":"40","addr:street":"Springleaf Avenue","building":"semidetached_house","clearanceGeometry":{"type":"Polygon","coordinates":[[[103.8209302,1.3987704],[103.8209472,1.3986911],[103.8209339,1.3986882],[103.8208038,1.3987797],[103.8208214,1.3988049],[103.8207881,1.3988283],[103.8208093,1.3988566],[103.8209302,1.3987704]]]},"clearanceHeight":1.7,"clearancePrepared":true},"geometry":{"type":"Polygon","coordinates":[[[103.8208093,1.3988566],[103.8209302,1.3987704],[103.8209472,1.3986911],[103.8209339,1.3986882],[103.8208038,1.3987797],[103.8208214,1.3988049],[103.8207881,1.3988283],[103.8208093,1.3988566]]]}},{"type":"Feature","id":"way/451953024-0","properties":{"building":"yes","clearanceGeometry":{"type":"Polygon","coordinates":[[[103.8230337,1.4004],[103.8230698,1.4002451],[103.8229089,1.4002076],[103.8228727,1.4003624],[103.8230337,1.4004]]]},"clearanceHeight":1.7,"clearancePrepared":true},"geometry":{"type":"Polygon","coordinates":[[[103.8228727,1.4003624],[103.8230337,1.4004],[103.8230698,1.4002451],[103.8229089,1.4002076],[103.8228727,1.4003624]]]}},{"type":"Feature","id":"way/451953025-0","properties":{"building":"yes","clearanceGeometry":{"type":"Polygon","coordinates":[[[103.8232269,1.4004319],[103.8232629,1.40028],[103.8231047,1.4002424],[103.8230686,1.4003944],[103.8232269,1.4004319]]]},"clearanceHeight":1.7,"clearancePrepared":true},"geometry":{"type":"Polygon","coordinates":[[[103.8230686,1.4003944],[103.8232269,1.4004319],[103.8232629,1.40028],[103.8231047,1.4002424],[103.8230686,1.4003944]]]}},{"type":"Feature","id":"way/451953027-0","properties":{"addr:city":"Singapore","addr:housenumber":"12","addr:street":"Springleaf Garden","building":"semidetached_house","clearanceGeometry":{"type":"Polygon","coordinates":[[[103.821438,1.399003],[103.8214432,1.3989744],[103.8214919,1.3989833],[103.8215266,1.3987941],[103.8214464,1.3987793],[103.8214067,1.3989982],[103.821438,1.399003]]]},"clearanceHeight":1.7,"clearancePrepared":true},"geometry":{"type":"Polygon","coordinates":[[[103.8214067,1.3989982],[103.821438,1.399003],[103.8214432,1.3989744],[103.8214919,1.3989833],[103.8215266,1.3987941],[103.8214464,1.3987793],[103.8214067,1.3989982]]]}},{"type":"Feature","id":"way/451953029-0","properties":{"addr:city":"Singapore","addr:housenumber":"37","addr:street":"Springleaf Avenue","building":"semidetached_house","clearanceGeometry":{"type":"Polygon","coordinates":[[[103.8209017,1.3993724],[103.8207955,1.3994501],[103.8208199,1.3994835],[103.8208119,1.3994893],[103.8208409,1.3995288],[103.8209558,1.3994447],[103.8209017,1.3993724]]]},"clearanceHeight":1.7,"clearancePrepared":true},"geometry":{"type":"Polygon","coordinates":[[[103.8209558,1.3994447],[103.8209017,1.3993724],[103.8207955,1.3994501],[103.8208199,1.3994835],[103.8208119,1.3994893],[103.8208409,1.3995288],[103.8209558,1.3994447]]]}},{"type":"Feature","id":"way/451953031-0","properties":{"addr:city":"Singapore","addr:housenumber":"68","addr:street":"Springleaf Garden","building":"semidetached_house","clearanceGeometry":{"type":"Polygon","coordinates":[[[103.8224084,1.3967946],[103.8224825,1.3968086],[103.8225299,1.3965575],[103.8224558,1.3965435],[103.822451,1.3965693],[103.8224084,1.3967946]]]},"clearanceHeight":1.7,"clearancePrepared":true},"geometry":{"type":"Polygon","coordinates":[[[103.822451,1.3965693],[103.8224084,1.3967946],[103.8224825,1.3968086],[103.8225299,1.3965575],[103.8224558,1.3965435],[103.822451,1.3965693]]]}},{"type":"Feature","id":"way/451953037-0","properties":{"addr:city":"Singapore","addr:housenumber":"39","addr:street":"Springleaf Avenue","building":"semidetached_house","clearanceGeometry":{"type":"Polygon","coordinates":[[[103.8209228,1.3996287],[103.8210222,1.3995573],[103.8210625,1.3995284],[103.8210419,1.3994998],[103.8210148,1.3995193],[103.8209803,1.3994714],[103.8208354,1.3995754],[103.8208904,1.3996519],[103.8209228,1.3996287]]]},"clearanceHeight":1.7,"clearancePrepared":true},"geometry":{"type":"Polygon","coordinates":[[[103.8208904,1.3996519],[103.8209228,1.3996287],[103.8210222,1.3995573],[103.8210625,1.3995284],[103.8210419,1.3994998],[103.8210148,1.3995193],[103.8209803,1.3994714],[103.8208354,1.3995754],[103.8208904,1.3996519]]]}},{"type":"Feature","id":"way/451953040-0","properties":{"addr:city":"Singapore","addr:housenumber":"24","addr:street":"Springleaf View","building":"semidetached_house","clearanceGeometry":{"type":"Polygon","coordinates":[[[103.8210802,1.3975292],[103.82107,1.3975834],[103.8211055,1.39759],[103.8211089,1.3975717],[103.8211488,1.3975792],[103.8211808,1.397409],[103.8211701,1.397407],[103.8211762,1.3973748],[103.8211116,1.3973627],[103.8211032,1.397407],[103.8210802,1.3975292]]]},"clearanceHeight":1.7,"clearancePrepared":true},"geometry":{"type":"Polygon","coordinates":[[[103.8211032,1.397407],[103.8210802,1.3975292],[103.82107,1.3975834],[103.8211055,1.39759],[103.8211089,1.3975717],[103.8211488,1.3975792],[103.8211808,1.397409],[103.8211701,1.397407],[103.8211762,1.3973748],[103.8211116,1.3973627],[103.8211032,1.397407]]]}},{"type":"Feature","id":"way/451953041-0","properties":{"addr:city":"Singapore","addr:housenumber":"6","addr:street":"Springleaf Garden","building":"semidetached_house","clearanceGeometry":{"type":"Polygon","coordinates":[[[103.8211807,1.3989257],[103.8211757,1.3989521],[103.8212127,1.3989591],[103.8212576,1.3987211],[103.8211717,1.3987049],[103.8211317,1.3989165],[103.8211807,1.3989257]]]},"clearanceHeight":1.7,"clearancePrepared":true},"geometry":{"type":"Polygon","coordinates":[[[103.8211317,1.3989165],[103.8211807,1.3989257],[103.8211757,1.3989521],[103.8212127,1.3989591],[103.8212576,1.3987211],[103.8211717,1.3987049],[103.8211317,1.3989165]]]}},{"type":"Feature","id":"way/451953042-0","properties":{"addr:city":"Singapore","addr:housenumber":"43","addr:street":"Springleaf Avenue","building":"semidetached_house","clearanceGeometry":{"type":"Polygon","coordinates":[[[103.8210278,1.3997746],[103.8210498,1.3998057],[103.8211531,1.3997328],[103.8211068,1.3996672],[103.8209965,1.399745],[103.8210209,1.3997795],[103.8210278,1.3997746]]]},"clearanceHeight":1.7,"clearancePrepared":true},"geometry":{"type":"Polygon","coordinates":[[[103.8210209,1.3997795],[103.8210278,1.3997746],[103.8210498,1.3998057],[103.8211531,1.3997328],[103.8211068,1.3996672],[103.8209965,1.399745],[103.8210209,1.3997795]]]}},{"type":"Feature","id":"way/451953043-0","properties":{"addr:city":"Singapore","addr:housenumber":"77","addr:street":"Springleaf Garden","building":"semidetached_house","clearanceGeometry":{"type":"Polygon","coordinates":[[[103.8225025,1.3973466],[103.8225478,1.3971071],[103.8225386,1.3971053],[103.8225421,1.3970865],[103.8225051,1.3970795],[103.8225015,1.3970989],[103.8224616,1.3970913],[103.8224163,1.3973303],[103.8225025,1.3973466]]]},"clearanceHeight":1.7,"clearancePrepared":true},"geometry":{"type":"Polygon","coordinates":[[[103.8224163,1.3973303],[103.8225025,1.3973466],[103.8225478,1.3971071],[103.8225386,1.3971053],[103.8225421,1.3970865],[103.8225051,1.3970795],[103.8225015,1.3970989],[103.8224616,1.3970913],[103.8224163,1.3973303]]]}},{"type":"Feature","id":"way/451953044-0","properties":{"addr:city":"Singapore","addr:housenumber":"76","addr:street":"Springleaf Garden","building":"semidetached_house","clearanceGeometry":{"type":"Polygon","coordinates":[[[103.8227787,1.3967964],[103.8227689,1.3968463],[103.8228612,1.3968644],[103.822901,1.3966616],[103.8228087,1.3966435],[103.8228037,1.3966692],[103.8227787,1.3967964]]]},"clearanceHeight":1.7,"clearancePrepared":true},"geometry":{"type":"Polygon","coordinates":[[[103.8228037,1.3966692],[103.8227787,1.3967964],[103.8227689,1.3968463],[103.8228612,1.3968644],[103.822901,1.3966616],[103.8228087,1.3966435],[103.8228037,1.3966692]]]}},{"type":"Feature","id":"way/451953045-0","properties":{"building":"yes","clearanceGeometry":{"type":"Polygon","coordinates":[[[103.8233606,1.4000903],[103.8233798,1.4000143],[103.8232309,1.3999768],[103.8232117,1.4000528],[103.8233606,1.4000903]]]},"clearanceHeight":1.7,"clearancePrepared":true},"geometry":{"type":"Polygon","coordinates":[[[103.8232117,1.4000528],[103.8233606,1.4000903],[103.8233798,1.4000143],[103.8232309,1.3999768],[103.8232117,1.4000528]]]}},{"type":"Feature","id":"way/451953046-0","properties":{"addr:city":"Singapore","addr:housenumber":"23","addr:street":"Springleaf View","building":"semidetached_house","clearanceGeometry":{"type":"Polygon","coordinates":[[[103.8211801,1.3981248],[103.8212145,1.3979341],[103.8211762,1.3979272],[103.8211813,1.3978988],[103.82113,1.3978895],[103.8210905,1.3981087],[103.8211801,1.3981248]]]},"clearanceHeight":1.7,"clearancePrepared":true},"geometry":{"type":"Polygon","coordinates":[[[103.8210905,1.3981087],[103.8211801,1.3981248],[103.8212145,1.3979341],[103.8211762,1.3979272],[103.8211813,1.3978988],[103.82113,1.3978895],[103.8210905,1.3981087]]]}},{"type":"Feature","id":"way/451953047-0","properties":{"addr:city":"Singapore","addr:housenumber":"28","addr:street":"Springleaf Lane","building":"semidetached_house","clearanceGeometry":{"type":"Polygon","coordinates":[[[103.8220187,1.3965665],[103.822004,1.3966447],[103.8220529,1.3966539],[103.8220761,1.3965251],[103.8220153,1.3965136],[103.8220058,1.3965641],[103.8220187,1.3965665]]]},"clearanceHeight":1.7,"clearancePrepared":true},"geometry":{"type":"Polygon","coordinates":[[[103.8220058,1.3965641],[103.8220187,1.3965665],[103.822004,1.3966447],[103.8220529,1.3966539],[103.8220761,1.3965251],[103.8220153,1.3965136],[103.8220058,1.3965641]]]}},{"type":"Feature","id":"way/451953048-0","properties":{"addr:city":"Singapore","addr:housenumber":"71","addr:street":"Springleaf Garden","building":"semidetached_house","clearanceGeometry":{"type":"Polygon","coordinates":[[[103.8222055,1.3970456],[103.8221536,1.3973107],[103.8222329,1.3973262],[103.8222941,1.397014],[103.8222357,1.3970026],[103.8222264,1.3970497],[103.8222055,1.3970456]]]},"clearanceHeight":1.7,"clearancePrepared":true},"geometry":{"type":"Polygon","coordinates":[[[103.8222264,1.3970497],[103.8222055,1.3970456],[103.8221536,1.3973107],[103.8222329,1.3973262],[103.8222941,1.397014],[103.8222357,1.3970026],[103.8222264,1.3970497]]]}},{"type":"Feature","id":"way/451953049-0","properties":{"addr:city":"Singapore","addr:housenumber":"34","addr:street":"Springleaf Garden","building":"semidetached_house","clearanceGeometry":{"type":"Polygon","coordinates":[[[103.821733,1.3983357],[103.8217614,1.398192],[103.8216904,1.3981777],[103.8216615,1.3983218],[103.821733,1.3983357]]]},"clearanceHeight":1.7,"clearancePrepared":true},"geometry":{"type":"Polygon","coordinates":[[[103.8216615,1.3983218],[103.821733,1.3983357],[103.8217614,1.398192],[103.8216904,1.3981777],[103.8216615,1.3983218]]]}},{"type":"Feature","id":"way/451953054-0","properties":{"addr:city":"Singapore","addr:housenumber":"20","addr:street":"Springleaf View","building":"semidetached_house","clearanceGeometry":{"type":"Polygon","coordinates":[[[103.8208872,1.3974894],[103.8208779,1.397542],[103.8209575,1.397556],[103.820998,1.3973266],[103.8209184,1.3973126],[103.8209148,1.3973328],[103.8208872,1.3974894]]]},"clearanceHeight":1.7,"clearancePrepared":true},"geometry":{"type":"Polygon","coordinates":[[[103.8209148,1.3973328],[103.8208872,1.3974894],[103.8208779,1.397542],[103.8209575,1.397556],[103.820998,1.3973266],[103.8209184,1.3973126],[103.8209148,1.3973328]]]}},{"type":"Feature","id":"way/451953056-0","properties":{"addr:city":"Singapore","addr:housenumber":"45","addr:street":"Springleaf Avenue","building":"semidetached_house","clearanceGeometry":{"type":"Polygon","coordinates":[[[103.8211742,1.3998474],[103.821166,1.3998358],[103.82124,1.3997836],[103.8211871,1.3997088],[103.8211531,1.3997328],[103.8210498,1.3998057],[103.8210135,1.3998313],[103.8210745,1.3999178],[103.8211742,1.3998474]]]},"clearanceHeight":1.7,"clearancePrepared":true},"geometry":{"type":"Polygon","coordinates":[[[103.8210745,1.3999178],[103.8211742,1.3998474],[103.821166,1.3998358],[103.82124,1.3997836],[103.8211871,1.3997088],[103.8211531,1.3997328],[103.8210498,1.3998057],[103.8210135,1.3998313],[103.8210745,1.3999178]]]}},{"type":"Feature","id":"way/451953057-0","properties":{"addr:city":"Singapore","addr:housenumber":"81","addr:street":"Springleaf Garden","building":"semidetached_house","clearanceGeometry":{"type":"Polygon","coordinates":[[[103.8226136,1.3974282],[103.8227102,1.397446],[103.8227177,1.3974054],[103.822734,1.3974084],[103.8227535,1.3973029],[103.8227371,1.3972999],[103.8227498,1.3972313],[103.8227254,1.3972268],[103.8227282,1.3972114],[103.822693,1.3972049],[103.8226951,1.3971937],[103.8226582,1.3971868],[103.8226162,1.3974139],[103.8226136,1.3974282]]]},"clearanceHeight":1.7,"clearancePrepared":true},"geometry":{"type":"Polygon","coordinates":[[[103.8226162,1.3974139],[103.8226136,1.3974282],[103.8227102,1.397446],[103.8227177,1.3974054],[103.822734,1.3974084],[103.8227535,1.3973029],[103.8227371,1.3972999],[103.8227498,1.3972313],[103.8227254,1.3972268],[103.8227282,1.3972114],[103.822693,1.3972049],[103.8226951,1.3971937],[103.8226582,1.3971868],[103.8226162,1.3974139]]]}},{"type":"Feature","id":"way/451953058-0","properties":{"building":"yes","clearanceGeometry":{"type":"Polygon","coordinates":[[[103.8234411,1.3999782],[103.8234589,1.3998776],[103.8233221,1.3998535],[103.8233043,1.3999541],[103.8234411,1.3999782]]]},"clearanceHeight":1.7,"clearancePrepared":true},"geometry":{"type":"Polygon","coordinates":[[[103.8233043,1.3999541],[103.8234411,1.3999782],[103.8234589,1.3998776],[103.8233221,1.3998535],[103.8233043,1.3999541]]]}},{"type":"Feature","id":"way/451953059-0","properties":{"addr:city":"Singapore","addr:housenumber":"27","addr:street":"Springleaf View","building":"semidetached_house","clearanceGeometry":{"type":"Polygon","coordinates":[[[103.82138,1.3980633],[103.8213819,1.3980535],[103.8214183,1.3978681],[103.8214223,1.3978476],[103.821342,1.3978319],[103.8212998,1.3980476],[103.82138,1.3980633]]]},"clearanceHeight":1.7,"clearancePrepared":true},"geometry":{"type":"Polygon","coordinates":[[[103.8212998,1.3980476],[103.82138,1.3980633],[103.8213819,1.3980535],[103.8214183,1.3978681],[103.8214223,1.3978476],[103.821342,1.3978319],[103.8212998,1.3980476]]]}},{"type":"Feature","id":"way/451953060-0","properties":{"addr:city":"Singapore","addr:housenumber":"70","addr:street":"Springleaf Garden","building":"semidetached_house","clearanceGeometry":{"type":"Polygon","coordinates":[[[103.8225921,1.3968195],[103.82263,1.3966163],[103.8225706,1.3966038],[103.8225285,1.3968062],[103.8225921,1.3968195]]]},"clearanceHeight":1.7,"clearancePrepared":true},"geometry":{"type":"Polygon","coordinates":[[[103.8225285,1.3968062],[103.8225921,1.3968195],[103.82263,1.3966163],[103.8225706,1.3966038],[103.8225285,1.3968062]]]}},{"type":"Feature","id":"way/451953062-0","properties":{"addr:city":"Singapore","addr:housenumber":"64","addr:street":"Springleaf Garden","building":"semidetached_house","clearanceGeometry":{"type":"Polygon","coordinates":[[[103.8222237,1.3967711],[103.8223068,1.3967864],[103.8223544,1.396528],[103.8222712,1.3965127],[103.8222342,1.3967143],[103.8222237,1.3967711]]]},"clearanceHeight":1.7,"clearancePrepared":true},"geometry":{"type":"Polygon","coordinates":[[[103.8222342,1.3967143],[103.8222237,1.3967711],[103.8223068,1.3967864],[103.8223544,1.396528],[103.8222712,1.3965127],[103.8222342,1.3967143]]]}},{"type":"Feature","id":"way/451953063-0","properties":{"addr:city":"Singapore","addr:housenumber":"58","addr:street":"Springleaf Garden","building":"semidetached_house","clearanceGeometry":{"type":"Polygon","coordinates":[[[103.822015,1.3972881],[103.8220663,1.3970233],[103.8219838,1.3970073],[103.8219325,1.3972721],[103.822015,1.3972881]]]},"clearanceHeight":1.7,"clearancePrepared":true},"geometry":{"type":"Polygon","coordinates":[[[103.8219325,1.3972721],[103.822015,1.3972881],[103.8220663,1.3970233],[103.8219838,1.3970073],[103.8219325,1.3972721]]]}},{"type":"Feature","id":"way/451953064-0","properties":{"addr:city":"Singapore","addr:housenumber":"40","addr:street":"Springleaf Garden","building":"semidetached_house","clearanceGeometry":{"type":"Polygon","coordinates":[[[103.8217752,1.3980877],[103.8218061,1.3979419],[103.8217389,1.3979276],[103.8217079,1.3980735],[103.8217752,1.3980877]]]},"clearanceHeight":1.7,"clearancePrepared":true},"geometry":{"type":"Polygon","coordinates":[[[103.8217079,1.3980735],[103.8217752,1.3980877],[103.8218061,1.3979419],[103.8217389,1.3979276],[103.8217079,1.3980735]]]}},{"type":"Feature","id":"way/451953067-0","properties":{"addr:city":"Singapore","addr:housenumber":"35","addr:street":"Springleaf Garden","building":"semidetached_house","clearanceGeometry":{"type":"Polygon","coordinates":[[[103.8218262,1.3990303],[103.8218665,1.3990378],[103.8218589,1.3990785],[103.8218999,1.3990861],[103.8219418,1.3988608],[103.8218606,1.3988457],[103.8218262,1.3990303]]]},"clearanceHeight":1.7,"clearancePrepared":true},"geometry":{"type":"Polygon","coordinates":[[[103.8218606,1.3988457],[103.8218262,1.3990303],[103.8218665,1.3990378],[103.8218589,1.3990785],[103.8218999,1.3990861],[103.8219418,1.3988608],[103.8218606,1.3988457]]]}},{"type":"Feature","id":"way/451953072-0","properties":{"addr:city":"Singapore","addr:housenumber":"72","addr:street":"Springleaf Garden","building":"semidetached_house","clearanceGeometry":{"type":"Polygon","coordinates":[[[103.8225921,1.3968195],[103.8225764,1.3969034],[103.8226031,1.3969084],[103.8226191,1.3968226],[103.8226806,1.3968341],[103.8227227,1.3966084],[103.8226346,1.396592],[103.82263,1.3966163],[103.8225921,1.3968195]]]},"clearanceHeight":1.7,"clearancePrepared":true},"geometry":{"type":"Polygon","coordinates":[[[103.82263,1.3966163],[103.8225921,1.3968195],[103.8225764,1.3969034],[103.8226031,1.3969084],[103.8226191,1.3968226],[103.8226806,1.3968341],[103.8227227,1.3966084],[103.8226346,1.396592],[103.82263,1.3966163]]]}},{"type":"Feature","id":"way/451953073-0","properties":{"addr:city":"Singapore","addr:housenumber":"60","addr:street":"Springleaf Garden","building":"semidetached_house","clearanceGeometry":{"type":"Polygon","coordinates":[[[103.8220529,1.3966539],[103.822044,1.3967034],[103.822116,1.3967163],[103.8221587,1.3964792],[103.8220867,1.3964663],[103.8220761,1.3965251],[103.8220529,1.3966539]]]},"clearanceHeight":1.7,"clearancePrepared":true},"geometry":{"type":"Polygon","coordinates":[[[103.8220761,1.3965251],[103.8220529,1.3966539],[103.822044,1.3967034],[103.822116,1.3967163],[103.8221587,1.3964792],[103.8220867,1.3964663],[103.8220761,1.3965251]]]}},{"type":"Feature","id":"way/451953075-0","properties":{"addr:city":"Singapore","addr:housenumber":"59","addr:street":"Springleaf Road","building":"semidetached_house","clearanceGeometry":{"type":"Polygon","coordinates":[[[103.8224024,1.3973621],[103.8224337,1.3972011],[103.8223562,1.397186],[103.822325,1.397347],[103.8224024,1.3973621]]]},"clearanceHeight":1.7,"clearancePrepared":true},"geometry":{"type":"Polygon","coordinates":[[[103.822325,1.397347],[103.8224024,1.3973621],[103.8224337,1.3972011],[103.8223562,1.397186],[103.822325,1.397347]]]}},{"type":"Feature","id":"way/451953076-0","properties":{"addr:city":"Singapore","addr:housenumber":"22","addr:street":"Springleaf Lane","building":"semidetached_house","clearanceGeometry":{"type":"Polygon","coordinates":[[[103.8216916,1.3965848],[103.8217466,1.3965968],[103.8217643,1.3965159],[103.8217764,1.3965185],[103.8217869,1.3964708],[103.8217198,1.3964561],[103.8216916,1.3965848]]]},"clearanceHeight":1.7,"clearancePrepared":true},"geometry":{"type":"Polygon","coordinates":[[[103.8217198,1.3964561],[103.8216916,1.3965848],[103.8217466,1.3965968],[103.8217643,1.3965159],[103.8217764,1.3965185],[103.8217869,1.3964708],[103.8217198,1.3964561]]]}},{"type":"Feature","id":"way/451953082-0","properties":{"addr:city":"Singapore","addr:housenumber":"20","addr:street":"Springleaf Avenue","building":"semidetached_house","clearanceGeometry":{"type":"Polygon","coordinates":[[[103.8213412,1.3982584],[103.8213687,1.3981151],[103.8213027,1.3981025],[103.8212754,1.3982459],[103.8213412,1.3982584]]]},"clearanceHeight":1.7,"clearancePrepared":true},"geometry":{"type":"Polygon","coordinates":[[[103.8212754,1.3982459],[103.8213412,1.3982584],[103.8213687,1.3981151],[103.8213027,1.3981025],[103.8212754,1.3982459]]]}},{"type":"Feature","id":"way/451953083-0","properties":{"building":"yes","clearanceGeometry":{"type":"Polygon","coordinates":[[[103.8223506,1.400212],[103.8223788,1.4000806],[103.8223081,1.4000655],[103.8222799,1.4001968],[103.8223506,1.400212]]]},"clearanceHeight":1.7,"clearancePrepared":true},"geometry":{"type":"Polygon","coordinates":[[[103.8222799,1.4001968],[103.8223506,1.400212],[103.8223788,1.4000806],[103.8223081,1.4000655],[103.8222799,1.4001968]]]}},{"type":"Feature","id":"way/451953086-0","properties":{"addr:city":"Singapore","addr:housenumber":"38","addr:street":"Springleaf Avenue","building":"semidetached_house","clearanceGeometry":{"type":"Polygon","coordinates":[[[103.8207723,1.3987333],[103.8207868,1.3987542],[103.8209075,1.3986708],[103.8209046,1.3986636],[103.8208319,1.3986508],[103.8207184,1.3987292],[103.8207378,1.3987572],[103.8207723,1.3987333]]]},"clearanceHeight":1.7,"clearancePrepared":true},"geometry":{"type":"Polygon","coordinates":[[[103.8207378,1.3987572],[103.8207723,1.3987333],[103.8207868,1.3987542],[103.8209075,1.3986708],[103.8209046,1.3986636],[103.8208319,1.3986508],[103.8207184,1.3987292],[103.8207378,1.3987572]]]}},{"type":"Feature","id":"way/451953088-0","properties":{"addr:housenumber":"58","addr:street":"Springleaf Avenue","building":"house","source":"Kaart Ground Survey 2017","clearanceGeometry":{"type":"Polygon","coordinates":[[[103.8221959,1.4004323],[103.8222249,1.4002624],[103.8221396,1.4002478],[103.8221106,1.4004177],[103.8221959,1.4004323]]]},"clearanceHeight":1.7,"clearancePrepared":true},"geometry":{"type":"Polygon","coordinates":[[[103.8221106,1.4004177],[103.8221959,1.4004323],[103.8222249,1.4002624],[103.8221396,1.4002478],[103.8221106,1.4004177]]]}},{"type":"Feature","id":"way/451953092-0","properties":{"addr:city":"Singapore","addr:housenumber":"47","addr:street":"Springleaf Avenue","building":"semidetached_house","clearanceGeometry":{"type":"Polygon","coordinates":[[[103.821276,1.3999123],[103.8212304,1.3998483],[103.8211207,1.3999264],[103.8211665,1.3999907],[103.821276,1.3999123]]]},"clearanceHeight":1.7,"clearancePrepared":true},"geometry":{"type":"Polygon","coordinates":[[[103.8211665,1.3999907],[103.821276,1.3999123],[103.8212304,1.3998483],[103.8211207,1.3999264],[103.8211665,1.3999907]]]}},{"type":"Feature","id":"way/451953093-0","properties":{"addr:city":"Singapore","addr:housenumber":"19","addr:street":"Springleaf Garden","building":"semidetached_house","clearanceGeometry":{"type":"Polygon","coordinates":[[[103.8219624,1.3994517],[103.8219879,1.3993057],[103.8219942,1.3992691],[103.8219539,1.3992621],[103.8219488,1.3992912],[103.8219054,1.3992836],[103.8218717,1.3994763],[103.8219555,1.399491],[103.8219624,1.3994517]]]},"clearanceHeight":1.7,"clearancePrepared":true},"geometry":{"type":"Polygon","coordinates":[[[103.8219555,1.399491],[103.8219624,1.3994517],[103.8219879,1.3993057],[103.8219942,1.3992691],[103.8219539,1.3992621],[103.8219488,1.3992912],[103.8219054,1.3992836],[103.8218717,1.3994763],[103.8219555,1.399491]]]}},{"type":"Feature","id":"way/451953094-0","properties":{"building":"yes","clearanceGeometry":{"type":"Polygon","coordinates":[[[103.8224919,1.400518],[103.8225267,1.4003618],[103.8223698,1.4003269],[103.822335,1.4004832],[103.8224919,1.400518]]]},"clearanceHeight":1.7,"clearancePrepared":true},"geometry":{"type":"Polygon","coordinates":[[[103.822335,1.4004832],[103.8224919,1.400518],[103.8225267,1.4003618],[103.8223698,1.4003269],[103.822335,1.4004832]]]}},{"type":"Feature","id":"way/451953095-0","properties":{"addr:city":"Singapore","addr:housenumber":"61","addr:street":"Nee Soon Road","building":"semidetached_house","clearanceGeometry":{"type":"Polygon","coordinates":[[[103.8220501,1.3998599],[103.8220568,1.3998226],[103.8220007,1.3998126],[103.8220065,1.3997805],[103.8218258,1.3997481],[103.8218134,1.3998175],[103.8220501,1.3998599]]]},"clearanceHeight":1.7,"clearancePrepared":true},"geometry":{"type":"Polygon","coordinates":[[[103.8218134,1.3998175],[103.8220501,1.3998599],[103.8220568,1.3998226],[103.8220007,1.3998126],[103.8220065,1.3997805],[103.8218258,1.3997481],[103.8218134,1.3998175]]]}},{"type":"Feature","id":"way/451953096-0","properties":{"building":"yes","clearanceGeometry":{"type":"Polygon","coordinates":[[[103.8233754,1.3979715],[103.8233908,1.3978186],[103.8232581,1.3978052],[103.8232426,1.3979581],[103.8233754,1.3979715]]]},"clearanceHeight":1.7,"clearancePrepared":true},"geometry":{"type":"Polygon","coordinates":[[[103.8232426,1.3979581],[103.8233754,1.3979715],[103.8233908,1.3978186],[103.8232581,1.3978052],[103.8232426,1.3979581]]]}},{"type":"Feature","id":"way/451953097-0","properties":{"addr:city":"Singapore","addr:housenumber":"25","addr:street":"Springleaf Lane","building":"semidetached_house","clearanceGeometry":{"type":"Polygon","coordinates":[[[103.8217599,1.3972258],[103.8217673,1.3971843],[103.8217934,1.3970388],[103.8217968,1.3970202],[103.8217241,1.3970072],[103.8216873,1.3972128],[103.8217599,1.3972258]]]},"clearanceHeight":1.7,"clearancePrepared":true},"geometry":{"type":"Polygon","coordinates":[[[103.8216873,1.3972128],[103.8217599,1.3972258],[103.8217673,1.3971843],[103.8217934,1.3970388],[103.8217968,1.3970202],[103.8217241,1.3970072],[103.8216873,1.3972128]]]}},{"type":"Feature","id":"way/451953100-0","properties":{"addr:city":"Singapore","addr:housenumber":"49","addr:street":"Springleaf Avenue","building":"semidetached_house","clearanceGeometry":{"type":"Polygon","coordinates":[[[103.8213871,1.3999587],[103.8213275,1.3998755],[103.821276,1.3999123],[103.8211665,1.3999907],[103.8211397,1.4000099],[103.8211993,1.400093],[103.8213871,1.3999587]]]},"clearanceHeight":1.7,"clearancePrepared":true},"geometry":{"type":"Polygon","coordinates":[[[103.8211993,1.400093],[103.8213871,1.3999587],[103.8213275,1.3998755],[103.821276,1.3999123],[103.8211665,1.3999907],[103.8211397,1.4000099],[103.8211993,1.400093]]]}},{"type":"Feature","id":"way/451953102-0","properties":{"building":"yes","clearanceGeometry":{"type":"Polygon","coordinates":[[[103.82269,1.4005557],[103.8227225,1.4004033],[103.8225589,1.4003685],[103.8225264,1.4005208],[103.82269,1.4005557]]]},"clearanceHeight":1.7,"clearancePrepared":true},"geometry":{"type":"Polygon","coordinates":[[[103.8225264,1.4005208],[103.82269,1.4005557],[103.8227225,1.4004033],[103.8225589,1.4003685],[103.8225264,1.4005208]]]}},{"type":"Feature","id":"way/451953103-0","properties":{"building":"yes","clearanceGeometry":{"type":"Polygon","coordinates":[[[103.823271,1.3986819],[103.8232935,1.3984835],[103.8231513,1.3984675],[103.8231289,1.3986658],[103.823271,1.3986819]]]},"clearanceHeight":1.7,"clearancePrepared":true},"geometry":{"type":"Polygon","coordinates":[[[103.8231289,1.3986658],[103.823271,1.3986819],[103.8232935,1.3984835],[103.8231513,1.3984675],[103.8231289,1.3986658]]]}},{"type":"Feature","id":"way/451953107-0","properties":{"addr:city":"Singapore","addr:housenumber":"57","addr:street":"Springleaf Avenue","building":"semidetached_house","clearanceGeometry":{"type":"Polygon","coordinates":[[[103.8215536,1.4003377],[103.8215484,1.4003308],[103.8215825,1.4003054],[103.821535,1.4002416],[103.8214141,1.4003314],[103.8214667,1.4004023],[103.8215536,1.4003377]]]},"clearanceHeight":1.7,"clearancePrepared":true},"geometry":{"type":"Polygon","coordinates":[[[103.8214667,1.4004023],[103.8215536,1.4003377],[103.8215484,1.4003308],[103.8215825,1.4003054],[103.821535,1.4002416],[103.8214141,1.4003314],[103.8214667,1.4004023]]]}},{"type":"Feature","id":"way/451953112-0","properties":{"building":"yes","clearanceGeometry":{"type":"Polygon","coordinates":[[[103.8225474,1.4002808],[103.8225803,1.4001191],[103.8224221,1.4000869],[103.8223892,1.4002486],[103.8225474,1.4002808]]]},"clearanceHeight":1.7,"clearancePrepared":true},"geometry":{"type":"Polygon","coordinates":[[[103.8223892,1.4002486],[103.8225474,1.4002808],[103.8225803,1.4001191],[103.8224221,1.4000869],[103.8223892,1.4002486]]]}},{"type":"Feature","id":"way/451953113-0","properties":{"addr:city":"Singapore","addr:housenumber":"52","addr:street":"Springleaf Avenue","building":"semidetached_house","clearanceGeometry":{"type":"Polygon","coordinates":[[[103.8217393,1.3997305],[103.8217818,1.3995081],[103.8216107,1.3994755],[103.8215682,1.3996978],[103.8217393,1.3997305]]]},"clearanceHeight":1.7,"clearancePrepared":true},"geometry":{"type":"Polygon","coordinates":[[[103.8215682,1.3996978],[103.8217393,1.3997305],[103.8217818,1.3995081],[103.8216107,1.3994755],[103.8215682,1.3996978]]]}},{"type":"Feature","id":"way/451953114-0","properties":{"addr:city":"Singapore","addr:housenumber":"20","addr:street":"Springleaf Lane","building":"semidetached_house","clearanceGeometry":{"type":"Polygon","coordinates":[[[103.8216548,1.3964942],[103.8216379,1.3965743],[103.8216916,1.3965848],[103.8217198,1.3964561],[103.8216488,1.3964392],[103.821638,1.3964907],[103.8216548,1.3964942]]]},"clearanceHeight":1.7,"clearancePrepared":true},"geometry":{"type":"Polygon","coordinates":[[[103.821638,1.3964907],[103.8216548,1.3964942],[103.8216379,1.3965743],[103.8216916,1.3965848],[103.8217198,1.3964561],[103.8216488,1.3964392],[103.821638,1.3964907]]]}},{"type":"Feature","id":"way/451953116-0","properties":{"addr:city":"Singapore","addr:housenumber":"48","addr:street":"Springleaf Garden","building":"semidetached_house","clearanceGeometry":{"type":"Polygon","coordinates":[[[103.8214596,1.3976493],[103.8214523,1.3976849],[103.8215406,1.3977019],[103.8215899,1.3974461],[103.8215016,1.3974291],[103.8214984,1.3974431],[103.8214596,1.3976493]]]},"clearanceHeight":1.7,"clearancePrepared":true},"geometry":{"type":"Polygon","coordinates":[[[103.8214984,1.3974431],[103.8214596,1.3976493],[103.8214523,1.3976849],[103.8215406,1.3977019],[103.8215899,1.3974461],[103.8215016,1.3974291],[103.8214984,1.3974431]]]}},{"type":"Feature","id":"way/451953118-0","properties":{"addr:city":"Singapore","addr:housenumber":"23","addr:street":"Springleaf Lane","building":"semidetached_house","clearanceGeometry":{"type":"Polygon","coordinates":[[[103.8215848,1.3971217],[103.8215685,1.3972054],[103.8216453,1.3972203],[103.8216993,1.3969422],[103.8216225,1.3969273],[103.8216084,1.3970001],[103.8215848,1.3971217]]]},"clearanceHeight":1.7,"clearancePrepared":true},"geometry":{"type":"Polygon","coordinates":[[[103.8216084,1.3970001],[103.8215848,1.3971217],[103.8215685,1.3972054],[103.8216453,1.3972203],[103.8216993,1.3969422],[103.8216225,1.3969273],[103.8216084,1.3970001]]]}},{"type":"Feature","id":"way/451953119-0","properties":{"addr:city":"Singapore","addr:housenumber":"12","addr:street":"Springleaf Avenue","building":"semidetached_house","clearanceGeometry":{"type":"Polygon","coordinates":[[[103.8207399,1.3981304],[103.8207675,1.3979843],[103.8206869,1.3979682],[103.8206599,1.3981162],[103.8207399,1.3981304]]]},"clearanceHeight":1.7,"clearancePrepared":true},"geometry":{"type":"Polygon","coordinates":[[[103.8206599,1.3981162],[103.8207399,1.3981304],[103.8207675,1.3979843],[103.8206869,1.3979682],[103.8206599,1.3981162]]]}},{"type":"Feature","id":"way/451953120-0","properties":{"building":"yes","clearanceGeometry":{"type":"Polygon","coordinates":[[[103.8230424,1.398653],[103.8230727,1.3984678],[103.8229332,1.398445],[103.8229029,1.3986302],[103.8230424,1.398653]]]},"clearanceHeight":1.7,"clearancePrepared":true},"geometry":{"type":"Polygon","coordinates":[[[103.8229029,1.3986302],[103.8230424,1.398653],[103.8230727,1.3984678],[103.8229332,1.398445],[103.8229029,1.3986302]]]}},{"type":"Feature","id":"way/451953122-0","properties":{"addr:city":"Singapore","addr:housenumber":"28","addr:street":"Springleaf Garden","building":"semidetached_house","clearanceGeometry":{"type":"Polygon","coordinates":[[[103.8213412,1.3982584],[103.8213253,1.3983412],[103.8214072,1.3983569],[103.8214421,1.3981749],[103.8214533,1.398177],[103.8214675,1.3981032],[103.8213744,1.3980853],[103.8213687,1.3981151],[103.8213412,1.3982584]]]},"clearanceHeight":1.7,"clearancePrepared":true},"geometry":{"type":"Polygon","coordinates":[[[103.8213687,1.3981151],[103.8213412,1.3982584],[103.8213253,1.3983412],[103.8214072,1.3983569],[103.8214421,1.3981749],[103.8214533,1.398177],[103.8214675,1.3981032],[103.8213744,1.3980853],[103.8213687,1.3981151]]]}},{"type":"Feature","id":"way/451953123-0","properties":{"addr:city":"Singapore","addr:housenumber":"51","addr:street":"Springleaf Avenue","building":"semidetached_house","clearanceGeometry":{"type":"Polygon","coordinates":[[[103.821417,1.4000756],[103.8213768,1.4000211],[103.8213534,1.4000384],[103.8213467,1.4000293],[103.821251,1.4000999],[103.8212979,1.4001634],[103.821417,1.4000756]]]},"clearanceHeight":1.7,"clearancePrepared":true},"geometry":{"type":"Polygon","coordinates":[[[103.8212979,1.4001634],[103.821417,1.4000756],[103.8213768,1.4000211],[103.8213534,1.4000384],[103.8213467,1.4000293],[103.821251,1.4000999],[103.8212979,1.4001634]]]}},{"type":"Feature","id":"way/451953126-0","properties":{"addr:city":"Singapore","addr:housenumber":"16","addr:street":"Springleaf Lane","building":"semidetached_house","clearanceGeometry":{"type":"Polygon","coordinates":[[[103.8214705,1.3965845],[103.8214632,1.3966205],[103.821493,1.3966265],[103.8215432,1.3963792],[103.8214746,1.3963653],[103.8214318,1.3965767],[103.8214705,1.3965845]]]},"clearanceHeight":1.7,"clearancePrepared":true},"geometry":{"type":"Polygon","coordinates":[[[103.8214318,1.3965767],[103.8214705,1.3965845],[103.8214632,1.3966205],[103.821493,1.3966265],[103.8215432,1.3963792],[103.8214746,1.3963653],[103.8214318,1.3965767]]]}},{"type":"Feature","id":"way/451953127-0","properties":{"addr:city":"Singapore","addr:housenumber":"30","addr:postcode":"787934","addr:street":"Springleaf Garden","building":"semidetached_house","clearanceGeometry":{"type":"Polygon","coordinates":[[[103.8214596,1.3976493],[103.8214984,1.3974431],[103.8214194,1.3974283],[103.8213806,1.3976344],[103.8214596,1.3976493]]]},"clearanceHeight":1.7,"clearancePrepared":true},"geometry":{"type":"Polygon","coordinates":[[[103.8213806,1.3976344],[103.8214596,1.3976493],[103.8214984,1.3974431],[103.8214194,1.3974283],[103.8213806,1.3976344]]]}},{"type":"Feature","id":"way/451953128-0","properties":{"addr:city":"Singapore","addr:housenumber":"54","addr:street":"Springleaf Garden","building":"semidetached_house","clearanceGeometry":{"type":"Polygon","coordinates":[[[103.8218513,1.397734],[103.8218857,1.3975311],[103.8218887,1.397513],[103.8218466,1.3975059],[103.8218457,1.3975113],[103.8218009,1.3975037],[103.8217643,1.3977192],[103.8218513,1.397734]]]},"clearanceHeight":1.7,"clearancePrepared":true},"geometry":{"type":"Polygon","coordinates":[[[103.8217643,1.3977192],[103.8218513,1.397734],[103.8218857,1.3975311],[103.8218887,1.397513],[103.8218466,1.3975059],[103.8218457,1.3975113],[103.8218009,1.3975037],[103.8217643,1.3977192]]]}},{"type":"Feature","id":"way/451953129-0","properties":{"addr:city":"Singapore","addr:housenumber":"17","addr:street":"Springleaf Lane","building":"semidetached_house","clearanceGeometry":{"type":"Polygon","coordinates":[[[103.8213939,1.397138],[103.8214285,1.3969603],[103.8214443,1.3968792],[103.821415,1.3968735],[103.8214048,1.3969257],[103.8213716,1.3969192],[103.8213314,1.3971258],[103.8213939,1.397138]]]},"clearanceHeight":1.7,"clearancePrepared":true},"geometry":{"type":"Polygon","coordinates":[[[103.8213314,1.3971258],[103.8213939,1.397138],[103.8214285,1.3969603],[103.8214443,1.3968792],[103.821415,1.3968735],[103.8214048,1.3969257],[103.8213716,1.3969192],[103.8213314,1.3971258]]]}},{"type":"Feature","id":"way/451953131-0","properties":{"addr:city":"Singapore","addr:housenumber":"8","addr:street":"Springleaf Lane","building":"semidetached_house","clearanceGeometry":{"type":"Polygon","coordinates":[[[103.8209927,1.3965268],[103.8209967,1.3965062],[103.8210416,1.3962767],[103.8209592,1.3962606],[103.8209104,1.3965107],[103.8209927,1.3965268]]]},"clearanceHeight":1.7,"clearancePrepared":true},"geometry":{"type":"Polygon","coordinates":[[[103.8209104,1.3965107],[103.8209927,1.3965268],[103.8209967,1.3965062],[103.8210416,1.3962767],[103.8209592,1.3962606],[103.8209104,1.3965107]]]}},{"type":"Feature","id":"way/451953132-0","properties":{"addr:city":"Singapore","addr:housenumber":"25","addr:street":"Springleaf View","building":"semidetached_house","clearanceGeometry":{"type":"Polygon","coordinates":[[[103.8211919,1.3981281],[103.8211862,1.3981598],[103.8212424,1.39817],[103.8212906,1.3979026],[103.8212329,1.3978922],[103.8212252,1.3979348],[103.8212145,1.3979341],[103.8211801,1.3981248],[103.8211919,1.3981281]]]},"clearanceHeight":1.7,"clearancePrepared":true},"geometry":{"type":"Polygon","coordinates":[[[103.8211801,1.3981248],[103.8211919,1.3981281],[103.8211862,1.3981598],[103.8212424,1.39817],[103.8212906,1.3979026],[103.8212329,1.3978922],[103.8212252,1.3979348],[103.8212145,1.3979341],[103.8211801,1.3981248]]]}},{"type":"Feature","id":"way/451953133-0","properties":{"addr:city":"Singapore","addr:housenumber":"7","addr:street":"Springleaf Lane","building":"semidetached_house","clearanceGeometry":{"type":"Polygon","coordinates":[[[103.8208852,1.3970701],[103.8209344,1.3968193],[103.8208621,1.3968051],[103.820816,1.3970553],[103.8208852,1.3970701]]]},"clearanceHeight":1.7,"clearancePrepared":true},"geometry":{"type":"Polygon","coordinates":[[[103.820816,1.3970553],[103.8208852,1.3970701],[103.8209344,1.3968193],[103.8208621,1.3968051],[103.820816,1.3970553]]]}},{"type":"Feature","id":"way/451953135-0","properties":{"addr:city":"Singapore","addr:housenumber":"44","addr:street":"Springleaf Garden","building":"semidetached_house","clearanceGeometry":{"type":"Polygon","coordinates":[[[103.8215792,1.3980925],[103.8215865,1.3980517],[103.8216131,1.3979052],[103.8216168,1.3978844],[103.8215824,1.3978782],[103.8215872,1.3978517],[103.8215447,1.397844],[103.8215023,1.3980786],[103.8215792,1.3980925]]]},"clearanceHeight":1.7,"clearancePrepared":true},"geometry":{"type":"Polygon","coordinates":[[[103.8215023,1.3980786],[103.8215792,1.3980925],[103.8215865,1.3980517],[103.8216131,1.3979052],[103.8216168,1.3978844],[103.8215824,1.3978782],[103.8215872,1.3978517],[103.8215447,1.397844],[103.8215023,1.3980786]]]}},{"type":"Feature","id":"way/451953138-0","properties":{"addr:city":"Singapore","addr:housenumber":"52","addr:street":"Springleaf Garden","building":"semidetached_house","clearanceGeometry":{"type":"Polygon","coordinates":[[[103.8216557,1.3976699],[103.8216519,1.39769],[103.821739,1.3977064],[103.8217809,1.3974848],[103.8216938,1.3974683],[103.8216851,1.3975144],[103.8216557,1.3976699]]]},"clearanceHeight":1.7,"clearancePrepared":true},"geometry":{"type":"Polygon","coordinates":[[[103.8216851,1.3975144],[103.8216557,1.3976699],[103.8216519,1.39769],[103.821739,1.3977064],[103.8217809,1.3974848],[103.8216938,1.3974683],[103.8216851,1.3975144]]]}},{"type":"Feature","id":"way/451953139-0","properties":{"addr:city":"Singapore","addr:housenumber":"35","addr:street":"Springleaf Avenue","building":"semidetached_house","clearanceGeometry":{"type":"Polygon","coordinates":[[[103.8207676,1.39947],[103.8207955,1.3994501],[103.8209017,1.3993724],[103.8208862,1.3993516],[103.8209225,1.3993256],[103.8208838,1.3992715],[103.820713,1.3993936],[103.8207676,1.39947]]]},"clearanceHeight":1.7,"clearancePrepared":true},"geometry":{"type":"Polygon","coordinates":[[[103.820713,1.3993936],[103.8207676,1.39947],[103.8207955,1.3994501],[103.8209017,1.3993724],[103.8208862,1.3993516],[103.8209225,1.3993256],[103.8208838,1.3992715],[103.820713,1.3993936]]]}},{"type":"Feature","id":"way/451953140-0","properties":{"building":"yes","clearanceGeometry":{"type":"Polygon","coordinates":[[[103.8227309,1.4003268],[103.8227694,1.4001674],[103.8226138,1.4001298],[103.8225753,1.4002893],[103.8227309,1.4003268]]]},"clearanceHeight":1.7,"clearancePrepared":true},"geometry":{"type":"Polygon","coordinates":[[[103.8225753,1.4002893],[103.8227309,1.4003268],[103.8227694,1.4001674],[103.8226138,1.4001298],[103.8225753,1.4002893]]]}},{"type":"Feature","id":"way/451953141-0","properties":{"addr:city":"Singapore","addr:housenumber":"6","addr:street":"Springleaf Lane","building":"semidetached_house","clearanceGeometry":{"type":"Polygon","coordinates":[[[103.8207952,1.3965574],[103.82085,1.3965679],[103.8208576,1.3965284],[103.8208789,1.3965325],[103.8209321,1.3962534],[103.8208548,1.3962397],[103.8208079,1.3964953],[103.8207952,1.3965574]]]},"clearanceHeight":1.7,"clearancePrepared":true},"geometry":{"type":"Polygon","coordinates":[[[103.8208079,1.3964953],[103.8207952,1.3965574],[103.82085,1.3965679],[103.8208576,1.3965284],[103.8208789,1.3965325],[103.8209321,1.3962534],[103.8208548,1.3962397],[103.8208079,1.3964953]]]}},{"type":"Feature","id":"way/451953143-0","properties":{"addr:city":"Singapore","addr:housenumber":"16","addr:street":"Springleaf Avenue","building":"semidetached_house","clearanceGeometry":{"type":"Polygon","coordinates":[[[103.8208865,1.3980137],[103.8208549,1.3981705],[103.8208667,1.3981729],[103.8208572,1.3982197],[103.8209251,1.3982334],[103.8209392,1.3981634],[103.8209683,1.3980197],[103.8209721,1.3980008],[103.8209026,1.3979868],[103.8208968,1.3980158],[103.8208865,1.3980137]]]},"clearanceHeight":1.7,"clearancePrepared":true},"geometry":{"type":"Polygon","coordinates":[[[103.8208968,1.3980158],[103.8208865,1.3980137],[103.8208549,1.3981705],[103.8208667,1.3981729],[103.8208572,1.3982197],[103.8209251,1.3982334],[103.8209392,1.3981634],[103.8209683,1.3980197],[103.8209721,1.3980008],[103.8209026,1.3979868],[103.8208968,1.3980158]]]}},{"type":"Feature","id":"way/451953144-0","properties":{"addr:city":"Singapore","addr:housenumber":"9","addr:street":"Springleaf Lane","building":"semidetached_house","clearanceGeometry":{"type":"Polygon","coordinates":[[[103.8208852,1.3970701],[103.8209675,1.3970862],[103.8210167,1.3968354],[103.8209344,1.3968193],[103.8208852,1.3970701]]]},"clearanceHeight":1.7,"clearancePrepared":true},"geometry":{"type":"Polygon","coordinates":[[[103.8209344,1.3968193],[103.8208852,1.3970701],[103.8209675,1.3970862],[103.8210167,1.3968354],[103.8209344,1.3968193]]]}},{"type":"Feature","id":"way/451953146-0","properties":{"addr:city":"Singapore","addr:housenumber":"14","addr:street":"Springleaf Garden","building":"semidetached_house","clearanceGeometry":{"type":"Polygon","coordinates":[[[103.8216066,1.3989752],[103.8216372,1.3988268],[103.8215638,1.3988117],[103.8215332,1.3989601],[103.8216066,1.3989752]]]},"clearanceHeight":1.7,"clearancePrepared":true},"geometry":{"type":"Polygon","coordinates":[[[103.8215332,1.3989601],[103.8216066,1.3989752],[103.8216372,1.3988268],[103.8215638,1.3988117],[103.8215332,1.3989601]]]}},{"type":"Feature","id":"way/451953148-0","properties":{"addr:city":"Singapore","addr:housenumber":"15","addr:street":"Springleaf View","building":"semidetached_house","clearanceGeometry":{"type":"Polygon","coordinates":[[[103.8207888,1.3978585],[103.8208089,1.3977448],[103.8207662,1.3977372],[103.8207699,1.3977161],[103.8207152,1.3977064],[103.8206914,1.3978413],[103.8207888,1.3978585]]]},"clearanceHeight":1.7,"clearancePrepared":true},"geometry":{"type":"Polygon","coordinates":[[[103.8206914,1.3978413],[103.8207888,1.3978585],[103.8208089,1.3977448],[103.8207662,1.3977372],[103.8207699,1.3977161],[103.8207152,1.3977064],[103.8206914,1.3978413]]]}},{"type":"Feature","id":"way/451953151-0","properties":{"addr:city":"Singapore","addr:housenumber":"12","addr:street":"Springleaf Lane","building":"semidetached_house","clearanceGeometry":{"type":"Polygon","coordinates":[[[103.8213126,1.3965564],[103.8213533,1.3963499],[103.8212915,1.3963378],[103.8212508,1.3965442],[103.8213126,1.3965564]]]},"clearanceHeight":1.7,"clearancePrepared":true},"geometry":{"type":"Polygon","coordinates":[[[103.8212508,1.3965442],[103.8213126,1.3965564],[103.8213533,1.3963499],[103.8212915,1.3963378],[103.8212508,1.3965442]]]}},{"type":"Feature","id":"way/451953153-0","properties":{"addr:city":"Singapore","addr:housenumber":"26","addr:street":"Springleaf View","building":"semidetached_house","clearanceGeometry":{"type":"Polygon","coordinates":[[[103.8212381,1.3975708],[103.8212353,1.3975866],[103.821274,1.3975935],[103.8213013,1.3974406],[103.8213077,1.3974052],[103.8212336,1.397392],[103.8212027,1.3975645],[103.8212381,1.3975708]]]},"clearanceHeight":1.7,"clearancePrepared":true},"geometry":{"type":"Polygon","coordinates":[[[103.8212027,1.3975645],[103.8212381,1.3975708],[103.8212353,1.3975866],[103.821274,1.3975935],[103.8213013,1.3974406],[103.8213077,1.3974052],[103.8212336,1.397392],[103.8212027,1.3975645]]]}},{"type":"Feature","id":"way/451953156-0","properties":{"addr:city":"Singapore","addr:housenumber":"50B","addr:street":"Springleaf Avenue","building":"semidetached_house","clearanceGeometry":{"type":"Polygon","coordinates":[[[103.8214572,1.3997572],[103.8215138,1.3997682],[103.8215167,1.3997533],[103.8215293,1.3997558],[103.8215382,1.39971],[103.8215254,1.3997075],[103.8215524,1.3995691],[103.8215295,1.3995646],[103.8214146,1.3996431],[103.821465,1.3997169],[103.8214572,1.3997572]]]},"clearanceHeight":1.7,"clearancePrepared":true},"geometry":{"type":"Polygon","coordinates":[[[103.821465,1.3997169],[103.8214572,1.3997572],[103.8215138,1.3997682],[103.8215167,1.3997533],[103.8215293,1.3997558],[103.8215382,1.39971],[103.8215254,1.3997075],[103.8215524,1.3995691],[103.8215295,1.3995646],[103.8214146,1.3996431],[103.821465,1.3997169]]]}},{"type":"Feature","id":"way/451953157-0","properties":{"addr:city":"Singapore","addr:housenumber":"50","addr:street":"Springleaf Avenue","building":"semidetached_house","clearanceGeometry":{"type":"Polygon","coordinates":[[[103.8213411,1.3995472],[103.8213893,1.3995143],[103.8214044,1.3994318],[103.8212937,1.3994115],[103.8212967,1.3993952],[103.8212632,1.399389],[103.8212515,1.3994024],[103.8212383,1.3993997],[103.8212278,1.3994515],[103.8212834,1.3994628],[103.8213411,1.3995472]]]},"clearanceHeight":1.7,"clearancePrepared":true},"geometry":{"type":"Polygon","coordinates":[[[103.8212834,1.3994628],[103.8213411,1.3995472],[103.8213893,1.3995143],[103.8214044,1.3994318],[103.8212937,1.3994115],[103.8212967,1.3993952],[103.8212632,1.399389],[103.8212515,1.3994024],[103.8212383,1.3993997],[103.8212278,1.3994515],[103.8212834,1.3994628]]]}},{"type":"Feature","id":"way/451953162-0","properties":{"building":"yes","clearanceGeometry":{"type":"Polygon","coordinates":[[[103.8240048,1.398759],[103.8240315,1.3985602],[103.823901,1.3985427],[103.8238941,1.3985937],[103.8238852,1.3985925],[103.8238653,1.3987403],[103.8240048,1.398759]]]},"clearanceHeight":1.7,"clearancePrepared":true},"geometry":{"type":"Polygon","coordinates":[[[103.8238653,1.3987403],[103.8240048,1.398759],[103.8240315,1.3985602],[103.823901,1.3985427],[103.8238941,1.3985937],[103.8238852,1.3985925],[103.8238653,1.3987403]]]}},{"type":"Feature","id":"way/451953165-0","properties":{"addr:housenumber":"6","addr:street":"Springleaf Link","building":"house","source":"Kaart Ground Survey 2017","clearanceGeometry":{"type":"Polygon","coordinates":[[[103.8231546,1.3993381],[103.823186,1.3991276],[103.8230984,1.3991141],[103.8230668,1.3993254],[103.8231546,1.3993381]]]},"clearanceHeight":1.7,"clearancePrepared":true},"geometry":{"type":"Polygon","coordinates":[[[103.8230668,1.3993254],[103.8231546,1.3993381],[103.823186,1.3991276],[103.8230984,1.3991141],[103.8230668,1.3993254]]]}},{"type":"Feature","id":"way/451953167-0","properties":{"addr:housenumber":"12","addr:street":"Springleaf Drive","building":"house","source":"Kaart Ground Survey 2017","clearanceGeometry":{"type":"Polygon","coordinates":[[[103.8235722,1.399379],[103.8235883,1.3991957],[103.8234963,1.3991876],[103.8234801,1.3993709],[103.8235722,1.399379]]]},"clearanceHeight":1.7,"clearancePrepared":true},"geometry":{"type":"Polygon","coordinates":[[[103.8234801,1.3993709],[103.8235722,1.399379],[103.8235883,1.3991957],[103.8234963,1.3991876],[103.8234801,1.3993709]]]}},{"type":"Feature","id":"way/451953168-0","properties":{"addr:city":"Singapore","addr:housenumber":"31","addr:street":"Springleaf Garden","building":"semidetached_house","clearanceGeometry":{"type":"Polygon","coordinates":[[[103.8220936,1.3990674],[103.8221213,1.3989218],[103.8221263,1.398896],[103.8220542,1.3988822],[103.8220215,1.3990537],[103.8220936,1.3990674]]]},"clearanceHeight":1.7,"clearancePrepared":true},"geometry":{"type":"Polygon","coordinates":[[[103.8220215,1.3990537],[103.8220936,1.3990674],[103.8221213,1.3989218],[103.8221263,1.398896],[103.8220542,1.3988822],[103.8220215,1.3990537]]]}},{"type":"Feature","id":"way/451953170-0","properties":{"addr:city":"Singapore","addr:housenumber":"50A","addr:street":"Springleaf Avenue","building":"semidetached_house","clearanceGeometry":{"type":"Polygon","coordinates":[[[103.8215762,1.3994988],[103.821557,1.3994614],[103.8215439,1.3994573],[103.8215329,1.3994483],[103.8215107,1.399449],[103.8214999,1.3994504],[103.8214436,1.399439],[103.8214411,1.3994524],[103.8214321,1.3994552],[103.8214193,1.3995351],[103.8214451,1.3995754],[103.8214614,1.3995761],[103.8215762,1.3994988]]]},"clearanceHeight":1.7,"clearancePrepared":true},"geometry":{"type":"Polygon","coordinates":[[[103.8214614,1.3995761],[103.8215762,1.3994988],[103.821557,1.3994614],[103.8215439,1.3994573],[103.8215329,1.3994483],[103.8215107,1.399449],[103.8214999,1.3994504],[103.8214436,1.399439],[103.8214411,1.3994524],[103.8214321,1.3994552],[103.8214193,1.3995351],[103.8214451,1.3995754],[103.8214614,1.3995761]]]}},{"type":"Feature","id":"way/451953174-0","properties":{"addr:city":"Singapore","addr:housenumber":"27","addr:street":"Springleaf Garden","building":"semidetached_house","clearanceGeometry":{"type":"Polygon","coordinates":[[[103.8222416,1.3990022],[103.8222168,1.3991299],[103.8223365,1.3991532],[103.8223386,1.399142],[103.822388,1.3991516],[103.8224277,1.3989471],[103.8222467,1.398912],[103.8222297,1.3989998],[103.8222416,1.3990022]]]},"clearanceHeight":1.7,"clearancePrepared":true},"geometry":{"type":"Polygon","coordinates":[[[103.8222297,1.3989998],[103.8222416,1.3990022],[103.8222168,1.3991299],[103.8223365,1.3991532],[103.8223386,1.399142],[103.822388,1.3991516],[103.8224277,1.3989471],[103.8222467,1.398912],[103.8222297,1.3989998]]]}},{"type":"Feature","id":"way/451953176-0","properties":{"addr:housenumber":"18","addr:street":"Springleaf Drive","building":"house","source":"Kaart Ground Survey 2017","clearanceGeometry":{"type":"Polygon","coordinates":[[[103.82389,1.3994198],[103.8239121,1.3992356],[103.8238339,1.3992262],[103.8238119,1.3994104],[103.82389,1.3994198]]]},"clearanceHeight":1.7,"clearancePrepared":true},"geometry":{"type":"Polygon","coordinates":[[[103.8238119,1.3994104],[103.82389,1.3994198],[103.8239121,1.3992356],[103.8238339,1.3992262],[103.8238119,1.3994104]]]}},{"type":"Feature","id":"way/451953177-0","properties":{"building":"yes","clearanceGeometry":{"type":"Polygon","coordinates":[[[103.8236076,1.3987165],[103.8236344,1.3985177],[103.8235039,1.3985002],[103.823497,1.3985512],[103.8234881,1.39855],[103.8234682,1.3986977],[103.8236076,1.3987165]]]},"clearanceHeight":1.7,"clearancePrepared":true},"geometry":{"type":"Polygon","coordinates":[[[103.8234682,1.3986977],[103.8236076,1.3987165],[103.8236344,1.3985177],[103.8235039,1.3985002],[103.823497,1.3985512],[103.8234881,1.39855],[103.8234682,1.3986977]]]}},{"type":"Feature","id":"way/451953178-0","properties":{"building":"yes","clearanceGeometry":{"type":"Polygon","coordinates":[[[103.8238063,1.3987456],[103.823833,1.3985468],[103.8237025,1.3985293],[103.8236956,1.3985803],[103.8236867,1.3985791],[103.8236668,1.3987269],[103.8238063,1.3987456]]]},"clearanceHeight":1.7,"clearancePrepared":true},"geometry":{"type":"Polygon","coordinates":[[[103.8236668,1.3987269],[103.8238063,1.3987456],[103.823833,1.3985468],[103.8237025,1.3985293],[103.8236956,1.3985803],[103.8236867,1.3985791],[103.8236668,1.3987269]]]}},{"type":"Feature","id":"way/451953180-0","properties":{"addr:housenumber":"16","addr:street":"Springleaf Drive","building":"house","source":"Kaart Ground Survey 2017","clearanceGeometry":{"type":"Polygon","coordinates":[[[103.8237762,1.3994027],[103.823795,1.39922],[103.823701,1.3992103],[103.8236821,1.399393],[103.8237762,1.3994027]]]},"clearanceHeight":1.7,"clearancePrepared":true},"geometry":{"type":"Polygon","coordinates":[[[103.8236821,1.399393],[103.8237762,1.3994027],[103.823795,1.39922],[103.823701,1.3992103],[103.8236821,1.399393]]]}},{"type":"Feature","id":"way/451953181-0","properties":{"addr:city":"Singapore","addr:housenumber":"1","addr:street":"Springleaf Avenue","building":"semidetached_house","clearanceGeometry":{"type":"Polygon","coordinates":[[[103.8211308,1.399255],[103.8211232,1.3992956],[103.8211551,1.3993016],[103.8211505,1.3993255],[103.821259,1.399346],[103.8212977,1.3991414],[103.8212259,1.3991278],[103.8212202,1.3991584],[103.821163,1.3991476],[103.8211607,1.3991598],[103.8211236,1.3991528],[103.8211052,1.3992501],[103.8211308,1.399255]]]},"clearanceHeight":1.7,"clearancePrepared":true},"geometry":{"type":"Polygon","coordinates":[[[103.8211052,1.3992501],[103.8211308,1.399255],[103.8211232,1.3992956],[103.8211551,1.3993016],[103.8211505,1.3993255],[103.821259,1.399346],[103.8212977,1.3991414],[103.8212259,1.3991278],[103.8212202,1.3991584],[103.821163,1.3991476],[103.8211607,1.3991598],[103.8211236,1.3991528],[103.8211052,1.3992501]]]}},{"type":"Feature","id":"way/451953182-0","properties":{"addr:housenumber":"4","addr:street":"Springleaf Drive","building":"house","source":"Kaart Ground Survey 2017","clearanceGeometry":{"type":"Polygon","coordinates":[[[103.822978,1.3993282],[103.8230086,1.3991098],[103.8229211,1.3990976],[103.8228905,1.3993159],[103.822978,1.3993282]]]},"clearanceHeight":1.7,"clearancePrepared":true},"geometry":{"type":"Polygon","coordinates":[[[103.8228905,1.3993159],[103.822978,1.3993282],[103.8230086,1.3991098],[103.8229211,1.3990976],[103.8228905,1.3993159]]]}},{"type":"Feature","id":"way/451953184-0","properties":{"addr:city":"Singapore","addr:housenumber":"4","addr:street":"Springleaf Garden","building":"semidetached_house","clearanceGeometry":{"type":"Polygon","coordinates":[[[103.8211066,1.3989045],[103.8211452,1.3987067],[103.8210611,1.3986903],[103.8210567,1.3987128],[103.8210259,1.3988709],[103.8210154,1.3989244],[103.8210588,1.3989329],[103.8210659,1.3988966],[103.8211066,1.3989045]]]},"clearanceHeight":1.7,"clearancePrepared":true},"geometry":{"type":"Polygon","coordinates":[[[103.8210659,1.3988966],[103.8211066,1.3989045],[103.8211452,1.3987067],[103.8210611,1.3986903],[103.8210567,1.3987128],[103.8210259,1.3988709],[103.8210154,1.3989244],[103.8210588,1.3989329],[103.8210659,1.3988966]]]}},{"type":"Feature","id":"way/451953189-0","properties":{"building":"yes","clearanceGeometry":{"type":"Polygon","coordinates":[[[103.8232902,1.3984448],[103.8233105,1.3982911],[103.8232755,1.3982865],[103.8232837,1.398224],[103.8232182,1.3982154],[103.82321,1.3982778],[103.8231683,1.3982723],[103.823148,1.398426],[103.8232902,1.3984448]]]},"clearanceHeight":1.7,"clearancePrepared":true},"geometry":{"type":"Polygon","coordinates":[[[103.823148,1.398426],[103.8232902,1.3984448],[103.8233105,1.3982911],[103.8232755,1.3982865],[103.8232837,1.398224],[103.8232182,1.3982154],[103.82321,1.3982778],[103.8231683,1.3982723],[103.823148,1.398426]]]}},{"type":"Feature","id":"way/451953192-0","properties":{"addr:city":"Singapore","addr:housenumber":"24","addr:street":"Springleaf Avenue","building":"semidetached_house","clearanceGeometry":{"type":"Polygon","coordinates":[[[103.8211838,1.3984711],[103.8211419,1.398463],[103.8211488,1.3984276],[103.8211074,1.3984196],[103.8210967,1.3984745],[103.8210694,1.3986156],[103.8210653,1.3986369],[103.8211487,1.398653],[103.8211838,1.3984711]]]},"clearanceHeight":1.7,"clearancePrepared":true},"geometry":{"type":"Polygon","coordinates":[[[103.8211487,1.398653],[103.8211838,1.3984711],[103.8211419,1.398463],[103.8211488,1.3984276],[103.8211074,1.3984196],[103.8210967,1.3984745],[103.8210694,1.3986156],[103.8210653,1.3986369],[103.8211487,1.398653]]]}},{"type":"Feature","id":"way/451953193-0","properties":{"addr:city":"Singapore","addr:housenumber":"37","addr:street":"Springleaf Garden","building":"semidetached_house","clearanceGeometry":{"type":"Polygon","coordinates":[[[103.8219539,1.3987832],[103.8219787,1.3986391],[103.8219118,1.3986276],[103.8218869,1.3987717],[103.8219539,1.3987832]]]},"clearanceHeight":1.7,"clearancePrepared":true},"geometry":{"type":"Polygon","coordinates":[[[103.8218869,1.3987717],[103.8219539,1.3987832],[103.8219787,1.3986391],[103.8219118,1.3986276],[103.8218869,1.3987717]]]}},{"type":"Feature","id":"way/451953194-0","properties":{"addr:city":"Singapore","addr:housenumber":"20","addr:street":"Springleaf Garden","building":"semidetached_house","clearanceGeometry":{"type":"Polygon","coordinates":[[[103.8216535,1.3987574],[103.8216582,1.3987303],[103.8216832,1.3985871],[103.8216918,1.3985382],[103.8216469,1.3985304],[103.8216407,1.398566],[103.8216029,1.3985594],[103.8215708,1.398743],[103.8216535,1.3987574]]]},"clearanceHeight":1.7,"clearancePrepared":true},"geometry":{"type":"Polygon","coordinates":[[[103.8215708,1.398743],[103.8216535,1.3987574],[103.8216582,1.3987303],[103.8216832,1.3985871],[103.8216918,1.3985382],[103.8216469,1.3985304],[103.8216407,1.398566],[103.8216029,1.3985594],[103.8215708,1.398743]]]}},{"type":"Feature","id":"way/451953197-0","properties":{"building":"yes","clearanceGeometry":{"type":"Polygon","coordinates":[[[103.8237679,1.3991409],[103.8237882,1.3989873],[103.8237533,1.3989826],[103.8237615,1.3989202],[103.823696,1.3989116],[103.8236877,1.398974],[103.8236461,1.3989685],[103.8236258,1.3991222],[103.8237679,1.3991409]]]},"clearanceHeight":1.7,"clearancePrepared":true},"geometry":{"type":"Polygon","coordinates":[[[103.8236258,1.3991222],[103.8237679,1.3991409],[103.8237882,1.3989873],[103.8237533,1.3989826],[103.8237615,1.3989202],[103.823696,1.3989116],[103.8236877,1.398974],[103.8236461,1.3989685],[103.8236258,1.3991222]]]}},{"type":"Feature","id":"way/451953199-0","properties":{"building":"yes","clearanceGeometry":{"type":"Polygon","coordinates":[[[103.8236402,1.3984743],[103.8236605,1.3983206],[103.8236255,1.398316],[103.8236338,1.3982535],[103.8235682,1.3982449],[103.82356,1.3983073],[103.8235183,1.3983018],[103.823498,1.3984555],[103.8236402,1.3984743]]]},"clearanceHeight":1.7,"clearancePrepared":true},"geometry":{"type":"Polygon","coordinates":[[[103.823498,1.3984555],[103.8236402,1.3984743],[103.8236605,1.3983206],[103.8236255,1.398316],[103.8236338,1.3982535],[103.8235682,1.3982449],[103.82356,1.3983073],[103.8235183,1.3983018],[103.823498,1.3984555]]]}},{"type":"Feature","id":"way/451953200-0","properties":{"building":"yes","clearanceGeometry":{"type":"Polygon","coordinates":[[[103.8230035,1.3990632],[103.8230238,1.3989095],[103.8229888,1.3989049],[103.8229971,1.3988424],[103.8229316,1.3988338],[103.8229233,1.3988962],[103.8228816,1.3988907],[103.8228613,1.3990444],[103.8230035,1.3990632]]]},"clearanceHeight":1.7,"clearancePrepared":true},"geometry":{"type":"Polygon","coordinates":[[[103.8228613,1.3990444],[103.8230035,1.3990632],[103.8230238,1.3989095],[103.8229888,1.3989049],[103.8229971,1.3988424],[103.8229316,1.3988338],[103.8229233,1.3988962],[103.8228816,1.3988907],[103.8228613,1.3990444]]]}},{"type":"Feature","id":"way/451953201-0","properties":{"building":"yes","clearanceGeometry":{"type":"Polygon","coordinates":[[[103.8230662,1.3984193],[103.8230865,1.3982656],[103.8230515,1.398261],[103.8230598,1.3981986],[103.8229942,1.3981899],[103.822986,1.3982524],[103.8229443,1.3982469],[103.822924,1.3984005],[103.8230662,1.3984193]]]},"clearanceHeight":1.7,"clearancePrepared":true},"geometry":{"type":"Polygon","coordinates":[[[103.822924,1.3984005],[103.8230662,1.3984193],[103.8230865,1.3982656],[103.8230515,1.398261],[103.8230598,1.3981986],[103.8229942,1.3981899],[103.822986,1.3982524],[103.8229443,1.3982469],[103.822924,1.3984005]]]}},{"type":"Feature","id":"way/451953202-0","properties":{"addr:city":"Singapore","addr:housenumber":"11","addr:street":"Springleaf Garden","building":"semidetached_house","clearanceGeometry":{"type":"Polygon","coordinates":[[[103.8215596,1.399433],[103.8216505,1.3994485],[103.8216843,1.3992493],[103.8216428,1.3992422],[103.8216503,1.3991977],[103.821601,1.3991893],[103.8215637,1.3994087],[103.8215596,1.399433]]]},"clearanceHeight":1.7,"clearancePrepared":true},"geometry":{"type":"Polygon","coordinates":[[[103.8215637,1.3994087],[103.8215596,1.399433],[103.8216505,1.3994485],[103.8216843,1.3992493],[103.8216428,1.3992422],[103.8216503,1.3991977],[103.821601,1.3991893],[103.8215637,1.3994087]]]}},{"type":"Feature","id":"way/451953206-0","properties":{"addr:city":"Singapore","addr:housenumber":"43","addr:street":"Springleaf Garden","building":"semidetached_house","clearanceGeometry":{"type":"Polygon","coordinates":[[[103.8222197,1.398832],[103.8222461,1.398689],[103.8221689,1.3986748],[103.8221424,1.3988177],[103.8222197,1.398832]]]},"clearanceHeight":1.7,"clearancePrepared":true},"geometry":{"type":"Polygon","coordinates":[[[103.8221424,1.3988177],[103.8222197,1.398832],[103.8222461,1.398689],[103.8221689,1.3986748],[103.8221424,1.3988177]]]}},{"type":"Feature","id":"way/451953208-0","properties":{"building":"yes","clearanceGeometry":{"type":"Polygon","coordinates":[[[103.8238312,1.3984931],[103.8238515,1.3983395],[103.8238165,1.3983349],[103.8238248,1.3982724],[103.8237593,1.3982638],[103.823751,1.3983262],[103.8237094,1.3983207],[103.823689,1.3984744],[103.8238312,1.3984931]]]},"clearanceHeight":1.7,"clearancePrepared":true},"geometry":{"type":"Polygon","coordinates":[[[103.823689,1.3984744],[103.8238312,1.3984931],[103.8238515,1.3983395],[103.8238165,1.3983349],[103.8238248,1.3982724],[103.8237593,1.3982638],[103.823751,1.3983262],[103.8237094,1.3983207],[103.823689,1.3984744]]]}},{"type":"Feature","id":"way/451953212-0","properties":{"addr:city":"Singapore","addr:housenumber":"54","addr:street":"Springleaf Avenue","building":"semidetached_house","clearanceGeometry":{"type":"Polygon","coordinates":[[[103.8218552,1.3996636],[103.8218496,1.3996986],[103.8219417,1.3997133],[103.8219567,1.3996186],[103.8219308,1.3996144],[103.8219365,1.3995784],[103.8218862,1.3995705],[103.8218896,1.3995489],[103.8218429,1.3995415],[103.8218243,1.3996587],[103.8218552,1.3996636]]]},"clearanceHeight":1.7,"clearancePrepared":true},"geometry":{"type":"Polygon","coordinates":[[[103.8218243,1.3996587],[103.8218552,1.3996636],[103.8218496,1.3996986],[103.8219417,1.3997133],[103.8219567,1.3996186],[103.8219308,1.3996144],[103.8219365,1.3995784],[103.8218862,1.3995705],[103.8218896,1.3995489],[103.8218429,1.3995415],[103.8218243,1.3996587]]]}},{"type":"Feature","id":"way/451953215-0","properties":{"addr:city":"Singapore","addr:housenumber":"15","addr:street":"Springleaf Garden","building":"semidetached_house","clearanceGeometry":{"type":"Polygon","coordinates":[[[103.8217671,1.3994141],[103.8217962,1.3992657],[103.8217247,1.3992517],[103.8216957,1.3994001],[103.8217671,1.3994141]]]},"clearanceHeight":1.7,"clearancePrepared":true},"geometry":{"type":"Polygon","coordinates":[[[103.8216957,1.3994001],[103.8217671,1.3994141],[103.8217962,1.3992657],[103.8217247,1.3992517],[103.8216957,1.3994001]]]}},{"type":"Feature","id":"way/451953216-0","properties":{"building":"yes","clearanceGeometry":{"type":"Polygon","coordinates":[[[103.8230939,1.3980023],[103.8230909,1.3980416],[103.8231466,1.3980459],[103.8231496,1.3980065],[103.8231841,1.3980091],[103.823195,1.3978655],[103.8230542,1.3978548],[103.8230433,1.3979984],[103.8230939,1.3980023]]]},"clearanceHeight":1.7,"clearancePrepared":true},"geometry":{"type":"Polygon","coordinates":[[[103.8230433,1.3979984],[103.8230939,1.3980023],[103.8230909,1.3980416],[103.8231466,1.3980459],[103.8231496,1.3980065],[103.8231841,1.3980091],[103.823195,1.3978655],[103.8230542,1.3978548],[103.8230433,1.3979984]]]}},{"type":"Feature","id":"way/451953218-0","properties":{"addr:city":"Singapore","addr:housenumber":"45","addr:street":"Springleaf Garden","building":"semidetached_house","clearanceGeometry":{"type":"Polygon","coordinates":[[[103.8223317,1.3988552],[103.8223593,1.3987121],[103.8222886,1.3986985],[103.822261,1.3988415],[103.8223317,1.3988552]]]},"clearanceHeight":1.7,"clearancePrepared":true},"geometry":{"type":"Polygon","coordinates":[[[103.822261,1.3988415],[103.8223317,1.3988552],[103.8223593,1.3987121],[103.8222886,1.3986985],[103.822261,1.3988415]]]}},{"type":"Feature","id":"way/451953220-0","properties":{"addr:city":"Singapore","addr:housenumber":"22","addr:street":"Springleaf Avenue","building":"semidetached_house","clearanceGeometry":{"type":"Polygon","coordinates":[[[103.821269,1.3986534],[103.8212971,1.3985101],[103.8212201,1.398495],[103.821192,1.3986383],[103.821269,1.3986534]]]},"clearanceHeight":1.7,"clearancePrepared":true},"geometry":{"type":"Polygon","coordinates":[[[103.821192,1.3986383],[103.821269,1.3986534],[103.8212971,1.3985101],[103.8212201,1.398495],[103.821192,1.3986383]]]}},{"type":"Feature","id":"way/451953221-0","properties":{"building":"yes","clearanceGeometry":{"type":"Polygon","coordinates":[[[103.823694,1.3979989],[103.8236892,1.3980565],[103.8237366,1.3980605],[103.8237414,1.3980028],[103.8237629,1.3980045],[103.8237744,1.3978655],[103.8236443,1.3978548],[103.8236328,1.3979938],[103.823694,1.3979989]]]},"clearanceHeight":1.7,"clearancePrepared":true},"geometry":{"type":"Polygon","coordinates":[[[103.8236328,1.3979938],[103.823694,1.3979989],[103.8236892,1.3980565],[103.8237366,1.3980605],[103.8237414,1.3980028],[103.8237629,1.3980045],[103.8237744,1.3978655],[103.8236443,1.3978548],[103.8236328,1.3979938]]]}},{"type":"Feature","id":"way/451953222-0","properties":{"building":"yes","clearanceGeometry":{"type":"Polygon","coordinates":[[[103.8240291,1.3985131],[103.8240494,1.3983595],[103.8240144,1.3983549],[103.8240227,1.3982924],[103.8239572,1.3982838],[103.8239489,1.3983462],[103.8239073,1.3983407],[103.823887,1.3984944],[103.8240291,1.3985131]]]},"clearanceHeight":1.7,"clearancePrepared":true},"geometry":{"type":"Polygon","coordinates":[[[103.823887,1.3984944],[103.8240291,1.3985131],[103.8240494,1.3983595],[103.8240144,1.3983549],[103.8240227,1.3982924],[103.8239572,1.3982838],[103.8239489,1.3983462],[103.8239073,1.3983407],[103.823887,1.3984944]]]}},{"type":"Feature","id":"way/451953226-0","properties":{"addr:city":"Singapore","addr:housenumber":"24","addr:street":"Springleaf Garden","building":"semidetached_house","clearanceGeometry":{"type":"Polygon","coordinates":[[[103.8214622,1.3986928],[103.821491,1.3985503],[103.8214184,1.3985329],[103.8213917,1.3986776],[103.8214622,1.3986928]]]},"clearanceHeight":1.7,"clearancePrepared":true},"geometry":{"type":"Polygon","coordinates":[[[103.8213917,1.3986776],[103.8214622,1.3986928],[103.821491,1.3985503],[103.8214184,1.3985329],[103.8213917,1.3986776]]]}},{"type":"Feature","id":"way/451953227-0","properties":{"building":"yes","clearanceGeometry":{"type":"Polygon","coordinates":[[[103.8238944,1.3980313],[103.8238912,1.3980649],[103.8239656,1.3980721],[103.8239893,1.3978282],[103.8239329,1.3978227],[103.8239272,1.3978815],[103.8238455,1.3978736],[103.8238308,1.3980251],[103.8238944,1.3980313]]]},"clearanceHeight":1.7,"clearancePrepared":true},"geometry":{"type":"Polygon","coordinates":[[[103.8238308,1.3980251],[103.8238944,1.3980313],[103.8238912,1.3980649],[103.8239656,1.3980721],[103.8239893,1.3978282],[103.8239329,1.3978227],[103.8239272,1.3978815],[103.8238455,1.3978736],[103.8238308,1.3980251]]]}},{"type":"Feature","id":"way/451953231-0","properties":{"building":"yes","clearanceGeometry":{"type":"Polygon","coordinates":[[[103.8234971,1.3979771],[103.8234937,1.3980295],[103.8235513,1.3980332],[103.8235547,1.3979808],[103.8235895,1.3979831],[103.8235987,1.3978414],[103.8234539,1.397832],[103.8234447,1.3979737],[103.8234971,1.3979771]]]},"clearanceHeight":1.7,"clearancePrepared":true},"geometry":{"type":"Polygon","coordinates":[[[103.8234447,1.3979737],[103.8234971,1.3979771],[103.8234937,1.3980295],[103.8235513,1.3980332],[103.8235547,1.3979808],[103.8235895,1.3979831],[103.8235987,1.3978414],[103.8234539,1.397832],[103.8234447,1.3979737]]]}},{"type":"Feature","id":"way/451953232-0","properties":{"building":"yes","clearanceGeometry":{"type":"Polygon","coordinates":[[[103.8235681,1.3991195],[103.8235884,1.3989658],[103.8235534,1.3989612],[103.8235617,1.3988988],[103.8234962,1.3988901],[103.8234879,1.3989525],[103.8234463,1.398947],[103.8234259,1.3991007],[103.8235681,1.3991195]]]},"clearanceHeight":1.7,"clearancePrepared":true},"geometry":{"type":"Polygon","coordinates":[[[103.8234259,1.3991007],[103.8235681,1.3991195],[103.8235884,1.3989658],[103.8235534,1.3989612],[103.8235617,1.3988988],[103.8234962,1.3988901],[103.8234879,1.3989525],[103.8234463,1.398947],[103.8234259,1.3991007]]]}},{"type":"Feature","id":"way/451953233-0","properties":{"addr:city":"Singapore","addr:housenumber":"65","addr:street":"Nee Soon Road","building":"house","source":"Kaart Ground Survey 2017","clearanceGeometry":{"type":"Polygon","coordinates":[[[103.8217965,1.4000106],[103.82175,1.4000602],[103.8217889,1.4000967],[103.8218354,1.4000471],[103.821852,1.4000627],[103.8218952,1.4000167],[103.8217978,1.3999254],[103.8217546,1.3999714],[103.8217965,1.4000106]]]},"clearanceHeight":1.7,"clearancePrepared":true},"geometry":{"type":"Polygon","coordinates":[[[103.8217546,1.3999714],[103.8217965,1.4000106],[103.82175,1.4000602],[103.8217889,1.4000967],[103.8218354,1.4000471],[103.821852,1.4000627],[103.8218952,1.4000167],[103.8217978,1.3999254],[103.8217546,1.3999714]]]}},{"type":"Feature","id":"way/451953234-0","properties":{"building":"yes","clearanceGeometry":{"type":"Polygon","coordinates":[[[103.8232261,1.399086],[103.8232464,1.3989323],[103.8232115,1.3989277],[103.8232197,1.3988652],[103.8231542,1.3988566],[103.8231459,1.398919],[103.8231043,1.3989135],[103.823084,1.3990672],[103.8232261,1.399086]]]},"clearanceHeight":1.7,"clearancePrepared":true},"geometry":{"type":"Polygon","coordinates":[[[103.823084,1.3990672],[103.8232261,1.399086],[103.8232464,1.3989323],[103.8232115,1.3989277],[103.8232197,1.3988652],[103.8231542,1.3988566],[103.8231459,1.398919],[103.8231043,1.3989135],[103.823084,1.3990672]]]}},{"type":"Feature","id":"way/451953235-0","properties":{"addr:city":"Singapore","addr:housenumber":"5","addr:street":"Springleaf Garden","building":"semidetached_house","clearanceGeometry":{"type":"Polygon","coordinates":[[[103.8213649,1.3993988],[103.82141,1.3991555],[103.8213595,1.3991461],[103.8213554,1.3991683],[103.8213245,1.3991626],[103.8212835,1.3993838],[103.8213649,1.3993988]]]},"clearanceHeight":1.7,"clearancePrepared":true},"geometry":{"type":"Polygon","coordinates":[[[103.8212835,1.3993838],[103.8213649,1.3993988],[103.82141,1.3991555],[103.8213595,1.3991461],[103.8213554,1.3991683],[103.8213245,1.3991626],[103.8212835,1.3993838]]]}},{"type":"Feature","id":"way/451953236-0","properties":{"building":"yes","clearanceGeometry":{"type":"Polygon","coordinates":[[[103.823961,1.399157],[103.8239814,1.3990033],[103.8239464,1.3989987],[103.8239546,1.3989363],[103.8238891,1.3989276],[103.8238809,1.3989901],[103.8238392,1.3989846],[103.8238189,1.3991383],[103.823961,1.399157]]]},"clearanceHeight":1.7,"clearancePrepared":true},"geometry":{"type":"Polygon","coordinates":[[[103.8238189,1.3991383],[103.823961,1.399157],[103.8239814,1.3990033],[103.8239464,1.3989987],[103.8239546,1.3989363],[103.8238891,1.3989276],[103.8238809,1.3989901],[103.8238392,1.3989846],[103.8238189,1.3991383]]]}},{"type":"Feature","id":"way/453217274-0","properties":{"addr:city":"Singapore","addr:housenumber":"32","addr:street":"Springleaf Walk","building":"semidetached_house","clearanceGeometry":{"type":"Polygon","coordinates":[[[103.8206493,1.3963553],[103.8206726,1.3962323],[103.8206751,1.3962188],[103.8206044,1.3962055],[103.8205395,1.39655],[103.8206101,1.3965633],[103.8206493,1.3963553]]]},"clearanceHeight":1.7,"clearancePrepared":true},"geometry":{"type":"Polygon","coordinates":[[[103.8206101,1.3965633],[103.8206493,1.3963553],[103.8206726,1.3962323],[103.8206751,1.3962188],[103.8206044,1.3962055],[103.8205395,1.39655],[103.8206101,1.3965633]]]}},{"type":"Feature","id":"way/453217283-0","properties":{"addr:city":"Singapore","addr:housenumber":"3","addr:street":"Springleaf Lane","building":"semidetached_house","clearanceGeometry":{"type":"Polygon","coordinates":[[[103.8207481,1.3968027],[103.8206736,1.3967892],[103.8206312,1.3970234],[103.8207057,1.3970369],[103.8207481,1.3968027]]]},"clearanceHeight":1.7,"clearancePrepared":true},"geometry":{"type":"Polygon","coordinates":[[[103.8207057,1.3970369],[103.8207481,1.3968027],[103.8206736,1.3967892],[103.8206312,1.3970234],[103.8207057,1.3970369]]]}},{"type":"Feature","id":"way/453217284-0","properties":{"addr:city":"Singapore","addr:housenumber":"1","addr:street":"Springleaf Lane","building":"semidetached_house","clearanceGeometry":{"type":"Polygon","coordinates":[[[103.8206368,1.3968015],[103.8206062,1.3967961],[103.8205899,1.3967745],[103.8205663,1.3967703],[103.8205284,1.3969841],[103.8206023,1.3969971],[103.8206368,1.3968015]]]},"clearanceHeight":1.7,"clearancePrepared":true},"geometry":{"type":"Polygon","coordinates":[[[103.8206023,1.3969971],[103.8206368,1.3968015],[103.8206062,1.3967961],[103.8205899,1.3967745],[103.8205663,1.3967703],[103.8205284,1.3969841],[103.8206023,1.3969971]]]}},{"type":"Feature","id":"way/453217285-0","properties":{"addr:city":"Singapore","addr:housenumber":"35","addr:street":"Springleaf Walk","building":"semidetached_house","clearanceGeometry":{"type":"Polygon","coordinates":[[[103.8205663,1.3967703],[103.8205795,1.3967004],[103.820551,1.3966952],[103.8205543,1.3966777],[103.8205065,1.3966689],[103.8204508,1.3969711],[103.8205284,1.3969841],[103.8205663,1.3967703]]]},"clearanceHeight":1.7,"clearancePrepared":true},"geometry":{"type":"Polygon","coordinates":[[[103.8205284,1.3969841],[103.8205663,1.3967703],[103.8205795,1.3967004],[103.820551,1.3966952],[103.8205543,1.3966777],[103.8205065,1.3966689],[103.8204508,1.3969711],[103.8205284,1.3969841]]]}},{"type":"Feature","id":"way/453217286-0","properties":{"addr:city":"Singapore","addr:housenumber":"33","addr:street":"Springleaf Walk","building":"semidetached_house","clearanceGeometry":{"type":"Polygon","coordinates":[[[103.8204599,1.3967316],[103.8203837,1.3967173],[103.8203792,1.3967413],[103.8203538,1.3968769],[103.8203377,1.3969631],[103.820414,1.3969773],[103.8204599,1.3967316]]]},"clearanceHeight":1.7,"clearancePrepared":true},"geometry":{"type":"Polygon","coordinates":[[[103.820414,1.3969773],[103.8204599,1.3967316],[103.8203837,1.3967173],[103.8203792,1.3967413],[103.8203538,1.3968769],[103.8203377,1.3969631],[103.820414,1.3969773]]]}},{"type":"Feature","id":"way/453217287-0","properties":{"addr:city":"Singapore","addr:housenumber":"27","addr:street":"Springleaf Walk","building":"semidetached_house","clearanceGeometry":{"type":"Polygon","coordinates":[[[103.8201985,1.3967216],[103.8201341,1.3967088],[103.8201057,1.3968497],[103.8201716,1.3968619],[103.8201985,1.3967216]]]},"clearanceHeight":1.7,"clearancePrepared":true},"geometry":{"type":"Polygon","coordinates":[[[103.8201716,1.3968619],[103.8201985,1.3967216],[103.8201341,1.3967088],[103.8201057,1.3968497],[103.8201716,1.3968619]]]}},{"type":"Feature","id":"way/453217288-0","properties":{"addr:city":"Singapore","addr:housenumber":"25","addr:street":"Springleaf Walk","building":"semidetached_house","clearanceGeometry":{"type":"Polygon","coordinates":[[[103.8201075,1.3966107],[103.8200308,1.3965957],[103.8200256,1.3966225],[103.8199794,1.3968588],[103.8199761,1.3968756],[103.8200528,1.3968906],[103.8201075,1.3966107]]]},"clearanceHeight":1.7,"clearancePrepared":true},"geometry":{"type":"Polygon","coordinates":[[[103.8200528,1.3968906],[103.8201075,1.3966107],[103.8200308,1.3965957],[103.8200256,1.3966225],[103.8199794,1.3968588],[103.8199761,1.3968756],[103.8200528,1.3968906]]]}},{"type":"Feature","id":"way/453217289-0","properties":{"addr:city":"Singapore","addr:housenumber":"19","addr:street":"Springleaf Walk","building":"semidetached_house","clearanceGeometry":{"type":"Polygon","coordinates":[[[103.8198464,1.3965589],[103.8198082,1.3965517],[103.8197993,1.3965989],[103.8197532,1.3965903],[103.8197098,1.396822],[103.819794,1.3968377],[103.8198464,1.3965589]]]},"clearanceHeight":1.7,"clearancePrepared":true},"geometry":{"type":"Polygon","coordinates":[[[103.819794,1.3968377],[103.8198464,1.3965589],[103.8198082,1.3965517],[103.8197993,1.3965989],[103.8197532,1.3965903],[103.8197098,1.396822],[103.819794,1.3968377]]]}},{"type":"Feature","id":"way/453217290-0","properties":{"addr:city":"Singapore","addr:housenumber":"15","addr:street":"Springleaf Walk","building":"semidetached_house","clearanceGeometry":{"type":"Polygon","coordinates":[[[103.8196505,1.3966107],[103.8195862,1.3965993],[103.8195617,1.396737],[103.8196261,1.3967484],[103.8196505,1.3966107]]]},"clearanceHeight":1.7,"clearancePrepared":true},"geometry":{"type":"Polygon","coordinates":[[[103.8196261,1.3967484],[103.8196505,1.3966107],[103.8195862,1.3965993],[103.8195617,1.396737],[103.8196261,1.3967484]]]}},{"type":"Feature","id":"way/453218722-0","properties":{"addr:city":"Singapore","addr:housenumber":"52","addr:street":"Thong Soon Green","building":"semidetached_house","clearanceGeometry":{"type":"Polygon","coordinates":[[[103.8199963,1.3994223],[103.8199045,1.3992599],[103.8198731,1.3992777],[103.8198674,1.3992676],[103.8198556,1.3992646],[103.8198345,1.3992765],[103.8199361,1.3994563],[103.8199963,1.3994223]]]},"clearanceHeight":1.7,"clearancePrepared":true},"geometry":{"type":"Polygon","coordinates":[[[103.8199361,1.3994563],[103.8199963,1.3994223],[103.8199045,1.3992599],[103.8198731,1.3992777],[103.8198674,1.3992676],[103.8198556,1.3992646],[103.8198345,1.3992765],[103.8199361,1.3994563]]]}},{"type":"Feature","id":"way/453218723-0","properties":{"addr:city":"Singapore","addr:housenumber":"38","addr:street":"Thong Soon Green","building":"semidetached_house","clearanceGeometry":{"type":"Polygon","coordinates":[[[103.8203168,1.3990296],[103.8202854,1.399047],[103.8202803,1.3990376],[103.8202689,1.3990346],[103.8202468,1.3990469],[103.820255,1.3990626],[103.8203464,1.3992268],[103.8204073,1.3991931],[103.8203168,1.3990296]]]},"clearanceHeight":1.7,"clearancePrepared":true},"geometry":{"type":"Polygon","coordinates":[[[103.8204073,1.3991931],[103.8203168,1.3990296],[103.8202854,1.399047],[103.8202803,1.3990376],[103.8202689,1.3990346],[103.8202468,1.3990469],[103.820255,1.3990626],[103.8203464,1.3992268],[103.8204073,1.3991931]]]}},{"type":"Feature","id":"way/453218725-0","properties":{"addr:city":"Singapore","addr:housenumber":"47","addr:street":"Thong Soon Green","building":"semidetached_house","clearanceGeometry":{"type":"Polygon","coordinates":[[[103.8200519,1.398967],[103.8200463,1.3989571],[103.820077,1.3989399],[103.8199844,1.3987753],[103.8199246,1.3988097],[103.8200178,1.3989751],[103.8200269,1.3989914],[103.8200479,1.3989796],[103.8200519,1.398967]]]},"clearanceHeight":1.7,"clearancePrepared":true},"geometry":{"type":"Polygon","coordinates":[[[103.8200479,1.3989796],[103.8200519,1.398967],[103.8200463,1.3989571],[103.820077,1.3989399],[103.8199844,1.3987753],[103.8199246,1.3988097],[103.8200178,1.3989751],[103.8200269,1.3989914],[103.8200479,1.3989796]]]}},{"type":"Feature","id":"way/453218729-0","properties":{"addr:city":"Singapore","addr:housenumber":"35","addr:street":"Thong Soon Green","building":"yes","clearanceGeometry":{"type":"Polygon","coordinates":[[[103.8197949,1.3984673],[103.8197782,1.3984765],[103.8197715,1.3984643],[103.8197584,1.3984716],[103.8197452,1.3984477],[103.8196044,1.3985255],[103.819639,1.3985875],[103.8198092,1.3984928],[103.8197949,1.3984673]]]},"clearanceHeight":1.7,"clearancePrepared":true},"geometry":{"type":"Polygon","coordinates":[[[103.8198092,1.3984928],[103.8197949,1.3984673],[103.8197782,1.3984765],[103.8197715,1.3984643],[103.8197584,1.3984716],[103.8197452,1.3984477],[103.8196044,1.3985255],[103.819639,1.3985875],[103.8198092,1.3984928]]]}},{"type":"Feature","id":"way/453218732-0","properties":{"addr:city":"Singapore","addr:housenumber":"36","addr:street":"Thong Soon Green","building":"semidetached_house","clearanceGeometry":{"type":"Polygon","coordinates":[[[103.819678,1.3982348],[103.8196904,1.3982291],[103.8196845,1.3982161],[103.8197115,1.3982037],[103.8196421,1.3980529],[103.8195756,1.398084],[103.8196575,1.3982629],[103.8196855,1.398251],[103.819678,1.3982348]]]},"clearanceHeight":1.7,"clearancePrepared":true},"geometry":{"type":"Polygon","coordinates":[[[103.8196855,1.398251],[103.819678,1.3982348],[103.8196904,1.3982291],[103.8196845,1.3982161],[103.8197115,1.3982037],[103.8196421,1.3980529],[103.8195756,1.398084],[103.8196575,1.3982629],[103.8196855,1.398251]]]}},{"type":"Feature","id":"way/453218742-0","properties":{"addr:city":"Singapore","addr:housenumber":"31","addr:street":"Springleaf Avenue","building":"semidetached_house","clearanceGeometry":{"type":"Polygon","coordinates":[[[103.8207237,1.3991313],[103.8206177,1.3992116],[103.8206649,1.3992738],[103.8207709,1.3991936],[103.8207237,1.3991313]]]},"clearanceHeight":1.7,"clearancePrepared":true},"geometry":{"type":"Polygon","coordinates":[[[103.8207709,1.3991936],[103.8207237,1.3991313],[103.8206177,1.3992116],[103.8206649,1.3992738],[103.8207709,1.3991936]]]}},{"type":"Feature","id":"way/453218743-0","properties":{"addr:city":"Singapore","addr:housenumber":"29","addr:street":"Springleaf Avenue","building":"semidetached_house","clearanceGeometry":{"type":"Polygon","coordinates":[[[103.8206779,1.3990285],[103.8207026,1.3990108],[103.8206722,1.3989682],[103.8204952,1.3990949],[103.8205503,1.3991718],[103.8207025,1.3990628],[103.8206779,1.3990285]]]},"clearanceHeight":1.7,"clearancePrepared":true},"geometry":{"type":"Polygon","coordinates":[[[103.8207025,1.3990628],[103.8206779,1.3990285],[103.8207026,1.3990108],[103.8206722,1.3989682],[103.8204952,1.3990949],[103.8205503,1.3991718],[103.8207025,1.3990628]]]}},{"type":"Feature","id":"way/453218744-0","properties":{"addr:city":"Singapore","addr:housenumber":"23","addr:street":"Springleaf Avenue","building":"semidetached_house","clearanceGeometry":{"type":"Polygon","coordinates":[[[103.8205073,1.3988283],[103.8205517,1.3987976],[103.8205274,1.3987625],[103.8205067,1.3987768],[103.8204781,1.3987354],[103.8203174,1.3988465],[103.8203703,1.398923],[103.8204163,1.3988912],[103.8205073,1.3988283]]]},"clearanceHeight":1.7,"clearancePrepared":true},"geometry":{"type":"Polygon","coordinates":[[[103.8204163,1.3988912],[103.8205073,1.3988283],[103.8205517,1.3987976],[103.8205274,1.3987625],[103.8205067,1.3987768],[103.8204781,1.3987354],[103.8203174,1.3988465],[103.8203703,1.398923],[103.8204163,1.3988912]]]}},{"type":"Feature","id":"way/453218745-0","properties":{"addr:city":"Singapore","addr:housenumber":"19","addr:street":"Springleaf Avenue","building":"semidetached_house","clearanceGeometry":{"type":"Polygon","coordinates":[[[103.8203714,1.3985949],[103.8203452,1.3985587],[103.8201949,1.3986671],[103.820214,1.3986936],[103.8202199,1.3986894],[103.8202552,1.3987382],[103.820424,1.3986165],[103.8203957,1.3985774],[103.8203714,1.3985949]]]},"clearanceHeight":1.7,"clearancePrepared":true},"geometry":{"type":"Polygon","coordinates":[[[103.8203957,1.3985774],[103.8203714,1.3985949],[103.8203452,1.3985587],[103.8201949,1.3986671],[103.820214,1.3986936],[103.8202199,1.3986894],[103.8202552,1.3987382],[103.820424,1.3986165],[103.8203957,1.3985774]]]}},{"type":"Feature","id":"way/453218746-0","properties":{"addr:city":"Singapore","addr:housenumber":"15","addr:street":"Springleaf Avenue","building":"semidetached_house","clearanceGeometry":{"type":"Polygon","coordinates":[[[103.8202027,1.3984032],[103.8201103,1.3984694],[103.8201628,1.3985426],[103.8202552,1.3984764],[103.8202027,1.3984032]]]},"clearanceHeight":1.7,"clearancePrepared":true},"geometry":{"type":"Polygon","coordinates":[[[103.8202552,1.3984764],[103.8202027,1.3984032],[103.8201103,1.3984694],[103.8201628,1.3985426],[103.8202552,1.3984764]]]}},{"type":"Feature","id":"way/453218747-0","properties":{"addr:city":"Singapore","addr:housenumber":"11","addr:street":"Springleaf Avenue","building":"semidetached_house","clearanceGeometry":{"type":"Polygon","coordinates":[[[103.8200475,1.3984163],[103.8200739,1.3984537],[103.8202104,1.3983577],[103.8201767,1.3983098],[103.8201965,1.3982959],[103.8201737,1.3982636],[103.8201273,1.3982962],[103.8200326,1.3983628],[103.8199945,1.3983897],[103.8200246,1.3984324],[103.8200475,1.3984163]]]},"clearanceHeight":1.7,"clearancePrepared":true},"geometry":{"type":"Polygon","coordinates":[[[103.8200246,1.3984324],[103.8200475,1.3984163],[103.8200739,1.3984537],[103.8202104,1.3983577],[103.8201767,1.3983098],[103.8201965,1.3982959],[103.8201737,1.3982636],[103.8201273,1.3982962],[103.8200326,1.3983628],[103.8199945,1.3983897],[103.8200246,1.3984324]]]}},{"type":"Feature","id":"way/453218748-0","properties":{"addr:city":"Singapore","addr:housenumber":"5","addr:street":"Springleaf Avenue","building":"semidetached_house","clearanceGeometry":{"type":"Polygon","coordinates":[[[103.8200488,1.398081],[103.8200285,1.3980524],[103.8200093,1.3980661],[103.8199774,1.3980213],[103.819832,1.3981244],[103.8198841,1.3981978],[103.8200488,1.398081]]]},"clearanceHeight":1.7,"clearancePrepared":true},"geometry":{"type":"Polygon","coordinates":[[[103.8198841,1.3981978],[103.8200488,1.398081],[103.8200285,1.3980524],[103.8200093,1.3980661],[103.8199774,1.3980213],[103.819832,1.3981244],[103.8198841,1.3981978]]]}},{"type":"Feature","id":"way/453218749-0","properties":{"addr:city":"Singapore","addr:housenumber":"3","addr:street":"Springleaf Avenue","building":"semidetached_house","clearanceGeometry":{"type":"Polygon","coordinates":[[[103.819796,1.397747],[103.8197631,1.3977705],[103.8197568,1.3977616],[103.8197156,1.3977912],[103.8197109,1.3977847],[103.8196238,1.3978471],[103.819668,1.3979087],[103.8198292,1.3977932],[103.819796,1.397747]]]},"clearanceHeight":1.7,"clearancePrepared":true},"geometry":{"type":"Polygon","coordinates":[[[103.8198292,1.3977932],[103.819796,1.397747],[103.8197631,1.3977705],[103.8197568,1.3977616],[103.8197156,1.3977912],[103.8197109,1.3977847],[103.8196238,1.3978471],[103.819668,1.3979087],[103.8198292,1.3977932]]]}},{"type":"Feature","id":"way/453218750-0","properties":{"addr:city":"Singapore","addr:housenumber":"1C","addr:street":"Springleaf Avenue","building":"semidetached_house","clearanceGeometry":{"type":"Polygon","coordinates":[[[103.8195622,1.3977143],[103.8195675,1.3977221],[103.8196022,1.3976985],[103.8196142,1.3977162],[103.8196915,1.3976637],[103.8196811,1.3976484],[103.8196935,1.39764],[103.8196621,1.3975939],[103.8195253,1.3976868],[103.8195497,1.3977227],[103.8195622,1.3977143]]]},"clearanceHeight":1.7,"clearancePrepared":true},"geometry":{"type":"Polygon","coordinates":[[[103.8195497,1.3977227],[103.8195622,1.3977143],[103.8195675,1.3977221],[103.8196022,1.3976985],[103.8196142,1.3977162],[103.8196915,1.3976637],[103.8196811,1.3976484],[103.8196935,1.39764],[103.8196621,1.3975939],[103.8195253,1.3976868],[103.8195497,1.3977227]]]}},{"type":"Feature","id":"way/453218752-0","properties":{"addr:city":"Singapore","addr:housenumber":"34","addr:street":"Springleaf Avenue","building":"semidetached_house","clearanceGeometry":{"type":"Polygon","coordinates":[[[103.8205792,1.3983556],[103.8205511,1.3985035],[103.8205961,1.39857],[103.8206639,1.3985828],[103.8206658,1.3985727],[103.8207054,1.3983647],[103.8206655,1.3983571],[103.8206627,1.3983715],[103.8205792,1.3983556]]]},"clearanceHeight":1.7,"clearancePrepared":true},"geometry":{"type":"Polygon","coordinates":[[[103.8206627,1.3983715],[103.8205792,1.3983556],[103.8205511,1.3985035],[103.8205961,1.39857],[103.8206639,1.3985828],[103.8206658,1.3985727],[103.8207054,1.3983647],[103.8206655,1.3983571],[103.8206627,1.3983715]]]}},{"type":"Feature","id":"way/453218753-0","properties":{"addr:city":"Singapore","addr:housenumber":"4","addr:street":"Springleaf Avenue","building":"semidetached_house","clearanceGeometry":{"type":"Polygon","coordinates":[[[103.8201951,1.397826],[103.8201463,1.3978576],[103.820186,1.3979188],[103.8201699,1.3979292],[103.8202327,1.3980259],[103.8202785,1.3980345],[103.82027,1.3980797],[103.8203291,1.3980908],[103.8203726,1.3978594],[103.8201951,1.397826]]]},"clearanceHeight":1.7,"clearancePrepared":true},"geometry":{"type":"Polygon","coordinates":[[[103.8203726,1.3978594],[103.8201951,1.397826],[103.8201463,1.3978576],[103.820186,1.3979188],[103.8201699,1.3979292],[103.8202327,1.3980259],[103.8202785,1.3980345],[103.82027,1.3980797],[103.8203291,1.3980908],[103.8203726,1.3978594]]]}},{"type":"Feature","id":"way/453218754-0","properties":{"addr:city":"Singapore","addr:housenumber":"6","addr:street":"Springleaf Avenue","building":"semidetached_house","clearanceGeometry":{"type":"Polygon","coordinates":[[[103.8203589,1.3981167],[103.8203723,1.3981191],[103.8203589,1.3981935],[103.8204018,1.3982013],[103.8204496,1.3979364],[103.8204316,1.3979331],[103.8204394,1.3978897],[103.8204121,1.3978848],[103.820415,1.3978687],[103.8203726,1.3978594],[103.8203291,1.3980908],[103.8203624,1.3980969],[103.8203589,1.3981167]]]},"clearanceHeight":1.7,"clearancePrepared":true},"geometry":{"type":"Polygon","coordinates":[[[103.8203624,1.3980969],[103.8203589,1.3981167],[103.8203723,1.3981191],[103.8203589,1.3981935],[103.8204018,1.3982013],[103.8204496,1.3979364],[103.8204316,1.3979331],[103.8204394,1.3978897],[103.8204121,1.3978848],[103.820415,1.3978687],[103.8203726,1.3978594],[103.8203291,1.3980908],[103.8203624,1.3980969]]]}},{"type":"Feature","id":"way/453218755-0","properties":{"addr:city":"Singapore","addr:housenumber":"8","addr:street":"Springleaf Avenue","building":"semidetached_house","clearanceGeometry":{"type":"Polygon","coordinates":[[[103.8204742,1.3981539],[103.8205276,1.3981646],[103.8205427,1.3980894],[103.8205718,1.3979444],[103.8205779,1.3979137],[103.8204907,1.3978962],[103.8204539,1.3980791],[103.8204879,1.3980859],[103.8204742,1.3981539]]]},"clearanceHeight":1.7,"clearancePrepared":true},"geometry":{"type":"Polygon","coordinates":[[[103.8204879,1.3980859],[103.8204742,1.3981539],[103.8205276,1.3981646],[103.8205427,1.3980894],[103.8205718,1.3979444],[103.8205779,1.3979137],[103.8204907,1.3978962],[103.8204539,1.3980791],[103.8204879,1.3980859]]]}},{"type":"Feature","id":"way/453218756-0","properties":{"addr:city":"Singapore","addr:housenumber":"3","addr:street":"Springleaf View","building":"semidetached_house","clearanceGeometry":{"type":"Polygon","coordinates":[[[103.8202465,1.3975801],[103.8201374,1.3975612],[103.8200979,1.3977892],[103.8202071,1.3978081],[103.8202465,1.3975801]]]},"clearanceHeight":1.7,"clearancePrepared":true},"geometry":{"type":"Polygon","coordinates":[[[103.8202071,1.3978081],[103.8202465,1.3975801],[103.8201374,1.3975612],[103.8200979,1.3977892],[103.8202071,1.3978081]]]}},{"type":"Feature","id":"way/453218757-0","properties":{"addr:city":"Singapore","addr:housenumber":"5","addr:street":"Springleaf View","building":"semidetached_house","clearanceGeometry":{"type":"Polygon","coordinates":[[[103.8203341,1.3977802],[103.8203596,1.3976366],[103.8203647,1.3976079],[103.8202843,1.3975936],[103.8202451,1.3978139],[103.8203256,1.3978282],[103.8203341,1.3977802]]]},"clearanceHeight":1.7,"clearancePrepared":true},"geometry":{"type":"Polygon","coordinates":[[[103.8203256,1.3978282],[103.8203341,1.3977802],[103.8203596,1.3976366],[103.8203647,1.3976079],[103.8202843,1.3975936],[103.8202451,1.3978139],[103.8203256,1.3978282]]]}},{"type":"Feature","id":"way/453218758-0","properties":{"addr:city":"Singapore","addr:housenumber":"9","addr:street":"Springleaf View","building":"semidetached_house","clearanceGeometry":{"type":"Polygon","coordinates":[[[103.8205761,1.3977014],[103.8205423,1.3976957],[103.8205458,1.3976749],[103.820498,1.3976669],[103.8204754,1.3978024],[103.820557,1.3978161],[103.8205761,1.3977014]]]},"clearanceHeight":1.7,"clearancePrepared":true},"geometry":{"type":"Polygon","coordinates":[[[103.820557,1.3978161],[103.8205761,1.3977014],[103.8205423,1.3976957],[103.8205458,1.3976749],[103.820498,1.3976669],[103.8204754,1.3978024],[103.820557,1.3978161]]]}},{"type":"Feature","id":"way/453218759-0","properties":{"addr:city":"Singapore","addr:housenumber":"14","addr:street":"Springleaf View","building":"semidetached_house","clearanceGeometry":{"type":"Polygon","coordinates":[[[103.8206493,1.3975036],[103.8206859,1.3975101],[103.8206958,1.3974532],[103.8207182,1.3973239],[103.8206412,1.3973104],[103.8206121,1.3974761],[103.8206529,1.3974832],[103.8206493,1.3975036]]]},"clearanceHeight":1.7,"clearancePrepared":true},"geometry":{"type":"Polygon","coordinates":[[[103.8206529,1.3974832],[103.8206493,1.3975036],[103.8206859,1.3975101],[103.8206958,1.3974532],[103.8207182,1.3973239],[103.8206412,1.3973104],[103.8206121,1.3974761],[103.8206529,1.3974832]]]}},{"type":"Feature","id":"way/453218760-0","properties":{"addr:city":"Singapore","addr:housenumber":"12","addr:street":"Springleaf View","building":"semidetached_house","clearanceGeometry":{"type":"Polygon","coordinates":[[[103.8205253,1.3974709],[103.8205516,1.3974756],[103.8205572,1.3974445],[103.8205714,1.397447],[103.8205834,1.3973809],[103.8205969,1.3973834],[103.8206041,1.3973437],[103.8205913,1.3973413],[103.8206072,1.3972541],[103.8205393,1.397238],[103.8204939,1.3974779],[103.8205234,1.3974812],[103.8205253,1.3974709]]]},"clearanceHeight":1.7,"clearancePrepared":true},"geometry":{"type":"Polygon","coordinates":[[[103.8205234,1.3974812],[103.8205253,1.3974709],[103.8205516,1.3974756],[103.8205572,1.3974445],[103.8205714,1.397447],[103.8205834,1.3973809],[103.8205969,1.3973834],[103.8206041,1.3973437],[103.8205913,1.3973413],[103.8206072,1.3972541],[103.8205393,1.397238],[103.8204939,1.3974779],[103.8205234,1.3974812]]]}},{"type":"Feature","id":"way/453218761-0","properties":{"addr:city":"Singapore","addr:housenumber":"8","addr:street":"Springleaf View","building":"semidetached_house","clearanceGeometry":{"type":"Polygon","coordinates":[[[103.8204194,1.3972254],[103.8203396,1.3972095],[103.8203366,1.3972241],[103.8203002,1.3974065],[103.8202939,1.3974381],[103.8203736,1.397454],[103.8204194,1.3972254]]]},"clearanceHeight":1.7,"clearancePrepared":true},"geometry":{"type":"Polygon","coordinates":[[[103.8203736,1.397454],[103.8204194,1.3972254],[103.8203396,1.3972095],[103.8203366,1.3972241],[103.8203002,1.3974065],[103.8202939,1.3974381],[103.8203736,1.397454]]]}},{"type":"Feature","id":"way/453218762-0","properties":{"addr:city":"Singapore","addr:housenumber":"2","addr:street":"Springleaf View","building":"semidetached_house","clearanceGeometry":{"type":"Polygon","coordinates":[[[103.8201433,1.3971869],[103.8200749,1.3971748],[103.8200467,1.397334],[103.8201151,1.3973461],[103.8201433,1.3971869]]]},"clearanceHeight":1.7,"clearancePrepared":true},"geometry":{"type":"Polygon","coordinates":[[[103.8201151,1.3973461],[103.8201433,1.3971869],[103.8200749,1.3971748],[103.8200467,1.397334],[103.8201151,1.3973461]]]}},{"type":"Feature","id":"way/453218763-0","properties":{"addr:city":"Singapore","addr:housenumber":"21","addr:street":"Springleaf Road","building":"semidetached_house","clearanceGeometry":{"type":"Polygon","coordinates":[[[103.8198416,1.3971798],[103.8198333,1.3971782],[103.8198454,1.397114],[103.8197884,1.3971032],[103.8197808,1.3971432],[103.819749,1.3973114],[103.8197443,1.3973359],[103.8198098,1.3973483],[103.8198416,1.3971798]]]},"clearanceHeight":1.7,"clearancePrepared":true},"geometry":{"type":"Polygon","coordinates":[[[103.8198098,1.3973483],[103.8198416,1.3971798],[103.8198333,1.3971782],[103.8198454,1.397114],[103.8197884,1.3971032],[103.8197808,1.3971432],[103.819749,1.3973114],[103.8197443,1.3973359],[103.8198098,1.3973483]]]}},{"type":"Feature","id":"way/453218764-0","properties":{"addr:city":"Singapore","addr:housenumber":"17","addr:street":"Springleaf Road","building":"semidetached_house","clearanceGeometry":{"type":"Polygon","coordinates":[[[103.8196509,1.3973111],[103.8196703,1.3972062],[103.8196598,1.3972042],[103.8196777,1.3971077],[103.8196047,1.3970942],[103.8196021,1.3971083],[103.8195707,1.3972785],[103.8195675,1.3972956],[103.8196509,1.3973111]]]},"clearanceHeight":1.7,"clearancePrepared":true},"geometry":{"type":"Polygon","coordinates":[[[103.8195675,1.3972956],[103.8196509,1.3973111],[103.8196703,1.3972062],[103.8196598,1.3972042],[103.8196777,1.3971077],[103.8196047,1.3970942],[103.8196021,1.3971083],[103.8195707,1.3972785],[103.8195675,1.3972956]]]}},{"type":"Feature","id":"way/481618514-0","properties":{"addr:housenumber":"2","addr:street":"Springleaf Drive","building":"house","source":"Kaart Ground Survey 2017","clearanceGeometry":{"type":"Polygon","coordinates":[[[103.8227682,1.3991218],[103.8227519,1.3992845],[103.8228569,1.399295],[103.8228733,1.3991324],[103.8227682,1.3991218]]]},"clearanceHeight":1.7,"clearancePrepared":true},"geometry":{"type":"Polygon","coordinates":[[[103.8228733,1.3991324],[103.8227682,1.3991218],[103.8227519,1.3992845],[103.8228569,1.399295],[103.8228733,1.3991324]]]}},{"type":"Feature","id":"way/481618515-0","properties":{"addr:housenumber":"8","addr:street":"Springleaf Drive","building":"house","source":"Kaart Ground Survey 2017","clearanceGeometry":{"type":"Polygon","coordinates":[[[103.8232636,1.3991392],[103.823186,1.3991276],[103.8231546,1.3993381],[103.8232321,1.3993496],[103.8232636,1.3991392]]]},"clearanceHeight":1.7,"clearancePrepared":true},"geometry":{"type":"Polygon","coordinates":[[[103.8232321,1.3993496],[103.8232636,1.3991392],[103.823186,1.3991276],[103.8231546,1.3993381],[103.8232321,1.3993496]]]}},{"type":"Feature","id":"way/481618516-0","properties":{"addr:housenumber":"20","addr:street":"Springleaf Drive","building":"house","source":"Kaart Ground Survey 2017","clearanceGeometry":{"type":"Polygon","coordinates":[[[103.8239875,1.3992444],[103.8239121,1.3992356],[103.82389,1.3994198],[103.8239653,1.399429],[103.8239875,1.3992444]]]},"clearanceHeight":1.7,"clearancePrepared":true},"geometry":{"type":"Polygon","coordinates":[[[103.8239653,1.399429],[103.8239875,1.3992444],[103.8239121,1.3992356],[103.82389,1.3994198],[103.8239653,1.399429]]]}},{"type":"Feature","id":"way/481622988-0","properties":{"addr:city":"Singapore","addr:housenumber":"15","addr:street":"Springleaf Road","building":"semidetached_house","clearanceGeometry":{"type":"Polygon","coordinates":[[[103.8195675,1.3971358],[103.8195524,1.3971331],[103.8195423,1.3971882],[103.8195212,1.3971843],[103.8195088,1.397252],[103.8195281,1.3972555],[103.8195254,1.3972702],[103.8195707,1.3972785],[103.8196021,1.3971083],[103.8195735,1.397103],[103.8195675,1.3971358]]]},"clearanceHeight":1.7,"clearancePrepared":true},"geometry":{"type":"Polygon","coordinates":[[[103.8195735,1.397103],[103.8195675,1.3971358],[103.8195524,1.3971331],[103.8195423,1.3971882],[103.8195212,1.3971843],[103.8195088,1.397252],[103.8195281,1.3972555],[103.8195254,1.3972702],[103.8195707,1.3972785],[103.8196021,1.3971083],[103.8195735,1.397103]]]}},{"type":"Feature","id":"way/481622990-0","properties":{"addr:city":"Singapore","addr:housenumber":"39","addr:street":"Springleaf Garden","building":"semidetached_house","clearanceGeometry":{"type":"Polygon","coordinates":[[[103.8219437,1.3988397],[103.8220343,1.3988558],[103.8220734,1.3986366],[103.8220221,1.3986274],[103.8220248,1.3986124],[103.8219855,1.3986054],[103.8219787,1.3986391],[103.8219539,1.3987832],[103.8219437,1.3988397]]]},"clearanceHeight":1.7,"clearancePrepared":true},"geometry":{"type":"Polygon","coordinates":[[[103.8219539,1.3987832],[103.8219437,1.3988397],[103.8220343,1.3988558],[103.8220734,1.3986366],[103.8220221,1.3986274],[103.8220248,1.3986124],[103.8219855,1.3986054],[103.8219787,1.3986391],[103.8219539,1.3987832]]]}},{"type":"Feature","id":"way/481622992-0","properties":{"addr:city":"Singapore","addr:housenumber":"47","addr:street":"Springleaf Garden","building":"semidetached_house","clearanceGeometry":{"type":"Polygon","coordinates":[[[103.8224336,1.3987263],[103.8223593,1.3987121],[103.8223317,1.3988552],[103.8224068,1.3988697],[103.8224336,1.3987263]]]},"clearanceHeight":1.7,"clearancePrepared":true},"geometry":{"type":"Polygon","coordinates":[[[103.8224068,1.3988697],[103.8224336,1.3987263],[103.8223593,1.3987121],[103.8223317,1.3988552],[103.8224068,1.3988697]]]}},{"type":"Feature","id":"way/481622995-0","properties":{"addr:city":"Singapore","addr:housenumber":"63","addr:street":"Nee Soon Road","building":"semidetached_house","clearanceGeometry":{"type":"Polygon","coordinates":[[[103.8219798,1.3999184],[103.8219848,1.3998913],[103.8220437,1.3999022],[103.8220501,1.3998599],[103.8218134,1.3998175],[103.8218009,1.3998853],[103.8219798,1.3999184]]]},"clearanceHeight":1.7,"clearancePrepared":true},"geometry":{"type":"Polygon","coordinates":[[[103.8218009,1.3998853],[103.8219798,1.3999184],[103.8219848,1.3998913],[103.8220437,1.3999022],[103.8220501,1.3998599],[103.8218134,1.3998175],[103.8218009,1.3998853]]]}},{"type":"Feature","id":"way/481622997-0","properties":{"addr:housenumber":"3","addr:street":"Springleaf Drive","building":"house","source":"Kaart Ground Survey 2017","clearanceGeometry":{"type":"Polygon","coordinates":[[[103.8228278,1.3995449],[103.8227395,1.3995313],[103.82271,1.3997222],[103.8227983,1.3997359],[103.8228278,1.3995449]]]},"clearanceHeight":1.7,"clearancePrepared":true},"geometry":{"type":"Polygon","coordinates":[[[103.8227983,1.3997359],[103.8228278,1.3995449],[103.8227395,1.3995313],[103.82271,1.3997222],[103.8227983,1.3997359]]]}},{"type":"Feature","id":"way/481622999-0","properties":{"addr:housenumber":"7","addr:street":"Springleaf Drive","building":"house","source":"Kaart Ground Survey 2017","clearanceGeometry":{"type":"Polygon","coordinates":[[[103.8229832,1.399754],[103.8230092,1.3995738],[103.8229389,1.3995644],[103.8229139,1.3997441],[103.8229832,1.399754]]]},"clearanceHeight":1.7,"clearancePrepared":true},"geometry":{"type":"Polygon","coordinates":[[[103.8229139,1.3997441],[103.8229832,1.399754],[103.8230092,1.3995738],[103.8229389,1.3995644],[103.8229139,1.3997441]]]}},{"type":"Feature","id":"way/481623002-0","properties":{"addr:housenumber":"15","addr:street":"Springleaf Drive","building":"house","source":"Kaart Ground Survey 2017","clearanceGeometry":{"type":"Polygon","coordinates":[[[103.8234164,1.3996102],[103.8233388,1.3995994],[103.8233136,1.39978],[103.8233913,1.3997908],[103.8234164,1.3996102]]]},"clearanceHeight":1.7,"clearancePrepared":true},"geometry":{"type":"Polygon","coordinates":[[[103.8233913,1.3997908],[103.8234164,1.3996102],[103.8233388,1.3995994],[103.8233136,1.39978],[103.8233913,1.3997908]]]}},{"type":"Feature","id":"way/481623004-0","properties":{"addr:housenumber":"27","addr:street":"Springleaf Drive","building":"house","source":"Kaart Ground Survey 2017","clearanceGeometry":{"type":"Polygon","coordinates":[[[103.8239842,1.3998492],[103.824004,1.3996683],[103.8239219,1.3996593],[103.8239018,1.39984],[103.8239842,1.3998492]]]},"clearanceHeight":1.7,"clearancePrepared":true},"geometry":{"type":"Polygon","coordinates":[[[103.8239018,1.39984],[103.8239842,1.3998492],[103.824004,1.3996683],[103.8239219,1.3996593],[103.8239018,1.39984]]]}},{"type":"Feature","id":"way/750967079-0","properties":{"building":"yes","clearanceGeometry":{"type":"Polygon","coordinates":[[[103.8225319,1.3997378],[103.8224994,1.3998621],[103.8227417,1.3999255],[103.8227742,1.3998011],[103.8225319,1.3997378]]]},"clearanceHeight":1.7,"clearancePrepared":true},"geometry":{"type":"Polygon","coordinates":[[[103.8227742,1.3998011],[103.8225319,1.3997378],[103.8224994,1.3998621],[103.8227417,1.3999255],[103.8227742,1.3998011]]]}},{"type":"Feature","id":"way/1173904250-0","properties":{"addr:city":"Singapore","addr:housenumber":"17","addr:street":"Springleaf Walk","building":"semidetached_house","clearanceGeometry":{"type":"Polygon","coordinates":[[[103.8196681,1.3968396],[103.8197155,1.3965695],[103.8196594,1.3965597],[103.8196505,1.3966107],[103.8196261,1.3967484],[103.819612,1.3968298],[103.8196681,1.3968396]]]},"clearanceHeight":1.7,"clearancePrepared":true},"geometry":{"type":"Polygon","coordinates":[[[103.819612,1.3968298],[103.8196681,1.3968396],[103.8197155,1.3965695],[103.8196594,1.3965597],[103.8196505,1.3966107],[103.8196261,1.3967484],[103.819612,1.3968298]]]}},{"type":"Feature","id":"way/1173904251-0","properties":{"addr:city":"Singapore","addr:housenumber":"21","addr:street":"Springleaf Walk","building":"semidetached_house","clearanceGeometry":{"type":"Polygon","coordinates":[[[103.8198703,1.396852],[103.8199135,1.3966221],[103.8198762,1.3966151],[103.8198854,1.3965662],[103.8198464,1.3965589],[103.819794,1.3968377],[103.8198703,1.396852]]]},"clearanceHeight":1.7,"clearancePrepared":true},"geometry":{"type":"Polygon","coordinates":[[[103.819794,1.3968377],[103.8198703,1.396852],[103.8199135,1.3966221],[103.8198762,1.3966151],[103.8198854,1.3965662],[103.8198464,1.3965589],[103.819794,1.3968377]]]}},{"type":"Feature","id":"way/1173904252-0","properties":{"addr:city":"Singapore","addr:housenumber":"23","addr:street":"Springleaf Walk","building":"semidetached_house","clearanceGeometry":{"type":"Polygon","coordinates":[[[103.8200256,1.3966225],[103.8199457,1.396607],[103.8198998,1.3968434],[103.8199794,1.3968588],[103.8200256,1.3966225]]]},"clearanceHeight":1.7,"clearancePrepared":true},"geometry":{"type":"Polygon","coordinates":[[[103.8199794,1.3968588],[103.8200256,1.3966225],[103.8199457,1.396607],[103.8198998,1.3968434],[103.8199794,1.3968588]]]}},{"type":"Feature","id":"way/1173904253-0","properties":{"addr:city":"Singapore","addr:housenumber":"29","addr:street":"Springleaf Walk","building":"semidetached_house","clearanceGeometry":{"type":"Polygon","coordinates":[[[103.8202684,1.396735],[103.8201985,1.3967216],[103.8201716,1.3968619],[103.8202414,1.3968753],[103.8202684,1.396735]]]},"clearanceHeight":1.7,"clearancePrepared":true},"geometry":{"type":"Polygon","coordinates":[[[103.8202414,1.3968753],[103.8202684,1.396735],[103.8201985,1.3967216],[103.8201716,1.3968619],[103.8202414,1.3968753]]]}},{"type":"Feature","id":"way/1173904254-0","properties":{"addr:city":"Singapore","addr:housenumber":"31","addr:street":"Springleaf Walk","building":"semidetached_house","clearanceGeometry":{"type":"Polygon","coordinates":[[[103.8203123,1.3968691],[103.8203538,1.3968769],[103.8203792,1.3967413],[103.8203151,1.3967293],[103.8202864,1.3968824],[103.820309,1.3968867],[103.8203123,1.3968691]]]},"clearanceHeight":1.7,"clearancePrepared":true},"geometry":{"type":"Polygon","coordinates":[[[103.820309,1.3968867],[103.8203123,1.3968691],[103.8203538,1.3968769],[103.8203792,1.3967413],[103.8203151,1.3967293],[103.8202864,1.3968824],[103.820309,1.3968867]]]}},{"type":"Feature","id":"way/1173904255-0","properties":{"addr:city":"Singapore","addr:housenumber":"15","addr:street":"Springleaf Lane","building":"semidetached_house","clearanceGeometry":{"type":"Polygon","coordinates":[[[103.8213331,1.396903],[103.8212557,1.3968862],[103.8212064,1.3971336],[103.821287,1.3971492],[103.8213331,1.396903]]]},"clearanceHeight":1.7,"clearancePrepared":true},"geometry":{"type":"Polygon","coordinates":[[[103.821287,1.3971492],[103.8213331,1.396903],[103.8212557,1.3968862],[103.8212064,1.3971336],[103.821287,1.3971492]]]}},{"type":"Feature","id":"way/1173904256-0","properties":{"addr:city":"Singapore","addr:housenumber":"19","addr:street":"Springleaf Lane","building":"semidetached_house","clearanceGeometry":{"type":"Polygon","coordinates":[[[103.8214664,1.3971983],[103.821509,1.3969757],[103.8214285,1.3969603],[103.8213939,1.397138],[103.8213855,1.3971828],[103.8214664,1.3971983]]]},"clearanceHeight":1.7,"clearancePrepared":true},"geometry":{"type":"Polygon","coordinates":[[[103.8213855,1.3971828],[103.8214664,1.3971983],[103.821509,1.3969757],[103.8214285,1.3969603],[103.8213939,1.397138],[103.8213855,1.3971828]]]}},{"type":"Feature","id":"way/1173904257-0","properties":{"addr:city":"Singapore","addr:housenumber":"21","addr:street":"Springleaf Lane","building":"semidetached_house","clearanceGeometry":{"type":"Polygon","coordinates":[[[103.8215453,1.3971136],[103.8215848,1.3971217],[103.8216084,1.3970001],[103.8215446,1.3969869],[103.8215158,1.3971266],[103.8215416,1.3971319],[103.8215453,1.3971136]]]},"clearanceHeight":1.7,"clearancePrepared":true},"geometry":{"type":"Polygon","coordinates":[[[103.8215416,1.3971319],[103.8215453,1.3971136],[103.8215848,1.3971217],[103.8216084,1.3970001],[103.8215446,1.3969869],[103.8215158,1.3971266],[103.8215416,1.3971319]]]}},{"type":"Feature","id":"way/1173904258-0","properties":{"addr:city":"Singapore","addr:housenumber":"27","addr:street":"Springleaf Lane","building":"semidetached_house","clearanceGeometry":{"type":"Polygon","coordinates":[[[103.8218618,1.3970519],[103.8217934,1.3970388],[103.8217673,1.3971843],[103.8218339,1.3971971],[103.8218618,1.3970519]]]},"clearanceHeight":1.7,"clearancePrepared":true},"geometry":{"type":"Polygon","coordinates":[[[103.8218339,1.3971971],[103.8218618,1.3970519],[103.8217934,1.3970388],[103.8217673,1.3971843],[103.8218339,1.3971971]]]}},{"type":"Feature","id":"way/1173904259-0","properties":{"addr:city":"Singapore","addr:housenumber":"51","addr:street":"Springleaf Road","building":"semidetached_house","clearanceGeometry":{"type":"Polygon","coordinates":[[[103.8218728,1.397217],[103.8218651,1.397256],[103.8219263,1.3972681],[103.8219558,1.3971186],[103.8218826,1.3971041],[103.8218608,1.3972146],[103.8218728,1.397217]]]},"clearanceHeight":1.7,"clearancePrepared":true},"geometry":{"type":"Polygon","coordinates":[[[103.8218608,1.3972146],[103.8218728,1.397217],[103.8218651,1.397256],[103.8219263,1.3972681],[103.8219558,1.3971186],[103.8218826,1.3971041],[103.8218608,1.3972146]]]}},{"type":"Feature","id":"way/1173904260-0","properties":{"addr:city":"Singapore","addr:housenumber":"29","addr:street":"Springleaf Lane","building":"semidetached_house","clearanceGeometry":{"type":"Polygon","coordinates":[[[103.8219558,1.3971186],[103.8219939,1.3969091],[103.8219387,1.3968993],[103.8219309,1.3969434],[103.8219127,1.3969401],[103.8218826,1.3971041],[103.8219558,1.3971186]]]},"clearanceHeight":1.7,"clearancePrepared":true},"geometry":{"type":"Polygon","coordinates":[[[103.8218826,1.3971041],[103.8219558,1.3971186],[103.8219939,1.3969091],[103.8219387,1.3968993],[103.8219309,1.3969434],[103.8219127,1.3969401],[103.8218826,1.3971041]]]}},{"type":"Feature","id":"way/1173904262-0","properties":{"addr:city":"Singapore","addr:housenumber":"5","addr:street":"Springleaf Road","building":"semidetached_house","clearanceGeometry":{"type":"Polygon","coordinates":[[[103.8208343,1.3968065],[103.820796,1.3967993],[103.8208001,1.3967774],[103.8207551,1.396769],[103.8207481,1.3968027],[103.8207057,1.3970369],[103.8207882,1.3970515],[103.8208343,1.3968065]]]},"clearanceHeight":1.7,"clearancePrepared":true},"geometry":{"type":"Polygon","coordinates":[[[103.8207882,1.3970515],[103.8208343,1.3968065],[103.820796,1.3967993],[103.8208001,1.3967774],[103.8207551,1.396769],[103.8207481,1.3968027],[103.8207057,1.3970369],[103.8207882,1.3970515]]]}},{"type":"Feature","id":"way/1173904268-0","properties":{"addr:city":"Singapore","addr:housenumber":"2","addr:street":"Springleaf Lane","building":"semidetached_house","clearanceGeometry":{"type":"Polygon","coordinates":[[[103.8207204,1.3962876],[103.8207303,1.3962895],[103.8207388,1.3962448],[103.8206726,1.3962323],[103.8206493,1.3963553],[103.8207056,1.396366],[103.8207204,1.3962876]]]},"clearanceHeight":1.7,"clearancePrepared":true},"geometry":{"type":"Polygon","coordinates":[[[103.8207056,1.396366],[103.8207204,1.3962876],[103.8207303,1.3962895],[103.8207388,1.3962448],[103.8206726,1.3962323],[103.8206493,1.3963553],[103.8207056,1.396366]]]}},{"type":"Feature","id":"way/1173904269-0","properties":{"addr:city":"Singapore","addr:housenumber":"4","addr:street":"Springleaf Lane","building":"semidetached_house","clearanceGeometry":{"type":"Polygon","coordinates":[[[103.8207421,1.3964833],[103.8208079,1.3964953],[103.8208548,1.3962397],[103.8207888,1.3962277],[103.8207421,1.3964833]]]},"clearanceHeight":1.7,"clearancePrepared":true},"geometry":{"type":"Polygon","coordinates":[[[103.8207888,1.3962277],[103.8207421,1.3964833],[103.8208079,1.3964953],[103.8208548,1.3962397],[103.8207888,1.3962277]]]}},{"type":"Feature","id":"way/1173904270-0","properties":{"addr:city":"Singapore","addr:housenumber":"10","addr:street":"Springleaf Lane","building":"semidetached_house","clearanceGeometry":{"type":"Polygon","coordinates":[[[103.8210402,1.3964869],[103.8210861,1.3964958],[103.8211279,1.3962811],[103.8210439,1.3962648],[103.8210416,1.3962767],[103.8209967,1.3965062],[103.821035,1.3965137],[103.8210402,1.3964869]]]},"clearanceHeight":1.7,"clearancePrepared":true},"geometry":{"type":"Polygon","coordinates":[[[103.821035,1.3965137],[103.8210402,1.3964869],[103.8210861,1.3964958],[103.8211279,1.3962811],[103.8210439,1.3962648],[103.8210416,1.3962767],[103.8209967,1.3965062],[103.821035,1.3965137]]]}},{"type":"Feature","id":"way/1173904271-0","properties":{"addr:city":"Singapore","addr:housenumber":"14","addr:street":"Springleaf Lane","building":"semidetached_house","clearanceGeometry":{"type":"Polygon","coordinates":[[[103.8214363,1.3963656],[103.8213533,1.3963499],[103.8213126,1.3965564],[103.8213953,1.3965734],[103.8214363,1.3963656]]]},"clearanceHeight":1.7,"clearancePrepared":true},"geometry":{"type":"Polygon","coordinates":[[[103.8213953,1.3965734],[103.8214363,1.3963656],[103.8213533,1.3963499],[103.8213126,1.3965564],[103.8213953,1.3965734]]]}},{"type":"Feature","id":"way/1173904272-0","properties":{"addr:city":"Singapore","addr:housenumber":"18","addr:street":"Springleaf Lane","building":"semidetached_house","clearanceGeometry":{"type":"Polygon","coordinates":[[[103.8215385,1.396597],[103.8215661,1.3966026],[103.8216087,1.3963929],[103.8215432,1.3963792],[103.821493,1.3966265],[103.821531,1.3966336],[103.8215385,1.396597]]]},"clearanceHeight":1.7,"clearancePrepared":true},"geometry":{"type":"Polygon","coordinates":[[[103.821531,1.3966336],[103.8215385,1.396597],[103.8215661,1.3966026],[103.8216087,1.3963929],[103.8215432,1.3963792],[103.821493,1.3966265],[103.821531,1.3966336]]]}},{"type":"Feature","id":"way/1173904273-0","properties":{"addr:city":"Singapore","addr:housenumber":"26","addr:street":"Springleaf Lane","building":"semidetached_house","clearanceGeometry":{"type":"Polygon","coordinates":[[[103.8218713,1.3966211],[103.8219325,1.396634],[103.8219471,1.3965531],[103.8219589,1.3965552],[103.8219683,1.396503],[103.821898,1.3964892],[103.8218713,1.3966211]]]},"clearanceHeight":1.7,"clearancePrepared":true},"geometry":{"type":"Polygon","coordinates":[[[103.821898,1.3964892],[103.8218713,1.3966211],[103.8219325,1.396634],[103.8219471,1.3965531],[103.8219589,1.3965552],[103.8219683,1.396503],[103.821898,1.3964892]]]}},{"type":"Feature","id":"way/1173904274-0","properties":{"addr:city":"Singapore","addr:housenumber":"24","addr:street":"Springleaf Lane","building":"semidetached_house","clearanceGeometry":{"type":"Polygon","coordinates":[[[103.8218374,1.3965314],[103.8218213,1.396611],[103.8218713,1.3966211],[103.821898,1.3964892],[103.8218311,1.3964757],[103.8218205,1.3965279],[103.8218374,1.3965314]]]},"clearanceHeight":1.7,"clearancePrepared":true},"geometry":{"type":"Polygon","coordinates":[[[103.8218205,1.3965279],[103.8218374,1.3965314],[103.8218213,1.396611],[103.8218713,1.3966211],[103.821898,1.3964892],[103.8218311,1.3964757],[103.8218205,1.3965279]]]}},{"type":"Feature","id":"way/1173904276-0","properties":{"addr:city":"Singapore","addr:housenumber":"62","addr:street":"Springleaf Garden","building":"semidetached_house","clearanceGeometry":{"type":"Polygon","coordinates":[[[103.8222712,1.3965127],[103.8222004,1.3964996],[103.8221632,1.3967012],[103.8222342,1.3967143],[103.8222712,1.3965127]]]},"clearanceHeight":1.7,"clearancePrepared":true},"geometry":{"type":"Polygon","coordinates":[[[103.8222342,1.3967143],[103.8222712,1.3965127],[103.8222004,1.3964996],[103.8221632,1.3967012],[103.8222342,1.3967143]]]}},{"type":"Feature","id":"way/1173904277-0","properties":{"addr:city":"Singapore","addr:housenumber":"66","addr:street":"Springleaf Garden","building":"semidetached_house","clearanceGeometry":{"type":"Polygon","coordinates":[[[103.8223704,1.3966334],[103.8223846,1.3966362],[103.8223598,1.3967597],[103.8223796,1.3967636],[103.8223748,1.3967878],[103.8224084,1.3967946],[103.822451,1.3965693],[103.8223859,1.3965562],[103.8223704,1.3966334]]]},"clearanceHeight":1.7,"clearancePrepared":true},"geometry":{"type":"Polygon","coordinates":[[[103.8223859,1.3965562],[103.8223704,1.3966334],[103.8223846,1.3966362],[103.8223598,1.3967597],[103.8223796,1.3967636],[103.8223748,1.3967878],[103.8224084,1.3967946],[103.822451,1.3965693],[103.8223859,1.3965562]]]}},{"type":"Feature","id":"way/1173904278-0","properties":{"addr:city":"Singapore","addr:housenumber":"74","addr:street":"Springleaf Garden","building":"semidetached_house","clearanceGeometry":{"type":"Polygon","coordinates":[[[103.8227296,1.3967063],[103.8227404,1.3967084],[103.8227254,1.3967862],[103.8227787,1.3967964],[103.8228037,1.3966692],[103.822739,1.3966568],[103.8227296,1.3967063]]]},"clearanceHeight":1.7,"clearancePrepared":true},"geometry":{"type":"Polygon","coordinates":[[[103.822739,1.3966568],[103.8227296,1.3967063],[103.8227404,1.3967084],[103.8227254,1.3967862],[103.8227787,1.3967964],[103.8228037,1.3966692],[103.822739,1.3966568]]]}},{"type":"Feature","id":"way/1173904279-0","properties":{"addr:city":"Singapore","addr:housenumber":"73","addr:street":"Springleaf Garden","building":"semidetached_house","clearanceGeometry":{"type":"Polygon","coordinates":[[[103.8223632,1.3970726],[103.8223426,1.3970686],[103.8223507,1.3970274],[103.8222941,1.397014],[103.8222329,1.3973262],[103.8223109,1.3973391],[103.8223632,1.3970726]]]},"clearanceHeight":1.7,"clearancePrepared":true},"geometry":{"type":"Polygon","coordinates":[[[103.8223109,1.3973391],[103.8223632,1.3970726],[103.8223426,1.3970686],[103.8223507,1.3970274],[103.8222941,1.397014],[103.8222329,1.3973262],[103.8223109,1.3973391]]]}},{"type":"Feature","id":"way/1173904280-0","properties":{"addr:city":"Singapore","addr:housenumber":"75","addr:street":"Springleaf Garden","building":"semidetached_house","clearanceGeometry":{"type":"Polygon","coordinates":[[[103.8224643,1.3970444],[103.8223868,1.3970293],[103.8223562,1.397186],[103.8224337,1.3972011],[103.8224643,1.3970444]]]},"clearanceHeight":1.7,"clearancePrepared":true},"geometry":{"type":"Polygon","coordinates":[[[103.8224337,1.3972011],[103.8224643,1.3970444],[103.8223868,1.3970293],[103.8223562,1.397186],[103.8224337,1.3972011]]]}},{"type":"Feature","id":"way/1173904281-0","properties":{"addr:city":"Singapore","addr:housenumber":"79","addr:street":"Springleaf Garden","building":"semidetached_house","clearanceGeometry":{"type":"Polygon","coordinates":[[[103.822622,1.3972098],[103.8225878,1.3972036],[103.8225513,1.397402],[103.8226162,1.3974139],[103.8226582,1.3971868],[103.8226272,1.3971815],[103.822622,1.3972098]]]},"clearanceHeight":1.7,"clearancePrepared":true},"geometry":{"type":"Polygon","coordinates":[[[103.8226272,1.3971815],[103.822622,1.3972098],[103.8225878,1.3972036],[103.8225513,1.397402],[103.8226162,1.3974139],[103.8226582,1.3971868],[103.8226272,1.3971815]]]}},{"type":"Feature","id":"way/1173904282-0","properties":{"building":"roof","layer":"1","clearanceGeometry":{"type":"Polygon","coordinates":[[[103.8225835,1.3978347],[103.8224685,1.3978065],[103.8224412,1.3979176],[103.8225562,1.3979459],[103.8225835,1.3978347]]]},"clearanceHeight":1.7,"clearancePrepared":true},"geometry":{"type":"Polygon","coordinates":[[[103.8225562,1.3979459],[103.8225835,1.3978347],[103.8224685,1.3978065],[103.8224412,1.3979176],[103.8225562,1.3979459]]]}},{"type":"Feature","id":"way/1173957607-0","properties":{"addr:city":"Singapore","addr:housenumber":"34","addr:street":"Thong Soon Green","building":"semidetached_house","clearanceGeometry":{"type":"Polygon","coordinates":[[[103.8196115,1.3982627],[103.8196234,1.3982573],[103.8196315,1.3982748],[103.8196575,1.3982629],[103.8195756,1.398084],[103.8195267,1.3981064],[103.8195953,1.398257],[103.8196067,1.3982522],[103.8196115,1.3982627]]]},"clearanceHeight":1.7,"clearancePrepared":true},"geometry":{"type":"Polygon","coordinates":[[[103.8196067,1.3982522],[103.8196115,1.3982627],[103.8196234,1.3982573],[103.8196315,1.3982748],[103.8196575,1.3982629],[103.8195756,1.398084],[103.8195267,1.3981064],[103.8195953,1.398257],[103.8196067,1.3982522]]]}},{"type":"Feature","id":"way/1173957608-0","properties":{"addr:city":"Singapore","addr:housenumber":"37","addr:street":"Thong Soon Green","building":"semidetached_house","clearanceGeometry":{"type":"Polygon","coordinates":[[[103.8198113,1.3985366],[103.819805,1.3985253],[103.819822,1.3985158],[103.8198092,1.3984928],[103.819639,1.3985875],[103.819667,1.3986377],[103.81981,1.3985579],[103.819801,1.3985423],[103.8198113,1.3985366]]]},"clearanceHeight":1.7,"clearancePrepared":true},"geometry":{"type":"Polygon","coordinates":[[[103.819801,1.3985423],[103.8198113,1.3985366],[103.819805,1.3985253],[103.819822,1.3985158],[103.8198092,1.3984928],[103.819639,1.3985875],[103.819667,1.3986377],[103.81981,1.3985579],[103.819801,1.3985423]]]}},{"type":"Feature","id":"way/1173957609-0","properties":{"addr:city":"Singapore","addr:housenumber":"39","addr:street":"Thong Soon Green","building":"semidetached_house","clearanceGeometry":{"type":"Polygon","coordinates":[[[103.819835,1.3985772],[103.819829,1.3985664],[103.8198182,1.3985725],[103.81981,1.3985579],[103.819667,1.3986377],[103.8196947,1.3986874],[103.8198654,1.3985921],[103.8198519,1.3985678],[103.819835,1.3985772]]]},"clearanceHeight":1.7,"clearancePrepared":true},"geometry":{"type":"Polygon","coordinates":[[[103.8198519,1.3985678],[103.819835,1.3985772],[103.819829,1.3985664],[103.8198182,1.3985725],[103.81981,1.3985579],[103.819667,1.3986377],[103.8196947,1.3986874],[103.8198654,1.3985921],[103.8198519,1.3985678]]]}},{"type":"Feature","id":"way/1173957610-0","properties":{"addr:city":"Singapore","addr:housenumber":"41","addr:street":"Thong Soon Green","building":"semidetached_house","clearanceGeometry":{"type":"Polygon","coordinates":[[[103.8198695,1.3986392],[103.8198632,1.3986279],[103.8198801,1.3986184],[103.8198654,1.3985921],[103.8196947,1.3986874],[103.8197215,1.3987355],[103.8198651,1.3986553],[103.8198593,1.3986449],[103.8198695,1.3986392]]]},"clearanceHeight":1.7,"clearancePrepared":true},"geometry":{"type":"Polygon","coordinates":[[[103.8198593,1.3986449],[103.8198695,1.3986392],[103.8198632,1.3986279],[103.8198801,1.3986184],[103.8198654,1.3985921],[103.8196947,1.3986874],[103.8197215,1.3987355],[103.8198651,1.3986553],[103.8198593,1.3986449]]]}},{"type":"Feature","id":"way/1173957611-0","properties":{"addr:city":"Singapore","addr:housenumber":"43","addr:street":"Thong Soon Green","building":"semidetached_house","clearanceGeometry":{"type":"Polygon","coordinates":[[[103.8198918,1.3986777],[103.8198857,1.3986669],[103.819875,1.3986729],[103.8198651,1.3986553],[103.8197215,1.3987355],[103.8197509,1.3987883],[103.8199222,1.3986926],[103.8199085,1.3986683],[103.8198918,1.3986777]]]},"clearanceHeight":1.7,"clearancePrepared":true},"geometry":{"type":"Polygon","coordinates":[[[103.8199085,1.3986683],[103.8198918,1.3986777],[103.8198857,1.3986669],[103.819875,1.3986729],[103.8198651,1.3986553],[103.8197215,1.3987355],[103.8197509,1.3987883],[103.8199222,1.3986926],[103.8199085,1.3986683]]]}},{"type":"Feature","id":"way/1173957612-0","properties":{"addr:city":"Singapore","addr:housenumber":"45","addr:street":"Thong Soon Green","building":"semidetached_house","clearanceGeometry":{"type":"Polygon","coordinates":[[[103.8199263,1.3987399],[103.81992,1.3987286],[103.8199369,1.3987191],[103.8199222,1.3986926],[103.8197509,1.3987883],[103.8197859,1.3988509],[103.81993,1.3987705],[103.8199161,1.3987456],[103.8199263,1.3987399]]]},"clearanceHeight":1.7,"clearancePrepared":true},"geometry":{"type":"Polygon","coordinates":[[[103.8199161,1.3987456],[103.8199263,1.3987399],[103.81992,1.3987286],[103.8199369,1.3987191],[103.8199222,1.3986926],[103.8197509,1.3987883],[103.8197859,1.3988509],[103.81993,1.3987705],[103.8199161,1.3987456]]]}},{"type":"Feature","id":"way/1173957614-0","properties":{"addr:city":"Singapore","addr:housenumber":"27","addr:street":"Thong Soon Green","building":"semidetached_house","clearanceGeometry":{"type":"Polygon","coordinates":[[[103.8194583,1.39878],[103.8194726,1.3987845],[103.8194791,1.3987809],[103.81949,1.3988008],[103.8196543,1.3987109],[103.8196259,1.3986593],[103.8194464,1.3987567],[103.8194583,1.39878]]]},"clearanceHeight":1.7,"clearancePrepared":true},"geometry":{"type":"Polygon","coordinates":[[[103.8194464,1.3987567],[103.8194583,1.39878],[103.8194726,1.3987845],[103.8194791,1.3987809],[103.81949,1.3988008],[103.8196543,1.3987109],[103.8196259,1.3986593],[103.8194464,1.3987567]]]}},{"type":"Feature","id":"way/1173957615-0","properties":{"addr:city":"Singapore","addr:housenumber":"25","addr:street":"Thong Soon Green","building":"semidetached_house","clearanceGeometry":{"type":"Polygon","coordinates":[[[103.81949,1.3988008],[103.8195029,1.3988244],[103.819496,1.3988282],[103.8194932,1.3988399],[103.8195033,1.3988583],[103.8196816,1.3987602],[103.8196543,1.3987109],[103.81949,1.3988008]]]},"clearanceHeight":1.7,"clearancePrepared":true},"geometry":{"type":"Polygon","coordinates":[[[103.8196543,1.3987109],[103.81949,1.3988008],[103.8195029,1.3988244],[103.819496,1.3988282],[103.8194932,1.3988399],[103.8195033,1.3988583],[103.8196816,1.3987602],[103.8196543,1.3987109]]]}},{"type":"Feature","id":"way/1173957616-0","properties":{"addr:city":"Singapore","addr:housenumber":"23","addr:street":"Thong Soon Green","building":"semidetached_house","clearanceGeometry":{"type":"Polygon","coordinates":[[[103.8195149,1.3988815],[103.8195268,1.3988871],[103.8195343,1.398883],[103.8195521,1.3989152],[103.8197169,1.3988244],[103.8196816,1.3987602],[103.8195033,1.3988583],[103.8195149,1.3988815]]]},"clearanceHeight":1.7,"clearancePrepared":true},"geometry":{"type":"Polygon","coordinates":[[[103.8195033,1.3988583],[103.8195149,1.3988815],[103.8195268,1.3988871],[103.8195343,1.398883],[103.8195521,1.3989152],[103.8197169,1.3988244],[103.8196816,1.3987602],[103.8195033,1.3988583]]]}},{"type":"Feature","id":"way/1173957619-0","properties":{"addr:city":"Singapore","addr:housenumber":"61","addr:street":"Thong Soon Green","building":"semidetached_house","clearanceGeometry":{"type":"Polygon","coordinates":[[[103.8196136,1.3992299],[103.8196197,1.3992126],[103.8196159,1.3992057],[103.8196471,1.3991883],[103.8195544,1.3990224],[103.8194903,1.3990592],[103.8195922,1.3992418],[103.8196136,1.3992299]]]},"clearanceHeight":1.7,"clearancePrepared":true},"geometry":{"type":"Polygon","coordinates":[[[103.8195922,1.3992418],[103.8196136,1.3992299],[103.8196197,1.3992126],[103.8196159,1.3992057],[103.8196471,1.3991883],[103.8195544,1.3990224],[103.8194903,1.3990592],[103.8195922,1.3992418]]]}},{"type":"Feature","id":"way/1173957624-0","properties":{"addr:city":"Singapore","addr:housenumber":"59","addr:street":"Thong Soon Green","building":"semidetached_house","clearanceGeometry":{"type":"Polygon","coordinates":[[[103.8196997,1.399153],[103.8197342,1.3991336],[103.8197396,1.3991432],[103.8197518,1.3991464],[103.8197758,1.3991321],[103.819676,1.3989525],[103.8196088,1.3989911],[103.8196997,1.399153]]]},"clearanceHeight":1.7,"clearancePrepared":true},"geometry":{"type":"Polygon","coordinates":[[[103.8196088,1.3989911],[103.8196997,1.399153],[103.8197342,1.3991336],[103.8197396,1.3991432],[103.8197518,1.3991464],[103.8197758,1.3991321],[103.819676,1.3989525],[103.8196088,1.3989911]]]}},{"type":"Feature","id":"way/1173957625-0","properties":{"addr:city":"Singapore","addr:housenumber":"57","addr:street":"Thong Soon Green","building":"semidetached_house","clearanceGeometry":{"type":"Polygon","coordinates":[[[103.8197908,1.3991238],[103.8197947,1.3991104],[103.8197902,1.3991024],[103.8198127,1.3990899],[103.8197222,1.3989259],[103.819676,1.3989525],[103.8197758,1.3991321],[103.8197908,1.3991238]]]},"clearanceHeight":1.7,"clearancePrepared":true},"geometry":{"type":"Polygon","coordinates":[[[103.8197758,1.3991321],[103.8197908,1.3991238],[103.8197947,1.3991104],[103.8197902,1.3991024],[103.8198127,1.3990899],[103.8197222,1.3989259],[103.819676,1.3989525],[103.8197758,1.3991321]]]}},{"type":"Feature","id":"way/1173957626-0","properties":{"addr:city":"Singapore","addr:housenumber":"55","addr:street":"Thong Soon Green","building":"semidetached_house","clearanceGeometry":{"type":"Polygon","coordinates":[[[103.8198127,1.3990899],[103.8198339,1.3990782],[103.8198383,1.3990862],[103.8198535,1.3990896],[103.8198707,1.3990804],[103.8197695,1.3988988],[103.8197222,1.3989259],[103.8198127,1.3990899]]]},"clearanceHeight":1.7,"clearancePrepared":true},"geometry":{"type":"Polygon","coordinates":[[[103.8197222,1.3989259],[103.8198127,1.3990899],[103.8198339,1.3990782],[103.8198383,1.3990862],[103.8198535,1.3990896],[103.8198707,1.3990804],[103.8197695,1.3988988],[103.8197222,1.3989259]]]}},{"type":"Feature","id":"way/1173957627-0","properties":{"addr:city":"Singapore","addr:housenumber":"53","addr:street":"Thong Soon Green","building":"semidetached_house","clearanceGeometry":{"type":"Polygon","coordinates":[[[103.8198925,1.3990683],[103.8198967,1.399054],[103.8198923,1.399046],[103.8199179,1.399031],[103.8198266,1.398866],[103.8197695,1.3988988],[103.8198707,1.3990804],[103.8198925,1.3990683]]]},"clearanceHeight":1.7,"clearancePrepared":true},"geometry":{"type":"Polygon","coordinates":[[[103.8198707,1.3990804],[103.8198925,1.3990683],[103.8198967,1.399054],[103.8198923,1.399046],[103.8199179,1.399031],[103.8198266,1.398866],[103.8197695,1.3988988],[103.8198707,1.3990804]]]}},{"type":"Feature","id":"way/1173957628-0","properties":{"addr:city":"Singapore","addr:housenumber":"51","addr:street":"Thong Soon Green","building":"semidetached_house","clearanceGeometry":{"type":"Polygon","coordinates":[[[103.8199179,1.399031],[103.8199368,1.3990205],[103.8199409,1.3990279],[103.8199541,1.3990315],[103.819972,1.3990221],[103.81987,1.3988411],[103.8198266,1.398866],[103.8199179,1.399031]]]},"clearanceHeight":1.7,"clearancePrepared":true},"geometry":{"type":"Polygon","coordinates":[[[103.8198266,1.398866],[103.8199179,1.399031],[103.8199368,1.3990205],[103.8199409,1.3990279],[103.8199541,1.3990315],[103.819972,1.3990221],[103.81987,1.3988411],[103.8198266,1.398866]]]}},{"type":"Feature","id":"way/1173957629-0","properties":{"addr:city":"Singapore","addr:housenumber":"49","addr:street":"Thong Soon Green","building":"semidetached_house","clearanceGeometry":{"type":"Polygon","coordinates":[[[103.8199931,1.3990102],[103.8199997,1.3989963],[103.819995,1.398988],[103.8200178,1.3989751],[103.8199246,1.3988097],[103.81987,1.3988411],[103.819972,1.3990221],[103.8199931,1.3990102]]]},"clearanceHeight":1.7,"clearancePrepared":true},"geometry":{"type":"Polygon","coordinates":[[[103.819972,1.3990221],[103.8199931,1.3990102],[103.8199997,1.3989963],[103.819995,1.398988],[103.8200178,1.3989751],[103.8199246,1.3988097],[103.81987,1.3988411],[103.819972,1.3990221]]]}},{"type":"Feature","id":"way/1173957635-0","properties":{"addr:city":"Singapore","addr:housenumber":"54","addr:street":"Thong Soon Green","building":"semidetached_house","clearanceGeometry":{"type":"Polygon","coordinates":[[[103.8198152,1.3992888],[103.819812,1.3993004],[103.8198166,1.3993084],[103.8197925,1.399322],[103.8198847,1.3994852],[103.8199361,1.3994563],[103.8198345,1.3992765],[103.8198152,1.3992888]]]},"clearanceHeight":1.7,"clearancePrepared":true},"geometry":{"type":"Polygon","coordinates":[[[103.8198345,1.3992765],[103.8198152,1.3992888],[103.819812,1.3993004],[103.8198166,1.3993084],[103.8197925,1.399322],[103.8198847,1.3994852],[103.8199361,1.3994563],[103.8198345,1.3992765]]]}},{"type":"Feature","id":"way/1173957636-0","properties":{"addr:city":"Singapore","addr:housenumber":"56","addr:street":"Thong Soon Green","building":"semidetached_house","clearanceGeometry":{"type":"Polygon","coordinates":[[[103.8197925,1.399322],[103.8197727,1.3993323],[103.8197683,1.3993244],[103.8197531,1.399321],[103.8197317,1.399333],[103.8198336,1.399514],[103.8198847,1.3994852],[103.8197925,1.399322]]]},"clearanceHeight":1.7,"clearancePrepared":true},"geometry":{"type":"Polygon","coordinates":[[[103.8198847,1.3994852],[103.8197925,1.399322],[103.8197727,1.3993323],[103.8197683,1.3993244],[103.8197531,1.399321],[103.8197317,1.399333],[103.8198336,1.399514],[103.8198847,1.3994852]]]}},{"type":"Feature","id":"way/1173957637-0","properties":{"addr:city":"Singapore","addr:housenumber":"58","addr:street":"Thong Soon Green","building":"semidetached_house","clearanceGeometry":{"type":"Polygon","coordinates":[[[103.819714,1.3993421],[103.8197097,1.3993563],[103.8197142,1.3993644],[103.8196905,1.3993777],[103.8197831,1.3995425],[103.8198336,1.399514],[103.8197317,1.399333],[103.819714,1.3993421]]]},"clearanceHeight":1.7,"clearancePrepared":true},"geometry":{"type":"Polygon","coordinates":[[[103.8197317,1.399333],[103.819714,1.3993421],[103.8197097,1.3993563],[103.8197142,1.3993644],[103.8196905,1.3993777],[103.8197831,1.3995425],[103.8198336,1.399514],[103.8197317,1.399333]]]}},{"type":"Feature","id":"way/1173957638-0","properties":{"addr:city":"Singapore","addr:housenumber":"60","addr:street":"Thong Soon Green","building":"semidetached_house","clearanceGeometry":{"type":"Polygon","coordinates":[[[103.8196905,1.3993777],[103.8196695,1.3993896],[103.8196654,1.3993822],[103.8196523,1.3993787],[103.8196312,1.3993905],[103.8197325,1.3995711],[103.8197831,1.3995425],[103.8196905,1.3993777]]]},"clearanceHeight":1.7,"clearancePrepared":true},"geometry":{"type":"Polygon","coordinates":[[[103.8197831,1.3995425],[103.8196905,1.3993777],[103.8196695,1.3993896],[103.8196654,1.3993822],[103.8196523,1.3993787],[103.8196312,1.3993905],[103.8197325,1.3995711],[103.8197831,1.3995425]]]}},{"type":"Feature","id":"way/1173957639-0","properties":{"addr:city":"Singapore","addr:housenumber":"62","addr:street":"Thong Soon Green","building":"semidetached_house","clearanceGeometry":{"type":"Polygon","coordinates":[[[103.8196132,1.3993998],[103.8196089,1.399414],[103.8196134,1.399422],[103.8195894,1.3994355],[103.8196815,1.3995998],[103.8197325,1.3995711],[103.8196312,1.3993905],[103.8196132,1.3993998]]]},"clearanceHeight":1.7,"clearancePrepared":true},"geometry":{"type":"Polygon","coordinates":[[[103.8196312,1.3993905],[103.8196132,1.3993998],[103.8196089,1.399414],[103.8196134,1.399422],[103.8195894,1.3994355],[103.8196815,1.3995998],[103.8197325,1.3995711],[103.8196312,1.3993905]]]}},{"type":"Feature","id":"way/1173957640-0","properties":{"addr:city":"Singapore","addr:housenumber":"66","addr:street":"Thong Soon Green","building":"semidetached_house","clearanceGeometry":{"type":"Polygon","coordinates":[[[103.8195095,1.3994597],[103.8195052,1.399473],[103.8195105,1.3994824],[103.8194799,1.3994997],[103.8195719,1.3996616],[103.8196313,1.3996282],[103.8195301,1.399448],[103.8195095,1.3994597]]]},"clearanceHeight":1.7,"clearancePrepared":true},"geometry":{"type":"Polygon","coordinates":[[[103.8195301,1.399448],[103.8195095,1.3994597],[103.8195052,1.399473],[103.8195105,1.3994824],[103.8194799,1.3994997],[103.8195719,1.3996616],[103.8196313,1.3996282],[103.8195301,1.399448]]]}},{"type":"Feature","id":"way/1173957641-0","properties":{"addr:city":"Singapore","addr:housenumber":"64","addr:street":"Thong Soon Green","building":"semidetached_house","clearanceGeometry":{"type":"Polygon","coordinates":[[[103.8195894,1.3994355],[103.8195667,1.3994495],[103.8195624,1.3994419],[103.8195492,1.3994373],[103.8195301,1.399448],[103.8196313,1.3996282],[103.8196815,1.3995998],[103.8195894,1.3994355]]]},"clearanceHeight":1.7,"clearancePrepared":true},"geometry":{"type":"Polygon","coordinates":[[[103.8196815,1.3995998],[103.8195894,1.3994355],[103.8195667,1.3994495],[103.8195624,1.3994419],[103.8195492,1.3994373],[103.8195301,1.399448],[103.8196313,1.3996282],[103.8196815,1.3995998]]]}},{"type":"Feature","id":"way/1173957642-0","properties":{"addr:city":"Singapore","addr:housenumber":"50","addr:street":"Thong Soon Green","building":"semidetached_house","clearanceGeometry":{"type":"Polygon","coordinates":[[[103.8199717,1.3991987],[103.8199675,1.399212],[103.8199727,1.3992214],[103.8199417,1.3992386],[103.8200331,1.3994023],[103.8200933,1.3993687],[103.8199921,1.3991874],[103.8199717,1.3991987]]]},"clearanceHeight":1.7,"clearancePrepared":true},"geometry":{"type":"Polygon","coordinates":[[[103.8199921,1.3991874],[103.8199717,1.3991987],[103.8199675,1.399212],[103.8199727,1.3992214],[103.8199417,1.3992386],[103.8200331,1.3994023],[103.8200933,1.3993687],[103.8199921,1.3991874]]]}},{"type":"Feature","id":"way/1173957643-0","properties":{"addr:city":"Singapore","addr:housenumber":"48","addr:street":"Thong Soon Green","building":"semidetached_house","clearanceGeometry":{"type":"Polygon","coordinates":[[[103.8200507,1.3991766],[103.8200289,1.3991886],[103.8200247,1.3991809],[103.8200115,1.3991763],[103.8199921,1.3991874],[103.8200933,1.3993687],[103.8201421,1.3993414],[103.8200507,1.3991766]]]},"clearanceHeight":1.7,"clearancePrepared":true},"geometry":{"type":"Polygon","coordinates":[[[103.8201421,1.3993414],[103.8200507,1.3991766],[103.8200289,1.3991886],[103.8200247,1.3991809],[103.8200115,1.3991763],[103.8199921,1.3991874],[103.8200933,1.3993687],[103.8201421,1.3993414]]]}},{"type":"Feature","id":"way/1173957644-0","properties":{"addr:city":"Singapore","addr:housenumber":"46","addr:street":"Thong Soon Green","building":"semidetached_house","clearanceGeometry":{"type":"Polygon","coordinates":[[[103.8200754,1.3991388],[103.8200712,1.3991531],[103.8200756,1.3991611],[103.8200507,1.3991766],[103.8201421,1.3993414],[103.8201944,1.3993135],[103.8200931,1.3991291],[103.8200754,1.3991388]]]},"clearanceHeight":1.7,"clearancePrepared":true},"geometry":{"type":"Polygon","coordinates":[[[103.8200931,1.3991291],[103.8200754,1.3991388],[103.8200712,1.3991531],[103.8200756,1.3991611],[103.8200507,1.3991766],[103.8201421,1.3993414],[103.8201944,1.3993135],[103.8200931,1.3991291]]]}},{"type":"Feature","id":"way/1173957645-0","properties":{"addr:city":"Singapore","addr:housenumber":"44","addr:street":"Thong Soon Green","building":"semidetached_house","clearanceGeometry":{"type":"Polygon","coordinates":[[[103.8201521,1.3991174],[103.8201291,1.39913],[103.820125,1.3991226],[103.8201119,1.399119],[103.8200931,1.3991291],[103.8201944,1.3993135],[103.8202448,1.3992858],[103.8201521,1.3991174]]]},"clearanceHeight":1.7,"clearancePrepared":true},"geometry":{"type":"Polygon","coordinates":[[[103.8202448,1.3992858],[103.8201521,1.3991174],[103.8201291,1.39913],[103.820125,1.3991226],[103.8201119,1.399119],[103.8200931,1.3991291],[103.8201944,1.3993135],[103.8202448,1.3992858]]]}},{"type":"Feature","id":"way/1173957646-0","properties":{"addr:city":"Singapore","addr:housenumber":"42","addr:street":"Thong Soon Green","building":"semidetached_house","clearanceGeometry":{"type":"Polygon","coordinates":[[[103.8201769,1.3990817],[103.820173,1.3990967],[103.820175,1.3991058],[103.8201521,1.3991174],[103.8202448,1.3992858],[103.8203018,1.3992532],[103.8202008,1.3990687],[103.8201769,1.3990817]]]},"clearanceHeight":1.7,"clearancePrepared":true},"geometry":{"type":"Polygon","coordinates":[[[103.8202008,1.3990687],[103.8201769,1.3990817],[103.820173,1.3990967],[103.820175,1.3991058],[103.8201521,1.3991174],[103.8202448,1.3992858],[103.8203018,1.3992532],[103.8202008,1.3990687]]]}},{"type":"Feature","id":"way/1173957647-0","properties":{"addr:city":"Singapore","addr:housenumber":"40","addr:street":"Thong Soon Green","building":"semidetached_house","clearanceGeometry":{"type":"Polygon","coordinates":[[[103.820255,1.3990626],[103.820234,1.3990743],[103.8202305,1.399068],[103.8202136,1.3990646],[103.8202008,1.3990687],[103.8203018,1.3992532],[103.8203464,1.3992268],[103.820255,1.3990626]]]},"clearanceHeight":1.7,"clearancePrepared":true},"geometry":{"type":"Polygon","coordinates":[[[103.8203464,1.3992268],[103.820255,1.3990626],[103.820234,1.3990743],[103.8202305,1.399068],[103.8202136,1.3990646],[103.8202008,1.3990687],[103.8203018,1.3992532],[103.8203464,1.3992268]]]}},{"type":"Feature","id":"way/1173964559-0","properties":{"addr:city":"Singapore","addr:housenumber":"19","addr:street":"Springleaf Road","building":"semidetached_house","clearanceGeometry":{"type":"Polygon","coordinates":[[[103.8197033,1.397303],[103.819749,1.3973114],[103.8197808,1.3971432],[103.8197497,1.3971374],[103.8197433,1.3971724],[103.8197248,1.397169],[103.8197154,1.3972202],[103.8197016,1.3972176],[103.8196892,1.3972843],[103.8197062,1.3972875],[103.8197033,1.397303]]]},"clearanceHeight":1.7,"clearancePrepared":true},"geometry":{"type":"Polygon","coordinates":[[[103.8197062,1.3972875],[103.8197033,1.397303],[103.819749,1.3973114],[103.8197808,1.3971432],[103.8197497,1.3971374],[103.8197433,1.3971724],[103.8197248,1.397169],[103.8197154,1.3972202],[103.8197016,1.3972176],[103.8196892,1.3972843],[103.8197062,1.3972875]]]}},{"type":"Feature","id":"way/1173964561-0","properties":{"addr:city":"Singapore","addr:housenumber":"1B","addr:street":"Springleaf Avenue","building":"semidetached_house","clearanceGeometry":{"type":"Polygon","coordinates":[[[103.8196352,1.3975529],[103.8196215,1.3975623],[103.8196066,1.3975406],[103.8195326,1.3975914],[103.8195448,1.3976091],[103.8195068,1.3976352],[103.8195139,1.3976456],[103.8195022,1.3976536],[103.8195253,1.3976868],[103.8196621,1.3975939],[103.8196352,1.3975529]]]},"clearanceHeight":1.7,"clearancePrepared":true},"geometry":{"type":"Polygon","coordinates":[[[103.8196621,1.3975939],[103.8196352,1.3975529],[103.8196215,1.3975623],[103.8196066,1.3975406],[103.8195326,1.3975914],[103.8195448,1.3976091],[103.8195068,1.3976352],[103.8195139,1.3976456],[103.8195022,1.3976536],[103.8195253,1.3976868],[103.8196621,1.3975939]]]}},{"type":"Feature","id":"way/1173964562-0","properties":{"addr:city":"Singapore","addr:housenumber":"3A","addr:street":"Springleaf Avenue","building":"semidetached_house","clearanceGeometry":{"type":"Polygon","coordinates":[[[103.8198049,1.3979193],[103.8198001,1.3979125],[103.8198412,1.3978834],[103.8198351,1.3978748],[103.81987,1.39785],[103.8198292,1.3977932],[103.819668,1.3979087],[103.8197192,1.3979802],[103.8198049,1.3979193]]]},"clearanceHeight":1.7,"clearancePrepared":true},"geometry":{"type":"Polygon","coordinates":[[[103.8197192,1.3979802],[103.8198049,1.3979193],[103.8198001,1.3979125],[103.8198412,1.3978834],[103.8198351,1.3978748],[103.81987,1.39785],[103.8198292,1.3977932],[103.819668,1.3979087],[103.8197192,1.3979802]]]}},{"type":"Feature","id":"way/1173964563-0","properties":{"addr:city":"Singapore","addr:housenumber":"7","addr:street":"Springleaf Avenue","building":"semidetached_house","clearanceGeometry":{"type":"Polygon","coordinates":[[[103.820085,1.3981766],[103.8200537,1.3981327],[103.8200754,1.3981172],[103.8200488,1.398081],[103.8198841,1.3981978],[103.8199409,1.3982793],[103.820085,1.3981766]]]},"clearanceHeight":1.7,"clearancePrepared":true},"geometry":{"type":"Polygon","coordinates":[[[103.8199409,1.3982793],[103.820085,1.3981766],[103.8200537,1.3981327],[103.8200754,1.3981172],[103.8200488,1.398081],[103.8198841,1.3981978],[103.8199409,1.3982793]]]}},{"type":"Feature","id":"way/1173964564-0","properties":{"addr:city":"Singapore","addr:housenumber":"9","addr:street":"Springleaf Avenue","building":"semidetached_house","clearanceGeometry":{"type":"Polygon","coordinates":[[[103.8201273,1.3982962],[103.820082,1.3982333],[103.819988,1.3983008],[103.8200326,1.3983628],[103.8201273,1.3982962]]]},"clearanceHeight":1.7,"clearancePrepared":true},"geometry":{"type":"Polygon","coordinates":[[[103.8200326,1.3983628],[103.8201273,1.3982962],[103.820082,1.3982333],[103.819988,1.3983008],[103.8200326,1.3983628]]]}},{"type":"Feature","id":"way/1173964565-0","properties":{"addr:city":"Singapore","addr:housenumber":"17","addr:street":"Springleaf Avenue","building":"semidetached_house","clearanceGeometry":{"type":"Polygon","coordinates":[[[103.8203017,1.3985408],[103.8202552,1.3984764],[103.8201628,1.3985426],[103.8202081,1.3986069],[103.8203017,1.3985408]]]},"clearanceHeight":1.7,"clearancePrepared":true},"geometry":{"type":"Polygon","coordinates":[[[103.8202081,1.3986069],[103.8203017,1.3985408],[103.8202552,1.3984764],[103.8201628,1.3985426],[103.8202081,1.3986069]]]}},{"type":"Feature","id":"way/1173964566-0","properties":{"addr:city":"Singapore","addr:housenumber":"21","addr:street":"Springleaf Avenue","building":"semidetached_house","clearanceGeometry":{"type":"Polygon","coordinates":[[[103.8202775,1.3987599],[103.820313,1.3988093],[103.8204469,1.398713],[103.8204208,1.3986767],[103.8204524,1.398654],[103.820424,1.3986165],[103.8202552,1.3987382],[103.8202722,1.3987637],[103.8202775,1.3987599]]]},"clearanceHeight":1.7,"clearancePrepared":true},"geometry":{"type":"Polygon","coordinates":[[[103.8202722,1.3987637],[103.8202775,1.3987599],[103.820313,1.3988093],[103.8204469,1.398713],[103.8204208,1.3986767],[103.8204524,1.398654],[103.820424,1.3986165],[103.8202552,1.3987382],[103.8202722,1.3987637]]]}},{"type":"Feature","id":"way/1173964567-0","properties":{"addr:city":"Singapore","addr:housenumber":"25","addr:street":"Springleaf Avenue","building":"semidetached_house","clearanceGeometry":{"type":"Polygon","coordinates":[[[103.8205509,1.3988924],[103.8205073,1.3988283],[103.8204163,1.3988912],[103.8204595,1.3989546],[103.8205509,1.3988924]]]},"clearanceHeight":1.7,"clearancePrepared":true},"geometry":{"type":"Polygon","coordinates":[[[103.8204595,1.3989546],[103.8205509,1.3988924],[103.8205073,1.3988283],[103.8204163,1.3988912],[103.8204595,1.3989546]]]}},{"type":"Feature","id":"way/1173964568-0","properties":{"addr:city":"Singapore","addr:housenumber":"27","addr:street":"Springleaf Avenue","building":"semidetached_house","clearanceGeometry":{"type":"Polygon","coordinates":[[[103.820616,1.3988929],[103.8205758,1.3989217],[103.8205866,1.3989367],[103.8205631,1.3989536],[103.8205573,1.3989455],[103.820447,1.3990245],[103.8204952,1.3990949],[103.8206722,1.3989682],[103.820616,1.3988929]]]},"clearanceHeight":1.7,"clearancePrepared":true},"geometry":{"type":"Polygon","coordinates":[[[103.8206722,1.3989682],[103.820616,1.3988929],[103.8205758,1.3989217],[103.8205866,1.3989367],[103.8205631,1.3989536],[103.8205573,1.3989455],[103.820447,1.3990245],[103.8204952,1.3990949],[103.8206722,1.3989682]]]}},{"type":"Feature","id":"way/1173964569-0","properties":{"addr:city":"Singapore","addr:housenumber":"33","addr:street":"Springleaf Avenue","building":"semidetached_house","clearanceGeometry":{"type":"Polygon","coordinates":[[[103.8208244,1.3992658],[103.8207709,1.3991936],[103.8206649,1.3992738],[103.8207184,1.3993439],[103.8208244,1.3992658]]]},"clearanceHeight":1.7,"clearancePrepared":true},"geometry":{"type":"Polygon","coordinates":[[[103.8207184,1.3993439],[103.8208244,1.3992658],[103.8207709,1.3991936],[103.8206649,1.3992738],[103.8207184,1.3993439]]]}},{"type":"Feature","id":"way/1173964570-0","properties":{"addr:city":"Singapore","addr:housenumber":"53","addr:street":"Springleaf Avenue","building":"semidetached_house","clearanceGeometry":{"type":"Polygon","coordinates":[[[103.8214352,1.4001608],[103.821431,1.400155],[103.8214611,1.4001332],[103.821417,1.4000756],[103.8212979,1.4001634],[103.8213433,1.4002273],[103.8214352,1.4001608]]]},"clearanceHeight":1.7,"clearancePrepared":true},"geometry":{"type":"Polygon","coordinates":[[[103.8213433,1.4002273],[103.8214352,1.4001608],[103.821431,1.400155],[103.8214611,1.4001332],[103.821417,1.4000756],[103.8212979,1.4001634],[103.8213433,1.4002273]]]}},{"type":"Feature","id":"way/1173964571-0","properties":{"addr:city":"Singapore","addr:housenumber":"55","addr:street":"Springleaf Avenue","building":"semidetached_house","clearanceGeometry":{"type":"Polygon","coordinates":[[[103.8214949,1.4001883],[103.8214677,1.4002086],[103.8214619,1.4002009],[103.8213691,1.4002703],[103.8214141,1.4003314],[103.821535,1.4002416],[103.8214949,1.4001883]]]},"clearanceHeight":1.7,"clearancePrepared":true},"geometry":{"type":"Polygon","coordinates":[[[103.821535,1.4002416],[103.8214949,1.4001883],[103.8214677,1.4002086],[103.8214619,1.4002009],[103.8213691,1.4002703],[103.8214141,1.4003314],[103.821535,1.4002416]]]}},{"type":"Feature","id":"way/1173964572-0","properties":{"addr:city":"Singapore","addr:housenumber":"36","addr:street":"Springleaf Avenue","building":"semidetached_house","clearanceGeometry":{"type":"Polygon","coordinates":[[[103.8206719,1.398618],[103.820723,1.3986919],[103.8207024,1.3987061],[103.8207184,1.3987292],[103.8208319,1.3986508],[103.8206719,1.398618]]]},"clearanceHeight":1.7,"clearancePrepared":true},"geometry":{"type":"Polygon","coordinates":[[[103.8208319,1.3986508],[103.8206719,1.398618],[103.820723,1.3986919],[103.8207024,1.3987061],[103.8207184,1.3987292],[103.8208319,1.3986508]]]}},{"type":"Feature","id":"way/1173964573-0","properties":{"addr:city":"Singapore","addr:housenumber":"10","addr:street":"Springleaf Avenue","building":"semidetached_house","clearanceGeometry":{"type":"Polygon","coordinates":[[[103.8206387,1.3979571],[103.8205718,1.3979444],[103.8205427,1.3980894],[103.8206109,1.3981025],[103.8206387,1.3979571]]]},"clearanceHeight":1.7,"clearancePrepared":true},"geometry":{"type":"Polygon","coordinates":[[[103.8206109,1.3981025],[103.8206387,1.3979571],[103.8205718,1.3979444],[103.8205427,1.3980894],[103.8206109,1.3981025]]]}},{"type":"Feature","id":"way/1173964574-0","properties":{"addr:city":"Singapore","addr:housenumber":"14","addr:street":"Springleaf Avenue","building":"semidetached_house","clearanceGeometry":{"type":"Polygon","coordinates":[[[103.8208313,1.3979964],[103.8207675,1.3979843],[103.8207399,1.3981304],[103.8208036,1.3981424],[103.8208313,1.3979964]]]},"clearanceHeight":1.7,"clearancePrepared":true},"geometry":{"type":"Polygon","coordinates":[[[103.8208036,1.3981424],[103.8208313,1.3979964],[103.8207675,1.3979843],[103.8207399,1.3981304],[103.8208036,1.3981424]]]}},{"type":"Feature","id":"way/1173964575-0","properties":{"addr:city":"Singapore","addr:housenumber":"18","addr:street":"Springleaf Avenue","building":"semidetached_house","clearanceGeometry":{"type":"Polygon","coordinates":[[[103.8210391,1.3980331],[103.8209683,1.3980197],[103.8209392,1.3981634],[103.8210118,1.3981772],[103.8210391,1.3980331]]]},"clearanceHeight":1.7,"clearancePrepared":true},"geometry":{"type":"Polygon","coordinates":[[[103.8210118,1.3981772],[103.8210391,1.3980331],[103.8209683,1.3980197],[103.8209392,1.3981634],[103.8210118,1.3981772]]]}},{"type":"Feature","id":"way/1173985295-0","properties":{"addr:city":"Singapore","addr:housenumber":"32","addr:street":"Springleaf Avenue","building":"semidetached_house","clearanceGeometry":{"type":"Polygon","coordinates":[[[103.8207365,1.3985649],[103.8207444,1.3985664],[103.8207759,1.3984008],[103.8207355,1.3983931],[103.8207425,1.3983561],[103.8207074,1.3983494],[103.8207054,1.3983647],[103.8206658,1.3985727],[103.8207326,1.3985854],[103.8207365,1.3985649]]]},"clearanceHeight":1.7,"clearancePrepared":true},"geometry":{"type":"Polygon","coordinates":[[[103.8207326,1.3985854],[103.8207365,1.3985649],[103.8207444,1.3985664],[103.8207759,1.3984008],[103.8207355,1.3983931],[103.8207425,1.3983561],[103.8207074,1.3983494],[103.8207054,1.3983647],[103.8206658,1.3985727],[103.8207326,1.3985854]]]}},{"type":"Feature","id":"way/1173985296-0","properties":{"addr:city":"Singapore","addr:housenumber":"30","addr:street":"Springleaf Avenue","building":"semidetached_house","clearanceGeometry":{"type":"Polygon","coordinates":[[[103.8208976,1.3984338],[103.8208212,1.3984198],[103.820795,1.398562],[103.8208707,1.3985759],[103.8208976,1.3984338]]]},"clearanceHeight":1.7,"clearancePrepared":true},"geometry":{"type":"Polygon","coordinates":[[[103.8208707,1.3985759],[103.8208976,1.3984338],[103.8208212,1.3984198],[103.820795,1.398562],[103.8208707,1.3985759]]]}},{"type":"Feature","id":"way/1173985297-0","properties":{"addr:city":"Singapore","addr:housenumber":"26","addr:street":"Springleaf Avenue","building":"semidetached_house","clearanceGeometry":{"type":"Polygon","coordinates":[[[103.8210967,1.3984745],[103.8210283,1.3984607],[103.8209999,1.3986016],[103.8210694,1.3986156],[103.8210967,1.3984745]]]},"clearanceHeight":1.7,"clearancePrepared":true},"geometry":{"type":"Polygon","coordinates":[[[103.8210694,1.3986156],[103.8210967,1.3984745],[103.8210283,1.3984607],[103.8209999,1.3986016],[103.8210694,1.3986156]]]}},{"type":"Feature","id":"way/1173985298-0","properties":{"addr:city":"Singapore","addr:housenumber":"26","addr:street":"Springleaf Garden","building":"semidetached_house","clearanceGeometry":{"type":"Polygon","coordinates":[[[103.8213654,1.3985239],[103.8212971,1.3985101],[103.821269,1.3986534],[103.821337,1.3986663],[103.8213654,1.3985239]]]},"clearanceHeight":1.7,"clearancePrepared":true},"geometry":{"type":"Polygon","coordinates":[[[103.821337,1.3986663],[103.8213654,1.3985239],[103.8212971,1.3985101],[103.821269,1.3986534],[103.821337,1.3986663]]]}},{"type":"Feature","id":"way/1173985299-0","properties":{"addr:city":"Singapore","addr:housenumber":"22","addr:street":"Springleaf Garden","building":"semidetached_house","clearanceGeometry":{"type":"Polygon","coordinates":[[[103.821562,1.3985655],[103.821491,1.3985503],[103.8214622,1.3986928],[103.8215329,1.3987064],[103.821562,1.3985655]]]},"clearanceHeight":1.7,"clearancePrepared":true},"geometry":{"type":"Polygon","coordinates":[[[103.8215329,1.3987064],[103.821562,1.3985655],[103.821491,1.3985503],[103.8214622,1.3986928],[103.8215329,1.3987064]]]}},{"type":"Feature","id":"way/1173985300-0","properties":{"addr:city":"Singapore","addr:housenumber":"18","addr:street":"Springleaf Garden","building":"semidetached_house","clearanceGeometry":{"type":"Polygon","coordinates":[[[103.8217553,1.3986002],[103.8216832,1.3985871],[103.8216582,1.3987303],[103.8217291,1.3987433],[103.8217553,1.3986002]]]},"clearanceHeight":1.7,"clearancePrepared":true},"geometry":{"type":"Polygon","coordinates":[[[103.8217291,1.3987433],[103.8217553,1.3986002],[103.8216832,1.3985871],[103.8216582,1.3987303],[103.8217291,1.3987433]]]}},{"type":"Feature","id":"way/1173985301-0","properties":{"addr:city":"Singapore","addr:housenumber":"2","addr:street":"Springleaf Garden","building":"semidetached_house","clearanceGeometry":{"type":"Polygon","coordinates":[[[103.8210567,1.3987128],[103.8209779,1.3986977],[103.8209477,1.398856],[103.8210259,1.3988709],[103.8210567,1.3987128]]]},"clearanceHeight":1.7,"clearancePrepared":true},"geometry":{"type":"Polygon","coordinates":[[[103.8210259,1.3988709],[103.8210567,1.3987128],[103.8209779,1.3986977],[103.8209477,1.398856],[103.8210259,1.3988709]]]}},{"type":"Feature","id":"way/1173985302-0","properties":{"addr:city":"Singapore","addr:housenumber":"16","addr:street":"Springleaf Garden","building":"semidetached_house","clearanceGeometry":{"type":"Polygon","coordinates":[[[103.8217119,1.3988422],[103.8216372,1.3988268],[103.8216066,1.3989752],[103.8216803,1.3989905],[103.8217119,1.3988422]]]},"clearanceHeight":1.7,"clearancePrepared":true},"geometry":{"type":"Polygon","coordinates":[[[103.8216803,1.3989905],[103.8217119,1.3988422],[103.8216372,1.3988268],[103.8216066,1.3989752],[103.8216803,1.3989905]]]}},{"type":"Feature","id":"way/1173985303-0","properties":{"addr:city":"Singapore","addr:housenumber":"7","addr:street":"Springleaf Garden","building":"semidetached_house","clearanceGeometry":{"type":"Polygon","coordinates":[[[103.8215034,1.3991725],[103.82141,1.3991555],[103.8213649,1.3993988],[103.8214549,1.3994149],[103.8215034,1.3991725]]]},"clearanceHeight":1.7,"clearancePrepared":true},"geometry":{"type":"Polygon","coordinates":[[[103.8214549,1.3994149],[103.8215034,1.3991725],[103.82141,1.3991555],[103.8213649,1.3993988],[103.8214549,1.3994149]]]}},{"type":"Feature","id":"way/1173985304-0","properties":{"addr:city":"Singapore","addr:housenumber":"9","addr:street":"Springleaf Garden","building":"semidetached_house","clearanceGeometry":{"type":"Polygon","coordinates":[[[103.821601,1.3991893],[103.821563,1.3991855],[103.8215574,1.3992166],[103.8215152,1.399209],[103.8214818,1.399394],[103.8215637,1.3994087],[103.821601,1.3991893]]]},"clearanceHeight":1.7,"clearancePrepared":true},"geometry":{"type":"Polygon","coordinates":[[[103.8215637,1.3994087],[103.821601,1.3991893],[103.821563,1.3991855],[103.8215574,1.3992166],[103.8215152,1.399209],[103.8214818,1.399394],[103.8215637,1.3994087]]]}},{"type":"Feature","id":"way/1173985305-0","properties":{"addr:city":"Singapore","addr:housenumber":"17","addr:street":"Springleaf Garden","building":"semidetached_house","clearanceGeometry":{"type":"Polygon","coordinates":[[[103.8218692,1.3992805],[103.8217962,1.3992657],[103.8217671,1.3994141],[103.8218395,1.3994277],[103.8218692,1.3992805]]]},"clearanceHeight":1.7,"clearancePrepared":true},"geometry":{"type":"Polygon","coordinates":[[[103.8218395,1.3994277],[103.8218692,1.3992805],[103.8217962,1.3992657],[103.8217671,1.3994141],[103.8218395,1.3994277]]]}},{"type":"Feature","id":"way/1173985306-0","properties":{"addr:city":"Singapore","addr:housenumber":"21","addr:street":"Springleaf Garden","building":"semidetached_house","clearanceGeometry":{"type":"Polygon","coordinates":[[[103.8220617,1.3993188],[103.8219879,1.3993057],[103.8219624,1.3994517],[103.8220358,1.3994647],[103.8220617,1.3993188]]]},"clearanceHeight":1.7,"clearancePrepared":true},"geometry":{"type":"Polygon","coordinates":[[[103.8220358,1.3994647],[103.8220617,1.3993188],[103.8219879,1.3993057],[103.8219624,1.3994517],[103.8220358,1.3994647]]]}},{"type":"Feature","id":"way/1173985307-0","properties":{"addr:city":"Singapore","addr:housenumber":"33","addr:street":"Springleaf Garden","building":"semidetached_house","clearanceGeometry":{"type":"Polygon","coordinates":[[[103.8219328,1.3991006],[103.8219387,1.399068],[103.8219702,1.3990738],[103.8219821,1.3990085],[103.8219903,1.39901],[103.8220166,1.3988659],[103.8219428,1.3988525],[103.8219418,1.3988608],[103.8218999,1.3990861],[103.8218986,1.3990944],[103.8219328,1.3991006]]]},"clearanceHeight":1.7,"clearancePrepared":true},"geometry":{"type":"Polygon","coordinates":[[[103.8218986,1.3990944],[103.8219328,1.3991006],[103.8219387,1.399068],[103.8219702,1.3990738],[103.8219821,1.3990085],[103.8219903,1.39901],[103.8220166,1.3988659],[103.8219428,1.3988525],[103.8219418,1.3988608],[103.8218999,1.3990861],[103.8218986,1.3990944]]]}},{"type":"Feature","id":"way/1173985308-0","properties":{"addr:city":"Singapore","addr:housenumber":"29","addr:street":"Springleaf Garden","building":"semidetached_house","clearanceGeometry":{"type":"Polygon","coordinates":[[[103.8221934,1.3989353],[103.8221213,1.3989218],[103.8220936,1.3990674],[103.8221657,1.3990832],[103.8221934,1.3989353]]]},"clearanceHeight":1.7,"clearancePrepared":true},"geometry":{"type":"Polygon","coordinates":[[[103.8221657,1.3990832],[103.8221934,1.3989353],[103.8221213,1.3989218],[103.8220936,1.3990674],[103.8221657,1.3990832]]]}},{"type":"Feature","id":"way/1173985309-0","properties":{"addr:city":"Singapore","addr:housenumber":"41","addr:street":"Springleaf Garden","building":"semidetached_house","clearanceGeometry":{"type":"Polygon","coordinates":[[[103.8220738,1.3988044],[103.8221424,1.3988177],[103.8221689,1.3986748],[103.8221001,1.3986627],[103.8220738,1.3988044]]]},"clearanceHeight":1.7,"clearancePrepared":true},"geometry":{"type":"Polygon","coordinates":[[[103.8221001,1.3986627],[103.8220738,1.3988044],[103.8221424,1.3988177],[103.8221689,1.3986748],[103.8221001,1.3986627]]]}},{"type":"Feature","id":"way/1173985310-0","properties":{"addr:city":"Singapore","addr:housenumber":"1","addr:street":"Springleaf View","building":"semidetached_house","clearanceGeometry":{"type":"Polygon","coordinates":[[[103.8200445,1.3975473],[103.8200312,1.3976206],[103.8200194,1.3976185],[103.8200025,1.3977117],[103.820006,1.3977269],[103.8200149,1.3977354],[103.820025,1.3977386],[103.82002,1.3977545],[103.8200375,1.397777],[103.8200979,1.3977892],[103.8201374,1.3975612],[103.8200445,1.3975473]]]},"clearanceHeight":1.7,"clearancePrepared":true},"geometry":{"type":"Polygon","coordinates":[[[103.8201374,1.3975612],[103.8200445,1.3975473],[103.8200312,1.3976206],[103.8200194,1.3976185],[103.8200025,1.3977117],[103.820006,1.3977269],[103.8200149,1.3977354],[103.820025,1.3977386],[103.82002,1.3977545],[103.8200375,1.397777],[103.8200979,1.3977892],[103.8201374,1.3975612]]]}},{"type":"Feature","id":"way/1173985311-0","properties":{"addr:city":"Singapore","addr:housenumber":"7","addr:street":"Springleaf View","building":"semidetached_house","clearanceGeometry":{"type":"Polygon","coordinates":[[[103.8204325,1.3976502],[103.8203596,1.3976366],[103.8203341,1.3977802],[103.8204056,1.3977936],[103.8204325,1.3976502]]]},"clearanceHeight":1.7,"clearancePrepared":true},"geometry":{"type":"Polygon","coordinates":[[[103.8204056,1.3977936],[103.8204325,1.3976502],[103.8203596,1.3976366],[103.8203341,1.3977802],[103.8204056,1.3977936]]]}},{"type":"Feature","id":"way/1173985312-0","properties":{"addr:city":"Singapore","addr:housenumber":"11","addr:street":"Springleaf View","building":"semidetached_house","clearanceGeometry":{"type":"Polygon","coordinates":[[[103.8206558,1.3976991],[103.8206167,1.3976925],[103.8206142,1.3977072],[103.8205761,1.3977014],[103.820557,1.3978161],[103.8206337,1.3978295],[103.8206558,1.3976991]]]},"clearanceHeight":1.7,"clearancePrepared":true},"geometry":{"type":"Polygon","coordinates":[[[103.8206337,1.3978295],[103.8206558,1.3976991],[103.8206167,1.3976925],[103.8206142,1.3977072],[103.8205761,1.3977014],[103.820557,1.3978161],[103.8206337,1.3978295]]]}},{"type":"Feature","id":"way/1173985313-0","properties":{"addr:city":"Singapore","addr:housenumber":"17","addr:street":"Springleaf View","building":"semidetached_house","clearanceGeometry":{"type":"Polygon","coordinates":[[[103.8209034,1.3977449],[103.8208464,1.3977345],[103.8208435,1.3977506],[103.8208089,1.3977448],[103.8207888,1.3978585],[103.8208796,1.3978748],[103.8209034,1.3977449]]]},"clearanceHeight":1.7,"clearancePrepared":true},"geometry":{"type":"Polygon","coordinates":[[[103.8208796,1.3978748],[103.8209034,1.3977449],[103.8208464,1.3977345],[103.8208435,1.3977506],[103.8208089,1.3977448],[103.8207888,1.3978585],[103.8208796,1.3978748]]]}},{"type":"Feature","id":"way/1173985314-0","properties":{"addr:city":"Singapore","addr:housenumber":"21","addr:street":"Springleaf View","building":"semidetached_house","clearanceGeometry":{"type":"Polygon","coordinates":[[[103.8211002,1.3977853],[103.8210726,1.3977805],[103.8210754,1.3977645],[103.8210367,1.3977577],[103.8210118,1.397899],[103.8210782,1.3979106],[103.8211002,1.3977853]]]},"clearanceHeight":1.7,"clearancePrepared":true},"geometry":{"type":"Polygon","coordinates":[[[103.8210782,1.3979106],[103.8211002,1.3977853],[103.8210726,1.3977805],[103.8210754,1.3977645],[103.8210367,1.3977577],[103.8210118,1.397899],[103.8210782,1.3979106]]]}},{"type":"Feature","id":"way/1173985315-0","properties":{"addr:city":"Singapore","addr:housenumber":"4","addr:street":"Springleaf View","building":"semidetached_house","clearanceGeometry":{"type":"Polygon","coordinates":[[[103.8201674,1.3973747],[103.8201864,1.3972767],[103.8201972,1.3972787],[103.8202128,1.3971983],[103.8201433,1.3971869],[103.8201151,1.3973461],[103.820111,1.3973637],[103.8201674,1.3973747]]]},"clearanceHeight":1.7,"clearancePrepared":true},"geometry":{"type":"Polygon","coordinates":[[[103.820111,1.3973637],[103.8201674,1.3973747],[103.8201864,1.3972767],[103.8201972,1.3972787],[103.8202128,1.3971983],[103.8201433,1.3971869],[103.8201151,1.3973461],[103.820111,1.3973637]]]}},{"type":"Feature","id":"way/1173985316-0","properties":{"addr:city":"Singapore","addr:housenumber":"6","addr:street":"Springleaf View","building":"semidetached_house","clearanceGeometry":{"type":"Polygon","coordinates":[[[103.8203366,1.3972241],[103.8202539,1.397208],[103.8202182,1.3973905],[103.8203002,1.3974065],[103.8203366,1.3972241]]]},"clearanceHeight":1.7,"clearancePrepared":true},"geometry":{"type":"Polygon","coordinates":[[[103.8203002,1.3974065],[103.8203366,1.3972241],[103.8202539,1.397208],[103.8202182,1.3973905],[103.8203002,1.3974065]]]}},{"type":"Feature","id":"way/1173985317-0","properties":{"addr:city":"Singapore","addr:housenumber":"10","addr:street":"Springleaf View","building":"semidetached_house","clearanceGeometry":{"type":"Polygon","coordinates":[[[103.8204627,1.3972235],[103.8204458,1.3973125],[103.8204342,1.3973103],[103.820427,1.3973479],[103.8204384,1.39735],[103.8204254,1.3974187],[103.8204361,1.3974208],[103.8204302,1.3974518],[103.8204584,1.3974572],[103.8204558,1.3974707],[103.8204939,1.3974779],[103.8205393,1.397238],[103.8204627,1.3972235]]]},"clearanceHeight":1.7,"clearancePrepared":true},"geometry":{"type":"Polygon","coordinates":[[[103.8205393,1.397238],[103.8204627,1.3972235],[103.8204458,1.3973125],[103.8204342,1.3973103],[103.820427,1.3973479],[103.8204384,1.39735],[103.8204254,1.3974187],[103.8204361,1.3974208],[103.8204302,1.3974518],[103.8204584,1.3974572],[103.8204558,1.3974707],[103.8204939,1.3974779],[103.8205393,1.397238]]]}},{"type":"Feature","id":"way/1173985318-0","properties":{"addr:city":"Singapore","addr:housenumber":"16","addr:street":"Springleaf View","building":"semidetached_house","clearanceGeometry":{"type":"Polygon","coordinates":[[[103.8207733,1.397418],[103.8207666,1.3974169],[103.8207873,1.3972947],[103.8207251,1.3972841],[103.8207182,1.3973239],[103.8206958,1.3974532],[103.8207654,1.397465],[103.8207733,1.397418]]]},"clearanceHeight":1.7,"clearancePrepared":true},"geometry":{"type":"Polygon","coordinates":[[[103.8207654,1.397465],[103.8207733,1.397418],[103.8207666,1.3974169],[103.8207873,1.3972947],[103.8207251,1.3972841],[103.8207182,1.3973239],[103.8206958,1.3974532],[103.8207654,1.397465]]]}},{"type":"Feature","id":"way/1173985319-0","properties":{"addr:city":"Singapore","addr:housenumber":"18","addr:street":"Springleaf View","building":"semidetached_house","clearanceGeometry":{"type":"Polygon","coordinates":[[[103.8208619,1.3974846],[103.8208872,1.3974894],[103.8209148,1.3973328],[103.8208497,1.3973205],[103.820834,1.3974039],[103.8208432,1.3974057],[103.820823,1.3975125],[103.8208555,1.3975186],[103.8208619,1.3974846]]]},"clearanceHeight":1.7,"clearancePrepared":true},"geometry":{"type":"Polygon","coordinates":[[[103.8208555,1.3975186],[103.8208619,1.3974846],[103.8208872,1.3974894],[103.8209148,1.3973328],[103.8208497,1.3973205],[103.820834,1.3974039],[103.8208432,1.3974057],[103.820823,1.3975125],[103.8208555,1.3975186]]]}},{"type":"Feature","id":"way/1173985320-0","properties":{"addr:city":"Singapore","addr:housenumber":"22","addr:street":"Springleaf View","building":"semidetached_house","clearanceGeometry":{"type":"Polygon","coordinates":[[[103.8211032,1.397407],[103.8210462,1.3973971],[103.8210336,1.3974693],[103.8210171,1.3974664],[103.8210084,1.3975167],[103.8210802,1.3975292],[103.8211032,1.397407]]]},"clearanceHeight":1.7,"clearancePrepared":true},"geometry":{"type":"Polygon","coordinates":[[[103.8210802,1.3975292],[103.8211032,1.397407],[103.8210462,1.3973971],[103.8210336,1.3974693],[103.8210171,1.3974664],[103.8210084,1.3975167],[103.8210802,1.3975292]]]}},{"type":"Feature","id":"way/1173985321-0","properties":{"addr:city":"Singapore","addr:housenumber":"28","addr:street":"Springleaf View","building":"semidetached_house","clearanceGeometry":{"type":"Polygon","coordinates":[[[103.8213084,1.3975726],[103.8213446,1.3975791],[103.8213673,1.3974524],[103.8213013,1.3974406],[103.821274,1.3975935],[103.821304,1.3975974],[103.8213084,1.3975726]]]},"clearanceHeight":1.7,"clearancePrepared":true},"geometry":{"type":"Polygon","coordinates":[[[103.821304,1.3975974],[103.8213084,1.3975726],[103.8213446,1.3975791],[103.8213673,1.3974524],[103.8213013,1.3974406],[103.821274,1.3975935],[103.821304,1.3975974]]]}},{"type":"Feature","id":"way/1173985322-0","properties":{"addr:city":"Singapore","addr:housenumber":"50","addr:street":"Springleaf Garden","building":"semidetached_house","clearanceGeometry":{"type":"Polygon","coordinates":[[[103.8216245,1.3976313],[103.8216184,1.3976626],[103.8216557,1.3976699],[103.8216851,1.3975144],[103.8216144,1.3975006],[103.8215902,1.3976246],[103.8216245,1.3976313]]]},"clearanceHeight":1.7,"clearancePrepared":true},"geometry":{"type":"Polygon","coordinates":[[[103.8215902,1.3976246],[103.8216245,1.3976313],[103.8216184,1.3976626],[103.8216557,1.3976699],[103.8216851,1.3975144],[103.8216144,1.3975006],[103.8215902,1.3976246]]]}},{"type":"Feature","id":"way/1173985323-0","properties":{"addr:city":"Singapore","addr:housenumber":"56","addr:street":"Springleaf Garden","building":"semidetached_house","clearanceGeometry":{"type":"Polygon","coordinates":[[[103.8219402,1.3977285],[103.8219726,1.3975466],[103.8218857,1.3975311],[103.8218513,1.397734],[103.8219106,1.3977435],[103.8219402,1.3977285]]]},"clearanceHeight":1.7,"clearancePrepared":true},"geometry":{"type":"Polygon","coordinates":[[[103.8219106,1.3977435],[103.8219402,1.3977285],[103.8219726,1.3975466],[103.8218857,1.3975311],[103.8218513,1.397734],[103.8219106,1.3977435]]]}},{"type":"Feature","id":"way/1173985324-0","properties":{"addr:city":"Singapore","addr:housenumber":"30","addr:street":"Springleaf Garden","building":"semidetached_house","clearanceGeometry":{"type":"Polygon","coordinates":[[[103.8214846,1.3981063],[103.821449,1.3983061],[103.8214928,1.3983139],[103.8214894,1.398333],[103.8215279,1.3983395],[103.8215663,1.3981206],[103.8214846,1.3981063]]]},"clearanceHeight":1.7,"clearancePrepared":true},"geometry":{"type":"Polygon","coordinates":[[[103.8215663,1.3981206],[103.8214846,1.3981063],[103.821449,1.3983061],[103.8214928,1.3983139],[103.8214894,1.398333],[103.8215279,1.3983395],[103.8215663,1.3981206]]]}},{"type":"Feature","id":"way/1173985325-0","properties":{"addr:city":"Singapore","addr:housenumber":"36","addr:street":"Springleaf Garden","building":"semidetached_house","clearanceGeometry":{"type":"Polygon","coordinates":[[[103.8218354,1.3982066],[103.8217614,1.398192],[103.821733,1.3983357],[103.821807,1.3983503],[103.8218354,1.3982066]]]},"clearanceHeight":1.7,"clearancePrepared":true},"geometry":{"type":"Polygon","coordinates":[[[103.821807,1.3983503],[103.8218354,1.3982066],[103.8217614,1.398192],[103.821733,1.3983357],[103.821807,1.3983503]]]}},{"type":"Feature","id":"way/1173985326-0","properties":{"addr:city":"Singapore","addr:housenumber":"46","addr:street":"Springleaf Garden","building":"semidetached_house","clearanceGeometry":{"type":"Polygon","coordinates":[[[103.8214988,1.3978838],[103.8214183,1.3978681],[103.8213819,1.3980535],[103.8214626,1.3980693],[103.8214988,1.3978838]]]},"clearanceHeight":1.7,"clearancePrepared":true},"geometry":{"type":"Polygon","coordinates":[[[103.8214626,1.3980693],[103.8214988,1.3978838],[103.8214183,1.3978681],[103.8213819,1.3980535],[103.8214626,1.3980693]]]}},{"type":"Feature","id":"way/1173985327-0","properties":{"addr:city":"Singapore","addr:housenumber":"42","addr:street":"Springleaf Garden","building":"semidetached_house","clearanceGeometry":{"type":"Polygon","coordinates":[[[103.8216854,1.3979191],[103.8216131,1.3979052],[103.8215865,1.3980517],[103.8216572,1.3980653],[103.8216854,1.3979191]]]},"clearanceHeight":1.7,"clearancePrepared":true},"geometry":{"type":"Polygon","coordinates":[[[103.8216572,1.3980653],[103.8216854,1.3979191],[103.8216131,1.3979052],[103.8215865,1.3980517],[103.8216572,1.3980653]]]}},{"type":"Feature","id":"way/1173985328-0","properties":{"addr:city":"Singapore","addr:housenumber":"38","addr:street":"Springleaf Garden","building":"semidetached_house","clearanceGeometry":{"type":"Polygon","coordinates":[[[103.8218869,1.3979586],[103.8218061,1.3979419],[103.8217752,1.3980877],[103.8218585,1.3981056],[103.8218869,1.3979586]]]},"clearanceHeight":1.7,"clearancePrepared":true},"geometry":{"type":"Polygon","coordinates":[[[103.8218585,1.3981056],[103.8218869,1.3979586],[103.8218061,1.3979419],[103.8217752,1.3980877],[103.8218585,1.3981056]]]}},{"type":"Feature","id":"way/1265824872-0","properties":{"addr:housenumber":"150","addr:street":"Springleaf Avenue","building":"yes","clearanceGeometry":{"type":"Polygon","coordinates":[[[103.8235702,1.4006634],[103.8234901,1.4006253],[103.8234663,1.4006754],[103.8235463,1.4007135],[103.8235702,1.4006634]]]},"clearanceHeight":1.7,"clearancePrepared":true},"geometry":{"type":"Polygon","coordinates":[[[103.8235463,1.4007135],[103.8235702,1.4006634],[103.8234901,1.4006253],[103.8234663,1.4006754],[103.8235463,1.4007135]]]}},{"type":"Feature","id":"way/1265824873-0","properties":{"building":"yes","clearanceGeometry":{"type":"Polygon","coordinates":[[[103.8235943,1.4006132],[103.8235142,1.4005751],[103.8234901,1.4006253],[103.8235702,1.4006634],[103.8235943,1.4006132]]]},"clearanceHeight":1.7,"clearancePrepared":true},"geometry":{"type":"Polygon","coordinates":[[[103.8235702,1.4006634],[103.8235943,1.4006132],[103.8235142,1.4005751],[103.8234901,1.4006253],[103.8235702,1.4006634]]]}},{"type":"Feature","id":"way/1265824875-0","properties":{"building":"yes","clearanceGeometry":{"type":"Polygon","coordinates":[[[103.8235409,1.4007253],[103.8234608,1.4006872],[103.8234367,1.4007374],[103.8235168,1.4007755],[103.8235409,1.4007253]]]},"clearanceHeight":1.7,"clearancePrepared":true},"geometry":{"type":"Polygon","coordinates":[[[103.8235168,1.4007755],[103.8235409,1.4007253],[103.8234608,1.4006872],[103.8234367,1.4007374],[103.8235168,1.4007755]]]}},{"type":"Feature","id":"way/1265824876-0","properties":{"addr:housenumber":"154","addr:street":"Springleaf Avenue","building":"yes","clearanceGeometry":{"type":"Polygon","coordinates":[[[103.8236233,1.4005513],[103.8235433,1.4005133],[103.8235195,1.4005633],[103.8235995,1.4006014],[103.8236233,1.4005513]]]},"clearanceHeight":1.7,"clearancePrepared":true},"geometry":{"type":"Polygon","coordinates":[[[103.8235995,1.4006014],[103.8236233,1.4005513],[103.8235433,1.4005133],[103.8235195,1.4005633],[103.8235995,1.4006014]]]}},{"type":"Feature","id":"way/1265824877-0","properties":{"building":"yes","clearanceGeometry":{"type":"Polygon","coordinates":[[[103.8236475,1.4005012],[103.8235674,1.4004631],[103.8235433,1.4005133],[103.8236233,1.4005513],[103.8236475,1.4005012]]]},"clearanceHeight":1.7,"clearancePrepared":true},"geometry":{"type":"Polygon","coordinates":[[[103.8236233,1.4005513],[103.8236475,1.4005012],[103.8235674,1.4004631],[103.8235433,1.4005133],[103.8236233,1.4005513]]]}},{"type":"Feature","id":"way/1265824878-0","properties":{"addr:housenumber":"158","addr:street":"Springleaf Avenue","building":"yes","clearanceGeometry":{"type":"Polygon","coordinates":[[[103.8236767,1.4004395],[103.8235966,1.4004014],[103.8235728,1.4004515],[103.8236529,1.4004896],[103.8236767,1.4004395]]]},"clearanceHeight":1.7,"clearancePrepared":true},"geometry":{"type":"Polygon","coordinates":[[[103.8236529,1.4004896],[103.8236767,1.4004395],[103.8235966,1.4004014],[103.8235728,1.4004515],[103.8236529,1.4004896]]]}},{"type":"Feature","id":"way/1265824879-0","properties":{"building":"yes","clearanceGeometry":{"type":"Polygon","coordinates":[[[103.8237008,1.4003893],[103.8236208,1.4003513],[103.8235966,1.4004014],[103.8236767,1.4004395],[103.8237008,1.4003893]]]},"clearanceHeight":1.7,"clearancePrepared":true},"geometry":{"type":"Polygon","coordinates":[[[103.8236767,1.4004395],[103.8237008,1.4003893],[103.8236208,1.4003513],[103.8235966,1.4004014],[103.8236767,1.4004395]]]}},{"type":"Feature","id":"way/1265824880-0","properties":{"addr:housenumber":"144","addr:street":"Springleaf Avenue","building":"yes","clearanceGeometry":{"type":"Polygon","coordinates":[[[103.8234292,1.4007336],[103.8233492,1.4006955],[103.8233253,1.4007456],[103.8234054,1.4007837],[103.8234292,1.4007336]]]},"clearanceHeight":1.7,"clearancePrepared":true},"geometry":{"type":"Polygon","coordinates":[[[103.8234054,1.4007837],[103.8234292,1.4007336],[103.8233492,1.4006955],[103.8233253,1.4007456],[103.8234054,1.4007837]]]}},{"type":"Feature","id":"way/1265824881-0","properties":{"building":"yes","clearanceGeometry":{"type":"Polygon","coordinates":[[[103.8234534,1.4006834],[103.8233733,1.4006453],[103.8233492,1.4006955],[103.8234292,1.4007336],[103.8234534,1.4006834]]]},"clearanceHeight":1.7,"clearancePrepared":true},"geometry":{"type":"Polygon","coordinates":[[[103.8234292,1.4007336],[103.8234534,1.4006834],[103.8233733,1.4006453],[103.8233492,1.4006955],[103.8234292,1.4007336]]]}},{"type":"Feature","id":"way/1265824882-0","properties":{"addr:housenumber":"140","addr:street":"Springleaf Avenue","building":"yes","clearanceGeometry":{"type":"Polygon","coordinates":[[[103.8234826,1.4006215],[103.8234026,1.4005834],[103.8233787,1.4006335],[103.8234588,1.4006716],[103.8234826,1.4006215]]]},"clearanceHeight":1.7,"clearancePrepared":true},"geometry":{"type":"Polygon","coordinates":[[[103.8234588,1.4006716],[103.8234826,1.4006215],[103.8234026,1.4005834],[103.8233787,1.4006335],[103.8234588,1.4006716]]]}},{"type":"Feature","id":"way/1265824883-0","properties":{"building":"yes","clearanceGeometry":{"type":"Polygon","coordinates":[[[103.8235068,1.4005713],[103.8234267,1.4005332],[103.8234026,1.4005834],[103.8234826,1.4006215],[103.8235068,1.4005713]]]},"clearanceHeight":1.7,"clearancePrepared":true},"geometry":{"type":"Polygon","coordinates":[[[103.8234826,1.4006215],[103.8235068,1.4005713],[103.8234267,1.4005332],[103.8234026,1.4005834],[103.8234826,1.4006215]]]}},{"type":"Feature","id":"way/1265824884-0","properties":{"addr:housenumber":"136","addr:street":"Springleaf Avenue","building":"yes","clearanceGeometry":{"type":"Polygon","coordinates":[[[103.8235358,1.4005094],[103.8234558,1.4004714],[103.8234319,1.4005214],[103.823512,1.4005595],[103.8235358,1.4005094]]]},"clearanceHeight":1.7,"clearancePrepared":true},"geometry":{"type":"Polygon","coordinates":[[[103.823512,1.4005595],[103.8235358,1.4005094],[103.8234558,1.4004714],[103.8234319,1.4005214],[103.823512,1.4005595]]]}},{"type":"Feature","id":"way/1265824885-0","properties":{"building":"yes","clearanceGeometry":{"type":"Polygon","coordinates":[[[103.82356,1.4004593],[103.8234799,1.4004212],[103.8234558,1.4004714],[103.8235358,1.4005094],[103.82356,1.4004593]]]},"clearanceHeight":1.7,"clearancePrepared":true},"geometry":{"type":"Polygon","coordinates":[[[103.8235358,1.4005094],[103.82356,1.4004593],[103.8234799,1.4004212],[103.8234558,1.4004714],[103.8235358,1.4005094]]]}},{"type":"Feature","id":"way/1265824886-0","properties":{"addr:housenumber":"132","addr:street":"Springleaf Avenue","building":"yes","clearanceGeometry":{"type":"Polygon","coordinates":[[[103.8235892,1.4003976],[103.8235091,1.4003595],[103.8234853,1.4004096],[103.8235653,1.4004477],[103.8235892,1.4003976]]]},"clearanceHeight":1.7,"clearancePrepared":true},"geometry":{"type":"Polygon","coordinates":[[[103.8235653,1.4004477],[103.8235892,1.4003976],[103.8235091,1.4003595],[103.8234853,1.4004096],[103.8235653,1.4004477]]]}},{"type":"Feature","id":"way/1265824887-0","properties":{"building":"yes","clearanceGeometry":{"type":"Polygon","coordinates":[[[103.8236133,1.4003474],[103.8235332,1.4003094],[103.8235091,1.4003595],[103.8235892,1.4003976],[103.8236133,1.4003474]]]},"clearanceHeight":1.7,"clearancePrepared":true},"geometry":{"type":"Polygon","coordinates":[[[103.8235892,1.4003976],[103.8236133,1.4003474],[103.8235332,1.4003094],[103.8235091,1.4003595],[103.8235892,1.4003976]]]}},{"type":"Feature","id":"way/1265824888-0","properties":{"building":"yes","clearanceGeometry":{"type":"Polygon","coordinates":[[[103.8239416,1.4005015],[103.8238615,1.4004635],[103.8238374,1.4005136],[103.8239175,1.4005517],[103.8239416,1.4005015]]]},"clearanceHeight":1.7,"clearancePrepared":true},"geometry":{"type":"Polygon","coordinates":[[[103.8239175,1.4005517],[103.8239416,1.4005015],[103.8238615,1.4004635],[103.8238374,1.4005136],[103.8239175,1.4005517]]]}},{"type":"Feature","id":"way/1265824889-0","properties":{"addr:housenumber":"200","addr:street":"Springleaf Avenue","building":"yes","clearanceGeometry":{"type":"Polygon","coordinates":[[[103.8239175,1.4005517],[103.8238374,1.4005136],[103.8238136,1.4005637],[103.8238936,1.4006018],[103.8239175,1.4005517]]]},"clearanceHeight":1.7,"clearancePrepared":true},"geometry":{"type":"Polygon","coordinates":[[[103.8238936,1.4006018],[103.8239175,1.4005517],[103.8238374,1.4005136],[103.8238136,1.4005637],[103.8238936,1.4006018]]]}},{"type":"Feature","id":"way/1265824890-0","properties":{"addr:housenumber":"174","addr:street":"Springleaf Avenue","building":"yes","clearanceGeometry":{"type":"Polygon","coordinates":[[[103.8238299,1.4005098],[103.8237499,1.4004718],[103.823726,1.4005218],[103.8238061,1.4005599],[103.8238299,1.4005098]]]},"clearanceHeight":1.7,"clearancePrepared":true},"geometry":{"type":"Polygon","coordinates":[[[103.8238061,1.4005599],[103.8238299,1.4005098],[103.8237499,1.4004718],[103.823726,1.4005218],[103.8238061,1.4005599]]]}},{"type":"Feature","id":"way/1265824891-0","properties":{"building":"yes","clearanceGeometry":{"type":"Polygon","coordinates":[[[103.8238541,1.4004597],[103.823774,1.4004216],[103.8237499,1.4004718],[103.8238299,1.4005098],[103.8238541,1.4004597]]]},"clearanceHeight":1.7,"clearancePrepared":true},"geometry":{"type":"Polygon","coordinates":[[[103.8238299,1.4005098],[103.8238541,1.4004597],[103.823774,1.4004216],[103.8237499,1.4004718],[103.8238299,1.4005098]]]}},{"type":"Feature","id":"way/1265824892-0","properties":{"building":"yes","clearanceGeometry":{"type":"Polygon","coordinates":[[[103.8238007,1.4005715],[103.8237207,1.4005334],[103.8236965,1.4005836],[103.8237766,1.4006217],[103.8238007,1.4005715]]]},"clearanceHeight":1.7,"clearancePrepared":true},"geometry":{"type":"Polygon","coordinates":[[[103.8237766,1.4006217],[103.8238007,1.4005715],[103.8237207,1.4005334],[103.8236965,1.4005836],[103.8237766,1.4006217]]]}},{"type":"Feature","id":"way/1265824893-0","properties":{"building":"yes","clearanceGeometry":{"type":"Polygon","coordinates":[[[103.8238882,1.4006134],[103.8238082,1.4005753],[103.823784,1.4006255],[103.8238641,1.4006635],[103.8238882,1.4006134]]]},"clearanceHeight":1.7,"clearancePrepared":true},"geometry":{"type":"Polygon","coordinates":[[[103.8238641,1.4006635],[103.8238882,1.4006134],[103.8238082,1.4005753],[103.823784,1.4006255],[103.8238641,1.4006635]]]}},{"type":"Feature","id":"way/1265824894-0","properties":{"addr:housenumber":"196","addr:street":"Springleaf Avenue","building":"yes","clearanceGeometry":{"type":"Polygon","coordinates":[[[103.8238641,1.4006635],[103.823784,1.4006255],[103.8237602,1.4006755],[103.8238403,1.4007136],[103.8238641,1.4006635]]]},"clearanceHeight":1.7,"clearancePrepared":true},"geometry":{"type":"Polygon","coordinates":[[[103.8238403,1.4007136],[103.8238641,1.4006635],[103.823784,1.4006255],[103.8237602,1.4006755],[103.8238403,1.4007136]]]}},{"type":"Feature","id":"way/1265824895-0","properties":{"addr:housenumber":"178","addr:street":"Springleaf Avenue","building":"yes","clearanceGeometry":{"type":"Polygon","coordinates":[[[103.8237766,1.4006217],[103.8236965,1.4005836],[103.8236727,1.4006337],[103.8237527,1.4006717],[103.8237766,1.4006217]]]},"clearanceHeight":1.7,"clearancePrepared":true},"geometry":{"type":"Polygon","coordinates":[[[103.8237527,1.4006717],[103.8237766,1.4006217],[103.8236965,1.4005836],[103.8236727,1.4006337],[103.8237527,1.4006717]]]}},{"type":"Feature","id":"way/1265824896-0","properties":{"building":"yes","clearanceGeometry":{"type":"Polygon","coordinates":[[[103.8237475,1.4006835],[103.8236675,1.4006454],[103.8236433,1.4006956],[103.8237234,1.4007337],[103.8237475,1.4006835]]]},"clearanceHeight":1.7,"clearancePrepared":true},"geometry":{"type":"Polygon","coordinates":[[[103.8237234,1.4007337],[103.8237475,1.4006835],[103.8236675,1.4006454],[103.8236433,1.4006956],[103.8237234,1.4007337]]]}},{"type":"Feature","id":"way/1265824897-0","properties":{"addr:housenumber":"182","addr:street":"Springleaf Avenue","building":"yes","clearanceGeometry":{"type":"Polygon","coordinates":[[[103.8237234,1.4007337],[103.8236433,1.4006956],[103.8236195,1.4007457],[103.8236995,1.4007838],[103.8237234,1.4007337]]]},"clearanceHeight":1.7,"clearancePrepared":true},"geometry":{"type":"Polygon","coordinates":[[[103.8236995,1.4007838],[103.8237234,1.4007337],[103.8236433,1.4006956],[103.8236195,1.4007457],[103.8236995,1.4007838]]]}},{"type":"Feature","id":"way/1265824899-0","properties":{"building":"yes","clearanceGeometry":{"type":"Polygon","coordinates":[[[103.823835,1.4007254],[103.823755,1.4006873],[103.8237309,1.4007375],[103.8238109,1.4007756],[103.823835,1.4007254]]]},"clearanceHeight":1.7,"clearancePrepared":true},"geometry":{"type":"Polygon","coordinates":[[[103.8238109,1.4007756],[103.823835,1.4007254],[103.823755,1.4006873],[103.8237309,1.4007375],[103.8238109,1.4007756]]]}},{"type":"Feature","id":"way/1265824904-0","properties":{"addr:housenumber":"100","addr:street":"Springleaf Avenue","building":"yes","clearanceGeometry":{"type":"Polygon","coordinates":[[[103.823284,1.4006721],[103.8232039,1.400634],[103.8231801,1.4006841],[103.8232601,1.4007222],[103.823284,1.4006721]]]},"clearanceHeight":1.7,"clearancePrepared":true},"geometry":{"type":"Polygon","coordinates":[[[103.8232601,1.4007222],[103.823284,1.4006721],[103.8232039,1.400634],[103.8231801,1.4006841],[103.8232601,1.4007222]]]}},{"type":"Feature","id":"way/1265824905-0","properties":{"building":"yes","clearanceGeometry":{"type":"Polygon","coordinates":[[[103.8233081,1.4006219],[103.8232281,1.4005838],[103.8232039,1.400634],[103.823284,1.4006721],[103.8233081,1.4006219]]]},"clearanceHeight":1.7,"clearancePrepared":true},"geometry":{"type":"Polygon","coordinates":[[[103.823284,1.4006721],[103.8233081,1.4006219],[103.8232281,1.4005838],[103.8232039,1.400634],[103.823284,1.4006721]]]}},{"type":"Feature","id":"way/1265824906-0","properties":{"addr:housenumber":"104","addr:street":"Springleaf Avenue","building":"yes","clearanceGeometry":{"type":"Polygon","coordinates":[[[103.8233374,1.40056],[103.8232573,1.4005219],[103.8232335,1.400572],[103.8233135,1.4006101],[103.8233374,1.40056]]]},"clearanceHeight":1.7,"clearancePrepared":true},"geometry":{"type":"Polygon","coordinates":[[[103.8233135,1.4006101],[103.8233374,1.40056],[103.8232573,1.4005219],[103.8232335,1.400572],[103.8233135,1.4006101]]]}},{"type":"Feature","id":"way/1265824907-0","properties":{"building":"yes","clearanceGeometry":{"type":"Polygon","coordinates":[[[103.8233615,1.4005098],[103.8232814,1.4004717],[103.8232573,1.4005219],[103.8233374,1.40056],[103.8233615,1.4005098]]]},"clearanceHeight":1.7,"clearancePrepared":true},"geometry":{"type":"Polygon","coordinates":[[[103.8233374,1.40056],[103.8233615,1.4005098],[103.8232814,1.4004717],[103.8232573,1.4005219],[103.8233374,1.40056]]]}},{"type":"Feature","id":"way/1265824908-0","properties":{"addr:housenumber":"108","addr:street":"Springleaf Avenue","building":"yes","clearanceGeometry":{"type":"Polygon","coordinates":[[[103.8233906,1.4004479],[103.8233105,1.4004099],[103.8232867,1.4004599],[103.8233667,1.400498],[103.8233906,1.4004479]]]},"clearanceHeight":1.7,"clearancePrepared":true},"geometry":{"type":"Polygon","coordinates":[[[103.8233667,1.400498],[103.8233906,1.4004479],[103.8233105,1.4004099],[103.8232867,1.4004599],[103.8233667,1.400498]]]}},{"type":"Feature","id":"way/1265824909-0","properties":{"building":"yes","clearanceGeometry":{"type":"Polygon","coordinates":[[[103.8234147,1.4003978],[103.8233346,1.4003597],[103.8233105,1.4004099],[103.8233906,1.4004479],[103.8234147,1.4003978]]]},"clearanceHeight":1.7,"clearancePrepared":true},"geometry":{"type":"Polygon","coordinates":[[[103.8233906,1.4004479],[103.8234147,1.4003978],[103.8233346,1.4003597],[103.8233105,1.4004099],[103.8233906,1.4004479]]]}},{"type":"Feature","id":"way/1265824910-0","properties":{"addr:housenumber":"112","addr:street":"Springleaf Avenue","building":"yes","clearanceGeometry":{"type":"Polygon","coordinates":[[[103.8234439,1.4003361],[103.8233638,1.4002981],[103.82334,1.4003481],[103.8234201,1.4003862],[103.8234439,1.4003361]]]},"clearanceHeight":1.7,"clearancePrepared":true},"geometry":{"type":"Polygon","coordinates":[[[103.8234201,1.4003862],[103.8234439,1.4003361],[103.8233638,1.4002981],[103.82334,1.4003481],[103.8234201,1.4003862]]]}},{"type":"Feature","id":"way/1265824911-0","properties":{"building":"yes","clearanceGeometry":{"type":"Polygon","coordinates":[[[103.823468,1.400286],[103.823388,1.4002479],[103.8233638,1.4002981],[103.8234439,1.4003361],[103.823468,1.400286]]]},"clearanceHeight":1.7,"clearancePrepared":true},"geometry":{"type":"Polygon","coordinates":[[[103.8234439,1.4003361],[103.823468,1.400286],[103.823388,1.4002479],[103.8233638,1.4002981],[103.8234439,1.4003361]]]}},{"type":"Feature","id":"way/1265824916-0","properties":{"addr:housenumber":"210","addr:street":"Springleaf Avenue","building":"yes","clearanceGeometry":{"type":"Polygon","coordinates":[[[103.8240043,1.4007133],[103.8239242,1.4006753],[103.8239004,1.4007253],[103.8239804,1.4007634],[103.8240043,1.4007133]]]},"clearanceHeight":1.7,"clearancePrepared":true},"geometry":{"type":"Polygon","coordinates":[[[103.8239804,1.4007634],[103.8240043,1.4007133],[103.8239242,1.4006753],[103.8239004,1.4007253],[103.8239804,1.4007634]]]}},{"type":"Feature","id":"way/1265824917-0","properties":{"building":"yes","clearanceGeometry":{"type":"Polygon","coordinates":[[[103.8240284,1.4006632],[103.8239483,1.4006251],[103.8239242,1.4006753],[103.8240043,1.4007133],[103.8240284,1.4006632]]]},"clearanceHeight":1.7,"clearancePrepared":true},"geometry":{"type":"Polygon","coordinates":[[[103.8240043,1.4007133],[103.8240284,1.4006632],[103.8239483,1.4006251],[103.8239242,1.4006753],[103.8240043,1.4007133]]]}},{"type":"Feature","id":"way/1265824918-0","properties":{"addr:housenumber":"116","addr:street":"Springleaf Avenue","building":"yes","clearanceGeometry":{"type":"Polygon","coordinates":[[[103.8235004,1.400221],[103.8234204,1.4001829],[103.8233965,1.400233],[103.8234766,1.4002711],[103.8235004,1.400221]]]},"clearanceHeight":1.7,"clearancePrepared":true},"geometry":{"type":"Polygon","coordinates":[[[103.8234766,1.4002711],[103.8235004,1.400221],[103.8234204,1.4001829],[103.8233965,1.400233],[103.8234766,1.4002711]]]}},{"type":"Feature","id":"way/1265824919-0","properties":{"building":"yes","clearanceGeometry":{"type":"Polygon","coordinates":[[[103.8235245,1.4001708],[103.8234445,1.4001327],[103.8234204,1.4001829],[103.8235004,1.400221],[103.8235245,1.4001708]]]},"clearanceHeight":1.7,"clearancePrepared":true},"geometry":{"type":"Polygon","coordinates":[[[103.8235004,1.400221],[103.8235245,1.4001708],[103.8234445,1.4001327],[103.8234204,1.4001829],[103.8235004,1.400221]]]}},{"type":"Feature","id":"way/1292811998-0","properties":{"building":"yes","clearanceGeometry":{"type":"Polygon","coordinates":[[[103.8237299,1.4003295],[103.8236499,1.4002915],[103.8236257,1.4003416],[103.8237058,1.4003797],[103.8237299,1.4003295]]]},"clearanceHeight":1.7,"clearancePrepared":true},"geometry":{"type":"Polygon","coordinates":[[[103.8237058,1.4003797],[103.8237299,1.4003295],[103.8236499,1.4002915],[103.8236257,1.4003416],[103.8237058,1.4003797]]]}},{"type":"Feature","id":"way/1292811999-0","properties":{"building":"yes","clearanceGeometry":{"type":"Polygon","coordinates":[[[103.8236424,1.4002876],[103.8235623,1.4002496],[103.8235382,1.4002997],[103.8236183,1.4003378],[103.8236424,1.4002876]]]},"clearanceHeight":1.7,"clearancePrepared":true},"geometry":{"type":"Polygon","coordinates":[[[103.8236183,1.4003378],[103.8236424,1.4002876],[103.8235623,1.4002496],[103.8235382,1.4002997],[103.8236183,1.4003378]]]}},{"type":"Feature","id":"way/1292812005-0","properties":{"building":"yes","clearanceGeometry":{"type":"Polygon","coordinates":[[[103.8237498,1.4002401],[103.8237883,1.4001603],[103.8237382,1.400136],[103.8236997,1.4002158],[103.8237498,1.4002401]]]},"clearanceHeight":1.7,"clearancePrepared":true},"geometry":{"type":"Polygon","coordinates":[[[103.8236997,1.4002158],[103.8237498,1.4002401],[103.8237883,1.4001603],[103.8237382,1.400136],[103.8236997,1.4002158]]]}},{"type":"Feature","id":"way/1292812006-0","properties":{"addr:housenumber":"164","addr:street":"Springleaf Avenue","building":"yes","clearanceGeometry":{"type":"Polygon","coordinates":[[[103.8236997,1.4002158],[103.8237382,1.400136],[103.8236882,1.4001119],[103.8236497,1.4001918],[103.8236997,1.4002158]]]},"clearanceHeight":1.7,"clearancePrepared":true},"geometry":{"type":"Polygon","coordinates":[[[103.8236497,1.4001918],[103.8236997,1.4002158],[103.8237382,1.400136],[103.8236882,1.4001119],[103.8236497,1.4001918]]]}},{"type":"Feature","id":"way/1292812007-0","properties":{"addr:housenumber":"168","addr:street":"Springleaf Avenue","building":"yes","clearanceGeometry":{"type":"Polygon","coordinates":[[[103.8238072,1.4002779],[103.8238456,1.4001981],[103.8237956,1.400174],[103.8237572,1.4002539],[103.8238072,1.4002779]]]},"clearanceHeight":1.7,"clearancePrepared":true},"geometry":{"type":"Polygon","coordinates":[[[103.8237572,1.4002539],[103.8238072,1.4002779],[103.8238456,1.4001981],[103.8237956,1.400174],[103.8237572,1.4002539]]]}},{"type":"Feature","id":"way/1292812008-0","properties":{"building":"yes","clearanceGeometry":{"type":"Polygon","coordinates":[[[103.8238573,1.4003023],[103.8238958,1.4002225],[103.8238456,1.4001981],[103.8238072,1.4002779],[103.8238573,1.4003023]]]},"clearanceHeight":1.7,"clearancePrepared":true},"geometry":{"type":"Polygon","coordinates":[[[103.8238072,1.4002779],[103.8238573,1.4003023],[103.8238958,1.4002225],[103.8238456,1.4001981],[103.8238072,1.4002779]]]}},{"type":"Feature","id":"way/1292812009-0","properties":{"addr:housenumber":"204","addr:street":"Springleaf Avenue","building":"yes","clearanceGeometry":{"type":"Polygon","coordinates":[[[103.8239134,1.4003447],[103.8239519,1.4002649],[103.8239019,1.4002408],[103.8238634,1.4003207],[103.8239134,1.4003447]]]},"clearanceHeight":1.7,"clearancePrepared":true},"geometry":{"type":"Polygon","coordinates":[[[103.8238634,1.4003207],[103.8239134,1.4003447],[103.8239519,1.4002649],[103.8239019,1.4002408],[103.8238634,1.4003207]]]}},{"type":"Feature","id":"way/1292812010-0","properties":{"building":"yes","clearanceGeometry":{"type":"Polygon","coordinates":[[[103.8239635,1.4003691],[103.824002,1.4002893],[103.8239519,1.4002649],[103.8239134,1.4003447],[103.8239635,1.4003691]]]},"clearanceHeight":1.7,"clearancePrepared":true},"geometry":{"type":"Polygon","coordinates":[[[103.8239134,1.4003447],[103.8239635,1.4003691],[103.824002,1.4002893],[103.8239519,1.4002649],[103.8239134,1.4003447]]]}},{"type":"Feature","id":"way/1292812011-0","properties":{"addr:housenumber":"124","addr:street":"Springleaf Avenue","building":"yes","clearanceGeometry":{"type":"Polygon","coordinates":[[[103.8235958,1.4001433],[103.8236342,1.4000635],[103.8235842,1.4000393],[103.8235458,1.4001192],[103.8235958,1.4001433]]]},"clearanceHeight":1.7,"clearancePrepared":true},"geometry":{"type":"Polygon","coordinates":[[[103.8235458,1.4001192],[103.8235958,1.4001433],[103.8236342,1.4000635],[103.8235842,1.4000393],[103.8235458,1.4001192]]]}},{"type":"Feature","id":"way/1292812012-0","properties":{"building":"yes","clearanceGeometry":{"type":"Polygon","coordinates":[[[103.8236459,1.4001676],[103.8236843,1.4000878],[103.8236342,1.4000635],[103.8235958,1.4001433],[103.8236459,1.4001676]]]},"clearanceHeight":1.7,"clearancePrepared":true},"geometry":{"type":"Polygon","coordinates":[[[103.8235958,1.4001433],[103.8236459,1.4001676],[103.8236843,1.4000878],[103.8236342,1.4000635],[103.8235958,1.4001433]]]}},{"type":"Feature","id":"way/1292812013-0","properties":{"addr:housenumber":"120","addr:street":"Springleaf Avenue","building":"yes","clearanceGeometry":{"type":"Polygon","coordinates":[[[103.8234906,1.4000765],[103.8235291,1.3999967],[103.8234791,1.3999725],[103.8234406,1.4000524],[103.8234906,1.4000765]]]},"clearanceHeight":1.7,"clearancePrepared":true},"geometry":{"type":"Polygon","coordinates":[[[103.8234406,1.4000524],[103.8234906,1.4000765],[103.8235291,1.3999967],[103.8234791,1.3999725],[103.8234406,1.4000524]]]}},{"type":"Feature","id":"way/1292812014-0","properties":{"building":"yes","clearanceGeometry":{"type":"Polygon","coordinates":[[[103.8235407,1.4001008],[103.8235792,1.400021],[103.8235291,1.3999967],[103.8234906,1.4000765],[103.8235407,1.4001008]]]},"clearanceHeight":1.7,"clearancePrepared":true},"geometry":{"type":"Polygon","coordinates":[[[103.8234906,1.4000765],[103.8235407,1.4001008],[103.8235792,1.400021],[103.8235291,1.3999967],[103.8234906,1.4000765]]]}},{"type":"Feature","id":"way/1292812834-0","properties":{"addr:housenumber":"69","addr:street":"Springleaf Crescent","building":"yes","clearanceGeometry":{"type":"Polygon","coordinates":[[[103.8239615,1.3999872],[103.823972,1.3998992],[103.8239167,1.3998925],[103.8239062,1.3999805],[103.8239615,1.3999872]]]},"clearanceHeight":1.7,"clearancePrepared":true},"geometry":{"type":"Polygon","coordinates":[[[103.8239062,1.3999805],[103.8239615,1.3999872],[103.823972,1.3998992],[103.8239167,1.3998925],[103.8239062,1.3999805]]]}},{"type":"Feature","id":"way/1292812835-0","properties":{"addr:housenumber":"71","addr:street":"Springleaf Crescent","building":"yes","clearanceGeometry":{"type":"Polygon","coordinates":[[[103.8239062,1.3999805],[103.8239167,1.3998925],[103.8238616,1.399886],[103.8238511,1.399974],[103.8239062,1.3999805]]]},"clearanceHeight":1.7,"clearancePrepared":true},"geometry":{"type":"Polygon","coordinates":[[[103.8238511,1.399974],[103.8239062,1.3999805],[103.8239167,1.3998925],[103.8238616,1.399886],[103.8238511,1.399974]]]}},{"type":"Feature","id":"way/1292812836-0","properties":{"addr:housenumber":"73","addr:street":"Springleaf Crescent","building":"yes","clearanceGeometry":{"type":"Polygon","coordinates":[[[103.8238343,1.3999718],[103.8238448,1.3998838],[103.8237895,1.3998771],[103.823779,1.3999651],[103.8238343,1.3999718]]]},"clearanceHeight":1.7,"clearancePrepared":true},"geometry":{"type":"Polygon","coordinates":[[[103.823779,1.3999651],[103.8238343,1.3999718],[103.8238448,1.3998838],[103.8237895,1.3998771],[103.823779,1.3999651]]]}},{"type":"Feature","id":"way/1292812837-0","properties":{"addr:housenumber":"75","addr:street":"Springleaf Crescent","building":"yes","clearanceGeometry":{"type":"Polygon","coordinates":[[[103.823779,1.3999651],[103.8237895,1.3998771],[103.8237344,1.3998706],[103.8237239,1.3999587],[103.823779,1.3999651]]]},"clearanceHeight":1.7,"clearancePrepared":true},"geometry":{"type":"Polygon","coordinates":[[[103.8237239,1.3999587],[103.823779,1.3999651],[103.8237895,1.3998771],[103.8237344,1.3998706],[103.8237239,1.3999587]]]}},{"type":"Feature","id":"way/1292812838-0","properties":{"addr:housenumber":"77","addr:street":"Springleaf Crescent","building":"yes","clearanceGeometry":{"type":"Polygon","coordinates":[[[103.8237036,1.3999544],[103.8237141,1.3998664],[103.8236588,1.3998597],[103.8236483,1.3999477],[103.8237036,1.3999544]]]},"clearanceHeight":1.7,"clearancePrepared":true},"geometry":{"type":"Polygon","coordinates":[[[103.8236483,1.3999477],[103.8237036,1.3999544],[103.8237141,1.3998664],[103.8236588,1.3998597],[103.8236483,1.3999477]]]}},{"type":"Feature","id":"way/1292812839-0","properties":{"addr:housenumber":"79","addr:street":"Springleaf Crescent","building":"yes","clearanceGeometry":{"type":"Polygon","coordinates":[[[103.8236483,1.3999477],[103.8236588,1.3998597],[103.8236037,1.3998532],[103.8235932,1.3999412],[103.8236483,1.3999477]]]},"clearanceHeight":1.7,"clearancePrepared":true},"geometry":{"type":"Polygon","coordinates":[[[103.8235932,1.3999412],[103.8236483,1.3999477],[103.8236588,1.3998597],[103.8236037,1.3998532],[103.8235932,1.3999412]]]}},{"type":"Feature","id":"way/1292812841-0","properties":{"addr:housenumber":"67","addr:street":"Springleaf Crescent","building":"yes","clearanceGeometry":{"type":"Polygon","coordinates":[[[103.824037,1.3999953],[103.8240475,1.3999073],[103.8239923,1.3999007],[103.8239819,1.3999888],[103.824037,1.3999953]]]},"clearanceHeight":1.7,"clearancePrepared":true},"geometry":{"type":"Polygon","coordinates":[[[103.8239819,1.3999888],[103.824037,1.3999953],[103.8240475,1.3999073],[103.8239923,1.3999007],[103.8239819,1.3999888]]]}},{"type":"Feature","id":"way/1292812842-0","properties":{"addr:housenumber":"59","addr:street":"Springleaf Crescent","building":"yes","clearanceGeometry":{"type":"Polygon","coordinates":[[[103.8239539,1.4000674],[103.8239048,1.4001412],[103.8239511,1.4001721],[103.8240002,1.4000983],[103.8239539,1.4000674]]]},"clearanceHeight":1.7,"clearancePrepared":true},"geometry":{"type":"Polygon","coordinates":[[[103.8240002,1.4000983],[103.8239539,1.4000674],[103.8239048,1.4001412],[103.8239511,1.4001721],[103.8240002,1.4000983]]]}},{"type":"Feature","id":"way/1292812843-0","properties":{"addr:housenumber":"57","addr:street":"Springleaf Crescent","building":"yes","clearanceGeometry":{"type":"Polygon","coordinates":[[[103.8240002,1.4000983],[103.8239511,1.4001721],[103.8239974,1.4002028],[103.8240465,1.4001289],[103.8240002,1.4000983]]]},"clearanceHeight":1.7,"clearancePrepared":true},"geometry":{"type":"Polygon","coordinates":[[[103.8240465,1.4001289],[103.8240002,1.4000983],[103.8239511,1.4001721],[103.8239974,1.4002028],[103.8240465,1.4001289]]]}},{"type":"Feature","id":"way/1292812844-0","properties":{"addr:housenumber":"63","addr:street":"Springleaf Crescent","building":"yes","clearanceGeometry":{"type":"Polygon","coordinates":[[[103.8238426,1.3999917],[103.8237936,1.4000655],[103.8238399,1.4000964],[103.8238889,1.4000227],[103.8238426,1.3999917]]]},"clearanceHeight":1.7,"clearancePrepared":true},"geometry":{"type":"Polygon","coordinates":[[[103.8238889,1.4000227],[103.8238426,1.3999917],[103.8237936,1.4000655],[103.8238399,1.4000964],[103.8238889,1.4000227]]]}},{"type":"Feature","id":"way/1292812845-0","properties":{"addr:housenumber":"61","addr:street":"Springleaf Crescent","building":"yes","clearanceGeometry":{"type":"Polygon","coordinates":[[[103.8238889,1.4000227],[103.8238399,1.4000964],[103.8238861,1.4001271],[103.8239352,1.4000533],[103.8238889,1.4000227]]]},"clearanceHeight":1.7,"clearancePrepared":true},"geometry":{"type":"Polygon","coordinates":[[[103.8239352,1.4000533],[103.8238889,1.4000227],[103.8238399,1.4000964],[103.8238861,1.4001271],[103.8239352,1.4000533]]]}},{"type":"Feature","id":"way/1292812846-0","properties":{"addr:housenumber":"81","addr:street":"Springleaf Crescent","building":"yes","clearanceGeometry":{"type":"Polygon","coordinates":[[[103.8235798,1.3999384],[103.8235902,1.3998505],[103.8235351,1.3998439],[103.8235247,1.399932],[103.8235798,1.3999384]]]},"clearanceHeight":1.7,"clearancePrepared":true},"geometry":{"type":"Polygon","coordinates":[[[103.8235247,1.399932],[103.8235798,1.3999384],[103.8235902,1.3998505],[103.8235351,1.3998439],[103.8235247,1.399932]]]}},{"type":"Feature","id":"node/4591621065","properties":{"highway":"crossing"},"geometry":{"type":"Point","coordinates":[103.8219886,1.4003765]}},{"type":"Feature","id":"node/8110085464","properties":{"crossing":"unmarked","crossing:markings":"no","highway":"crossing"},"geometry":{"type":"Point","coordinates":[103.8199969,1.3970934]}},{"type":"Feature","id":"node/8110174331","properties":{"highway":"crossing"},"geometry":{"type":"Point","coordinates":[103.8226167,1.3993954]}},{"type":"Feature","id":"node/8110178541","properties":{"highway":"crossing"},"geometry":{"type":"Point","coordinates":[103.8218021,1.4001923]}},{"type":"Feature","id":"node/8110178547","properties":{"highway":"crossing"},"geometry":{"type":"Point","coordinates":[103.8225684,1.3986193]}},{"type":"Feature","id":"node/8110439976","properties":{"highway":"crossing"},"geometry":{"type":"Point","coordinates":[103.8209533,1.3991312]}},{"type":"Feature","id":"node/9863292312","properties":{"crossing":"unmarked","crossing:markings":"no","highway":"crossing"},"geometry":{"type":"Point","coordinates":[103.8215249,1.4005803]}},{"type":"Feature","id":"node/10679895583","properties":{"crossing":"unmarked","crossing:markings":"no","highway":"crossing"},"geometry":{"type":"Point","coordinates":[103.8220422,1.3974993]}},{"type":"Feature","id":"node/10786503149","properties":{"crossing":"unmarked","crossing:markings":"no","highway":"crossing"},"geometry":{"type":"Point","coordinates":[103.8210362,1.3971294]}},{"type":"Feature","id":"node/10786503151","properties":{"crossing":"unmarked","crossing:markings":"no","highway":"crossing"},"geometry":{"type":"Point","coordinates":[103.8228606,1.3976731]}},{"type":"Feature","id":"way/28286978-0-5-0","properties":{"highway":"residential","lanes":"2","maxspeed":"50","name":"Springleaf Road","surface":"asphalt","startNodeId":"310638753","endNodeId":"5984437724"},"geometry":{"type":"LineString","coordinates":[[103.8237238,1.3976653],[103.8232038,1.3976063]]}},{"type":"Feature","id":"way/28286985-0-0-0","properties":{"highway":"residential","lanes":"2","lanes:backward":"1","lanes:forward":"1","maxspeed":"50","name":"Springleaf Link","surface":"asphalt","turn:lanes:backward":"left;right","startNodeId":"310638782","endNodeId":"6544621519"},"geometry":{"type":"LineString","coordinates":[[103.8234489,1.398161],[103.8234125,1.3985068]]}},{"type":"Feature","id":"way/28294937-0-0-0","properties":{"highway":"residential","lanes":"2","lanes:backward":"1","lanes:forward":"1","lit":"yes","maxspeed":"50","name":"Springleaf Avenue","sidewalk":"right","surface":"asphalt","startNodeId":"310725503","endNodeId":"310725502"},"geometry":{"type":"LineString","coordinates":[[103.8199295,1.3974454],[103.8198992,1.3976007]]}},{"type":"Feature","id":"way/28294937-0-1-0","properties":{"highway":"residential","lanes":"2","lanes:backward":"1","lanes:forward":"1","lit":"yes","maxspeed":"50","name":"Springleaf Avenue","sidewalk":"right","surface":"asphalt","startNodeId":"310725502","endNodeId":"4591621028"},"geometry":{"type":"LineString","coordinates":[[103.8198992,1.3976007],[103.8199025,1.3976772]]}},{"type":"Feature","id":"way/28294937-0-2-0","properties":{"highway":"residential","lanes":"2","lanes:backward":"1","lanes:forward":"1","lit":"yes","maxspeed":"50","name":"Springleaf Avenue","sidewalk":"right","surface":"asphalt","startNodeId":"4591621028","endNodeId":"310725501"},"geometry":{"type":"LineString","coordinates":[[103.8199025,1.3976772],[103.8199197,1.3977308]]}},{"type":"Feature","id":"way/28294937-0-3-0","properties":{"highway":"residential","lanes":"2","lanes:backward":"1","lanes:forward":"1","lit":"yes","maxspeed":"50","name":"Springleaf Avenue","sidewalk":"right","surface":"asphalt","startNodeId":"310725501","endNodeId":"4591621027"},"geometry":{"type":"LineString","coordinates":[[103.8199197,1.3977308],[103.8200081,1.3978565]]}},{"type":"Feature","id":"way/28294937-0-4-0","properties":{"highway":"residential","lanes":"2","lanes:backward":"1","lanes:forward":"1","lit":"yes","maxspeed":"50","name":"Springleaf Avenue","sidewalk":"right","surface":"asphalt","startNodeId":"4591621027","endNodeId":"6544621512"},"geometry":{"type":"LineString","coordinates":[[103.8200081,1.3978565],[103.8200311,1.3978893]]}},{"type":"Feature","id":"way/28294938-0-0-0","properties":{"highway":"residential","lanes":"2","lanes:backward":"1","lanes:forward":"1","maxspeed":"50","name":"Springleaf Avenue","surface":"asphalt","turn:lanes:backward":"left;right","startNodeId":"310725442","endNodeId":"6544570998"},"geometry":{"type":"LineString","coordinates":[[103.822741,1.4006978],[103.8228106,1.4003867]]}},{"type":"Feature","id":"way/28294939-0-0-0","properties":{"highway":"residential","lanes":"2","lanes:backward":"1","lanes:forward":"1","maxspeed":"50","name":"Springleaf Avenue","surface":"asphalt","turn:lanes:forward":"left;through","startNodeId":"310725445","endNodeId":"310725444"},"geometry":{"type":"LineString","coordinates":[[103.8225212,1.399964],[103.8228856,1.4000476]]}},{"type":"Feature","id":"way/28294946-0-0-0","properties":{"highway":"residential","lanes":"4","lanes:backward":"2","lanes:forward":"2","lit":"yes","maxspeed":"40","name":"Nee Soon Road","name:en":"Nee Soon Road","name:zh":"\u4e49\u987a\u8def","oneway":"no","surface":"asphalt","startNodeId":"310725492","endNodeId":"4591621052"},"geometry":{"type":"LineString","coordinates":[[103.8224225,1.3995946],[103.8223922,1.3996469]]}},{"type":"Feature","id":"way/28294946-0-1-0","properties":{"highway":"residential","lanes":"4","lanes:backward":"2","lanes:forward":"2","lit":"yes","maxspeed":"40","name":"Nee Soon Road","name:en":"Nee Soon Road","name:zh":"\u4e49\u987a\u8def","oneway":"no","surface":"asphalt","startNodeId":"4591621052","endNodeId":"4591621051"},"geometry":{"type":"LineString","coordinates":[[103.8223922,1.3996469],[103.8223256,1.3997461]]}},{"type":"Feature","id":"way/28294946-0-2-0","properties":{"highway":"residential","lanes":"4","lanes:backward":"2","lanes:forward":"2","lit":"yes","maxspeed":"40","name":"Nee Soon Road","name:en":"Nee Soon Road","name:zh":"\u4e49\u987a\u8def","oneway":"no","surface":"asphalt","startNodeId":"4591621051","endNodeId":"310725493"},"geometry":{"type":"LineString","coordinates":[[103.8223256,1.3997461],[103.8222159,1.3998967]]}},{"type":"Feature","id":"way/28294946-0-3-0","properties":{"highway":"residential","lanes":"4","lanes:backward":"2","lanes:forward":"2","lit":"yes","maxspeed":"40","name":"Nee Soon Road","name:en":"Nee Soon Road","name:zh":"\u4e49\u987a\u8def","oneway":"no","surface":"asphalt","startNodeId":"310725493","endNodeId":"4591621050"},"geometry":{"type":"LineString","coordinates":[[103.8222159,1.3998967],[103.8220738,1.4000952]]}},{"type":"Feature","id":"way/28294947-0-0-0","properties":{"highway":"residential","lanes":"2","lanes:backward":"1","lanes:forward":"1","lit":"yes","maxspeed":"50","name":"Springleaf Garden","sidewalk":"both","surface":"asphalt","startNodeId":"310725499","endNodeId":"8110439976"},"geometry":{"type":"LineString","coordinates":[[103.8209197,1.3991531],[103.8209533,1.3991312]]}},{"type":"Feature","id":"way/28294947-0-1-0","properties":{"highway":"residential","lanes":"2","lanes:backward":"1","lanes:forward":"1","lit":"yes","maxspeed":"50","name":"Springleaf Garden","sidewalk":"both","surface":"asphalt","startNodeId":"8110439976","endNodeId":"4591621448"},"geometry":{"type":"LineString","coordinates":[[103.8209533,1.3991312],[103.8211037,1.3990274]]}},{"type":"Feature","id":"way/28294947-0-2-0","properties":{"highway":"residential","lanes":"2","lanes:backward":"1","lanes:forward":"1","lit":"yes","maxspeed":"50","name":"Springleaf Garden","sidewalk":"both","surface":"asphalt","startNodeId":"4591621448","endNodeId":"310725504"},"geometry":{"type":"LineString","coordinates":[[103.8211037,1.3990274],[103.8211337,1.3990155]]}},{"type":"Feature","id":"way/28294947-0-3-0","properties":{"highway":"residential","lanes":"2","lanes:backward":"1","lanes:forward":"1","lit":"yes","maxspeed":"50","name":"Springleaf Garden","sidewalk":"both","surface":"asphalt","startNodeId":"310725504","endNodeId":"4591621447"},"geometry":{"type":"LineString","coordinates":[[103.8211337,1.3990155],[103.8211675,1.3990173]]}},{"type":"Feature","id":"way/28294947-0-4-0","properties":{"highway":"residential","lanes":"2","lanes:backward":"1","lanes:forward":"1","lit":"yes","maxspeed":"50","name":"Springleaf Garden","sidewalk":"both","surface":"asphalt","startNodeId":"4591621447","endNodeId":"310725505"},"geometry":{"type":"LineString","coordinates":[[103.8211675,1.3990173],[103.8217334,1.3991257]]}},{"type":"Feature","id":"way/28294948-0-0-0","properties":{"highway":"residential","lanes":"2","lanes:backward":"1","lanes:forward":"1","maxspeed":"50","name":"Springleaf Garden","surface":"asphalt","startNodeId":"310725507","endNodeId":"13466844538"},"geometry":{"type":"LineString","coordinates":[[103.8218528,1.3984808],[103.8218902,1.398287]]}},{"type":"Feature","id":"way/28294948-0-1-0","properties":{"highway":"residential","lanes":"2","lanes:backward":"1","lanes:forward":"1","maxspeed":"50","name":"Springleaf Garden","surface":"asphalt","startNodeId":"13466844538","endNodeId":"310725508"},"geometry":{"type":"LineString","coordinates":[[103.8218902,1.398287],[103.8219771,1.3978368]]}},{"type":"Feature","id":"way/28294949-0-0-0","properties":{"highway":"residential","lanes":"2","lanes:backward":"1","lanes:forward":"1","lit":"yes","maxspeed":"50","name":"Springleaf Garden","sidewalk":"both","surface":"asphalt","startNodeId":"310725491","endNodeId":"8110178547"},"geometry":{"type":"LineString","coordinates":[[103.8226758,1.3986393],[103.8225684,1.3986193]]}},{"type":"Feature","id":"way/28294949-0-1-0","properties":{"highway":"residential","lanes":"2","lanes:backward":"1","lanes:forward":"1","lit":"yes","maxspeed":"50","name":"Springleaf Garden","sidewalk":"both","surface":"asphalt","startNodeId":"8110178547","endNodeId":"310725507"},"geometry":{"type":"LineString","coordinates":[[103.8225684,1.3986193],[103.8218528,1.3984808]]}},{"type":"Feature","id":"way/28294950-0-0-0","properties":{"highway":"residential","lanes":"2","lanes:backward":"1","lanes:forward":"1","maxspeed":"50","name":"Springleaf Garden","surface":"asphalt","startNodeId":"310725508","endNodeId":"310725510"},"geometry":{"type":"LineString","coordinates":[[103.8219771,1.3978368],[103.8216028,1.3977715]]}},{"type":"Feature","id":"way/28294951-0-0-0","properties":{"highway":"residential","lanes":"2","lanes:backward":"1","lanes:forward":"1","lit":"yes","maxspeed":"50","name":"Springleaf Avenue","sidewalk":"both","surface":"asphalt","startNodeId":"310725500","endNodeId":"8110439977"},"geometry":{"type":"LineString","coordinates":[[103.8203668,1.3983667],[103.8204075,1.3983368]]}},{"type":"Feature","id":"way/28294951-0-1-0","properties":{"highway":"residential","lanes":"2","lanes:backward":"1","lanes:forward":"1","lit":"yes","maxspeed":"50","name":"Springleaf Avenue","sidewalk":"both","surface":"asphalt","startNodeId":"8110439977","endNodeId":"4607134167"},"geometry":{"type":"LineString","coordinates":[[103.8204075,1.3983368],[103.8205381,1.3982432]]}},{"type":"Feature","id":"way/28294951-0-2-0","properties":{"highway":"residential","lanes":"2","lanes:backward":"1","lanes:forward":"1","lit":"yes","maxspeed":"50","name":"Springleaf Avenue","sidewalk":"both","surface":"asphalt","startNodeId":"4607134167","endNodeId":"310725511"},"geometry":{"type":"LineString","coordinates":[[103.8205381,1.3982432],[103.8205847,1.3982354]]}},{"type":"Feature","id":"way/28294951-0-3-0","properties":{"highway":"residential","lanes":"2","lanes:backward":"1","lanes:forward":"1","lit":"yes","maxspeed":"50","name":"Springleaf Avenue","sidewalk":"both","surface":"asphalt","startNodeId":"310725511","endNodeId":"3088837274"},"geometry":{"type":"LineString","coordinates":[[103.8205847,1.3982354],[103.8211228,1.3983396]]}},{"type":"Feature","id":"way/28294952-0-0-0","properties":{"highway":"residential","lanes":"2","lanes:backward":"1","lanes:forward":"1","lit":"yes","maxspeed":"50","name":"Springleaf View","sidewalk":"both","surface":"asphalt","startNodeId":"310725503","endNodeId":"5143656341"},"geometry":{"type":"LineString","coordinates":[[103.8199295,1.3974454],[103.8212528,1.3976996]]}},{"type":"Feature","id":"way/28294954-0-0-0","properties":{"foot":"no","highway":"residential","maxspeed":"50","name":"Springleaf Lane","surface":"asphalt","startNodeId":"4745265397","endNodeId":"310638750"},"geometry":{"type":"LineString","coordinates":[[103.8210144,1.3972408],[103.8210281,1.3971708]]}},{"type":"Feature","id":"way/28295056-0-0-0","properties":{"highway":"residential","lanes":"2","lanes:backward":"1","lanes:forward":"1","maxspeed":"50","name":"Thong Soon Green","surface":"asphalt","startNodeId":"310726810","endNodeId":"310726813"},"geometry":{"type":"LineString","coordinates":[[103.8194311,1.3984444],[103.819707,1.3983169]]}},{"type":"Feature","id":"way/28295056-0-1-0","properties":{"highway":"residential","lanes":"2","lanes:backward":"1","lanes:forward":"1","maxspeed":"50","name":"Thong Soon Green","surface":"asphalt","startNodeId":"310726813","endNodeId":"5166578338"},"geometry":{"type":"LineString","coordinates":[[103.819707,1.3983169],[103.8197469,1.3983156]]}},{"type":"Feature","id":"way/28295056-0-2-0","properties":{"highway":"residential","lanes":"2","lanes:backward":"1","lanes:forward":"1","maxspeed":"50","name":"Thong Soon Green","surface":"asphalt","startNodeId":"5166578338","endNodeId":"4607134168"},"geometry":{"type":"LineString","coordinates":[[103.8197469,1.3983156],[103.8197863,1.3983248]]}},{"type":"Feature","id":"way/162284516-0-0-0","properties":{"bridge":"yes","highway":"residential","lanes":"2","lanes:backward":"1","lanes:forward":"1","layer":"1","maxspeed":"40","name":"Nee Soon Road","name:en":"Nee Soon Road","name:zh":"\u4e49\u987a\u8def","oneway":"no","sidewalk":"right","surface":"asphalt","startNodeId":"1741978969","endNodeId":"310725495"},"geometry":{"type":"LineString","coordinates":[[103.821492,1.4005998],[103.8211153,1.4008294]]}},{"type":"Feature","id":"way/463972040-0-0-0","properties":{"highway":"residential","lanes":"2","lanes:backward":"1","lanes:forward":"1","maxspeed":"50","name":"Springleaf Heights","surface":"asphalt","turn:lanes:backward":"left;through","startNodeId":"310638782","endNodeId":"310638783"},"geometry":{"type":"LineString","coordinates":[[103.8234489,1.398161],[103.8230189,1.3981186]]}},{"type":"Feature","id":"way/463972045-0-0-0","properties":{"highway":"residential","lanes":"2","lanes:backward":"1","lanes:forward":"1","lit":"yes","maxspeed":"50","name":"Springleaf Avenue","surface":"asphalt","startNodeId":"310725440","endNodeId":"4591621065"},"geometry":{"type":"LineString","coordinates":[[103.8219028,1.4002999],[103.8219886,1.4003765]]}},{"type":"Feature","id":"way/463972045-0-1-0","properties":{"highway":"residential","lanes":"2","lanes:backward":"1","lanes:forward":"1","lit":"yes","maxspeed":"50","name":"Springleaf Avenue","surface":"asphalt","startNodeId":"4591621065","endNodeId":"4591621024"},"geometry":{"type":"LineString","coordinates":[[103.8219886,1.4003765],[103.8221274,1.4005135]]}},{"type":"Feature","id":"way/463972045-0-2-0","properties":{"highway":"residential","lanes":"2","lanes:backward":"1","lanes:forward":"1","lit":"yes","maxspeed":"50","name":"Springleaf Avenue","surface":"asphalt","startNodeId":"4591621024","endNodeId":"310725441"},"geometry":{"type":"LineString","coordinates":[[103.8221274,1.4005135],[103.8221854,1.4005623]]}},{"type":"Feature","id":"way/463972045-0-3-0","properties":{"highway":"residential","lanes":"2","lanes:backward":"1","lanes:forward":"1","lit":"yes","maxspeed":"50","name":"Springleaf Avenue","surface":"asphalt","startNodeId":"310725441","endNodeId":"4591621069"},"geometry":{"type":"LineString","coordinates":[[103.8221854,1.4005623],[103.8222606,1.4005937]]}},{"type":"Feature","id":"way/463972045-0-4-0","properties":{"highway":"residential","lanes":"2","lanes:backward":"1","lanes:forward":"1","lit":"yes","maxspeed":"50","name":"Springleaf Avenue","surface":"asphalt","startNodeId":"4591621069","endNodeId":"310725442"},"geometry":{"type":"LineString","coordinates":[[103.8222606,1.4005937],[103.822741,1.4006978]]}},{"type":"Feature","id":"way/463972046-0-0-0","properties":{"highway":"residential","lanes":"2","lanes:backward":"1","lanes:forward":"1","lit":"yes","maxspeed":"40","name":"Nee Soon Road","name:en":"Nee Soon Road","name:zh":"\u4e49\u987a\u8def","oneway":"no","surface":"asphalt","turn:lanes:backward":"left;through;right","startNodeId":"310725440","endNodeId":"1741978968"},"geometry":{"type":"LineString","coordinates":[[103.8219028,1.4002999],[103.8218462,1.4003544]]}},{"type":"Feature","id":"way/463972046-0-1-0","properties":{"highway":"residential","lanes":"2","lanes:backward":"1","lanes:forward":"1","lit":"yes","maxspeed":"40","name":"Nee Soon Road","name:en":"Nee Soon Road","name:zh":"\u4e49\u987a\u8def","oneway":"no","surface":"asphalt","turn:lanes:backward":"left;through;right","startNodeId":"1741978968","endNodeId":"3088863469"},"geometry":{"type":"LineString","coordinates":[[103.8218462,1.4003544],[103.8216204,1.4005237]]}},{"type":"Feature","id":"way/463972046-0-2-0","properties":{"highway":"residential","lanes":"2","lanes:backward":"1","lanes:forward":"1","lit":"yes","maxspeed":"40","name":"Nee Soon Road","name:en":"Nee Soon Road","name:zh":"\u4e49\u987a\u8def","oneway":"no","surface":"asphalt","turn:lanes:backward":"left;through;right","startNodeId":"3088863469","endNodeId":"9863292312"},"geometry":{"type":"LineString","coordinates":[[103.8216204,1.4005237],[103.8215249,1.4005803]]}},{"type":"Feature","id":"way/463972046-0-3-0","properties":{"highway":"residential","lanes":"2","lanes:backward":"1","lanes:forward":"1","lit":"yes","maxspeed":"40","name":"Nee Soon Road","name:en":"Nee Soon Road","name:zh":"\u4e49\u987a\u8def","oneway":"no","surface":"asphalt","turn:lanes:backward":"left;through;right","startNodeId":"9863292312","endNodeId":"1741978969"},"geometry":{"type":"LineString","coordinates":[[103.8215249,1.4005803],[103.821492,1.4005998]]}},{"type":"Feature","id":"way/463972047-0-0-0","properties":{"highway":"residential","lanes":"2","lanes:backward":"1","lanes:forward":"1","maxspeed":"50","name":"Springleaf Rise","surface":"asphalt","turn:lanes:backward":"left;through;right","startNodeId":"310638784","endNodeId":"310638785"},"geometry":{"type":"LineString","coordinates":[[103.8233784,1.3988088],[103.8229545,1.3987628]]}},{"type":"Feature","id":"way/463972048-0-0-0","properties":{"highway":"residential","lanes":"2","lanes:backward":"1","lanes:forward":"1","lit":"yes","maxspeed":"50","name":"Springleaf Garden","sidewalk":"both","surface":"asphalt","startNodeId":"310725505","endNodeId":"310725506"},"geometry":{"type":"LineString","coordinates":[[103.8217334,1.3991257],[103.8221454,1.3992045]]}},{"type":"Feature","id":"way/463972072-0-0-0","properties":{"highway":"residential","lanes":"2","lanes:backward":"1","lanes:forward":"1","maxspeed":"50","name":"Springleaf Garden","surface":"asphalt","startNodeId":"310725515","endNodeId":"4591621437"},"geometry":{"type":"LineString","coordinates":[[103.8221099,1.3971484],[103.8221457,1.3969624]]}},{"type":"Feature","id":"way/463972072-0-1-0","properties":{"highway":"residential","lanes":"2","lanes:backward":"1","lanes:forward":"1","maxspeed":"50","name":"Springleaf Garden","surface":"asphalt","startNodeId":"4591621437","endNodeId":"10907662498"},"geometry":{"type":"LineString","coordinates":[[103.8221457,1.3969624],[103.822196,1.3969213]]}},{"type":"Feature","id":"way/463972072-0-2-0","properties":{"highway":"residential","lanes":"2","lanes:backward":"1","lanes:forward":"1","maxspeed":"50","name":"Springleaf Garden","surface":"asphalt","startNodeId":"10907662498","endNodeId":"4591621435"},"geometry":{"type":"LineString","coordinates":[[103.822196,1.3969213],[103.8222395,1.3969154]]}},{"type":"Feature","id":"way/463972072-0-3-0","properties":{"highway":"residential","lanes":"2","lanes:backward":"1","lanes:forward":"1","maxspeed":"50","name":"Springleaf Garden","surface":"asphalt","startNodeId":"4591621435","endNodeId":"310725516"},"geometry":{"type":"LineString","coordinates":[[103.8222395,1.3969154],[103.8226933,1.3970026]]}},{"type":"Feature","id":"way/463972073-0-0-0","properties":{"highway":"residential","lanes":"2","lanes:backward":"1","lanes:forward":"1","maxspeed":"50","name":"Springleaf Lane","surface":"asphalt","startNodeId":"310725520","endNodeId":"310725517"},"geometry":{"type":"LineString","coordinates":[[103.8207712,1.3966334],[103.8211198,1.3967003]]}},{"type":"Feature","id":"way/463972074-0-0-0","properties":{"highway":"residential","lanes":"2","lanes:backward":"1","lanes:forward":"1","maxspeed":"50","name":"Springleaf Lane","surface":"asphalt","startNodeId":"310725517","endNodeId":"310725518"},"geometry":{"type":"LineString","coordinates":[[103.8211198,1.3967003],[103.8211914,1.3963325]]}},{"type":"Feature","id":"way/463974696-0-0-0","properties":{"highway":"residential","lanes":"2","maxspeed":"50","name":"Springleaf Road","oneway":"yes","sidewalk":"left","surface":"asphalt","startNodeId":"4591621005","endNodeId":"4591621006"},"geometry":{"type":"LineString","coordinates":[[103.8200064,1.3970433],[103.8205755,1.3971548]]}},{"type":"Feature","id":"way/465792650-0-0-0","properties":{"highway":"residential","lanes":"2","lanes:backward":"1","lanes:forward":"1","maxspeed":"50","name":"Thong Soon Green","surface":"asphalt","startNodeId":"4607134168","endNodeId":"310726816"},"geometry":{"type":"LineString","coordinates":[[103.8197863,1.3983248],[103.819815,1.3983509]]}},{"type":"Feature","id":"way/465792650-0-1-0","properties":{"highway":"residential","lanes":"2","lanes:backward":"1","lanes:forward":"1","maxspeed":"50","name":"Thong Soon Green","surface":"asphalt","startNodeId":"310726816","endNodeId":"310726818"},"geometry":{"type":"LineString","coordinates":[[103.819815,1.3983509],[103.8201915,1.3988954]]}},{"type":"Feature","id":"way/465792650-0-2-0","properties":{"highway":"residential","lanes":"2","lanes:backward":"1","lanes:forward":"1","maxspeed":"50","name":"Thong Soon Green","surface":"asphalt","startNodeId":"310726818","endNodeId":"5166578337"},"geometry":{"type":"LineString","coordinates":[[103.8201915,1.3988954],[103.8201958,1.3989207]]}},{"type":"Feature","id":"way/465792650-0-3-0","properties":{"highway":"residential","lanes":"2","lanes:backward":"1","lanes:forward":"1","maxspeed":"50","name":"Thong Soon Green","surface":"asphalt","startNodeId":"5166578337","endNodeId":"4607134169"},"geometry":{"type":"LineString","coordinates":[[103.8201958,1.3989207],[103.8201928,1.3989462]]}},{"type":"Feature","id":"way/465792651-0-0-0","properties":{"highway":"residential","lanes":"2","lanes:backward":"1","lanes:forward":"1","maxspeed":"50","name":"Thong Soon Green","surface":"asphalt","startNodeId":"4607134169","endNodeId":"5166578336"},"geometry":{"type":"LineString","coordinates":[[103.8201928,1.3989462],[103.8201825,1.3989697]]}},{"type":"Feature","id":"way/465792651-0-1-0","properties":{"highway":"residential","lanes":"2","lanes:backward":"1","lanes:forward":"1","maxspeed":"50","name":"Thong Soon Green","surface":"asphalt","startNodeId":"5166578336","endNodeId":"310726821"},"geometry":{"type":"LineString","coordinates":[[103.8201825,1.3989697],[103.820166,1.3989893]]}},{"type":"Feature","id":"way/465792651-0-2-0","properties":{"highway":"residential","lanes":"2","lanes:backward":"1","lanes:forward":"1","maxspeed":"50","name":"Thong Soon Green","surface":"asphalt","startNodeId":"310726821","endNodeId":"4607134174"},"geometry":{"type":"LineString","coordinates":[[103.820166,1.3989893],[103.8191516,1.3995774]]}},{"type":"Feature","id":"way/579676277-0-0-0","properties":{"highway":"residential","lanes":"2","lanes:backward":"1","lanes:forward":"1","maxspeed":"50","name":"Springleaf Lane","surface":"asphalt","turn:lanes:backward":"left;right","startNodeId":"310638750","endNodeId":"10786503149"},"geometry":{"type":"LineString","coordinates":[[103.8210281,1.3971708],[103.8210362,1.3971294]]}},{"type":"Feature","id":"way/579676277-0-1-0","properties":{"highway":"residential","lanes":"2","lanes:backward":"1","lanes:forward":"1","maxspeed":"50","name":"Springleaf Lane","surface":"asphalt","turn:lanes:backward":"left;right","startNodeId":"10786503149","endNodeId":"310725517"},"geometry":{"type":"LineString","coordinates":[[103.8210362,1.3971294],[103.8211198,1.3967003]]}},{"type":"Feature","id":"way/579676278-0-0-0","properties":{"foot":"no","highway":"residential","lanes":"2","maxspeed":"50","name":"Springleaf Avenue","surface":"asphalt","startNodeId":"4745265396","endNodeId":"4591621005"},"geometry":{"type":"LineString","coordinates":[[103.8200205,1.3969699],[103.8200064,1.3970433]]}},{"type":"Feature","id":"way/633203762-0-0-0","properties":{"highway":"residential","lanes":"4","lanes:backward":"2","lanes:forward":"2","lit":"yes","maxspeed":"50","name":"Springleaf Road","oneway":"no","sidewalk":"left","surface":"asphalt","startNodeId":"310638751","endNodeId":"4591621009"},"geometry":{"type":"LineString","coordinates":[[103.8220589,1.3974128],[103.8224027,1.3974778]]}},{"type":"Feature","id":"way/633604270-0-0-0","properties":{"highway":"residential","lanes":"2","lanes:backward":"1","lanes:forward":"1","lit":"yes","maxspeed":"50","name":"Springleaf Avenue","sidewalk":"right","surface":"asphalt","turn:lanes:backward":"left;right","startNodeId":"4591621005","endNodeId":"8110085464"},"geometry":{"type":"LineString","coordinates":[[103.8200064,1.3970433],[103.8199969,1.3970934]]}},{"type":"Feature","id":"way/633604270-0-1-0","properties":{"highway":"residential","lanes":"2","lanes:backward":"1","lanes:forward":"1","lit":"yes","maxspeed":"50","name":"Springleaf Avenue","sidewalk":"right","surface":"asphalt","turn:lanes:backward":"left;right","startNodeId":"8110085464","endNodeId":"310725503"},"geometry":{"type":"LineString","coordinates":[[103.8199969,1.3970934],[103.8199295,1.3974454]]}},{"type":"Feature","id":"way/633604271-0-0-0","properties":{"highway":"residential","lanes":"2","maxspeed":"50","name":"Springleaf Road","oneway":"yes","surface":"asphalt","turn:lanes":"left;through|through","startNodeId":"4745265395","endNodeId":"4591621005"},"geometry":{"type":"LineString","coordinates":[[103.8194364,1.3969317],[103.8200064,1.3970433]]}},{"type":"Feature","id":"way/633604272-0-0-0","properties":{"highway":"residential","lanes":"2","maxspeed":"50","name":"Springleaf Road","oneway":"yes","surface":"asphalt","startNodeId":"4745265397","endNodeId":"6544695384"},"geometry":{"type":"LineString","coordinates":[[103.8210144,1.3972408],[103.8216121,1.3973579]]}},{"type":"Feature","id":"way/633802910-0-0-0","properties":{"highway":"residential","lanes":"4","lanes:backward":"2","lanes:forward":"2","lit":"yes","maxspeed":"40","name":"Nee Soon Road","name:en":"Nee Soon Road","name:zh":"\u4e49\u987a\u8def","oneway":"no","surface":"asphalt","turn:lanes:backward":"through|through","startNodeId":"4591621054","endNodeId":"6378922053"},"geometry":{"type":"LineString","coordinates":[[103.8226622,1.3987171],[103.8226093,1.3989662]]}},{"type":"Feature","id":"way/633802911-0-0-0","properties":{"highway":"residential","lanes":"4","lanes:backward":"2","lanes:forward":"2","lit":"yes","maxspeed":"40","name":"Nee Soon Road","name:en":"Nee Soon Road","name:zh":"\u4e49\u987a\u8def","oneway":"no","surface":"asphalt","turn:lanes:backward":"left|right","startNodeId":"4591621055","endNodeId":"6544621509"},"geometry":{"type":"LineString","coordinates":[[103.822786,1.3980711],[103.8227273,1.3984033]]}},{"type":"Feature","id":"way/634050162-0-0-0","properties":{"highway":"residential","lanes":"4","lanes:backward":"2","lanes:forward":"2","lit":"yes","maxspeed":"40","name":"Nee Soon Road","name:en":"Nee Soon Road","name:zh":"\u4e49\u987a\u8def","oneway":"no","surface":"asphalt","turn:lanes:backward":"left|right","startNodeId":"310638752","endNodeId":"10786503151"},"geometry":{"type":"LineString","coordinates":[[103.8228731,1.3975756],[103.8228606,1.3976731]]}},{"type":"Feature","id":"way/634050162-0-1-0","properties":{"highway":"residential","lanes":"4","lanes:backward":"2","lanes:forward":"2","lit":"yes","maxspeed":"40","name":"Nee Soon Road","name:en":"Nee Soon Road","name:zh":"\u4e49\u987a\u8def","oneway":"no","surface":"asphalt","turn:lanes:backward":"left|right","startNodeId":"10786503151","endNodeId":"4591621055"},"geometry":{"type":"LineString","coordinates":[[103.8228606,1.3976731],[103.822786,1.3980711]]}},{"type":"Feature","id":"way/634050163-0-0-0","properties":{"highway":"residential","lanes":"2","lanes:backward":"1","lanes:forward":"1","lit":"yes","maxspeed":"50","name":"Springleaf Road","surface":"asphalt","turn:lanes:forward":"through;right","startNodeId":"5984437724","endNodeId":"310638752"},"geometry":{"type":"LineString","coordinates":[[103.8232038,1.3976063],[103.8228731,1.3975756]]}},{"type":"Feature","id":"way/635638516-0-0-0","properties":{"highway":"residential","lanes":"2","maxspeed":"50","name":"Springleaf Road","oneway":"yes","surface":"asphalt","turn:lanes":"through|through;right","startNodeId":"4591621006","endNodeId":"4745265397"},"geometry":{"type":"LineString","coordinates":[[103.8205755,1.3971548],[103.8210144,1.3972408]]}},{"type":"Feature","id":"way/643464054-0-0-0","properties":{"highway":"residential","lanes":"2","lanes:backward":"1","lanes:forward":"1","maxspeed":"50","name":"Springleaf Drive","surface":"asphalt","turn:lanes:forward":"left;right","startNodeId":"310638786","endNodeId":"8110174331"},"geometry":{"type":"LineString","coordinates":[[103.8233096,1.3994669],[103.8226167,1.3993954]]}},{"type":"Feature","id":"way/643464054-0-1-0","properties":{"highway":"residential","lanes":"2","lanes:backward":"1","lanes:forward":"1","maxspeed":"50","name":"Springleaf Drive","surface":"asphalt","turn:lanes:forward":"left;right","startNodeId":"8110174331","endNodeId":"4591621061"},"geometry":{"type":"LineString","coordinates":[[103.8226167,1.3993954],[103.8225089,1.3993885]]}},{"type":"Feature","id":"way/644717855-0-0-0","properties":{"highway":"residential","lanes":"2","lanes:backward":"1","lanes:forward":"1","maxspeed":"50","name":"Springleaf Link","surface":"asphalt","turn:lanes:backward":"left;through;right","turn:lanes:forward":"left;right","startNodeId":"310638784","endNodeId":"310638786"},"geometry":{"type":"LineString","coordinates":[[103.8233784,1.3988088],[103.8233096,1.3994669]]}},{"type":"Feature","id":"way/644718706-0-0-0","properties":{"highway":"residential","lanes":"2","lanes:backward":"1","lanes:forward":"1","maxspeed":"50","name":"Springleaf Walk","surface":"asphalt","startNodeId":"310725546","endNodeId":"4499848957"},"geometry":{"type":"LineString","coordinates":[[103.819543,1.3963974],[103.8204044,1.3965629]]}},{"type":"Feature","id":"way/644718708-0-0-0","properties":{"highway":"residential","lanes":"2","lanes:backward":"1","lanes:forward":"1","maxspeed":"50","name":"Springleaf Lane","surface":"asphalt","startNodeId":"310725517","endNodeId":"310725535"},"geometry":{"type":"LineString","coordinates":[[103.8211198,1.3967003],[103.8218257,1.3968359]]}},{"type":"Feature","id":"way/644721879-0-0-0","properties":{"highway":"residential","lanes":"2","lanes:backward":"1","lanes:forward":"1","lit":"yes","maxspeed":"50","name":"Springleaf Avenue","sidewalk":"left","surface":"asphalt","startNodeId":"310725499","endNodeId":"310725498"},"geometry":{"type":"LineString","coordinates":[[103.8209197,1.3991531],[103.8212823,1.3996687]]}},{"type":"Feature","id":"way/644721879-0-1-0","properties":{"highway":"residential","lanes":"2","lanes:backward":"1","lanes:forward":"1","lit":"yes","maxspeed":"50","name":"Springleaf Avenue","sidewalk":"left","surface":"asphalt","startNodeId":"310725498","endNodeId":"310725497"},"geometry":{"type":"LineString","coordinates":[[103.8212823,1.3996687],[103.821355,1.3997573]]}},{"type":"Feature","id":"way/644721879-0-2-0","properties":{"highway":"residential","lanes":"2","lanes:backward":"1","lanes:forward":"1","lit":"yes","maxspeed":"50","name":"Springleaf Avenue","sidewalk":"left","surface":"asphalt","startNodeId":"310725497","endNodeId":"6544621514"},"geometry":{"type":"LineString","coordinates":[[103.821355,1.3997573],[103.821713,1.4001076]]}},{"type":"Feature","id":"way/644721881-0-0-0","properties":{"highway":"residential","lanes":"2","lanes:backward":"1","lanes:forward":"1","lit":"yes","maxspeed":"50","name":"Springleaf Avenue","sidewalk":"left","surface":"asphalt","startNodeId":"310725500","endNodeId":"310725499"},"geometry":{"type":"LineString","coordinates":[[103.8203668,1.3983667],[103.8209197,1.3991531]]}},{"type":"Feature","id":"way/644721884-0-0-0","properties":{"highway":"residential","lanes":"2","lanes:backward":"1","lanes:forward":"1","maxspeed":"50","name":"Springleaf Avenue","surface":"asphalt","turn:lanes:backward":"through","turn:lanes:forward":"through","startNodeId":"310725442","endNodeId":"9863354725"},"geometry":{"type":"LineString","coordinates":[[103.822741,1.4006978],[103.823039,1.4007697]]}},{"type":"Feature","id":"way/644721884-0-1-0","properties":{"highway":"residential","lanes":"2","lanes:backward":"1","lanes:forward":"1","maxspeed":"50","name":"Springleaf Avenue","surface":"asphalt","turn:lanes:backward":"through","turn:lanes:forward":"through","startNodeId":"9863354725","endNodeId":"310725443"},"geometry":{"type":"LineString","coordinates":[[103.823039,1.4007697],[103.82311,1.4007873]]}},{"type":"Feature","id":"way/644721886-0-0-0","properties":{"highway":"residential","lanes":"2","lanes:backward":"1","lanes:forward":"1","maxspeed":"50","name":"Springleaf Avenue","surface":"asphalt","startNodeId":"310725444","endNodeId":"310725446"},"geometry":{"type":"LineString","coordinates":[[103.8228856,1.4000476],[103.8232508,1.4001314]]}},{"type":"Feature","id":"way/644838838-0-0-0","properties":{"highway":"residential","lanes":"2","maxspeed":"50","name":"Springleaf Road","oneway":"yes","surface":"asphalt","startNodeId":"310638750","endNodeId":"6544695382"},"geometry":{"type":"LineString","coordinates":[[103.8210281,1.3971708],[103.820593,1.3970841]]}},{"type":"Feature","id":"way/644838843-0-0-0","properties":{"highway":"residential","lanes":"2","maxspeed":"50","name":"Springleaf Road","oneway":"yes","sidewalk":"left","surface":"asphalt","turn:lanes":"left;through|through","startNodeId":"4745265396","endNodeId":"310638748"},"geometry":{"type":"LineString","coordinates":[[103.8200205,1.3969699],[103.819452,1.3968566]]}},{"type":"Feature","id":"way/646978245-0-0-0","properties":{"highway":"residential","lanes":"2","maxspeed":"50","name":"Springleaf Road","oneway":"yes","surface":"asphalt","startNodeId":"10907662627","endNodeId":"6544695383"},"geometry":{"type":"LineString","coordinates":[[103.8219888,1.3973996],[103.8216258,1.39729]]}},{"type":"Feature","id":"way/647096046-0-0-0","properties":{"highway":"residential","lanes":"2","lanes:backward":"1","lanes:forward":"1","maxspeed":"50","name":"Springleaf Garden","sidewalk":"right","surface":"asphalt","turn:lanes:forward":"left;through;right","startNodeId":"310725508","endNodeId":"10679895583"},"geometry":{"type":"LineString","coordinates":[[103.8219771,1.3978368],[103.8220422,1.3974993]]}},{"type":"Feature","id":"way/647096046-0-1-0","properties":{"highway":"residential","lanes":"2","lanes:backward":"1","lanes:forward":"1","maxspeed":"50","name":"Springleaf Garden","sidewalk":"right","surface":"asphalt","turn:lanes:forward":"left;through;right","startNodeId":"10679895583","endNodeId":"310638751"},"geometry":{"type":"LineString","coordinates":[[103.8220422,1.3974993],[103.8220589,1.3974128]]}},{"type":"Feature","id":"way/647096047-0-0-0","properties":{"highway":"residential","lanes":"2","lanes:backward":"1","lanes:forward":"1","lit":"yes","maxspeed":"50","name":"Springleaf Garden","sidewalk":"both","surface":"asphalt","startNodeId":"310725505","endNodeId":"310725507"},"geometry":{"type":"LineString","coordinates":[[103.8217334,1.3991257],[103.8218528,1.3984808]]}},{"type":"Feature","id":"way/647096048-0-0-0","properties":{"highway":"residential","lanes":"2","lanes:backward":"1","lanes:forward":"1","maxspeed":"50","name":"Springleaf Garden","sidewalk":"both","surface":"asphalt","startNodeId":"310725507","endNodeId":"310725509"},"geometry":{"type":"LineString","coordinates":[[103.8218528,1.3984808],[103.8214523,1.3984033]]}},{"type":"Feature","id":"way/647096049-0-0-0","properties":{"highway":"residential","lanes":"4","lanes:backward":"2","lanes:forward":"2","lit":"yes","maxspeed":"40","name":"Nee Soon Road","name:en":"Nee Soon Road","name:zh":"\u4e49\u987a\u8def","oneway":"no","surface":"asphalt","startNodeId":"310725491","endNodeId":"4591621054"},"geometry":{"type":"LineString","coordinates":[[103.8226758,1.3986393],[103.8226622,1.3987171]]}},{"type":"Feature","id":"way/671822613-0-0-0","properties":{"highway":"residential","lanes":"2","lanes:backward":"1","lanes:forward":"1","maxspeed":"50","name":"Springleaf Drive","surface":"asphalt","turn:lanes:forward":"left;through","startNodeId":"6291169469","endNodeId":"310638786"},"geometry":{"type":"LineString","coordinates":[[103.8236447,1.3995009],[103.8233096,1.3994669]]}},{"type":"Feature","id":"way/671823657-0-0-0","properties":{"highway":"residential","lanes":"4","lanes:backward":"2","lanes:forward":"2","lit":"yes","maxspeed":"40","name":"Nee Soon Road","name:en":"Nee Soon Road","name:zh":"\u4e49\u987a\u8def","oneway":"no","surface":"asphalt","turn:lanes:backward":"left;through|through","startNodeId":"4591621061","endNodeId":"4591621053"},"geometry":{"type":"LineString","coordinates":[[103.8225089,1.3993885],[103.8224844,1.3994741]]}},{"type":"Feature","id":"way/671823657-0-1-0","properties":{"highway":"residential","lanes":"4","lanes:backward":"2","lanes:forward":"2","lit":"yes","maxspeed":"40","name":"Nee Soon Road","name:en":"Nee Soon Road","name:zh":"\u4e49\u987a\u8def","oneway":"no","surface":"asphalt","turn:lanes:backward":"left;through|through","startNodeId":"4591621053","endNodeId":"310725492"},"geometry":{"type":"LineString","coordinates":[[103.8224844,1.3994741],[103.8224225,1.3995946]]}},{"type":"Feature","id":"way/671823660-0-0-0","properties":{"highway":"residential","lanes":"4","lanes:backward":"2","lanes:forward":"2","lit":"yes","maxspeed":"40","name":"Nee Soon Road","name:en":"Nee Soon Road","name:zh":"\u4e49\u987a\u8def","oneway":"no","surface":"asphalt","turn:lanes:forward":"left;through|through;right","startNodeId":"4591621050","endNodeId":"310725440"},"geometry":{"type":"LineString","coordinates":[[103.8220738,1.4000952],[103.8219028,1.4002999]]}},{"type":"Feature","id":"way/681186724-0-0-0","properties":{"highway":"residential","lanes":"4","lanes:backward":"2","lanes:forward":"2","lit":"yes","maxspeed":"40","name":"Nee Soon Road","name:en":"Nee Soon Road","name:zh":"\u4e49\u987a\u8def","oneway":"no","surface":"asphalt","turn:lanes:forward":"through|through;right","startNodeId":"6378922053","endNodeId":"4591621061"},"geometry":{"type":"LineString","coordinates":[[103.8226093,1.3989662],[103.8225089,1.3993885]]}},{"type":"Feature","id":"way/696882311-0-0-0","properties":{"highway":"residential","lanes":"2","lanes:backward":"1","lanes:forward":"1","maxspeed":"50","name":"Springleaf Avenue","surface":"asphalt","turn:lanes:forward":"left;right","startNodeId":"6544570998","endNodeId":"310725444"},"geometry":{"type":"LineString","coordinates":[[103.8228106,1.4003867],[103.8228856,1.4000476]]}},{"type":"Feature","id":"way/696886836-0-0-0","properties":{"highway":"residential","lanes":"4","lanes:backward":"2","lanes:forward":"2","lit":"yes","maxspeed":"40","name":"Nee Soon Road","name:en":"Nee Soon Road","name:zh":"\u4e49\u987a\u8def","oneway":"no","surface":"asphalt","turn:lanes:forward":"left;through|through","startNodeId":"6544621509","endNodeId":"310725491"},"geometry":{"type":"LineString","coordinates":[[103.8227273,1.3984033],[103.8226758,1.3986393]]}},{"type":"Feature","id":"way/696886837-0-0-0","properties":{"highway":"residential","lanes":"2","lanes:backward":"1","lanes:forward":"1","maxspeed":"50","name":"Springleaf Garden","surface":"asphalt","turn:lanes:backward":"left;through;right","startNodeId":"310638751","endNodeId":"10786503148"},"geometry":{"type":"LineString","coordinates":[[103.8220589,1.3974128],[103.8220746,1.3973312]]}},{"type":"Feature","id":"way/696886837-0-1-0","properties":{"highway":"residential","lanes":"2","lanes:backward":"1","lanes:forward":"1","maxspeed":"50","name":"Springleaf Garden","surface":"asphalt","turn:lanes:backward":"left;through;right","startNodeId":"10786503148","endNodeId":"310725515"},"geometry":{"type":"LineString","coordinates":[[103.8220746,1.3973312],[103.8221099,1.3971484]]}},{"type":"Feature","id":"way/696886838-0-0-0","properties":{"highway":"residential","maxspeed":"50","sidewalk":"right","startNodeId":"6544621512","endNodeId":"6544621511"},"geometry":{"type":"LineString","coordinates":[[103.8200311,1.3978893],[103.8197869,1.3980593]]}},{"type":"Feature","id":"way/696886840-0-0-0","properties":{"highway":"residential","lanes":"2","lanes:backward":"1","lanes:forward":"1","lit":"yes","maxspeed":"50","name":"Springleaf Avenue","sidewalk":"left","surface":"asphalt","turn:lanes:forward":"left;through;right","startNodeId":"6544621514","endNodeId":"8110178541"},"geometry":{"type":"LineString","coordinates":[[103.821713,1.4001076],[103.8218021,1.4001923]]}},{"type":"Feature","id":"way/696886840-0-1-0","properties":{"highway":"residential","lanes":"2","lanes:backward":"1","lanes:forward":"1","lit":"yes","maxspeed":"50","name":"Springleaf Avenue","sidewalk":"left","surface":"asphalt","turn:lanes:forward":"left;through;right","startNodeId":"8110178541","endNodeId":"310725440"},"geometry":{"type":"LineString","coordinates":[[103.8218021,1.4001923],[103.8219028,1.4002999]]}},{"type":"Feature","id":"way/696886842-0-0-0","properties":{"highway":"residential","lanes":"2","lanes:backward":"1","lanes:forward":"1","maxspeed":"50","name":"Springleaf Rise","surface":"asphalt","turn:lanes:forward":"left;through;right","startNodeId":"6544621516","endNodeId":"310638784"},"geometry":{"type":"LineString","coordinates":[[103.8237966,1.3988518],[103.8233784,1.3988088]]}},{"type":"Feature","id":"way/696886843-0-0-0","properties":{"highway":"residential","lanes":"2","lanes:backward":"1","lanes:forward":"1","maxspeed":"50","name":"Springleaf Heights","surface":"asphalt","turn:lanes:forward":"through;right","startNodeId":"6544621517","endNodeId":"310638782"},"geometry":{"type":"LineString","coordinates":[[103.8237725,1.3981935],[103.8234489,1.398161]]}},{"type":"Feature","id":"way/696886845-0-0-0","properties":{"highway":"residential","lanes":"2","lanes:backward":"1","lanes:forward":"1","maxspeed":"50","name":"Springleaf Link","surface":"asphalt","turn:lanes:forward":"left;through;right","startNodeId":"6544621519","endNodeId":"310638784"},"geometry":{"type":"LineString","coordinates":[[103.8234125,1.3985068],[103.8233784,1.3988088]]}},{"type":"Feature","id":"way/696895452-0-0-0","properties":{"highway":"residential","lanes":"2","maxspeed":"50","name":"Springleaf Road","oneway":"yes","sidewalk":"left","surface":"asphalt","turn:lanes":"through|through;right","startNodeId":"6544695382","endNodeId":"4745265396"},"geometry":{"type":"LineString","coordinates":[[103.820593,1.3970841],[103.8200205,1.3969699]]}},{"type":"Feature","id":"way/696895453-0-0-0","properties":{"highway":"residential","lanes":"2","maxspeed":"50","name":"Springleaf Road","oneway":"yes","surface":"asphalt","turn:lanes":"left;through|through","startNodeId":"6544695383","endNodeId":"310638750"},"geometry":{"type":"LineString","coordinates":[[103.8216258,1.39729],[103.8210281,1.3971708]]}},{"type":"Feature","id":"way/696895454-0-0-0","properties":{"highway":"residential","lanes":"2","maxspeed":"50","name":"Springleaf Road","oneway":"yes","sidewalk":"left","surface":"asphalt","turn:lanes":"left;through|through;right","startNodeId":"6544695384","endNodeId":"10907662627"},"geometry":{"type":"LineString","coordinates":[[103.8216121,1.3973579],[103.8219888,1.3973996]]}},{"type":"Feature","id":"way/696896456-0-0-0","properties":{"highway":"residential","lanes":"2","lit":"yes","maxspeed":"50","name":"Springleaf Road","oneway":"no","sidewalk":"left","surface":"asphalt","turn:lanes":"left;through","startNodeId":"4591621009","endNodeId":"8110178550"},"geometry":{"type":"LineString","coordinates":[[103.8224027,1.3974778],[103.8226339,1.3975484]]}},{"type":"Feature","id":"way/696896456-0-1-0","properties":{"highway":"residential","lanes":"2","lit":"yes","maxspeed":"50","name":"Springleaf Road","oneway":"no","sidewalk":"left","surface":"asphalt","turn:lanes":"left;through","startNodeId":"8110178550","endNodeId":"310638752"},"geometry":{"type":"LineString","coordinates":[[103.8226339,1.3975484],[103.8228731,1.3975756]]}},{"type":"Feature","id":"way/719250866-0-0-0","properties":{"highway":"residential","lanes":"2","lanes:backward":"1","lanes:forward":"1","lit":"yes","maxspeed":"50","name":"Springleaf Avenue","sidewalk":"both","surface":"asphalt","startNodeId":"6544621512","endNodeId":"310725500"},"geometry":{"type":"LineString","coordinates":[[103.8200311,1.3978893],[103.8203668,1.3983667]]}},{"type":"Feature","id":"way/1173904291-0-0-0","properties":{"highway":"residential","lanes":"4","lanes:backward":"2","lanes:forward":"2","maxspeed":"50","name":"Springleaf Road","oneway":"no","surface":"asphalt","startNodeId":"310638751","endNodeId":"10907662627"},"geometry":{"type":"LineString","coordinates":[[103.8220589,1.3974128],[103.8219888,1.3973996]]}}]}