{"type":"FeatureCollection","features":[{"type":"Feature","id":"relation/2889913-0","properties":{"building":"school","building:levels":"5","type":"multipolygon"},"geometry":{"type":"Polygon","coordinates":[[[103.9018409,1.4004857],[103.9018825,1.4005695],[103.9017566,1.400632],[103.9017823,1.4006836],[103.9018462,1.4006519],[103.9019634,1.4008879],[103.902024,1.4008578],[103.9021383,1.4010878],[103.9023143,1.4010004],[103.9022989,1.4009694],[103.903052,1.4005946],[103.9029022,1.4002938],[103.902708,1.4003904],[103.9027156,1.4004056],[103.9026398,1.4004436],[103.9026088,1.4003818],[103.9025656,1.4004035],[103.9025927,1.4004575],[103.9021939,1.4006581],[103.9021482,1.4005674],[103.902199,1.4005418],[103.9021507,1.400446],[103.9020915,1.4004758],[103.9020098,1.4003136],[103.9020098,1.4003086],[103.9020266,1.4003086],[103.9020266,1.4002451],[103.9023328,1.4002451],[103.9023328,1.4002255],[103.9024256,1.4002255],[103.9024257,1.4000928],[103.9020208,1.4000925],[103.9020208,1.4000679],[103.9020995,1.400068],[103.9020997,1.3999328],[103.9020874,1.3999328],[103.9020875,1.3999014],[103.902214,1.3999018],[103.9022139,1.3999306],[103.9023204,1.399931],[103.9023207,1.3998594],[103.9022582,1.3998591],[103.902259,1.3996727],[103.9018826,1.3996712],[103.9018817,1.3998911],[103.9019781,1.3998915],[103.901978,1.3999326],[103.9015621,1.3999309],[103.9015615,1.4000759],[103.9016204,1.4000761],[103.90162,1.4001704],[103.9015529,1.4001702],[103.9015526,1.4002329],[103.9015627,1.400233],[103.9015625,1.4003102],[103.9016555,1.4003105],[103.9016555,1.4003207],[103.901986,1.4003214],[103.9020228,1.4003955],[103.9018409,1.4004857]],[[103.9019695,1.4000755],[103.9019691,1.4001],[103.9019056,1.4000986],[103.9019046,1.4001552],[103.9019679,1.4001572],[103.9019673,1.4001805],[103.9016671,1.4001799],[103.9016695,1.4000745],[103.9019695,1.4000755]]]}},{"type":"Feature","id":"way/218214871-0","properties":{"addr:city":"Singapore","addr:country":"SG","addr:housenumber":"103A","addr:neighbourhood":"Punggol Cove","addr:postcode":"821103","addr:street":"Edgefield Plains","building":"residential","building:levels":"17","residential":"HDB","start_date":"2000"},"geometry":{"type":"Polygon","coordinates":[[[103.9047333,1.3984606],[103.9047577,1.3984424],[103.9047626,1.3984489],[103.9047796,1.3984362],[103.9047695,1.3984225],[103.9047811,1.3984139],[103.9047855,1.3984197],[103.9048207,1.3983935],[103.9047771,1.3983349],[103.9048205,1.3983026],[103.9048404,1.3983292],[103.9048233,1.398342],[103.9048448,1.3983709],[103.9048651,1.3983558],[103.9048822,1.3983788],[103.9049002,1.3983654],[103.9049142,1.3983841],[103.9049048,1.3983911],[103.9049267,1.3984206],[103.9049738,1.3983856],[103.9049673,1.3983769],[103.9050574,1.3983099],[103.9050671,1.3983228],[103.9051087,1.3982919],[103.9050832,1.3982576],[103.9050702,1.3982673],[103.9050598,1.3982534],[103.9050705,1.3982455],[103.9050287,1.3981893],[103.9050464,1.3981761],[103.9050528,1.3981847],[103.9050824,1.3981626],[103.9050292,1.3980911],[103.904935,1.3981612],[103.9049959,1.398243],[103.9049198,1.3982995],[103.9048848,1.3982525],[103.9049071,1.3982359],[103.9048885,1.3982109],[103.9048765,1.3982198],[103.9048629,1.3982015],[103.904879,1.3981895],[103.9048445,1.3981432],[103.9048011,1.3981755],[103.9048068,1.3981832],[103.9047178,1.3982495],[103.9047093,1.3982379],[103.904659,1.3982753],[103.9046938,1.3983221],[103.9047061,1.398313],[103.9047198,1.3983314],[103.9047039,1.3983432],[103.9047274,1.3983748],[103.9047121,1.3983862],[103.9047006,1.3983708],[103.9046786,1.3983872],[103.9047333,1.3984606]]]}},{"type":"Feature","id":"way/218214872-0","properties":{"addr:city":"Singapore","addr:country":"SG","addr:housenumber":"103B","addr:neighbourhood":"Punggol Cove","addr:postcode":"822103","addr:street":"Edgefield Plains","building":"residential","building:levels":"16","residential":"HDB","start_date":"2000"},"geometry":{"type":"Polygon","coordinates":[[[103.9045494,1.3979533],[103.9045427,1.3979441],[103.9045583,1.3979329],[103.904585,1.39797],[103.9046,1.3979592],[103.9046132,1.3979776],[103.9046011,1.3979864],[103.9046252,1.3980199],[103.9046756,1.3979836],[103.9046688,1.3979742],[103.9047602,1.3979084],[103.904768,1.3979191],[103.9048132,1.3978866],[103.9047873,1.3978506],[103.9047702,1.3978629],[103.904759,1.3978472],[103.9047708,1.3978387],[103.9047525,1.3978134],[103.9047202,1.3978367],[103.9047129,1.3978266],[103.9047228,1.3978194],[103.9046913,1.3977757],[103.9047678,1.3977206],[103.9048243,1.3977991],[103.9048356,1.3977909],[103.9048402,1.3977972],[103.9048656,1.3977789],[103.9048609,1.3977723],[103.9048707,1.3977652],[103.9048805,1.3977787],[103.9049267,1.3977455],[103.9048695,1.3976661],[103.904843,1.3976851],[103.904853,1.397699],[103.9048351,1.3977119],[103.9047951,1.3976564],[103.9047819,1.3976659],[103.9047686,1.3976474],[103.9047822,1.3976376],[103.9047472,1.3975891],[103.9047014,1.3976221],[103.9047101,1.3976343],[103.90462,1.3976991],[103.9046106,1.397686],[103.9045624,1.3977207],[103.9045987,1.3977711],[103.9046098,1.3977631],[103.9046223,1.3977805],[103.9046068,1.3977917],[103.9046617,1.3978678],[103.9046138,1.3979023],[103.9045718,1.397844],[103.9045602,1.3978524],[103.9045537,1.3978433],[103.9045286,1.3978613],[103.9045352,1.3978704],[103.9045232,1.3978791],[103.9045132,1.3978651],[103.9044686,1.3978972],[103.9045228,1.3979725],[103.9045494,1.3979533]]]}},{"type":"Feature","id":"way/218214873-0","properties":{"addr:city":"Singapore","addr:country":"SG","addr:housenumber":"103C","addr:neighbourhood":"Punggol Cove","addr:postcode":"823103","addr:street":"Edgefield Plains","building":"residential","building:levels":"16","residential":"HDB","start_date":"2001"},"geometry":{"type":"Polygon","coordinates":[[[103.9044056,1.3975183],[103.9043987,1.3975088],[103.9044128,1.3974985],[103.9044385,1.3975337],[103.904454,1.3975223],[103.9044684,1.397542],[103.9044588,1.3975491],[103.9044825,1.3975815],[103.9045297,1.3975469],[103.9045206,1.3975344],[103.9046135,1.3974665],[103.9046219,1.3974781],[103.904669,1.3974437],[103.9046441,1.3974096],[103.9046255,1.3974232],[103.9046129,1.397406],[103.9046268,1.3973958],[103.9046089,1.3973713],[103.9045846,1.3973891],[103.9045453,1.3973354],[103.9046225,1.3972789],[103.9046789,1.3973559],[103.9046906,1.3973473],[103.9046951,1.3973535],[103.9047213,1.3973343],[103.9047159,1.3973269],[103.9047247,1.3973204],[103.9047354,1.397335],[103.9047831,1.3973001],[103.9047244,1.3972199],[103.9046998,1.3972379],[103.9047121,1.3972547],[103.9046905,1.3972705],[103.9046484,1.3972129],[103.9046363,1.3972218],[103.9046238,1.3972047],[103.9046404,1.3971926],[103.9046069,1.3971469],[103.9045615,1.3971801],[103.9045689,1.3971903],[103.9044752,1.3972588],[103.9044676,1.3972484],[103.9044199,1.3972833],[103.9044552,1.3973314],[103.9044662,1.3973234],[103.9044793,1.3973413],[103.9044633,1.3973531],[103.9045188,1.3974289],[103.9044687,1.3974656],[103.904427,1.3974087],[103.9044174,1.3974158],[103.9044101,1.3974058],[103.9043847,1.3974244],[103.9043916,1.3974338],[103.9043769,1.3974446],[103.9043698,1.3974349],[103.9043549,1.3974458],[103.9043519,1.3974416],[103.9043256,1.3974608],[103.9043809,1.3975363],[103.9044056,1.3975183]]]}},{"type":"Feature","id":"way/218215085-0","properties":{"addr:city":"Singapore","addr:country":"SG","addr:housenumber":"201","addr:neighbourhood":"Punggol Clover","addr:postcode":"820201","addr:street":"Punggol Field","amenity":"parking","building":"residential","building:levels":"4","building:levels:underground":"1","parking":"multi-storey","start_date":"2003"},"geometry":{"type":"Polygon","coordinates":[[[103.9032979,1.4001152],[103.9041823,1.3996659],[103.9040737,1.3994521],[103.9031892,1.3999012],[103.9032979,1.4001152]]]}},{"type":"Feature","id":"way/218215086-0","properties":{"addr:city":"Singapore","addr:country":"SG","addr:housenumber":"201A","addr:neighbourhood":"Punggol Clover","addr:postcode":"821201","addr:street":"Punggol Field","building":"residential","building:levels":"16","residential":"HDB","start_date":"2003"},"geometry":{"type":"Polygon","coordinates":[[[103.903468,1.4004182],[103.9036716,1.4003102],[103.9036401,1.4002509],[103.9035848,1.4002802],[103.9035761,1.4002639],[103.9036011,1.4002506],[103.9035901,1.40023],[103.903533,1.4002603],[103.9034988,1.4001958],[103.9035933,1.4001456],[103.9036194,1.4001947],[103.9036393,1.4001842],[103.9036608,1.4002247],[103.9037074,1.4002],[103.9036984,1.4001831],[103.9037258,1.4001686],[103.9037071,1.4001334],[103.9036778,1.4001489],[103.9036651,1.400125],[103.9036842,1.4001149],[103.9036607,1.4000706],[103.903621,1.4000916],[103.9036052,1.400062],[103.9036472,1.4000398],[103.9036163,1.3999816],[103.9034172,1.4000873],[103.9034448,1.4001393],[103.903496,1.4001121],[103.903504,1.4001272],[103.9034218,1.4001709],[103.9034005,1.4001307],[103.903353,1.4001559],[103.9033598,1.4001687],[103.9033347,1.400182],[103.9033547,1.4002198],[103.9033854,1.4002036],[103.9033958,1.4002232],[103.9033769,1.4002333],[103.9033961,1.4002696],[103.9034368,1.400248],[103.9034211,1.4002184],[103.903441,1.4002078],[103.903482,1.4002851],[103.9034393,1.4003077],[103.9034509,1.4003295],[103.9034758,1.4003163],[103.903484,1.4003317],[103.9034357,1.4003573],[103.903468,1.4004182]]]}},{"type":"Feature","id":"way/218215087-0","properties":{"addr:city":"Singapore","addr:country":"SG","addr:housenumber":"201B","addr:neighbourhood":"Punggol Clover","addr:postcode":"822201","addr:street":"Punggol Field","building":"residential","building:levels":"16","residential":"HDB","start_date":"2003"},"geometry":{"type":"Polygon","coordinates":[[[103.9041034,1.3999994],[103.9040949,1.3999842],[103.9041196,1.3999705],[103.9041076,1.3999489],[103.9040654,1.3999725],[103.9040228,1.3998961],[103.9040425,1.3998851],[103.9040588,1.3999144],[103.904099,1.399892],[103.904079,1.3998561],[103.9040603,1.3998665],[103.9040495,1.3998471],[103.9040798,1.3998302],[103.9040589,1.3997928],[103.9040341,1.3998066],[103.904027,1.399794],[103.9039801,1.3998201],[103.9040022,1.3998598],[103.9039209,1.3999051],[103.9039126,1.3998902],[103.9039632,1.399862],[103.9039345,1.3998105],[103.9037376,1.3999202],[103.9037696,1.3999777],[103.9038111,1.3999546],[103.9038274,1.3999839],[103.9037881,1.4000058],[103.9038126,1.4000496],[103.9038315,1.4000391],[103.9038446,1.4000627],[103.9038157,1.4000789],[103.9038351,1.4001137],[103.9038622,1.4000986],[103.9038715,1.4001153],[103.9039175,1.4000897],[103.9038952,1.4000495],[103.9039149,1.4000386],[103.9038878,1.3999901],[103.9039813,1.399938],[103.9040169,1.4000018],[103.9039604,1.4000333],[103.9039717,1.4000536],[103.9039964,1.4000399],[103.9040054,1.400056],[103.9039508,1.4000865],[103.9039835,1.4001451],[103.9041848,1.400033],[103.9041512,1.3999728],[103.9041034,1.3999994]]]}},{"type":"Feature","id":"way/218215088-0","properties":{"addr:city":"Singapore","addr:country":"SG","addr:housenumber":"201C","addr:neighbourhood":"Punggol Clover","addr:postcode":"823201","addr:street":"Punggol Field","building":"residential","building:levels":"16","residential":"HDB","start_date":"2003"},"geometry":{"type":"Polygon","coordinates":[[[103.90373,1.399244],[103.9035206,1.3993399],[103.9035486,1.3994009],[103.9036055,1.3993749],[103.9036132,1.3993917],[103.9035874,1.3994035],[103.9035972,1.3994247],[103.9036559,1.3993977],[103.9036864,1.3994642],[103.9035891,1.3995087],[103.9035659,1.3994582],[103.9035455,1.3994676],[103.9035263,1.3994258],[103.9034784,1.3994478],[103.9034864,1.3994652],[103.9034581,1.3994781],[103.9034748,1.3995144],[103.903505,1.3995005],[103.9035162,1.3995251],[103.9034965,1.3995341],[103.9035174,1.3995798],[103.9035583,1.399561],[103.9035723,1.3995915],[103.9035291,1.3996113],[103.9035565,1.3996711],[103.9037615,1.3995773],[103.903737,1.3995237],[103.9036842,1.3995479],[103.9036771,1.3995323],[103.9037618,1.3994935],[103.9037808,1.3995349],[103.9038296,1.3995125],[103.9038235,1.3994993],[103.9038494,1.3994875],[103.9038316,1.3994486],[103.9038,1.399463],[103.9037908,1.3994428],[103.9038103,1.3994339],[103.9037931,1.3993965],[103.9037512,1.3994157],[103.9037652,1.3994461],[103.9037447,1.3994555],[103.9037083,1.399376],[103.9037523,1.3993559],[103.903742,1.3993335],[103.9037163,1.3993452],[103.903709,1.3993294],[103.9037588,1.3993066],[103.90373,1.399244]]]}},{"type":"Feature","id":"way/218215089-0","properties":{"addr:city":"Singapore","addr:country":"SG","addr:housenumber":"201D","addr:neighbourhood":"Punggol Clover","addr:postcode":"824201","addr:street":"Punggol Field","building":"residential","building:levels":"16","residential":"HDB","start_date":"2003"},"geometry":{"type":"Polygon","coordinates":[[[103.9032563,1.3997504],[103.903305,1.3997268],[103.9033165,1.3997505],[103.9032668,1.3997746],[103.9032919,1.3998264],[103.9033104,1.3998175],[103.9035129,1.3997195],[103.9034838,1.3996594],[103.9034406,1.3996803],[103.903426,1.3996501],[103.903466,1.3996307],[103.9034441,1.3995855],[103.9034242,1.3995951],[103.9034124,1.3995707],[103.9034419,1.3995564],[103.9034232,1.3995176],[103.9033485,1.3995538],[103.903362,1.3995816],[103.9033413,1.3995916],[103.9033662,1.3996428],[103.9032925,1.3996785],[103.9032805,1.3996706],[103.9032673,1.3996697],[103.9032494,1.3996743],[103.9031857,1.3995429],[103.9032139,1.3995293],[103.903235,1.3995728],[103.9032942,1.3995441],[103.9031986,1.3993465],[103.9031407,1.3993746],[103.9031643,1.3994235],[103.903128,1.3994411],[103.9031137,1.3994116],[103.9030766,1.3994296],[103.9030883,1.3994538],[103.9030562,1.3994694],[103.903044,1.3994443],[103.9030075,1.399462],[103.9030188,1.3994854],[103.9030072,1.399491],[103.903028,1.3995339],[103.9030623,1.3995173],[103.9030823,1.3995585],[103.9031205,1.39954],[103.9031655,1.399633],[103.9031472,1.3996419],[103.9031224,1.3995907],[103.9030636,1.3996192],[103.903135,1.3997667],[103.9032397,1.399716],[103.9032563,1.3997504]]]}},{"type":"Feature","id":"way/218215090-0","properties":{"addr:city":"Singapore","addr:country":"SG","addr:housenumber":"202A","addr:neighbourhood":"Punggol Clover","addr:postcode":"821202","addr:street":"Punggol Field","building":"residential","building:levels":"16","residential":"HDB","start_date":"2003"},"geometry":{"type":"Polygon","coordinates":[[[103.9045319,1.3997516],[103.9045519,1.3997899],[103.9046115,1.3997588],[103.9045087,1.3995621],[103.904444,1.3995958],[103.9044704,1.3996463],[103.9044522,1.3996557],[103.9044044,1.3995641],[103.9044419,1.3995446],[103.9044206,1.399504],[103.9044544,1.3994864],[103.9044323,1.399444],[103.9044208,1.39945],[103.9044087,1.3994271],[103.9043728,1.3994458],[103.904387,1.399473],[103.904364,1.399485],[103.904355,1.3994677],[103.9043142,1.399489],[103.9043305,1.3995203],[103.904315,1.3995284],[103.9042921,1.3994845],[103.90423,1.3995169],[103.9043332,1.3997144],[103.9043917,1.3996839],[103.9043694,1.3996412],[103.9043828,1.3996342],[103.9044383,1.3997404],[103.9044189,1.3997515],[103.9044091,1.3997677],[103.9044106,1.3997878],[103.9043402,1.3998219],[103.904315,1.3997724],[103.9042949,1.3997827],[103.904274,1.3997418],[103.9042271,1.3997657],[103.9042357,1.3997828],[103.9042081,1.3997969],[103.9042263,1.3998325],[103.9042558,1.3998174],[103.9042681,1.3998414],[103.9042488,1.3998512],[103.9042717,1.3998959],[103.9043118,1.3998755],[103.904327,1.3999053],[103.9042847,1.399927],[103.9043147,1.3999856],[103.9045154,1.399883],[103.9045313,1.399873],[103.9045078,1.3998208],[103.9044581,1.3998461],[103.9044444,1.3998247],[103.9044922,1.399798],[103.9044857,1.3997757],[103.9045319,1.3997516]]]}},{"type":"Feature","id":"way/218215091-0","properties":{"addr:city":"Singapore","addr:country":"SG","addr:housenumber":"202B","addr:neighbourhood":"Punggol Clover","addr:postcode":"822202","addr:street":"Punggol Field","building":"residential","building:levels":"16","residential":"HDB","start_date":"2003"},"geometry":{"type":"Polygon","coordinates":[[[103.9042988,1.3991191],[103.9041914,1.399172],[103.9041596,1.3991075],[103.9041965,1.3990893],[103.9041563,1.3990079],[103.9039811,1.3990942],[103.9040246,1.3991824],[103.9039746,1.399207],[103.9040384,1.3993365],[103.9041171,1.3992977],[103.904104,1.3992711],[103.904204,1.3992219],[103.904225,1.3992645],[103.9041805,1.3992865],[103.9041996,1.3993251],[103.9041719,1.3993387],[103.9042091,1.3994142],[103.9043983,1.399321],[103.9042988,1.3991191]]]}},{"type":"Feature","id":"way/218215092-0","properties":{"addr:city":"Singapore","addr:country":"SG","addr:housenumber":"203A","addr:neighbourhood":"Punggol Clover","addr:postcode":"821203","addr:street":"Punggol Field","building":"residential","building:levels":"16","residential":"HDB","start_date":"2004"},"geometry":{"type":"Polygon","coordinates":[[[103.903933,1.3984132],[103.9037293,1.398521],[103.9037607,1.3985804],[103.9038161,1.3985511],[103.9038247,1.3985674],[103.9037997,1.3985807],[103.9038106,1.3986013],[103.9038678,1.398571],[103.903902,1.3986356],[103.9038074,1.3986856],[103.9037814,1.3986365],[103.9037615,1.3986471],[103.90374,1.3986065],[103.9036934,1.3986312],[103.9037023,1.398648],[103.9036749,1.3986626],[103.9036936,1.3986978],[103.9037229,1.3986823],[103.9037356,1.3987062],[103.9037164,1.3987163],[103.9037399,1.3987606],[103.9037797,1.3987396],[103.9037954,1.3987693],[103.9037534,1.3987915],[103.9037842,1.3988497],[103.9039835,1.3987442],[103.9039559,1.3986921],[103.9039046,1.3987192],[103.9038966,1.3987041],[103.9039789,1.3986606],[103.9040002,1.3987008],[103.9040477,1.3986756],[103.9040409,1.3986628],[103.9040661,1.3986495],[103.904046,1.3986117],[103.9040154,1.3986279],[103.904005,1.3986082],[103.9040239,1.3985982],[103.9040047,1.3985619],[103.903964,1.3985834],[103.9039797,1.398613],[103.9039597,1.3986236],[103.9039188,1.3985463],[103.9039615,1.3985237],[103.90395,1.3985019],[103.9039251,1.3985151],[103.9039169,1.3984997],[103.9039652,1.3984741],[103.903933,1.3984132]]]}},{"type":"Feature","id":"way/218215093-0","properties":{"addr:city":"Singapore","addr:country":"SG","addr:housenumber":"203B","addr:neighbourhood":"Punggol Clover","addr:postcode":"822203","addr:street":"Punggol Field","building":"residential","building:levels":"16","residential":"HDB","start_date":"2004"},"geometry":{"type":"Polygon","coordinates":[[[103.9035934,1.3979504],[103.9035436,1.3979734],[103.9035344,1.3979497],[103.9035842,1.3979244],[103.9035559,1.3978746],[103.9035384,1.3978816],[103.9033372,1.3979833],[103.9033669,1.398042],[103.9034093,1.3980206],[103.9034245,1.3980505],[103.9033843,1.3980708],[103.903407,1.3981156],[103.9034263,1.3981058],[103.9034385,1.39813],[103.9034089,1.3981449],[103.9034269,1.3981805],[103.9034546,1.3981665],[103.9034632,1.3981836],[103.9035102,1.3981598],[103.9034895,1.3981188],[103.9035096,1.3981087],[103.9034845,1.3980591],[103.9035536,1.3980224],[103.9035689,1.3980354],[103.9035878,1.398037],[103.9036082,1.398028],[103.9036613,1.3981354],[103.9036478,1.3981421],[103.9036264,1.3980988],[103.9035672,1.3981281],[103.903666,1.3983278],[103.9037288,1.3982968],[103.9037069,1.3982524],[103.9037225,1.3982447],[103.9037381,1.3982763],[103.9037795,1.3982559],[103.9037708,1.3982384],[103.903794,1.398227],[103.9038076,1.3982545],[103.903844,1.3982365],[103.9038325,1.3982132],[103.9038441,1.3982074],[103.903823,1.3981647],[103.9037889,1.3981815],[103.9037686,1.3981404],[103.9037306,1.3981592],[103.9036848,1.3980665],[103.9037032,1.3980575],[103.9037284,1.3981085],[103.9037938,1.3980762],[103.9036954,1.3978772],[103.9036351,1.397907],[103.9036543,1.3979458],[103.9036076,1.3979688],[103.9035934,1.3979504]]]}},{"type":"Feature","id":"way/218215094-0","properties":{"addr:city":"Singapore","addr:country":"SG","addr:housenumber":"204A","addr:neighbourhood":"Punggol Clover","addr:postcode":"821204","addr:street":"Punggol Field","building":"residential","building:levels":"16","residential":"HDB","start_date":"2004"},"geometry":{"type":"Polygon","coordinates":[[[103.9027674,1.3989016],[103.9027467,1.3988636],[103.9026877,1.3988957],[103.9027938,1.3990907],[103.9028579,1.3990558],[103.9028307,1.3990058],[103.9028486,1.3989961],[103.902898,1.3990868],[103.9028609,1.399107],[103.9028828,1.3991473],[103.9028493,1.3991655],[103.9028721,1.3992074],[103.9028836,1.3992012],[103.902896,1.399224],[103.9029316,1.3992046],[103.902917,1.3991777],[103.9029397,1.3991653],[103.9029491,1.3991824],[103.9029895,1.3991604],[103.9029727,1.3991294],[103.902988,1.3991211],[103.9030116,1.3991646],[103.9030732,1.3991311],[103.9029667,1.3989354],[103.9029087,1.3989669],[103.9029317,1.3990093],[103.9029185,1.3990165],[103.9028612,1.3989112],[103.9028804,1.3988998],[103.9028899,1.3988833],[103.9028881,1.3988633],[103.9029579,1.398828],[103.902984,1.3988771],[103.9030039,1.3988665],[103.9030254,1.398907],[103.903072,1.3988823],[103.903063,1.3988654],[103.9030904,1.3988508],[103.9030716,1.3988156],[103.9030424,1.3988312],[103.9030296,1.3988073],[103.9030487,1.3987972],[103.9030252,1.3987529],[103.9029855,1.398774],[103.9029697,1.3987444],[103.9030116,1.3987221],[103.9029807,1.398664],[103.9027816,1.3987699],[103.9027659,1.3987802],[103.9027903,1.398832],[103.9028396,1.3988058],[103.9028537,1.398827],[103.9028063,1.3988545],[103.9028132,1.3988767],[103.9027674,1.3989016]]]}},{"type":"Feature","id":"way/218215095-0","properties":{"addr:city":"Singapore","addr:country":"SG","addr:housenumber":"204B","addr:neighbourhood":"Punggol Clover","addr:postcode":"822204","addr:street":"Punggol Field","building":"residential","building:levels":"16","residential":"HDB","start_date":"2004"},"geometry":{"type":"Polygon","coordinates":[[[103.9034504,1.3987097],[103.9034424,1.3986942],[103.9034674,1.3986812],[103.903456,1.3986593],[103.9034131,1.3986816],[103.9033728,1.398604],[103.9033928,1.3985936],[103.9034083,1.3986233],[103.9034491,1.3986021],[103.9034302,1.3985657],[103.9034111,1.3985755],[103.9034009,1.3985558],[103.9034317,1.3985398],[103.9034119,1.3985018],[103.9033867,1.3985149],[103.90338,1.3985021],[103.9033323,1.3985269],[103.9033533,1.3985672],[103.9032707,1.3986101],[103.9032628,1.398595],[103.9033142,1.3985682],[103.903287,1.3985159],[103.903087,1.3986199],[103.9031174,1.3986783],[103.9031595,1.3986564],[103.903175,1.3986862],[103.9031351,1.3987069],[103.9031582,1.3987514],[103.9031774,1.3987415],[103.9031899,1.3987655],[103.9031605,1.3987808],[103.9031789,1.3988162],[103.9032064,1.3988018],[103.9032152,1.3988188],[103.903262,1.3987945],[103.9032408,1.3987537],[103.9032608,1.3987434],[103.9032351,1.3986941],[103.9033301,1.3986447],[103.9033638,1.3987095],[103.9033064,1.3987394],[103.9033172,1.39876],[103.9033423,1.398747],[103.9033508,1.3987634],[103.9032953,1.3987923],[103.9033263,1.3988519],[103.9035307,1.3987456],[103.9034989,1.3986844],[103.9034504,1.3987097]]]}},{"type":"Feature","id":"way/218215096-0","properties":{"addr:city":"Singapore","addr:country":"SG","addr:housenumber":"204C","addr:neighbourhood":"Punggol Clover","addr:postcode":"823204","addr:street":"Punggol Field","building":"residential","building:levels":"16","residential":"HDB","start_date":"2004"},"geometry":{"type":"Polygon","coordinates":[[[103.9031494,1.3979361],[103.902943,1.398041],[103.9029668,1.3980878],[103.9029799,1.3980811],[103.9029844,1.3980899],[103.9030188,1.3980723],[103.9030293,1.3980928],[103.9030121,1.3981016],[103.903022,1.3981209],[103.9030837,1.3980893],[103.9031146,1.3981495],[103.903098,1.398158],[103.9030883,1.3981797],[103.9030181,1.3982154],[103.9029881,1.3981564],[103.9029676,1.3981668],[103.9029501,1.3981323],[103.9029,1.3981577],[103.9029048,1.398167],[103.9028802,1.3981795],[103.9029003,1.398219],[103.9029118,1.3982132],[103.9029153,1.3982202],[103.90293,1.3982128],[103.9029359,1.3982244],[103.9029186,1.3982332],[103.9029418,1.3982791],[103.9029684,1.3982656],[103.9029847,1.3982979],[103.9029495,1.3983157],[103.9029819,1.3983796],[103.9031893,1.3982746],[103.9031616,1.3982201],[103.9031468,1.3982276],[103.9031437,1.3982215],[103.9031072,1.3982399],[103.9030997,1.3982251],[103.9031527,1.3981983],[103.9031556,1.398204],[103.9031781,1.3981927],[103.9031953,1.3982267],[103.9032451,1.3982016],[103.90324,1.3981915],[103.9032636,1.3981796],[103.9032438,1.3981405],[103.9032165,1.3981543],[103.9032074,1.3981363],[103.9032247,1.3981276],[103.9032024,1.3980836],[103.9031621,1.398104],[103.9031414,1.3980632],[103.9031657,1.3980509],[103.9031544,1.3980286],[103.9031385,1.3980366],[103.9031312,1.3980223],[103.903167,1.3980041],[103.9031625,1.3979951],[103.9031759,1.3979883],[103.9031494,1.3979361]]]}},{"type":"Feature","id":"way/218215097-0","properties":{"addr:city":"Singapore","addr:country":"SG","addr:housenumber":"204D","addr:neighbourhood":"Punggol Clover","addr:postcode":"824204","addr:street":"Punggol Field","building":"residential","building:levels":"16","residential":"HDB","start_date":"2004"},"geometry":{"type":"Polygon","coordinates":[[[103.9024746,1.3983372],[103.9024804,1.3983489],[103.9025151,1.3983316],[103.902521,1.3983435],[103.9025039,1.398352],[103.9025166,1.3983774],[103.9025386,1.3983664],[103.9025568,1.3984029],[103.9025151,1.3984237],[103.9025399,1.3984734],[103.9025538,1.3984665],[103.9025573,1.3984735],[103.9025442,1.39848],[103.9025474,1.3984864],[103.9025359,1.3984921],[103.9025566,1.3985338],[103.9025832,1.3985207],[103.9025879,1.3985302],[103.902637,1.3985059],[103.9026188,1.3984691],[103.9026398,1.3984587],[103.902637,1.3984531],[103.9026964,1.3984236],[103.9027037,1.3984384],[103.9026652,1.3984576],[103.90267,1.3984672],[103.9026546,1.3984748],[103.902681,1.3985277],[103.9028853,1.3984256],[103.9028593,1.3983736],[103.9028435,1.3983815],[103.9028396,1.3983738],[103.9028057,1.3983908],[103.9027975,1.3983745],[103.9028138,1.3983663],[103.9028035,1.3983459],[103.9028295,1.3983328],[103.9028077,1.3982894],[103.9027913,1.3982977],[103.9027837,1.3982827],[103.9027997,1.3982747],[103.9027971,1.3982694],[103.9028122,1.3982618],[103.9027925,1.3982231],[103.9027677,1.3982357],[103.9027627,1.3982259],[103.9027115,1.398252],[103.9027288,1.3982861],[103.9027082,1.3982965],[103.9027386,1.3983562],[103.9026694,1.3983914],[103.9026519,1.3983857],[103.9026287,1.3983894],[103.9026012,1.3983345],[103.9026633,1.3983035],[103.9026516,1.39828],[103.9026342,1.3982887],[103.9026262,1.3982726],[103.9026591,1.3982562],[103.9026535,1.398245],[103.9026671,1.3982382],[103.902644,1.398192],[103.9024409,1.3982936],[103.9024652,1.3983419],[103.9024746,1.3983372]]]}},{"type":"Feature","id":"way/218215098-0","properties":{"addr:city":"Singapore","addr:country":"SG","addr:housenumber":"205A","addr:neighbourhood":"Punggol Clover","addr:postcode":"821205","addr:street":"Punggol Field","building":"residential","building:levels":"16","residential":"HDB","start_date":"2004"},"geometry":{"type":"Polygon","coordinates":[[[103.9020724,1.3985437],[103.9020802,1.3985593],[103.902055,1.3985719],[103.9020659,1.3985939],[103.9021092,1.3985724],[103.9021482,1.3986506],[103.902128,1.3986607],[103.9021131,1.3986307],[103.9020719,1.3986512],[103.9020902,1.398688],[103.9021094,1.3986785],[103.9021193,1.3986984],[103.9020883,1.3987139],[103.9021074,1.3987522],[103.9021328,1.3987395],[103.9021393,1.3987524],[103.9021874,1.3987285],[103.9021671,1.3986878],[103.9022505,1.3986463],[103.9022581,1.3986616],[103.9022062,1.3986874],[103.9022325,1.3987402],[103.9024343,1.3986397],[103.9024049,1.3985807],[103.9023624,1.3986019],[103.9023474,1.3985719],[103.9023877,1.3985518],[103.9023653,1.3985069],[103.9023459,1.3985166],[103.9023339,1.3984923],[103.9023636,1.3984776],[103.9023458,1.3984419],[103.902318,1.3984557],[103.9023095,1.3984386],[103.9022623,1.3984621],[103.9022828,1.3985032],[103.9022626,1.3985132],[103.9022874,1.398563],[103.9021916,1.3986107],[103.902159,1.3985453],[103.9022169,1.3985165],[103.9022065,1.3984956],[103.9021812,1.3985082],[103.9021729,1.3984916],[103.902229,1.3984637],[103.902199,1.3984036],[103.9019927,1.3985064],[103.9020235,1.3985681],[103.9020724,1.3985437]]]}},{"type":"Feature","id":"way/218215340-0","properties":{"building":"civic","building:levels":"9","source":"Bing"},"geometry":{"type":"Polygon","coordinates":[[[103.9015828,1.3986702],[103.9019488,1.3993009],[103.9021194,1.399202],[103.9017535,1.3985713],[103.9015828,1.3986702]]]}},{"type":"Feature","id":"way/302094353-0","properties":{"addr:street":"Compassvale Street","building":"yes","building:levels":"17","name":"299C","source":"Bing"},"geometry":{"type":"Polygon","coordinates":[[[103.9016736,1.3965767],[103.9016047,1.3964619],[103.9017875,1.3963522],[103.9018186,1.396404],[103.9018739,1.3963708],[103.9018372,1.3963097],[103.9020397,1.3961882],[103.9021072,1.3963005],[103.9021863,1.396253],[103.9020523,1.3960299],[103.9019762,1.3960756],[103.9019949,1.3961068],[103.9019592,1.3961282],[103.9019425,1.3961003],[103.9018949,1.3961289],[103.9019265,1.3961815],[103.9018496,1.3962276],[103.9018187,1.3961761],[103.901758,1.3962126],[103.9017767,1.3962438],[103.9017497,1.3962601],[103.9017306,1.3962283],[103.9016783,1.3962597],[103.9017041,1.3963027],[103.9016192,1.3963536],[103.9015992,1.3963205],[103.9015465,1.3963521],[103.9015647,1.3963822],[103.9015408,1.3963966],[103.9015241,1.3963688],[103.9014481,1.3964144],[103.9015795,1.3966332],[103.9016736,1.3965767]]]}},{"type":"Feature","id":"way/302094488-0","properties":{"amenity":"parking","building":"yes","name":"299 MSCP","parking":"multi-storey","source":"Bing","wheelchair":"yes"},"geometry":{"type":"Polygon","coordinates":[[[103.9017864,1.3969811],[103.9023436,1.3966397],[103.9021748,1.3963645],[103.9016176,1.396706],[103.9017864,1.3969811]]]}},{"type":"Feature","id":"way/302094630-0","properties":{"addr:street":"Compassvale Street","building":"yes","building:levels":"17","name":"299B","source":"Bing"},"geometry":{"type":"Polygon","coordinates":[[[103.9010737,1.3967731],[103.9011007,1.3967624],[103.9011126,1.3967922],[103.9010665,1.3968104],[103.9010866,1.396861],[103.9011497,1.396836],[103.9011814,1.3969162],[103.9011133,1.3969432],[103.9011347,1.396997],[103.9011827,1.3969779],[103.9011956,1.3970104],[103.9011387,1.3970329],[103.901161,1.3970892],[103.9012219,1.397065],[103.9012378,1.3971051],[103.9011951,1.3971221],[103.90124,1.3972355],[103.9013209,1.3972035],[103.9012962,1.3971412],[103.9013414,1.3971233],[103.9013708,1.3971975],[103.9014217,1.3971773],[103.9013946,1.3971088],[103.9014535,1.3970854],[103.9014797,1.3971515],[103.9015365,1.397129],[103.9015078,1.3970566],[103.9015385,1.3970444],[103.9015663,1.3971145],[103.9016179,1.3970941],[103.9015875,1.3970173],[103.9016458,1.3969942],[103.9016321,1.3969596],[103.9015785,1.3969808],[103.9015693,1.3969576],[103.9016236,1.3969361],[103.9016068,1.3968937],[103.9015551,1.3969142],[103.901536,1.396866],[103.9014805,1.396888],[103.9014983,1.3969329],[103.9014526,1.3969511],[103.9014748,1.3970073],[103.9013629,1.3970516],[103.9013466,1.3970104],[103.9012887,1.3970334],[103.9011798,1.3967589],[103.9012233,1.3967417],[103.901267,1.3968521],[103.9013313,1.3968266],[103.9013228,1.3968051],[103.9013692,1.3967867],[103.9013478,1.3967328],[103.9013127,1.3967467],[103.9012871,1.396682],[103.9013263,1.3966665],[103.9013005,1.3966012],[103.9010456,1.3967022],[103.9010737,1.3967731]]]}},{"type":"Feature","id":"way/397459010-0","properties":{"addr:city":"Singapore","addr:country":"SG","addr:housenumber":"207A","addr:neighbourhood":"Punggol Sails","addr:postcode":"821207","addr:street":"Punggol Place","building":"residential","building:levels":"16","residential":"HDB","source":"Mapbox"},"geometry":{"type":"Polygon","coordinates":[[[103.9008809,1.4003111],[103.900881,1.4003454],[103.9008619,1.4003454],[103.900862,1.4003601],[103.9008474,1.4003601],[103.9008474,1.4004052],[103.9008738,1.4004052],[103.9008738,1.4004141],[103.9009624,1.400414],[103.9009624,1.400396],[103.9009766,1.400396],[103.900983,1.4003888],[103.9009846,1.4003594],[103.9010038,1.4003762],[103.9009797,1.4004038],[103.9010183,1.4004376],[103.901034,1.4004196],[103.9010391,1.4004241],[103.9010479,1.4004141],[103.9010665,1.4004304],[103.9010665,1.4004434],[103.9010098,1.4004433],[103.9010098,1.4004671],[103.9009817,1.4004671],[103.9009817,1.4004824],[103.9009543,1.4004824],[103.9009542,1.4005337],[103.9011678,1.4005338],[103.9011678,1.4005222],[103.9011973,1.4005223],[103.9011974,1.4004797],[103.901183,1.4004797],[103.901183,1.4004636],[103.9011627,1.4004636],[103.9011628,1.4004274],[103.901182,1.4004275],[103.901182,1.400412],[103.9011962,1.4004121],[103.9011963,1.400369],[103.9011686,1.4003689],[103.9011687,1.4003591],[103.9010803,1.4003588],[103.9010802,1.4003868],[103.9010625,1.4003708],[103.9010784,1.4003531],[103.9010467,1.4003245],[103.9010146,1.4003602],[103.9009824,1.4003312],[103.9010363,1.4003309],[103.9010362,1.4003125],[103.9010547,1.4003124],[103.9010546,1.4002943],[103.9010729,1.4002942],[103.9010727,1.4002507],[103.9010451,1.4002508],[103.9010451,1.4002425],[103.9009625,1.4002429],[103.9009625,1.4002376],[103.9008536,1.400238],[103.9008536,1.4002421],[103.900829,1.4002428],[103.900829,1.4002941],[103.9008516,1.4002949],[103.9008516,1.4003112],[103.9008809,1.4003111]]]}},{"type":"Feature","id":"way/397459011-0","properties":{"addr:city":"Singapore","addr:country":"SG","addr:housenumber":"207B","addr:neighbourhood":"Punggol Sails","addr:postcode":"822207","addr:street":"Punggol Place","building":"residential","building:levels":"16","residential":"HDB","source":"Mapbox"},"geometry":{"type":"Polygon","coordinates":[[[103.9008085,1.400308],[103.9008085,1.4002942],[103.900829,1.4002941],[103.900829,1.4002428],[103.9008082,1.4002428],[103.9008081,1.4002369],[103.9006997,1.400237],[103.9006997,1.400243],[103.900622,1.4002431],[103.900622,1.4002527],[103.9005937,1.4002527],[103.9005937,1.4002933],[103.900607,1.4002933],[103.900607,1.4003089],[103.9006268,1.4003089],[103.9006268,1.4003303],[103.9006806,1.4003303],[103.9006498,1.4003585],[103.9006171,1.4003228],[103.9005834,1.4003537],[103.9005995,1.4003711],[103.9005822,1.400387],[103.9005822,1.4003555],[103.9004772,1.4003555],[103.9004772,1.4003602],[103.9004481,1.4003602],[103.900448,1.4004098],[103.9004742,1.4004098],[103.9004742,1.4004265],[103.9005015,1.4004265],[103.9005015,1.4004463],[103.9005015,1.4004631],[103.9004806,1.4004631],[103.9004806,1.4004773],[103.9004659,1.4004773],[103.9004658,1.400522],[103.9004936,1.400522],[103.9004936,1.4005334],[103.9005586,1.4005335],[103.9007102,1.4005335],[103.9007103,1.4004828],[103.9006814,1.4004828],[103.9006814,1.4004677],[103.9006547,1.4004677],[103.9006547,1.4004435],[103.9005976,1.4004434],[103.9005976,1.400432],[103.9006163,1.4004153],[103.9006253,1.4004254],[103.9006305,1.4004207],[103.9006457,1.4004377],[103.9006826,1.4004046],[103.9006582,1.4003774],[103.9006787,1.400359],[103.900679,1.4003886],[103.9006854,1.4003959],[103.9006997,1.4003959],[103.9006997,1.4004119],[103.9007851,1.4004118],[103.9007851,1.4004033],[103.9008138,1.4004033],[103.9008138,1.4003634],[103.9007985,1.4003634],[103.9007985,1.4003487],[103.9007835,1.4003487],[103.9007835,1.400308],[103.9008085,1.400308]]]}},{"type":"Feature","id":"way/397459019-0","properties":{"addr:city":"Singapore","addr:country":"SG","addr:housenumber":"207","addr:neighbourhood":"Punggol Sails","addr:postcode":"820207","addr:street":"Punggol Place","amenity":"parking","building":"yes","building:levels":"4","parking":"multi-storey","source":"Mapbox"},"geometry":{"type":"Polygon","coordinates":[[[103.9007997,1.4008579],[103.9007997,1.4009141],[103.9007997,1.4009776],[103.9007996,1.401021],[103.9007996,1.4010356],[103.9010061,1.4010357],[103.9010649,1.4010357],[103.9010649,1.4010159],[103.9010649,1.4009764],[103.901065,1.4009092],[103.901065,1.4008664],[103.901065,1.4008388],[103.901218,1.4008389],[103.9012181,1.4006005],[103.9012182,1.4005338],[103.9011678,1.4005338],[103.9009542,1.4005337],[103.9007102,1.4005335],[103.9005586,1.4005335],[103.9005585,1.4006044],[103.9005584,1.4008344],[103.9007997,1.4008346],[103.9007997,1.4008579]]]}},{"type":"Feature","id":"way/397459035-0","properties":{"addr:city":"Singapore","addr:country":"SG","addr:housenumber":"209A","addr:neighbourhood":"Punggol Crest","addr:postcode":"821209","addr:street":"Punggol Place","building":"residential","building:levels":"16","residential":"HDB","source":"Mapbox"},"geometry":{"type":"Polygon","coordinates":[[[103.9007558,1.399724],[103.9007562,1.3997031],[103.9008208,1.3997049],[103.9008194,1.3996512],[103.9006288,1.3996504],[103.9006277,1.3997028],[103.9006496,1.3997032],[103.9006491,1.3997244],[103.900702,1.3997255],[103.9007018,1.3997351],[103.9006321,1.3998083],[103.9006332,1.3997549],[103.9003754,1.3997496],[103.9003747,1.3997839],[103.9004042,1.3997845],[103.9004037,1.3998057],[103.9004362,1.3998064],[103.9004357,1.3998304],[103.9004776,1.3998312],[103.9004749,1.3999668],[103.9006883,1.3999712],[103.9006901,1.3998839],[103.9006305,1.3998827],[103.9006311,1.3998555],[103.9007009,1.3997823],[103.9007002,1.3998129],[103.9008147,1.3998129],[103.9008173,1.3997593],[103.9007896,1.3997559],[103.90079,1.3997389],[103.9007752,1.3997386],[103.9007754,1.3997244],[103.9007558,1.399724]]]}},{"type":"Feature","id":"way/397459043-0","properties":{"addr:city":"Singapore","addr:country":"SG","addr:housenumber":"209B","addr:neighbourhood":"Punggol Crest","addr:postcode":"822209","addr:street":"Punggol Place","building":"residential","building:levels":"16","residential":"HDB","source":"Mapbox"},"geometry":{"type":"Polygon","coordinates":[[[103.9008586,1.399743],[103.9008438,1.3997428],[103.9008435,1.3997597],[103.9008173,1.3997593],[103.9008147,1.3998129],[103.9009265,1.3998174],[103.900927,1.3997869],[103.9009941,1.3998625],[103.9009936,1.3998897],[103.9009341,1.3998888],[103.9009327,1.399976],[103.9011462,1.3999794],[103.9011483,1.3998438],[103.9011903,1.3998445],[103.9011906,1.3998204],[103.9012231,1.3998209],[103.9012234,1.3997998],[103.9012529,1.3998002],[103.9012534,1.3997659],[103.9009957,1.3997619],[103.9009948,1.3998153],[103.9009277,1.3997396],[103.9009279,1.39973],[103.9009808,1.3997308],[103.9009811,1.3997096],[103.901003,1.39971],[103.9010038,1.3996576],[103.9008194,1.3996512],[103.9008208,1.3997049],[103.9008788,1.3997082],[103.9008785,1.3997291],[103.9008588,1.3997288],[103.9008586,1.399743]]]}},{"type":"Feature","id":"way/397459049-0","properties":{"addr:city":"Singapore","addr:country":"SG","addr:housenumber":"209C","addr:neighbourhood":"Punggol Crest","addr:postcode":"823209","addr:street":"Punggol Place","building":"residential","building:levels":"16","residential":"HDB","source":"Mapbox"},"geometry":{"type":"Polygon","coordinates":[[[103.9011947,1.3994207],[103.9011947,1.399322],[103.9011091,1.399322],[103.9011091,1.399248],[103.9009566,1.399248],[103.9009566,1.3993264],[103.9008927,1.3993264],[103.9008927,1.399277],[103.9009393,1.3992544],[103.9009215,1.3992178],[103.9008952,1.3991637],[103.9008043,1.3992079],[103.9008306,1.399262],[103.900778,1.3992875],[103.9007534,1.399237],[103.9006489,1.3992878],[103.900702,1.399397],[103.9008065,1.3993462],[103.9007958,1.3993241],[103.9008448,1.3993003],[103.9008448,1.3993264],[103.9008448,1.3994164],[103.9008927,1.3994164],[103.9010045,1.3994164],[103.9010045,1.399367],[103.9010336,1.399367],[103.9010336,1.3994207],[103.9011947,1.3994207]]]}},{"type":"Feature","id":"way/397459107-0","properties":{"addr:city":"Singapore","addr:country":"SG","addr:housenumber":"206A","addr:neighbourhood":"Punggol Crest","addr:postcode":"821206","addr:street":"Punggol Place","building":"residential","building:levels":"16","source":"Mapbox"},"geometry":{"type":"Polygon","coordinates":[[[103.9013977,1.3990991],[103.9014358,1.3991637],[103.9014035,1.3991828],[103.901447,1.3992566],[103.9014569,1.3992735],[103.9014893,1.3992544],[103.9015495,1.3993565],[103.9014406,1.3994206],[103.9015112,1.3995404],[103.9015546,1.3995148],[103.9015391,1.3994886],[103.9017694,1.3993529],[103.9017143,1.3992593],[103.9016158,1.3993174],[103.9014345,1.3990097],[103.9014811,1.3989823],[103.9015107,1.3990325],[103.9015708,1.3989971],[103.9015032,1.3988823],[103.9013321,1.3989831],[103.9013605,1.3990313],[103.9012887,1.3990736],[103.9012508,1.3990093],[103.901207,1.3990351],[103.9012841,1.399166],[103.9013977,1.3990991]]]}},{"type":"Feature","id":"way/564070919-0","properties":{"addr:city":"Singapore","addr:country":"SG","addr:housenumber":"209","addr:neighbourhood":"Punggol Crest","addr:postcode":"820209","addr:street":"Punggol Place","building":"yes"},"geometry":{"type":"Polygon","coordinates":[[[103.9009052,1.3989565],[103.9009112,1.3989762],[103.9009195,1.399002],[103.900938,1.399022],[103.9009599,1.399038],[103.900983,1.3990484],[103.9010101,1.3990485],[103.9010299,1.3990476],[103.9010519,1.3990317],[103.9010679,1.3990098],[103.901071,1.3989874],[103.9010684,1.398969],[103.9010601,1.3989432],[103.9010496,1.3989206],[103.9010277,1.3989046],[103.9009965,1.3988968],[103.9009694,1.3988967],[103.9009463,1.3988963],[103.9009297,1.3989088],[103.9009137,1.3989307],[103.9009052,1.3989565]]]}},{"type":"Feature","id":"way/738400028-0","properties":{"addr:city":"Singapore","addr:country":"SG","addr:housenumber":"204","addr:neighbourhood":"Punggol Clover","addr:postcode":"820204","addr:street":"Punggol Field","amenity":"parking","building":"parking","building:levels":"4","parking":"multi-storey","start_date":"2004"},"geometry":{"type":"Polygon","coordinates":[[[103.9035666,1.3983654],[103.9034835,1.3981921],[103.9033626,1.39825],[103.902605,1.3986129],[103.9026882,1.3987863],[103.9035666,1.3983654]]]}},{"type":"Feature","id":"way/738400029-0","properties":{"addr:city":"Singapore","addr:country":"SG","addr:housenumber":"203","addr:neighbourhood":"Punggol Clover","addr:postcode":"820203","addr:street":"Punggol Field","building":"yes","building:levels":"1","start_date":"2005"},"geometry":{"type":"Polygon","coordinates":[[[103.9039732,1.3989959],[103.9039178,1.3988866],[103.9037424,1.3989754],[103.9037977,1.3990847],[103.9039732,1.3989959]]]}},{"type":"Feature","id":"way/738400030-0","properties":{"addr:city":"Singapore","addr:country":"SG","addr:housenumber":"200","addr:neighbourhood":"Punggol Clover","addr:postcode":"820200","addr:street":"Punggol Field","building":"yes","building:levels":"1","start_date":"2005"},"geometry":{"type":"Polygon","coordinates":[[[103.90319,1.3992985],[103.9031342,1.3991848],[103.9029542,1.3992732],[103.90301,1.3993868],[103.90319,1.3992985]]]}},{"type":"Feature","id":"way/888818848-0","properties":{"addr:city":"Singapore","addr:country":"SG","addr:housenumber":"103","addr:neighbourhood":"Punggol Cove","addr:postcode":"820103","addr:street":"Edgefield Plains","building":"public","building:levels":"1","start_date":"2001"},"geometry":{"type":"Polygon","coordinates":[[[103.9049427,1.3975099],[103.9048016,1.397314],[103.9046937,1.3973918],[103.9048348,1.3975876],[103.9049427,1.3975099]]]}},{"type":"Feature","id":"way/979722421-0","properties":{"addr:city":"Singapore","addr:housenumber":"37","addr:neighbourhood":"Prive","addr:postcode":"828809","addr:street":"Punggol Field","building":"residential","building:levels":"17","residential":"condominium"},"geometry":{"type":"Polygon","coordinates":[[[103.9050416,1.4007832],[103.9050491,1.4007091],[103.9049559,1.4006998],[103.9049603,1.4006562],[103.905002,1.4006604],[103.9050053,1.4006277],[103.9050291,1.4006301],[103.905035,1.4005713],[103.9048304,1.4005508],[103.9048254,1.400601],[103.9048633,1.4006048],[103.9048606,1.4006318],[103.9049011,1.4006358],[103.9048962,1.4006853],[103.9048431,1.40068],[103.9048411,1.4007002],[103.9048117,1.4006972],[103.9047762,1.4006979],[103.9047759,1.4006753],[103.9047277,1.400676],[103.9047271,1.400632],[103.9047609,1.4006315],[103.9047604,1.4005995],[103.904802,1.4005989],[103.9048013,1.4005516],[103.9045812,1.4005547],[103.904582,1.4006095],[103.90462,1.400609],[103.9046203,1.4006363],[103.9046604,1.4006358],[103.904661,1.4006801],[103.9046217,1.4006806],[103.904622,1.400703],[103.9045795,1.4007036],[103.9045416,1.4007128],[103.9045367,1.4006927],[103.9045003,1.4007017],[103.904489,1.4006556],[103.9045201,1.400648],[103.9045133,1.4006203],[103.904558,1.4006093],[103.9045451,1.4005567],[103.9043469,1.4006054],[103.904359,1.4006542],[103.904376,1.4006501],[103.9043819,1.4006742],[103.9044199,1.4006649],[103.9044329,1.4007179],[103.904338,1.4007412],[103.9043562,1.4008152],[103.9045837,1.4007593],[103.9048045,1.4007594],[103.9050416,1.4007832]]]}},{"type":"Feature","id":"way/32776686-0-0-0","properties":{"bridge":"yes","highway":"secondary","lanes":"3","layer":"1","maxspeed":"60","name":"Punggol Road","name:en":"Punggol Road","name:zh":"\u699c\u9e45\u8def","oneway":"yes","shoulder":"no","sidewalk:left":"separate","sidewalk:right":"no","surface":"asphalt"},"geometry":{"type":"LineString","coordinates":[[103.9033475,1.3965386],[103.9033995,1.3966378]]}},{"type":"Feature","id":"way/32776743-0-0-0","properties":{"bridge":"yes","foot":"no","highway":"secondary","lanes":"3","layer":"1","maxspeed":"60","name":"Punggol Road","name:en":"Punggol Road","name:zh":"\u699c\u9e45\u8def","oneway":"yes","shoulder":"no","sidewalk:left":"separate","sidewalk:right":"no","surface":"asphalt","turn:lanes":"through|through;right|right"},"geometry":{"type":"LineString","coordinates":[[103.903827,1.397235],[103.9037356,1.39706]]}},{"type":"Feature","id":"way/32776914-0-0-0","properties":{"destination":"Sengkang East Road;Punggol Way","highway":"motorway_link","lanes":"1","maxspeed":"50","oneway":"yes","sidewalk":"no","surface":"asphalt"},"geometry":{"type":"LineString","coordinates":[[103.9025279,1.3973962],[103.902477,1.3973896]]}},{"type":"Feature","id":"way/32776914-0-1-0","properties":{"destination":"Sengkang East Road;Punggol Way","highway":"motorway_link","lanes":"1","maxspeed":"50","oneway":"yes","sidewalk":"no","surface":"asphalt"},"geometry":{"type":"LineString","coordinates":[[103.902477,1.3973896],[103.9024576,1.3973912]]}},{"type":"Feature","id":"way/32776914-0-2-0","properties":{"destination":"Sengkang East Road;Punggol Way","highway":"motorway_link","lanes":"1","maxspeed":"50","oneway":"yes","sidewalk":"no","surface":"asphalt"},"geometry":{"type":"LineString","coordinates":[[103.9024576,1.3973912],[103.9024438,1.3973949]]}},{"type":"Feature","id":"way/32776914-0-3-0","properties":{"destination":"Sengkang East Road;Punggol Way","highway":"motorway_link","lanes":"1","maxspeed":"50","oneway":"yes","sidewalk":"no","surface":"asphalt"},"geometry":{"type":"LineString","coordinates":[[103.9024438,1.3973949],[103.902348,1.3974361]]}},{"type":"Feature","id":"way/32776914-0-4-0","properties":{"destination":"Sengkang East Road;Punggol Way","highway":"motorway_link","lanes":"1","maxspeed":"50","oneway":"yes","sidewalk":"no","surface":"asphalt"},"geometry":{"type":"LineString","coordinates":[[103.902348,1.3974361],[103.9023287,1.3974426]]}},{"type":"Feature","id":"way/32776914-0-5-0","properties":{"destination":"Sengkang East Road;Punggol Way","highway":"motorway_link","lanes":"1","maxspeed":"50","oneway":"yes","sidewalk":"no","surface":"asphalt"},"geometry":{"type":"LineString","coordinates":[[103.9023287,1.3974426],[103.9023047,1.3974552]]}},{"type":"Feature","id":"way/32776914-0-6-0","properties":{"destination":"Sengkang East Road;Punggol Way","highway":"motorway_link","lanes":"1","maxspeed":"50","oneway":"yes","sidewalk":"no","surface":"asphalt"},"geometry":{"type":"LineString","coordinates":[[103.9023047,1.3974552],[103.9022861,1.397462]]}},{"type":"Feature","id":"way/32776914-0-7-0","properties":{"destination":"Sengkang East Road;Punggol Way","highway":"motorway_link","lanes":"1","maxspeed":"50","oneway":"yes","sidewalk":"no","surface":"asphalt"},"geometry":{"type":"LineString","coordinates":[[103.9022861,1.397462],[103.9021835,1.3975088]]}},{"type":"Feature","id":"way/32776914-0-8-0","properties":{"destination":"Sengkang East Road;Punggol Way","highway":"motorway_link","lanes":"1","maxspeed":"50","oneway":"yes","sidewalk":"no","surface":"asphalt"},"geometry":{"type":"LineString","coordinates":[[103.9021835,1.3975088],[103.9011039,1.3979604]]}},{"type":"Feature","id":"way/32776914-0-9-0","properties":{"destination":"Sengkang East Road;Punggol Way","highway":"motorway_link","lanes":"1","maxspeed":"50","oneway":"yes","sidewalk":"no","surface":"asphalt"},"geometry":{"type":"LineString","coordinates":[[103.9011039,1.3979604],[103.9007885,1.3980693]]}},{"type":"Feature","id":"way/32788304-0-1-0","properties":{"destination:ref":"TPE","destination:ref:to":"PIE","highway":"motorway_link","lanes":"1","lit":"yes","maxspeed":"50","oneway":"yes","sidewalk":"no","surface":"asphalt"},"geometry":{"type":"LineString","coordinates":[[103.9004904,1.3988755],[103.9013951,1.3983433]]}},{"type":"Feature","id":"way/32788304-0-2-0","properties":{"destination:ref":"TPE","destination:ref:to":"PIE","highway":"motorway_link","lanes":"1","lit":"yes","maxspeed":"50","oneway":"yes","sidewalk":"no","surface":"asphalt"},"geometry":{"type":"LineString","coordinates":[[103.9013951,1.3983433],[103.9017605,1.3980875]]}},{"type":"Feature","id":"way/32788304-0-3-0","properties":{"destination:ref":"TPE","destination:ref:to":"PIE","highway":"motorway_link","lanes":"1","lit":"yes","maxspeed":"50","oneway":"yes","sidewalk":"no","surface":"asphalt"},"geometry":{"type":"LineString","coordinates":[[103.9017605,1.3980875],[103.9024351,1.3976914]]}},{"type":"Feature","id":"way/33176416-0-0-0","properties":{"foot":"no","highway":"secondary","lanes":"2","lit":"yes","maxspeed":"60","name":"Punggol Road","name:en":"Punggol Road","name:zh":"\u699c\u9e45\u8def","oneway":"yes","shoulder":"no","sidewalk:left":"separate","sidewalk:right":"no","surface":"asphalt"},"geometry":{"type":"LineString","coordinates":[[103.9034385,1.3964837],[103.9033987,1.3964133]]}},{"type":"Feature","id":"way/35091541-0-0-0","properties":{"highway":"secondary","lanes":"3","lit":"yes","maxheight":"4.5","maxspeed":"60","name":"Punggol Road","name:en":"Punggol Road","name:zh":"\u699c\u9e45\u8def","oneway":"yes","sidewalk:left":"separate","sidewalk:right":"no","surface":"asphalt"},"geometry":{"type":"LineString","coordinates":[[103.9040473,1.3979103],[103.9043652,1.3985837]]}},{"type":"Feature","id":"way/35091541-0-1-0","properties":{"highway":"secondary","lanes":"3","lit":"yes","maxheight":"4.5","maxspeed":"60","name":"Punggol Road","name:en":"Punggol Road","name:zh":"\u699c\u9e45\u8def","oneway":"yes","sidewalk:left":"separate","sidewalk:right":"no","surface":"asphalt"},"geometry":{"type":"LineString","coordinates":[[103.9043652,1.3985837],[103.9045152,1.3988851]]}},{"type":"Feature","id":"way/35091916-0-0-0","properties":{"highway":"residential","lanes":"1","maxspeed":"40","name":"Punggol Place","oneway":"yes","sidewalk:left":"separate","sidewalk:right":"no","surface":"asphalt"},"geometry":{"type":"LineString","coordinates":[[103.9025635,1.3990547],[103.9025423,1.398991]]}},{"type":"Feature","id":"way/35091916-0-1-0","properties":{"highway":"residential","lanes":"1","maxspeed":"40","name":"Punggol Place","oneway":"yes","sidewalk:left":"separate","sidewalk:right":"no","surface":"asphalt"},"geometry":{"type":"LineString","coordinates":[[103.9025423,1.398991],[103.9024887,1.398959]]}},{"type":"Feature","id":"way/35091916-0-2-0","properties":{"highway":"residential","lanes":"1","maxspeed":"40","name":"Punggol Place","oneway":"yes","sidewalk:left":"separate","sidewalk:right":"no","surface":"asphalt"},"geometry":{"type":"LineString","coordinates":[[103.9024887,1.398959],[103.9024346,1.3989616]]}},{"type":"Feature","id":"way/35091916-0-3-0","properties":{"highway":"residential","lanes":"1","maxspeed":"40","name":"Punggol Place","oneway":"yes","sidewalk:left":"separate","sidewalk:right":"no","surface":"asphalt"},"geometry":{"type":"LineString","coordinates":[[103.9024346,1.3989616],[103.9023824,1.3989958]]}},{"type":"Feature","id":"way/35091916-0-4-0","properties":{"highway":"residential","lanes":"1","maxspeed":"40","name":"Punggol Place","oneway":"yes","sidewalk:left":"separate","sidewalk:right":"no","surface":"asphalt"},"geometry":{"type":"LineString","coordinates":[[103.9023824,1.3989958],[103.9023587,1.3990695]]}},{"type":"Feature","id":"way/35091916-0-5-0","properties":{"highway":"residential","lanes":"1","maxspeed":"40","name":"Punggol Place","oneway":"yes","sidewalk:left":"separate","sidewalk:right":"no","surface":"asphalt"},"geometry":{"type":"LineString","coordinates":[[103.9023587,1.3990695],[103.9023451,1.3991535]]}},{"type":"Feature","id":"way/35091916-0-6-0","properties":{"highway":"residential","lanes":"1","maxspeed":"40","name":"Punggol Place","oneway":"yes","sidewalk:left":"separate","sidewalk:right":"no","surface":"asphalt"},"geometry":{"type":"LineString","coordinates":[[103.9023451,1.3991535],[103.9023044,1.3992664]]}},{"type":"Feature","id":"way/35092337-0-0-0","properties":{"highway":"residential","lanes":"2","lanes:backward":"1","lanes:forward":"1","maxspeed":"40","name":"Punggol Place","sidewalk:both":"separate","surface":"asphalt","turn:lanes:backward":"through;right"},"geometry":{"type":"LineString","coordinates":[[103.9013922,1.3998771],[103.9013647,1.3999325]]}},{"type":"Feature","id":"way/35092337-0-1-0","properties":{"highway":"residential","lanes":"2","lanes:backward":"1","lanes:forward":"1","maxspeed":"40","name":"Punggol Place","sidewalk:both":"separate","surface":"asphalt","turn:lanes:backward":"through;right"},"geometry":{"type":"LineString","coordinates":[[103.9013647,1.3999325],[103.9013453,1.3999887]]}},{"type":"Feature","id":"way/35092337-0-2-0","properties":{"highway":"residential","lanes":"2","lanes:backward":"1","lanes:forward":"1","maxspeed":"40","name":"Punggol Place","sidewalk:both":"separate","surface":"asphalt","turn:lanes:backward":"through;right"},"geometry":{"type":"LineString","coordinates":[[103.9013453,1.3999887],[103.9013298,1.4000635]]}},{"type":"Feature","id":"way/35092337-0-3-0","properties":{"highway":"residential","lanes":"2","lanes:backward":"1","lanes:forward":"1","maxspeed":"40","name":"Punggol Place","sidewalk:both":"separate","surface":"asphalt","turn:lanes:backward":"through;right"},"geometry":{"type":"LineString","coordinates":[[103.9013298,1.4000635],[103.9013227,1.400141]]}},{"type":"Feature","id":"way/74477404-0-0-0","properties":{"highway":"secondary","lanes":"3","lit":"yes","maxheight":"4.5","maxspeed":"60","name":"Punggol Road","name:en":"Punggol Road","name:zh":"\u699c\u9e45\u8def","oneway":"yes","sidewalk:left":"separate","sidewalk:right":"no","surface":"asphalt"},"geometry":{"type":"LineString","coordinates":[[103.9049717,1.3995537],[103.9046416,1.3988584]]}},{"type":"Feature","id":"way/74477404-0-1-0","properties":{"highway":"secondary","lanes":"3","lit":"yes","maxheight":"4.5","maxspeed":"60","name":"Punggol Road","name:en":"Punggol Road","name:zh":"\u699c\u9e45\u8def","oneway":"yes","sidewalk:left":"separate","sidewalk:right":"no","surface":"asphalt"},"geometry":{"type":"LineString","coordinates":[[103.9046416,1.3988584],[103.9044522,1.3984454]]}},{"type":"Feature","id":"way/74549046-0-0-0","properties":{"destination":"Tampines Expressway","destination:ref":"TPE","highway":"motorway_link","lanes":"2","maxspeed":"50","oneway":"yes","sidewalk:left":"separate","sidewalk:right":"no","surface":"asphalt"},"geometry":{"type":"LineString","coordinates":[[103.903827,1.397235],[103.903889,1.3971932]]}},{"type":"Feature","id":"way/74549046-0-1-0","properties":{"destination":"Tampines Expressway","destination:ref":"TPE","highway":"motorway_link","lanes":"2","maxspeed":"50","oneway":"yes","sidewalk:left":"separate","sidewalk:right":"no","surface":"asphalt"},"geometry":{"type":"LineString","coordinates":[[103.903889,1.3971932],[103.9042112,1.3969641]]}},{"type":"Feature","id":"way/74549053-0-1-0","properties":{"highway":"motorway","lanes":"3","lit":"yes","maxheight":"4.5","maxspeed":"90","name":"Tampines Expressway","name:ms":"Lebuhraya Tampines","name:ta":"\u0ba4\u0bc6\u0bae\u0bcd\u0baa\u0bbf\u0ba9\u0bc0\u0bb8\u0bcd \u0bb5\u0bbf\u0bb0\u0bc8\u0bb5\u0bc1\u0b9a\u0bcd\u0b9a\u0bbe\u0bb2\u0bc8","name:zh":"\u6de1\u6ee8\u5c3c\u9ad8\u901f\u516c\u8def","oneway":"yes","ref":"TPE","short_name:ta":"\u0b9f\u0bbf\u0baa\u0bbf\u0b87","surface":"asphalt","wikidata":"Q1164571","wikipedia":"en:Tampines Expressway"},"geometry":{"type":"LineString","coordinates":[[103.9046574,1.3960907],[103.9039358,1.3965952]]}},{"type":"Feature","id":"way/74549053-0-2-0","properties":{"highway":"motorway","lanes":"3","lit":"yes","maxheight":"4.5","maxspeed":"90","name":"Tampines Expressway","name:ms":"Lebuhraya Tampines","name:ta":"\u0ba4\u0bc6\u0bae\u0bcd\u0baa\u0bbf\u0ba9\u0bc0\u0bb8\u0bcd \u0bb5\u0bbf\u0bb0\u0bc8\u0bb5\u0bc1\u0b9a\u0bcd\u0b9a\u0bbe\u0bb2\u0bc8","name:zh":"\u6de1\u6ee8\u5c3c\u9ad8\u901f\u516c\u8def","oneway":"yes","ref":"TPE","short_name:ta":"\u0b9f\u0bbf\u0baa\u0bbf\u0b87","surface":"asphalt","wikidata":"Q1164571","wikipedia":"en:Tampines Expressway"},"geometry":{"type":"LineString","coordinates":[[103.9039358,1.3965952],[103.9032182,1.3970147]]}},{"type":"Feature","id":"way/74549055-0-0-0","properties":{"highway":"motorway_link","lanes":"2","maxspeed":"50","oneway":"yes","sidewalk":"left","surface":"asphalt"},"geometry":{"type":"LineString","coordinates":[[103.9033475,1.3965386],[103.9032687,1.3965885]]}},{"type":"Feature","id":"way/74549055-0-1-0","properties":{"highway":"motorway_link","lanes":"2","maxspeed":"50","oneway":"yes","sidewalk":"left","surface":"asphalt"},"geometry":{"type":"LineString","coordinates":[[103.9032687,1.3965885],[103.9029184,1.39681]]}},{"type":"Feature","id":"way/74584466-0-1-0","properties":{"check_date:lit":"2022-08-22","destination":"Punggol Road;Punggol Town","highway":"motorway_link","lanes":"2","lit":"yes","maxspeed":"50","oneway":"yes","sidewalk":"left","surface":"asphalt","turn:lanes":"through;right|right"},"geometry":{"type":"LineString","coordinates":[[103.9038377,1.3962275],[103.903496,1.3964491]]}},{"type":"Feature","id":"way/74584466-0-2-0","properties":{"check_date:lit":"2022-08-22","destination":"Punggol Road;Punggol Town","highway":"motorway_link","lanes":"2","lit":"yes","maxspeed":"50","oneway":"yes","sidewalk":"left","surface":"asphalt","turn:lanes":"through;right|right"},"geometry":{"type":"LineString","coordinates":[[103.903496,1.3964491],[103.9034385,1.3964837]]}},{"type":"Feature","id":"way/74584467-0-0-0","properties":{"foot":"yes","highway":"motorway_link","lanes":"2","maxspeed":"50","oneway":"yes","sidewalk":"no","surface":"asphalt","turn:lanes":"through;right|right"},"geometry":{"type":"LineString","coordinates":[[103.9037373,1.3972956],[103.903827,1.397235]]}},{"type":"Feature","id":"way/166721998-0-0-0","properties":{"bridge":"yes","highway":"secondary","lanes":"3","layer":"1","maxspeed":"60","name":"Punggol Road","name:en":"Punggol Road","name:zh":"\u699c\u9e45\u8def","oneway":"yes","shoulder":"no","sidewalk:left":"separate","sidewalk:right":"no","surface":"asphalt","turn:lanes":"through|through;right|right"},"geometry":{"type":"LineString","coordinates":[[103.9033995,1.3966378],[103.9036491,1.3971141]]}},{"type":"Feature","id":"way/166721999-0-0-0","properties":{"bridge":"yes","highway":"secondary","lanes":"3","layer":"1","maxspeed":"60","name":"Punggol Road","name:en":"Punggol Road","name:zh":"\u699c\u9e45\u8def","oneway":"yes","shoulder":"no","sidewalk:left":"separate","sidewalk:right":"no","surface":"asphalt","turn:lanes":"through|through;right|right"},"geometry":{"type":"LineString","coordinates":[[103.9037356,1.39706],[103.9036968,1.3969854]]}},{"type":"Feature","id":"way/166721999-0-1-0","properties":{"bridge":"yes","highway":"secondary","lanes":"3","layer":"1","maxspeed":"60","name":"Punggol Road","name:en":"Punggol Road","name:zh":"\u699c\u9e45\u8def","oneway":"yes","shoulder":"no","sidewalk:left":"separate","sidewalk:right":"no","surface":"asphalt","turn:lanes":"through|through;right|right"},"geometry":{"type":"LineString","coordinates":[[103.9036968,1.3969854],[103.9034905,1.3965845]]}},{"type":"Feature","id":"way/166722000-0-0-0","properties":{"bridge":"yes","foot":"no","highway":"secondary","lanes":"3","layer":"1","maxspeed":"60","name":"Punggol Road","name:en":"Punggol Road","name:zh":"\u699c\u9e45\u8def","oneway":"yes","shoulder":"no","sidewalk:left":"separate","sidewalk:right":"no","surface":"asphalt","turn:lanes":"through|through;right|right"},"geometry":{"type":"LineString","coordinates":[[103.9036491,1.3971141],[103.9037373,1.3972956]]}},{"type":"Feature","id":"way/166722001-0-0-0","properties":{"bridge":"yes","highway":"secondary","lanes":"3","layer":"1","maxspeed":"60","name":"Punggol Road","name:en":"Punggol Road","name:zh":"\u699c\u9e45\u8def","oneway":"yes","shoulder":"no","sidewalk:left":"separate","sidewalk:right":"no","surface":"asphalt","turn:lanes":"through|through;right|right"},"geometry":{"type":"LineString","coordinates":[[103.9034905,1.3965845],[103.9034385,1.3964837]]}},{"type":"Feature","id":"way/166722002-0-0-0","properties":{"destination":"Punggol Road;Punggol Town","highway":"motorway_link","lanes":"2","lit":"yes","maxspeed":"50","oneway":"yes","sidewalk":"both","surface":"asphalt"},"geometry":{"type":"LineString","coordinates":[[103.9032391,1.3975681],[103.9034026,1.3975555]]}},{"type":"Feature","id":"way/166722002-0-1-0","properties":{"destination":"Punggol Road;Punggol Town","highway":"motorway_link","lanes":"2","lit":"yes","maxspeed":"50","oneway":"yes","sidewalk":"both","surface":"asphalt"},"geometry":{"type":"LineString","coordinates":[[103.9034026,1.3975555],[103.9034842,1.3975546]]}},{"type":"Feature","id":"way/166722002-0-2-0","properties":{"destination":"Punggol Road;Punggol Town","highway":"motorway_link","lanes":"2","lit":"yes","maxspeed":"50","oneway":"yes","sidewalk":"both","surface":"asphalt"},"geometry":{"type":"LineString","coordinates":[[103.9034842,1.3975546],[103.9035598,1.3975625]]}},{"type":"Feature","id":"way/166722002-0-3-0","properties":{"destination":"Punggol Road;Punggol Town","highway":"motorway_link","lanes":"2","lit":"yes","maxspeed":"50","oneway":"yes","sidewalk":"both","surface":"asphalt"},"geometry":{"type":"LineString","coordinates":[[103.9035598,1.3975625],[103.9036135,1.3975746]]}},{"type":"Feature","id":"way/166722002-0-4-0","properties":{"destination":"Punggol Road;Punggol Town","highway":"motorway_link","lanes":"2","lit":"yes","maxspeed":"50","oneway":"yes","sidewalk":"both","surface":"asphalt"},"geometry":{"type":"LineString","coordinates":[[103.9036135,1.3975746],[103.9037045,1.3976085]]}},{"type":"Feature","id":"way/166722002-0-5-0","properties":{"destination":"Punggol Road;Punggol Town","highway":"motorway_link","lanes":"2","lit":"yes","maxspeed":"50","oneway":"yes","sidewalk":"both","surface":"asphalt"},"geometry":{"type":"LineString","coordinates":[[103.9037045,1.3976085],[103.9037898,1.3976589]]}},{"type":"Feature","id":"way/166722002-0-6-0","properties":{"destination":"Punggol Road;Punggol Town","highway":"motorway_link","lanes":"2","lit":"yes","maxspeed":"50","oneway":"yes","sidewalk":"both","surface":"asphalt"},"geometry":{"type":"LineString","coordinates":[[103.9037898,1.3976589],[103.9038757,1.3977389]]}},{"type":"Feature","id":"way/166722002-0-7-0","properties":{"destination":"Punggol Road;Punggol Town","highway":"motorway_link","lanes":"2","lit":"yes","maxspeed":"50","oneway":"yes","sidewalk":"both","surface":"asphalt"},"geometry":{"type":"LineString","coordinates":[[103.9038757,1.3977389],[103.9040473,1.3979103]]}},{"type":"Feature","id":"way/166722003-0-0-0","properties":{"destination:ref":"TPE","highway":"motorway_link","lanes":"2","maxspeed":"50","oneway":"yes","sidewalk:both":"separate","surface":"asphalt","turn:lanes":"left|left"},"geometry":{"type":"LineString","coordinates":[[103.9041011,1.3977284],[103.9040748,1.3975609]]}},{"type":"Feature","id":"way/166722003-0-1-0","properties":{"destination:ref":"TPE","highway":"motorway_link","lanes":"2","maxspeed":"50","oneway":"yes","sidewalk:both":"separate","surface":"asphalt","turn:lanes":"left|left"},"geometry":{"type":"LineString","coordinates":[[103.9040748,1.3975609],[103.9040403,1.3974097]]}},{"type":"Feature","id":"way/166722003-0-2-0","properties":{"destination:ref":"TPE","highway":"motorway_link","lanes":"2","maxspeed":"50","oneway":"yes","sidewalk:both":"separate","surface":"asphalt","turn:lanes":"left|left"},"geometry":{"type":"LineString","coordinates":[[103.9040403,1.3974097],[103.9040419,1.3973301]]}},{"type":"Feature","id":"way/166722003-0-3-0","properties":{"destination:ref":"TPE","highway":"motorway_link","lanes":"2","maxspeed":"50","oneway":"yes","sidewalk:both":"separate","surface":"asphalt","turn:lanes":"left|left"},"geometry":{"type":"LineString","coordinates":[[103.9040419,1.3973301],[103.9040578,1.3972539]]}},{"type":"Feature","id":"way/166722003-0-4-0","properties":{"destination:ref":"TPE","highway":"motorway_link","lanes":"2","maxspeed":"50","oneway":"yes","sidewalk:both":"separate","surface":"asphalt","turn:lanes":"left|left"},"geometry":{"type":"LineString","coordinates":[[103.9040578,1.3972539],[103.904107,1.3971487]]}},{"type":"Feature","id":"way/166722003-0-5-0","properties":{"destination:ref":"TPE","highway":"motorway_link","lanes":"2","maxspeed":"50","oneway":"yes","sidewalk:both":"separate","surface":"asphalt","turn:lanes":"left|left"},"geometry":{"type":"LineString","coordinates":[[103.904107,1.3971487],[103.9041423,1.397079]]}},{"type":"Feature","id":"way/166722003-0-6-0","properties":{"destination:ref":"TPE","highway":"motorway_link","lanes":"2","maxspeed":"50","oneway":"yes","sidewalk:both":"separate","surface":"asphalt","turn:lanes":"left|left"},"geometry":{"type":"LineString","coordinates":[[103.9041423,1.397079],[103.9041667,1.3970303]]}},{"type":"Feature","id":"way/166722003-0-7-0","properties":{"destination:ref":"TPE","highway":"motorway_link","lanes":"2","maxspeed":"50","oneway":"yes","sidewalk:both":"separate","surface":"asphalt","turn:lanes":"left|left"},"geometry":{"type":"LineString","coordinates":[[103.9041667,1.3970303],[103.9042112,1.3969641]]}},{"type":"Feature","id":"way/166722004-0-2-0","properties":{"destination:ref":"TPE","destination:ref:to":"CTE;SLE","destination:street":"Jalan Kayu","highway":"motorway_link","lanes":"2","maxspeed":"50","oneway":"yes","sidewalk":"both","surface":"asphalt"},"geometry":{"type":"LineString","coordinates":[[103.9031026,1.3962839],[103.9031014,1.3963712]]}},{"type":"Feature","id":"way/166722004-0-3-0","properties":{"destination:ref":"TPE","destination:ref:to":"CTE;SLE","destination:street":"Jalan Kayu","highway":"motorway_link","lanes":"2","maxspeed":"50","oneway":"yes","sidewalk":"both","surface":"asphalt"},"geometry":{"type":"LineString","coordinates":[[103.9031014,1.3963712],[103.9030962,1.3964515]]}},{"type":"Feature","id":"way/166722004-0-4-0","properties":{"destination:ref":"TPE","destination:ref:to":"CTE;SLE","destination:street":"Jalan Kayu","highway":"motorway_link","lanes":"2","maxspeed":"50","oneway":"yes","sidewalk":"both","surface":"asphalt"},"geometry":{"type":"LineString","coordinates":[[103.9030962,1.3964515],[103.903092,1.3964873]]}},{"type":"Feature","id":"way/166722004-0-5-0","properties":{"destination:ref":"TPE","destination:ref:to":"CTE;SLE","destination:street":"Jalan Kayu","highway":"motorway_link","lanes":"2","maxspeed":"50","oneway":"yes","sidewalk":"both","surface":"asphalt"},"geometry":{"type":"LineString","coordinates":[[103.903092,1.3964873],[103.9030392,1.3966109]]}},{"type":"Feature","id":"way/166722004-0-6-0","properties":{"destination:ref":"TPE","destination:ref:to":"CTE;SLE","destination:street":"Jalan Kayu","highway":"motorway_link","lanes":"2","maxspeed":"50","oneway":"yes","sidewalk":"both","surface":"asphalt"},"geometry":{"type":"LineString","coordinates":[[103.9030392,1.3966109],[103.9029994,1.3966816]]}},{"type":"Feature","id":"way/166722004-0-7-0","properties":{"destination:ref":"TPE","destination:ref:to":"CTE;SLE","destination:street":"Jalan Kayu","highway":"motorway_link","lanes":"2","maxspeed":"50","oneway":"yes","sidewalk":"both","surface":"asphalt"},"geometry":{"type":"LineString","coordinates":[[103.9029994,1.3966816],[103.9029184,1.39681]]}},{"type":"Feature","id":"way/173767828-0-0-0","properties":{"foot":"no","highway":"secondary","lanes":"3","maxspeed":"60","name":"Punggol Road","name:en":"Punggol Road","name:zh":"\u699c\u9e45\u8def","oneway":"yes","sidewalk:left":"separate","sidewalk:right":"no","surface":"asphalt","turn:lanes":"through|through|through"},"geometry":{"type":"LineString","coordinates":[[103.9041011,1.3977284],[103.9038596,1.3972899]]}},{"type":"Feature","id":"way/173767828-0-1-0","properties":{"foot":"no","highway":"secondary","lanes":"3","maxspeed":"60","name":"Punggol Road","name:en":"Punggol Road","name:zh":"\u699c\u9e45\u8def","oneway":"yes","sidewalk:left":"separate","sidewalk:right":"no","surface":"asphalt","turn:lanes":"through|through|through"},"geometry":{"type":"LineString","coordinates":[[103.9038596,1.3972899],[103.903827,1.397235]]}},{"type":"Feature","id":"way/174886179-0-0-0","properties":{"highway":"tertiary","lanes":"2","maxspeed":"50","name":"Punggol Field","name:en":"Punggol Field","name:zh":"\u699c\u9e45\u573a","oneway":"yes","sidewalk:left":"separate","sidewalk:right":"no","surface":"asphalt","turn:lanes":"left;through|through"},"geometry":{"type":"LineString","coordinates":[[103.9038151,1.4005047],[103.9034893,1.4006629]]}},{"type":"Feature","id":"way/174886187-0-1-0","properties":{"foot":"no","highway":"secondary","lanes":"3","lit":"yes","maxspeed":"60","name":"Punggol Road","name:en":"Punggol Road","name:zh":"\u699c\u9e45\u8def","oneway":"yes","shoulder":"no","sidewalk:left":"separate","sidewalk:right":"no","surface":"asphalt","turn:lanes":"through|through|through"},"geometry":{"type":"LineString","coordinates":[[103.9033057,1.3964639],[103.9033475,1.3965386]]}},{"type":"Feature","id":"way/174886415-0-0-0","properties":{"highway":"motorway_link","lanes":"2","maxspeed":"50","oneway":"yes","sidewalk":"left"},"geometry":{"type":"LineString","coordinates":[[103.9029184,1.39681],[103.9025961,1.3970569]]}},{"type":"Feature","id":"way/174886415-0-1-0","properties":{"highway":"motorway_link","lanes":"2","maxspeed":"50","oneway":"yes","sidewalk":"left"},"geometry":{"type":"LineString","coordinates":[[103.9025961,1.3970569],[103.9018796,1.3975026]]}},{"type":"Feature","id":"way/174886415-0-2-0","properties":{"highway":"motorway_link","lanes":"2","maxspeed":"50","oneway":"yes","sidewalk":"left"},"geometry":{"type":"LineString","coordinates":[[103.9018796,1.3975026],[103.9010835,1.397913]]}},{"type":"Feature","id":"way/174886415-0-3-0","properties":{"highway":"motorway_link","lanes":"2","maxspeed":"50","oneway":"yes","sidewalk":"left"},"geometry":{"type":"LineString","coordinates":[[103.9010835,1.397913],[103.9007885,1.3980693]]}},{"type":"Feature","id":"way/175015668-0-0-0","properties":{"highway":"motorway","lanes":"3","lit":"yes","maxheight":"4.5","maxspeed":"90","name":"Tampines Expressway","name:ms":"Lebuhraya Tampines","name:ta":"\u0ba4\u0bc6\u0bae\u0bcd\u0baa\u0bbf\u0ba9\u0bc0\u0bb8\u0bcd \u0bb5\u0bbf\u0bb0\u0bc8\u0bb5\u0bc1\u0b9a\u0bcd\u0b9a\u0bbe\u0bb2\u0bc8","name:zh":"\u6de1\u6ee8\u5c3c\u9ad8\u901f\u516c\u8def","oneway":"yes","ref":"TPE","short_name:ta":"\u0b9f\u0bbf\u0baa\u0bbf\u0b87","surface":"asphalt","wikidata":"Q1164571","wikipedia":"en:Tampines Expressway"},"geometry":{"type":"LineString","coordinates":[[103.9024351,1.3976914],[103.9032937,1.3971561]]}},{"type":"Feature","id":"way/175015668-0-1-0","properties":{"highway":"motorway","lanes":"3","lit":"yes","maxheight":"4.5","maxspeed":"90","name":"Tampines Expressway","name:ms":"Lebuhraya Tampines","name:ta":"\u0ba4\u0bc6\u0bae\u0bcd\u0baa\u0bbf\u0ba9\u0bc0\u0bb8\u0bcd \u0bb5\u0bbf\u0bb0\u0bc8\u0bb5\u0bc1\u0b9a\u0bcd\u0b9a\u0bbe\u0bb2\u0bc8","name:zh":"\u6de1\u6ee8\u5c3c\u9ad8\u901f\u516c\u8def","oneway":"yes","ref":"TPE","short_name:ta":"\u0b9f\u0bbf\u0baa\u0bbf\u0b87","surface":"asphalt","wikidata":"Q1164571","wikipedia":"en:Tampines Expressway"},"geometry":{"type":"LineString","coordinates":[[103.9032937,1.3971561],[103.9040169,1.3966915]]}},{"type":"Feature","id":"way/175015668-0-1-1","properties":{"highway":"motorway","lanes":"3","lit":"yes","maxheight":"4.5","maxspeed":"90","name":"Tampines Expressway","name:ms":"Lebuhraya Tampines","name:ta":"\u0ba4\u0bc6\u0bae\u0bcd\u0baa\u0bbf\u0ba9\u0bc0\u0bb8\u0bcd \u0bb5\u0bbf\u0bb0\u0bc8\u0bb5\u0bc1\u0b9a\u0bcd\u0b9a\u0bbe\u0bb2\u0bc8","name:zh":"\u6de1\u6ee8\u5c3c\u9ad8\u901f\u516c\u8def","oneway":"yes","ref":"TPE","short_name:ta":"\u0b9f\u0bbf\u0baa\u0bbf\u0b87","surface":"asphalt","wikidata":"Q1164571","wikipedia":"en:Tampines Expressway"},"geometry":{"type":"LineString","coordinates":[[103.9040169,1.3966915],[103.9047401,1.396227]]}},{"type":"Feature","id":"way/175015670-0-0-0","properties":{"highway":"motorway","lanes":"3","maxheight":"4.5","maxspeed":"90","name":"Tampines Expressway","name:ms":"Lebuhraya Tampines","name:ta":"\u0ba4\u0bc6\u0bae\u0bcd\u0baa\u0bbf\u0ba9\u0bc0\u0bb8\u0bcd \u0bb5\u0bbf\u0bb0\u0bc8\u0bb5\u0bc1\u0b9a\u0bcd\u0b9a\u0bbe\u0bb2\u0bc8","name:zh":"\u6de1\u6ee8\u5c3c\u9ad8\u901f\u516c\u8def","oneway":"yes","ref":"TPE","short_name:ta":"\u0b9f\u0bbf\u0baa\u0bbf\u0b87","surface":"asphalt","wikidata":"Q1164571","wikipedia":"en:Tampines Expressway"},"geometry":{"type":"LineString","coordinates":[[103.902425,1.3974627],[103.9016131,1.39791]]}},{"type":"Feature","id":"way/175015670-0-1-0","properties":{"highway":"motorway","lanes":"3","maxheight":"4.5","maxspeed":"90","name":"Tampines Expressway","name:ms":"Lebuhraya Tampines","name:ta":"\u0ba4\u0bc6\u0bae\u0bcd\u0baa\u0bbf\u0ba9\u0bc0\u0bb8\u0bcd \u0bb5\u0bbf\u0bb0\u0bc8\u0bb5\u0bc1\u0b9a\u0bcd\u0b9a\u0bbe\u0bb2\u0bc8","name:zh":"\u6de1\u6ee8\u5c3c\u9ad8\u901f\u516c\u8def","oneway":"yes","ref":"TPE","short_name:ta":"\u0b9f\u0bbf\u0baa\u0bbf\u0b87","surface":"asphalt","wikidata":"Q1164571","wikipedia":"en:Tampines Expressway"},"geometry":{"type":"LineString","coordinates":[[103.9016131,1.39791],[103.9009105,1.3982539]]}},{"type":"Feature","id":"way/175015670-0-2-0","properties":{"highway":"motorway","lanes":"3","maxheight":"4.5","maxspeed":"90","name":"Tampines Expressway","name:ms":"Lebuhraya Tampines","name:ta":"\u0ba4\u0bc6\u0bae\u0bcd\u0baa\u0bbf\u0ba9\u0bc0\u0bb8\u0bcd \u0bb5\u0bbf\u0bb0\u0bc8\u0bb5\u0bc1\u0b9a\u0bcd\u0b9a\u0bbe\u0bb2\u0bc8","name:zh":"\u6de1\u6ee8\u5c3c\u9ad8\u901f\u516c\u8def","oneway":"yes","ref":"TPE","short_name:ta":"\u0b9f\u0bbf\u0baa\u0bbf\u0b87","surface":"asphalt","wikidata":"Q1164571","wikipedia":"en:Tampines Expressway"},"geometry":{"type":"LineString","coordinates":[[103.9009105,1.3982539],[103.9000826,1.3986032]]}},{"type":"Feature","id":"way/175015680-0-0-0","properties":{"destination":"Sengkang East Road;Punggol Way","destination:ref":"TPE","destination:ref:to":"SLE","highway":"motorway_link","lanes":"3","maxspeed":"50","oneway":"yes","sidewalk":"left","surface":"asphalt"},"geometry":{"type":"LineString","coordinates":[[103.9007885,1.3980693],[103.9002612,1.3982749]]}},{"type":"Feature","id":"way/175015686-0-1-0","properties":{"destination":"Punggol Road","highway":"motorway_link","lanes":"2","lit":"yes","maxspeed":"50","oneway":"yes","sidewalk":"left","surface":"asphalt"},"geometry":{"type":"LineString","coordinates":[[103.9006137,1.3988773],[103.9014547,1.3984837]]}},{"type":"Feature","id":"way/175015686-0-2-0","properties":{"destination":"Punggol Road","highway":"motorway_link","lanes":"2","lit":"yes","maxspeed":"50","oneway":"yes","sidewalk":"left","surface":"asphalt"},"geometry":{"type":"LineString","coordinates":[[103.9014547,1.3984837],[103.9022782,1.3980405]]}},{"type":"Feature","id":"way/349413652-0-4-0","properties":{"highway":"motorway","lanes":"3","lit":"yes","maxheight":"4.5","maxspeed":"90","name":"Tampines Expressway","name:ms":"Lebuhraya Tampines","name:ta":"\u0ba4\u0bc6\u0bae\u0bcd\u0baa\u0bbf\u0ba9\u0bc0\u0bb8\u0bcd \u0bb5\u0bbf\u0bb0\u0bc8\u0bb5\u0bc1\u0b9a\u0bcd\u0b9a\u0bbe\u0bb2\u0bc8","name:zh":"\u6de1\u6ee8\u5c3c\u9ad8\u901f\u516c\u8def","oneway":"yes","ref":"TPE","short_name:ta":"\u0b9f\u0bbf\u0baa\u0bbf\u0b87","surface":"asphalt","wikidata":"Q1164571","wikipedia":"en:Tampines Expressway"},"geometry":{"type":"LineString","coordinates":[[103.9008179,1.3984854],[103.9016265,1.3980884]]}},{"type":"Feature","id":"way/349413652-0-4-1","properties":{"highway":"motorway","lanes":"3","lit":"yes","maxheight":"4.5","maxspeed":"90","name":"Tampines Expressway","name:ms":"Lebuhraya Tampines","name:ta":"\u0ba4\u0bc6\u0bae\u0bcd\u0baa\u0bbf\u0ba9\u0bc0\u0bb8\u0bcd \u0bb5\u0bbf\u0bb0\u0bc8\u0bb5\u0bc1\u0b9a\u0bcd\u0b9a\u0bbe\u0bb2\u0bc8","name:zh":"\u6de1\u6ee8\u5c3c\u9ad8\u901f\u516c\u8def","oneway":"yes","ref":"TPE","short_name:ta":"\u0b9f\u0bbf\u0baa\u0bbf\u0b87","surface":"asphalt","wikidata":"Q1164571","wikipedia":"en:Tampines Expressway"},"geometry":{"type":"LineString","coordinates":[[103.9016265,1.3980884],[103.9024351,1.3976914]]}},{"type":"Feature","id":"way/375215812-0-0-0","properties":{"highway":"service","lanes":"2","lanes:backward":"1","lanes:forward":"1","service":"driveway","sidewalk":"left","surface":"asphalt"},"geometry":{"type":"LineString","coordinates":[[103.9047855,1.3986748],[103.9048646,1.3988972]]}},{"type":"Feature","id":"way/375215812-0-1-0","properties":{"highway":"service","lanes":"2","lanes:backward":"1","lanes:forward":"1","service":"driveway","sidewalk":"left","surface":"asphalt"},"geometry":{"type":"LineString","coordinates":[[103.9048646,1.3988972],[103.9049195,1.3990386]]}},{"type":"Feature","id":"way/445283023-0-0-0","properties":{"highway":"secondary_link","lanes":"2","lit":"yes","maxspeed":"50","oneway":"yes","sidewalk:both":"separate","surface":"asphalt"},"geometry":{"type":"LineString","coordinates":[[103.9048079,1.399602],[103.9048033,1.399791]]}},{"type":"Feature","id":"way/445283023-0-1-0","properties":{"highway":"secondary_link","lanes":"2","lit":"yes","maxspeed":"50","oneway":"yes","sidewalk:both":"separate","surface":"asphalt"},"geometry":{"type":"LineString","coordinates":[[103.9048033,1.399791],[103.904783,1.399877]]}},{"type":"Feature","id":"way/445283023-0-2-0","properties":{"highway":"secondary_link","lanes":"2","lit":"yes","maxspeed":"50","oneway":"yes","sidewalk:both":"separate","surface":"asphalt"},"geometry":{"type":"LineString","coordinates":[[103.904783,1.399877],[103.9047425,1.3999483]]}},{"type":"Feature","id":"way/445283023-0-3-0","properties":{"highway":"secondary_link","lanes":"2","lit":"yes","maxspeed":"50","oneway":"yes","sidewalk:both":"separate","surface":"asphalt"},"geometry":{"type":"LineString","coordinates":[[103.9047425,1.3999483],[103.9046394,1.4000692]]}},{"type":"Feature","id":"way/445283031-0-0-0","properties":{"highway":"secondary_link","lanes":"1","maxspeed":"50","oneway":"yes","sidewalk:both":"separate","surface":"asphalt"},"geometry":{"type":"LineString","coordinates":[[103.9046828,1.4002637],[103.904867,1.4002237]]}},{"type":"Feature","id":"way/445283031-0-1-0","properties":{"highway":"secondary_link","lanes":"1","maxspeed":"50","oneway":"yes","sidewalk:both":"separate","surface":"asphalt"},"geometry":{"type":"LineString","coordinates":[[103.904867,1.4002237],[103.9049562,1.4002328]]}},{"type":"Feature","id":"way/464819516-0-0-0","properties":{"highway":"service","lanes":"2","lanes:backward":"1","lanes:forward":"1","service":"driveway","surface":"asphalt"},"geometry":{"type":"LineString","coordinates":[[103.9031639,1.3978449],[103.9032907,1.3977901]]}},{"type":"Feature","id":"way/464819516-0-1-0","properties":{"highway":"service","lanes":"2","lanes:backward":"1","lanes:forward":"1","service":"driveway","surface":"asphalt"},"geometry":{"type":"LineString","coordinates":[[103.9032907,1.3977901],[103.9033967,1.3977839]]}},{"type":"Feature","id":"way/464819516-0-2-0","properties":{"highway":"service","lanes":"2","lanes:backward":"1","lanes:forward":"1","service":"driveway","surface":"asphalt"},"geometry":{"type":"LineString","coordinates":[[103.9033967,1.3977839],[103.9036084,1.3977832]]}},{"type":"Feature","id":"way/464819517-0-0-0","properties":{"highway":"service","lanes":"2","lanes:backward":"1","lanes:forward":"1","service":"driveway","surface":"asphalt"},"geometry":{"type":"LineString","coordinates":[[103.9034144,1.4005017],[103.9029551,1.399569]]}},{"type":"Feature","id":"way/464819517-0-1-0","properties":{"highway":"service","lanes":"2","lanes:backward":"1","lanes:forward":"1","service":"driveway","surface":"asphalt"},"geometry":{"type":"LineString","coordinates":[[103.9029551,1.399569],[103.9029351,1.3995078]]}},{"type":"Feature","id":"way/464819517-0-2-0","properties":{"highway":"service","lanes":"2","lanes:backward":"1","lanes:forward":"1","service":"driveway","surface":"asphalt"},"geometry":{"type":"LineString","coordinates":[[103.9029351,1.3995078],[103.9029039,1.3994052]]}},{"type":"Feature","id":"way/464819517-0-3-0","properties":{"highway":"service","lanes":"2","lanes:backward":"1","lanes:forward":"1","service":"driveway","surface":"asphalt"},"geometry":{"type":"LineString","coordinates":[[103.9029039,1.3994052],[103.9028587,1.3993168]]}},{"type":"Feature","id":"way/464819517-0-4-0","properties":{"highway":"service","lanes":"2","lanes:backward":"1","lanes:forward":"1","service":"driveway","surface":"asphalt"},"geometry":{"type":"LineString","coordinates":[[103.9028587,1.3993168],[103.9028022,1.3992296]]}},{"type":"Feature","id":"way/464819517-0-5-0","properties":{"highway":"service","lanes":"2","lanes:backward":"1","lanes:forward":"1","service":"driveway","surface":"asphalt"},"geometry":{"type":"LineString","coordinates":[[103.9028022,1.3992296],[103.9027557,1.3991633]]}},{"type":"Feature","id":"way/464819517-0-6-0","properties":{"highway":"service","lanes":"2","lanes:backward":"1","lanes:forward":"1","service":"driveway","surface":"asphalt"},"geometry":{"type":"LineString","coordinates":[[103.9027557,1.3991633],[103.9026983,1.3990466]]}},{"type":"Feature","id":"way/464819517-0-7-0","properties":{"highway":"service","lanes":"2","lanes:backward":"1","lanes:forward":"1","service":"driveway","surface":"asphalt"},"geometry":{"type":"LineString","coordinates":[[103.9026983,1.3990466],[103.9026644,1.3989275]]}},{"type":"Feature","id":"way/464819517-0-8-0","properties":{"highway":"service","lanes":"2","lanes:backward":"1","lanes:forward":"1","service":"driveway","surface":"asphalt"},"geometry":{"type":"LineString","coordinates":[[103.9026644,1.3989275],[103.9026235,1.3988842]]}},{"type":"Feature","id":"way/464819517-0-9-0","properties":{"highway":"service","lanes":"2","lanes:backward":"1","lanes:forward":"1","service":"driveway","surface":"asphalt"},"geometry":{"type":"LineString","coordinates":[[103.9026235,1.3988842],[103.9025818,1.3988549]]}},{"type":"Feature","id":"way/464819517-0-10-0","properties":{"highway":"service","lanes":"2","lanes:backward":"1","lanes:forward":"1","service":"driveway","surface":"asphalt"},"geometry":{"type":"LineString","coordinates":[[103.9025818,1.3988549],[103.9025258,1.3988356]]}},{"type":"Feature","id":"way/464819517-0-11-0","properties":{"highway":"service","lanes":"2","lanes:backward":"1","lanes:forward":"1","service":"driveway","surface":"asphalt"},"geometry":{"type":"LineString","coordinates":[[103.9025258,1.3988356],[103.9024711,1.3988263]]}},{"type":"Feature","id":"way/464820242-0-0-0","properties":{"highway":"service","lanes":"2","lanes:backward":"1","lanes:forward":"1","service":"driveway","surface":"asphalt","turn:lanes:backward":"through","turn:lanes:forward":"through"},"geometry":{"type":"LineString","coordinates":[[103.9004194,1.3978627],[103.9004449,1.3978058]]}},{"type":"Feature","id":"way/464820242-0-1-0","properties":{"highway":"service","lanes":"2","lanes:backward":"1","lanes:forward":"1","service":"driveway","surface":"asphalt","turn:lanes:backward":"through","turn:lanes:forward":"through"},"geometry":{"type":"LineString","coordinates":[[103.9004449,1.3978058],[103.9004677,1.397734]]}},{"type":"Feature","id":"way/464820242-0-2-0","properties":{"highway":"service","lanes":"2","lanes:backward":"1","lanes:forward":"1","service":"driveway","surface":"asphalt","turn:lanes:backward":"through","turn:lanes:forward":"through"},"geometry":{"type":"LineString","coordinates":[[103.9004677,1.397734],[103.9004583,1.3976227]]}},{"type":"Feature","id":"way/464820248-0-0-0","properties":{"highway":"service","lanes":"2","lanes:backward":"1","lanes:forward":"1","service":"parking_aisle","turn:lanes:backward":"through","turn:lanes:forward":"right"},"geometry":{"type":"LineString","coordinates":[[103.9011088,1.3970953],[103.9011905,1.3972916]]}},{"type":"Feature","id":"way/464820248-0-1-0","properties":{"highway":"service","lanes":"2","lanes:backward":"1","lanes:forward":"1","service":"parking_aisle","turn:lanes:backward":"through","turn:lanes:forward":"right"},"geometry":{"type":"LineString","coordinates":[[103.9011905,1.3972916],[103.9012174,1.3973272]]}},{"type":"Feature","id":"way/464820248-0-2-0","properties":{"highway":"service","lanes":"2","lanes:backward":"1","lanes:forward":"1","service":"parking_aisle","turn:lanes:backward":"through","turn:lanes:forward":"right"},"geometry":{"type":"LineString","coordinates":[[103.9012174,1.3973272],[103.9012536,1.3973433]]}},{"type":"Feature","id":"way/464820248-0-3-0","properties":{"highway":"service","lanes":"2","lanes:backward":"1","lanes:forward":"1","service":"parking_aisle","turn:lanes:backward":"through","turn:lanes:forward":"right"},"geometry":{"type":"LineString","coordinates":[[103.9012536,1.3973433],[103.9012979,1.3973473]]}},{"type":"Feature","id":"way/464820248-0-4-0","properties":{"highway":"service","lanes":"2","lanes:backward":"1","lanes:forward":"1","service":"parking_aisle","turn:lanes:backward":"through","turn:lanes:forward":"right"},"geometry":{"type":"LineString","coordinates":[[103.9012979,1.3973473],[103.9013234,1.3973433]]}},{"type":"Feature","id":"way/464820248-0-5-0","properties":{"highway":"service","lanes":"2","lanes:backward":"1","lanes:forward":"1","service":"parking_aisle","turn:lanes:backward":"through","turn:lanes:forward":"right"},"geometry":{"type":"LineString","coordinates":[[103.9013234,1.3973433],[103.9013395,1.3973326]]}},{"type":"Feature","id":"way/500371481-0-0-0","properties":{"foot":"yes","highway":"motorway_link","lanes":"2","maxspeed":"50","shoulder":"no","sidewalk":"no","surface":"asphalt","turn:lanes":"through;right|right"},"geometry":{"type":"LineString","coordinates":[[103.9034385,1.3964837],[103.9033475,1.3965386]]}},{"type":"Feature","id":"way/533688769-0-0-0","properties":{"highway":"service","lanes":"2","lanes:backward":"1","lanes:forward":"1","service":"driveway","turn:lanes:backward":"through","turn:lanes:forward":"through"},"geometry":{"type":"LineString","coordinates":[[103.9003095,1.3992109],[103.9005984,1.3990963]]}},{"type":"Feature","id":"way/533688769-0-1-0","properties":{"highway":"service","lanes":"2","lanes:backward":"1","lanes:forward":"1","service":"driveway","turn:lanes:backward":"through","turn:lanes:forward":"through"},"geometry":{"type":"LineString","coordinates":[[103.9005984,1.3990963],[103.9006215,1.3990917]]}},{"type":"Feature","id":"way/533688769-0-2-0","properties":{"highway":"service","lanes":"2","lanes:backward":"1","lanes:forward":"1","service":"driveway","turn:lanes:backward":"through","turn:lanes:forward":"through"},"geometry":{"type":"LineString","coordinates":[[103.9006215,1.3990917],[103.9006531,1.3990901]]}},{"type":"Feature","id":"way/533688769-0-3-0","properties":{"highway":"service","lanes":"2","lanes:backward":"1","lanes:forward":"1","service":"driveway","turn:lanes:backward":"through","turn:lanes:forward":"through"},"geometry":{"type":"LineString","coordinates":[[103.9006531,1.3990901],[103.901116,1.3990924]]}},{"type":"Feature","id":"way/533688769-0-4-0","properties":{"highway":"service","lanes":"2","lanes:backward":"1","lanes:forward":"1","service":"driveway","turn:lanes:backward":"through","turn:lanes:forward":"through"},"geometry":{"type":"LineString","coordinates":[[103.901116,1.3990924],[103.9011299,1.3990963]]}},{"type":"Feature","id":"way/533688769-0-5-0","properties":{"highway":"service","lanes":"2","lanes:backward":"1","lanes:forward":"1","service":"driveway","turn:lanes:backward":"through","turn:lanes:forward":"through"},"geometry":{"type":"LineString","coordinates":[[103.9011299,1.3990963],[103.9011406,1.3991055]]}},{"type":"Feature","id":"way/533688769-0-6-0","properties":{"highway":"service","lanes":"2","lanes:backward":"1","lanes:forward":"1","service":"driveway","turn:lanes:backward":"through","turn:lanes:forward":"through"},"geometry":{"type":"LineString","coordinates":[[103.9011406,1.3991055],[103.9013261,1.399467]]}},{"type":"Feature","id":"way/533689698-0-0-0","properties":{"highway":"service","lanes":"2","lanes:backward":"1","lanes:forward":"1","service":"parking_aisle","turn:lanes:backward":"through","turn:lanes:forward":"through"},"geometry":{"type":"LineString","coordinates":[[103.9014948,1.3987221],[103.901509,1.3987327]]}},{"type":"Feature","id":"way/533689698-0-1-0","properties":{"highway":"service","lanes":"2","lanes:backward":"1","lanes:forward":"1","service":"parking_aisle","turn:lanes:backward":"through","turn:lanes:forward":"through"},"geometry":{"type":"LineString","coordinates":[[103.901509,1.3987327],[103.9018612,1.3993624]]}},{"type":"Feature","id":"way/533689699-0-0-0","properties":{"highway":"service","lanes":"2","lanes:backward":"1","lanes:forward":"1","service":"parking_aisle","turn:lanes:backward":"through","turn:lanes:forward":"through"},"geometry":{"type":"LineString","coordinates":[[103.9011893,1.3988811],[103.9012047,1.3988692]]}},{"type":"Feature","id":"way/533689699-0-1-0","properties":{"highway":"service","lanes":"2","lanes:backward":"1","lanes:forward":"1","service":"parking_aisle","turn:lanes:backward":"through","turn:lanes:forward":"through"},"geometry":{"type":"LineString","coordinates":[[103.9012047,1.3988692],[103.9014541,1.3987247]]}},{"type":"Feature","id":"way/533689699-0-2-0","properties":{"highway":"service","lanes":"2","lanes:backward":"1","lanes:forward":"1","service":"parking_aisle","turn:lanes:backward":"through","turn:lanes:forward":"through"},"geometry":{"type":"LineString","coordinates":[[103.9014541,1.3987247],[103.9014771,1.3987185]]}},{"type":"Feature","id":"way/533689699-0-3-0","properties":{"highway":"service","lanes":"2","lanes:backward":"1","lanes:forward":"1","service":"parking_aisle","turn:lanes:backward":"through","turn:lanes:forward":"through"},"geometry":{"type":"LineString","coordinates":[[103.9014771,1.3987185],[103.9014948,1.3987221]]}},{"type":"Feature","id":"way/533694393-0-0-0","properties":{"highway":"service","lanes":"2","lanes:backward":"1","lanes:forward":"1","service":"driveway","surface":"asphalt"},"geometry":{"type":"LineString","coordinates":[[103.9036084,1.3977832],[103.9036535,1.3978014]]}},{"type":"Feature","id":"way/533694393-0-1-0","properties":{"highway":"service","lanes":"2","lanes:backward":"1","lanes:forward":"1","service":"driveway","surface":"asphalt"},"geometry":{"type":"LineString","coordinates":[[103.9036535,1.3978014],[103.9037055,1.3978324]]}},{"type":"Feature","id":"way/533694393-0-2-0","properties":{"highway":"service","lanes":"2","lanes:backward":"1","lanes:forward":"1","service":"driveway","surface":"asphalt"},"geometry":{"type":"LineString","coordinates":[[103.9037055,1.3978324],[103.9037525,1.3978694]]}},{"type":"Feature","id":"way/533694393-0-3-0","properties":{"highway":"service","lanes":"2","lanes:backward":"1","lanes:forward":"1","service":"driveway","surface":"asphalt"},"geometry":{"type":"LineString","coordinates":[[103.9037525,1.3978694],[103.9037922,1.3979084]]}},{"type":"Feature","id":"way/533694393-0-4-0","properties":{"highway":"service","lanes":"2","lanes:backward":"1","lanes:forward":"1","service":"driveway","surface":"asphalt"},"geometry":{"type":"LineString","coordinates":[[103.9037922,1.3979084],[103.9038235,1.3979525]]}},{"type":"Feature","id":"way/533694393-0-5-0","properties":{"highway":"service","lanes":"2","lanes:backward":"1","lanes:forward":"1","service":"driveway","surface":"asphalt"},"geometry":{"type":"LineString","coordinates":[[103.9038235,1.3979525],[103.9039785,1.3982704]]}},{"type":"Feature","id":"way/533694394-0-0-0","properties":{"highway":"service","lanes":"2","lanes:backward":"1","lanes:forward":"1","service":"driveway","surface":"asphalt"},"geometry":{"type":"LineString","coordinates":[[103.9021974,1.3989732],[103.9021165,1.3988649]]}},{"type":"Feature","id":"way/533694394-0-1-0","properties":{"highway":"service","lanes":"2","lanes:backward":"1","lanes:forward":"1","service":"driveway","surface":"asphalt"},"geometry":{"type":"LineString","coordinates":[[103.9021165,1.3988649],[103.9019361,1.3985594]]}},{"type":"Feature","id":"way/533694394-0-2-0","properties":{"highway":"service","lanes":"2","lanes:backward":"1","lanes:forward":"1","service":"driveway","surface":"asphalt"},"geometry":{"type":"LineString","coordinates":[[103.9019361,1.3985594],[103.9019275,1.3985025]]}},{"type":"Feature","id":"way/533694395-0-0-0","properties":{"highway":"service","lanes":"2","lanes:backward":"1","lanes:forward":"1","service":"driveway","surface":"asphalt","turn:lanes:forward":"through"},"geometry":{"type":"LineString","coordinates":[[103.9046548,1.3998313],[103.9046322,1.3998793]]}},{"type":"Feature","id":"way/533694395-0-1-0","properties":{"highway":"service","lanes":"2","lanes:backward":"1","lanes:forward":"1","service":"driveway","surface":"asphalt","turn:lanes:forward":"through"},"geometry":{"type":"LineString","coordinates":[[103.9046322,1.3998793],[103.9045879,1.399918]]}},{"type":"Feature","id":"way/533694395-0-2-0","properties":{"highway":"service","lanes":"2","lanes:backward":"1","lanes:forward":"1","service":"driveway","surface":"asphalt","turn:lanes:forward":"through"},"geometry":{"type":"LineString","coordinates":[[103.9045879,1.399918],[103.9044146,1.3999989]]}},{"type":"Feature","id":"way/533694395-0-3-0","properties":{"highway":"service","lanes":"2","lanes:backward":"1","lanes:forward":"1","service":"driveway","surface":"asphalt","turn:lanes:forward":"through"},"geometry":{"type":"LineString","coordinates":[[103.9044146,1.3999989],[103.9042281,1.4000873]]}},{"type":"Feature","id":"way/539292371-0-1-0","properties":{"highway":"service","lanes":"2","lanes:backward":"1","lanes:forward":"1","service":"driveway"},"geometry":{"type":"LineString","coordinates":[[103.9028344,1.3963072],[103.9028221,1.3963781]]}},{"type":"Feature","id":"way/539292371-0-2-0","properties":{"highway":"service","lanes":"2","lanes:backward":"1","lanes:forward":"1","service":"driveway"},"geometry":{"type":"LineString","coordinates":[[103.9028221,1.3963781],[103.9027867,1.3964335]]}},{"type":"Feature","id":"way/539292371-0-3-0","properties":{"highway":"service","lanes":"2","lanes:backward":"1","lanes:forward":"1","service":"driveway"},"geometry":{"type":"LineString","coordinates":[[103.9027867,1.3964335],[103.9027636,1.3964566]]}},{"type":"Feature","id":"way/539292371-0-4-0","properties":{"highway":"service","lanes":"2","lanes:backward":"1","lanes:forward":"1","service":"driveway"},"geometry":{"type":"LineString","coordinates":[[103.9027636,1.3964566],[103.9026171,1.3965496]]}},{"type":"Feature","id":"way/543756857-0-0-0","properties":{"access":"destination","highway":"service","service":"driveway"},"geometry":{"type":"LineString","coordinates":[[103.9015928,1.4004576],[103.9015083,1.4003025]]}},{"type":"Feature","id":"way/543756857-0-1-0","properties":{"access":"destination","highway":"service","service":"driveway"},"geometry":{"type":"LineString","coordinates":[[103.9015083,1.4003025],[103.9014848,1.4002397]]}},{"type":"Feature","id":"way/543756857-0-2-0","properties":{"access":"destination","highway":"service","service":"driveway"},"geometry":{"type":"LineString","coordinates":[[103.9014848,1.4002397],[103.9014679,1.4001682]]}},{"type":"Feature","id":"way/543756857-0-3-0","properties":{"access":"destination","highway":"service","service":"driveway"},"geometry":{"type":"LineString","coordinates":[[103.9014679,1.4001682],[103.9014696,1.4000589]]}},{"type":"Feature","id":"way/543756857-0-4-0","properties":{"access":"destination","highway":"service","service":"driveway"},"geometry":{"type":"LineString","coordinates":[[103.9014696,1.4000589],[103.9015042,1.3999301]]}},{"type":"Feature","id":"way/543756857-0-5-0","properties":{"access":"destination","highway":"service","service":"driveway"},"geometry":{"type":"LineString","coordinates":[[103.9015042,1.3999301],[103.9015501,1.3998702]]}},{"type":"Feature","id":"way/543756857-0-6-0","properties":{"access":"destination","highway":"service","service":"driveway"},"geometry":{"type":"LineString","coordinates":[[103.9015501,1.3998702],[103.9016105,1.399821]]}},{"type":"Feature","id":"way/543756857-0-7-0","properties":{"access":"destination","highway":"service","service":"driveway"},"geometry":{"type":"LineString","coordinates":[[103.9016105,1.399821],[103.9016931,1.3997716]]}},{"type":"Feature","id":"way/543756857-0-8-0","properties":{"access":"destination","highway":"service","service":"driveway"},"geometry":{"type":"LineString","coordinates":[[103.9016931,1.3997716],[103.9017688,1.3997342]]}},{"type":"Feature","id":"way/543756858-0-0-0","properties":{"access":"destination","highway":"service","lanes":"2","lanes:backward":"1","lanes:forward":"1","service":"driveway","turn:lanes:backward":"through","turn:lanes:forward":"through"},"geometry":{"type":"LineString","coordinates":[[103.9015928,1.4004576],[103.9017199,1.4006644]]}},{"type":"Feature","id":"way/543756859-0-0-0","properties":{"access":"destination","highway":"service","service":"driveway"},"geometry":{"type":"LineString","coordinates":[[103.9014648,1.4005302],[103.9015315,1.4004936]]}},{"type":"Feature","id":"way/543756859-0-1-0","properties":{"access":"destination","highway":"service","service":"driveway"},"geometry":{"type":"LineString","coordinates":[[103.9015315,1.4004936],[103.9015928,1.4004576]]}},{"type":"Feature","id":"way/543761152-0-0-0","properties":{"highway":"service","lanes":"2","lanes:backward":"1","lanes:forward":"1","service":"driveway","turn:lanes:backward":"left;right"},"geometry":{"type":"LineString","coordinates":[[103.9047855,1.3986748],[103.9049336,1.3985312]]}},{"type":"Feature","id":"way/543768985-0-0-0","properties":{"highway":"service","oneway":"yes","service":"driveway"},"geometry":{"type":"LineString","coordinates":[[103.9040798,1.4005367],[103.9041015,1.4005624]]}},{"type":"Feature","id":"way/543768985-0-1-0","properties":{"highway":"service","oneway":"yes","service":"driveway"},"geometry":{"type":"LineString","coordinates":[[103.9041015,1.4005624],[103.9041225,1.4005997]]}},{"type":"Feature","id":"way/543768985-0-2-0","properties":{"highway":"service","oneway":"yes","service":"driveway"},"geometry":{"type":"LineString","coordinates":[[103.9041225,1.4005997],[103.9041511,1.4006603]]}},{"type":"Feature","id":"way/543768985-0-3-0","properties":{"highway":"service","oneway":"yes","service":"driveway"},"geometry":{"type":"LineString","coordinates":[[103.9041511,1.4006603],[103.9041743,1.4007092]]}},{"type":"Feature","id":"way/543768985-0-4-0","properties":{"highway":"service","oneway":"yes","service":"driveway"},"geometry":{"type":"LineString","coordinates":[[103.9041743,1.4007092],[103.9041896,1.4007369]]}},{"type":"Feature","id":"way/543768985-0-5-0","properties":{"highway":"service","oneway":"yes","service":"driveway"},"geometry":{"type":"LineString","coordinates":[[103.9041896,1.4007369],[103.9042064,1.4007477]]}},{"type":"Feature","id":"way/543768985-0-6-0","properties":{"highway":"service","oneway":"yes","service":"driveway"},"geometry":{"type":"LineString","coordinates":[[103.9042064,1.4007477],[103.9042282,1.4007522]]}},{"type":"Feature","id":"way/543768985-0-7-0","properties":{"highway":"service","oneway":"yes","service":"driveway"},"geometry":{"type":"LineString","coordinates":[[103.9042282,1.4007522],[103.9042509,1.4007428]]}},{"type":"Feature","id":"way/543768985-0-8-0","properties":{"highway":"service","oneway":"yes","service":"driveway"},"geometry":{"type":"LineString","coordinates":[[103.9042509,1.4007428],[103.9042617,1.4007275]]}},{"type":"Feature","id":"way/543768985-0-9-0","properties":{"highway":"service","oneway":"yes","service":"driveway"},"geometry":{"type":"LineString","coordinates":[[103.9042617,1.4007275],[103.9042632,1.4007077]]}},{"type":"Feature","id":"way/543768985-0-10-0","properties":{"highway":"service","oneway":"yes","service":"driveway"},"geometry":{"type":"LineString","coordinates":[[103.9042632,1.4007077],[103.9042246,1.4006179]]}},{"type":"Feature","id":"way/543768985-0-11-0","properties":{"highway":"service","oneway":"yes","service":"driveway"},"geometry":{"type":"LineString","coordinates":[[103.9042246,1.4006179],[103.9042003,1.4005612]]}},{"type":"Feature","id":"way/543768985-0-12-0","properties":{"highway":"service","oneway":"yes","service":"driveway"},"geometry":{"type":"LineString","coordinates":[[103.9042003,1.4005612],[103.9041926,1.4005334]]}},{"type":"Feature","id":"way/543768985-0-13-0","properties":{"highway":"service","oneway":"yes","service":"driveway"},"geometry":{"type":"LineString","coordinates":[[103.9041926,1.4005334],[103.9041941,1.4005137]]}},{"type":"Feature","id":"way/543768985-0-14-0","properties":{"highway":"service","oneway":"yes","service":"driveway"},"geometry":{"type":"LineString","coordinates":[[103.9041941,1.4005137],[103.9042038,1.4004817]]}},{"type":"Feature","id":"way/582412263-0-0-0","properties":{"destination":"Punggol Road;Upper Serangoon Road;Sengkang Town","destination:ref":"TPE","destination:ref:to":"PIE","highway":"motorway_link","lanes":"2","maxspeed":"50","oneway":"yes","sidewalk":"left","surface":"asphalt","turn:lanes":"through;right|right"},"geometry":{"type":"LineString","coordinates":[[103.9032391,1.3975681],[103.9034091,1.3974762]]}},{"type":"Feature","id":"way/582412263-0-1-0","properties":{"destination":"Punggol Road;Upper Serangoon Road;Sengkang Town","destination:ref":"TPE","destination:ref:to":"PIE","highway":"motorway_link","lanes":"2","maxspeed":"50","oneway":"yes","sidewalk":"left","surface":"asphalt","turn:lanes":"through;right|right"},"geometry":{"type":"LineString","coordinates":[[103.9034091,1.3974762],[103.9036633,1.3973455]]}},{"type":"Feature","id":"way/582412263-0-2-0","properties":{"destination":"Punggol Road;Upper Serangoon Road;Sengkang Town","destination:ref":"TPE","destination:ref:to":"PIE","highway":"motorway_link","lanes":"2","maxspeed":"50","oneway":"yes","sidewalk":"left","surface":"asphalt","turn:lanes":"through;right|right"},"geometry":{"type":"LineString","coordinates":[[103.9036633,1.3973455],[103.9037373,1.3972956]]}},{"type":"Feature","id":"way/582412264-0-0-0","properties":{"foot":"no","highway":"secondary","lanes":"2","lit":"yes","maxspeed":"60","name":"Punggol Road","name:en":"Punggol Road","name:zh":"\u699c\u9e45\u8def","oneway":"yes","sidewalk:left":"separate","sidewalk:right":"no","surface":"asphalt"},"geometry":{"type":"LineString","coordinates":[[103.9037373,1.3972956],[103.9037638,1.3973458]]}},{"type":"Feature","id":"way/582412264-0-1-0","properties":{"foot":"no","highway":"secondary","lanes":"2","lit":"yes","maxspeed":"60","name":"Punggol Road","name:en":"Punggol Road","name:zh":"\u699c\u9e45\u8def","oneway":"yes","sidewalk:left":"separate","sidewalk:right":"no","surface":"asphalt"},"geometry":{"type":"LineString","coordinates":[[103.9037638,1.3973458],[103.9040473,1.3979103]]}},{"type":"Feature","id":"way/582412281-0-0-0","properties":{"highway":"secondary","lanes":"4","lit":"yes","maxspeed":"60","name":"Punggol Road","name:en":"Punggol Road","name:zh":"\u699c\u9e45\u8def","oneway":"yes","sidewalk:left":"separate","sidewalk:right":"no","surface":"asphalt","turn:lanes":"through|through|through;right|right"},"geometry":{"type":"LineString","coordinates":[[103.9048079,1.399602],[103.9049256,1.3998483]]}},{"type":"Feature","id":"way/582412284-0-0-0","properties":{"highway":"tertiary","lanes":"3","maxspeed":"50","name":"Punggol Field","name:en":"Punggol Field","name:zh":"\u699c\u9e45\u573a","oneway":"yes","sidewalk:left":"separate","sidewalk:right":"no","surface":"asphalt","turn:lanes":"through|through;right|right"},"geometry":{"type":"LineString","coordinates":[[103.9046828,1.4002637],[103.9049803,1.4000948]]}},{"type":"Feature","id":"way/582412285-0-1-0","properties":{"highway":"tertiary","lanes":"2","maxspeed":"50","name":"Punggol Field","name:en":"Punggol Field","name:zh":"\u699c\u9e45\u573a","oneway":"yes","sidewalk:left":"separate","sidewalk:right":"no","surface":"asphalt"},"geometry":{"type":"LineString","coordinates":[[103.9049013,1.3999372],[103.9046394,1.4000692]]}},{"type":"Feature","id":"way/620522271-0-0-0","properties":{"highway":"secondary","lanes":"6","lit":"yes","maxspeed":"60","name":"Punggol Road","name:en":"Punggol Road","name:zh":"\u699c\u9e45\u8def","oneway":"yes","sidewalk:left":"separate","sidewalk:right":"no","surface":"asphalt","turn:lanes":"left|left|through|through|through;right|right"},"geometry":{"type":"LineString","coordinates":[[103.9047925,1.3995645],[103.9048079,1.399602]]}},{"type":"Feature","id":"way/620522272-0-0-0","properties":{"highway":"secondary","lanes":"5","lit":"yes","maxspeed":"60","name":"Punggol Road","name:en":"Punggol Road","name:zh":"\u699c\u9e45\u8def","oneway":"yes","sidewalk:left":"separate","sidewalk:right":"no","surface":"asphalt","turn:lanes":"left|through|through|through|right"},"geometry":{"type":"LineString","coordinates":[[103.9046225,1.3991291],[103.9046956,1.3993276]]}},{"type":"Feature","id":"way/620522273-0-0-0","properties":{"highway":"secondary","lanes":"4","lit":"yes","maxspeed":"60","name":"Punggol Road","name:en":"Punggol Road","name:zh":"\u699c\u9e45\u8def","oneway":"yes","sidewalk:left":"separate","sidewalk:right":"no","surface":"asphalt","turn:lanes":"left|through|through|through;right"},"geometry":{"type":"LineString","coordinates":[[103.9045152,1.3988851],[103.9046225,1.3991291]]}},{"type":"Feature","id":"way/620522274-0-0-0","properties":{"highway":"tertiary","lanes":"3","maxspeed":"50","name":"Punggol Field","name:en":"Punggol Field","name:zh":"\u699c\u9e45\u573a","oneway":"yes","sidewalk:left":"separate","sidewalk:right":"no","surface":"asphalt","turn:lanes":"through|through;right|right"},"geometry":{"type":"LineString","coordinates":[[103.9040798,1.4005367],[103.9042038,1.4004817]]}},{"type":"Feature","id":"way/620522274-0-1-0","properties":{"highway":"tertiary","lanes":"3","maxspeed":"50","name":"Punggol Field","name:en":"Punggol Field","name:zh":"\u699c\u9e45\u573a","oneway":"yes","sidewalk:left":"separate","sidewalk:right":"no","surface":"asphalt","turn:lanes":"through|through;right|right"},"geometry":{"type":"LineString","coordinates":[[103.9042038,1.4004817],[103.9043788,1.4003998]]}},{"type":"Feature","id":"way/620576652-0-0-0","properties":{"highway":"secondary","lanes":"4","maxspeed":"60","name":"Punggol Road","name:en":"Punggol Road","name:zh":"\u699c\u9e45\u8def","oneway":"yes","sidewalk:left":"separate","sidewalk:right":"no","surface":"asphalt","turn:lanes":"left|through|through|through"},"geometry":{"type":"LineString","coordinates":[[103.9044522,1.3984454],[103.9042792,1.3980713]]}},{"type":"Feature","id":"way/620749719-0-0-0","properties":{"highway":"motorway","lanes":"3","maxheight":"4.5","maxspeed":"90","name":"Tampines Expressway","name:ms":"Lebuhraya Tampines","name:ta":"\u0ba4\u0bc6\u0bae\u0bcd\u0baa\u0bbf\u0ba9\u0bc0\u0bb8\u0bcd \u0bb5\u0bbf\u0bb0\u0bc8\u0bb5\u0bc1\u0b9a\u0bcd\u0b9a\u0bbe\u0bb2\u0bc8","name:zh":"\u6de1\u6ee8\u5c3c\u9ad8\u901f\u516c\u8def","oneway":"yes","ref":"TPE","short_name:ta":"\u0b9f\u0bbf\u0baa\u0bbf\u0b87","surface":"asphalt","turn:lanes":"through|through|through","wikidata":"Q1164571","wikipedia":"en:Tampines Expressway"},"geometry":{"type":"LineString","coordinates":[[103.9025279,1.3973962],[103.902425,1.3974627]]}},{"type":"Feature","id":"way/620749724-0-0-0","properties":{"highway":"motorway","lanes":"4","maxheight":"4.5","maxspeed":"90","name":"Tampines Expressway","name:ms":"Lebuhraya Tampines","name:ta":"\u0ba4\u0bc6\u0bae\u0bcd\u0baa\u0bbf\u0ba9\u0bc0\u0bb8\u0bcd \u0bb5\u0bbf\u0bb0\u0bc8\u0bb5\u0bc1\u0b9a\u0bcd\u0b9a\u0bbe\u0bb2\u0bc8","name:zh":"\u6de1\u6ee8\u5c3c\u9ad8\u901f\u516c\u8def","oneway":"yes","ref":"TPE","short_name:ta":"\u0b9f\u0bbf\u0baa\u0bbf\u0b87","surface":"asphalt","turn:lanes":"left|through|through|through","wikidata":"Q1164571","wikipedia":"en:Tampines Expressway"},"geometry":{"type":"LineString","coordinates":[[103.9032182,1.3970147],[103.9025279,1.3973962]]}},{"type":"Feature","id":"way/626597991-0-0-0","properties":{"destination":"Punggol Road","highway":"motorway_link","lanes":"3","lit":"yes","maxspeed":"50","oneway":"yes","sidewalk":"left","surface":"asphalt","turn:lanes":"left|through;right|right"},"geometry":{"type":"LineString","coordinates":[[103.9025183,1.3979077],[103.9032391,1.3975681]]}},{"type":"Feature","id":"way/627943576-0-0-0","properties":{"highway":"service","lanes":"2","lanes:backward":"1","lanes:forward":"1","service":"parking_aisle","turn:lanes:forward":"through;right"},"geometry":{"type":"LineString","coordinates":[[103.9017512,1.3965738],[103.9019068,1.3964719]]}},{"type":"Feature","id":"way/627943577-0-0-0","properties":{"highway":"service","lanes":"2","lanes:backward":"1","lanes:forward":"1","service":"parking_aisle","turn:lanes:backward":"left;through"},"geometry":{"type":"LineString","coordinates":[[103.9019068,1.3964719],[103.9020167,1.3964008]]}},{"type":"Feature","id":"way/627943577-0-1-0","properties":{"highway":"service","lanes":"2","lanes:backward":"1","lanes:forward":"1","service":"parking_aisle","turn:lanes:backward":"left;through"},"geometry":{"type":"LineString","coordinates":[[103.9020167,1.3964008],[103.9020878,1.3963579]]}},{"type":"Feature","id":"way/627943577-0-2-0","properties":{"highway":"service","lanes":"2","lanes:backward":"1","lanes:forward":"1","service":"parking_aisle","turn:lanes:backward":"left;through"},"geometry":{"type":"LineString","coordinates":[[103.9020878,1.3963579],[103.9021441,1.3963297]]}},{"type":"Feature","id":"way/627943578-0-0-0","properties":{"highway":"service","lanes":"2","lanes:backward":"1","lanes:forward":"1","service":"parking_aisle","turn:lanes:backward":"through","turn:lanes:forward":"left;right"},"geometry":{"type":"LineString","coordinates":[[103.9021441,1.3963297],[103.902187,1.3963244]]}},{"type":"Feature","id":"way/627943578-0-1-0","properties":{"highway":"service","lanes":"2","lanes:backward":"1","lanes:forward":"1","service":"parking_aisle","turn:lanes:backward":"through","turn:lanes:forward":"left;right"},"geometry":{"type":"LineString","coordinates":[[103.902187,1.3963244],[103.9022259,1.3963378]]}},{"type":"Feature","id":"way/627943578-0-2-0","properties":{"highway":"service","lanes":"2","lanes:backward":"1","lanes:forward":"1","service":"parking_aisle","turn:lanes:backward":"through","turn:lanes:forward":"left;right"},"geometry":{"type":"LineString","coordinates":[[103.9022259,1.3963378],[103.9024262,1.3966707]]}},{"type":"Feature","id":"way/627943579-0-0-0","properties":{"highway":"service","lanes":"2","lanes:backward":"1","lanes:forward":"1","service":"parking_aisle"},"geometry":{"type":"LineString","coordinates":[[103.9017296,1.3971164],[103.9017358,1.3970544]]}},{"type":"Feature","id":"way/627943579-0-1-0","properties":{"highway":"service","lanes":"2","lanes:backward":"1","lanes:forward":"1","service":"parking_aisle"},"geometry":{"type":"LineString","coordinates":[[103.9017358,1.3970544],[103.9017198,1.3970151]]}},{"type":"Feature","id":"way/627943579-0-2-0","properties":{"highway":"service","lanes":"2","lanes:backward":"1","lanes:forward":"1","service":"parking_aisle"},"geometry":{"type":"LineString","coordinates":[[103.9017198,1.3970151],[103.9016761,1.3969451]]}},{"type":"Feature","id":"way/627943580-0-0-0","properties":{"highway":"service","lanes":"2","lanes:backward":"1","lanes:forward":"1","service":"parking_aisle","turn:lanes:backward":"left;right"},"geometry":{"type":"LineString","coordinates":[[103.9016761,1.3969451],[103.9015636,1.3967794]]}},{"type":"Feature","id":"way/627943580-0-1-0","properties":{"highway":"service","lanes":"2","lanes:backward":"1","lanes:forward":"1","service":"parking_aisle","turn:lanes:backward":"left;right"},"geometry":{"type":"LineString","coordinates":[[103.9015636,1.3967794],[103.9015585,1.3967297]]}},{"type":"Feature","id":"way/627943580-0-2-0","properties":{"highway":"service","lanes":"2","lanes:backward":"1","lanes:forward":"1","service":"parking_aisle","turn:lanes:backward":"left;right"},"geometry":{"type":"LineString","coordinates":[[103.9015585,1.3967297],[103.9015983,1.3966846]]}},{"type":"Feature","id":"way/627943580-0-3-0","properties":{"highway":"service","lanes":"2","lanes:backward":"1","lanes:forward":"1","service":"parking_aisle","turn:lanes:backward":"left;right"},"geometry":{"type":"LineString","coordinates":[[103.9015983,1.3966846],[103.9016497,1.3966529]]}},{"type":"Feature","id":"way/627943581-0-0-0","properties":{"highway":"service","lanes":"2","lanes:backward":"1","lanes:forward":"1","service":"parking_aisle","turn:lanes:backward":"right","turn:lanes:forward":"through"},"geometry":{"type":"LineString","coordinates":[[103.9016497,1.3966529],[103.9016667,1.39663]]}},{"type":"Feature","id":"way/627943581-0-1-0","properties":{"highway":"service","lanes":"2","lanes:backward":"1","lanes:forward":"1","service":"parking_aisle","turn:lanes:backward":"right","turn:lanes:forward":"through"},"geometry":{"type":"LineString","coordinates":[[103.9016667,1.39663],[103.9017512,1.3965738]]}},{"type":"Feature","id":"way/627943582-0-0-0","properties":{"highway":"service","lanes":"2","lanes:backward":"1","lanes:forward":"1","service":"parking_aisle"},"geometry":{"type":"LineString","coordinates":[[103.900854,1.3963673],[103.9011088,1.3970953]]}},{"type":"Feature","id":"way/628027964-0-0-0","properties":{"highway":"service","lanes":"2","lanes:backward":"1","lanes:forward":"1","service":"parking_aisle","turn:lanes:backward":"left","turn:lanes:forward":"through;right"},"geometry":{"type":"LineString","coordinates":[[103.9023077,1.396746],[103.9024262,1.3966707]]}},{"type":"Feature","id":"way/628031490-0-0-0","properties":{"highway":"service","lanes":"2","lanes:backward":"1","lanes:forward":"1","service":"parking_aisle","turn:lanes:forward":"through;right"},"geometry":{"type":"LineString","coordinates":[[103.9013395,1.3973326],[103.9017296,1.3971164]]}},{"type":"Feature","id":"way/636849863-0-0-0","properties":{"highway":"service","lanes":"2","lanes:backward":"1","lanes:forward":"1","service":"driveway"},"geometry":{"type":"LineString","coordinates":[[103.901184,1.400134],[103.9012501,1.4001412]]}},{"type":"Feature","id":"way/636849863-0-1-0","properties":{"highway":"service","lanes":"2","lanes:backward":"1","lanes:forward":"1","service":"driveway"},"geometry":{"type":"LineString","coordinates":[[103.9012501,1.4001412],[103.9013227,1.400141]]}},{"type":"Feature","id":"way/636849864-0-0-0","properties":{"highway":"residential","lanes":"2","lanes:backward":"1","lanes:forward":"1","maxspeed":"40","name":"Punggol Place","sidewalk:both":"separate","surface":"asphalt","turn:lanes:backward":"through;right","turn:lanes:forward":"through;right"},"geometry":{"type":"LineString","coordinates":[[103.9013227,1.400141],[103.9013351,1.4002575]]}},{"type":"Feature","id":"way/636849864-0-1-0","properties":{"highway":"residential","lanes":"2","lanes:backward":"1","lanes:forward":"1","maxspeed":"40","name":"Punggol Place","sidewalk:both":"separate","surface":"asphalt","turn:lanes:backward":"through;right","turn:lanes:forward":"through;right"},"geometry":{"type":"LineString","coordinates":[[103.9013351,1.4002575],[103.9013686,1.4003543]]}},{"type":"Feature","id":"way/636849864-0-2-0","properties":{"highway":"residential","lanes":"2","lanes:backward":"1","lanes:forward":"1","maxspeed":"40","name":"Punggol Place","sidewalk:both":"separate","surface":"asphalt","turn:lanes:backward":"through;right","turn:lanes:forward":"through;right"},"geometry":{"type":"LineString","coordinates":[[103.9013686,1.4003543],[103.9014372,1.4004839]]}},{"type":"Feature","id":"way/636849864-0-3-0","properties":{"highway":"residential","lanes":"2","lanes:backward":"1","lanes:forward":"1","maxspeed":"40","name":"Punggol Place","sidewalk:both":"separate","surface":"asphalt","turn:lanes:backward":"through;right","turn:lanes:forward":"through;right"},"geometry":{"type":"LineString","coordinates":[[103.9014372,1.4004839],[103.9014648,1.4005302]]}},{"type":"Feature","id":"way/636849865-0-0-0","properties":{"highway":"residential","lanes":"2","lanes:backward":"1","lanes:forward":"1","maxspeed":"40","name":"Punggol Place","sidewalk:both":"separate","surface":"asphalt","turn:lanes:backward":"through;right","turn:lanes:forward":"left;through"},"geometry":{"type":"LineString","coordinates":[[103.9019259,1.3994872],[103.9016427,1.3996524]]}},{"type":"Feature","id":"way/636849865-0-1-0","properties":{"highway":"residential","lanes":"2","lanes:backward":"1","lanes:forward":"1","maxspeed":"40","name":"Punggol Place","sidewalk:both":"separate","surface":"asphalt","turn:lanes:backward":"through;right","turn:lanes:forward":"left;through"},"geometry":{"type":"LineString","coordinates":[[103.9016427,1.3996524],[103.9015177,1.3997249]]}},{"type":"Feature","id":"way/636849866-0-0-0","properties":{"highway":"residential","lanes":"3","lanes:backward":"1","lanes:forward":"2","maxspeed":"40","name":"Punggol Place","sidewalk:both":"separate","surface":"asphalt","turn:lanes:forward":"left;through|right"},"geometry":{"type":"LineString","coordinates":[[103.9014648,1.4005302],[103.9015463,1.4006795]]}},{"type":"Feature","id":"way/636849866-0-1-0","properties":{"highway":"residential","lanes":"3","lanes:backward":"1","lanes:forward":"2","maxspeed":"40","name":"Punggol Place","sidewalk:both":"separate","surface":"asphalt","turn:lanes:forward":"left;through|right"},"geometry":{"type":"LineString","coordinates":[[103.9015463,1.4006795],[103.901586,1.4007421]]}},{"type":"Feature","id":"way/641122890-0-0-0","properties":{"highway":"service","lanes":"2","lanes:backward":"1","lanes:forward":"1","service":"driveway","surface":"asphalt","turn:lanes:backward":"left","turn:lanes:forward":"left;through"},"geometry":{"type":"LineString","coordinates":[[103.9034893,1.4006629],[103.903452,1.4005845]]}},{"type":"Feature","id":"way/641122890-0-1-0","properties":{"highway":"service","lanes":"2","lanes:backward":"1","lanes:forward":"1","service":"driveway","surface":"asphalt","turn:lanes:backward":"left","turn:lanes:forward":"left;through"},"geometry":{"type":"LineString","coordinates":[[103.903452,1.4005845],[103.9034144,1.4005017]]}},{"type":"Feature","id":"way/643579101-0-0-0","properties":{"highway":"service","lanes":"2","lanes:backward":"1","lanes:forward":"1","service":"driveway"},"geometry":{"type":"LineString","coordinates":[[103.9044598,1.39933],[103.9042289,1.3994405]]}},{"type":"Feature","id":"way/643579101-0-1-0","properties":{"highway":"service","lanes":"2","lanes:backward":"1","lanes:forward":"1","service":"driveway"},"geometry":{"type":"LineString","coordinates":[[103.9042289,1.3994405],[103.9042026,1.3994413]]}},{"type":"Feature","id":"way/643579101-0-2-0","properties":{"highway":"service","lanes":"2","lanes:backward":"1","lanes:forward":"1","service":"driveway"},"geometry":{"type":"LineString","coordinates":[[103.9042026,1.3994413],[103.9039681,1.3993613]]}},{"type":"Feature","id":"way/643579101-0-3-0","properties":{"highway":"service","lanes":"2","lanes:backward":"1","lanes:forward":"1","service":"driveway"},"geometry":{"type":"LineString","coordinates":[[103.9039681,1.3993613],[103.9039159,1.3993071]]}},{"type":"Feature","id":"way/644683382-0-0-0","properties":{"highway":"residential","lanes":"2","lanes:backward":"1","lanes:forward":"1","maxspeed":"40","name":"Punggol Place","sidewalk:both":"separate","surface":"asphalt","turn:lanes:forward":"left;through"},"geometry":{"type":"LineString","coordinates":[[103.9023044,1.3992664],[103.9019259,1.3994872]]}},{"type":"Feature","id":"way/645246524-0-0-0","properties":{"highway":"service","lanes":"2","lanes:backward":"1","lanes:forward":"1","service":"driveway","surface":"asphalt","turn:lanes:backward":"left","turn:lanes:forward":"left;through"},"geometry":{"type":"LineString","coordinates":[[103.9023587,1.3990695],[103.9023121,1.3990637]]}},{"type":"Feature","id":"way/645246524-0-1-0","properties":{"highway":"service","lanes":"2","lanes:backward":"1","lanes:forward":"1","service":"driveway","surface":"asphalt","turn:lanes:backward":"left","turn:lanes:forward":"left;through"},"geometry":{"type":"LineString","coordinates":[[103.9023121,1.3990637],[103.9022759,1.3990407]]}},{"type":"Feature","id":"way/645246524-0-2-0","properties":{"highway":"service","lanes":"2","lanes:backward":"1","lanes:forward":"1","service":"driveway","surface":"asphalt","turn:lanes:backward":"left","turn:lanes:forward":"left;through"},"geometry":{"type":"LineString","coordinates":[[103.9022759,1.3990407],[103.9021974,1.3989732]]}},{"type":"Feature","id":"way/646218808-0-0-0","properties":{"highway":"service","lanes":"2","lanes:backward":"1","lanes:forward":"1","service":"driveway","turn:lanes:backward":"through","turn:lanes:forward":"left;right"},"geometry":{"type":"LineString","coordinates":[[103.9014163,1.399604],[103.9014292,1.3996269]]}},{"type":"Feature","id":"way/646218808-0-1-0","properties":{"highway":"service","lanes":"2","lanes:backward":"1","lanes:forward":"1","service":"driveway","turn:lanes:backward":"through","turn:lanes:forward":"left;right"},"geometry":{"type":"LineString","coordinates":[[103.9014292,1.3996269],[103.9014484,1.399655]]}},{"type":"Feature","id":"way/646218808-0-2-0","properties":{"highway":"service","lanes":"2","lanes:backward":"1","lanes:forward":"1","service":"driveway","turn:lanes:backward":"through","turn:lanes:forward":"left;right"},"geometry":{"type":"LineString","coordinates":[[103.9014484,1.399655],[103.9015177,1.3997249]]}},{"type":"Feature","id":"way/646219997-0-0-0","properties":{"highway":"service","lanes":"2","lanes:backward":"1","lanes:forward":"1","service":"driveway","turn:lanes:backward":"through","turn:lanes:forward":"left;right"},"geometry":{"type":"LineString","coordinates":[[103.9012415,1.3998709],[103.9012985,1.3997523]]}},{"type":"Feature","id":"way/646219997-0-1-0","properties":{"highway":"service","lanes":"2","lanes:backward":"1","lanes:forward":"1","service":"driveway","turn:lanes:backward":"through","turn:lanes:forward":"left;right"},"geometry":{"type":"LineString","coordinates":[[103.9012985,1.3997523],[103.9013348,1.3996864]]}},{"type":"Feature","id":"way/646656052-0-0-0","properties":{"highway":"service","lanes":"2","lanes:backward":"1","lanes:forward":"1","service":"driveway","sidewalk":"left","surface":"asphalt"},"geometry":{"type":"LineString","coordinates":[[103.9046652,1.3970009],[103.9043462,1.3972958]]}},{"type":"Feature","id":"way/646656052-0-1-0","properties":{"highway":"service","lanes":"2","lanes:backward":"1","lanes:forward":"1","service":"driveway","sidewalk":"left","surface":"asphalt"},"geometry":{"type":"LineString","coordinates":[[103.9043462,1.3972958],[103.90431,1.3973969]]}},{"type":"Feature","id":"way/646656052-0-2-0","properties":{"highway":"service","lanes":"2","lanes:backward":"1","lanes:forward":"1","service":"driveway","sidewalk":"left","surface":"asphalt"},"geometry":{"type":"LineString","coordinates":[[103.90431,1.3973969],[103.904302,1.3974573]]}},{"type":"Feature","id":"way/646656052-0-3-0","properties":{"highway":"service","lanes":"2","lanes:backward":"1","lanes:forward":"1","service":"driveway","sidewalk":"left","surface":"asphalt"},"geometry":{"type":"LineString","coordinates":[[103.904302,1.3974573],[103.9043127,1.3975082]]}},{"type":"Feature","id":"way/646656052-0-4-0","properties":{"highway":"service","lanes":"2","lanes:backward":"1","lanes:forward":"1","service":"driveway","sidewalk":"left","surface":"asphalt"},"geometry":{"type":"LineString","coordinates":[[103.9043127,1.3975082],[103.9043261,1.3975297]]}},{"type":"Feature","id":"way/646656052-0-5-0","properties":{"highway":"service","lanes":"2","lanes:backward":"1","lanes:forward":"1","service":"driveway","sidewalk":"left","surface":"asphalt"},"geometry":{"type":"LineString","coordinates":[[103.9043261,1.3975297],[103.9044562,1.3976812]]}},{"type":"Feature","id":"way/646656052-0-6-0","properties":{"highway":"service","lanes":"2","lanes:backward":"1","lanes:forward":"1","service":"driveway","sidewalk":"left","surface":"asphalt"},"geometry":{"type":"LineString","coordinates":[[103.9044562,1.3976812],[103.9044683,1.3977214]]}},{"type":"Feature","id":"way/646656052-0-7-0","properties":{"highway":"service","lanes":"2","lanes:backward":"1","lanes:forward":"1","service":"driveway","sidewalk":"left","surface":"asphalt"},"geometry":{"type":"LineString","coordinates":[[103.9044683,1.3977214],[103.9044629,1.3977509]]}},{"type":"Feature","id":"way/646656052-0-8-0","properties":{"highway":"service","lanes":"2","lanes:backward":"1","lanes:forward":"1","service":"driveway","sidewalk":"left","surface":"asphalt"},"geometry":{"type":"LineString","coordinates":[[103.9044629,1.3977509],[103.9044307,1.397834]]}},{"type":"Feature","id":"way/646656052-0-9-0","properties":{"highway":"service","lanes":"2","lanes:backward":"1","lanes:forward":"1","service":"driveway","sidewalk":"left","surface":"asphalt"},"geometry":{"type":"LineString","coordinates":[[103.9044307,1.397834],[103.9044267,1.3978742]]}},{"type":"Feature","id":"way/646656052-0-10-0","properties":{"highway":"service","lanes":"2","lanes:backward":"1","lanes:forward":"1","service":"driveway","sidewalk":"left","surface":"asphalt"},"geometry":{"type":"LineString","coordinates":[[103.9044267,1.3978742],[103.9044414,1.3979198]]}},{"type":"Feature","id":"way/646656052-0-11-0","properties":{"highway":"service","lanes":"2","lanes:backward":"1","lanes:forward":"1","service":"driveway","sidewalk":"left","surface":"asphalt"},"geometry":{"type":"LineString","coordinates":[[103.9044414,1.3979198],[103.904503,1.3980549]]}},{"type":"Feature","id":"way/646656052-0-12-0","properties":{"highway":"service","lanes":"2","lanes:backward":"1","lanes:forward":"1","service":"driveway","sidewalk":"left","surface":"asphalt"},"geometry":{"type":"LineString","coordinates":[[103.904503,1.3980549],[103.9045444,1.3981458]]}},{"type":"Feature","id":"way/646656052-0-13-0","properties":{"highway":"service","lanes":"2","lanes:backward":"1","lanes:forward":"1","service":"driveway","sidewalk":"left","surface":"asphalt"},"geometry":{"type":"LineString","coordinates":[[103.9045444,1.3981458],[103.9047855,1.3986748]]}},{"type":"Feature","id":"way/649801637-0-0-0","properties":{"highway":"tertiary","lanes":"4","maxspeed":"50","name":"Punggol Field","name:en":"Punggol Field","name:zh":"\u699c\u9e45\u573a","oneway":"yes","sidewalk:left":"separate","sidewalk:right":"no","surface":"asphalt","turn:lanes":"left|through|through;right|right"},"geometry":{"type":"LineString","coordinates":[[103.9043788,1.4003998],[103.9046828,1.4002637]]}},{"type":"Feature","id":"way/651945727-0-0-0","properties":{"highway":"tertiary","lanes":"2","maxspeed":"50","name":"Punggol Field","name:en":"Punggol Field","name:zh":"\u699c\u9e45\u573a","oneway":"yes","sidewalk:left":"separate","sidewalk:right":"no","surface":"asphalt","turn:lanes":"left;through|through"},"geometry":{"type":"LineString","coordinates":[[103.9034099,1.4008569],[103.9040798,1.4005367]]}},{"type":"Feature","id":"way/651981593-0-0-0","properties":{"highway":"tertiary","lanes":"2","maxspeed":"50","name":"Punggol Field","name:en":"Punggol Field","name:zh":"\u699c\u9e45\u573a","oneway":"yes","sidewalk:left":"separate","sidewalk:right":"no","surface":"asphalt","turn:lanes":"through|through"},"geometry":{"type":"LineString","coordinates":[[103.9034893,1.4006629],[103.9031874,1.4008139]]}},{"type":"Feature","id":"way/651981596-0-0-0","properties":{"highway":"tertiary","lanes":"2","maxspeed":"50","name":"Punggol Field","name:en":"Punggol Field","name:zh":"\u699c\u9e45\u573a","oneway":"yes","sidewalk:left":"separate","sidewalk:right":"no","surface":"asphalt"},"geometry":{"type":"LineString","coordinates":[[103.9046394,1.4000692],[103.9038151,1.4005047]]}},{"type":"Feature","id":"way/661322721-0-0-0","properties":{"destination":"Tampines Expressway","destination:ref":"TPE","highway":"motorway_link","lanes":"2","lit":"yes","maxheight":"4.5","maxspeed":"50","oneway":"yes","sidewalk:left":"separate","sidewalk:right":"no","surface":"asphalt"},"geometry":{"type":"LineString","coordinates":[[103.9042112,1.3969641],[103.9043574,1.3968283]]}},{"type":"Feature","id":"way/661322721-0-1-0","properties":{"destination":"Tampines Expressway","destination:ref":"TPE","highway":"motorway_link","lanes":"2","lit":"yes","maxheight":"4.5","maxspeed":"50","oneway":"yes","sidewalk:left":"separate","sidewalk:right":"no","surface":"asphalt"},"geometry":{"type":"LineString","coordinates":[[103.9043574,1.3968283],[103.9045343,1.3966667]]}},{"type":"Feature","id":"way/668176473-0-0-0","properties":{"access:lanes":"no|yes|yes","bus:lanes":"yes|no|no","busway:left":"lane","destination":"Tampines Expressway","destination:ref":"TPE","highway":"motorway_link","lanes":"3","lit":"yes","maxheight":"4.5","maxspeed":"50","oneway":"yes","sidewalk:left":"separate","sidewalk:right":"no","surface":"asphalt"},"geometry":{"type":"LineString","coordinates":[[103.9045343,1.3966667],[103.904897,1.396363]]}},{"type":"Feature","id":"way/670143826-0-0-0","properties":{"highway":"residential","lanes":"2","lanes:backward":"1","lanes:forward":"1","maxspeed":"40","name":"Punggol Place","sidewalk:both":"separate","surface":"asphalt","turn:lanes:backward":"through;right"},"geometry":{"type":"LineString","coordinates":[[103.9015177,1.3997249],[103.9014659,1.3997825]]}},{"type":"Feature","id":"way/670143826-0-1-0","properties":{"highway":"residential","lanes":"2","lanes:backward":"1","lanes:forward":"1","maxspeed":"40","name":"Punggol Place","sidewalk:both":"separate","surface":"asphalt","turn:lanes:backward":"through;right"},"geometry":{"type":"LineString","coordinates":[[103.9014659,1.3997825],[103.9014307,1.3998323]]}},{"type":"Feature","id":"way/670143826-0-2-0","properties":{"highway":"residential","lanes":"2","lanes:backward":"1","lanes:forward":"1","maxspeed":"40","name":"Punggol Place","sidewalk:both":"separate","surface":"asphalt","turn:lanes:backward":"through;right"},"geometry":{"type":"LineString","coordinates":[[103.9014307,1.3998323],[103.9013922,1.3998771]]}},{"type":"Feature","id":"way/676595997-0-0-0","properties":{"highway":"service","lanes":"2","lanes:backward":"1","lanes:forward":"1","service":"driveway","turn:lanes:backward":"through","turn:lanes:forward":"left;through"},"geometry":{"type":"LineString","coordinates":[[103.9026171,1.3965496],[103.9024262,1.3966707]]}},{"type":"Feature","id":"way/692261474-0-0-0","properties":{"highway":"service","lanes":"2","lanes:backward":"1","lanes:forward":"1","service":"driveway"},"geometry":{"type":"LineString","coordinates":[[103.9039785,1.3982704],[103.9036972,1.3984079]]}},{"type":"Feature","id":"way/692261474-0-1-0","properties":{"highway":"service","lanes":"2","lanes:backward":"1","lanes:forward":"1","service":"driveway"},"geometry":{"type":"LineString","coordinates":[[103.9036972,1.3984079],[103.9036789,1.3984221]]}},{"type":"Feature","id":"way/692261474-0-2-0","properties":{"highway":"service","lanes":"2","lanes:backward":"1","lanes:forward":"1","service":"driveway"},"geometry":{"type":"LineString","coordinates":[[103.9036789,1.3984221],[103.9035863,1.3985452]]}},{"type":"Feature","id":"way/692261474-0-3-0","properties":{"highway":"service","lanes":"2","lanes:backward":"1","lanes:forward":"1","service":"driveway"},"geometry":{"type":"LineString","coordinates":[[103.9035863,1.3985452],[103.9035614,1.3985715]]}},{"type":"Feature","id":"way/692261474-0-4-0","properties":{"highway":"service","lanes":"2","lanes:backward":"1","lanes:forward":"1","service":"driveway"},"geometry":{"type":"LineString","coordinates":[[103.9035614,1.3985715],[103.9035309,1.3985928]]}},{"type":"Feature","id":"way/693032929-0-0-0","properties":{"highway":"residential","lanes":"1","maxspeed":"40","name":"Punggol Place","oneway":"yes","sidewalk:left":"separate","sidewalk:right":"no","surface":"asphalt"},"geometry":{"type":"LineString","coordinates":[[103.9023044,1.3992664],[103.9024984,1.399168]]}},{"type":"Feature","id":"way/693032929-0-1-0","properties":{"highway":"residential","lanes":"1","maxspeed":"40","name":"Punggol Place","oneway":"yes","sidewalk:left":"separate","sidewalk:right":"no","surface":"asphalt"},"geometry":{"type":"LineString","coordinates":[[103.9024984,1.399168],[103.9025509,1.39912]]}},{"type":"Feature","id":"way/693032929-0-2-0","properties":{"highway":"residential","lanes":"1","maxspeed":"40","name":"Punggol Place","oneway":"yes","sidewalk:left":"separate","sidewalk:right":"no","surface":"asphalt"},"geometry":{"type":"LineString","coordinates":[[103.9025509,1.39912],[103.9025635,1.3990547]]}},{"type":"Feature","id":"way/703348573-0-0-0","properties":{"highway":"service","lanes":"2","lanes:backward":"1","lanes:forward":"1","service":"parking_aisle","turn:lanes:backward":"through","turn:lanes:forward":"left;right"},"geometry":{"type":"LineString","coordinates":[[103.9018612,1.3993624],[103.9018938,1.3994252]]}},{"type":"Feature","id":"way/703348573-0-1-0","properties":{"highway":"service","lanes":"2","lanes:backward":"1","lanes:forward":"1","service":"parking_aisle","turn:lanes:backward":"through","turn:lanes:forward":"left;right"},"geometry":{"type":"LineString","coordinates":[[103.9018938,1.3994252],[103.9019259,1.3994872]]}},{"type":"Feature","id":"way/703348574-0-0-0","properties":{"highway":"service","lanes":"2","lanes:backward":"1","lanes:forward":"1","service":"parking_aisle","turn:lanes:backward":"through","turn:lanes:forward":"through"},"geometry":{"type":"LineString","coordinates":[[103.9012147,1.3989776],[103.9011866,1.3989254]]}},{"type":"Feature","id":"way/703348574-0-1-0","properties":{"highway":"service","lanes":"2","lanes:backward":"1","lanes:forward":"1","service":"parking_aisle","turn:lanes:backward":"through","turn:lanes:forward":"through"},"geometry":{"type":"LineString","coordinates":[[103.9011866,1.3989254],[103.9011799,1.3989012]]}},{"type":"Feature","id":"way/703348574-0-2-0","properties":{"highway":"service","lanes":"2","lanes:backward":"1","lanes:forward":"1","service":"parking_aisle","turn:lanes:backward":"through","turn:lanes:forward":"through"},"geometry":{"type":"LineString","coordinates":[[103.9011799,1.3989012],[103.9011893,1.3988811]]}},{"type":"Feature","id":"way/703363577-0-0-0","properties":{"highway":"service","lanes":"2","lanes:backward":"1","lanes:forward":"1","service":"driveway","turn:lanes:backward":"through","turn:lanes:forward":"through"},"geometry":{"type":"LineString","coordinates":[[103.9014179,1.4007474],[103.9013604,1.400658]]}},{"type":"Feature","id":"way/703363577-0-1-0","properties":{"highway":"service","lanes":"2","lanes:backward":"1","lanes:forward":"1","service":"driveway","turn:lanes:backward":"through","turn:lanes:forward":"through"},"geometry":{"type":"LineString","coordinates":[[103.9013604,1.400658],[103.9013261,1.4005798]]}},{"type":"Feature","id":"way/703363577-0-2-0","properties":{"highway":"service","lanes":"2","lanes:backward":"1","lanes:forward":"1","service":"driveway","turn:lanes:backward":"through","turn:lanes:forward":"through"},"geometry":{"type":"LineString","coordinates":[[103.9013261,1.4005798],[103.9012915,1.4005011]]}},{"type":"Feature","id":"way/703363578-0-0-0","properties":{"highway":"service","lanes":"2","lanes:backward":"1","lanes:forward":"1","service":"driveway","turn:lanes:backward":"through","turn:lanes:forward":"left;through"},"geometry":{"type":"LineString","coordinates":[[103.9012915,1.4005011],[103.9012138,1.4003366]]}},{"type":"Feature","id":"way/703363578-0-1-0","properties":{"highway":"service","lanes":"2","lanes:backward":"1","lanes:forward":"1","service":"driveway","turn:lanes:backward":"through","turn:lanes:forward":"left;through"},"geometry":{"type":"LineString","coordinates":[[103.9012138,1.4003366],[103.901184,1.400134]]}},{"type":"Feature","id":"way/703364628-0-0-0","properties":{"highway":"service","lanes":"2","lanes:backward":"1","lanes:forward":"1","service":"driveway","turn:lanes:backward":"left;through;right","turn:lanes:forward":"through"},"geometry":{"type":"LineString","coordinates":[[103.901184,1.400134],[103.9012146,1.3999787]]}},{"type":"Feature","id":"way/703364628-0-1-0","properties":{"highway":"service","lanes":"2","lanes:backward":"1","lanes:forward":"1","service":"driveway","turn:lanes:backward":"left;through;right","turn:lanes:forward":"through"},"geometry":{"type":"LineString","coordinates":[[103.9012146,1.3999787],[103.9012415,1.3998709]]}},{"type":"Feature","id":"way/703370017-0-0-0","properties":{"highway":"service","lanes":"2","lanes:backward":"1","lanes:forward":"1","service":"driveway","turn:lanes:backward":"through;right","turn:lanes:forward":"through"},"geometry":{"type":"LineString","coordinates":[[103.9004532,1.4005573],[103.90039,1.4004747]]}},{"type":"Feature","id":"way/703370018-0-0-0","properties":{"highway":"service","lanes":"2","lanes:backward":"1","lanes:forward":"1","service":"driveway","turn:lanes:backward":"through","turn:lanes:forward":"left;through"},"geometry":{"type":"LineString","coordinates":[[103.900482,1.4007209],[103.9004795,1.4006435]]}},{"type":"Feature","id":"way/703370018-0-1-0","properties":{"highway":"service","lanes":"2","lanes:backward":"1","lanes:forward":"1","service":"driveway","turn:lanes:backward":"through","turn:lanes:forward":"left;through"},"geometry":{"type":"LineString","coordinates":[[103.9004795,1.4006435],[103.9004762,1.4006031]]}},{"type":"Feature","id":"way/703370018-0-2-0","properties":{"highway":"service","lanes":"2","lanes:backward":"1","lanes:forward":"1","service":"driveway","turn:lanes:backward":"through","turn:lanes:forward":"left;through"},"geometry":{"type":"LineString","coordinates":[[103.9004762,1.4006031],[103.9004683,1.4005767]]}},{"type":"Feature","id":"way/703370018-0-3-0","properties":{"highway":"service","lanes":"2","lanes:backward":"1","lanes:forward":"1","service":"driveway","turn:lanes:backward":"through","turn:lanes:forward":"left;through"},"geometry":{"type":"LineString","coordinates":[[103.9004683,1.4005767],[103.9004532,1.4005573]]}},{"type":"Feature","id":"way/703370020-0-1-0","properties":{"highway":"service","lanes":"2","lanes:backward":"1","lanes:forward":"1","service":"driveway","turn:lanes:backward":"through","turn:lanes:forward":"through"},"geometry":{"type":"LineString","coordinates":[[103.9004092,1.400291],[103.900802,1.4001373]]}},{"type":"Feature","id":"way/703370020-0-2-0","properties":{"highway":"service","lanes":"2","lanes:backward":"1","lanes:forward":"1","service":"driveway","turn:lanes:backward":"through","turn:lanes:forward":"through"},"geometry":{"type":"LineString","coordinates":[[103.900802,1.4001373],[103.9008595,1.4001205]]}},{"type":"Feature","id":"way/703370020-0-3-0","properties":{"highway":"service","lanes":"2","lanes:backward":"1","lanes:forward":"1","service":"driveway","turn:lanes:backward":"through","turn:lanes:forward":"through"},"geometry":{"type":"LineString","coordinates":[[103.9008595,1.4001205],[103.9009436,1.4001143]]}},{"type":"Feature","id":"way/703370021-0-0-0","properties":{"highway":"service","lanes":"2","lanes:backward":"1","lanes:forward":"1","service":"driveway","turn:lanes:backward":"through","turn:lanes:forward":"left;through"},"geometry":{"type":"LineString","coordinates":[[103.9009436,1.4001143],[103.9011134,1.4001282]]}},{"type":"Feature","id":"way/703370021-0-1-0","properties":{"highway":"service","lanes":"2","lanes:backward":"1","lanes:forward":"1","service":"driveway","turn:lanes:backward":"through","turn:lanes:forward":"left;through"},"geometry":{"type":"LineString","coordinates":[[103.9011134,1.4001282],[103.901184,1.400134]]}},{"type":"Feature","id":"way/703411376-0-0-0","properties":{"highway":"service","lanes":"1","oneway":"yes","service":"driveway","turn:lanes":"left;right"},"geometry":{"type":"LineString","coordinates":[[103.9013261,1.399467],[103.9013019,1.3995314]]}},{"type":"Feature","id":"way/703411376-0-1-0","properties":{"highway":"service","lanes":"1","oneway":"yes","service":"driveway","turn:lanes":"left;right"},"geometry":{"type":"LineString","coordinates":[[103.9013019,1.3995314],[103.9012966,1.3996198]]}},{"type":"Feature","id":"way/703411376-0-2-0","properties":{"highway":"service","lanes":"1","oneway":"yes","service":"driveway","turn:lanes":"left;right"},"geometry":{"type":"LineString","coordinates":[[103.9012966,1.3996198],[103.9013348,1.3996864]]}},{"type":"Feature","id":"way/703414513-0-0-0","properties":{"highway":"service","lanes":"2","lanes:backward":"1","lanes:forward":"1","service":"driveway","turn:lanes:backward":"through;right","turn:lanes:forward":"through"},"geometry":{"type":"LineString","coordinates":[[103.9013261,1.399467],[103.9014163,1.399604]]}},{"type":"Feature","id":"way/704878780-0-0-0","properties":{"highway":"service","lanes":"2","lanes:backward":"1","lanes:forward":"1","service":"driveway","surface":"asphalt","turn:lanes:backward":"through","turn:lanes:forward":"left;through"},"geometry":{"type":"LineString","coordinates":[[103.9023317,1.3982421],[103.9027536,1.3980328]]}},{"type":"Feature","id":"way/704878781-0-0-0","properties":{"highway":"service","lanes":"2","lanes:backward":"1","lanes:forward":"1","service":"driveway","turn:lanes:backward":"left;right"},"geometry":{"type":"LineString","coordinates":[[103.9027536,1.3980328],[103.9029219,1.3983821]]}},{"type":"Feature","id":"way/704878782-0-0-0","properties":{"highway":"service","lanes":"2","lanes:backward":"1","lanes:forward":"1","service":"driveway","surface":"asphalt"},"geometry":{"type":"LineString","coordinates":[[103.9019275,1.3985025],[103.9019406,1.3984493]]}},{"type":"Feature","id":"way/704878782-0-1-0","properties":{"highway":"service","lanes":"2","lanes:backward":"1","lanes:forward":"1","service":"driveway","surface":"asphalt"},"geometry":{"type":"LineString","coordinates":[[103.9019406,1.3984493],[103.9019695,1.3984196]]}},{"type":"Feature","id":"way/704878782-0-2-0","properties":{"highway":"service","lanes":"2","lanes:backward":"1","lanes:forward":"1","service":"driveway","surface":"asphalt"},"geometry":{"type":"LineString","coordinates":[[103.9019695,1.3984196],[103.9023317,1.3982421]]}},{"type":"Feature","id":"way/704878783-0-0-0","properties":{"highway":"service","lanes":"2","lanes:backward":"1","lanes:forward":"1","service":"driveway"},"geometry":{"type":"LineString","coordinates":[[103.9023317,1.3982421],[103.902468,1.3985233]]}},{"type":"Feature","id":"way/704878783-0-1-0","properties":{"highway":"service","lanes":"2","lanes:backward":"1","lanes:forward":"1","service":"driveway"},"geometry":{"type":"LineString","coordinates":[[103.902468,1.3985233],[103.9025647,1.3986325]]}},{"type":"Feature","id":"way/704878783-0-2-0","properties":{"highway":"service","lanes":"2","lanes:backward":"1","lanes:forward":"1","service":"driveway"},"geometry":{"type":"LineString","coordinates":[[103.9025647,1.3986325],[103.902601,1.3987126]]}},{"type":"Feature","id":"way/704878784-0-0-0","properties":{"highway":"service","lanes":"2","lanes:backward":"1","lanes:forward":"1","service":"driveway","turn:lanes:backward":"left","turn:lanes:forward":"left;right"},"geometry":{"type":"LineString","coordinates":[[103.9025635,1.3990547],[103.9026077,1.3990514]]}},{"type":"Feature","id":"way/704878784-0-1-0","properties":{"highway":"service","lanes":"2","lanes:backward":"1","lanes:forward":"1","service":"driveway","turn:lanes:backward":"left","turn:lanes:forward":"left;right"},"geometry":{"type":"LineString","coordinates":[[103.9026077,1.3990514],[103.9026983,1.3990466]]}},{"type":"Feature","id":"way/704893871-0-0-0","properties":{"highway":"service","lanes":"2","lanes:backward":"1","lanes:forward":"1","service":"driveway","surface":"asphalt","turn:lanes:forward":"left;right"},"geometry":{"type":"LineString","coordinates":[[103.903648,1.4003885],[103.9034144,1.4005017]]}},{"type":"Feature","id":"way/704893872-0-0-0","properties":{"highway":"service","lanes":"2","lanes:backward":"1","lanes:forward":"1","service":"driveway"},"geometry":{"type":"LineString","coordinates":[[103.9042281,1.4000873],[103.9040861,1.3997914]]}},{"type":"Feature","id":"way/704893873-0-0-0","properties":{"highway":"service","lanes":"2","lanes:backward":"1","lanes:forward":"1","service":"driveway","surface":"asphalt"},"geometry":{"type":"LineString","coordinates":[[103.9044598,1.39933],[103.9046486,1.3997215]]}},{"type":"Feature","id":"way/704893873-0-1-0","properties":{"highway":"service","lanes":"2","lanes:backward":"1","lanes:forward":"1","service":"driveway","surface":"asphalt"},"geometry":{"type":"LineString","coordinates":[[103.9046486,1.3997215],[103.9046617,1.3997818]]}},{"type":"Feature","id":"way/704893873-0-2-0","properties":{"highway":"service","lanes":"2","lanes:backward":"1","lanes:forward":"1","service":"driveway","surface":"asphalt"},"geometry":{"type":"LineString","coordinates":[[103.9046617,1.3997818],[103.9046548,1.3998313]]}},{"type":"Feature","id":"way/704893874-0-0-0","properties":{"highway":"service","lanes":"2","lanes:backward":"1","lanes:forward":"1","service":"driveway","surface":"asphalt","turn:lanes:backward":"through","turn:lanes:forward":"through"},"geometry":{"type":"LineString","coordinates":[[103.9041778,1.3986855],[103.904293,1.3989524]]}},{"type":"Feature","id":"way/704893875-0-0-0","properties":{"highway":"service","lanes":"1","oneway":"yes","service":"driveway","turn:lanes":"through"},"geometry":{"type":"LineString","coordinates":[[103.9041778,1.3986855],[103.9041499,1.3987028]]}},{"type":"Feature","id":"way/704893875-0-1-0","properties":{"highway":"service","lanes":"1","oneway":"yes","service":"driveway","turn:lanes":"through"},"geometry":{"type":"LineString","coordinates":[[103.9041499,1.3987028],[103.9041306,1.3987267]]}},{"type":"Feature","id":"way/704893875-0-2-0","properties":{"highway":"service","lanes":"1","oneway":"yes","service":"driveway","turn:lanes":"through"},"geometry":{"type":"LineString","coordinates":[[103.9041306,1.3987267],[103.904122,1.3987558]]}},{"type":"Feature","id":"way/704893875-0-3-0","properties":{"highway":"service","lanes":"1","oneway":"yes","service":"driveway","turn:lanes":"through"},"geometry":{"type":"LineString","coordinates":[[103.904122,1.3987558],[103.9041279,1.398812]]}},{"type":"Feature","id":"way/704893875-0-4-0","properties":{"highway":"service","lanes":"1","oneway":"yes","service":"driveway","turn:lanes":"through"},"geometry":{"type":"LineString","coordinates":[[103.9041279,1.398812],[103.9041443,1.3988693]]}},{"type":"Feature","id":"way/704893875-0-5-0","properties":{"highway":"service","lanes":"1","oneway":"yes","service":"driveway","turn:lanes":"through"},"geometry":{"type":"LineString","coordinates":[[103.9041443,1.3988693],[103.9041664,1.3989048]]}},{"type":"Feature","id":"way/704893875-0-6-0","properties":{"highway":"service","lanes":"1","oneway":"yes","service":"driveway","turn:lanes":"through"},"geometry":{"type":"LineString","coordinates":[[103.9041664,1.3989048],[103.9042037,1.398931]]}},{"type":"Feature","id":"way/704893875-0-7-0","properties":{"highway":"service","lanes":"1","oneway":"yes","service":"driveway","turn:lanes":"through"},"geometry":{"type":"LineString","coordinates":[[103.9042037,1.398931],[103.9042383,1.3989482]]}},{"type":"Feature","id":"way/704893875-0-8-0","properties":{"highway":"service","lanes":"1","oneway":"yes","service":"driveway","turn:lanes":"through"},"geometry":{"type":"LineString","coordinates":[[103.9042383,1.3989482],[103.904293,1.3989524]]}},{"type":"Feature","id":"way/704893876-0-0-0","properties":{"highway":"service","lanes":"2","lanes:backward":"1","lanes:forward":"1","service":"driveway","surface":"asphalt","turn:lanes:backward":"through","turn:lanes:forward":"through"},"geometry":{"type":"LineString","coordinates":[[103.9029635,1.3979332],[103.9031639,1.3978449]]}},{"type":"Feature","id":"way/704893877-0-0-0","properties":{"highway":"service","lanes":"2","lanes:backward":"1","lanes:forward":"1","oneway":"yes","service":"driveway","turn:lanes:forward":"left;right"},"geometry":{"type":"LineString","coordinates":[[103.9033626,1.39825],[103.9031639,1.3978449]]}},{"type":"Feature","id":"way/704893878-0-0-0","properties":{"highway":"service","lanes":"2","lanes:backward":"1","lanes:forward":"1","service":"driveway","surface":"asphalt","turn:lanes:backward":"through;right","turn:lanes:forward":"through"},"geometry":{"type":"LineString","coordinates":[[103.9027536,1.3980328],[103.9029635,1.3979332]]}},{"type":"Feature","id":"way/717055145-0-0-0","properties":{"highway":"secondary","lanes":"6","lit":"yes","maxspeed":"60","name":"Punggol Road","name:en":"Punggol Road","name:zh":"\u699c\u9e45\u8def","oneway":"yes","sidewalk:left":"separate","sidewalk:right":"no","surface":"asphalt","turn:lanes":"left|left|through|through|through;right|right"},"geometry":{"type":"LineString","coordinates":[[103.9046956,1.3993276],[103.9047925,1.3995645]]}},{"type":"Feature","id":"way/717057840-0-0-0","properties":{"highway":"secondary","lanes":"5","maxspeed":"60","name":"Punggol Road","name:en":"Punggol Road","name:zh":"\u699c\u9e45\u8def","oneway":"yes","sidewalk:left":"separate","sidewalk:right":"no","surface":"asphalt","turn:lanes":"left|left|through|through|through"},"geometry":{"type":"LineString","coordinates":[[103.9042792,1.3980713],[103.9041011,1.3977284]]}},{"type":"Feature","id":"way/717268785-0-0-0","properties":{"highway":"service","lanes":"2","lanes:backward":"1","lanes:forward":"1","service":"driveway","surface":"asphalt","turn:lanes:forward":"left;right"},"geometry":{"type":"LineString","coordinates":[[103.9024711,1.3988263],[103.9024104,1.3988304]]}},{"type":"Feature","id":"way/717268785-0-1-0","properties":{"highway":"service","lanes":"2","lanes:backward":"1","lanes:forward":"1","service":"driveway","surface":"asphalt","turn:lanes:forward":"left;right"},"geometry":{"type":"LineString","coordinates":[[103.9024104,1.3988304],[103.9023607,1.3988516]]}},{"type":"Feature","id":"way/717268785-0-2-0","properties":{"highway":"service","lanes":"2","lanes:backward":"1","lanes:forward":"1","service":"driveway","surface":"asphalt","turn:lanes:forward":"left;right"},"geometry":{"type":"LineString","coordinates":[[103.9023607,1.3988516],[103.9021974,1.3989732]]}},{"type":"Feature","id":"way/718240842-0-0-0","properties":{"destination":"Punggol Road","highway":"motorway_link","lanes":"2","lit":"yes","maxspeed":"50","oneway":"yes","sidewalk":"left","surface":"asphalt"},"geometry":{"type":"LineString","coordinates":[[103.9022782,1.3980405],[103.9025183,1.3979077]]}},{"type":"Feature","id":"way/726626037-0-0-0","properties":{"highway":"service","lanes":"2","lanes:backward":"1","lanes:forward":"1","service":"driveway","surface":"asphalt"},"geometry":{"type":"LineString","coordinates":[[103.9039785,1.3982704],[103.9040833,1.3984826]]}},{"type":"Feature","id":"way/726626037-0-1-0","properties":{"highway":"service","lanes":"2","lanes:backward":"1","lanes:forward":"1","service":"driveway","surface":"asphalt"},"geometry":{"type":"LineString","coordinates":[[103.9040833,1.3984826],[103.9041778,1.3986855]]}},{"type":"Feature","id":"way/727376665-0-0-0","properties":{"highway":"service","lanes":"2","lanes:backward":"1","lanes:forward":"1","service":"driveway","surface":"asphalt"},"geometry":{"type":"LineString","coordinates":[[103.904293,1.3989524],[103.9043969,1.3991859]]}},{"type":"Feature","id":"way/727376665-0-1-0","properties":{"highway":"service","lanes":"2","lanes:backward":"1","lanes:forward":"1","service":"driveway","surface":"asphalt"},"geometry":{"type":"LineString","coordinates":[[103.9043969,1.3991859],[103.9044598,1.39933]]}},{"type":"Feature","id":"way/727377195-0-0-0","properties":{"highway":"service","lanes":"2","lanes:backward":"1","lanes:forward":"1","service":"driveway","surface":"asphalt"},"geometry":{"type":"LineString","coordinates":[[103.9042281,1.4000873],[103.903648,1.4003885]]}},{"type":"Feature","id":"way/729796294-0-0-0","properties":{"highway":"service","lanes":"2","lanes:backward":"1","lanes:forward":"1","service":"driveway","turn:lanes:backward":"through","turn:lanes:forward":"left;right"},"geometry":{"type":"LineString","coordinates":[[103.9013348,1.3996864],[103.9014163,1.399604]]}},{"type":"Feature","id":"way/797763478-0-2-0","properties":{"highway":"service","lanes":"2","lanes:backward":"1","lanes:forward":"1","service":"driveway","sidewalk":"left","surface":"asphalt"},"geometry":{"type":"LineString","coordinates":[[103.9046777,1.3969893],[103.9046652,1.3970009]]}},{"type":"Feature","id":"way/797763479-0-0-0","properties":{"highway":"service","lanes":"2","lanes:backward":"1","lanes:forward":"1","service":"driveway","turn:lanes:forward":"left;right"},"geometry":{"type":"LineString","coordinates":[[103.9049967,1.3973018],[103.9046652,1.3970009]]}},{"type":"Feature","id":"way/1436952765-0-0-0","properties":{"highway":"service","service":"driveway"},"geometry":{"type":"LineString","coordinates":[[103.9013261,1.4005798],[103.9012946,1.4005989]]}},{"type":"Feature","id":"way/1436952765-0-1-0","properties":{"highway":"service","service":"driveway"},"geometry":{"type":"LineString","coordinates":[[103.9012946,1.4005989],[103.9012181,1.4006005]]}},{"type":"Feature","id":"way/1436952766-0-0-0","properties":{"highway":"service","service":"driveway"},"geometry":{"type":"LineString","coordinates":[[103.9004762,1.4006031],[103.9005585,1.4006044]]}},{"type":"Feature","id":"way/1482826290-0-0-0","properties":{"highway":"service","oneway":"yes","service":"driveway"},"geometry":{"type":"LineString","coordinates":[[103.9041511,1.4006603],[103.9041526,1.4006909]]}},{"type":"Feature","id":"way/1482826290-0-1-0","properties":{"highway":"service","oneway":"yes","service":"driveway"},"geometry":{"type":"LineString","coordinates":[[103.9041526,1.4006909],[103.9041452,1.4007201]]}},{"type":"Feature","id":"way/1482826290-0-2-0","properties":{"highway":"service","oneway":"yes","service":"driveway"},"geometry":{"type":"LineString","coordinates":[[103.9041452,1.4007201],[103.9041274,1.4007443]]}},{"type":"Feature","id":"way/1482826291-0-0-0","properties":{"highway":"service","oneway":"yes","service":"driveway"},"geometry":{"type":"LineString","coordinates":[[103.9044173,1.4005285],[103.9043463,1.4005558]]}},{"type":"Feature","id":"way/1482826291-0-1-0","properties":{"highway":"service","oneway":"yes","service":"driveway"},"geometry":{"type":"LineString","coordinates":[[103.9043463,1.4005558],[103.9042246,1.4006179]]}},{"type":"Feature","id":"way/1482826292-0-0-0","properties":{"highway":"service","oneway":"yes","service":"driveway"},"geometry":{"type":"LineString","coordinates":[[103.9042246,1.4006179],[103.9041896,1.4006346]]}},{"type":"Feature","id":"way/1482826292-0-1-0","properties":{"highway":"service","oneway":"yes","service":"driveway"},"geometry":{"type":"LineString","coordinates":[[103.9041896,1.4006346],[103.9041511,1.4006603]]}},{"type":"Feature","id":"way/1533556600-0-0-0","properties":{"highway":"service","service":"parking_aisle"},"geometry":{"type":"LineString","coordinates":[[103.9017296,1.3971164],[103.9018793,1.397022]]}},{"type":"Feature","id":"way/1533556600-0-1-0","properties":{"highway":"service","service":"parking_aisle"},"geometry":{"type":"LineString","coordinates":[[103.9018793,1.397022],[103.9018792,1.3969926]]}},{"type":"Feature","id":"way/1533556600-0-2-0","properties":{"highway":"service","service":"parking_aisle"},"geometry":{"type":"LineString","coordinates":[[103.9018792,1.3969926],[103.9018653,1.3969582]]}},{"type":"Feature","id":"way/1533556601-0-0-0","properties":{"highway":"service","service":"parking_aisle"},"geometry":{"type":"LineString","coordinates":[[103.9023077,1.396746],[103.9022676,1.3967499]]}},{"type":"Feature","id":"way/1533556601-0-1-0","properties":{"highway":"service","service":"parking_aisle"},"geometry":{"type":"LineString","coordinates":[[103.9022676,1.3967499],[103.9022427,1.3967361]]}},{"type":"Feature","id":"way/1533556601-0-2-0","properties":{"highway":"service","service":"parking_aisle"},"geometry":{"type":"LineString","coordinates":[[103.9022427,1.3967361],[103.9022326,1.3967195]]}}]}