{"type":"FeatureCollection","features":[{"type":"Feature","id":"relation/3885364-0","properties":{"building":"school","type":"multipolygon"},"geometry":{"type":"Polygon","coordinates":[[[103.9199139,1.3350429],[103.9198768,1.3351016],[103.9198408,1.335628],[103.9199026,1.3356323],[103.9199,1.3356702],[103.9201102,1.3356846],[103.9201043,1.335771],[103.919992,1.3357633],[103.9199883,1.3358173],[103.920097,1.3358248],[103.9200948,1.3358563],[103.9205673,1.3358887],[103.9205885,1.3355796],[103.9205514,1.335577],[103.9205903,1.3350095],[103.9207353,1.3350194],[103.9207435,1.3349005],[103.9204869,1.3348829],[103.9204733,1.3350812],[103.9199139,1.3350429]],[[103.9204819,1.3351793],[103.920465,1.3354703],[103.920133,1.335451],[103.9201285,1.3355289],[103.92005,1.3355243],[103.9200715,1.3351554],[103.9204819,1.3351793]],[[103.9200695,1.335601],[103.9200757,1.3356101],[103.9200853,1.3356154],[103.9200963,1.3356159],[103.9201063,1.3356114],[103.9201133,1.3356029],[103.9201163,1.3355492],[103.9201454,1.3355508],[103.9201401,1.3356467],[103.9200484,1.3356417],[103.9200537,1.3355456],[103.9200725,1.3355466],[103.9200695,1.335601]],[[103.9204407,1.3355674],[103.9204311,1.3357264],[103.9202286,1.3357142],[103.9202356,1.3355994],[103.920175,1.3355958],[103.9201777,1.3355515],[103.9204407,1.3355674]]]}},{"type":"Feature","id":"relation/11108880-0","properties":{"building":"school","type":"multipolygon"},"geometry":{"type":"Polygon","coordinates":[[[103.9215367,1.334997],[103.9215224,1.3353335],[103.9214274,1.3353294],[103.9214445,1.334933],[103.9211423,1.33492],[103.921112,1.3356227],[103.9208314,1.3356106],[103.9208228,1.3358105],[103.920819,1.3358974],[103.9208863,1.3359003],[103.9208848,1.3359355],[103.9208832,1.3359707],[103.9210939,1.3359798],[103.9210954,1.3359461],[103.9210969,1.3359123],[103.9213266,1.3359222],[103.9213285,1.3358789],[103.9214293,1.3358832],[103.9214376,1.3356905],[103.9215139,1.3356938],[103.9215135,1.3357045],[103.9217869,1.3357162],[103.9217883,1.3356832],[103.9218283,1.335685],[103.9218348,1.3355358],[103.9219248,1.3355397],[103.92193,1.3354191],[103.9216218,1.3354059],[103.9216256,1.335319],[103.9219288,1.3353321],[103.9219341,1.3352101],[103.9215983,1.3351956],[103.9216015,1.3351201],[103.9220431,1.3351391],[103.9220483,1.3350182],[103.9215367,1.334997]],[[103.9215288,1.3354168],[103.9215265,1.3354798],[103.9215126,1.3354793],[103.9215119,1.3354982],[103.9214854,1.3354973],[103.921485,1.3355077],[103.9214599,1.3355069],[103.9214592,1.3355262],[103.9214371,1.3355254],[103.9214369,1.3355317],[103.9214265,1.3355313],[103.9214306,1.3354133],[103.9215288,1.3354168]],[[103.9216073,1.3356368],[103.9216085,1.3356059],[103.9215949,1.3356054],[103.9215975,1.3355374],[103.9215615,1.335536],[103.9215645,1.33546],[103.9215772,1.3354605],[103.9215764,1.3354795],[103.921792,1.3354879],[103.9217885,1.3355793],[103.9218028,1.3355799],[103.9218014,1.3356173],[103.9217905,1.3356169],[103.9217894,1.3356467],[103.9217745,1.3356461],[103.9217749,1.3356345],[103.921736,1.3356329],[103.9217356,1.3356433],[103.9217146,1.3356425],[103.9217158,1.3356129],[103.9216822,1.3356116],[103.9216811,1.3356396],[103.9216629,1.3356389],[103.9216632,1.3356296],[103.9216306,1.3356284],[103.9216302,1.3356377],[103.9216073,1.3356368]],[[103.9215163,1.3356382],[103.9214185,1.3356345],[103.9214206,1.3355784],[103.9214318,1.3355788],[103.9214321,1.3355704],[103.921458,1.3355713],[103.9214587,1.3355533],[103.9214815,1.3355542],[103.9214819,1.3355438],[103.9215097,1.3355449],[103.9215103,1.3355294],[103.9215205,1.3355298],[103.9215163,1.3356382]]]}},{"type":"Feature","id":"way/175195764-0","properties":{"addr:city":"Singapore","addr:country":"SG","addr:housenumber":"705","addr:postcode":"470705","addr:street":"Bedok North Road","building":"residential","building:levels":"13","residential":"HDB","year":"1980"},"geometry":{"type":"Polygon","coordinates":[[[103.9193936,1.3366321],[103.9193633,1.3366307],[103.9193652,1.3365895],[103.9193519,1.336589],[103.9193534,1.3365571],[103.9192587,1.3365529],[103.9192572,1.3365854],[103.9191886,1.3365823],[103.91919,1.3365499],[103.9189341,1.3365383],[103.918933,1.3365625],[103.9188663,1.3365595],[103.9188677,1.3365279],[103.9187744,1.3365237],[103.9187732,1.3365505],[103.9187079,1.3365476],[103.9187094,1.3365138],[103.9186113,1.3365093],[103.9186101,1.3365378],[103.9185968,1.3365372],[103.9185951,1.3365736],[103.9185708,1.3365725],[103.9185692,1.336607],[103.9185668,1.3366596],[103.9186404,1.336663],[103.9186387,1.3366998],[103.9186711,1.3367013],[103.9186733,1.3366531],[103.9187985,1.3366587],[103.9187968,1.3366952],[103.9188284,1.3366966],[103.9188299,1.3366632],[103.9189399,1.3366682],[103.9189375,1.3367204],[103.9189443,1.3367275],[103.9190043,1.3367302],[103.9190112,1.3367237],[103.9190133,1.3366767],[103.9190421,1.336678],[103.9191196,1.3366815],[103.919118,1.3367166],[103.9191523,1.3367181],[103.9191538,1.3366837],[103.9192806,1.3366894],[103.9192783,1.3367399],[103.9193085,1.3367413],[103.91931,1.3367073],[103.9193521,1.3367092],[103.91939,1.3367109],[103.9193936,1.3366321]]]}},{"type":"Feature","id":"way/175195772-0","properties":{"addr:city":"Singapore","addr:country":"SG","addr:housenumber":"709","addr:postcode":"470709","addr:street":"Bedok Reservoir Road","building":"residential","building:levels":"10","residential":"HDB","year":"1980"},"geometry":{"type":"Polygon","coordinates":[[[103.9226522,1.3351712],[103.9222344,1.3353837],[103.9222113,1.3353383],[103.9221859,1.3353512],[103.9222076,1.3353939],[103.9221486,1.3354238],[103.9221023,1.3354474],[103.9220329,1.335677],[103.9220403,1.3356924],[103.9220969,1.3358098],[103.9220744,1.3358206],[103.9220842,1.3358409],[103.9221083,1.3358292],[103.9221608,1.335938],[103.9222257,1.3359067],[103.9222195,1.3358938],[103.9222524,1.3358779],[103.9222462,1.3358651],[103.9222721,1.3358526],[103.9222343,1.3357745],[103.9222106,1.3357859],[103.9221896,1.3357423],[103.9222119,1.3357315],[103.9221783,1.335662],[103.922216,1.3355552],[103.9222825,1.3355198],[103.9222695,1.3354953],[103.9223046,1.3354766],[103.9223161,1.3354982],[103.9226884,1.3352999],[103.9226989,1.3353032],[103.9230074,1.3353997],[103.9230151,1.3353753],[103.9230544,1.3353876],[103.9230458,1.3354151],[103.9232363,1.3354747],[103.9232428,1.3354541],[103.9232521,1.335457],[103.9232645,1.3354175],[103.9232811,1.3354227],[103.9233036,1.3353509],[103.9230811,1.3352813],[103.9230843,1.3352712],[103.9230411,1.3352577],[103.9230375,1.3352694],[103.9226822,1.3351582],[103.9226522,1.3351712]]]}},{"type":"Feature","id":"way/175195775-0","properties":{"addr:city":"Singapore","addr:country":"SG","addr:housenumber":"706","addr:postcode":"470706","addr:street":"Bedok North Road","building":"residential","building:levels":"13","residential":"HDB","year":"1980"},"geometry":{"type":"Polygon","coordinates":[[[103.9193685,1.3362805],[103.9193837,1.336281],[103.919385,1.3362412],[103.9194134,1.3362422],[103.9194163,1.3361577],[103.919342,1.3361551],[103.9193439,1.336099],[103.9193123,1.3360979],[103.9193099,1.3361678],[103.9191818,1.3361634],[103.9191839,1.3361038],[103.9191536,1.3361028],[103.9191518,1.3361554],[103.9190421,1.3361516],[103.9190447,1.3360766],[103.9190357,1.336069],[103.9189837,1.3360672],[103.918974,1.3360749],[103.9189715,1.3361457],[103.9188598,1.3361419],[103.9188618,1.3360819],[103.9188296,1.3360808],[103.9188276,1.3361396],[103.9187015,1.3361352],[103.918704,1.3360625],[103.9186707,1.3360614],[103.9186691,1.3361091],[103.9185965,1.3361066],[103.918595,1.3361506],[103.9185934,1.3361948],[103.9186131,1.3361955],[103.9186119,1.3362329],[103.9186305,1.3362335],[103.9186295,1.3362637],[103.9187231,1.3362669],[103.918724,1.3362387],[103.9187906,1.336241],[103.9187895,1.3362731],[103.9188865,1.3362764],[103.9188874,1.3362505],[103.9189514,1.3362527],[103.9189503,1.3362832],[103.9190456,1.3362864],[103.9190466,1.3362598],[103.9191138,1.3362621],[103.9191128,1.3362915],[103.9192096,1.3362948],[103.9192105,1.3362698],[103.9192732,1.336272],[103.9192722,1.3363011],[103.9193677,1.3363043],[103.9193685,1.3362805]]]}},{"type":"Feature","id":"way/175195776-0","properties":{"addr:city":"Singapore","addr:country":"SG","addr:housenumber":"703","addr:postcode":"470703","addr:street":"Bedok Reservoir Road","building":"residential","building:levels":"11","residential":"HDB","year":"1980"},"geometry":{"type":"Polygon","coordinates":[[[103.9198962,1.3372107],[103.9199036,1.3372252],[103.9199439,1.3372047],[103.9199376,1.3371923],[103.9202171,1.3370506],[103.9202261,1.3370684],[103.9202534,1.3370545],[103.9202444,1.3370369],[103.9203552,1.3369807],[103.9203476,1.3369656],[103.9203178,1.336907],[103.920303,1.3369145],[103.9202848,1.3368787],[103.9202686,1.3368869],[103.9202574,1.3368647],[103.9201769,1.3369055],[103.9201884,1.3369282],[103.9201525,1.3369464],[103.9201419,1.3369257],[103.9200573,1.3369652],[103.9199164,1.3370403],[103.9198654,1.3370659],[103.9198777,1.3370902],[103.9198387,1.33711],[103.9198248,1.3370824],[103.9197421,1.3371194],[103.9197099,1.3371382],[103.9196383,1.337177],[103.9194276,1.3371688],[103.9194268,1.3371929],[103.9194125,1.3371924],[103.9194112,1.3372305],[103.9194001,1.3372302],[103.9193978,1.337301],[103.9193974,1.337313],[103.9196292,1.3373206],[103.9196287,1.3373349],[103.9196422,1.3373354],[103.9196547,1.3373358],[103.9196552,1.3373231],[103.9196705,1.3373252],[103.9198962,1.3372107]]]}},{"type":"Feature","id":"way/175195782-0","properties":{"addr:city":"Singapore","addr:country":"SG","addr:housenumber":"707","addr:postcode":"470707","addr:street":"Bedok North Road","building":"residential","building:levels":"13","residential":"HDB","year":"1980"},"geometry":{"type":"Polygon","coordinates":[[[103.9196862,1.3354538],[103.91966,1.3354529],[103.9196613,1.3354173],[103.919643,1.3354166],[103.9196441,1.3353881],[103.9195511,1.3353847],[103.9195501,1.3354106],[103.9194831,1.3354082],[103.9194842,1.3353787],[103.9193907,1.3353753],[103.9193897,1.3354018],[103.9193233,1.3353993],[103.9193244,1.3353678],[103.9192305,1.3353644],[103.9192294,1.3353942],[103.9191629,1.3353918],[103.919164,1.3353614],[103.9190697,1.335358],[103.9190687,1.3353842],[103.9189991,1.3353817],[103.9190003,1.3353507],[103.9189085,1.3353473],[103.9189076,1.3353742],[103.9188898,1.3353736],[103.9188886,1.3354087],[103.9188631,1.3354078],[103.9188604,1.3354836],[103.91886,1.3354931],[103.9189326,1.3354958],[103.9189313,1.3355314],[103.9189636,1.3355325],[103.9189653,1.3354858],[103.919093,1.3354904],[103.9190917,1.3355258],[103.9191233,1.3355269],[103.9191244,1.3354943],[103.9192333,1.3354983],[103.9192316,1.3355454],[103.9192469,1.3355572],[103.9192891,1.3355587],[103.9193035,1.3355467],[103.9193049,1.3355072],[103.9194138,1.3355112],[103.9194127,1.3355428],[103.919445,1.3355439],[103.9194461,1.3355137],[103.919574,1.3355184],[103.9195723,1.3355673],[103.9196039,1.3355684],[103.919605,1.3355366],[103.9196831,1.3355394],[103.9196862,1.3354538]]]}},{"type":"Feature","id":"way/175195786-0","properties":{"addr:city":"Singapore","addr:country":"SG","addr:housenumber":"701","addr:postcode":"470701","addr:street":"Bedok Reservoir Road","building":"residential","building:levels":"12","residential":"HDB","year":"1980"},"geometry":{"type":"Polygon","coordinates":[[[103.9190998,1.3375583],[103.9191008,1.3375378],[103.9187898,1.3375233],[103.9187887,1.3375459],[103.9187473,1.3375439],[103.9187484,1.3375191],[103.9185464,1.3375097],[103.9185452,1.3375348],[103.9185301,1.3375341],[103.9185284,1.337571],[103.9185136,1.3375703],[103.91851,1.3376473],[103.9185097,1.3376535],[103.9187382,1.3376642],[103.9187375,1.3376786],[103.9187838,1.3376807],[103.9187843,1.3376704],[103.9190846,1.3376845],[103.9190767,1.3376981],[103.9191023,1.3377132],[103.9191129,1.3376952],[103.9192182,1.3377569],[103.9192207,1.3377526],[103.919258,1.3376891],[103.9192486,1.3376835],[103.9192675,1.3376513],[103.9192569,1.3376451],[103.9192724,1.3376187],[103.9191896,1.33757],[103.9191785,1.3375873],[103.9191192,1.3375625],[103.9190998,1.3375583]]]}},{"type":"Feature","id":"way/175195794-0","properties":{"addr:city":"Singapore","addr:country":"SG","addr:housenumber":"708","addr:postcode":"470708","addr:street":"Bedok North Road","building":"residential","building:levels":"13","residential":"HDB","year":"1980"},"geometry":{"type":"Polygon","coordinates":[[[103.9188796,1.3349479],[103.9188773,1.3350272],[103.9188992,1.3350278],[103.9188982,1.3350632],[103.9189149,1.3350636],[103.918914,1.3350946],[103.9190083,1.3350972],[103.9190091,1.3350698],[103.9190745,1.3350717],[103.9190736,1.3351019],[103.9191681,1.3351046],[103.9191688,1.335078],[103.9192333,1.3350799],[103.9192324,1.3351113],[103.9193297,1.335114],[103.9193304,1.3350864],[103.9193958,1.3350883],[103.919395,1.3351182],[103.9194906,1.3351209],[103.9194914,1.3350946],[103.9195566,1.3350965],[103.9195557,1.3351272],[103.9196512,1.3351299],[103.919652,1.3351045],[103.9196677,1.3351049],[103.9196689,1.3350618],[103.9196984,1.3350627],[103.9196989,1.3350449],[103.9197007,1.3349831],[103.9196255,1.334981],[103.919627,1.3349264],[103.9195972,1.3349256],[103.9195954,1.3349896],[103.9194722,1.3349862],[103.9194668,1.334986],[103.9194683,1.334933],[103.9194382,1.3349321],[103.9194368,1.3349821],[103.9193248,1.334979],[103.9193266,1.3349163],[103.9193133,1.3349036],[103.9192898,1.334903],[103.9192664,1.3349023],[103.9192556,1.3349153],[103.919254,1.3349737],[103.9191437,1.3349706],[103.9191452,1.3349167],[103.9191137,1.3349158],[103.9191122,1.3349705],[103.9189851,1.3349669],[103.9189871,1.3348954],[103.9189554,1.3348945],[103.918954,1.3349423],[103.9188798,1.3349402],[103.9188796,1.3349479]]]}},{"type":"Feature","id":"way/175195796-0","properties":{"addr:city":"Singapore","addr:country":"SG","addr:housenumber":"713","addr:postcode":"470713","addr:street":"Bedok Reservoir Road","building":"residential","building:levels":"9","residential":"HDB","year":"1980"},"geometry":{"type":"Polygon","coordinates":[[[103.9223954,1.3364678],[103.9222856,1.3368057],[103.9224671,1.3371583],[103.9224426,1.3371709],[103.9224502,1.3371857],[103.9224722,1.3371743],[103.9225138,1.3372556],[103.9225994,1.3372838],[103.9226014,1.3372763],[103.9226158,1.3372339],[103.9226276,1.3372276],[103.9226189,1.3372112],[103.9226458,1.337197],[103.9226043,1.3371184],[103.9225798,1.3371314],[103.9225572,1.3370887],[103.9225854,1.3370738],[103.9224479,1.336814],[103.9224299,1.3368235],[103.922418,1.3368009],[103.9224264,1.3367739],[103.9224455,1.3367799],[103.9225408,1.3364729],[103.9225026,1.3364611],[103.9224968,1.3364495],[103.9224834,1.3364226],[103.9225544,1.3363872],[103.9224482,1.3361745],[103.9224151,1.336191],[103.9224078,1.3361763],[103.9223756,1.3361923],[103.9223692,1.3361796],[103.922303,1.3362127],[103.9224092,1.3364253],[103.9223954,1.3364678]]]}},{"type":"Feature","id":"way/175195799-0","properties":{"addr:city":"Singapore","addr:country":"SG","addr:housenumber":"704","addr:postcode":"470704","addr:street":"Bedok Reservoir Road","building":"residential","building:levels":"11","residential":"HDB","year":"1980"},"geometry":{"type":"Polygon","coordinates":[[[103.9202343,1.3364496],[103.9202679,1.3365142],[103.9202893,1.3365031],[103.9203086,1.3365403],[103.9202878,1.3365511],[103.9203443,1.3366568],[103.9203798,1.336728],[103.9204014,1.3367168],[103.9204214,1.3367553],[103.9204014,1.3367657],[103.9204946,1.3369451],[103.9205196,1.3369321],[103.9205274,1.3369471],[103.9205611,1.3369296],[103.9205675,1.336942],[103.9206099,1.3369199],[103.9206406,1.336904],[103.9205897,1.336807],[103.9205265,1.3366845],[103.9205488,1.3366729],[103.9205348,1.3366459],[103.9205129,1.3366573],[103.920418,1.3364748],[103.9204368,1.336465],[103.9204156,1.3364242],[103.9203991,1.3364328],[103.9203439,1.3363267],[103.9201245,1.3362578],[103.9200039,1.336319],[103.9199899,1.3362914],[103.9199619,1.3363056],[103.9199753,1.3363322],[103.9198574,1.336392],[103.9198955,1.336467],[103.9199078,1.3364607],[103.9199255,1.3364957],[103.9199364,1.3364902],[103.9199482,1.3365134],[103.9199701,1.3365053],[103.9200339,1.3364699],[103.9200243,1.3364511],[103.9200604,1.3364328],[103.9200701,1.336452],[103.9201377,1.3364177],[103.9202343,1.3364496]]]}},{"type":"Feature","id":"way/175195810-0","properties":{"addr:city":"Singapore","addr:country":"SG","addr:housenumber":"702","addr:postcode":"470702","addr:street":"Bedok Reservoir Road","building":"residential","building:levels":"12","residential":"HDB","year":"1980"},"geometry":{"type":"Polygon","coordinates":[[[103.9192764,1.3372265],[103.9192791,1.337167],[103.9191511,1.3371613],[103.9191526,1.3371281],[103.9191426,1.3371241],[103.9191228,1.3371268],[103.9191214,1.3371573],[103.9188085,1.3371432],[103.9188102,1.3371051],[103.9187668,1.3371032],[103.9187653,1.3371362],[103.918554,1.3371266],[103.9185381,1.3371259],[103.9185371,1.3371602],[103.9185343,1.3372085],[103.9185457,1.337209],[103.9185439,1.3372484],[103.9185572,1.337249],[103.9185559,1.3372774],[103.9187624,1.3372867],[103.9187634,1.3372642],[103.9188007,1.3372659],[103.9187996,1.3372903],[103.919109,1.3373042],[103.91911,1.3372824],[103.919151,1.3372842],[103.91915,1.3373081],[103.9192452,1.3373124],[103.9192463,1.3372862],[103.9192564,1.3372867],[103.9192582,1.3372469],[103.9192754,1.3372477],[103.9192764,1.3372265]]]}},{"type":"Feature","id":"way/175195815-0","properties":{"addr:city":"Singapore","addr:country":"SG","addr:housenumber":"712","addr:postcode":"470712","addr:street":"Bedok Reservoir Road","building":"residential","building:levels":"12","residential":"HDB","year":"1980"},"geometry":{"type":"Polygon","coordinates":[[[103.9228021,1.3357911],[103.9227907,1.3357971],[103.922767,1.3357522],[103.9227286,1.3357724],[103.9227167,1.3357498],[103.922447,1.3358915],[103.9224572,1.3359109],[103.9224192,1.3359308],[103.9224095,1.3359124],[103.9222339,1.3360046],[103.9222398,1.336016],[103.9222287,1.3360219],[103.922253,1.3360681],[103.9222378,1.3360761],[103.9222743,1.3361455],[103.9224772,1.336039],[103.9224842,1.3360522],[103.9225238,1.3360315],[103.9225161,1.3360169],[103.9227918,1.3358721],[103.9228035,1.3358759],[103.9230166,1.3359444],[103.9230405,1.3358699],[103.9230256,1.3358651],[103.9230377,1.3358276],[103.923025,1.3358235],[103.9230333,1.3357976],[103.9228484,1.3357382],[103.9228402,1.3357637],[103.9228292,1.3357601],[103.9228229,1.3357802],[103.9228021,1.3357911]]]}},{"type":"Feature","id":"way/438837438-0","properties":{"addr:city":"Singapore","addr:country":"SG","addr:housenumber":"739","addr:postcode":"470739","addr:street":"Bedok Reservoir Road","building":"commercial","building:levels":"2","commercial":"HDB","roof:material":"roof_tiles","year":"1985"},"geometry":{"type":"Polygon","coordinates":[[[103.9225963,1.3380046],[103.9227633,1.3379225],[103.9228504,1.3378801],[103.922822,1.3378266],[103.9225809,1.3377392],[103.9224916,1.3377869],[103.9225493,1.3379051],[103.9225963,1.3380046]]]}},{"type":"Feature","id":"way/438837440-0","properties":{"addr:city":"Singapore","addr:country":"SG","addr:housenumber":"741","addr:postcode":"470741","addr:street":"Bedok Reservoir Road","building":"commercial","building:levels":"1","roof:levels":"1","roof:material":"roof_tiles","roof:shape":"hipped"},"geometry":{"type":"Polygon","coordinates":[[[103.9222941,1.3376498],[103.9223234,1.337709],[103.922247,1.3377469],[103.9222068,1.3376659],[103.9222713,1.3376339],[103.9222451,1.3375813],[103.9221063,1.3376502],[103.9221243,1.3376863],[103.9221367,1.3376802],[103.9222174,1.3378426],[103.9223002,1.3378015],[103.9223105,1.3378222],[103.9223542,1.3378009],[103.9223449,1.337782],[103.9224124,1.3377485],[103.9223497,1.3376222],[103.9222941,1.3376498]]]}},{"type":"Feature","id":"way/438837447-0","properties":{"addr:city":"Singapore","addr:country":"SG","addr:housenumber":"744","addr:postcode":"470744","addr:street":"Bedok Reservoir Road #01-3053","building":"commercial","building:levels":"1","commercial":"HDB","name":"Eduwise Language School @ Chinese Learning Centre","roof:levels":"1","roof:material":"roof_tiles","roof:shape":"hipped","year":"1984"},"geometry":{"type":"Polygon","coordinates":[[[103.9219893,1.3373989],[103.9219773,1.3373741],[103.9219556,1.3373847],[103.9219238,1.3374001],[103.9218522,1.3374349],[103.9218621,1.3374552],[103.9218352,1.3374683],[103.9218482,1.337495],[103.9218373,1.3375003],[103.9218749,1.3375776],[103.9218981,1.3375663],[103.9219187,1.3376089],[103.9219481,1.3375946],[103.9219639,1.3376272],[103.9219311,1.3376431],[103.9219228,1.3376259],[103.9219088,1.3376328],[103.9218975,1.3376097],[103.9218197,1.3376475],[103.9218293,1.3376673],[103.9217859,1.3376884],[103.9217769,1.3376698],[103.9217008,1.3377067],[103.9217109,1.3377273],[103.9216962,1.3377344],[103.9216828,1.337741],[103.9216726,1.3377201],[103.9215986,1.337756],[103.921609,1.3377776],[103.9215614,1.3378007],[103.9215721,1.3378228],[103.9215421,1.3378374],[103.9215271,1.3378066],[103.9215488,1.3377961],[103.9215439,1.3377861],[103.9215695,1.3377737],[103.9215468,1.337727],[103.9214352,1.3374974],[103.9214109,1.3375092],[103.9214039,1.3374949],[103.9213842,1.3375044],[103.921355,1.3374443],[103.9213858,1.3374294],[103.9214003,1.3374593],[103.9214429,1.3374386],[103.9214559,1.3374652],[103.9215343,1.3374271],[103.9215199,1.3373974],[103.9215424,1.3373865],[103.9215559,1.3374143],[103.9216331,1.3373768],[103.9216238,1.3373576],[103.9216581,1.3373409],[103.9216163,1.3372548],[103.9215811,1.3371825],[103.9215603,1.3371926],[103.9215793,1.3372316],[103.9215511,1.3372453],[103.9215311,1.3372042],[103.9213791,1.3372781],[103.9213949,1.3373107],[103.9212964,1.3373587],[103.921243,1.3373843],[103.9212072,1.3374019],[103.9212553,1.3375007],[103.9212422,1.3375071],[103.9212556,1.3375346],[103.9212749,1.3375252],[103.9214062,1.3377953],[103.92143,1.3378442],[103.9214114,1.3378533],[103.9214256,1.3378825],[103.9214425,1.3378743],[103.921499,1.3379906],[103.9215131,1.3379837],[103.9217593,1.3378641],[103.9219803,1.3377568],[103.9219834,1.3377632],[103.9220106,1.33775],[103.9220037,1.3377358],[103.9220795,1.3376989],[103.9220889,1.3377181],[103.9221151,1.3377054],[103.9219705,1.337408],[103.9219893,1.3373989]]]}},{"type":"Feature","id":"way/438837448-0","properties":{"addr:city":"Singapore","addr:country":"SG","addr:housenumber":"745","addr:postcode":"470745","addr:street":"Bedok Reservoir Road","building":"commercial","building:levels":"2","commercial":"HDB","roof:material":"roof_tiles","year":"1984"},"geometry":{"type":"Polygon","coordinates":[[[103.9217383,1.3375142],[103.9218352,1.3374683],[103.9218621,1.3374552],[103.9218522,1.3374349],[103.9219238,1.3374001],[103.9219068,1.3373668],[103.9218805,1.3373151],[103.9216648,1.3372308],[103.9216163,1.3372548],[103.9216581,1.3373409],[103.9217383,1.3375142]]]}},{"type":"Feature","id":"way/438837449-0","properties":{"addr:city":"Singapore","addr:country":"SG","addr:housenumber":"746","addr:postcode":"470746","addr:street":"Bedok Reservoir Road","building":"commercial","building:levels":"1","roof:levels":"1","roof:material":"roof_tiles","roof:shape":"hipped"},"geometry":{"type":"Polygon","coordinates":[[[103.9212439,1.3372029],[103.921272,1.3372614],[103.9211914,1.3373002],[103.9211509,1.3372159],[103.921217,1.3371842],[103.9211972,1.337143],[103.9210687,1.3372047],[103.92116,1.3373946],[103.9212314,1.3373603],[103.921243,1.3373843],[103.9212964,1.3373587],[103.9212862,1.3373374],[103.9213584,1.3373027],[103.921298,1.337177],[103.9212439,1.3372029]]]}},{"type":"Feature","id":"way/543592135-0","properties":{"addr:city":"Singapore","addr:country":"SG","addr:housenumber":"748C","addr:neighbourhood":"Belvia","addr:postcode":"473748","addr:street":"Bedok Reservoir Crescent","building":"residential","building:levels":"15","residential":"HDB","year":"2014"},"geometry":{"type":"Polygon","coordinates":[[[103.9214014,1.3362776],[103.9214243,1.3363216],[103.9214505,1.336308],[103.9214449,1.3362973],[103.921488,1.3362748],[103.9214818,1.3362628],[103.9215002,1.3362532],[103.9215048,1.336262],[103.9215213,1.3362534],[103.9215363,1.3362822],[103.9216842,1.336205],[103.9216535,1.3361463],[103.9216307,1.3361583],[103.9216244,1.3361463],[103.9216164,1.3361505],[103.9216116,1.3361413],[103.9215903,1.3361525],[103.9215806,1.3361341],[103.9215649,1.3361423],[103.9215464,1.3361071],[103.921576,1.3360917],[103.9215821,1.3360885],[103.9215766,1.336078],[103.9216105,1.3360603],[103.9215824,1.3360064],[103.9215599,1.3360181],[103.9215571,1.3360128],[103.9215385,1.3360225],[103.9215357,1.3360171],[103.9214344,1.33607],[103.92145,1.3360998],[103.9214311,1.3361096],[103.9214435,1.3361334],[103.921463,1.3361232],[103.9214707,1.3361379],[103.9214639,1.3361414],[103.9214742,1.3361611],[103.9214406,1.3361787],[103.9214041,1.3361088],[103.9213606,1.3361314],[103.9213554,1.3361214],[103.9213308,1.3361342],[103.9213535,1.3361777],[103.9213435,1.336183],[103.9213595,1.3362137],[103.9213834,1.3362012],[103.9213922,1.3362181],[103.9214222,1.3362024],[103.921429,1.3362153],[103.921399,1.3362309],[103.9214057,1.3362437],[103.9213791,1.3362576],[103.9213921,1.3362825],[103.9214014,1.3362776]]]}},{"type":"Feature","id":"way/543592139-0","properties":{"addr:city":"Singapore","addr:country":"SG","addr:housenumber":"747A","addr:neighbourhood":"Belvia","addr:postcode":"471747","addr:street":"Bedok Reservoir Crescent","building":"residential","building:levels":"14","residential":"HDB","year":"2014"},"geometry":{"type":"Polygon","coordinates":[[[103.9214162,1.3366438],[103.9214164,1.3366332],[103.9213978,1.3366329],[103.921398,1.3366222],[103.9213441,1.3366214],[103.9213443,1.3366087],[103.9213989,1.3366095],[103.9213991,1.3365969],[103.9214179,1.3365971],[103.9214181,1.3365861],[103.9214387,1.3365864],[103.9214395,1.3365273],[103.9213869,1.3365266],[103.921387,1.3365178],[103.9213328,1.336517],[103.9213325,1.3365419],[103.9213114,1.3365416],[103.9213117,1.3365182],[103.9212521,1.3365173],[103.9212516,1.3365576],[103.9212349,1.3365573],[103.921235,1.3365483],[103.9212102,1.3365479],[103.9212104,1.3365326],[103.9211265,1.3365314],[103.9211261,1.336556],[103.9211023,1.3365556],[103.9211016,1.3366058],[103.9211803,1.3366069],[103.9211799,1.3366414],[103.9211329,1.3366408],[103.9211325,1.3366682],[103.921119,1.336668],[103.9211188,1.3366836],[103.9211041,1.3366834],[103.9211036,1.3367222],[103.9212041,1.3367236],[103.9212044,1.3367085],[103.9212259,1.3367088],[103.9212258,1.3367154],[103.9213869,1.3367177],[103.9213871,1.3367021],[103.9214122,1.3367024],[103.9214121,1.3367076],[103.9214437,1.3367081],[103.9214446,1.3366442],[103.9214162,1.3366438]]]}},{"type":"Feature","id":"way/543592142-0","properties":{"addr:city":"Singapore","addr:country":"SG","addr:housenumber":"747C","addr:neighbourhood":"Belvia","addr:postcode":"473747","addr:street":"Bedok Reservoir Crescent","building":"residential","building:levels":"14","residential":"HDB","year":"2014"},"geometry":{"type":"Polygon","coordinates":[[[103.9219562,1.3366431],[103.9219072,1.3366274],[103.9219111,1.3366153],[103.9218842,1.3366067],[103.9218683,1.3366561],[103.9218595,1.3366533],[103.921849,1.3366862],[103.921877,1.3366952],[103.9218717,1.3367115],[103.9219002,1.3367207],[103.9218898,1.3367528],[103.9218532,1.336741],[103.9218496,1.3367523],[103.9218304,1.3367461],[103.9218276,1.3367549],[103.9218067,1.3367482],[103.9217879,1.3368066],[103.9218375,1.3368225],[103.9218341,1.3368332],[103.9219895,1.3368831],[103.9219926,1.3368736],[103.9220159,1.3368811],[103.9220127,1.3368911],[103.9220779,1.3369121],[103.9220753,1.3369202],[103.9221019,1.3369287],[103.9221127,1.3368951],[103.92212,1.3368725],[103.9220944,1.3368643],[103.9220967,1.336857],[103.9220904,1.336855],[103.9220968,1.3368349],[103.9220749,1.3368279],[103.9220824,1.3368044],[103.9220513,1.3367944],[103.922057,1.3367765],[103.9220838,1.3367851],[103.9220861,1.3367779],[103.9220983,1.3367818],[103.9221008,1.3367742],[103.9221128,1.3367781],[103.9221225,1.3367481],[103.9221173,1.3367465],[103.9221271,1.3367163],[103.9221326,1.3366989],[103.9220899,1.3366852],[103.9220125,1.3366603],[103.9220149,1.3366527],[103.9219866,1.3366436],[103.9219738,1.3366832],[103.9219462,1.3366743],[103.9219562,1.3366431]]]}},{"type":"Feature","id":"way/590718231-0","properties":{"amenity":"shelter","building":"hut"},"geometry":{"type":"Polygon","coordinates":[[[103.9217585,1.334625],[103.9218037,1.3346242],[103.9218028,1.3345783],[103.9217802,1.3345788],[103.9217576,1.3345792],[103.9217585,1.334625]]]}},{"type":"Feature","id":"way/598013791-0","properties":{"addr:city":"Singapore","addr:country":"SG","addr:housenumber":"478","addr:neighbourhood":"Belvia","addr:postcode":"470478","addr:street":"Bedok Reservoir Crescent","amenity":"parking","building":"garage","building:levels":"7","name":"748 (B98)","parking":"multi-storey","year":"2014"},"geometry":{"type":"Polygon","coordinates":[[[103.9218744,1.3363996],[103.9219515,1.3363604],[103.9219925,1.3363396],[103.9219996,1.3363535],[103.922043,1.3363314],[103.922037,1.3363197],[103.9221517,1.3362614],[103.9219074,1.3357811],[103.9216312,1.3359215],[103.9218744,1.3363996]]]}},{"type":"Feature","id":"way/598013793-0","properties":{"addr:city":"Singapore","addr:country":"SG","addr:housenumber":"747","addr:postcode":"470747","addr:street":"Bedok Reservoir Crescent","amenity":"shelter","building":"residential","building:levels":"1"},"geometry":{"type":"Polygon","coordinates":[[[103.9220525,1.336485],[103.9220992,1.3365795],[103.9221948,1.3366079],[103.9222151,1.3365185],[103.9221663,1.3364199],[103.9220525,1.336485]]]}},{"type":"Feature","id":"way/598013794-0","properties":{"addr:city":"Singapore","addr:country":"SG","addr:housenumber":"747D","addr:postcode":"474747","addr:street":"Bedok Reservoir Crescent","amenity":"shelter","building":"residential","power":"substation"},"geometry":{"type":"Polygon","coordinates":[[[103.9221355,1.336356],[103.9219161,1.3364727],[103.9219542,1.33654],[103.9221663,1.3364199],[103.9221355,1.336356]]]}},{"type":"Feature","id":"way/613679986-0","properties":{"amenity":"waste_disposal","building":"garage"},"geometry":{"type":"Polygon","coordinates":[[[103.9197402,1.3358962],[103.9196621,1.3357416],[103.9195303,1.3358081],[103.9196083,1.3359627],[103.9197402,1.3358962]]]}},{"type":"Feature","id":"way/627520616-0","properties":{"building":"yes"},"geometry":{"type":"Polygon","coordinates":[[[103.9191505,1.334342],[103.9191453,1.3343303],[103.91908,1.3341826],[103.9189904,1.3342221],[103.9188599,1.3342798],[103.91885,1.3343857],[103.9188191,1.3343993],[103.9188466,1.3344613],[103.918852,1.3344738],[103.9191505,1.334342]]]}},{"type":"Feature","id":"way/638389824-0","properties":{"building":"yes"},"geometry":{"type":"Polygon","coordinates":[[[103.9205182,1.3362178],[103.9205448,1.3362003],[103.9205235,1.3361679],[103.9205217,1.3361691],[103.9204969,1.3361854],[103.9205182,1.3362178]]]}},{"type":"Feature","id":"way/656626207-0","properties":{"addr:city":"Singapore","addr:country":"SG","addr:housenumber":"501","addr:neighbourhood":"Archipelago","addr:postcode":"479267","addr:street":"Bedok Reservoir Road","building":"residential","building:levels":"5","residential":"condominium"},"geometry":{"type":"Polygon","coordinates":[[[103.920649,1.3377188],[103.9206535,1.3377276],[103.920824,1.3376401],[103.9208195,1.3376313],[103.9208792,1.3376007],[103.9208399,1.3375239],[103.9207895,1.3375497],[103.920782,1.3375351],[103.9207703,1.337541],[103.9207466,1.3374946],[103.9207671,1.3374841],[103.9207575,1.3374654],[103.9207963,1.3374455],[103.9207672,1.3373886],[103.9207175,1.3374141],[103.9207127,1.3374047],[103.9206854,1.3374289],[103.9206628,1.3374462],[103.9206405,1.3374616],[103.9206145,1.3374713],[103.9205855,1.3374785],[103.9205527,1.3374866],[103.9205582,1.3374974],[103.9205133,1.3375204],[103.9205423,1.337577],[103.920577,1.3375592],[103.9205866,1.3375781],[103.9206044,1.337569],[103.9206122,1.3375844],[103.9206018,1.3375898],[103.9206127,1.3376112],[103.9206257,1.3376045],[103.9206313,1.3376154],[103.9205946,1.3376342],[103.9206012,1.3376472],[103.9205531,1.3376718],[103.9205921,1.3377479],[103.920649,1.3377188]]]}},{"type":"Feature","id":"way/656626209-0","properties":{"addr:city":"Singapore","addr:country":"SG","addr:housenumber":"503","addr:neighbourhood":"Archipelago","addr:street":"Bedok Reservoir Road","building":"residential","building:levels":"5","residential":"condominium"},"geometry":{"type":"Polygon","coordinates":[[[103.9204084,1.3378367],[103.9204135,1.3378467],[103.9204641,1.3378207],[103.9204591,1.3378111],[103.9204763,1.3378023],[103.9204812,1.3378118],[103.9205324,1.3377855],[103.9205282,1.3377774],[103.9205811,1.3377502],[103.9205321,1.3376548],[103.9204523,1.3376977],[103.9204426,1.3376803],[103.9204532,1.3376749],[103.9204485,1.3376659],[103.9204737,1.3376529],[103.9204659,1.3376378],[103.9204897,1.3376256],[103.9204805,1.3376077],[103.9205174,1.3375887],[103.9204881,1.3375317],[103.9204434,1.3375547],[103.9204402,1.3375485],[103.9204115,1.3375731],[103.9203905,1.3375897],[103.9203692,1.3376032],[103.9203424,1.3376153],[103.9203129,1.3376238],[103.9202787,1.3376303],[103.9202828,1.3376383],[103.9202356,1.3376625],[103.9202648,1.3377192],[103.9203029,1.3376995],[103.9203124,1.3377179],[103.9203335,1.3377071],[103.9203422,1.337724],[103.9203678,1.3377109],[103.9203718,1.3377187],[103.9203831,1.3377129],[103.9203909,1.337728],[103.9203079,1.3377708],[103.9203557,1.3378638],[103.9204084,1.3378367]]]}},{"type":"Feature","id":"way/656626210-0","properties":{"addr:city":"Singapore","addr:country":"SG","addr:neighbourhood":"Archipelago","addr:street":"Bedok Reservoir Road","building":"residential","building:levels":"5","residential":"condominium"},"geometry":{"type":"Polygon","coordinates":[[[103.9201919,1.3377521],[103.9201429,1.3376669],[103.920118,1.3376682],[103.9201049,1.3376887],[103.9201539,1.3377739],[103.9201919,1.3377521]]]}},{"type":"Feature","id":"way/656626215-0","properties":{"addr:city":"Singapore","addr:country":"SG","addr:housenumber":"577","addr:neighbourhood":"Archipelago","addr:street":"Bedok Reservoir Road","building":"residential","building:levels":"3","residential":"condominium"},"geometry":{"type":"Polygon","coordinates":[[[103.920603,1.3378326],[103.9205988,1.3378224],[103.9205653,1.3378364],[103.9205699,1.3378473],[103.9205504,1.3378554],[103.9205921,1.3379554],[103.9206594,1.3379114],[103.9206229,1.3378243],[103.920603,1.3378326]]]}},{"type":"Feature","id":"way/656626216-0","properties":{"addr:city":"Singapore","addr:country":"SG","addr:housenumber":"575","addr:neighbourhood":"Archipelago","addr:street":"Bedok Reservoir Road","building":"residential","building:levels":"3","residential":"condominium"},"geometry":{"type":"Polygon","coordinates":[[[103.9206594,1.3379114],[103.920738,1.3378946],[103.9206962,1.3377946],[103.9206767,1.3378028],[103.9206721,1.3377918],[103.9206387,1.3378058],[103.9206429,1.337816],[103.9206229,1.3378243],[103.9206594,1.3379114]]]}},{"type":"Feature","id":"way/656626217-0","properties":{"addr:city":"Singapore","addr:country":"SG","addr:housenumber":"573","addr:neighbourhood":"Archipelago","addr:street":"Bedok Reservoir Road","building":"residential","building:levels":"3","residential":"condominium"},"geometry":{"type":"Polygon","coordinates":[[[103.9207488,1.3377718],[103.9207446,1.3377616],[103.9207112,1.3377756],[103.9207158,1.3377865],[103.9206962,1.3377946],[103.920738,1.3378946],[103.9208052,1.3378506],[103.9207688,1.3377634],[103.9207488,1.3377718]]]}},{"type":"Feature","id":"way/656626218-0","properties":{"addr:city":"Singapore","addr:country":"SG","addr:housenumber":"571","addr:neighbourhood":"Archipelago","addr:street":"Bedok Reservoir Road","building":"residential","building:levels":"3","residential":"condominium"},"geometry":{"type":"Polygon","coordinates":[[[103.9208052,1.3378506],[103.9208839,1.3378338],[103.920842,1.3377338],[103.9208226,1.337742],[103.920818,1.337731],[103.9207845,1.3377449],[103.9207887,1.3377552],[103.9207688,1.3377634],[103.9208052,1.3378506]]]}},{"type":"Feature","id":"way/790236684-0","properties":{"access":"yes","amenity":"bicycle_parking","bicycle_parking":"building","building":"yes"},"geometry":{"type":"Polygon","coordinates":[[[103.9191398,1.3343155],[103.9193197,1.3342375],[103.9193065,1.3341625],[103.9192884,1.3340875],[103.9190809,1.3341819],[103.9191398,1.3343155]]]}},{"type":"Feature","id":"way/804854638-0","properties":{"building":"yes"},"geometry":{"type":"Polygon","coordinates":[[[103.9197106,1.3365684],[103.9196713,1.3364867],[103.9194748,1.3365812],[103.9195141,1.3366629],[103.9197106,1.3365684]]]}},{"type":"Feature","id":"way/804854649-0","properties":{"addr:city":"Singapore","addr:country":"SG","addr:housenumber":"748B","addr:neighbourhood":"Belvia","addr:postcode":"472748","addr:street":"Bedok Reservoir Crescent","building":"residential","building:levels":"15","residential":"HDB","year":"2014"},"geometry":{"type":"Polygon","coordinates":[[[103.9213435,1.336183],[103.9213329,1.3361885],[103.9213114,1.3361474],[103.9212286,1.3361907],[103.921251,1.3362335],[103.921228,1.3362455],[103.921235,1.3362587],[103.9211919,1.3362812],[103.9211646,1.3362288],[103.9211175,1.3362534],[103.9211102,1.3362395],[103.9210861,1.3362521],[103.9211122,1.336302],[103.9211057,1.3363054],[103.9211224,1.3363373],[103.9211429,1.3363265],[103.921151,1.336342],[103.9211832,1.3363252],[103.9211885,1.3363354],[103.9211577,1.3363516],[103.9211648,1.3363651],[103.9211402,1.3363779],[103.9211536,1.3364036],[103.9211606,1.3363999],[103.9211836,1.336444],[103.9212128,1.3364288],[103.9212088,1.3364212],[103.921252,1.3363986],[103.9212446,1.3363845],[103.9212809,1.3363655],[103.9212984,1.3363991],[103.9213531,1.3363706],[103.9213423,1.3363497],[103.9213965,1.3363214],[103.9213796,1.336289],[103.9213921,1.3362825],[103.9213791,1.3362576],[103.9213595,1.3362678],[103.9213526,1.3362545],[103.9213334,1.3362645],[103.9213234,1.3362454],[103.9213412,1.336236],[103.921336,1.336226],[103.9213595,1.3362137],[103.9213435,1.336183]]]}},{"type":"Feature","id":"way/804854650-0","properties":{"addr:city":"Singapore","addr:country":"SG","addr:housenumber":"748A","addr:neighbourhood":"Belvia","addr:postcode":"471748","addr:street":"Bedok Reservoir Crescent","building":"residential","building:levels":"15","residential":"HDB","year":"2014"},"geometry":{"type":"Polygon","coordinates":[[[103.9211004,1.3363082],[103.9210737,1.3362569],[103.9210477,1.3362705],[103.9210542,1.3362829],[103.9210069,1.3363076],[103.9210435,1.3363777],[103.9210134,1.3363934],[103.9210019,1.3363714],[103.9209932,1.3363759],[103.9209854,1.336361],[103.9210077,1.3363493],[103.9209934,1.3363219],[103.9209758,1.336331],[103.9209635,1.3363073],[103.9208125,1.3363862],[103.9208427,1.336444],[103.9208808,1.3364241],[103.9208885,1.3364387],[103.9209213,1.3364216],[103.9209373,1.3364523],[103.9209191,1.3364617],[103.9209286,1.3364799],[103.9209119,1.3364887],[103.9209174,1.3364993],[103.9209018,1.3365074],[103.9209071,1.3365175],[103.9208876,1.3365278],[103.9209222,1.336594],[103.9210692,1.3365172],[103.9210547,1.3364893],[103.9210708,1.3364809],[103.9210649,1.3364695],[103.9210828,1.3364602],[103.9210919,1.3364775],[103.9211382,1.3364533],[103.9211447,1.3364656],[103.9211723,1.3364512],[103.9211487,1.3364061],[103.9211536,1.3364036],[103.9211402,1.3363779],[103.9211141,1.3363916],[103.9211057,1.3363754],[103.9210746,1.3363917],[103.9210693,1.3363816],[103.9211007,1.3363652],[103.9210939,1.3363521],[103.9211224,1.3363373],[103.9211057,1.3363054],[103.9211004,1.3363082]]]}},{"type":"Feature","id":"way/804854651-0","properties":{"addr:city":"Singapore","addr:country":"SG","addr:housenumber":"747B","addr:neighbourhood":"Belvia","addr:postcode":"472747","addr:street":"Bedok Reservoir Crescent","building":"residential","building:levels":"14","residential":"HDB","year":"2014"},"geometry":{"type":"Polygon","coordinates":[[[103.9214657,1.3367132],[103.9214665,1.3367089],[103.9216121,1.3367374],[103.9216107,1.336745],[103.9216415,1.336751],[103.9216419,1.3367487],[103.921747,1.3367693],[103.9217588,1.3367088],[103.9217391,1.3367049],[103.9217409,1.3366954],[103.9217207,1.3366915],[103.9217233,1.3366787],[103.9216998,1.3366741],[103.9217062,1.3366414],[103.9217246,1.336645],[103.9217308,1.3366137],[103.9217816,1.3366236],[103.9217928,1.3365668],[103.9217651,1.3365613],[103.9217671,1.3365514],[103.9217361,1.3365453],[103.9217384,1.3365339],[103.9216261,1.3365119],[103.9216205,1.3365407],[103.9214822,1.3365135],[103.9214708,1.3365713],[103.9214901,1.3365751],[103.9214882,1.3365852],[103.9215078,1.3365891],[103.921506,1.3365985],[103.9215536,1.3366078],[103.9215516,1.336618],[103.9215244,1.3366126],[103.92152,1.3366352],[103.9214985,1.3366309],[103.921496,1.3366436],[103.9214758,1.3366396],[103.921474,1.3366489],[103.9214446,1.3366442],[103.9214437,1.3367081],[103.9214657,1.3367132]]]}},{"type":"Feature","id":"way/804860385-0","properties":{"amenity":"waste_disposal","building":"garage"},"geometry":{"type":"Polygon","coordinates":[[[103.9211344,1.3379206],[103.921072,1.3378006],[103.9210101,1.3378327],[103.9210725,1.3379527],[103.9211344,1.3379206]]]}},{"type":"Feature","id":"way/22718613-0-1-0","properties":{"highway":"primary","lanes":"2","maxspeed":"60","name":"Bedok North Road","name:en":"Bedok North Road","name:zh":"\u52ff\u6d1b\u5317\u8def","oneway":"yes","source":"Yahoo aerial images","surface":"asphalt"},"geometry":{"type":"LineString","coordinates":[[103.918825,1.3338094],[103.9187229,1.3340277]]}},{"type":"Feature","id":"way/22718806-0-0-0","properties":{"highway":"secondary","lanes":"2","maxspeed":"60","name":"Bedok Reservoir Road","oneway":"yes","sidewalk:left":"separate","sidewalk:right":"no","source":"Yahoo aerial images","surface":"asphalt"},"geometry":{"type":"LineString","coordinates":[[103.9209085,1.3370607],[103.9209618,1.3370476]]}},{"type":"Feature","id":"way/22718806-0-1-0","properties":{"highway":"secondary","lanes":"2","maxspeed":"60","name":"Bedok Reservoir Road","oneway":"yes","sidewalk:left":"separate","sidewalk:right":"no","source":"Yahoo aerial images","surface":"asphalt"},"geometry":{"type":"LineString","coordinates":[[103.9209618,1.3370476],[103.9209779,1.3370436]]}},{"type":"Feature","id":"way/22718806-0-2-0","properties":{"highway":"secondary","lanes":"2","maxspeed":"60","name":"Bedok Reservoir Road","oneway":"yes","sidewalk:left":"separate","sidewalk:right":"no","source":"Yahoo aerial images","surface":"asphalt"},"geometry":{"type":"LineString","coordinates":[[103.9209779,1.3370436],[103.9210494,1.3370303]]}},{"type":"Feature","id":"way/22718806-0-3-0","properties":{"highway":"secondary","lanes":"2","maxspeed":"60","name":"Bedok Reservoir Road","oneway":"yes","sidewalk:left":"separate","sidewalk:right":"no","source":"Yahoo aerial images","surface":"asphalt"},"geometry":{"type":"LineString","coordinates":[[103.9210494,1.3370303],[103.921118,1.3370214]]}},{"type":"Feature","id":"way/22718806-0-4-0","properties":{"highway":"secondary","lanes":"2","maxspeed":"60","name":"Bedok Reservoir Road","oneway":"yes","sidewalk:left":"separate","sidewalk:right":"no","source":"Yahoo aerial images","surface":"asphalt"},"geometry":{"type":"LineString","coordinates":[[103.921118,1.3370214],[103.9211877,1.337014]]}},{"type":"Feature","id":"way/22718806-0-5-0","properties":{"highway":"secondary","lanes":"2","maxspeed":"60","name":"Bedok Reservoir Road","oneway":"yes","sidewalk:left":"separate","sidewalk:right":"no","source":"Yahoo aerial images","surface":"asphalt"},"geometry":{"type":"LineString","coordinates":[[103.9211877,1.337014],[103.9212666,1.3370085]]}},{"type":"Feature","id":"way/22718806-0-6-0","properties":{"highway":"secondary","lanes":"2","maxspeed":"60","name":"Bedok Reservoir Road","oneway":"yes","sidewalk:left":"separate","sidewalk:right":"no","source":"Yahoo aerial images","surface":"asphalt"},"geometry":{"type":"LineString","coordinates":[[103.9212666,1.3370085],[103.9213456,1.3370084]]}},{"type":"Feature","id":"way/22718806-0-7-0","properties":{"highway":"secondary","lanes":"2","maxspeed":"60","name":"Bedok Reservoir Road","oneway":"yes","sidewalk:left":"separate","sidewalk:right":"no","source":"Yahoo aerial images","surface":"asphalt"},"geometry":{"type":"LineString","coordinates":[[103.9213456,1.3370084],[103.9214386,1.3370144]]}},{"type":"Feature","id":"way/22718806-0-8-0","properties":{"highway":"secondary","lanes":"2","maxspeed":"60","name":"Bedok Reservoir Road","oneway":"yes","sidewalk:left":"separate","sidewalk:right":"no","source":"Yahoo aerial images","surface":"asphalt"},"geometry":{"type":"LineString","coordinates":[[103.9214386,1.3370144],[103.9215267,1.3370246]]}},{"type":"Feature","id":"way/22718806-0-9-0","properties":{"highway":"secondary","lanes":"2","maxspeed":"60","name":"Bedok Reservoir Road","oneway":"yes","sidewalk:left":"separate","sidewalk:right":"no","source":"Yahoo aerial images","surface":"asphalt"},"geometry":{"type":"LineString","coordinates":[[103.9215267,1.3370246],[103.9216127,1.3370427]]}},{"type":"Feature","id":"way/22718806-0-10-0","properties":{"highway":"secondary","lanes":"2","maxspeed":"60","name":"Bedok Reservoir Road","oneway":"yes","sidewalk:left":"separate","sidewalk:right":"no","source":"Yahoo aerial images","surface":"asphalt"},"geometry":{"type":"LineString","coordinates":[[103.9216127,1.3370427],[103.9216958,1.3370674]]}},{"type":"Feature","id":"way/22718806-0-11-0","properties":{"highway":"secondary","lanes":"2","maxspeed":"60","name":"Bedok Reservoir Road","oneway":"yes","sidewalk:left":"separate","sidewalk:right":"no","source":"Yahoo aerial images","surface":"asphalt"},"geometry":{"type":"LineString","coordinates":[[103.9216958,1.3370674],[103.921788,1.337108]]}},{"type":"Feature","id":"way/44957233-0-21-0","properties":{"destination":"Bedok Reservoir Road","highway":"motorway_link","lanes":"1","lit":"yes","maxspeed":"50","oneway":"yes","surface":"asphalt"},"geometry":{"type":"LineString","coordinates":[[103.9187917,1.3334423],[103.9187808,1.3335671]]}},{"type":"Feature","id":"way/44957233-0-22-0","properties":{"destination":"Bedok Reservoir Road","highway":"motorway_link","lanes":"1","lit":"yes","maxspeed":"50","oneway":"yes","surface":"asphalt"},"geometry":{"type":"LineString","coordinates":[[103.9187808,1.3335671],[103.9187652,1.333693]]}},{"type":"Feature","id":"way/44957233-0-23-0","properties":{"destination":"Bedok Reservoir Road","highway":"motorway_link","lanes":"1","lit":"yes","maxspeed":"50","oneway":"yes","surface":"asphalt"},"geometry":{"type":"LineString","coordinates":[[103.9187652,1.333693],[103.9187512,1.333774]]}},{"type":"Feature","id":"way/44957233-0-24-0","properties":{"destination":"Bedok Reservoir Road","highway":"motorway_link","lanes":"1","lit":"yes","maxspeed":"50","oneway":"yes","surface":"asphalt"},"geometry":{"type":"LineString","coordinates":[[103.9187512,1.333774],[103.9187231,1.3339033]]}},{"type":"Feature","id":"way/44957233-0-25-0","properties":{"destination":"Bedok Reservoir Road","highway":"motorway_link","lanes":"1","lit":"yes","maxspeed":"50","oneway":"yes","surface":"asphalt"},"geometry":{"type":"LineString","coordinates":[[103.9187231,1.3339033],[103.918633,1.334214]]}},{"type":"Feature","id":"way/44957849-0-15-1","properties":{"highway":"motorway","lanes":"3","lit":"yes","maxheight":"4.5","maxspeed":"90","name":"Pan-Island Expressway","name:en":"Pan-Island Expressway","name:ms":"Lebuhraya Rentas Pulau","name:ta":"\u0ba4\u0bc0\u0bb5\u0bc1 \u0bb5\u0bbf\u0bb0\u0bc8\u0bb5\u0bc1\u0b9a\u0bcd\u0b9a\u0bbe\u0bb2\u0bc8","name:zh":"\u6cdb\u5c9b\u9ad8\u901f\u516c\u8def","oneway":"yes","ref":"PIE","short_name:ta":"\u0baa\u0bbf\u0b90\u0b87","surface":"asphalt","wikidata":"Q1585650","wikipedia":"en:Pan Island Expressway"},"geometry":{"type":"LineString","coordinates":[[103.9228643,1.3338558],[103.9219402,1.3334287]]}},{"type":"Feature","id":"way/46819595-0-0-0","properties":{"highway":"secondary","lanes":"2","maxspeed":"60","name":"Bedok Reservoir Road","oneway":"yes","sidewalk:left":"separate","sidewalk:right":"no","surface":"asphalt"},"geometry":{"type":"LineString","coordinates":[[103.9196981,1.3376163],[103.919646,1.3376538]]}},{"type":"Feature","id":"way/46819595-0-1-0","properties":{"highway":"secondary","lanes":"2","maxspeed":"60","name":"Bedok Reservoir Road","oneway":"yes","sidewalk:left":"separate","sidewalk:right":"no","surface":"asphalt"},"geometry":{"type":"LineString","coordinates":[[103.919646,1.3376538],[103.9195399,1.3377419]]}},{"type":"Feature","id":"way/46819595-0-2-0","properties":{"highway":"secondary","lanes":"2","maxspeed":"60","name":"Bedok Reservoir Road","oneway":"yes","sidewalk:left":"separate","sidewalk:right":"no","surface":"asphalt"},"geometry":{"type":"LineString","coordinates":[[103.9195399,1.3377419],[103.9194668,1.3378084]]}},{"type":"Feature","id":"way/46819595-0-3-0","properties":{"highway":"secondary","lanes":"2","maxspeed":"60","name":"Bedok Reservoir Road","oneway":"yes","sidewalk:left":"separate","sidewalk:right":"no","surface":"asphalt"},"geometry":{"type":"LineString","coordinates":[[103.9194668,1.3378084],[103.9193832,1.3378845]]}},{"type":"Feature","id":"way/74675114-0-3-0","properties":{"highway":"motorway","lanes":"3","lit":"yes","maxheight":"4.5","maxspeed":"90","name":"Pan-Island Expressway","name:en":"Pan-Island Expressway","name:ms":"Lebuhraya Rentas Pulau","name:ta":"\u0ba4\u0bc0\u0bb5\u0bc1 \u0bb5\u0bbf\u0bb0\u0bc8\u0bb5\u0bc1\u0b9a\u0bcd\u0b9a\u0bbe\u0bb2\u0bc8","name:zh":"\u6cdb\u5c9b\u9ad8\u901f\u516c\u8def","oneway":"yes","ref":"PIE","short_name:ta":"\u0baa\u0bbf\u0b90\u0b87","surface":"asphalt","wikidata":"Q1585650","wikipedia":"en:Pan Island Expressway"},"geometry":{"type":"LineString","coordinates":[[103.9218626,1.3335891],[103.9228022,1.3340164]]}},{"type":"Feature","id":"way/188171711-0-0-0","properties":{"highway":"residential","lanes":"1","maxspeed":"40","name":"Bedok Reservoir Crescent","oneway":"yes","surface":"asphalt","turn:lanes":"left;through;right"},"geometry":{"type":"LineString","coordinates":[[103.9205668,1.3365128],[103.9206156,1.3365895]]}},{"type":"Feature","id":"way/188171711-0-1-0","properties":{"highway":"residential","lanes":"1","maxspeed":"40","name":"Bedok Reservoir Crescent","oneway":"yes","surface":"asphalt","turn:lanes":"left;through;right"},"geometry":{"type":"LineString","coordinates":[[103.9206156,1.3365895],[103.9206523,1.3366515]]}},{"type":"Feature","id":"way/188171896-0-0-0","properties":{"highway":"residential","lanes":"1","maxspeed":"40","name":"Bedok Reservoir Crescent","oneway":"yes"},"geometry":{"type":"LineString","coordinates":[[103.920047,1.3360864],[103.9200378,1.3360872]]}},{"type":"Feature","id":"way/188171896-0-1-0","properties":{"highway":"residential","lanes":"1","maxspeed":"40","name":"Bedok Reservoir Crescent","oneway":"yes"},"geometry":{"type":"LineString","coordinates":[[103.9200378,1.3360872],[103.9200017,1.3360935]]}},{"type":"Feature","id":"way/188171896-0-2-0","properties":{"highway":"residential","lanes":"1","maxspeed":"40","name":"Bedok Reservoir Crescent","oneway":"yes"},"geometry":{"type":"LineString","coordinates":[[103.9200017,1.3360935],[103.919984,1.3360981]]}},{"type":"Feature","id":"way/188171896-0-3-0","properties":{"highway":"residential","lanes":"1","maxspeed":"40","name":"Bedok Reservoir Crescent","oneway":"yes"},"geometry":{"type":"LineString","coordinates":[[103.919984,1.3360981],[103.9199663,1.3361027]]}},{"type":"Feature","id":"way/188171896-0-4-0","properties":{"highway":"residential","lanes":"1","maxspeed":"40","name":"Bedok Reservoir Crescent","oneway":"yes"},"geometry":{"type":"LineString","coordinates":[[103.9199663,1.3361027],[103.9199317,1.3361148]]}},{"type":"Feature","id":"way/188171896-0-5-0","properties":{"highway":"residential","lanes":"1","maxspeed":"40","name":"Bedok Reservoir Crescent","oneway":"yes"},"geometry":{"type":"LineString","coordinates":[[103.9199317,1.3361148],[103.9198983,1.3361298]]}},{"type":"Feature","id":"way/188171896-0-6-0","properties":{"highway":"residential","lanes":"1","maxspeed":"40","name":"Bedok Reservoir Crescent","oneway":"yes"},"geometry":{"type":"LineString","coordinates":[[103.9198983,1.3361298],[103.9197643,1.3361954]]}},{"type":"Feature","id":"way/188171903-0-0-0","properties":{"highway":"service","lanes":"2","lanes:backward":"1","lanes:forward":"1","oneway":"no","service":"driveway","sidewalk":"left"},"geometry":{"type":"LineString","coordinates":[[103.9196233,1.3362678],[103.9196275,1.3362759]]}},{"type":"Feature","id":"way/188171903-0-1-0","properties":{"highway":"service","lanes":"2","lanes:backward":"1","lanes:forward":"1","oneway":"no","service":"driveway","sidewalk":"left"},"geometry":{"type":"LineString","coordinates":[[103.9196275,1.3362759],[103.9196461,1.336312]]}},{"type":"Feature","id":"way/370256804-0-0-0","properties":{"highway":"service","lanes":"2","lanes:backward":"1","lanes:forward":"1","oneway":"no","service":"driveway","sidewalk":"both","turn:lanes:backward":"through;right","turn:lanes:forward":"through"},"geometry":{"type":"LineString","coordinates":[[103.9196233,1.3362678],[103.9196086,1.3362395]]}},{"type":"Feature","id":"way/370256804-0-1-0","properties":{"highway":"service","lanes":"2","lanes:backward":"1","lanes:forward":"1","oneway":"no","service":"driveway","sidewalk":"both","turn:lanes:backward":"through;right","turn:lanes:forward":"through"},"geometry":{"type":"LineString","coordinates":[[103.9196086,1.3362395],[103.9196012,1.3362251]]}},{"type":"Feature","id":"way/370256804-0-2-0","properties":{"highway":"service","lanes":"2","lanes:backward":"1","lanes:forward":"1","oneway":"no","service":"driveway","sidewalk":"both","turn:lanes:backward":"through;right","turn:lanes:forward":"through"},"geometry":{"type":"LineString","coordinates":[[103.9196012,1.3362251],[103.9195762,1.3361766]]}},{"type":"Feature","id":"way/370256804-0-3-0","properties":{"highway":"service","lanes":"2","lanes:backward":"1","lanes:forward":"1","oneway":"no","service":"driveway","sidewalk":"both","turn:lanes:backward":"through;right","turn:lanes:forward":"through"},"geometry":{"type":"LineString","coordinates":[[103.9195762,1.3361766],[103.9195107,1.3360494]]}},{"type":"Feature","id":"way/370256806-0-0-0","properties":{"highway":"service","lanes":"1","oneway":"yes","service":"parking_aisle","sidewalk":"left","surface":"asphalt"},"geometry":{"type":"LineString","coordinates":[[103.9194754,1.335981],[103.9193874,1.3358104]]}},{"type":"Feature","id":"way/438837451-0-0-0","properties":{"highway":"service","lanes":"1","oneway":"yes","service":"parking_aisle","turn:lanes":"through"},"geometry":{"type":"LineString","coordinates":[[103.9186904,1.3357775],[103.9193874,1.3358104]]}},{"type":"Feature","id":"way/438837452-0-0-0","properties":{"highway":"service","service":"parking_aisle"},"geometry":{"type":"LineString","coordinates":[[103.9216647,1.3376696],[103.921616,1.3375662]]}},{"type":"Feature","id":"way/438837452-0-1-0","properties":{"highway":"service","service":"parking_aisle"},"geometry":{"type":"LineString","coordinates":[[103.921616,1.3375662],[103.9216102,1.3375577]]}},{"type":"Feature","id":"way/438837452-0-2-0","properties":{"highway":"service","service":"parking_aisle"},"geometry":{"type":"LineString","coordinates":[[103.9216102,1.3375577],[103.9216025,1.3375515]]}},{"type":"Feature","id":"way/438837452-0-3-0","properties":{"highway":"service","service":"parking_aisle"},"geometry":{"type":"LineString","coordinates":[[103.9216025,1.3375515],[103.9215934,1.3375511]]}},{"type":"Feature","id":"way/438837452-0-4-0","properties":{"highway":"service","service":"parking_aisle"},"geometry":{"type":"LineString","coordinates":[[103.9215934,1.3375511],[103.9215835,1.3375531]]}},{"type":"Feature","id":"way/438837452-0-5-0","properties":{"highway":"service","service":"parking_aisle"},"geometry":{"type":"LineString","coordinates":[[103.9215835,1.3375531],[103.9215182,1.337584]]}},{"type":"Feature","id":"way/438837454-0-2-0","properties":{"highway":"service","lanes":"2","lanes:backward":"1","lanes:forward":"1","oneway":"no","service":"driveway","sidewalk":"right","surface":"asphalt","turn:lanes:backward":"left"},"geometry":{"type":"LineString","coordinates":[[103.9184211,1.3369801],[103.9184604,1.336982]]}},{"type":"Feature","id":"way/438837454-0-3-0","properties":{"highway":"service","lanes":"2","lanes:backward":"1","lanes:forward":"1","oneway":"no","service":"driveway","sidewalk":"right","surface":"asphalt","turn:lanes:backward":"left"},"geometry":{"type":"LineString","coordinates":[[103.9184604,1.336982],[103.9185141,1.3369846]]}},{"type":"Feature","id":"way/438837455-0-0-0","properties":{"highway":"service","lanes":"2","lanes:backward":"1","lanes:forward":"1","oneway":"no","service":"driveway","surface":"asphalt","turn:lanes:backward":"left","turn:lanes:forward":"left"},"geometry":{"type":"LineString","coordinates":[[103.9186988,1.3356114],[103.9185403,1.3356039]]}},{"type":"Feature","id":"way/438837455-0-1-0","properties":{"highway":"service","lanes":"2","lanes:backward":"1","lanes:forward":"1","oneway":"no","service":"driveway","surface":"asphalt","turn:lanes:backward":"left","turn:lanes:forward":"left"},"geometry":{"type":"LineString","coordinates":[[103.9185403,1.3356039],[103.9183564,1.3355952]]}},{"type":"Feature","id":"way/438837456-0-0-0","properties":{"highway":"service","service":"parking_aisle"},"geometry":{"type":"LineString","coordinates":[[103.9215468,1.337727],[103.9216647,1.3376696]]}},{"type":"Feature","id":"way/464765698-0-0-0","properties":{"highway":"secondary_link","lanes":"1","maxspeed":"50","oneway":"yes","sidewalk:both":"separate","surface":"asphalt"},"geometry":{"type":"LineString","coordinates":[[103.9212573,1.3369386],[103.921096,1.3369289]]}},{"type":"Feature","id":"way/464765698-0-1-0","properties":{"highway":"secondary_link","lanes":"1","maxspeed":"50","oneway":"yes","sidewalk:both":"separate","surface":"asphalt"},"geometry":{"type":"LineString","coordinates":[[103.921096,1.3369289],[103.9209794,1.3369219]]}},{"type":"Feature","id":"way/464765698-0-2-0","properties":{"highway":"secondary_link","lanes":"1","maxspeed":"50","oneway":"yes","sidewalk:both":"separate","surface":"asphalt"},"geometry":{"type":"LineString","coordinates":[[103.9209794,1.3369219],[103.9209402,1.3369081]]}},{"type":"Feature","id":"way/464765698-0-3-0","properties":{"highway":"secondary_link","lanes":"1","maxspeed":"50","oneway":"yes","sidewalk:both":"separate","surface":"asphalt"},"geometry":{"type":"LineString","coordinates":[[103.9209402,1.3369081],[103.9208793,1.3368868]]}},{"type":"Feature","id":"way/464765698-0-4-0","properties":{"highway":"secondary_link","lanes":"1","maxspeed":"50","oneway":"yes","sidewalk:both":"separate","surface":"asphalt"},"geometry":{"type":"LineString","coordinates":[[103.9208793,1.3368868],[103.9208054,1.3368201]]}},{"type":"Feature","id":"way/464765699-0-0-0","properties":{"highway":"secondary_link","lanes":"1","maxspeed":"50","oneway":"yes","sidewalk:both":"separate","surface":"asphalt"},"geometry":{"type":"LineString","coordinates":[[103.9207482,1.3368466],[103.9207496,1.3369432]]}},{"type":"Feature","id":"way/464765699-0-1-0","properties":{"highway":"secondary_link","lanes":"1","maxspeed":"50","oneway":"yes","sidewalk:both":"separate","surface":"asphalt"},"geometry":{"type":"LineString","coordinates":[[103.9207496,1.3369432],[103.9207335,1.3369877]]}},{"type":"Feature","id":"way/464765699-0-2-0","properties":{"highway":"secondary_link","lanes":"1","maxspeed":"50","oneway":"yes","sidewalk:both":"separate","surface":"asphalt"},"geometry":{"type":"LineString","coordinates":[[103.9207335,1.3369877],[103.9207256,1.3370093]]}},{"type":"Feature","id":"way/464765699-0-3-0","properties":{"highway":"secondary_link","lanes":"1","maxspeed":"50","oneway":"yes","sidewalk:both":"separate","surface":"asphalt"},"geometry":{"type":"LineString","coordinates":[[103.9207256,1.3370093],[103.9206802,1.3370788]]}},{"type":"Feature","id":"way/464765700-0-0-0","properties":{"highway":"service","lanes":"2","lanes:backward":"1","lanes:forward":"1","service":"driveway","turn:lanes:backward":"left;right"},"geometry":{"type":"LineString","coordinates":[[103.9207043,1.336623],[103.9207438,1.3366012]]}},{"type":"Feature","id":"way/464765700-0-1-0","properties":{"highway":"service","lanes":"2","lanes:backward":"1","lanes:forward":"1","service":"driveway","turn:lanes:backward":"left;right"},"geometry":{"type":"LineString","coordinates":[[103.9207438,1.3366012],[103.9208286,1.3365528]]}},{"type":"Feature","id":"way/472818518-0-0-0","properties":{"highway":"secondary","lanes":"2","maxspeed":"60","name":"Bedok Reservoir Road","oneway":"yes","sidewalk:left":"separate","sidewalk:right":"no","surface":"asphalt","turn:lanes":"left;through|through"},"geometry":{"type":"LineString","coordinates":[[103.9219218,1.3370988],[103.9218288,1.3370457]]}},{"type":"Feature","id":"way/472818518-0-1-0","properties":{"highway":"secondary","lanes":"2","maxspeed":"60","name":"Bedok Reservoir Road","oneway":"yes","sidewalk:left":"separate","sidewalk:right":"no","surface":"asphalt","turn:lanes":"left;through|through"},"geometry":{"type":"LineString","coordinates":[[103.9218288,1.3370457],[103.9217317,1.3370037]]}},{"type":"Feature","id":"way/472818518-0-2-0","properties":{"highway":"secondary","lanes":"2","maxspeed":"60","name":"Bedok Reservoir Road","oneway":"yes","sidewalk:left":"separate","sidewalk:right":"no","surface":"asphalt","turn:lanes":"left;through|through"},"geometry":{"type":"LineString","coordinates":[[103.9217317,1.3370037],[103.9216645,1.3369819]]}},{"type":"Feature","id":"way/472818518-0-3-0","properties":{"highway":"secondary","lanes":"2","maxspeed":"60","name":"Bedok Reservoir Road","oneway":"yes","sidewalk:left":"separate","sidewalk:right":"no","surface":"asphalt","turn:lanes":"left;through|through"},"geometry":{"type":"LineString","coordinates":[[103.9216645,1.3369819],[103.9215858,1.3369624]]}},{"type":"Feature","id":"way/472818518-0-4-0","properties":{"highway":"secondary","lanes":"2","maxspeed":"60","name":"Bedok Reservoir Road","oneway":"yes","sidewalk:left":"separate","sidewalk:right":"no","surface":"asphalt","turn:lanes":"left;through|through"},"geometry":{"type":"LineString","coordinates":[[103.9215858,1.3369624],[103.9215052,1.3369509]]}},{"type":"Feature","id":"way/472818518-0-5-0","properties":{"highway":"secondary","lanes":"2","maxspeed":"60","name":"Bedok Reservoir Road","oneway":"yes","sidewalk:left":"separate","sidewalk:right":"no","surface":"asphalt","turn:lanes":"left;through|through"},"geometry":{"type":"LineString","coordinates":[[103.9215052,1.3369509],[103.9214232,1.3369426]]}},{"type":"Feature","id":"way/472818518-0-6-0","properties":{"highway":"secondary","lanes":"2","maxspeed":"60","name":"Bedok Reservoir Road","oneway":"yes","sidewalk:left":"separate","sidewalk:right":"no","surface":"asphalt","turn:lanes":"left;through|through"},"geometry":{"type":"LineString","coordinates":[[103.9214232,1.3369426],[103.9213412,1.3369387]]}},{"type":"Feature","id":"way/472818519-0-0-0","properties":{"highway":"residential","lanes":"1","maxspeed":"40","name":"Bedok Reservoir Crescent","oneway":"yes","surface":"asphalt"},"geometry":{"type":"LineString","coordinates":[[103.9204818,1.3363012],[103.9204317,1.3362382]]}},{"type":"Feature","id":"way/472818519-0-1-0","properties":{"highway":"residential","lanes":"1","maxspeed":"40","name":"Bedok Reservoir Crescent","oneway":"yes","surface":"asphalt"},"geometry":{"type":"LineString","coordinates":[[103.9204317,1.3362382],[103.9204068,1.3362113]]}},{"type":"Feature","id":"way/472818519-0-2-0","properties":{"highway":"residential","lanes":"1","maxspeed":"40","name":"Bedok Reservoir Crescent","oneway":"yes","surface":"asphalt"},"geometry":{"type":"LineString","coordinates":[[103.9204068,1.3362113],[103.9203797,1.3361867]]}},{"type":"Feature","id":"way/472818519-0-3-0","properties":{"highway":"residential","lanes":"1","maxspeed":"40","name":"Bedok Reservoir Crescent","oneway":"yes","surface":"asphalt"},"geometry":{"type":"LineString","coordinates":[[103.9203797,1.3361867],[103.9203507,1.3361643]]}},{"type":"Feature","id":"way/472818519-0-4-0","properties":{"highway":"residential","lanes":"1","maxspeed":"40","name":"Bedok Reservoir Crescent","oneway":"yes","surface":"asphalt"},"geometry":{"type":"LineString","coordinates":[[103.9203507,1.3361643],[103.9203199,1.3361445]]}},{"type":"Feature","id":"way/472818519-0-5-0","properties":{"highway":"residential","lanes":"1","maxspeed":"40","name":"Bedok Reservoir Crescent","oneway":"yes","surface":"asphalt"},"geometry":{"type":"LineString","coordinates":[[103.9203199,1.3361445],[103.9202876,1.3361272]]}},{"type":"Feature","id":"way/472818519-0-6-0","properties":{"highway":"residential","lanes":"1","maxspeed":"40","name":"Bedok Reservoir Crescent","oneway":"yes","surface":"asphalt"},"geometry":{"type":"LineString","coordinates":[[103.9202876,1.3361272],[103.9202539,1.3361127]]}},{"type":"Feature","id":"way/472818519-0-7-0","properties":{"highway":"residential","lanes":"1","maxspeed":"40","name":"Bedok Reservoir Crescent","oneway":"yes","surface":"asphalt"},"geometry":{"type":"LineString","coordinates":[[103.9202539,1.3361127],[103.9202192,1.3361011]]}},{"type":"Feature","id":"way/472818519-0-8-0","properties":{"highway":"residential","lanes":"1","maxspeed":"40","name":"Bedok Reservoir Crescent","oneway":"yes","surface":"asphalt"},"geometry":{"type":"LineString","coordinates":[[103.9202192,1.3361011],[103.9201837,1.3360923]]}},{"type":"Feature","id":"way/472818519-0-9-0","properties":{"highway":"residential","lanes":"1","maxspeed":"40","name":"Bedok Reservoir Crescent","oneway":"yes","surface":"asphalt"},"geometry":{"type":"LineString","coordinates":[[103.9201837,1.3360923],[103.9201475,1.3360865]]}},{"type":"Feature","id":"way/472818519-0-10-0","properties":{"highway":"residential","lanes":"1","maxspeed":"40","name":"Bedok Reservoir Crescent","oneway":"yes","surface":"asphalt"},"geometry":{"type":"LineString","coordinates":[[103.9201475,1.3360865],[103.920111,1.3360837]]}},{"type":"Feature","id":"way/472818519-0-11-0","properties":{"highway":"residential","lanes":"1","maxspeed":"40","name":"Bedok Reservoir Crescent","oneway":"yes","surface":"asphalt"},"geometry":{"type":"LineString","coordinates":[[103.920111,1.3360837],[103.9200743,1.3360839]]}},{"type":"Feature","id":"way/472818519-0-12-0","properties":{"highway":"residential","lanes":"1","maxspeed":"40","name":"Bedok Reservoir Crescent","oneway":"yes","surface":"asphalt"},"geometry":{"type":"LineString","coordinates":[[103.9200743,1.3360839],[103.920047,1.3360864]]}},{"type":"Feature","id":"way/472818520-0-0-0","properties":{"highway":"residential","lanes":"1","maxspeed":"40","name":"Bedok Reservoir Crescent","oneway":"yes","sidewalk:left":"separate","sidewalk:right":"no","surface":"asphalt"},"geometry":{"type":"LineString","coordinates":[[103.9209085,1.3370607],[103.9208843,1.3369946]]}},{"type":"Feature","id":"way/472818521-0-0-0","properties":{"highway":"service","lanes":"1","oneway":"yes","service":"driveway","surface":"asphalt"},"geometry":{"type":"LineString","coordinates":[[103.9212234,1.337775],[103.9212334,1.3377348]]}},{"type":"Feature","id":"way/472818521-0-1-0","properties":{"highway":"service","lanes":"1","oneway":"yes","service":"driveway","surface":"asphalt"},"geometry":{"type":"LineString","coordinates":[[103.9212334,1.3377348],[103.9210177,1.3373281]]}},{"type":"Feature","id":"way/472818522-0-0-0","properties":{"highway":"service","lanes":"1","oneway":"yes","service":"driveway","surface":"asphalt"},"geometry":{"type":"LineString","coordinates":[[103.9208485,1.3370812],[103.9208763,1.3371484]]}},{"type":"Feature","id":"way/472818522-0-1-0","properties":{"highway":"service","lanes":"1","oneway":"yes","service":"driveway","surface":"asphalt"},"geometry":{"type":"LineString","coordinates":[[103.9208763,1.3371484],[103.9208936,1.3371901]]}},{"type":"Feature","id":"way/472818523-0-0-0","properties":{"highway":"secondary","lanes":"2","maxspeed":"60","name":"Bedok Reservoir Road","oneway":"yes","sidewalk:left":"separate","sidewalk:right":"no","surface":"asphalt","turn:lanes":"through|through"},"geometry":{"type":"LineString","coordinates":[[103.9212573,1.3369386],[103.9211327,1.3369477]]}},{"type":"Feature","id":"way/472818523-0-1-0","properties":{"highway":"secondary","lanes":"2","maxspeed":"60","name":"Bedok Reservoir Road","oneway":"yes","sidewalk:left":"separate","sidewalk:right":"no","surface":"asphalt","turn:lanes":"through|through"},"geometry":{"type":"LineString","coordinates":[[103.9211327,1.3369477],[103.9210469,1.3369589]]}},{"type":"Feature","id":"way/472818523-0-2-0","properties":{"highway":"secondary","lanes":"2","maxspeed":"60","name":"Bedok Reservoir Road","oneway":"yes","sidewalk:left":"separate","sidewalk:right":"no","surface":"asphalt","turn:lanes":"through|through"},"geometry":{"type":"LineString","coordinates":[[103.9210469,1.3369589],[103.9209618,1.3369742]]}},{"type":"Feature","id":"way/472818523-0-3-0","properties":{"highway":"secondary","lanes":"2","maxspeed":"60","name":"Bedok Reservoir Road","oneway":"yes","sidewalk:left":"separate","sidewalk:right":"no","surface":"asphalt","turn:lanes":"through|through"},"geometry":{"type":"LineString","coordinates":[[103.9209618,1.3369742],[103.9209427,1.3369792]]}},{"type":"Feature","id":"way/472818523-0-4-0","properties":{"highway":"secondary","lanes":"2","maxspeed":"60","name":"Bedok Reservoir Road","oneway":"yes","sidewalk:left":"separate","sidewalk:right":"no","surface":"asphalt","turn:lanes":"through|through"},"geometry":{"type":"LineString","coordinates":[[103.9209427,1.3369792],[103.9208843,1.3369946]]}},{"type":"Feature","id":"way/472818524-0-0-0","properties":{"highway":"secondary","lanes":"3","maxspeed":"60","name":"Bedok Reservoir Road","oneway":"yes","sidewalk:left":"separate","sidewalk:right":"no","surface":"asphalt","turn:lanes":"left|through|through"},"geometry":{"type":"LineString","coordinates":[[103.9213412,1.3369387],[103.9212573,1.3369386]]}},{"type":"Feature","id":"way/472818525-0-0-0","properties":{"highway":"secondary","lanes":"2","maxspeed":"60","name":"Bedok Reservoir Road","oneway":"yes","sidewalk:left":"separate","sidewalk:right":"no","surface":"asphalt"},"geometry":{"type":"LineString","coordinates":[[103.920825,1.3370163],[103.9207905,1.3370306]]}},{"type":"Feature","id":"way/472818525-0-1-0","properties":{"highway":"secondary","lanes":"2","maxspeed":"60","name":"Bedok Reservoir Road","oneway":"yes","sidewalk:left":"separate","sidewalk:right":"no","surface":"asphalt"},"geometry":{"type":"LineString","coordinates":[[103.9207905,1.3370306],[103.9207517,1.3370467]]}},{"type":"Feature","id":"way/472818525-0-2-0","properties":{"highway":"secondary","lanes":"2","maxspeed":"60","name":"Bedok Reservoir Road","oneway":"yes","sidewalk:left":"separate","sidewalk:right":"no","surface":"asphalt"},"geometry":{"type":"LineString","coordinates":[[103.9207517,1.3370467],[103.9206802,1.3370788]]}},{"type":"Feature","id":"way/472818526-0-0-0","properties":{"highway":"residential","lanes":"1","maxspeed":"40","name":"Bedok Reservoir Crescent","oneway":"yes","sidewalk:left":"separate","sidewalk:right":"no","surface":"asphalt"},"geometry":{"type":"LineString","coordinates":[[103.920825,1.3370163],[103.9208485,1.3370812]]}},{"type":"Feature","id":"way/472818527-0-0-0","properties":{"highway":"secondary","lanes":"2","maxspeed":"60","name":"Bedok Reservoir Road","oneway":"yes","sidewalk:left":"separate","sidewalk:right":"no","surface":"asphalt"},"geometry":{"type":"LineString","coordinates":[[103.9208843,1.3369946],[103.920825,1.3370163]]}},{"type":"Feature","id":"way/472818528-0-0-0","properties":{"highway":"residential","lanes":"1","maxspeed":"40","name":"Bedok Reservoir Crescent","oneway":"yes","surface":"asphalt","turn:lanes":"left;through"},"geometry":{"type":"LineString","coordinates":[[103.9208054,1.3368201],[103.9207273,1.3366638]]}},{"type":"Feature","id":"way/472818528-0-1-0","properties":{"highway":"residential","lanes":"1","maxspeed":"40","name":"Bedok Reservoir Crescent","oneway":"yes","surface":"asphalt","turn:lanes":"left;through"},"geometry":{"type":"LineString","coordinates":[[103.9207273,1.3366638],[103.9207043,1.336623]]}},{"type":"Feature","id":"way/474647990-0-2-0","properties":{"highway":"primary","lanes":"2","maxheight":"4.5","maxspeed":"60","name":"Bedok North Road","name:en":"Bedok North Road","name:zh":"\u52ff\u6d1b\u5317\u8def","oneway":"yes","sidewalk:left":"separate","sidewalk:right":"no","source":"Yahoo aerial images","surface":"asphalt"},"geometry":{"type":"LineString","coordinates":[[103.9183711,1.3352162],[103.9184528,1.3349699]]}},{"type":"Feature","id":"way/474647990-0-3-0","properties":{"highway":"primary","lanes":"2","maxheight":"4.5","maxspeed":"60","name":"Bedok North Road","name:en":"Bedok North Road","name:zh":"\u52ff\u6d1b\u5317\u8def","oneway":"yes","sidewalk:left":"separate","sidewalk:right":"no","source":"Yahoo aerial images","surface":"asphalt"},"geometry":{"type":"LineString","coordinates":[[103.9184528,1.3349699],[103.9185252,1.3347863]]}},{"type":"Feature","id":"way/526258623-0-0-0","properties":{"highway":"service","lanes":"2","lanes:backward":"1","lanes:forward":"1","service":"driveway","surface":"asphalt"},"geometry":{"type":"LineString","coordinates":[[103.9212657,1.3378632],[103.9212234,1.337775]]}},{"type":"Feature","id":"way/526258626-0-0-0","properties":{"highway":"service","lanes":"2","lanes:backward":"1","lanes:forward":"1","service":"driveway"},"geometry":{"type":"LineString","coordinates":[[103.9212844,1.3367574],[103.9214507,1.3367628]]}},{"type":"Feature","id":"way/526258626-0-1-0","properties":{"highway":"service","lanes":"2","lanes:backward":"1","lanes:forward":"1","service":"driveway"},"geometry":{"type":"LineString","coordinates":[[103.9214507,1.3367628],[103.9215577,1.3367788]]}},{"type":"Feature","id":"way/526258627-0-0-0","properties":{"highway":"service","lanes":"2","lanes:backward":"1","lanes:forward":"1","service":"driveway"},"geometry":{"type":"LineString","coordinates":[[103.9207694,1.3364376],[103.920752,1.3363941]]}},{"type":"Feature","id":"way/526258627-0-1-0","properties":{"highway":"service","lanes":"2","lanes:backward":"1","lanes:forward":"1","service":"driveway"},"geometry":{"type":"LineString","coordinates":[[103.920752,1.3363941],[103.9207506,1.3363652]]}},{"type":"Feature","id":"way/526258627-0-2-0","properties":{"highway":"service","lanes":"2","lanes:backward":"1","lanes:forward":"1","service":"driveway"},"geometry":{"type":"LineString","coordinates":[[103.9207506,1.3363652],[103.9207654,1.3363445]]}},{"type":"Feature","id":"way/526258627-0-3-0","properties":{"highway":"service","lanes":"2","lanes:backward":"1","lanes:forward":"1","service":"driveway"},"geometry":{"type":"LineString","coordinates":[[103.9207654,1.3363445],[103.9210546,1.3362017]]}},{"type":"Feature","id":"way/526258627-0-4-0","properties":{"highway":"service","lanes":"2","lanes:backward":"1","lanes:forward":"1","service":"driveway"},"geometry":{"type":"LineString","coordinates":[[103.9210546,1.3362017],[103.9211719,1.3361468]]}},{"type":"Feature","id":"way/526258627-0-5-0","properties":{"highway":"service","lanes":"2","lanes:backward":"1","lanes:forward":"1","service":"driveway"},"geometry":{"type":"LineString","coordinates":[[103.9211719,1.3361468],[103.9215955,1.3359277]]}},{"type":"Feature","id":"way/538242212-0-0-0","properties":{"highway":"secondary","lanes":"2","maxspeed":"60","name":"Bedok Reservoir Road","oneway":"yes","sidewalk:left":"separate","sidewalk:right":"no","source":"Yahoo aerial images","surface":"asphalt"},"geometry":{"type":"LineString","coordinates":[[103.9208485,1.3370812],[103.9209085,1.3370607]]}},{"type":"Feature","id":"way/538242215-0-8-0","properties":{"highway":"secondary","lanes":"2","maxspeed":"60","name":"Bedok Reservoir Road","oneway":"yes","sidewalk:left":"separate","sidewalk:right":"no","source":"Yahoo aerial images","surface":"asphalt","turn:lanes":"through|through"},"geometry":{"type":"LineString","coordinates":[[103.9194323,1.3379409],[103.9195913,1.3377989]]}},{"type":"Feature","id":"way/539030271-0-0-0","properties":{"highway":"service","lanes":"2","lanes:backward":"1","lanes:forward":"1","service":"driveway","turn:lanes:backward":"right","turn:lanes:forward":"right"},"geometry":{"type":"LineString","coordinates":[[103.9196059,1.3370367],[103.9195722,1.3368704]]}},{"type":"Feature","id":"way/539042609-0-0-0","properties":{"highway":"service","service":"parking_aisle"},"geometry":{"type":"LineString","coordinates":[[103.9216962,1.3377344],[103.9216647,1.3376696]]}},{"type":"Feature","id":"way/539042610-0-0-0","properties":{"highway":"service","service":"driveway","sidewalk":"both","tunnel":"building_passage"},"geometry":{"type":"LineString","coordinates":[[103.9216962,1.3377344],[103.921741,1.3378264]]}},{"type":"Feature","id":"way/539042610-0-1-0","properties":{"highway":"service","service":"driveway","sidewalk":"both","tunnel":"building_passage"},"geometry":{"type":"LineString","coordinates":[[103.921741,1.3378264],[103.9217593,1.3378641]]}},{"type":"Feature","id":"way/539042611-0-0-0","properties":{"highway":"service","service":"driveway","sidewalk":"both","tunnel":"building_passage"},"geometry":{"type":"LineString","coordinates":[[103.9214062,1.3377953],[103.9214318,1.3377828]]}},{"type":"Feature","id":"way/539042611-0-1-0","properties":{"highway":"service","service":"driveway","sidewalk":"both","tunnel":"building_passage"},"geometry":{"type":"LineString","coordinates":[[103.9214318,1.3377828],[103.9215468,1.337727]]}},{"type":"Feature","id":"way/539042612-0-0-0","properties":{"highway":"service","service":"driveway","sidewalk":"both"},"geometry":{"type":"LineString","coordinates":[[103.9212657,1.3378632],[103.9213243,1.3378349]]}},{"type":"Feature","id":"way/539042612-0-1-0","properties":{"highway":"service","service":"driveway","sidewalk":"both"},"geometry":{"type":"LineString","coordinates":[[103.9213243,1.3378349],[103.9214062,1.3377953]]}},{"type":"Feature","id":"way/539042613-0-0-0","properties":{"highway":"service","service":"driveway"},"geometry":{"type":"LineString","coordinates":[[103.9217593,1.3378641],[103.9217847,1.3379158]]}},{"type":"Feature","id":"way/539042621-0-0-0","properties":{"highway":"primary","lanes":"3","maxheight":"4.5","maxspeed":"60","name":"Bedok North Road","name:en":"Bedok North Road","name:zh":"\u52ff\u6d1b\u5317\u8def","oneway":"yes","source":"Yahoo aerial images","surface":"asphalt"},"geometry":{"type":"LineString","coordinates":[[103.9185036,1.3344771],[103.9184025,1.3346908]]}},{"type":"Feature","id":"way/539042622-0-0-0","properties":{"highway":"primary","lanes":"3","maxheight":"4.5","maxspeed":"60","name":"Bedok North Road","name:en":"Bedok North Road","name:zh":"\u52ff\u6d1b\u5317\u8def","oneway":"yes","source":"Yahoo aerial images","surface":"asphalt"},"geometry":{"type":"LineString","coordinates":[[103.918633,1.334214],[103.918574,1.334336]]}},{"type":"Feature","id":"way/539042622-0-1-0","properties":{"highway":"primary","lanes":"3","maxheight":"4.5","maxspeed":"60","name":"Bedok North Road","name:en":"Bedok North Road","name:zh":"\u52ff\u6d1b\u5317\u8def","oneway":"yes","source":"Yahoo aerial images","surface":"asphalt"},"geometry":{"type":"LineString","coordinates":[[103.918574,1.334336],[103.9185036,1.3344771]]}},{"type":"Feature","id":"way/539042623-0-0-0","properties":{"highway":"primary","lanes":"2","maxheight":"4.5","maxspeed":"60","name":"Bedok North Road","name:en":"Bedok North Road","name:zh":"\u52ff\u6d1b\u5317\u8def","oneway":"yes","source":"Yahoo aerial images","surface":"asphalt"},"geometry":{"type":"LineString","coordinates":[[103.9186647,1.3344508],[103.9189367,1.3338492]]}},{"type":"Feature","id":"way/539042623-0-1-0","properties":{"highway":"primary","lanes":"2","maxheight":"4.5","maxspeed":"60","name":"Bedok North Road","name:en":"Bedok North Road","name:zh":"\u52ff\u6d1b\u5317\u8def","oneway":"yes","source":"Yahoo aerial images","surface":"asphalt"},"geometry":{"type":"LineString","coordinates":[[103.9189367,1.3338492],[103.9192083,1.333291]]}},{"type":"Feature","id":"way/539042624-0-0-0","properties":{"highway":"primary","lanes":"2","maxheight":"4.5","maxspeed":"60","name":"Bedok North Road","name:en":"Bedok North Road","name:zh":"\u52ff\u6d1b\u5317\u8def","oneway":"yes","sidewalk:left":"separate","sidewalk:right":"no","source":"Yahoo aerial images","surface":"asphalt"},"geometry":{"type":"LineString","coordinates":[[103.9185252,1.3347863],[103.9186647,1.3344508]]}},{"type":"Feature","id":"way/587046189-0-0-0","properties":{"highway":"residential","lanes":"1","maxspeed":"40","name":"Bedok Reservoir Crescent","oneway":"yes","sidewalk:left":"separate","sidewalk:right":"no","surface":"asphalt"},"geometry":{"type":"LineString","coordinates":[[103.9208843,1.3369946],[103.9208696,1.3369622]]}},{"type":"Feature","id":"way/587046189-0-1-0","properties":{"highway":"residential","lanes":"1","maxspeed":"40","name":"Bedok Reservoir Crescent","oneway":"yes","sidewalk:left":"separate","sidewalk:right":"no","surface":"asphalt"},"geometry":{"type":"LineString","coordinates":[[103.9208696,1.3369622],[103.9208054,1.3368201]]}},{"type":"Feature","id":"way/587046190-0-0-0","properties":{"highway":"residential","lanes":"2","maxspeed":"40","name":"Bedok Reservoir Crescent","oneway":"yes","sidewalk:left":"separate","sidewalk:right":"no","surface":"asphalt","turn:lanes":"through;right|right"},"geometry":{"type":"LineString","coordinates":[[103.9207482,1.3368466],[103.9208099,1.3369829]]}},{"type":"Feature","id":"way/587046190-0-1-0","properties":{"highway":"residential","lanes":"2","maxspeed":"40","name":"Bedok Reservoir Crescent","oneway":"yes","sidewalk:left":"separate","sidewalk:right":"no","surface":"asphalt","turn:lanes":"through;right|right"},"geometry":{"type":"LineString","coordinates":[[103.9208099,1.3369829],[103.920825,1.3370163]]}},{"type":"Feature","id":"way/633798397-0-0-0","properties":{"highway":"secondary","lanes":"2","maxspeed":"60","name":"Bedok Reservoir Road","oneway":"yes","sidewalk:left":"separate","sidewalk:right":"no","source":"Yahoo aerial images","surface":"asphalt","turn:lanes":"left;through|through;right"},"geometry":{"type":"LineString","coordinates":[[103.9200646,1.3374846],[103.9203271,1.3373324]]}},{"type":"Feature","id":"way/633798397-0-1-0","properties":{"highway":"secondary","lanes":"2","maxspeed":"60","name":"Bedok Reservoir Road","oneway":"yes","sidewalk:left":"separate","sidewalk:right":"no","source":"Yahoo aerial images","surface":"asphalt","turn:lanes":"left;through|through;right"},"geometry":{"type":"LineString","coordinates":[[103.9203271,1.3373324],[103.9205495,1.3372185]]}},{"type":"Feature","id":"way/633798397-0-2-0","properties":{"highway":"secondary","lanes":"2","maxspeed":"60","name":"Bedok Reservoir Road","oneway":"yes","sidewalk:left":"separate","sidewalk:right":"no","source":"Yahoo aerial images","surface":"asphalt","turn:lanes":"left;through|through;right"},"geometry":{"type":"LineString","coordinates":[[103.9205495,1.3372185],[103.9207078,1.3371425]]}},{"type":"Feature","id":"way/633798397-0-3-0","properties":{"highway":"secondary","lanes":"2","maxspeed":"60","name":"Bedok Reservoir Road","oneway":"yes","sidewalk:left":"separate","sidewalk:right":"no","source":"Yahoo aerial images","surface":"asphalt","turn:lanes":"left;through|through;right"},"geometry":{"type":"LineString","coordinates":[[103.9207078,1.3371425],[103.9207751,1.3371122]]}},{"type":"Feature","id":"way/633798397-0-4-0","properties":{"highway":"secondary","lanes":"2","maxspeed":"60","name":"Bedok Reservoir Road","oneway":"yes","sidewalk:left":"separate","sidewalk:right":"no","source":"Yahoo aerial images","surface":"asphalt","turn:lanes":"left;through|through;right"},"geometry":{"type":"LineString","coordinates":[[103.9207751,1.3371122],[103.9208125,1.3370964]]}},{"type":"Feature","id":"way/633798397-0-5-0","properties":{"highway":"secondary","lanes":"2","maxspeed":"60","name":"Bedok Reservoir Road","oneway":"yes","sidewalk:left":"separate","sidewalk:right":"no","source":"Yahoo aerial images","surface":"asphalt","turn:lanes":"left;through|through;right"},"geometry":{"type":"LineString","coordinates":[[103.9208125,1.3370964],[103.9208485,1.3370812]]}},{"type":"Feature","id":"way/637050511-0-0-0","properties":{"highway":"secondary","lanes":"2","maxspeed":"60","name":"Bedok Reservoir Road","oneway":"yes","sidewalk:left":"separate","sidewalk:right":"no","source":"Yahoo aerial images","surface":"asphalt","turn:lanes":"left;through|through"},"geometry":{"type":"LineString","coordinates":[[103.9226238,1.3376097],[103.9228313,1.3376846]]}},{"type":"Feature","id":"way/638444024-0-0-0","properties":{"highway":"secondary","lanes":"2","maxspeed":"60","name":"Bedok Reservoir Road","oneway":"yes","sidewalk:left":"separate","sidewalk:right":"no","surface":"asphalt","turn:lanes":"through|through"},"geometry":{"type":"LineString","coordinates":[[103.9226534,1.3375384],[103.9226016,1.3375177]]}},{"type":"Feature","id":"way/638444024-0-1-0","properties":{"highway":"secondary","lanes":"2","maxspeed":"60","name":"Bedok Reservoir Road","oneway":"yes","sidewalk:left":"separate","sidewalk:right":"no","surface":"asphalt","turn:lanes":"through|through"},"geometry":{"type":"LineString","coordinates":[[103.9226016,1.3375177],[103.9225505,1.3374947]]}},{"type":"Feature","id":"way/638444024-0-2-0","properties":{"highway":"secondary","lanes":"2","maxspeed":"60","name":"Bedok Reservoir Road","oneway":"yes","sidewalk:left":"separate","sidewalk:right":"no","surface":"asphalt","turn:lanes":"through|through"},"geometry":{"type":"LineString","coordinates":[[103.9225505,1.3374947],[103.9224512,1.3374447]]}},{"type":"Feature","id":"way/638444024-0-3-0","properties":{"highway":"secondary","lanes":"2","maxspeed":"60","name":"Bedok Reservoir Road","oneway":"yes","sidewalk:left":"separate","sidewalk:right":"no","surface":"asphalt","turn:lanes":"through|through"},"geometry":{"type":"LineString","coordinates":[[103.9224512,1.3374447],[103.9222859,1.3373456]]}},{"type":"Feature","id":"way/638446745-0-0-0","properties":{"highway":"secondary","lanes":"3","maxspeed":"60","name":"Bedok Reservoir Road","oneway":"yes","sidewalk:left":"separate","sidewalk:right":"no","surface":"asphalt","turn:lanes":"through|through|right"},"geometry":{"type":"LineString","coordinates":[[103.9202877,1.3372677],[103.9200217,1.3374225]]}},{"type":"Feature","id":"way/640233850-0-0-0","properties":{"highway":"residential","lanes":"1","maxspeed":"40","name":"Bedok Reservoir Crescent","oneway":"yes","surface":"asphalt"},"geometry":{"type":"LineString","coordinates":[[103.9206255,1.3365024],[103.9204818,1.3363012]]}},{"type":"Feature","id":"way/644136763-0-0-0","properties":{"highway":"service","service":"parking_aisle"},"geometry":{"type":"LineString","coordinates":[[103.9216647,1.3376696],[103.9218065,1.3376007]]}},{"type":"Feature","id":"way/649353548-0-0-0","properties":{"highway":"residential","lanes":"1","maxspeed":"40","name":"Bedok Reservoir Crescent","oneway":"yes","surface":"asphalt"},"geometry":{"type":"LineString","coordinates":[[103.9207043,1.336623],[103.9206683,1.3365666]]}},{"type":"Feature","id":"way/649353548-0-1-0","properties":{"highway":"residential","lanes":"1","maxspeed":"40","name":"Bedok Reservoir Crescent","oneway":"yes","surface":"asphalt"},"geometry":{"type":"LineString","coordinates":[[103.9206683,1.3365666],[103.9206255,1.3365024]]}},{"type":"Feature","id":"way/651082691-0-0-0","properties":{"highway":"secondary","lanes":"2","maxspeed":"60","name":"Bedok Reservoir Road","oneway":"yes","sidewalk:left":"separate","sidewalk:right":"no","surface":"asphalt","turn:lanes":"through|through"},"geometry":{"type":"LineString","coordinates":[[103.9200217,1.3374225],[103.9198982,1.3374936]]}},{"type":"Feature","id":"way/651082691-0-1-0","properties":{"highway":"secondary","lanes":"2","maxspeed":"60","name":"Bedok Reservoir Road","oneway":"yes","sidewalk:left":"separate","sidewalk:right":"no","surface":"asphalt","turn:lanes":"through|through"},"geometry":{"type":"LineString","coordinates":[[103.9198982,1.3374936],[103.9198192,1.3375379]]}},{"type":"Feature","id":"way/651082691-0-2-0","properties":{"highway":"secondary","lanes":"2","maxspeed":"60","name":"Bedok Reservoir Road","oneway":"yes","sidewalk:left":"separate","sidewalk:right":"no","surface":"asphalt","turn:lanes":"through|through"},"geometry":{"type":"LineString","coordinates":[[103.9198192,1.3375379],[103.9196981,1.3376163]]}},{"type":"Feature","id":"way/651920737-0-0-0","properties":{"highway":"primary","lanes":"3","maxspeed":"60","name":"Bedok North Road","name:en":"Bedok North Road","name:zh":"\u52ff\u6d1b\u5317\u8def","oneway":"yes","source":"Yahoo aerial images","surface":"asphalt","turn:lanes":"through|through|through"},"geometry":{"type":"LineString","coordinates":[[103.9187229,1.3340277],[103.918633,1.334214]]}},{"type":"Feature","id":"way/652157711-0-0-0","properties":{"highway":"secondary","lanes":"2","maxspeed":"60","name":"Bedok Reservoir Road","oneway":"yes","sidewalk:left":"separate","sidewalk:right":"no","surface":"asphalt"},"geometry":{"type":"LineString","coordinates":[[103.9222859,1.3373456],[103.9219218,1.3370988]]}},{"type":"Feature","id":"way/655134980-0-0-0","properties":{"highway":"secondary","lanes":"2","maxspeed":"60","name":"Bedok Reservoir Road","oneway":"yes","sidewalk:left":"separate","sidewalk:right":"no","source":"Yahoo aerial images","surface":"asphalt","turn:lanes":"left;through|through"},"geometry":{"type":"LineString","coordinates":[[103.9195913,1.3377989],[103.9196805,1.3377245]]}},{"type":"Feature","id":"way/655134980-0-1-0","properties":{"highway":"secondary","lanes":"2","maxspeed":"60","name":"Bedok Reservoir Road","oneway":"yes","sidewalk:left":"separate","sidewalk:right":"no","source":"Yahoo aerial images","surface":"asphalt","turn:lanes":"left;through|through"},"geometry":{"type":"LineString","coordinates":[[103.9196805,1.3377245],[103.9197428,1.3376784]]}},{"type":"Feature","id":"way/655134980-0-2-0","properties":{"highway":"secondary","lanes":"2","maxspeed":"60","name":"Bedok Reservoir Road","oneway":"yes","sidewalk:left":"separate","sidewalk:right":"no","source":"Yahoo aerial images","surface":"asphalt","turn:lanes":"left;through|through"},"geometry":{"type":"LineString","coordinates":[[103.9197428,1.3376784],[103.9198566,1.337605]]}},{"type":"Feature","id":"way/655134980-0-3-0","properties":{"highway":"secondary","lanes":"2","maxspeed":"60","name":"Bedok Reservoir Road","oneway":"yes","sidewalk:left":"separate","sidewalk:right":"no","source":"Yahoo aerial images","surface":"asphalt","turn:lanes":"left;through|through"},"geometry":{"type":"LineString","coordinates":[[103.9198566,1.337605],[103.919987,1.3375288]]}},{"type":"Feature","id":"way/673033838-0-0-0","properties":{"highway":"service","lanes":"1","oneway":"yes","service":"driveway","surface":"asphalt"},"geometry":{"type":"LineString","coordinates":[[103.9208936,1.3371901],[103.920966,1.3373453]]}},{"type":"Feature","id":"way/696433535-0-0-0","properties":{"highway":"service","lanes":"2","lanes:backward":"1","lanes:forward":"1","oneway":"no","service":"driveway","sidewalk":"both","turn:lanes:backward":"left;through","turn:lanes:forward":"through"},"geometry":{"type":"LineString","coordinates":[[103.9196461,1.336312],[103.9196818,1.3363811]]}},{"type":"Feature","id":"way/696433535-0-1-0","properties":{"highway":"service","lanes":"2","lanes:backward":"1","lanes:forward":"1","oneway":"no","service":"driveway","sidewalk":"both","turn:lanes:backward":"left;through","turn:lanes:forward":"through"},"geometry":{"type":"LineString","coordinates":[[103.9196818,1.3363811],[103.9197109,1.3364377]]}},{"type":"Feature","id":"way/696433535-0-2-0","properties":{"highway":"service","lanes":"2","lanes:backward":"1","lanes:forward":"1","oneway":"no","service":"driveway","sidewalk":"both","turn:lanes:backward":"left;through","turn:lanes:forward":"through"},"geometry":{"type":"LineString","coordinates":[[103.9197109,1.3364377],[103.9197872,1.3365855]]}},{"type":"Feature","id":"way/696433537-0-0-0","properties":{"highway":"residential","lanes":"1","maxspeed":"40","name":"Bedok Reservoir Crescent","oneway":"yes"},"geometry":{"type":"LineString","coordinates":[[103.9196461,1.336312],[103.9199155,1.3361768]]}},{"type":"Feature","id":"way/696433537-0-1-0","properties":{"highway":"residential","lanes":"1","maxspeed":"40","name":"Bedok Reservoir Crescent","oneway":"yes"},"geometry":{"type":"LineString","coordinates":[[103.9199155,1.3361768],[103.9199453,1.336163]]}},{"type":"Feature","id":"way/696433537-0-2-0","properties":{"highway":"residential","lanes":"1","maxspeed":"40","name":"Bedok Reservoir Crescent","oneway":"yes"},"geometry":{"type":"LineString","coordinates":[[103.9199453,1.336163],[103.9199762,1.3361517]]}},{"type":"Feature","id":"way/696433537-0-3-0","properties":{"highway":"residential","lanes":"1","maxspeed":"40","name":"Bedok Reservoir Crescent","oneway":"yes"},"geometry":{"type":"LineString","coordinates":[[103.9199762,1.3361517],[103.9200079,1.336143]]}},{"type":"Feature","id":"way/696433537-0-4-0","properties":{"highway":"residential","lanes":"1","maxspeed":"40","name":"Bedok Reservoir Crescent","oneway":"yes"},"geometry":{"type":"LineString","coordinates":[[103.9200079,1.336143],[103.9200402,1.3361371]]}},{"type":"Feature","id":"way/696433537-0-5-0","properties":{"highway":"residential","lanes":"1","maxspeed":"40","name":"Bedok Reservoir Crescent","oneway":"yes"},"geometry":{"type":"LineString","coordinates":[[103.9200402,1.3361371],[103.9200647,1.3361346]]}},{"type":"Feature","id":"way/696433538-0-0-0","properties":{"highway":"residential","lanes":"1","maxspeed":"40","name":"Bedok Reservoir Crescent","oneway":"yes","surface":"asphalt"},"geometry":{"type":"LineString","coordinates":[[103.9200647,1.3361346],[103.9200729,1.3361338]]}},{"type":"Feature","id":"way/696433538-0-1-0","properties":{"highway":"residential","lanes":"1","maxspeed":"40","name":"Bedok Reservoir Crescent","oneway":"yes","surface":"asphalt"},"geometry":{"type":"LineString","coordinates":[[103.9200729,1.3361338],[103.9201058,1.3361333]]}},{"type":"Feature","id":"way/696433538-0-2-0","properties":{"highway":"residential","lanes":"1","maxspeed":"40","name":"Bedok Reservoir Crescent","oneway":"yes","surface":"asphalt"},"geometry":{"type":"LineString","coordinates":[[103.9201058,1.3361333],[103.9201385,1.3361356]]}},{"type":"Feature","id":"way/696433538-0-3-0","properties":{"highway":"residential","lanes":"1","maxspeed":"40","name":"Bedok Reservoir Crescent","oneway":"yes","surface":"asphalt"},"geometry":{"type":"LineString","coordinates":[[103.9201385,1.3361356],[103.920171,1.3361406]]}},{"type":"Feature","id":"way/696433538-0-4-0","properties":{"highway":"residential","lanes":"1","maxspeed":"40","name":"Bedok Reservoir Crescent","oneway":"yes","surface":"asphalt"},"geometry":{"type":"LineString","coordinates":[[103.920171,1.3361406],[103.920203,1.3361483]]}},{"type":"Feature","id":"way/696433538-0-5-0","properties":{"highway":"residential","lanes":"1","maxspeed":"40","name":"Bedok Reservoir Crescent","oneway":"yes","surface":"asphalt"},"geometry":{"type":"LineString","coordinates":[[103.920203,1.3361483],[103.9202341,1.3361587]]}},{"type":"Feature","id":"way/696433538-0-6-0","properties":{"highway":"residential","lanes":"1","maxspeed":"40","name":"Bedok Reservoir Crescent","oneway":"yes","surface":"asphalt"},"geometry":{"type":"LineString","coordinates":[[103.9202341,1.3361587],[103.9202635,1.3361712]]}},{"type":"Feature","id":"way/696433538-0-7-0","properties":{"highway":"residential","lanes":"1","maxspeed":"40","name":"Bedok Reservoir Crescent","oneway":"yes","surface":"asphalt"},"geometry":{"type":"LineString","coordinates":[[103.9202635,1.3361712],[103.9202917,1.3361861]]}},{"type":"Feature","id":"way/696433538-0-8-0","properties":{"highway":"residential","lanes":"1","maxspeed":"40","name":"Bedok Reservoir Crescent","oneway":"yes","surface":"asphalt"},"geometry":{"type":"LineString","coordinates":[[103.9202917,1.3361861],[103.9203186,1.3362032]]}},{"type":"Feature","id":"way/696433538-0-9-0","properties":{"highway":"residential","lanes":"1","maxspeed":"40","name":"Bedok Reservoir Crescent","oneway":"yes","surface":"asphalt"},"geometry":{"type":"LineString","coordinates":[[103.9203186,1.3362032],[103.920344,1.3362224]]}},{"type":"Feature","id":"way/696433538-0-10-0","properties":{"highway":"residential","lanes":"1","maxspeed":"40","name":"Bedok Reservoir Crescent","oneway":"yes","surface":"asphalt"},"geometry":{"type":"LineString","coordinates":[[103.920344,1.3362224],[103.9203678,1.3362436]]}},{"type":"Feature","id":"way/696433538-0-11-0","properties":{"highway":"residential","lanes":"1","maxspeed":"40","name":"Bedok Reservoir Crescent","oneway":"yes","surface":"asphalt"},"geometry":{"type":"LineString","coordinates":[[103.9203678,1.3362436],[103.9203897,1.3362667]]}},{"type":"Feature","id":"way/696433538-0-12-0","properties":{"highway":"residential","lanes":"1","maxspeed":"40","name":"Bedok Reservoir Crescent","oneway":"yes","surface":"asphalt"},"geometry":{"type":"LineString","coordinates":[[103.9203897,1.3362667],[103.9204371,1.3363248]]}},{"type":"Feature","id":"way/696433539-0-0-0","properties":{"highway":"residential","lanes":"1","maxspeed":"40","name":"Bedok Reservoir Crescent","oneway":"yes","surface":"asphalt","turn:lanes":"left;through;right"},"geometry":{"type":"LineString","coordinates":[[103.9204957,1.3364056],[103.9205668,1.3365128]]}},{"type":"Feature","id":"way/717023630-0-0-0","properties":{"highway":"service","lanes":"2","lanes:backward":"1","lanes:forward":"1","service":"driveway"},"geometry":{"type":"LineString","coordinates":[[103.9207043,1.336623],[103.9206523,1.3366515]]}},{"type":"Feature","id":"way/717023631-0-0-0","properties":{"highway":"residential","lanes":"3","maxspeed":"40","name":"Bedok Reservoir Crescent","oneway":"yes","surface":"asphalt","turn:lanes":"left|through;right|right"},"geometry":{"type":"LineString","coordinates":[[103.9206523,1.3366515],[103.9206834,1.3367137]]}},{"type":"Feature","id":"way/717023631-0-1-0","properties":{"highway":"residential","lanes":"3","maxspeed":"40","name":"Bedok Reservoir Crescent","oneway":"yes","surface":"asphalt","turn:lanes":"left|through;right|right"},"geometry":{"type":"LineString","coordinates":[[103.9206834,1.3367137],[103.9207482,1.3368466]]}},{"type":"Feature","id":"way/737557410-0-0-0","properties":{"highway":"residential","lanes":"1","maxspeed":"40","oneway":"yes","turn:lanes":"left;right"},"geometry":{"type":"LineString","coordinates":[[103.9197643,1.3361954],[103.9196233,1.3362678]]}},{"type":"Feature","id":"way/738246373-0-0-0","properties":{"highway":"service","lanes":"1","oneway":"yes","service":"parking_aisle","turn:lanes":"right"},"geometry":{"type":"LineString","coordinates":[[103.9196059,1.3370367],[103.9196076,1.3370362]]}},{"type":"Feature","id":"way/738246373-0-1-0","properties":{"highway":"service","lanes":"1","oneway":"yes","service":"parking_aisle","turn:lanes":"right"},"geometry":{"type":"LineString","coordinates":[[103.9196076,1.3370362],[103.9196093,1.3370356]]}},{"type":"Feature","id":"way/738246373-0-2-0","properties":{"highway":"service","lanes":"1","oneway":"yes","service":"parking_aisle","turn:lanes":"right"},"geometry":{"type":"LineString","coordinates":[[103.9196093,1.3370356],[103.9196109,1.3370349]]}},{"type":"Feature","id":"way/738246373-0-3-0","properties":{"highway":"service","lanes":"1","oneway":"yes","service":"parking_aisle","turn:lanes":"right"},"geometry":{"type":"LineString","coordinates":[[103.9196109,1.3370349],[103.9196513,1.3370156]]}},{"type":"Feature","id":"way/738246373-0-4-0","properties":{"highway":"service","lanes":"1","oneway":"yes","service":"parking_aisle","turn:lanes":"right"},"geometry":{"type":"LineString","coordinates":[[103.9196513,1.3370156],[103.9196854,1.3369992]]}},{"type":"Feature","id":"way/738246373-0-5-0","properties":{"highway":"service","lanes":"1","oneway":"yes","service":"parking_aisle","turn:lanes":"right"},"geometry":{"type":"LineString","coordinates":[[103.9196854,1.3369992],[103.9198531,1.3369188]]}},{"type":"Feature","id":"way/738246373-0-6-0","properties":{"highway":"service","lanes":"1","oneway":"yes","service":"parking_aisle","turn:lanes":"right"},"geometry":{"type":"LineString","coordinates":[[103.9198531,1.3369188],[103.9200047,1.3368462]]}},{"type":"Feature","id":"way/738246373-0-7-0","properties":{"highway":"service","lanes":"1","oneway":"yes","service":"parking_aisle","turn:lanes":"right"},"geometry":{"type":"LineString","coordinates":[[103.9200047,1.3368462],[103.9201418,1.3367805]]}},{"type":"Feature","id":"way/738246373-0-8-0","properties":{"highway":"service","lanes":"1","oneway":"yes","service":"parking_aisle","turn:lanes":"right"},"geometry":{"type":"LineString","coordinates":[[103.9201418,1.3367805],[103.9201433,1.3367797]]}},{"type":"Feature","id":"way/738246373-0-9-0","properties":{"highway":"service","lanes":"1","oneway":"yes","service":"parking_aisle","turn:lanes":"right"},"geometry":{"type":"LineString","coordinates":[[103.9201433,1.3367797],[103.9201448,1.3367787]]}},{"type":"Feature","id":"way/738246373-0-10-0","properties":{"highway":"service","lanes":"1","oneway":"yes","service":"parking_aisle","turn:lanes":"right"},"geometry":{"type":"LineString","coordinates":[[103.9201448,1.3367787],[103.9201462,1.3367776]]}},{"type":"Feature","id":"way/738246373-0-11-0","properties":{"highway":"service","lanes":"1","oneway":"yes","service":"parking_aisle","turn:lanes":"right"},"geometry":{"type":"LineString","coordinates":[[103.9201462,1.3367776],[103.9201475,1.3367764]]}},{"type":"Feature","id":"way/738246373-0-12-0","properties":{"highway":"service","lanes":"1","oneway":"yes","service":"parking_aisle","turn:lanes":"right"},"geometry":{"type":"LineString","coordinates":[[103.9201475,1.3367764],[103.9201487,1.3367751]]}},{"type":"Feature","id":"way/738246373-0-13-0","properties":{"highway":"service","lanes":"1","oneway":"yes","service":"parking_aisle","turn:lanes":"right"},"geometry":{"type":"LineString","coordinates":[[103.9201487,1.3367751],[103.9201498,1.3367737]]}},{"type":"Feature","id":"way/738246373-0-14-0","properties":{"highway":"service","lanes":"1","oneway":"yes","service":"parking_aisle","turn:lanes":"right"},"geometry":{"type":"LineString","coordinates":[[103.9201498,1.3367737],[103.9201508,1.3367722]]}},{"type":"Feature","id":"way/738246373-0-15-0","properties":{"highway":"service","lanes":"1","oneway":"yes","service":"parking_aisle","turn:lanes":"right"},"geometry":{"type":"LineString","coordinates":[[103.9201508,1.3367722],[103.9201516,1.3367707]]}},{"type":"Feature","id":"way/738246373-0-16-0","properties":{"highway":"service","lanes":"1","oneway":"yes","service":"parking_aisle","turn:lanes":"right"},"geometry":{"type":"LineString","coordinates":[[103.9201516,1.3367707],[103.9201524,1.3367691]]}},{"type":"Feature","id":"way/738246373-0-17-0","properties":{"highway":"service","lanes":"1","oneway":"yes","service":"parking_aisle","turn:lanes":"right"},"geometry":{"type":"LineString","coordinates":[[103.9201524,1.3367691],[103.9201528,1.3367674]]}},{"type":"Feature","id":"way/738246373-0-18-0","properties":{"highway":"service","lanes":"1","oneway":"yes","service":"parking_aisle","turn:lanes":"right"},"geometry":{"type":"LineString","coordinates":[[103.9201528,1.3367674],[103.9201533,1.3367656]]}},{"type":"Feature","id":"way/738246373-0-19-0","properties":{"highway":"service","lanes":"1","oneway":"yes","service":"parking_aisle","turn:lanes":"right"},"geometry":{"type":"LineString","coordinates":[[103.9201533,1.3367656],[103.9201536,1.3367639]]}},{"type":"Feature","id":"way/738246373-0-20-0","properties":{"highway":"service","lanes":"1","oneway":"yes","service":"parking_aisle","turn:lanes":"right"},"geometry":{"type":"LineString","coordinates":[[103.9201536,1.3367639],[103.9201537,1.3367621]]}},{"type":"Feature","id":"way/738246373-0-21-0","properties":{"highway":"service","lanes":"1","oneway":"yes","service":"parking_aisle","turn:lanes":"right"},"geometry":{"type":"LineString","coordinates":[[103.9201537,1.3367621],[103.9201537,1.3367603]]}},{"type":"Feature","id":"way/738246373-0-22-0","properties":{"highway":"service","lanes":"1","oneway":"yes","service":"parking_aisle","turn:lanes":"right"},"geometry":{"type":"LineString","coordinates":[[103.9201537,1.3367603],[103.9201536,1.3367585]]}},{"type":"Feature","id":"way/738246373-0-23-0","properties":{"highway":"service","lanes":"1","oneway":"yes","service":"parking_aisle","turn:lanes":"right"},"geometry":{"type":"LineString","coordinates":[[103.9201536,1.3367585],[103.9201533,1.3367568]]}},{"type":"Feature","id":"way/738246373-0-24-0","properties":{"highway":"service","lanes":"1","oneway":"yes","service":"parking_aisle","turn:lanes":"right"},"geometry":{"type":"LineString","coordinates":[[103.9201533,1.3367568],[103.9201529,1.336755]]}},{"type":"Feature","id":"way/738246373-0-25-0","properties":{"highway":"service","lanes":"1","oneway":"yes","service":"parking_aisle","turn:lanes":"right"},"geometry":{"type":"LineString","coordinates":[[103.9201529,1.336755],[103.9201523,1.3367533]]}},{"type":"Feature","id":"way/738246373-0-26-0","properties":{"highway":"service","lanes":"1","oneway":"yes","service":"parking_aisle","turn:lanes":"right"},"geometry":{"type":"LineString","coordinates":[[103.9201523,1.3367533],[103.9201516,1.3367517]]}},{"type":"Feature","id":"way/738246373-0-27-0","properties":{"highway":"service","lanes":"1","oneway":"yes","service":"parking_aisle","turn:lanes":"right"},"geometry":{"type":"LineString","coordinates":[[103.9201516,1.3367517],[103.920099,1.3366426]]}},{"type":"Feature","id":"way/738246373-0-28-0","properties":{"highway":"service","lanes":"1","oneway":"yes","service":"parking_aisle","turn:lanes":"right"},"geometry":{"type":"LineString","coordinates":[[103.920099,1.3366426],[103.9200981,1.336641]]}},{"type":"Feature","id":"way/738246373-0-29-0","properties":{"highway":"service","lanes":"1","oneway":"yes","service":"parking_aisle","turn:lanes":"right"},"geometry":{"type":"LineString","coordinates":[[103.9200981,1.336641],[103.9200971,1.3366395]]}},{"type":"Feature","id":"way/738246373-0-30-0","properties":{"highway":"service","lanes":"1","oneway":"yes","service":"parking_aisle","turn:lanes":"right"},"geometry":{"type":"LineString","coordinates":[[103.9200971,1.3366395],[103.920096,1.3366381]]}},{"type":"Feature","id":"way/738246373-0-31-0","properties":{"highway":"service","lanes":"1","oneway":"yes","service":"parking_aisle","turn:lanes":"right"},"geometry":{"type":"LineString","coordinates":[[103.920096,1.3366381],[103.9200948,1.3366368]]}},{"type":"Feature","id":"way/738246373-0-32-0","properties":{"highway":"service","lanes":"1","oneway":"yes","service":"parking_aisle","turn:lanes":"right"},"geometry":{"type":"LineString","coordinates":[[103.9200948,1.3366368],[103.9200935,1.3366355]]}},{"type":"Feature","id":"way/738246373-0-33-0","properties":{"highway":"service","lanes":"1","oneway":"yes","service":"parking_aisle","turn:lanes":"right"},"geometry":{"type":"LineString","coordinates":[[103.9200935,1.3366355],[103.9200921,1.3366344]]}},{"type":"Feature","id":"way/738246373-0-34-0","properties":{"highway":"service","lanes":"1","oneway":"yes","service":"parking_aisle","turn:lanes":"right"},"geometry":{"type":"LineString","coordinates":[[103.9200921,1.3366344],[103.9200907,1.3366334]]}},{"type":"Feature","id":"way/738246373-0-35-0","properties":{"highway":"service","lanes":"1","oneway":"yes","service":"parking_aisle","turn:lanes":"right"},"geometry":{"type":"LineString","coordinates":[[103.9200907,1.3366334],[103.9200891,1.3366325]]}},{"type":"Feature","id":"way/738246373-0-36-0","properties":{"highway":"service","lanes":"1","oneway":"yes","service":"parking_aisle","turn:lanes":"right"},"geometry":{"type":"LineString","coordinates":[[103.9200891,1.3366325],[103.9200875,1.3366318]]}},{"type":"Feature","id":"way/738246373-0-37-0","properties":{"highway":"service","lanes":"1","oneway":"yes","service":"parking_aisle","turn:lanes":"right"},"geometry":{"type":"LineString","coordinates":[[103.9200875,1.3366318],[103.9200858,1.3366312]]}},{"type":"Feature","id":"way/738246373-0-38-0","properties":{"highway":"service","lanes":"1","oneway":"yes","service":"parking_aisle","turn:lanes":"right"},"geometry":{"type":"LineString","coordinates":[[103.9200858,1.3366312],[103.920084,1.3366308]]}},{"type":"Feature","id":"way/738246373-0-39-0","properties":{"highway":"service","lanes":"1","oneway":"yes","service":"parking_aisle","turn:lanes":"right"},"geometry":{"type":"LineString","coordinates":[[103.920084,1.3366308],[103.9200823,1.3366304]]}},{"type":"Feature","id":"way/738246373-0-40-0","properties":{"highway":"service","lanes":"1","oneway":"yes","service":"parking_aisle","turn:lanes":"right"},"geometry":{"type":"LineString","coordinates":[[103.9200823,1.3366304],[103.9200805,1.3366303]]}},{"type":"Feature","id":"way/738246373-0-41-0","properties":{"highway":"service","lanes":"1","oneway":"yes","service":"parking_aisle","turn:lanes":"right"},"geometry":{"type":"LineString","coordinates":[[103.9200805,1.3366303],[103.9200787,1.3366303]]}},{"type":"Feature","id":"way/738246373-0-42-0","properties":{"highway":"service","lanes":"1","oneway":"yes","service":"parking_aisle","turn:lanes":"right"},"geometry":{"type":"LineString","coordinates":[[103.9200787,1.3366303],[103.9200769,1.3366305]]}},{"type":"Feature","id":"way/738246373-0-43-0","properties":{"highway":"service","lanes":"1","oneway":"yes","service":"parking_aisle","turn:lanes":"right"},"geometry":{"type":"LineString","coordinates":[[103.9200769,1.3366305],[103.9200751,1.3366308]]}},{"type":"Feature","id":"way/738246373-0-44-0","properties":{"highway":"service","lanes":"1","oneway":"yes","service":"parking_aisle","turn:lanes":"right"},"geometry":{"type":"LineString","coordinates":[[103.9200751,1.3366308],[103.9200734,1.3366312]]}},{"type":"Feature","id":"way/738246373-0-45-0","properties":{"highway":"service","lanes":"1","oneway":"yes","service":"parking_aisle","turn:lanes":"right"},"geometry":{"type":"LineString","coordinates":[[103.9200734,1.3366312],[103.9200717,1.3366317]]}},{"type":"Feature","id":"way/738246373-0-46-0","properties":{"highway":"service","lanes":"1","oneway":"yes","service":"parking_aisle","turn:lanes":"right"},"geometry":{"type":"LineString","coordinates":[[103.9200717,1.3366317],[103.9200701,1.3366324]]}},{"type":"Feature","id":"way/738246379-0-0-0","properties":{"highway":"service","lanes":"1","oneway":"yes","service":"parking_aisle"},"geometry":{"type":"LineString","coordinates":[[103.9186988,1.3356114],[103.9186904,1.3357775]]}},{"type":"Feature","id":"way/738246382-0-0-0","properties":{"highway":"service","lanes":"1","oneway":"yes","service":"parking_aisle","turn:lanes":"through"},"geometry":{"type":"LineString","coordinates":[[103.9186904,1.3357775],[103.9186831,1.3359219]]}},{"type":"Feature","id":"way/738246382-0-1-0","properties":{"highway":"service","lanes":"1","oneway":"yes","service":"parking_aisle","turn:lanes":"through"},"geometry":{"type":"LineString","coordinates":[[103.9186831,1.3359219],[103.9186831,1.3359237]]}},{"type":"Feature","id":"way/738246382-0-2-0","properties":{"highway":"service","lanes":"1","oneway":"yes","service":"parking_aisle","turn:lanes":"through"},"geometry":{"type":"LineString","coordinates":[[103.9186831,1.3359237],[103.9186832,1.3359255]]}},{"type":"Feature","id":"way/738246382-0-3-0","properties":{"highway":"service","lanes":"1","oneway":"yes","service":"parking_aisle","turn:lanes":"through"},"geometry":{"type":"LineString","coordinates":[[103.9186832,1.3359255],[103.9186835,1.3359272]]}},{"type":"Feature","id":"way/738246382-0-4-0","properties":{"highway":"service","lanes":"1","oneway":"yes","service":"parking_aisle","turn:lanes":"through"},"geometry":{"type":"LineString","coordinates":[[103.9186835,1.3359272],[103.918684,1.335929]]}},{"type":"Feature","id":"way/738246382-0-5-0","properties":{"highway":"service","lanes":"1","oneway":"yes","service":"parking_aisle","turn:lanes":"through"},"geometry":{"type":"LineString","coordinates":[[103.918684,1.335929],[103.9186845,1.3359307]]}},{"type":"Feature","id":"way/738246382-0-6-0","properties":{"highway":"service","lanes":"1","oneway":"yes","service":"parking_aisle","turn:lanes":"through"},"geometry":{"type":"LineString","coordinates":[[103.9186845,1.3359307],[103.9186852,1.3359323]]}},{"type":"Feature","id":"way/738246382-0-7-0","properties":{"highway":"service","lanes":"1","oneway":"yes","service":"parking_aisle","turn:lanes":"through"},"geometry":{"type":"LineString","coordinates":[[103.9186852,1.3359323],[103.9186861,1.3359339]]}},{"type":"Feature","id":"way/738246382-0-8-0","properties":{"highway":"service","lanes":"1","oneway":"yes","service":"parking_aisle","turn:lanes":"through"},"geometry":{"type":"LineString","coordinates":[[103.9186861,1.3359339],[103.9186871,1.3359354]]}},{"type":"Feature","id":"way/738246382-0-9-0","properties":{"highway":"service","lanes":"1","oneway":"yes","service":"parking_aisle","turn:lanes":"through"},"geometry":{"type":"LineString","coordinates":[[103.9186871,1.3359354],[103.9186882,1.3359368]]}},{"type":"Feature","id":"way/738246382-0-10-0","properties":{"highway":"service","lanes":"1","oneway":"yes","service":"parking_aisle","turn:lanes":"through"},"geometry":{"type":"LineString","coordinates":[[103.9186882,1.3359368],[103.9186894,1.3359381]]}},{"type":"Feature","id":"way/738246382-0-11-0","properties":{"highway":"service","lanes":"1","oneway":"yes","service":"parking_aisle","turn:lanes":"through"},"geometry":{"type":"LineString","coordinates":[[103.9186894,1.3359381],[103.9186907,1.3359393]]}},{"type":"Feature","id":"way/738246382-0-12-0","properties":{"highway":"service","lanes":"1","oneway":"yes","service":"parking_aisle","turn:lanes":"through"},"geometry":{"type":"LineString","coordinates":[[103.9186907,1.3359393],[103.9186921,1.3359404]]}},{"type":"Feature","id":"way/738246382-0-13-0","properties":{"highway":"service","lanes":"1","oneway":"yes","service":"parking_aisle","turn:lanes":"through"},"geometry":{"type":"LineString","coordinates":[[103.9186921,1.3359404],[103.9186936,1.3359414]]}},{"type":"Feature","id":"way/738246382-0-14-0","properties":{"highway":"service","lanes":"1","oneway":"yes","service":"parking_aisle","turn:lanes":"through"},"geometry":{"type":"LineString","coordinates":[[103.9186936,1.3359414],[103.9186952,1.3359423]]}},{"type":"Feature","id":"way/738246382-0-15-0","properties":{"highway":"service","lanes":"1","oneway":"yes","service":"parking_aisle","turn:lanes":"through"},"geometry":{"type":"LineString","coordinates":[[103.9186952,1.3359423],[103.9186968,1.335943]]}},{"type":"Feature","id":"way/738246382-0-16-0","properties":{"highway":"service","lanes":"1","oneway":"yes","service":"parking_aisle","turn:lanes":"through"},"geometry":{"type":"LineString","coordinates":[[103.9186968,1.335943],[103.9186985,1.3359436]]}},{"type":"Feature","id":"way/738246382-0-17-0","properties":{"highway":"service","lanes":"1","oneway":"yes","service":"parking_aisle","turn:lanes":"through"},"geometry":{"type":"LineString","coordinates":[[103.9186985,1.3359436],[103.9187003,1.335944]]}},{"type":"Feature","id":"way/738246382-0-18-0","properties":{"highway":"service","lanes":"1","oneway":"yes","service":"parking_aisle","turn:lanes":"through"},"geometry":{"type":"LineString","coordinates":[[103.9187003,1.335944],[103.918702,1.3359443]]}},{"type":"Feature","id":"way/738246382-0-19-0","properties":{"highway":"service","lanes":"1","oneway":"yes","service":"parking_aisle","turn:lanes":"through"},"geometry":{"type":"LineString","coordinates":[[103.918702,1.3359443],[103.9187038,1.3359445]]}},{"type":"Feature","id":"way/738246382-0-20-0","properties":{"highway":"service","lanes":"1","oneway":"yes","service":"parking_aisle","turn:lanes":"through"},"geometry":{"type":"LineString","coordinates":[[103.9187038,1.3359445],[103.9194754,1.335981]]}},{"type":"Feature","id":"way/739868577-0-0-0","properties":{"highway":"service","lanes":"2","lanes:backward":"1","lanes:forward":"1","service":"parking_aisle","turn:lanes:backward":"left;right","turn:lanes:forward":"through"},"geometry":{"type":"LineString","coordinates":[[103.9197872,1.3365855],[103.9195441,1.336702]]}},{"type":"Feature","id":"way/739868577-0-1-0","properties":{"highway":"service","lanes":"2","lanes:backward":"1","lanes:forward":"1","service":"parking_aisle","turn:lanes:backward":"left;right","turn:lanes:forward":"through"},"geometry":{"type":"LineString","coordinates":[[103.9195441,1.336702],[103.9195424,1.3367027]]}},{"type":"Feature","id":"way/739868577-0-2-0","properties":{"highway":"service","lanes":"2","lanes:backward":"1","lanes:forward":"1","service":"parking_aisle","turn:lanes:backward":"left;right","turn:lanes:forward":"through"},"geometry":{"type":"LineString","coordinates":[[103.9195424,1.3367027],[103.9195408,1.3367033]]}},{"type":"Feature","id":"way/739868577-0-3-0","properties":{"highway":"service","lanes":"2","lanes:backward":"1","lanes:forward":"1","service":"parking_aisle","turn:lanes:backward":"left;right","turn:lanes:forward":"through"},"geometry":{"type":"LineString","coordinates":[[103.9195408,1.3367033],[103.919539,1.3367037]]}},{"type":"Feature","id":"way/739868577-0-4-0","properties":{"highway":"service","lanes":"2","lanes:backward":"1","lanes:forward":"1","service":"parking_aisle","turn:lanes:backward":"left;right","turn:lanes:forward":"through"},"geometry":{"type":"LineString","coordinates":[[103.919539,1.3367037],[103.9195373,1.336704]]}},{"type":"Feature","id":"way/739868577-0-5-0","properties":{"highway":"service","lanes":"2","lanes:backward":"1","lanes:forward":"1","service":"parking_aisle","turn:lanes:backward":"left;right","turn:lanes:forward":"through"},"geometry":{"type":"LineString","coordinates":[[103.9195373,1.336704],[103.9195355,1.3367042]]}},{"type":"Feature","id":"way/739868577-0-6-0","properties":{"highway":"service","lanes":"2","lanes:backward":"1","lanes:forward":"1","service":"parking_aisle","turn:lanes:backward":"left;right","turn:lanes:forward":"through"},"geometry":{"type":"LineString","coordinates":[[103.9195355,1.3367042],[103.9195337,1.3367042]]}},{"type":"Feature","id":"way/739868577-0-7-0","properties":{"highway":"service","lanes":"2","lanes:backward":"1","lanes:forward":"1","service":"parking_aisle","turn:lanes:backward":"left;right","turn:lanes:forward":"through"},"geometry":{"type":"LineString","coordinates":[[103.9195337,1.3367042],[103.9194626,1.3367009]]}},{"type":"Feature","id":"way/739868578-0-0-0","properties":{"highway":"service","lanes":"2","lanes:backward":"1","lanes:forward":"1","service":"driveway","turn:lanes:backward":"left;through"},"geometry":{"type":"LineString","coordinates":[[103.9208286,1.3365528],[103.9207694,1.3364376]]}},{"type":"Feature","id":"way/739868579-0-0-0","properties":{"highway":"service","lanes":"2","lanes:backward":"1","lanes:forward":"1","service":"driveway","turn:lanes:backward":"through;right","turn:lanes:forward":"through"},"geometry":{"type":"LineString","coordinates":[[103.9208286,1.3365528],[103.9209276,1.3367272]]}},{"type":"Feature","id":"way/742426018-0-0-0","properties":{"highway":"residential","lanes":"1","maxspeed":"40","name":"Bedok Reservoir Crescent","oneway":"yes","surface":"asphalt"},"geometry":{"type":"LineString","coordinates":[[103.9204371,1.3363248],[103.9204957,1.3364056]]}},{"type":"Feature","id":"way/742746515-0-0-0","properties":{"highway":"secondary","lanes":"2","maxspeed":"60","name":"Bedok Reservoir Road","oneway":"yes","sidewalk:left":"separate","sidewalk:right":"no","source":"Yahoo aerial images","surface":"asphalt"},"geometry":{"type":"LineString","coordinates":[[103.919987,1.3375288],[103.9200646,1.3374846]]}},{"type":"Feature","id":"way/791241629-0-0-0","properties":{"highway":"secondary","lanes":"2","maxspeed":"60","name":"Bedok Reservoir Road","oneway":"yes","sidewalk:left":"separate","sidewalk:right":"no","surface":"asphalt","turn:lanes":"through|through"},"geometry":{"type":"LineString","coordinates":[[103.920506,1.3371586],[103.9202877,1.3372677]]}},{"type":"Feature","id":"way/791241630-0-0-0","properties":{"highway":"secondary","lanes":"2","maxspeed":"60","name":"Bedok Reservoir Road","oneway":"yes","sidewalk:left":"separate","sidewalk:right":"no","surface":"asphalt"},"geometry":{"type":"LineString","coordinates":[[103.9206802,1.3370788],[103.920506,1.3371586]]}},{"type":"Feature","id":"way/791241631-0-1-0","properties":{"highway":"secondary","lanes":"2","maxspeed":"60","name":"Bedok Reservoir Road","oneway":"yes","sidewalk:left":"separate","sidewalk:right":"no","surface":"asphalt"},"geometry":{"type":"LineString","coordinates":[[103.9228534,1.3376106],[103.9226534,1.3375384]]}},{"type":"Feature","id":"way/791241633-0-0-0","properties":{"highway":"secondary","lanes":"2","maxspeed":"60","name":"Bedok Reservoir Road","oneway":"yes","sidewalk:left":"separate","sidewalk:right":"no","source":"Yahoo aerial images","surface":"asphalt","turn:lanes":"through|through"},"geometry":{"type":"LineString","coordinates":[[103.921788,1.337108],[103.921881,1.337162]]}},{"type":"Feature","id":"way/791241633-0-1-0","properties":{"highway":"secondary","lanes":"2","maxspeed":"60","name":"Bedok Reservoir Road","oneway":"yes","sidewalk:left":"separate","sidewalk:right":"no","source":"Yahoo aerial images","surface":"asphalt","turn:lanes":"through|through"},"geometry":{"type":"LineString","coordinates":[[103.921881,1.337162],[103.9222449,1.3374094]]}},{"type":"Feature","id":"way/791241633-0-2-0","properties":{"highway":"secondary","lanes":"2","maxspeed":"60","name":"Bedok Reservoir Road","oneway":"yes","sidewalk:left":"separate","sidewalk:right":"no","source":"Yahoo aerial images","surface":"asphalt","turn:lanes":"through|through"},"geometry":{"type":"LineString","coordinates":[[103.9222449,1.3374094],[103.9224195,1.3375132]]}},{"type":"Feature","id":"way/791241633-0-3-0","properties":{"highway":"secondary","lanes":"2","maxspeed":"60","name":"Bedok Reservoir Road","oneway":"yes","sidewalk:left":"separate","sidewalk:right":"no","source":"Yahoo aerial images","surface":"asphalt","turn:lanes":"through|through"},"geometry":{"type":"LineString","coordinates":[[103.9224195,1.3375132],[103.9225187,1.3375647]]}},{"type":"Feature","id":"way/791241633-0-4-0","properties":{"highway":"secondary","lanes":"2","maxspeed":"60","name":"Bedok Reservoir Road","oneway":"yes","sidewalk:left":"separate","sidewalk:right":"no","source":"Yahoo aerial images","surface":"asphalt","turn:lanes":"through|through"},"geometry":{"type":"LineString","coordinates":[[103.9225187,1.3375647],[103.9225707,1.3375881]]}},{"type":"Feature","id":"way/791241633-0-5-0","properties":{"highway":"secondary","lanes":"2","maxspeed":"60","name":"Bedok Reservoir Road","oneway":"yes","sidewalk:left":"separate","sidewalk:right":"no","source":"Yahoo aerial images","surface":"asphalt","turn:lanes":"through|through"},"geometry":{"type":"LineString","coordinates":[[103.9225707,1.3375881],[103.9226238,1.3376097]]}},{"type":"Feature","id":"way/791245337-0-0-0","properties":{"highway":"service","lanes":"2","lanes:backward":"1","lanes:forward":"1","service":"driveway","turn:lanes:backward":"left;through","turn:lanes:forward":"through;right"},"geometry":{"type":"LineString","coordinates":[[103.9217153,1.3361777],[103.9218302,1.3364245]]}},{"type":"Feature","id":"way/791245338-0-0-0","properties":{"highway":"service","lanes":"2","lanes:backward":"1","lanes:forward":"1","motor_vehicle":"no","service":"driveway"},"geometry":{"type":"LineString","coordinates":[[103.9218901,1.336469],[103.9221176,1.3363435]]}},{"type":"Feature","id":"way/791245339-0-0-0","properties":{"highway":"service","lanes":"2","lanes:backward":"1","lanes:forward":"1","service":"driveway","turn:lanes:forward":"through;right"},"geometry":{"type":"LineString","coordinates":[[103.9215577,1.3367788],[103.9216425,1.336799]]}},{"type":"Feature","id":"way/791245339-0-1-0","properties":{"highway":"service","lanes":"2","lanes:backward":"1","lanes:forward":"1","service":"driveway","turn:lanes:forward":"through;right"},"geometry":{"type":"LineString","coordinates":[[103.9216425,1.336799],[103.9217497,1.3368289]]}},{"type":"Feature","id":"way/791245340-0-0-0","properties":{"highway":"service","lanes":"2","lanes:backward":"1","lanes:forward":"1","service":"driveway"},"geometry":{"type":"LineString","coordinates":[[103.9217497,1.3368289],[103.9218966,1.3368911]]}},{"type":"Feature","id":"way/791245340-0-1-0","properties":{"highway":"service","lanes":"2","lanes:backward":"1","lanes:forward":"1","service":"driveway"},"geometry":{"type":"LineString","coordinates":[[103.9218966,1.3368911],[103.9220756,1.336984]]}},{"type":"Feature","id":"way/791245341-0-0-0","properties":{"highway":"service","lanes":"2","lanes:backward":"1","lanes:forward":"1","service":"driveway","turn:lanes:backward":"left;through"},"geometry":{"type":"LineString","coordinates":[[103.9210752,1.3367835],[103.9212844,1.3367574]]}},{"type":"Feature","id":"way/791245342-0-0-0","properties":{"highway":"service","lanes":"2","lanes:backward":"1","lanes:forward":"1","service":"driveway","turn:lanes:forward":"through;right"},"geometry":{"type":"LineString","coordinates":[[103.9209665,1.3367594],[103.9210175,1.3367829]]}},{"type":"Feature","id":"way/791245342-0-1-0","properties":{"highway":"service","lanes":"2","lanes:backward":"1","lanes:forward":"1","service":"driveway","turn:lanes:forward":"through;right"},"geometry":{"type":"LineString","coordinates":[[103.9210175,1.3367829],[103.921021,1.3367829]]}},{"type":"Feature","id":"way/791245342-0-2-0","properties":{"highway":"service","lanes":"2","lanes:backward":"1","lanes:forward":"1","service":"driveway","turn:lanes:forward":"through;right"},"geometry":{"type":"LineString","coordinates":[[103.921021,1.3367829],[103.9210752,1.3367835]]}},{"type":"Feature","id":"way/791245343-0-0-0","properties":{"highway":"service","lanes":"2","lanes:backward":"1","lanes:forward":"1","service":"driveway"},"geometry":{"type":"LineString","coordinates":[[103.9209276,1.3367272],[103.9209665,1.3367594]]}},{"type":"Feature","id":"way/806275461-0-0-0","properties":{"highway":"service","lanes":"2","lanes:backward":"1","lanes:forward":"1","oneway":"no","service":"driveway","sidewalk":"both","turn:lanes:backward":"through;right","turn:lanes:forward":"through"},"geometry":{"type":"LineString","coordinates":[[103.9195107,1.3360494],[103.9194754,1.335981]]}},{"type":"Feature","id":"way/809462710-0-0-0","properties":{"highway":"service","service":"driveway","sidewalk":"left"},"geometry":{"type":"LineString","coordinates":[[103.9228534,1.3355685],[103.9228354,1.3354827]]}},{"type":"Feature","id":"way/809462710-0-1-0","properties":{"highway":"service","service":"driveway","sidewalk":"left"},"geometry":{"type":"LineString","coordinates":[[103.9228354,1.3354827],[103.9228188,1.3354029]]}},{"type":"Feature","id":"way/810113843-0-0-0","properties":{"highway":"service","lanes":"1","oneway":"yes","service":"parking_aisle"},"geometry":{"type":"LineString","coordinates":[[103.9193874,1.3358104],[103.9193156,1.3356711]]}},{"type":"Feature","id":"way/810113843-0-1-0","properties":{"highway":"service","lanes":"1","oneway":"yes","service":"parking_aisle"},"geometry":{"type":"LineString","coordinates":[[103.9193156,1.3356711],[103.9193134,1.335667]]}},{"type":"Feature","id":"way/810113843-0-2-0","properties":{"highway":"service","lanes":"1","oneway":"yes","service":"parking_aisle"},"geometry":{"type":"LineString","coordinates":[[103.9193134,1.335667],[103.9193109,1.3356631]]}},{"type":"Feature","id":"way/810113843-0-3-0","properties":{"highway":"service","lanes":"1","oneway":"yes","service":"parking_aisle"},"geometry":{"type":"LineString","coordinates":[[103.9193109,1.3356631],[103.9193081,1.3356594]]}},{"type":"Feature","id":"way/810113843-0-4-0","properties":{"highway":"service","lanes":"1","oneway":"yes","service":"parking_aisle"},"geometry":{"type":"LineString","coordinates":[[103.9193081,1.3356594],[103.919305,1.3356559]]}},{"type":"Feature","id":"way/810113843-0-5-0","properties":{"highway":"service","lanes":"1","oneway":"yes","service":"parking_aisle"},"geometry":{"type":"LineString","coordinates":[[103.919305,1.3356559],[103.9193016,1.3356527]]}},{"type":"Feature","id":"way/810113843-0-6-0","properties":{"highway":"service","lanes":"1","oneway":"yes","service":"parking_aisle"},"geometry":{"type":"LineString","coordinates":[[103.9193016,1.3356527],[103.919298,1.3356498]]}},{"type":"Feature","id":"way/810113843-0-7-0","properties":{"highway":"service","lanes":"1","oneway":"yes","service":"parking_aisle"},"geometry":{"type":"LineString","coordinates":[[103.919298,1.3356498],[103.9192942,1.3356471]]}},{"type":"Feature","id":"way/810113843-0-8-0","properties":{"highway":"service","lanes":"1","oneway":"yes","service":"parking_aisle"},"geometry":{"type":"LineString","coordinates":[[103.9192942,1.3356471],[103.9192902,1.3356448]]}},{"type":"Feature","id":"way/810113843-0-9-0","properties":{"highway":"service","lanes":"1","oneway":"yes","service":"parking_aisle"},"geometry":{"type":"LineString","coordinates":[[103.9192902,1.3356448],[103.919286,1.3356428]]}},{"type":"Feature","id":"way/810113843-0-10-0","properties":{"highway":"service","lanes":"1","oneway":"yes","service":"parking_aisle"},"geometry":{"type":"LineString","coordinates":[[103.919286,1.3356428],[103.9192817,1.3356411]]}},{"type":"Feature","id":"way/810113843-0-11-0","properties":{"highway":"service","lanes":"1","oneway":"yes","service":"parking_aisle"},"geometry":{"type":"LineString","coordinates":[[103.9192817,1.3356411],[103.9192772,1.3356398]]}},{"type":"Feature","id":"way/810113843-0-12-0","properties":{"highway":"service","lanes":"1","oneway":"yes","service":"parking_aisle"},"geometry":{"type":"LineString","coordinates":[[103.9192772,1.3356398],[103.9192727,1.3356388]]}},{"type":"Feature","id":"way/810113843-0-13-0","properties":{"highway":"service","lanes":"1","oneway":"yes","service":"parking_aisle"},"geometry":{"type":"LineString","coordinates":[[103.9192727,1.3356388],[103.919268,1.3356382]]}},{"type":"Feature","id":"way/810113843-0-14-0","properties":{"highway":"service","lanes":"1","oneway":"yes","service":"parking_aisle"},"geometry":{"type":"LineString","coordinates":[[103.919268,1.3356382],[103.9192634,1.335638]]}},{"type":"Feature","id":"way/810113843-0-15-0","properties":{"highway":"service","lanes":"1","oneway":"yes","service":"parking_aisle"},"geometry":{"type":"LineString","coordinates":[[103.9192634,1.335638],[103.9186988,1.3356114]]}},{"type":"Feature","id":"way/821394143-0-0-0","properties":{"highway":"service","lanes":"1","oneway":"yes","service":"driveway","surface":"asphalt","turn:lanes":"left;through;right"},"geometry":{"type":"LineString","coordinates":[[103.9210177,1.3373281],[103.9209479,1.3371711]]}},{"type":"Feature","id":"way/821394144-0-0-0","properties":{"highway":"service","lanes":"1","oneway":"yes","service":"driveway","surface":"asphalt"},"geometry":{"type":"LineString","coordinates":[[103.920966,1.3373453],[103.9211163,1.3376408]]}},{"type":"Feature","id":"way/821394144-0-1-0","properties":{"highway":"service","lanes":"1","oneway":"yes","service":"driveway","surface":"asphalt"},"geometry":{"type":"LineString","coordinates":[[103.9211163,1.3376408],[103.9211845,1.3377542]]}},{"type":"Feature","id":"way/821394144-0-2-0","properties":{"highway":"service","lanes":"1","oneway":"yes","service":"driveway","surface":"asphalt"},"geometry":{"type":"LineString","coordinates":[[103.9211845,1.3377542],[103.9212234,1.337775]]}},{"type":"Feature","id":"way/822147521-0-0-0","properties":{"highway":"service","lanes":"1","oneway":"yes","service":"parking_aisle","turn:lanes":"left;through"},"geometry":{"type":"LineString","coordinates":[[103.9200701,1.3366324],[103.9200309,1.3366512]]}},{"type":"Feature","id":"way/822147521-0-1-0","properties":{"highway":"service","lanes":"1","oneway":"yes","service":"parking_aisle","turn:lanes":"left;through"},"geometry":{"type":"LineString","coordinates":[[103.9200309,1.3366512],[103.9198626,1.3367318]]}},{"type":"Feature","id":"way/822147522-0-0-0","properties":{"highway":"service","lanes":"1","oneway":"yes","service":"parking_aisle","turn:lanes":"through;right"},"geometry":{"type":"LineString","coordinates":[[103.9198626,1.3367318],[103.9195772,1.3368686]]}},{"type":"Feature","id":"way/822147522-0-1-0","properties":{"highway":"service","lanes":"1","oneway":"yes","service":"parking_aisle","turn:lanes":"through;right"},"geometry":{"type":"LineString","coordinates":[[103.9195772,1.3368686],[103.9195756,1.3368693]]}},{"type":"Feature","id":"way/822147522-0-2-0","properties":{"highway":"service","lanes":"1","oneway":"yes","service":"parking_aisle","turn:lanes":"through;right"},"geometry":{"type":"LineString","coordinates":[[103.9195756,1.3368693],[103.9195739,1.3368699]]}},{"type":"Feature","id":"way/822147522-0-3-0","properties":{"highway":"service","lanes":"1","oneway":"yes","service":"parking_aisle","turn:lanes":"through;right"},"geometry":{"type":"LineString","coordinates":[[103.9195739,1.3368699],[103.9195722,1.3368704]]}},{"type":"Feature","id":"way/822147523-0-0-0","properties":{"highway":"service","lanes":"1","oneway":"yes","service":"parking_aisle","turn:lanes":"through;right"},"geometry":{"type":"LineString","coordinates":[[103.9195722,1.3368704],[103.9195704,1.3368706]]}},{"type":"Feature","id":"way/822147523-0-1-0","properties":{"highway":"service","lanes":"1","oneway":"yes","service":"parking_aisle","turn:lanes":"through;right"},"geometry":{"type":"LineString","coordinates":[[103.9195704,1.3368706],[103.9195687,1.3368708]]}},{"type":"Feature","id":"way/822147523-0-2-0","properties":{"highway":"service","lanes":"1","oneway":"yes","service":"parking_aisle","turn:lanes":"through;right"},"geometry":{"type":"LineString","coordinates":[[103.9195687,1.3368708],[103.9195669,1.3368708]]}},{"type":"Feature","id":"way/822147523-0-3-0","properties":{"highway":"service","lanes":"1","oneway":"yes","service":"parking_aisle","turn:lanes":"through;right"},"geometry":{"type":"LineString","coordinates":[[103.9195669,1.3368708],[103.9193452,1.3368599]]}},{"type":"Feature","id":"way/822147523-0-4-0","properties":{"highway":"service","lanes":"1","oneway":"yes","service":"parking_aisle","turn:lanes":"through;right"},"geometry":{"type":"LineString","coordinates":[[103.9193452,1.3368599],[103.9190365,1.3368448]]}},{"type":"Feature","id":"way/822147523-0-5-0","properties":{"highway":"service","lanes":"1","oneway":"yes","service":"parking_aisle","turn:lanes":"through;right"},"geometry":{"type":"LineString","coordinates":[[103.9190365,1.3368448],[103.9185439,1.3368206]]}},{"type":"Feature","id":"way/822147523-0-6-0","properties":{"highway":"service","lanes":"1","oneway":"yes","service":"parking_aisle","turn:lanes":"through;right"},"geometry":{"type":"LineString","coordinates":[[103.9185439,1.3368206],[103.9185421,1.3368206]]}},{"type":"Feature","id":"way/822147523-0-7-0","properties":{"highway":"service","lanes":"1","oneway":"yes","service":"parking_aisle","turn:lanes":"through;right"},"geometry":{"type":"LineString","coordinates":[[103.9185421,1.3368206],[103.9185403,1.3368208]]}},{"type":"Feature","id":"way/822147523-0-8-0","properties":{"highway":"service","lanes":"1","oneway":"yes","service":"parking_aisle","turn:lanes":"through;right"},"geometry":{"type":"LineString","coordinates":[[103.9185403,1.3368208],[103.9185385,1.3368211]]}},{"type":"Feature","id":"way/822147523-0-9-0","properties":{"highway":"service","lanes":"1","oneway":"yes","service":"parking_aisle","turn:lanes":"through;right"},"geometry":{"type":"LineString","coordinates":[[103.9185385,1.3368211],[103.9185368,1.3368215]]}},{"type":"Feature","id":"way/822147523-0-10-0","properties":{"highway":"service","lanes":"1","oneway":"yes","service":"parking_aisle","turn:lanes":"through;right"},"geometry":{"type":"LineString","coordinates":[[103.9185368,1.3368215],[103.9185351,1.3368221]]}},{"type":"Feature","id":"way/822147523-0-11-0","properties":{"highway":"service","lanes":"1","oneway":"yes","service":"parking_aisle","turn:lanes":"through;right"},"geometry":{"type":"LineString","coordinates":[[103.9185351,1.3368221],[103.9185335,1.3368228]]}},{"type":"Feature","id":"way/822147523-0-12-0","properties":{"highway":"service","lanes":"1","oneway":"yes","service":"parking_aisle","turn:lanes":"through;right"},"geometry":{"type":"LineString","coordinates":[[103.9185335,1.3368228],[103.9185319,1.3368237]]}},{"type":"Feature","id":"way/822147523-0-13-0","properties":{"highway":"service","lanes":"1","oneway":"yes","service":"parking_aisle","turn:lanes":"through;right"},"geometry":{"type":"LineString","coordinates":[[103.9185319,1.3368237],[103.9185304,1.3368247]]}},{"type":"Feature","id":"way/822147523-0-14-0","properties":{"highway":"service","lanes":"1","oneway":"yes","service":"parking_aisle","turn:lanes":"through;right"},"geometry":{"type":"LineString","coordinates":[[103.9185304,1.3368247],[103.918529,1.3368258]]}},{"type":"Feature","id":"way/822147523-0-15-0","properties":{"highway":"service","lanes":"1","oneway":"yes","service":"parking_aisle","turn:lanes":"through;right"},"geometry":{"type":"LineString","coordinates":[[103.918529,1.3368258],[103.9185277,1.336827]]}},{"type":"Feature","id":"way/822147523-0-16-0","properties":{"highway":"service","lanes":"1","oneway":"yes","service":"parking_aisle","turn:lanes":"through;right"},"geometry":{"type":"LineString","coordinates":[[103.9185277,1.336827],[103.9185265,1.3368283]]}},{"type":"Feature","id":"way/822147523-0-17-0","properties":{"highway":"service","lanes":"1","oneway":"yes","service":"parking_aisle","turn:lanes":"through;right"},"geometry":{"type":"LineString","coordinates":[[103.9185265,1.3368283],[103.9185254,1.3368298]]}},{"type":"Feature","id":"way/822147523-0-18-0","properties":{"highway":"service","lanes":"1","oneway":"yes","service":"parking_aisle","turn:lanes":"through;right"},"geometry":{"type":"LineString","coordinates":[[103.9185254,1.3368298],[103.9185244,1.3368313]]}},{"type":"Feature","id":"way/822147523-0-19-0","properties":{"highway":"service","lanes":"1","oneway":"yes","service":"parking_aisle","turn:lanes":"through;right"},"geometry":{"type":"LineString","coordinates":[[103.9185244,1.3368313],[103.9185236,1.3368329]]}},{"type":"Feature","id":"way/822147523-0-20-0","properties":{"highway":"service","lanes":"1","oneway":"yes","service":"parking_aisle","turn:lanes":"through;right"},"geometry":{"type":"LineString","coordinates":[[103.9185236,1.3368329],[103.9185229,1.3368345]]}},{"type":"Feature","id":"way/822147523-0-21-0","properties":{"highway":"service","lanes":"1","oneway":"yes","service":"parking_aisle","turn:lanes":"through;right"},"geometry":{"type":"LineString","coordinates":[[103.9185229,1.3368345],[103.9185223,1.3368362]]}},{"type":"Feature","id":"way/822147523-0-22-0","properties":{"highway":"service","lanes":"1","oneway":"yes","service":"parking_aisle","turn:lanes":"through;right"},"geometry":{"type":"LineString","coordinates":[[103.9185223,1.3368362],[103.9185219,1.3368379]]}},{"type":"Feature","id":"way/822147523-0-23-0","properties":{"highway":"service","lanes":"1","oneway":"yes","service":"parking_aisle","turn:lanes":"through;right"},"geometry":{"type":"LineString","coordinates":[[103.9185219,1.3368379],[103.9185217,1.3368397]]}},{"type":"Feature","id":"way/822147523-0-24-0","properties":{"highway":"service","lanes":"1","oneway":"yes","service":"parking_aisle","turn:lanes":"through;right"},"geometry":{"type":"LineString","coordinates":[[103.9185217,1.3368397],[103.9185215,1.3368415]]}},{"type":"Feature","id":"way/822147523-0-25-0","properties":{"highway":"service","lanes":"1","oneway":"yes","service":"parking_aisle","turn:lanes":"through;right"},"geometry":{"type":"LineString","coordinates":[[103.9185215,1.3368415],[103.9185141,1.3369846]]}},{"type":"Feature","id":"way/822147523-0-26-0","properties":{"highway":"service","lanes":"1","oneway":"yes","service":"parking_aisle","turn:lanes":"through;right"},"geometry":{"type":"LineString","coordinates":[[103.9185141,1.3369846],[103.9185554,1.3369866]]}},{"type":"Feature","id":"way/822147523-0-27-0","properties":{"highway":"service","lanes":"1","oneway":"yes","service":"parking_aisle","turn:lanes":"through;right"},"geometry":{"type":"LineString","coordinates":[[103.9185554,1.3369866],[103.9188203,1.3369994]]}},{"type":"Feature","id":"way/822147523-0-28-0","properties":{"highway":"service","lanes":"1","oneway":"yes","service":"parking_aisle","turn:lanes":"through;right"},"geometry":{"type":"LineString","coordinates":[[103.9188203,1.3369994],[103.919148,1.3370152]]}},{"type":"Feature","id":"way/822147523-0-29-0","properties":{"highway":"service","lanes":"1","oneway":"yes","service":"parking_aisle","turn:lanes":"through;right"},"geometry":{"type":"LineString","coordinates":[[103.919148,1.3370152],[103.919381,1.3370265]]}},{"type":"Feature","id":"way/822147523-0-30-0","properties":{"highway":"service","lanes":"1","oneway":"yes","service":"parking_aisle","turn:lanes":"through;right"},"geometry":{"type":"LineString","coordinates":[[103.919381,1.3370265],[103.9196006,1.3370371]]}},{"type":"Feature","id":"way/822147523-0-31-0","properties":{"highway":"service","lanes":"1","oneway":"yes","service":"parking_aisle","turn:lanes":"through;right"},"geometry":{"type":"LineString","coordinates":[[103.9196006,1.3370371],[103.9196024,1.3370371]]}},{"type":"Feature","id":"way/822147523-0-32-0","properties":{"highway":"service","lanes":"1","oneway":"yes","service":"parking_aisle","turn:lanes":"through;right"},"geometry":{"type":"LineString","coordinates":[[103.9196024,1.3370371],[103.9196042,1.3370369]]}},{"type":"Feature","id":"way/822147523-0-33-0","properties":{"highway":"service","lanes":"1","oneway":"yes","service":"parking_aisle","turn:lanes":"through;right"},"geometry":{"type":"LineString","coordinates":[[103.9196042,1.3370369],[103.9196059,1.3370367]]}},{"type":"Feature","id":"way/822147524-0-0-0","properties":{"highway":"service","lanes":"2","lanes:backward":"1","lanes:forward":"1","oneway":"no","service":"driveway","sidewalk":"both","turn:lanes:backward":"through","turn:lanes:forward":"left"},"geometry":{"type":"LineString","coordinates":[[103.9197872,1.3365855],[103.9198626,1.3367318]]}},{"type":"Feature","id":"way/822147525-0-0-0","properties":{"highway":"service","lanes":"2","lanes:backward":"1","lanes:forward":"1","service":"driveway","turn:lanes:backward":"through","turn:lanes:forward":"through;right"},"geometry":{"type":"LineString","coordinates":[[103.9215955,1.3359277],[103.9216272,1.3359902]]}},{"type":"Feature","id":"way/822147525-0-1-0","properties":{"highway":"service","lanes":"2","lanes:backward":"1","lanes:forward":"1","service":"driveway","turn:lanes:backward":"through","turn:lanes:forward":"through;right"},"geometry":{"type":"LineString","coordinates":[[103.9216272,1.3359902],[103.9216422,1.3360225]]}},{"type":"Feature","id":"way/822147525-0-2-0","properties":{"highway":"service","lanes":"2","lanes:backward":"1","lanes:forward":"1","service":"driveway","turn:lanes:backward":"through","turn:lanes:forward":"through;right"},"geometry":{"type":"LineString","coordinates":[[103.9216422,1.3360225],[103.9217153,1.3361777]]}},{"type":"Feature","id":"way/822147526-0-0-0","properties":{"highway":"service","lanes":"1","oneway":"yes","service":"driveway","turn:lanes":"left;right"},"geometry":{"type":"LineString","coordinates":[[103.9210752,1.3367835],[103.9210709,1.3367403]]}},{"type":"Feature","id":"way/822147526-0-1-0","properties":{"highway":"service","lanes":"1","oneway":"yes","service":"driveway","turn:lanes":"left;right"},"geometry":{"type":"LineString","coordinates":[[103.9210709,1.3367403],[103.9210669,1.3367183]]}},{"type":"Feature","id":"way/822147526-0-2-0","properties":{"highway":"service","lanes":"1","oneway":"yes","service":"driveway","turn:lanes":"left;right"},"geometry":{"type":"LineString","coordinates":[[103.9210669,1.3367183],[103.9210589,1.3366993]]}},{"type":"Feature","id":"way/822147526-0-3-0","properties":{"highway":"service","lanes":"1","oneway":"yes","service":"driveway","turn:lanes":"left;right"},"geometry":{"type":"LineString","coordinates":[[103.9210589,1.3366993],[103.9210385,1.3366859]]}},{"type":"Feature","id":"way/822147526-0-4-0","properties":{"highway":"service","lanes":"1","oneway":"yes","service":"driveway","turn:lanes":"left;right"},"geometry":{"type":"LineString","coordinates":[[103.9210385,1.3366859],[103.921018,1.3366869]]}},{"type":"Feature","id":"way/822147526-0-5-0","properties":{"highway":"service","lanes":"1","oneway":"yes","service":"driveway","turn:lanes":"left;right"},"geometry":{"type":"LineString","coordinates":[[103.921018,1.3366869],[103.920992,1.3366943]]}},{"type":"Feature","id":"way/822147526-0-6-0","properties":{"highway":"service","lanes":"1","oneway":"yes","service":"driveway","turn:lanes":"left;right"},"geometry":{"type":"LineString","coordinates":[[103.920992,1.3366943],[103.9209276,1.3367272]]}},{"type":"Feature","id":"way/868495162-0-0-0","properties":{"highway":"service","lanes":"1","oneway":"yes","service":"driveway","surface":"asphalt","turn:lanes":"left;through;right"},"geometry":{"type":"LineString","coordinates":[[103.9209479,1.3371711],[103.9209318,1.3371283]]}},{"type":"Feature","id":"way/868495162-0-1-0","properties":{"highway":"service","lanes":"1","oneway":"yes","service":"driveway","surface":"asphalt","turn:lanes":"left;through;right"},"geometry":{"type":"LineString","coordinates":[[103.9209318,1.3371283],[103.9209085,1.3370607]]}},{"type":"Feature","id":"way/971297744-0-0-0","properties":{"highway":"service","lanes":"2","lanes:backward":"1","lanes:forward":"1","service":"driveway"},"geometry":{"type":"LineString","coordinates":[[103.9218302,1.3364245],[103.921844,1.3364523]]}},{"type":"Feature","id":"way/971297744-0-1-0","properties":{"highway":"service","lanes":"2","lanes:backward":"1","lanes:forward":"1","service":"driveway"},"geometry":{"type":"LineString","coordinates":[[103.921844,1.3364523],[103.9218646,1.336468]]}},{"type":"Feature","id":"way/971297744-0-2-0","properties":{"highway":"service","lanes":"2","lanes:backward":"1","lanes:forward":"1","service":"driveway"},"geometry":{"type":"LineString","coordinates":[[103.9218646,1.336468],[103.9218901,1.336469]]}},{"type":"Feature","id":"way/971300513-0-0-0","properties":{"highway":"service","service":"driveway"},"geometry":{"type":"LineString","coordinates":[[103.9217497,1.3368289],[103.9218235,1.336613]]}}]}