{"type":"FeatureCollection","features":[{"type":"Feature","id":"way/34900240-0","properties":{"addr:city":"Singapore","addr:housenumber":"315","addr:street":"New Upper Changi Road","building":"train_station","clearanceGeometry":{"type":"Polygon","coordinates":[[[103.93086897853439,1.324026952165105],[103.93073070456046,1.324011127075835],[103.93021167457417,1.3239344601633973],[103.92966058930848,1.3238564038913898],[103.92954581298885,1.3238422561158787],[103.92953534808436,1.3238408804476811],[103.92951807248072,1.323963543425429],[103.92994658213864,1.3240444484810645],[103.93044042732123,1.3241188131858803],[103.93062231851323,1.3241375067341616],[103.93085017629382,1.3241608674036975],[103.93086897853439,1.324026952165105]]]},"clearanceHeight":1.7,"clearancePrepared":true},"geometry":{"type":"Polygon","coordinates":[[[103.9295126,1.3240024],[103.9308461,1.3241899],[103.9308739,1.3239919],[103.9295405,1.3238043],[103.9295126,1.3240024]]]}},{"type":"Feature","id":"way/116688053-0","properties":{"building":"industrial","building:levels":"3","roof:colour":"darkgrey","clearanceGeometry":{"type":"Polygon","coordinates":[[[103.9304711,1.3234587],[103.930499,1.3234639],[103.9305164,1.3233696],[103.9304885,1.3233645],[103.9305522,1.3230192],[103.9305797,1.3230243],[103.9305966,1.3229327],[103.9305691,1.3229277],[103.9306357,1.322566],[103.9306693,1.3225722],[103.9306863,1.3224795],[103.9306528,1.3224733],[103.930655,1.3224618],[103.9302836,1.3223934],[103.9302643,1.3224983],[103.9301982,1.3224861],[103.9300491,1.3232943],[103.9301152,1.3233065],[103.9300971,1.3234047],[103.9304685,1.3234731],[103.9304711,1.3234587]]]},"clearanceHeight":1.7,"clearancePrepared":true},"geometry":{"type":"Polygon","coordinates":[[[103.9304685,1.3234731],[103.9304711,1.3234587],[103.930499,1.3234639],[103.9305164,1.3233696],[103.9304885,1.3233645],[103.9305522,1.3230192],[103.9305797,1.3230243],[103.9305966,1.3229327],[103.9305691,1.3229277],[103.9306357,1.322566],[103.9306693,1.3225722],[103.9306863,1.3224795],[103.9306528,1.3224733],[103.930655,1.3224618],[103.9302836,1.3223934],[103.9302643,1.3224983],[103.9301982,1.3224861],[103.9300491,1.3232943],[103.9301152,1.3233065],[103.9300971,1.3234047],[103.9304685,1.3234731]]]}},{"type":"Feature","id":"way/116690134-0","properties":{"building":"industrial","height":"0","roof:colour":"brown","clearanceGeometry":{"type":"Polygon","coordinates":[[[103.9312137,1.3207445],[103.9317441,1.3208492],[103.9317889,1.3206226],[103.9311396,1.3204944],[103.9311439005048,1.3204726263972049],[103.9311387482979,1.3204716832995318],[103.93122175109345,1.320018238433169],[103.9309735,1.3199692],[103.9308351,1.3206697],[103.9310598,1.3207141],[103.9312137,1.3207445]]]},"clearanceHeight":1.7,"clearancePrepared":true},"geometry":{"type":"Polygon","coordinates":[[[103.9310598,1.3207141],[103.9312137,1.3207445],[103.9317441,1.3208492],[103.9317889,1.3206226],[103.9311396,1.3204944],[103.9312332,1.3200205],[103.9309735,1.3199692],[103.9308351,1.3206697],[103.9310598,1.3207141]]]}},{"type":"Feature","id":"way/116690136-0","properties":{"addr:city":"Singapore","addr:country":"SG","addr:housenumber":"202","addr:postcode":"469332","addr:street":"Bedok South Avenue 1","building":"warehouse","building:levels":"3","source":"Kaart Ground Survey 2017","clearanceGeometry":{"type":"Polygon","coordinates":[[[103.9312514,1.3224689],[103.9317457,1.3225588],[103.9319719,1.3213162],[103.9310325,1.3211452],[103.9308062,1.3223879],[103.9309422,1.3224127],[103.9312514,1.3224689]]]},"clearanceHeight":1.7,"clearancePrepared":true},"geometry":{"type":"Polygon","coordinates":[[[103.9309422,1.3224127],[103.9312514,1.3224689],[103.9317457,1.3225588],[103.9319719,1.3213162],[103.9310325,1.3211452],[103.9308062,1.3223879],[103.9309422,1.3224127]]]}},{"type":"Feature","id":"way/116690138-0","properties":{"building":"yes","building:colour":"biege","building:levels":"3","clearanceGeometry":{"type":"Polygon","coordinates":[[[103.9312412,1.3236242],[103.9313355,1.3236424],[103.9313534,1.3235498],[103.9313959,1.3233297],[103.9310797,1.3232686],[103.9310193,1.3235813],[103.9311183,1.3236005],[103.9312412,1.3236242]]]},"clearanceHeight":1.7,"clearancePrepared":true},"geometry":{"type":"Polygon","coordinates":[[[103.9311183,1.3236005],[103.9312412,1.3236242],[103.9313355,1.3236424],[103.9313534,1.3235498],[103.9313959,1.3233297],[103.9310797,1.3232686],[103.9310193,1.3235813],[103.9311183,1.3236005]]]}},{"type":"Feature","id":"way/116690141-0","properties":{"building":"industrial","height":"0","roof:colour":"lightgrey","clearanceGeometry":{"type":"Polygon","coordinates":[[[103.928706,1.3209522],[103.9293931,1.3210888],[103.9294808,1.3206477],[103.9295475,1.3203122],[103.9288605,1.3201756],[103.9287924,1.3205176],[103.928706,1.3209522]]]},"clearanceHeight":1.7,"clearancePrepared":true},"geometry":{"type":"Polygon","coordinates":[[[103.9287924,1.3205176],[103.928706,1.3209522],[103.9293931,1.3210888],[103.9294808,1.3206477],[103.9295475,1.3203122],[103.9288605,1.3201756],[103.9287924,1.3205176]]]}},{"type":"Feature","id":"way/116690142-0","properties":{"addr:city":"Singapore","addr:country":"SG","addr:housenumber":"3","addr:postcode":"469269","addr:street":"Bedok South Road","building":"industrial","building:levels":"2","roof:colour":"lightgrey","clearanceGeometry":{"type":"Polygon","coordinates":[[[103.9287857,1.320179],[103.9284094,1.3201039],[103.928257,1.3208675],[103.9286333,1.3209426],[103.9287857,1.320179]]]},"clearanceHeight":1.7,"clearancePrepared":true},"geometry":{"type":"Polygon","coordinates":[[[103.9286333,1.3209426],[103.9287857,1.320179],[103.9284094,1.3201039],[103.928257,1.3208675],[103.9286333,1.3209426]]]}},{"type":"Feature","id":"way/116690143-0","properties":{"building":"industrial","roof:colour":"lightgrey","clearanceGeometry":{"type":"Polygon","coordinates":[[[103.9296802,1.3203589],[103.9295239,1.3211408],[103.9299189,1.3212206],[103.9300692,1.3204323],[103.9296802,1.3203589]]]},"clearanceHeight":1.7,"clearancePrepared":true},"geometry":{"type":"Polygon","coordinates":[[[103.9300692,1.3204323],[103.9296802,1.3203589],[103.9295239,1.3211408],[103.9299189,1.3212206],[103.9300692,1.3204323]]]}},{"type":"Feature","id":"way/116690148-0","properties":{"building":"yes","clearanceGeometry":{"type":"Polygon","coordinates":[[[103.9300462,1.3213309],[103.93054900004933,1.3214311876060731],[103.93074832877453,1.3214671302843488],[103.9307617,1.3213998],[103.9308289,1.3210631],[103.9306279,1.321023],[103.9301275,1.3209232],[103.9300462,1.3213309]]]},"clearanceHeight":1.7,"clearancePrepared":true},"geometry":{"type":"Polygon","coordinates":[[[103.9301275,1.3209232],[103.9300462,1.3213309],[103.9307476,1.3214708],[103.9307617,1.3213998],[103.9308289,1.3210631],[103.9306279,1.321023],[103.9301275,1.3209232]]]}},{"type":"Feature","id":"way/174035920-0","properties":{"building":"yes","source":"Bing","clearanceGeometry":{"type":"Polygon","coordinates":[[[103.9294266,1.3236341],[103.9296164,1.3236627],[103.9296244,1.32361],[103.9293965,1.3235757],[103.9293989,1.3235598],[103.9291428,1.3235213],[103.9291334,1.3235834],[103.92912938347993,1.323609891940901],[103.92942373617016,1.3236531405984018],[103.9294266,1.3236341]]]},"clearanceHeight":1.7,"clearancePrepared":true},"geometry":{"type":"Polygon","coordinates":[[[103.9294229,1.3236587],[103.9294266,1.3236341],[103.9296164,1.3236627],[103.9296244,1.32361],[103.9293965,1.3235757],[103.9293989,1.3235598],[103.9291428,1.3235213],[103.9291334,1.3235834],[103.9291287,1.3236144],[103.9294229,1.3236587]]]}},{"type":"Feature","id":"way/447218630-0","properties":{"addr:city":"Singapore","addr:country":"SG","addr:housenumber":"28","addr:place":"Bedok Residences","addr:postcode":"465500","addr:street":"Bedok North Drive","building":"residential","building:levels":"15","building:min_level":"2","building:part":"residential","residential":"condominium","clearanceGeometry":{"type":"Polygon","coordinates":[[[103.9290112,1.3244342],[103.9291494,1.3244671],[103.9291771,1.3243511],[103.9291958,1.3243555],[103.9291838,1.3244059],[103.929206,1.3244111],[103.9291968,1.3244496],[103.9292713,1.3244674],[103.9292862,1.3244052],[103.9292509,1.3243968],[103.9292555,1.3243772],[103.9292424,1.324374],[103.9292482,1.3243496],[103.9292695,1.3243547],[103.9292736,1.3243379],[103.9292965,1.3243434],[103.9293062,1.3243029],[103.9292352,1.3242861],[103.9292214,1.3243438],[103.9292101,1.3243411],[103.929224,1.3242822],[103.9290465,1.3242399],[103.929032,1.3243003],[103.929092,1.3243146],[103.9290872,1.324335],[103.929051,1.3243264],[103.929043,1.3243597],[103.929006,1.324351],[103.928993,1.3244058],[103.9290166,1.3244115],[103.9290112,1.3244342]]]},"clearanceHeight":1.7,"clearancePrepared":true},"geometry":{"type":"Polygon","coordinates":[[[103.9290166,1.3244115],[103.9290112,1.3244342],[103.9291494,1.3244671],[103.9291771,1.3243511],[103.9291958,1.3243555],[103.9291838,1.3244059],[103.929206,1.3244111],[103.9291968,1.3244496],[103.9292713,1.3244674],[103.9292862,1.3244052],[103.9292509,1.3243968],[103.9292555,1.3243772],[103.9292424,1.324374],[103.9292482,1.3243496],[103.9292695,1.3243547],[103.9292736,1.3243379],[103.9292965,1.3243434],[103.9293062,1.3243029],[103.9292352,1.3242861],[103.9292214,1.3243438],[103.9292101,1.3243411],[103.929224,1.3242822],[103.9290465,1.3242399],[103.929032,1.3243003],[103.929092,1.3243146],[103.9290872,1.324335],[103.929051,1.3243264],[103.929043,1.3243597],[103.929006,1.324351],[103.928993,1.3244058],[103.9290166,1.3244115]]]}},{"type":"Feature","id":"way/447218631-0","properties":{"addr:city":"Singapore","addr:country":"SG","addr:housenumber":"30","addr:place":"Bedok Residences","addr:postcode":"465501","addr:street":"Bedok North Drive","building":"residential","building:levels":"15","building:min_level":"2","building:part":"residential","residential":"condominium","clearanceGeometry":{"type":"Polygon","coordinates":[[[103.9286825,1.3243062],[103.9287005,1.324311],[103.9287193,1.3242393],[103.9287364,1.3242438],[103.9287077,1.3243536],[103.9288123,1.3243809],[103.9288402,1.324274],[103.9288539,1.3242775],[103.9288427,1.3243203],[103.9288652,1.3243263],[103.9288486,1.3243898],[103.928931,1.3244115],[103.928951,1.3243351],[103.9289098,1.3243244],[103.9289201,1.3242851],[103.928903,1.3242807],[103.9289064,1.3242675],[103.9289576,1.3242808],[103.9289691,1.3242366],[103.9289009,1.3242188],[103.9288896,1.324262],[103.9288759,1.3242585],[103.9288862,1.3242187],[103.9286635,1.3241604],[103.9286521,1.3242041],[103.9287074,1.3242185],[103.9287042,1.3242306],[103.928682,1.3242248],[103.9286718,1.3242638],[103.9286364,1.3242545],[103.9286208,1.3243144],[103.9286766,1.324329],[103.9286825,1.3243062]]]},"clearanceHeight":1.7,"clearancePrepared":true},"geometry":{"type":"Polygon","coordinates":[[[103.9286766,1.324329],[103.9286825,1.3243062],[103.9287005,1.324311],[103.9287193,1.3242393],[103.9287364,1.3242438],[103.9287077,1.3243536],[103.9288123,1.3243809],[103.9288402,1.324274],[103.9288539,1.3242775],[103.9288427,1.3243203],[103.9288652,1.3243263],[103.9288486,1.3243898],[103.928931,1.3244115],[103.928951,1.3243351],[103.9289098,1.3243244],[103.9289201,1.3242851],[103.928903,1.3242807],[103.9289064,1.3242675],[103.9289576,1.3242808],[103.9289691,1.3242366],[103.9289009,1.3242188],[103.9288896,1.324262],[103.9288759,1.3242585],[103.9288862,1.3242187],[103.9286635,1.3241604],[103.9286521,1.3242041],[103.9287074,1.3242185],[103.9287042,1.3242306],[103.928682,1.3242248],[103.9286718,1.3242638],[103.9286364,1.3242545],[103.9286208,1.3243144],[103.9286766,1.324329]]]}},{"type":"Feature","id":"way/454081652-0","properties":{"building":"yes","clearanceGeometry":{"type":"Polygon","coordinates":[[[103.9276613,1.3199435],[103.9276325,1.3200374],[103.9276648,1.3200473],[103.9276936,1.3199534],[103.9276613,1.3199435]]]},"clearanceHeight":1.7,"clearancePrepared":true},"geometry":{"type":"Polygon","coordinates":[[[103.9276936,1.3199534],[103.9276613,1.3199435],[103.9276325,1.3200374],[103.9276648,1.3200473],[103.9276936,1.3199534]]]}},{"type":"Feature","id":"way/454081656-0","properties":{"building":"yes","clearanceGeometry":{"type":"Polygon","coordinates":[[[103.9275078,1.32043],[103.9275179,1.3203778],[103.927473,1.3203691],[103.9274629,1.3204213],[103.9275078,1.32043]]]},"clearanceHeight":1.7,"clearancePrepared":true},"geometry":{"type":"Polygon","coordinates":[[[103.9274629,1.3204213],[103.9275078,1.32043],[103.9275179,1.3203778],[103.927473,1.3203691],[103.9274629,1.3204213]]]}},{"type":"Feature","id":"way/454081658-0","properties":{"building":"yes","clearanceGeometry":{"type":"Polygon","coordinates":[[[103.927623,1.3200463],[103.9276547,1.31994],[103.9276098,1.3199266],[103.9275781,1.3200329],[103.927623,1.3200463]]]},"clearanceHeight":1.7,"clearancePrepared":true},"geometry":{"type":"Polygon","coordinates":[[[103.9275781,1.3200329],[103.927623,1.3200463],[103.9276547,1.31994],[103.9276098,1.3199266],[103.9275781,1.3200329]]]}},{"type":"Feature","id":"way/454081660-0","properties":{"building":"yes","clearanceGeometry":{"type":"Polygon","coordinates":[[[103.9276054,1.3199199],[103.927583,1.3199112],[103.9275454,1.3200077],[103.9275679,1.3200165],[103.9276054,1.3199199]]]},"clearanceHeight":1.7,"clearancePrepared":true},"geometry":{"type":"Polygon","coordinates":[[[103.9275679,1.3200165],[103.9276054,1.3199199],[103.927583,1.3199112],[103.9275454,1.3200077],[103.9275679,1.3200165]]]}},{"type":"Feature","id":"way/454081663-0","properties":{"building":"yes","clearanceGeometry":{"type":"Polygon","coordinates":[[[103.9274782,1.3211985],[103.9275117,1.321039],[103.9274261,1.321021],[103.9273925,1.3211805],[103.9274782,1.3211985]]]},"clearanceHeight":1.7,"clearancePrepared":true},"geometry":{"type":"Polygon","coordinates":[[[103.9273925,1.3211805],[103.9274782,1.3211985],[103.9275117,1.321039],[103.9274261,1.321021],[103.9273925,1.3211805]]]}},{"type":"Feature","id":"way/454081665-0","properties":{"building":"yes","clearanceGeometry":{"type":"Polygon","coordinates":[[[103.9273768,1.3202675],[103.9273543,1.3203624],[103.9274646,1.3203885],[103.9274871,1.3202936],[103.9273768,1.3202675]]]},"clearanceHeight":1.7,"clearancePrepared":true},"geometry":{"type":"Polygon","coordinates":[[[103.9274871,1.3202936],[103.9273768,1.3202675],[103.9273543,1.3203624],[103.9274646,1.3203885],[103.9274871,1.3202936]]]}},{"type":"Feature","id":"way/454081672-0","properties":{"building":"yes","clearanceGeometry":{"type":"Polygon","coordinates":[[[103.9275619,1.3208745],[103.9275816,1.3207867],[103.9274831,1.3207646],[103.9274634,1.3208524],[103.9275619,1.3208745]]]},"clearanceHeight":1.7,"clearancePrepared":true},"geometry":{"type":"Polygon","coordinates":[[[103.9274634,1.3208524],[103.9275619,1.3208745],[103.9275816,1.3207867],[103.9274831,1.3207646],[103.9274634,1.3208524]]]}},{"type":"Feature","id":"way/454081675-0","properties":{"building":"yes","clearanceGeometry":{"type":"Polygon","coordinates":[[[103.9274447,1.3213581],[103.9274782,1.3211985],[103.9273925,1.3211805],[103.927359,1.3213401],[103.9274447,1.3213581]]]},"clearanceHeight":1.7,"clearancePrepared":true},"geometry":{"type":"Polygon","coordinates":[[[103.927359,1.3213401],[103.9274447,1.3213581],[103.9274782,1.3211985],[103.9273925,1.3211805],[103.927359,1.3213401]]]}},{"type":"Feature","id":"way/454081684-0","properties":{"building":"yes","clearanceGeometry":{"type":"Polygon","coordinates":[[[103.9276259,1.3201217],[103.9275341,1.3201026],[103.9275052,1.3202417],[103.927597,1.3202608],[103.9276259,1.3201217]]]},"clearanceHeight":1.7,"clearancePrepared":true},"geometry":{"type":"Polygon","coordinates":[[[103.927597,1.3202608],[103.9276259,1.3201217],[103.9275341,1.3201026],[103.9275052,1.3202417],[103.927597,1.3202608]]]}},{"type":"Feature","id":"way/454081687-0","properties":{"building":"yes","clearanceGeometry":{"type":"Polygon","coordinates":[[[103.9274562,1.3213374],[103.9275161,1.32135],[103.9275662,1.3211115],[103.9275064,1.3210989],[103.9274562,1.3213374]]]},"clearanceHeight":1.7,"clearancePrepared":true},"geometry":{"type":"Polygon","coordinates":[[[103.9275064,1.3210989],[103.9274562,1.3213374],[103.9275161,1.32135],[103.9275662,1.3211115],[103.9275064,1.3210989]]]}},{"type":"Feature","id":"way/454081700-0","properties":{"building":"yes","clearanceGeometry":{"type":"Polygon","coordinates":[[[103.9275408,1.3202572],[103.9275059,1.3202502],[103.9274837,1.32036],[103.9275186,1.320367],[103.9275408,1.3202572]]]},"clearanceHeight":1.7,"clearancePrepared":true},"geometry":{"type":"Polygon","coordinates":[[[103.9275186,1.320367],[103.9275408,1.3202572],[103.9275059,1.3202502],[103.9274837,1.32036],[103.9275186,1.320367]]]}},{"type":"Feature","id":"way/454081701-0","properties":{"building":"yes","clearanceGeometry":{"type":"Polygon","coordinates":[[[103.927545,1.3202622],[103.9275169,1.320409],[103.9275743,1.32042],[103.9276024,1.3202732],[103.927545,1.3202622]]]},"clearanceHeight":1.7,"clearancePrepared":true},"geometry":{"type":"Polygon","coordinates":[[[103.9276024,1.3202732],[103.927545,1.3202622],[103.9275169,1.320409],[103.9275743,1.32042],[103.9276024,1.3202732]]]}},{"type":"Feature","id":"way/454081704-0","properties":{"building":"yes","clearanceGeometry":{"type":"Polygon","coordinates":[[[103.9276459,1.3200777],[103.9275822,1.3204176],[103.9276165,1.320424],[103.9276802,1.3200842],[103.9276459,1.3200777]]]},"clearanceHeight":1.7,"clearancePrepared":true},"geometry":{"type":"Polygon","coordinates":[[[103.9276802,1.3200842],[103.9276459,1.3200777],[103.9275822,1.3204176],[103.9276165,1.320424],[103.9276802,1.3200842]]]}},{"type":"Feature","id":"way/454081705-0","properties":{"building":"yes","clearanceGeometry":{"type":"Polygon","coordinates":[[[103.9273915,1.3202645],[103.9274897,1.3202849],[103.9275292,1.3200951],[103.9276308,1.3201162],[103.9276386,1.3200788],[103.9274388,1.3200372],[103.9273915,1.3202645]]]},"clearanceHeight":1.7,"clearancePrepared":true},"geometry":{"type":"Polygon","coordinates":[[[103.9274388,1.3200372],[103.9273915,1.3202645],[103.9274897,1.3202849],[103.9275292,1.3200951],[103.9276308,1.3201162],[103.9276386,1.3200788],[103.9274388,1.3200372]]]}},{"type":"Feature","id":"way/455159883-0","properties":{"building":"yes","clearanceGeometry":{"type":"Polygon","coordinates":[[[103.9317622,1.3231972],[103.9317964,1.3230263],[103.931669,1.3230008],[103.9316348,1.3231717],[103.9317622,1.3231972]]]},"clearanceHeight":1.7,"clearancePrepared":true},"geometry":{"type":"Polygon","coordinates":[[[103.9316348,1.3231717],[103.9317622,1.3231972],[103.9317964,1.3230263],[103.931669,1.3230008],[103.9316348,1.3231717]]]}},{"type":"Feature","id":"way/455159888-0","properties":{"building":"yes","clearanceGeometry":{"type":"Polygon","coordinates":[[[103.9317533,1.3232513],[103.9316583,1.3232341],[103.9316341,1.3233668],[103.9317291,1.3233841],[103.9317533,1.3232513]]]},"clearanceHeight":1.7,"clearancePrepared":true},"geometry":{"type":"Polygon","coordinates":[[[103.9317291,1.3233841],[103.9317533,1.3232513],[103.9316583,1.3232341],[103.9316341,1.3233668],[103.9317291,1.3233841]]]}},{"type":"Feature","id":"way/455159896-0","properties":{"building":"yes","clearanceGeometry":{"type":"Polygon","coordinates":[[[103.9312412,1.3236242],[103.9311183,1.3236005],[103.9311072,1.3236579],[103.93115942567243,1.3236679711833736],[103.93123036010529,1.3236802549510145],[103.9312412,1.3236242]]]},"clearanceHeight":1.7,"clearancePrepared":true},"geometry":{"type":"Polygon","coordinates":[[[103.9312301,1.3236816],[103.9312412,1.3236242],[103.9311183,1.3236005],[103.9311072,1.3236579],[103.9312301,1.3236816]]]}},{"type":"Feature","id":"way/455159897-0","properties":{"building":"yes","clearanceGeometry":{"type":"Polygon","coordinates":[[[103.9317655,1.3203741],[103.9317827,1.3202824],[103.93165741948388,1.3202590026631902],[103.93164060565667,1.32035077478466],[103.9317655,1.3203741]]]},"clearanceHeight":1.7,"clearancePrepared":true},"geometry":{"type":"Polygon","coordinates":[[[103.931622,1.3203473],[103.9317655,1.3203741],[103.9317827,1.3202824],[103.9316392,1.3202556],[103.931622,1.3203473]]]}},{"type":"Feature","id":"way/455159906-0","properties":{"building":"roof","building:levels":"2","building:min_level":"2","roof:colour":"lightgrey","roof:levels":"1","clearanceGeometry":{"type":"Polygon","coordinates":[[[103.9312283,1.3225955],[103.93123520691745,1.322555670131134],[103.93123555648026,1.3225557307185578],[103.9312514,1.3224689],[103.9309422,1.3224127],[103.93092,1.3225348],[103.93091360920577,1.3225747158898862],[103.93084249354082,1.322563335525477],[103.9308327,1.3226172],[103.9312118,1.3226862],[103.9312283,1.3225955]]]},"clearanceHeight":1.7,"clearancePrepared":true},"geometry":{"type":"Polygon","coordinates":[[[103.9312118,1.3226862],[103.9312283,1.3225955],[103.9312514,1.3224689],[103.9309422,1.3224127],[103.93092,1.3225348],[103.9309141,1.3225672],[103.9308441,1.3225545],[103.9308327,1.3226172],[103.9312118,1.3226862]]]}},{"type":"Feature","id":"way/455159925-0","properties":{"building":"yes","clearanceGeometry":{"type":"Polygon","coordinates":[[[103.9314035,1.3232904],[103.9313959,1.3233297],[103.9313534,1.3235498],[103.9314274,1.3235641],[103.93146769296389,1.3233554773486664],[103.93147618762215,1.3233044463719217],[103.931433,1.3232961],[103.9314035,1.3232904]]]},"clearanceHeight":1.7,"clearancePrepared":true},"geometry":{"type":"Polygon","coordinates":[[[103.931433,1.3232961],[103.9314035,1.3232904],[103.9313959,1.3233297],[103.9313534,1.3235498],[103.9314274,1.3235641],[103.9314775,1.3233047],[103.931433,1.3232961]]]}},{"type":"Feature","id":"way/455159935-0","properties":{"building":"industrial","building:levels":"1","roof:colour":"lightgrey","clearanceGeometry":{"type":"Polygon","coordinates":[[[103.9317975,1.3206367],[103.9317546,1.3208599],[103.9318949,1.3208868],[103.9319378,1.3206637],[103.9317975,1.3206367]]]},"clearanceHeight":1.7,"clearancePrepared":true},"geometry":{"type":"Polygon","coordinates":[[[103.9319378,1.3206637],[103.9317975,1.3206367],[103.9317546,1.3208599],[103.9318949,1.3208868],[103.9319378,1.3206637]]]}},{"type":"Feature","id":"way/455159937-0","properties":{"building":"yes","clearanceGeometry":{"type":"Polygon","coordinates":[[[103.9313959,1.3233297],[103.9314035,1.3232904],[103.931433,1.3232961],[103.9314477,1.3232203],[103.9311019,1.3231536],[103.9310797,1.3232686],[103.9313959,1.3233297]]]},"clearanceHeight":1.7,"clearancePrepared":true},"geometry":{"type":"Polygon","coordinates":[[[103.9310797,1.3232686],[103.9313959,1.3233297],[103.9314035,1.3232904],[103.931433,1.3232961],[103.9314477,1.3232203],[103.9311019,1.3231536],[103.9310797,1.3232686]]]}},{"type":"Feature","id":"way/455263825-0","properties":{"building":"industrial","building:levels":"2","clearanceGeometry":{"type":"Polygon","coordinates":[[[103.9298331,1.3234099],[103.9297068,1.3233846],[103.9296814,1.3235115],[103.9298077,1.3235368],[103.9298331,1.3234099]]]},"clearanceHeight":1.7,"clearancePrepared":true},"geometry":{"type":"Polygon","coordinates":[[[103.9298077,1.3235368],[103.9298331,1.3234099],[103.9297068,1.3233846],[103.9296814,1.3235115],[103.9298077,1.3235368]]]}},{"type":"Feature","id":"way/540022408-0","properties":{"building":"roof","building:levels":"1","layer":"1","source":"Bing","clearanceGeometry":{"type":"Polygon","coordinates":[[[103.9293994,1.3241956],[103.929675,1.3242756],[103.9297876,1.3242991],[103.9298761,1.3242984],[103.9299794,1.3243058],[103.9300611,1.3243219],[103.9301142,1.3243487],[103.9301551,1.3243341],[103.9301886,1.3243327],[103.9301967,1.3243708],[103.9302101,1.324342],[103.9302094,1.3243105],[103.9301926,1.3242783],[103.9301524,1.3242555],[103.9294778,1.324159],[103.9292592,1.3241087],[103.9292425,1.324108],[103.9292311,1.3241188],[103.9292318,1.3241581],[103.9292827,1.3241617],[103.9293994,1.3241956]]]},"clearanceHeight":1.7,"clearancePrepared":true},"geometry":{"type":"Polygon","coordinates":[[[103.9292827,1.3241617],[103.9293994,1.3241956],[103.929675,1.3242756],[103.9297876,1.3242991],[103.9298761,1.3242984],[103.9299794,1.3243058],[103.9300611,1.3243219],[103.9301142,1.3243487],[103.9301551,1.3243341],[103.9301886,1.3243327],[103.9301967,1.3243708],[103.9302101,1.324342],[103.9302094,1.3243105],[103.9301926,1.3242783],[103.9301524,1.3242555],[103.9294778,1.324159],[103.9292592,1.3241087],[103.9292425,1.324108],[103.9292311,1.3241188],[103.9292318,1.3241581],[103.9292827,1.3241617]]]}},{"type":"Feature","id":"way/655157742-0","properties":{"building:levels":"16","building:part":"yes","clearanceGeometry":{"type":"Polygon","coordinates":[[[103.9278065,1.3241428],[103.9278986,1.3241626],[103.9279135,1.324093],[103.927967,1.3241045],[103.9279521,1.3241741],[103.9280623,1.3241977],[103.9280647,1.3241864],[103.9280732,1.3241468],[103.9281059,1.3241538],[103.9280974,1.3241934],[103.928205,1.3242165],[103.9282177,1.3241571],[103.9282488,1.3241637],[103.928236,1.3242231],[103.9282336,1.3242346],[103.928343,1.3242581],[103.9283796,1.3242659],[103.9283853,1.3242394],[103.9283484,1.3242315],[103.9283537,1.3242071],[103.9284021,1.3242175],[103.9284076,1.3241921],[103.9283854,1.3241873],[103.9283879,1.3241756],[103.9284918,1.3241979],[103.9284966,1.3241759],[103.9285091,1.3241786],[103.9285127,1.3241618],[103.9285198,1.3241634],[103.9285294,1.3241187],[103.9283097,1.3240716],[103.9282998,1.3241175],[103.9283071,1.3241191],[103.928304,1.3241337],[103.9283186,1.3241368],[103.9283144,1.3241563],[103.9282394,1.3241402],[103.9282527,1.3240784],[103.9281463,1.3240556],[103.9281329,1.3241182],[103.9280834,1.3241076],[103.9280984,1.3240379],[103.9279866,1.3240139],[103.9279718,1.3240827],[103.9279191,1.3240714],[103.9279341,1.3240015],[103.9278754,1.3239889],[103.9278708,1.3240108],[103.9278503,1.3240064],[103.9278393,1.3240572],[103.9277845,1.3240454],[103.9277672,1.3240412],[103.9277633,1.3240594],[103.9278042,1.3240682],[103.927789,1.324139],[103.9278065,1.3241428]]]},"clearanceHeight":1.7,"clearancePrepared":true},"geometry":{"type":"Polygon","coordinates":[[[103.927789,1.324139],[103.9278065,1.3241428],[103.9278986,1.3241626],[103.9279135,1.324093],[103.927967,1.3241045],[103.9279521,1.3241741],[103.9280623,1.3241977],[103.9280647,1.3241864],[103.9280732,1.3241468],[103.9281059,1.3241538],[103.9280974,1.3241934],[103.928205,1.3242165],[103.9282177,1.3241571],[103.9282488,1.3241637],[103.928236,1.3242231],[103.9282336,1.3242346],[103.928343,1.3242581],[103.9283796,1.3242659],[103.9283853,1.3242394],[103.9283484,1.3242315],[103.9283537,1.3242071],[103.9284021,1.3242175],[103.9284076,1.3241921],[103.9283854,1.3241873],[103.9283879,1.3241756],[103.9284918,1.3241979],[103.9284966,1.3241759],[103.9285091,1.3241786],[103.9285127,1.3241618],[103.9285198,1.3241634],[103.9285294,1.3241187],[103.9283097,1.3240716],[103.9282998,1.3241175],[103.9283071,1.3241191],[103.928304,1.3241337],[103.9283186,1.3241368],[103.9283144,1.3241563],[103.9282394,1.3241402],[103.9282527,1.3240784],[103.9281463,1.3240556],[103.9281329,1.3241182],[103.9280834,1.3241076],[103.9280984,1.3240379],[103.9279866,1.3240139],[103.9279718,1.3240827],[103.9279191,1.3240714],[103.9279341,1.3240015],[103.9278754,1.3239889],[103.9278708,1.3240108],[103.9278503,1.3240064],[103.9278393,1.3240572],[103.9277845,1.3240454],[103.9277672,1.3240412],[103.9277633,1.3240594],[103.9278042,1.3240682],[103.927789,1.324139]]]}},{"type":"Feature","id":"way/655157743-0","properties":{"building:levels":"13","building:part":"yes","clearanceGeometry":{"type":"Polygon","coordinates":[[[103.9277845,1.3240454],[103.9278393,1.3240572],[103.9278503,1.3240064],[103.9278547,1.3239857],[103.9277998,1.323974],[103.9277845,1.3240454]]]},"clearanceHeight":1.7,"clearancePrepared":true},"geometry":{"type":"Polygon","coordinates":[[[103.9277998,1.323974],[103.9277845,1.3240454],[103.9278393,1.3240572],[103.9278503,1.3240064],[103.9278547,1.3239857],[103.9277998,1.323974]]]}},{"type":"Feature","id":"way/655157745-0","properties":{"building:levels":"13","building:part":"yes","clearanceGeometry":{"type":"Polygon","coordinates":[[[103.92787357543297,1.3243663593604187],[103.92786518241627,1.32436454168692],[103.92786863512453,1.324348606984004],[103.9277669,1.3243268],[103.9277513,1.3243998],[103.92785402091202,1.324421538394642],[103.92786501806201,1.3243653389124381],[103.92787344090978,1.3243669862729859],[103.92787357543297,1.3243663593604187]]]},"clearanceHeight":1.7,"clearancePrepared":true},"geometry":{"type":"Polygon","coordinates":[[[103.9278614,1.3244231],[103.927877,1.3243504],[103.9277669,1.3243268],[103.9277513,1.3243998],[103.9278614,1.3244231]]]}},{"type":"Feature","id":"way/655157748-0","properties":{"addr:city":"Singapore","addr:country":"SG","addr:housenumber":"222","addr:place":"Bedok Beacon","addr:postcode":"460222","addr:street":"Bedok North Drive","amenity":"parking","building":"garage","building:levels":"1","parking":"multi-storey","roof:levels":"1","roof:material":"grass","roof:shape":"flat","clearanceGeometry":{"type":"MultiPolygon","coordinates":[[[[103.928236,1.3242231],[103.928205,1.3242165],[103.9280974,1.3241934],[103.9280647,1.3241864],[103.9280623,1.3241977],[103.9279521,1.3241741],[103.9278986,1.3241626],[103.9278065,1.3241428],[103.9278018521509,1.3241643960665033],[103.92794317447067,1.3241931902074113],[103.9279351,1.3242328],[103.92794317496916,1.3241931903089816],[103.92842707496916,1.3242917903089815],[103.928419,1.3243314],[103.9284279,1.32429],[103.9283402,1.3242711],[103.928343,1.3242581],[103.9282336,1.3242346],[103.928236,1.3242231]]],[[[103.9277669,1.3243268],[103.92786863512453,1.324348606984004],[103.92788691616235,1.3242642375890297],[103.92778484054632,1.3242434398857643],[103.9277669,1.3243268]]],[[[103.92787344090978,1.3243669862729859],[103.9279047,1.3243731],[103.92787357543297,1.3243663593604187],[103.92787344090978,1.3243669862729859]]],[[[103.9279455,1.3245403],[103.92795,1.3245191],[103.9279351,1.3245159],[103.927938,1.324502],[103.9279302,1.3245004],[103.9279394,1.3244574],[103.9281617,1.3245052],[103.9281524,1.3245484],[103.9281422,1.3245462],[103.9281386,1.3245631],[103.9281276,1.3245608],[103.9281239,1.324578],[103.9282068,1.3245958],[103.9282148,1.3245587],[103.9281787,1.3245509],[103.92819586237206,1.3244709425936856],[103.92793662625307,1.3244204954907532],[103.92791442148861,1.3245339700061651],[103.9279455,1.3245403]]],[[[103.9282468,1.3244923],[103.9282653,1.3244963],[103.92826772992493,1.324484927951324],[103.92824916700349,1.3244813156244142],[103.9282468,1.3244923]]],[[[103.9283809,1.3245089],[103.92838130221728,1.3245070290117191],[103.92828466432286,1.3244882233691033],[103.9283809,1.3245089]]],[[[103.92841051918288,1.324370928740111],[103.92841044968962,1.3243709128349639],[103.9279661615147,1.3242803841843203],[103.9279529604644,1.3243413087684297],[103.9283975254352,1.324427820690185],[103.9283898,1.3244675],[103.92841051918288,1.324370928740111]]]]},"clearanceHeight":1.7,"clearancePrepared":true},"geometry":{"type":"Polygon","coordinates":[[[103.9282336,1.3242346],[103.928236,1.3242231],[103.928205,1.3242165],[103.9280974,1.3241934],[103.9280647,1.3241864],[103.9280623,1.3241977],[103.9279521,1.3241741],[103.9278986,1.3241626],[103.9278065,1.3241428],[103.9277669,1.3243268],[103.927877,1.3243504],[103.9278614,1.3244231],[103.927841,1.3245179],[103.9278748,1.3245259],[103.9279455,1.3245403],[103.92795,1.3245191],[103.9279351,1.3245159],[103.927938,1.324502],[103.9279302,1.3245004],[103.9279394,1.3244574],[103.9281617,1.3245052],[103.9281524,1.3245484],[103.9281422,1.3245462],[103.9281386,1.3245631],[103.9281276,1.3245608],[103.9281239,1.324578],[103.9282068,1.3245958],[103.9282148,1.3245587],[103.9281787,1.3245509],[103.9282001,1.3244512],[103.9282532,1.3244626],[103.9282468,1.3244923],[103.9282653,1.3244963],[103.9282678,1.3244846],[103.9283809,1.3245089],[103.9283898,1.3244675],[103.928419,1.3243314],[103.9284279,1.32429],[103.9283402,1.3242711],[103.928343,1.3242581],[103.9282336,1.3242346]]]}},{"type":"Feature","id":"way/655157749-0","properties":{"addr:city":"Singapore","addr:country":"SG","addr:housenumber":"222C","addr:place":"Bedok Beacon","addr:postcode":"463222","addr:street":"Bedok North Drive","building":"residential","residential":"HDB","clearanceGeometry":{"type":"Polygon","coordinates":[[[103.9279135,1.324093],[103.927967,1.3241045],[103.9279521,1.3241741],[103.9280623,1.3241977],[103.9280647,1.3241864],[103.9280732,1.3241468],[103.9281059,1.3241538],[103.9280974,1.3241934],[103.928205,1.3242165],[103.9282177,1.3241571],[103.9282488,1.3241637],[103.928236,1.3242231],[103.9282336,1.3242346],[103.928343,1.3242581],[103.9283796,1.3242659],[103.9283853,1.3242394],[103.9283484,1.3242315],[103.9283537,1.3242071],[103.9284021,1.3242175],[103.9284076,1.3241921],[103.9283854,1.3241873],[103.9283879,1.3241756],[103.9284918,1.3241979],[103.9284966,1.3241759],[103.9285091,1.3241786],[103.9285127,1.3241618],[103.9285198,1.3241634],[103.9285294,1.3241187],[103.9283097,1.3240716],[103.9282998,1.3241175],[103.9283071,1.3241191],[103.928304,1.3241337],[103.9283186,1.3241368],[103.9283144,1.3241563],[103.9282394,1.3241402],[103.9282527,1.3240784],[103.9281463,1.3240556],[103.9281329,1.3241182],[103.9280834,1.3241076],[103.9280984,1.3240379],[103.9279866,1.3240139],[103.9279718,1.3240827],[103.9279191,1.3240714],[103.9279341,1.3240015],[103.9278754,1.3239889],[103.9278708,1.3240108],[103.9278503,1.3240064],[103.9278547,1.3239857],[103.9277998,1.323974],[103.9277845,1.3240454],[103.9277672,1.3240412],[103.9277633,1.3240594],[103.9278042,1.3240682],[103.927789,1.324139],[103.9278065,1.3241428],[103.9278986,1.3241626],[103.9279135,1.324093]]]},"clearanceHeight":1.7,"clearancePrepared":true},"geometry":{"type":"Polygon","coordinates":[[[103.9278986,1.3241626],[103.9279135,1.324093],[103.927967,1.3241045],[103.9279521,1.3241741],[103.9280623,1.3241977],[103.9280647,1.3241864],[103.9280732,1.3241468],[103.9281059,1.3241538],[103.9280974,1.3241934],[103.928205,1.3242165],[103.9282177,1.3241571],[103.9282488,1.3241637],[103.928236,1.3242231],[103.9282336,1.3242346],[103.928343,1.3242581],[103.9283796,1.3242659],[103.9283853,1.3242394],[103.9283484,1.3242315],[103.9283537,1.3242071],[103.9284021,1.3242175],[103.9284076,1.3241921],[103.9283854,1.3241873],[103.9283879,1.3241756],[103.9284918,1.3241979],[103.9284966,1.3241759],[103.9285091,1.3241786],[103.9285127,1.3241618],[103.9285198,1.3241634],[103.9285294,1.3241187],[103.9283097,1.3240716],[103.9282998,1.3241175],[103.9283071,1.3241191],[103.928304,1.3241337],[103.9283186,1.3241368],[103.9283144,1.3241563],[103.9282394,1.3241402],[103.9282527,1.3240784],[103.9281463,1.3240556],[103.9281329,1.3241182],[103.9280834,1.3241076],[103.9280984,1.3240379],[103.9279866,1.3240139],[103.9279718,1.3240827],[103.9279191,1.3240714],[103.9279341,1.3240015],[103.9278754,1.3239889],[103.9278708,1.3240108],[103.9278503,1.3240064],[103.9278547,1.3239857],[103.9277998,1.323974],[103.9277845,1.3240454],[103.9277672,1.3240412],[103.9277633,1.3240594],[103.9278042,1.3240682],[103.927789,1.324139],[103.9278065,1.3241428],[103.9278986,1.3241626]]]}},{"type":"Feature","id":"way/655157750-0","properties":{"addr:city":"Singapore","addr:country":"SG","addr:housenumber":"223","addr:place":"Bedok Beacon","addr:postcode":"460223","addr:street":"Bedok North Drive","building":"commercial","building:levels":"4","roof:levels":"1","roof:material":"grass","roof:shape":"flat","clearanceGeometry":{"type":"MultiPolygon","coordinates":[[[[103.9276987,1.3243885],[103.9277513,1.3243998],[103.9277669,1.3243268],[103.92778484054632,1.3242434398857643],[103.92767622552932,1.3242213097925888],[103.9276843,1.3241817],[103.9276571,1.3243082],[103.9277133,1.3243202],[103.9276987,1.3243885]]],[[[103.9278065,1.3241428],[103.927789,1.324139],[103.9278042,1.3240682],[103.9277633,1.3240594],[103.9277672,1.3240412],[103.9277845,1.3240454],[103.9277998,1.323974],[103.9278547,1.3239857],[103.9278574,1.3239714],[103.9277213,1.3239421],[103.9277106,1.3239921],[103.9276905,1.3239878],[103.9276792,1.3240402],[103.9277131,1.3240474],[103.92769277656414,1.3241421721331565],[103.9278018521509,1.3241643960665033],[103.9278065,1.3241428]]]]},"clearanceHeight":1.7,"clearancePrepared":true},"geometry":{"type":"Polygon","coordinates":[[[103.9277133,1.3243202],[103.9276987,1.3243885],[103.9277513,1.3243998],[103.9277669,1.3243268],[103.9278065,1.3241428],[103.927789,1.324139],[103.9278042,1.3240682],[103.9277633,1.3240594],[103.9277672,1.3240412],[103.9277845,1.3240454],[103.9277998,1.323974],[103.9278547,1.3239857],[103.9278574,1.3239714],[103.9277213,1.3239421],[103.9277106,1.3239921],[103.9276905,1.3239878],[103.9276792,1.3240402],[103.9277131,1.3240474],[103.9276843,1.3241817],[103.9276571,1.3243082],[103.9277133,1.3243202]]]}},{"type":"Feature","id":"way/1271439117-0","properties":{"building":"industrial","building:levels":"3","roof:colour":"darkgrey","clearanceGeometry":{"type":"Polygon","coordinates":[[[103.9306654,1.3223498],[103.9307941,1.3216338],[103.9304428,1.3215721],[103.930436,1.3216031],[103.9304296,1.3216398],[103.9304135,1.3217194],[103.9303381,1.3217041],[103.930239,1.3221928],[103.9303146,1.3222065],[103.9303038,1.3222663],[103.9302989,1.3222865],[103.9306654,1.3223498]]]},"clearanceHeight":1.7,"clearancePrepared":true},"geometry":{"type":"Polygon","coordinates":[[[103.9302989,1.3222865],[103.9306654,1.3223498],[103.9307941,1.3216338],[103.9304428,1.3215721],[103.930436,1.3216031],[103.9304296,1.3216398],[103.9304135,1.3217194],[103.9303381,1.3217041],[103.930239,1.3221928],[103.9303146,1.3222065],[103.9303038,1.3222663],[103.9302989,1.3222865]]]}},{"type":"Feature","id":"way/1271439120-0","properties":{"building":"roof","building:levels":"1","clearanceGeometry":{"type":"Polygon","coordinates":[[[103.930296,1.3215786],[103.9302375,1.3215684],[103.930231,1.3216051],[103.9302894,1.3216153],[103.9304296,1.3216398],[103.930436,1.3216031],[103.930296,1.3215786]]]},"clearanceHeight":1.7,"clearancePrepared":true},"geometry":{"type":"Polygon","coordinates":[[[103.930436,1.3216031],[103.930296,1.3215786],[103.9302375,1.3215684],[103.930231,1.3216051],[103.9302894,1.3216153],[103.9304296,1.3216398],[103.930436,1.3216031]]]}},{"type":"Feature","id":"way/1271439121-0","properties":{"building":"industrial","building:levels":"3","roof:colour":"darkgrey","clearanceGeometry":{"type":"Polygon","coordinates":[[[103.930231,1.3216051],[103.9302375,1.3215684],[103.9302428,1.3215419],[103.9300631,1.3215078],[103.9299619,1.3220405],[103.9299575,1.3220646],[103.9301372,1.3220987],[103.930231,1.3216051]]]},"clearanceHeight":1.7,"clearancePrepared":true},"geometry":{"type":"Polygon","coordinates":[[[103.9301372,1.3220987],[103.930231,1.3216051],[103.9302375,1.3215684],[103.9302428,1.3215419],[103.9300631,1.3215078],[103.9299619,1.3220405],[103.9299575,1.3220646],[103.9301372,1.3220987]]]}},{"type":"Feature","id":"way/1271439127-0","properties":{"building":"roof","building:levels":"1","clearanceGeometry":{"type":"Polygon","coordinates":[[[103.930239,1.3221928],[103.929944,1.3221394],[103.9299501,1.3221054],[103.9299575,1.3220646],[103.9299619,1.3220405],[103.9299108,1.3220313],[103.9298601,1.3220221],[103.9298313,1.3221809],[103.9298815,1.32219],[103.9299329,1.3221993],[103.9301198,1.3222331],[103.9303038,1.3222663],[103.9303146,1.3222065],[103.930239,1.3221928]]]},"clearanceHeight":1.7,"clearancePrepared":true},"geometry":{"type":"Polygon","coordinates":[[[103.9303146,1.3222065],[103.930239,1.3221928],[103.929944,1.3221394],[103.9299501,1.3221054],[103.9299575,1.3220646],[103.9299619,1.3220405],[103.9299108,1.3220313],[103.9298601,1.3220221],[103.9298313,1.3221809],[103.9298815,1.32219],[103.9299329,1.3221993],[103.9301198,1.3222331],[103.9303038,1.3222663],[103.9303146,1.3222065]]]}},{"type":"Feature","id":"way/1271439128-0","properties":{"building":"yes","clearanceGeometry":{"type":"Polygon","coordinates":[[[103.9300586,1.3225716],[103.9301198,1.3222331],[103.9299329,1.3221993],[103.9298849,1.3224644],[103.9298767,1.3225102],[103.9298717,1.3225379],[103.9300586,1.3225716]]]},"clearanceHeight":1.7,"clearancePrepared":true},"geometry":{"type":"Polygon","coordinates":[[[103.9298717,1.3225379],[103.9300586,1.3225716],[103.9301198,1.3222331],[103.9299329,1.3221993],[103.9298849,1.3224644],[103.9298767,1.3225102],[103.9298717,1.3225379]]]}},{"type":"Feature","id":"way/1271439129-0","properties":{"building":"roof","building:levels":"1","clearanceGeometry":{"type":"Polygon","coordinates":[[[103.9298767,1.3225102],[103.9298849,1.3224644],[103.929833,1.3224531],[103.9297794,1.3224434],[103.9297703,1.3224891],[103.9298233,1.3224986],[103.9298767,1.3225102]]]},"clearanceHeight":1.7,"clearancePrepared":true},"geometry":{"type":"Polygon","coordinates":[[[103.9298233,1.3224986],[103.9298767,1.3225102],[103.9298849,1.3224644],[103.929833,1.3224531],[103.9297794,1.3224434],[103.9297703,1.3224891],[103.9298233,1.3224986]]]}},{"type":"Feature","id":"way/1271439130-0","properties":{"building":"roof","building:levels":"1","clearanceGeometry":{"type":"Polygon","coordinates":[[[103.9293948,1.3226353],[103.929575,1.3226708],[103.92957754282135,1.3226581343279382],[103.92939749285621,1.322623182864933],[103.9294052,1.3225835],[103.92939748822944,1.322623181966499],[103.92939724254552,1.3226231342444028],[103.9293948,1.3226353]]]},"clearanceHeight":1.7,"clearancePrepared":true},"geometry":{"type":"Polygon","coordinates":[[[103.9294155,1.3225325],[103.9294052,1.3225835],[103.9293948,1.3226353],[103.929575,1.3226708],[103.9295855,1.3226185],[103.9295955,1.3225687],[103.9294155,1.3225325]]]}},{"type":"Feature","id":"way/1271439131-0","properties":{"building":"roof","building:levels":"1","clearanceGeometry":{"type":"MultiPolygon","coordinates":[[[[103.9296144,1.322475],[103.92960816032308,1.3225060665604305],[103.92965505335333,1.3225152261332171],[103.9296473,1.3225548999999994],[103.9296473,1.3225548999999985],[103.9296551312808,1.3225152414341639],[103.92965527172213,1.3225152691528466],[103.9296578,1.3225027],[103.9296615,1.3224845],[103.9296144,1.322475]]],[[[103.929575,1.3226708],[103.9296221,1.3226801],[103.92962468469827,1.3226673228123194],[103.92957777766254,1.322658179915523],[103.92957754282135,1.3226581343279382],[103.929575,1.3226708]]],[[[103.92963933675857,1.3225945328695339],[103.92963917421885,1.3225945011207974],[103.9296327,1.3226277],[103.92963933675857,1.3225945328695339]]]]},"clearanceHeight":1.7,"clearancePrepared":true},"geometry":{"type":"Polygon","coordinates":[[[103.9296615,1.3224845],[103.9296144,1.322475],[103.9296002,1.3225457],[103.9295955,1.3225687],[103.9295855,1.3226185],[103.929575,1.3226708],[103.9296221,1.3226801],[103.9296327,1.3226277],[103.9296473,1.3225549],[103.9296578,1.3225027],[103.9296615,1.3224845]]]}},{"type":"Feature","id":"way/1271439135-0","properties":{"building":"industrial","clearanceGeometry":{"type":"Polygon","coordinates":[[[103.9298306,1.3229874],[103.9299278,1.3230064],[103.9299492,1.3228963],[103.9298246,1.322872],[103.9297872,1.3230619],[103.929815,1.3230673],[103.9298306,1.3229874]]]},"clearanceHeight":1.7,"clearancePrepared":true},"geometry":{"type":"Polygon","coordinates":[[[103.929815,1.3230673],[103.9298306,1.3229874],[103.9299278,1.3230064],[103.9299492,1.3228963],[103.9298246,1.322872],[103.9297872,1.3230619],[103.929815,1.3230673]]]}},{"type":"Feature","id":"way/1271439136-0","properties":{"building":"roof","building:levels":"1","clearanceGeometry":{"type":"MultiPolygon","coordinates":[[[[103.9295017,1.3232321],[103.9294514,1.3232221],[103.92944803369795,1.3232391419041412],[103.92949831029836,1.3232490372986543],[103.9294905,1.3232887],[103.92949832307707,1.3232490398158854],[103.92949834701764,1.3232490445358571],[103.9295017,1.3232321]]],[[[103.92943356148633,1.3233125120776732],[103.9294402,1.3232788],[103.92943355207863,1.3233125102297314],[103.92943356148633,1.3233125120776732]]]]},"clearanceHeight":1.7,"clearancePrepared":true},"geometry":{"type":"Polygon","coordinates":[[[103.9294839,1.3233224],[103.9294905,1.3232887],[103.9295017,1.3232321],[103.9294514,1.3232221],[103.9294402,1.3232788],[103.9294335,1.3233125],[103.9294839,1.3233224]]]}},{"type":"Feature","id":"way/1271439137-0","properties":{"building":"roof","building:levels":"1","clearanceGeometry":{"type":"MultiPolygon","coordinates":[[[[103.9289395,1.3231213],[103.9288949,1.3231125],[103.92889154701702,1.3231294445390007],[103.92893612519653,1.3231382402336136],[103.92893614701785,1.3231382445347877],[103.9289395,1.3231213]]],[[[103.92892155715549,1.3232120915652867],[103.9289283,1.3231779],[103.9289215505497,1.3232120902648197],[103.92892155715549,1.3232120915652867]]]]},"clearanceHeight":1.7,"clearancePrepared":true},"geometry":{"type":"Polygon","coordinates":[[[103.9289283,1.3231779],[103.9289395,1.3231213],[103.9288949,1.3231125],[103.9288837,1.3231691],[103.9288769,1.3232033],[103.9289216,1.3232121],[103.9289283,1.3231779]]]}},{"type":"Feature","id":"way/1271439138-0","properties":{"building":"roof","building:levels":"1","clearanceGeometry":{"type":"Polygon","coordinates":[[[103.9284813,1.3230309],[103.9284347,1.3230218],[103.92843134701667,1.323038744540755],[103.92847792628409,1.3230479404476259],[103.92847793369711,1.3230479419083658],[103.9284813,1.3230309]]]},"clearanceHeight":1.7,"clearancePrepared":true},"geometry":{"type":"Polygon","coordinates":[[[103.9284662,1.3231072],[103.9284701,1.3230876],[103.9284813,1.3230309],[103.9284347,1.3230218],[103.9284235,1.3230784],[103.9284197,1.323098],[103.9284662,1.3231072]]]}},{"type":"Feature","id":"way/1271439140-0","properties":{"building":"industrial","building:levels":"2","clearanceGeometry":{"type":"Polygon","coordinates":[[[103.9281247,1.3230664],[103.9281044,1.3231708],[103.9281912,1.3231876],[103.9282118,1.3230833],[103.9281247,1.3230664]]]},"clearanceHeight":1.7,"clearancePrepared":true},"geometry":{"type":"Polygon","coordinates":[[[103.9282118,1.3230833],[103.9281247,1.3230664],[103.9281044,1.3231708],[103.9281912,1.3231876],[103.9282118,1.3230833]]]}},{"type":"Feature","id":"way/1271439141-0","properties":{"building":"industrial","building:levels":"2","clearanceGeometry":{"type":"Polygon","coordinates":[[[103.92915,1.3233734],[103.9292054,1.3233842],[103.92922598289928,1.3232777781036948],[103.92917060522399,1.3232668626759994],[103.92915,1.3233734]]]},"clearanceHeight":1.7,"clearancePrepared":true},"geometry":{"type":"Polygon","coordinates":[[[103.9291723,1.3232581],[103.92915,1.3233734],[103.9292054,1.3233842],[103.9292277,1.3232689],[103.9291723,1.3232581]]]}},{"type":"Feature","id":"way/1271439142-0","properties":{"building":"industrial","building:levels":"2","clearanceGeometry":{"type":"Polygon","coordinates":[[[103.92963232401021,1.3233578636492092],[103.92948268331209,1.3233283614437592],[103.92943238970165,1.3233184627013457],[103.92943356148633,1.3233125120776732],[103.92943355207863,1.3233125102297314],[103.92943237863449,1.3233184605215138],[103.92934240821211,1.3233007265585963],[103.9293154,1.3234373],[103.9296054,1.3234944],[103.92963232401021,1.3233578636492092]]]},"clearanceHeight":1.7,"clearancePrepared":true},"geometry":{"type":"Polygon","coordinates":[[[103.9296054,1.3234944],[103.9296335,1.3233519],[103.9294839,1.3233224],[103.9294335,1.3233125],[103.9293436,1.3232947],[103.9293154,1.3234373],[103.9296054,1.3234944]]]}},{"type":"Feature","id":"way/1271439143-0","properties":{"building":"industrial","building:levels":"2","clearanceGeometry":{"type":"Polygon","coordinates":[[[103.9290562,1.3233279],[103.9291302,1.3233425],[103.9291460160548,1.3232620159341146],[103.92892047863448,1.3232175605215137],[103.92892155715549,1.3232120915652867],[103.9289215505497,1.3232120902648197],[103.9289204709726,1.3232175590105206],[103.92887587592107,1.3232087599868987],[103.92870411305495,1.3231749140642968],[103.9286778,1.3233084],[103.9290457,1.323381],[103.9290562,1.3233279]]]},"clearanceHeight":1.7,"clearancePrepared":true},"geometry":{"type":"Polygon","coordinates":[[[103.9290457,1.323381],[103.9290562,1.3233279],[103.9291302,1.3233425],[103.9291471,1.3232565],[103.9289216,1.3232121],[103.9288769,1.3232033],[103.9287052,1.3231694],[103.9286778,1.3233084],[103.9290457,1.323381]]]}},{"type":"Feature","id":"way/1271439144-0","properties":{"building":"industrial","building:levels":"2","clearanceGeometry":{"type":"Polygon","coordinates":[[[103.92867783923705,1.3231697368008564],[103.92846228086974,1.3231272609620375],[103.92846623453202,1.3231072068071001],[103.92846622745897,1.3231072054128306],[103.92846226656258,1.3231272581401265],[103.92841575250044,1.3231180751064022],[103.92821267057155,1.3230788949079602],[103.9282118,1.3230833],[103.9281912,1.3231876],[103.9281862,1.3232128],[103.9286512,1.3233045],[103.92867783923705,1.3231697368008564]]]},"clearanceHeight":1.7,"clearancePrepared":true},"geometry":{"type":"Polygon","coordinates":[[[103.9286512,1.3233045],[103.9286818,1.3231497],[103.9284662,1.3231072],[103.9284197,1.323098],[103.9282168,1.323058],[103.9282118,1.3230833],[103.9281912,1.3231876],[103.9281862,1.3232128],[103.9286512,1.3233045]]]}},{"type":"Feature","id":"way/1271439145-0","properties":{"building":"roof","building:levels":"1","clearanceGeometry":{"type":"MultiPolygon","coordinates":[[[[103.9283013,1.3222284],[103.9282523,1.3222189],[103.92824784811333,1.3222420056597226],[103.92824791495102,1.32224201865136],[103.92829680902084,1.3222515174992808],[103.9283013,1.3222284]]],[[[103.928226,1.3223545],[103.92823249156372,1.322321382614282],[103.92823248699808,1.322321381727299],[103.9282402,1.3222817],[103.92823248309995,1.3223213809697931],[103.92823246087332,1.3223213766494715],[103.928226,1.3223545]]],[[[103.9282166,1.3224031],[103.9282655,1.3224127],[103.928275,1.3223641],[103.92826722411971,1.3224037694599744],[103.92821832353874,1.322394188937991],[103.9282166,1.3224031]]],[[[103.9282891,1.3222912],[103.92828264587652,1.3223244050698981],[103.92828267646125,1.3223244110620096],[103.9282891,1.3222912]]]]},"clearanceHeight":1.7,"clearancePrepared":true},"geometry":{"type":"Polygon","coordinates":[[[103.9282891,1.3222912],[103.9283013,1.3222284],[103.9282523,1.3222189],[103.9282402,1.3222817],[103.928226,1.3223545],[103.9282166,1.3224031],[103.9282655,1.3224127],[103.928275,1.3223641],[103.9282891,1.3222912]]]}},{"type":"Feature","id":"way/1271439146-0","properties":{"building":"roof","building:levels":"1","clearanceGeometry":{"type":"MultiPolygon","coordinates":[[[[103.9287868,1.3223227],[103.9287486,1.3223153],[103.92874412087002,1.3223383197909584],[103.92878229169895,1.3223457141400174],[103.9287746,1.3223854],[103.9287868,1.3223227]]],[[[103.92872992890092,1.3224112213466832],[103.92872996004864,1.3224112273805357],[103.9287364,1.322378],[103.92872992890092,1.3224112213466832]]],[[[103.9287125,1.3225008],[103.9287507,1.3225084],[103.92875271602054,1.3224979873577904],[103.92875270435097,1.3224979850947844],[103.92871450830106,1.322490585859983],[103.9287222,1.3224509],[103.92871449378626,1.3224905830454656],[103.92871448634217,1.322490581600592],[103.9287125,1.3225008]]],[[[103.92876684656585,1.3224250739008083],[103.92876683995136,1.3224250726194664],[103.9287604,1.3224583],[103.92876684656585,1.3224250739008083]]]]},"clearanceHeight":1.7,"clearancePrepared":true},"geometry":{"type":"Polygon","coordinates":[[[103.9287746,1.3223854],[103.9287868,1.3223227],[103.9287486,1.3223153],[103.9287364,1.322378],[103.9287222,1.3224509],[103.9287125,1.3225008],[103.9287507,1.3225084],[103.9287604,1.3224583],[103.9287746,1.3223854]]]}},{"type":"Feature","id":"way/1271439147-0","properties":{"building":"industrial","building:levels":"1","roof:colour":"lightgrey","clearanceGeometry":{"type":"Polygon","coordinates":[[[103.9279498,1.3228853],[103.9280517,1.3229051],[103.928149,1.3224116],[103.9280457,1.3223915],[103.9279498,1.3228853]]]},"clearanceHeight":1.7,"clearancePrepared":true},"geometry":{"type":"Polygon","coordinates":[[[103.9280457,1.3223915],[103.9279498,1.3228853],[103.9280517,1.3229051],[103.928149,1.3224116],[103.9280457,1.3223915]]]}},{"type":"Feature","id":"way/1271439148-0","properties":{"building":"industrial","building:levels":"2","roof:colour":"darkgrey","clearanceGeometry":{"type":"Polygon","coordinates":[[[103.9284813,1.3230309],[103.9288949,1.3231125],[103.9289395,1.3231213],[103.9294514,1.3232221],[103.9295017,1.3232321],[103.9297442,1.3232799],[103.9297872,1.3230619],[103.9298246,1.322872],[103.9298535,1.3227257],[103.9296221,1.3226801],[103.929575,1.3226708],[103.9293948,1.3226353],[103.9291348,1.3225841],[103.9290827,1.3225738],[103.9287507,1.3225084],[103.9287125,1.3225008],[103.9282655,1.3224127],[103.9282166,1.3224031],[103.9281532,1.3223906],[103.928149,1.3224116],[103.9280517,1.3229051],[103.9280439,1.3229447],[103.9284347,1.3230218],[103.9284813,1.3230309]]]},"clearanceHeight":1.7,"clearancePrepared":true},"geometry":{"type":"Polygon","coordinates":[[[103.9284347,1.3230218],[103.9284813,1.3230309],[103.9288949,1.3231125],[103.9289395,1.3231213],[103.9294514,1.3232221],[103.9295017,1.3232321],[103.9297442,1.3232799],[103.9297872,1.3230619],[103.9298246,1.322872],[103.9298535,1.3227257],[103.9296221,1.3226801],[103.929575,1.3226708],[103.9293948,1.3226353],[103.9291348,1.3225841],[103.9290827,1.3225738],[103.9287507,1.3225084],[103.9287125,1.3225008],[103.9282655,1.3224127],[103.9282166,1.3224031],[103.9281532,1.3223906],[103.928149,1.3224116],[103.9280517,1.3229051],[103.9280439,1.3229447],[103.9284347,1.3230218]]]}},{"type":"Feature","id":"way/1271439149-0","properties":{"building":"roof","building:levels":"1","clearanceGeometry":{"type":"MultiPolygon","coordinates":[[[[103.9282164368872,1.3214833168765006],[103.92818707568414,1.3216580953892292],[103.9281472,1.3216514],[103.9282683,1.3216761],[103.9283023,1.3215009],[103.9282164368872,1.3214833168765006]]],[[[103.9279467,1.3214282],[103.927911,1.3216031],[103.92810756122563,1.3216432943573158],[103.92813689705312,1.321468666897769],[103.9281371470896,1.3214671005354686],[103.9279467,1.3214282]]]]},"clearanceHeight":1.7,"clearancePrepared":true},"geometry":{"type":"Polygon","coordinates":[[[103.9283023,1.3215009],[103.9281768,1.3214752],[103.9279467,1.3214282],[103.927911,1.3216031],[103.9281472,1.3216514],[103.9282683,1.3216761],[103.9283023,1.3215009]]]}},{"type":"Feature","id":"way/1271439150-0","properties":{"addr:city":"Singapore","addr:country":"SG","addr:housenumber":"1","addr:postcode":"469332","addr:street":"Bedok South Road","building":"industrial","building:levels":"2","roof:colour":"darkgrey","clearanceGeometry":{"type":"Polygon","coordinates":[[[103.9289029,1.3219115],[103.9289157,1.3218454],[103.9289283,1.3217804],[103.928954,1.3216481],[103.9290102,1.3213592],[103.9283546,1.3212319],[103.9283023,1.3215009],[103.9282683,1.3216761],[103.9281661,1.3222022],[103.9282523,1.3222189],[103.9283013,1.3222284],[103.9287486,1.3223153],[103.9287868,1.3223227],[103.9288858,1.3223419],[103.928967,1.321924],[103.9289029,1.3219115]]]},"clearanceHeight":1.7,"clearancePrepared":true},"geometry":{"type":"Polygon","coordinates":[[[103.928967,1.321924],[103.9289029,1.3219115],[103.9289157,1.3218454],[103.9289283,1.3217804],[103.928954,1.3216481],[103.9290102,1.3213592],[103.9283546,1.3212319],[103.9283023,1.3215009],[103.9282683,1.3216761],[103.9281661,1.3222022],[103.9282523,1.3222189],[103.9283013,1.3222284],[103.9287486,1.3223153],[103.9287868,1.3223227],[103.9288858,1.3223419],[103.928967,1.321924]]]}},{"type":"Feature","id":"way/1271439151-0","properties":{"building":"roof","building:levels":"1","clearanceGeometry":{"type":"MultiPolygon","coordinates":[[[[103.9291589,1.32246],[103.9291726,1.3223894],[103.9291205,1.3223793],[103.92911450074043,1.3224102158924012],[103.92916659708273,1.3224203151833256],[103.9291589,1.3224600000000002],[103.9291589,1.32246]]],[[[103.9290827,1.3225738],[103.9291348,1.3225841],[103.92913702571197,1.322572589247177],[103.92913699557309,1.3225725833929451],[103.92908490291728,1.322562484816674],[103.9290926,1.3225227999999916],[103.9290926,1.3225228000000093],[103.9290827,1.3225738]]],[[[103.92915115675862,1.3224996758684509],[103.92915114446063,1.3224996734843877],[103.9291447,1.3225329],[103.92915115675862,1.3224996758684509]]]]},"clearanceHeight":1.7,"clearancePrepared":true},"geometry":{"type":"Polygon","coordinates":[[[103.9291447,1.3225329],[103.9291589,1.32246],[103.9291726,1.3223894],[103.9291205,1.3223793],[103.9291068,1.3224499],[103.9290926,1.3225228],[103.9290827,1.3225738],[103.9291348,1.3225841],[103.9291447,1.3225329]]]}},{"type":"Feature","id":"way/1271439152-0","properties":{"building":"industrial","building:levels":"2","roof:colour":"darkgrey","clearanceGeometry":{"type":"Polygon","coordinates":[[[103.9291205,1.3223793],[103.9291726,1.3223894],[103.9296144,1.322475],[103.9296615,1.3224845],[103.9296578,1.3225027],[103.9297638,1.3225233],[103.9297703,1.3224891],[103.9297794,1.3224434],[103.9298313,1.3221809],[103.9298601,1.3220221],[103.9298013,1.32201],[103.9298891,1.321558],[103.9292441,1.3214328],[103.9291676,1.3218269],[103.929155,1.3218918],[103.9290625,1.322368],[103.9291205,1.3223793]]]},"clearanceHeight":1.7,"clearancePrepared":true},"geometry":{"type":"Polygon","coordinates":[[[103.9290625,1.322368],[103.9291205,1.3223793],[103.9291726,1.3223894],[103.9296144,1.322475],[103.9296615,1.3224845],[103.9296578,1.3225027],[103.9297638,1.3225233],[103.9297703,1.3224891],[103.9297794,1.3224434],[103.9298313,1.3221809],[103.9298601,1.3220221],[103.9298013,1.32201],[103.9298891,1.321558],[103.9292441,1.3214328],[103.9291676,1.3218269],[103.929155,1.3218918],[103.9290625,1.322368]]]}},{"type":"Feature","id":"way/1271439155-0","properties":{"building":"roof","building:levels":"1","clearanceGeometry":{"type":"Polygon","coordinates":[[[103.9289283,1.3217804],[103.9289157,1.3218454],[103.9290355,1.3218686],[103.929155,1.3218918],[103.9291676,1.3218269],[103.9290481,1.3218037],[103.9289283,1.3217804]]]},"clearanceHeight":1.7,"clearancePrepared":true},"geometry":{"type":"Polygon","coordinates":[[[103.9290481,1.3218037],[103.9289283,1.3217804],[103.9289157,1.3218454],[103.9290355,1.3218686],[103.929155,1.3218918],[103.9291676,1.3218269],[103.9290481,1.3218037]]]}},{"type":"Feature","id":"way/1271439156-0","properties":{"building":"yes","clearanceGeometry":{"type":"Polygon","coordinates":[[[103.9309336,1.321434],[103.9310008,1.3210974],[103.9308289,1.3210631],[103.9307617,1.3213998],[103.9309336,1.321434]]]},"clearanceHeight":1.7,"clearancePrepared":true},"geometry":{"type":"Polygon","coordinates":[[[103.9307617,1.3213998],[103.9309336,1.321434],[103.9310008,1.3210974],[103.9308289,1.3210631],[103.9307617,1.3213998]]]}},{"type":"Feature","id":"way/1271439157-0","properties":{"building":"yes","clearanceGeometry":{"type":"Polygon","coordinates":[[[103.9307405,1.3204591],[103.9302401,1.3203593],[103.9301275,1.3209232],[103.9306279,1.321023],[103.9307405,1.3204591]]]},"clearanceHeight":1.7,"clearancePrepared":true},"geometry":{"type":"Polygon","coordinates":[[[103.9306279,1.321023],[103.9307405,1.3204591],[103.9302401,1.3203593],[103.9301275,1.3209232],[103.9306279,1.321023]]]}},{"type":"Feature","id":"way/1271439158-0","properties":{"building:levels":"5","building:part":"yes","roof:colour":"lightgrey","clearanceGeometry":{"type":"Polygon","coordinates":[[[103.9288605,1.3201756],[103.9287924,1.3205176],[103.9294808,1.3206477],[103.9295475,1.3203122],[103.9288605,1.3201756]]]},"clearanceHeight":1.7,"clearancePrepared":true},"geometry":{"type":"Polygon","coordinates":[[[103.9295475,1.3203122],[103.9288605,1.3201756],[103.9287924,1.3205176],[103.9294808,1.3206477],[103.9295475,1.3203122]]]}},{"type":"Feature","id":"way/1271439159-0","properties":{"building:levels":"4","building:part":"yes","roof:colour":"lightgrey","clearanceGeometry":{"type":"Polygon","coordinates":[[[103.9293931,1.3210888],[103.9294808,1.3206477],[103.9287924,1.3205176],[103.928706,1.3209522],[103.9293931,1.3210888]]]},"clearanceHeight":1.7,"clearancePrepared":true},"geometry":{"type":"Polygon","coordinates":[[[103.928706,1.3209522],[103.9293931,1.3210888],[103.9294808,1.3206477],[103.9287924,1.3205176],[103.928706,1.3209522]]]}},{"type":"Feature","id":"way/1272009646-0","properties":{"building:levels":"5","building:part":"yes","roof:levels":"1","clearanceGeometry":{"type":"Polygon","coordinates":[[[103.9312313,1.3206555],[103.9310774,1.3206251],[103.9310598,1.3207141],[103.9312137,1.3207445],[103.9312313,1.3206555]]]},"clearanceHeight":1.7,"clearancePrepared":true},"geometry":{"type":"Polygon","coordinates":[[[103.9312137,1.3207445],[103.9312313,1.3206555],[103.9310774,1.3206251],[103.9310598,1.3207141],[103.9312137,1.3207445]]]}},{"type":"Feature","id":"way/1272010098-0","properties":{"building:levels":"3","building:part":"yes","roof:colour":"brown","roof:material":"roof_tiles","clearanceGeometry":{"type":"Polygon","coordinates":[[[103.9311396,1.3204944],[103.9311439005048,1.3204726263972049],[103.9311387482979,1.3204716832995318],[103.93122175109345,1.320018238433169],[103.9309735,1.3199692],[103.9308351,1.3206697],[103.9310598,1.3207141],[103.9310774,1.3206251],[103.9312313,1.3206555],[103.9312137,1.3207445],[103.9317441,1.3208492],[103.9317889,1.3206226],[103.9311396,1.3204944]]]},"clearanceHeight":1.7,"clearancePrepared":true},"geometry":{"type":"Polygon","coordinates":[[[103.9317889,1.3206226],[103.9311396,1.3204944],[103.9312332,1.3200205],[103.9309735,1.3199692],[103.9308351,1.3206697],[103.9310598,1.3207141],[103.9310774,1.3206251],[103.9312313,1.3206555],[103.9312137,1.3207445],[103.9317441,1.3208492],[103.9317889,1.3206226]]]}},{"type":"Feature","id":"node/241977852","properties":{"highway":"traffic_signals"},"geometry":{"type":"Point","coordinates":[103.9273909,1.3234185]}},{"type":"Feature","id":"node/6045666298","properties":{"highway":"traffic_signals","traffic_signals":"signal"},"geometry":{"type":"Point","coordinates":[103.9318491,1.3243155]}},{"type":"Feature","id":"node/6190894398","properties":{"highway":"crossing"},"geometry":{"type":"Point","coordinates":[103.9287194,1.3239765]}},{"type":"Feature","id":"node/6190894402","properties":{"button_operated":"yes","crossing":"traffic_signals","highway":"crossing","tactile_paving":"yes","traffic_signals:sound":"no","traffic_signals:vibration":"no"},"geometry":{"type":"Point","coordinates":[103.9274035,1.3233221]}},{"type":"Feature","id":"node/6196356263","properties":{"crossing:markings":"yes","crossing:signals":"no","highway":"crossing","tactile_paving":"yes"},"geometry":{"type":"Point","coordinates":[103.9275444,1.3232973]}},{"type":"Feature","id":"node/6448879096","properties":{"crossing":"marked","crossing:markings":"yes","highway":"crossing","tactile_paving":"yes"},"geometry":{"type":"Point","coordinates":[103.9317239,1.3238452]}},{"type":"Feature","id":"node/6908320585","properties":{"highway":"crossing"},"geometry":{"type":"Point","coordinates":[103.9275717,1.3215915]}},{"type":"Feature","id":"node/7768895035","properties":{"crossing":"marked","highway":"crossing","tactile_paving":"yes"},"geometry":{"type":"Point","coordinates":[103.9274693,1.3238037]}},{"type":"Feature","id":"node/8232903357","properties":{"crossing:signals":"yes","highway":"crossing"},"geometry":{"type":"Point","coordinates":[103.9318476,1.3240667]}},{"type":"Feature","id":"node/8233409099","properties":{"button_operated":"yes","crossing":"traffic_signals","highway":"crossing","tactile_paving":"yes","traffic_signals:sound":"no","traffic_signals:vibration":"no"},"geometry":{"type":"Point","coordinates":[103.9275185,1.3234421]}},{"type":"Feature","id":"node/8233409100","properties":{"button_operated":"yes","crossing":"traffic_signals","highway":"crossing","tactile_paving":"yes","traffic_signals:sound":"no","traffic_signals:vibration":"no"},"geometry":{"type":"Point","coordinates":[103.9274853,1.3236457]}},{"type":"Feature","id":"node/8273051643","properties":{"crossing:markings":"no","highway":"crossing","tactile_paving":"yes"},"geometry":{"type":"Point","coordinates":[103.9279788,1.3204391]}},{"type":"Feature","id":"node/13095624892","properties":{"crossing:markings":"no","highway":"crossing","tactile_paving":"yes"},"geometry":{"type":"Point","coordinates":[103.9276738,1.3220277]}},{"type":"Feature","id":"way/74483195-0-0-0","properties":{"highway":"secondary","lanes":"4","lit":"yes","maxheight":"4.5","maxspeed":"60","name":"Bedok South Road","oneway":"yes","sidewalk:left":"separate","sidewalk:right":"no","source":"Yahoo aerial images","surface":"asphalt","startNodeId":"4594224854","endNodeId":"241977852"},"geometry":{"type":"LineString","coordinates":[[103.9273632,1.3236293],[103.9273909,1.3234185]]}},{"type":"Feature","id":"way/74741532-0-0-0","properties":{"busway:left":"lane","highway":"primary","lanes":"3","lanes:bus":"1","lanes:bus:conditional":"1 @ (Mo-Fr 07:30-09:30,17:00-20:00)","maxspeed":"60","name":"New Upper Changi Road","name:en":"New Upper Changi Road","name:zh":"\u65b0\u6a1f\u5b9c\u8def\u4e0a\u6bb5","oneway":"yes","sidewalk:left":"separate","sidewalk:right":"no","source":"Yahoo aerial images","surface":"asphalt","startNodeId":"4592829571","endNodeId":"5681418371"},"geometry":{"type":"LineString","coordinates":[[103.9309716,1.3239528],[103.9307418,1.3239265]]}},{"type":"Feature","id":"way/74741532-0-1-0","properties":{"busway:left":"lane","highway":"primary","lanes":"3","lanes:bus":"1","lanes:bus:conditional":"1 @ (Mo-Fr 07:30-09:30,17:00-20:00)","maxspeed":"60","name":"New Upper Changi Road","name:en":"New Upper Changi Road","name:zh":"\u65b0\u6a1f\u5b9c\u8def\u4e0a\u6bb5","oneway":"yes","sidewalk:left":"separate","sidewalk:right":"no","source":"Yahoo aerial images","surface":"asphalt","startNodeId":"5681418371","endNodeId":"1865254938"},"geometry":{"type":"LineString","coordinates":[[103.9307418,1.3239265],[103.9302239,1.32385]]}},{"type":"Feature","id":"way/116782190-0-1-0","properties":{"highway":"primary_link","lanes":"1","lit":"yes","maxspeed":"50","oneway":"yes","sidewalk:both":"separate","surface":"asphalt","startNodeId":"1315774124","endNodeId":"1315774187"},"geometry":{"type":"LineString","coordinates":[[103.9273559,1.3239408],[103.9274209,1.3238414]]}},{"type":"Feature","id":"way/116782190-0-2-0","properties":{"highway":"primary_link","lanes":"1","lit":"yes","maxspeed":"50","oneway":"yes","sidewalk:both":"separate","surface":"asphalt","startNodeId":"1315774187","endNodeId":"7768895035"},"geometry":{"type":"LineString","coordinates":[[103.9274209,1.3238414],[103.9274693,1.3238037]]}},{"type":"Feature","id":"way/116782190-0-3-0","properties":{"highway":"primary_link","lanes":"1","lit":"yes","maxspeed":"50","oneway":"yes","sidewalk:both":"separate","surface":"asphalt","startNodeId":"7768895035","endNodeId":"1315774174"},"geometry":{"type":"LineString","coordinates":[[103.9274693,1.3238037],[103.9274878,1.3237917]]}},{"type":"Feature","id":"way/116782190-0-4-0","properties":{"highway":"primary_link","lanes":"1","lit":"yes","maxspeed":"50","oneway":"yes","sidewalk:both":"separate","surface":"asphalt","startNodeId":"1315774174","endNodeId":"1315774192"},"geometry":{"type":"LineString","coordinates":[[103.9274878,1.3237917],[103.927571,1.3237578]]}},{"type":"Feature","id":"way/116782190-0-5-0","properties":{"highway":"primary_link","lanes":"1","lit":"yes","maxspeed":"50","oneway":"yes","sidewalk:both":"separate","surface":"asphalt","startNodeId":"1315774192","endNodeId":"1315774060"},"geometry":{"type":"LineString","coordinates":[[103.927571,1.3237578],[103.927697,1.3237349]]}},{"type":"Feature","id":"way/116782190-0-6-0","properties":{"highway":"primary_link","lanes":"1","lit":"yes","maxspeed":"50","oneway":"yes","sidewalk:both":"separate","surface":"asphalt","startNodeId":"1315774060","endNodeId":"1315774222"},"geometry":{"type":"LineString","coordinates":[[103.927697,1.3237349],[103.9279032,1.3237146]]}},{"type":"Feature","id":"way/123661963-0-30-0","properties":{"highway":"secondary","lanes":"3","lit":"yes","maxheight":"4.5","maxspeed":"60","name":"Bedok South Road","oneway":"yes","sidewalk:left":"separate","sidewalk:right":"no","surface":"asphalt","startNodeId":"1378152606","endNodeId":"5644910831"},"geometry":{"type":"LineString","coordinates":[[103.9279311,1.3199607],[103.9279015,1.3200539]]}},{"type":"Feature","id":"way/123661963-0-31-0","properties":{"highway":"secondary","lanes":"3","lit":"yes","maxheight":"4.5","maxspeed":"60","name":"Bedok South Road","oneway":"yes","sidewalk:left":"separate","sidewalk:right":"no","surface":"asphalt","startNodeId":"5644910831","endNodeId":"1378152516"},"geometry":{"type":"LineString","coordinates":[[103.9279015,1.3200539],[103.9278719,1.3201593]]}},{"type":"Feature","id":"way/123661963-0-32-0","properties":{"highway":"secondary","lanes":"3","lit":"yes","maxheight":"4.5","maxspeed":"60","name":"Bedok South Road","oneway":"yes","sidewalk:left":"separate","sidewalk:right":"no","surface":"asphalt","startNodeId":"1378152516","endNodeId":"1378152533"},"geometry":{"type":"LineString","coordinates":[[103.9278719,1.3201593],[103.9278195,1.320435]]}},{"type":"Feature","id":"way/123661963-0-33-0","properties":{"highway":"secondary","lanes":"3","lit":"yes","maxheight":"4.5","maxspeed":"60","name":"Bedok South Road","oneway":"yes","sidewalk:left":"separate","sidewalk:right":"no","surface":"asphalt","startNodeId":"1378152533","endNodeId":"6092241028"},"geometry":{"type":"LineString","coordinates":[[103.9278195,1.320435],[103.9276385,1.3214126]]}},{"type":"Feature","id":"way/123661964-0-0-0","properties":{"highway":"secondary","lanes":"2","lit":"yes","maxspeed":"60","name":"Bedok South Road","oneway":"yes","sidewalk:left":"separate","sidewalk:right":"no","source":"Yahoo aerial images","surface":"asphalt","startNodeId":"241977852","endNodeId":"6190894402"},"geometry":{"type":"LineString","coordinates":[[103.9273909,1.3234185],[103.9274035,1.3233221]]}},{"type":"Feature","id":"way/123661964-0-1-0","properties":{"highway":"secondary","lanes":"2","lit":"yes","maxspeed":"60","name":"Bedok South Road","oneway":"yes","sidewalk:left":"separate","sidewalk:right":"no","source":"Yahoo aerial images","surface":"asphalt","startNodeId":"6190894402","endNodeId":"1865254929"},"geometry":{"type":"LineString","coordinates":[[103.9274035,1.3233221],[103.9274424,1.3231171]]}},{"type":"Feature","id":"way/175959433-0-0-0","properties":{"highway":"secondary","lanes":"3","lit":"yes","maxheight":"4.5","maxspeed":"60","name":"Bedok South Road","oneway":"yes","sidewalk:left":"separate","sidewalk:right":"no","source":"Yahoo aerial images","surface":"asphalt","startNodeId":"4598359595","endNodeId":"1378152590"},"geometry":{"type":"LineString","coordinates":[[103.927641,1.3220217],[103.9279314,1.3205207]]}},{"type":"Feature","id":"way/175959433-0-1-0","properties":{"highway":"secondary","lanes":"3","lit":"yes","maxheight":"4.5","maxspeed":"60","name":"Bedok South Road","oneway":"yes","sidewalk:left":"separate","sidewalk:right":"no","source":"Yahoo aerial images","surface":"asphalt","startNodeId":"1378152590","endNodeId":"4598363302"},"geometry":{"type":"LineString","coordinates":[[103.9279314,1.3205207],[103.9279461,1.3204331]]}},{"type":"Feature","id":"way/175959433-0-2-0","properties":{"highway":"secondary","lanes":"3","lit":"yes","maxheight":"4.5","maxspeed":"60","name":"Bedok South Road","oneway":"yes","sidewalk:left":"separate","sidewalk:right":"no","source":"Yahoo aerial images","surface":"asphalt","startNodeId":"4598363302","endNodeId":"1378152531"},"geometry":{"type":"LineString","coordinates":[[103.9279461,1.3204331],[103.9279978,1.3201981]]}},{"type":"Feature","id":"way/175959433-0-3-0","properties":{"highway":"secondary","lanes":"3","lit":"yes","maxheight":"4.5","maxspeed":"60","name":"Bedok South Road","oneway":"yes","sidewalk:left":"separate","sidewalk:right":"no","source":"Yahoo aerial images","surface":"asphalt","startNodeId":"1378152531","endNodeId":"1378152568"},"geometry":{"type":"LineString","coordinates":[[103.9279978,1.3201981],[103.9280468,1.3200289]]}},{"type":"Feature","id":"way/175959433-0-4-0","properties":{"highway":"secondary","lanes":"3","lit":"yes","maxheight":"4.5","maxspeed":"60","name":"Bedok South Road","oneway":"yes","sidewalk:left":"separate","sidewalk:right":"no","source":"Yahoo aerial images","surface":"asphalt","startNodeId":"1378152568","endNodeId":"1378152543"},"geometry":{"type":"LineString","coordinates":[[103.9280468,1.3200289],[103.9281106,1.3198496]]}},{"type":"Feature","id":"way/175959499-0-0-0","properties":{"busway:left":"lane","highway":"primary","lanes":"5","lanes:bus":"1","lanes:bus:conditional":"1 @ (Mo-Fr 07:30-09:30,17:00-20:00)","lit":"yes","maxspeed":"60","name":"New Upper Changi Road","name:en":"New Upper Changi Road","name:zh":"\u65b0\u6a1f\u5b9c\u8def\u4e0a\u6bb5","oneway":"yes","sidewalk:left":"separate","sidewalk:right":"no","source":"Yahoo aerial images","surface":"asphalt","startNodeId":"1865254937","endNodeId":"5952908772"},"geometry":{"type":"LineString","coordinates":[[103.9278058,1.3234932],[103.9277192,1.3234808]]}},{"type":"Feature","id":"way/175959594-0-0-0","properties":{"highway":"primary_link","lanes":"1","lit":"yes","maxspeed":"50","oneway":"yes","sidewalk:both":"separate","surface":"asphalt","startNodeId":"1865254937","endNodeId":"6190894401"},"geometry":{"type":"LineString","coordinates":[[103.9278058,1.3234932],[103.9276554,1.3233999]]}},{"type":"Feature","id":"way/175959594-0-1-0","properties":{"highway":"primary_link","lanes":"1","lit":"yes","maxspeed":"50","oneway":"yes","sidewalk:both":"separate","surface":"asphalt","startNodeId":"6190894401","endNodeId":"1865254936"},"geometry":{"type":"LineString","coordinates":[[103.9276554,1.3233999],[103.9276106,1.3233641]]}},{"type":"Feature","id":"way/175959594-0-2-0","properties":{"highway":"primary_link","lanes":"1","lit":"yes","maxspeed":"50","oneway":"yes","sidewalk:both":"separate","surface":"asphalt","startNodeId":"1865254936","endNodeId":"5138543254"},"geometry":{"type":"LineString","coordinates":[[103.9276106,1.3233641],[103.9275774,1.3233334]]}},{"type":"Feature","id":"way/175959594-0-3-0","properties":{"highway":"primary_link","lanes":"1","lit":"yes","maxspeed":"50","oneway":"yes","sidewalk:both":"separate","surface":"asphalt","startNodeId":"5138543254","endNodeId":"6196356263"},"geometry":{"type":"LineString","coordinates":[[103.9275774,1.3233334],[103.9275444,1.3232973]]}},{"type":"Feature","id":"way/175959594-0-4-0","properties":{"highway":"primary_link","lanes":"1","lit":"yes","maxspeed":"50","oneway":"yes","sidewalk:both":"separate","surface":"asphalt","startNodeId":"6196356263","endNodeId":"5138543255"},"geometry":{"type":"LineString","coordinates":[[103.9275444,1.3232973],[103.9275051,1.3232651]]}},{"type":"Feature","id":"way/175959594-0-5-0","properties":{"highway":"primary_link","lanes":"1","lit":"yes","maxspeed":"50","oneway":"yes","sidewalk:both":"separate","surface":"asphalt","startNodeId":"5138543255","endNodeId":"1865254933"},"geometry":{"type":"LineString","coordinates":[[103.9275051,1.3232651],[103.9274739,1.3232273]]}},{"type":"Feature","id":"way/175959594-0-6-0","properties":{"highway":"primary_link","lanes":"1","lit":"yes","maxspeed":"50","oneway":"yes","sidewalk:both":"separate","surface":"asphalt","startNodeId":"1865254933","endNodeId":"1865254929"},"geometry":{"type":"LineString","coordinates":[[103.9274739,1.3232273],[103.9274424,1.3231171]]}},{"type":"Feature","id":"way/325024329-0-0-0","properties":{"busway:left":"lane","highway":"primary","lanes":"3","lanes:bus":"1","lanes:bus:conditional":"1 @ (Mo-Fr 07:30-09:30,17:00-20:00)","maxspeed":"60","name":"New Upper Changi Road","name:en":"New Upper Changi Road","name:zh":"\u65b0\u6a1f\u5b9c\u8def\u4e0a\u6bb5","oneway":"yes","sidewalk:left":"separate","sidewalk:right":"no","surface":"asphalt","startNodeId":"5173707033","endNodeId":"562922321"},"geometry":{"type":"LineString","coordinates":[[103.9308633,1.324248],[103.9309162,1.3242517]]}},{"type":"Feature","id":"way/325024329-0-1-0","properties":{"busway:left":"lane","highway":"primary","lanes":"3","lanes:bus":"1","lanes:bus:conditional":"1 @ (Mo-Fr 07:30-09:30,17:00-20:00)","maxspeed":"60","name":"New Upper Changi Road","name:en":"New Upper Changi Road","name:zh":"\u65b0\u6a1f\u5b9c\u8def\u4e0a\u6bb5","oneway":"yes","sidewalk:left":"separate","sidewalk:right":"no","surface":"asphalt","startNodeId":"562922321","endNodeId":"5173707029"},"geometry":{"type":"LineString","coordinates":[[103.9309162,1.3242517],[103.9309479,1.324255]]}},{"type":"Feature","id":"way/464133416-0-1-0","properties":{"highway":"primary_link","lanes":"1","maxspeed":"50","oneway":"yes","sidewalk:both":"separate","surface":"asphalt","startNodeId":"5173718584","endNodeId":"4592829564"},"geometry":{"type":"LineString","coordinates":[[103.931846,1.3236444],[103.9318143,1.3237064]]}},{"type":"Feature","id":"way/464133416-0-2-0","properties":{"highway":"primary_link","lanes":"1","maxspeed":"50","oneway":"yes","sidewalk:both":"separate","surface":"asphalt","startNodeId":"4592829564","endNodeId":"5173718583"},"geometry":{"type":"LineString","coordinates":[[103.9318143,1.3237064],[103.9317659,1.3237982]]}},{"type":"Feature","id":"way/464133416-0-3-0","properties":{"highway":"primary_link","lanes":"1","maxspeed":"50","oneway":"yes","sidewalk:both":"separate","surface":"asphalt","startNodeId":"5173718583","endNodeId":"6448879096"},"geometry":{"type":"LineString","coordinates":[[103.9317659,1.3237982],[103.9317239,1.3238452]]}},{"type":"Feature","id":"way/464133416-0-4-0","properties":{"highway":"primary_link","lanes":"1","maxspeed":"50","oneway":"yes","sidewalk:both":"separate","surface":"asphalt","startNodeId":"6448879096","endNodeId":"4592829563"},"geometry":{"type":"LineString","coordinates":[[103.9317239,1.3238452],[103.9316957,1.3238768]]}},{"type":"Feature","id":"way/464133416-0-5-0","properties":{"highway":"primary_link","lanes":"1","maxspeed":"50","oneway":"yes","sidewalk:both":"separate","surface":"asphalt","startNodeId":"4592829563","endNodeId":"4592829562"},"geometry":{"type":"LineString","coordinates":[[103.9316957,1.3238768],[103.9316323,1.32392]]}},{"type":"Feature","id":"way/464133416-0-6-0","properties":{"highway":"primary_link","lanes":"1","maxspeed":"50","oneway":"yes","sidewalk:both":"separate","surface":"asphalt","startNodeId":"4592829562","endNodeId":"5173661368"},"geometry":{"type":"LineString","coordinates":[[103.9316323,1.32392],[103.931487,1.323974]]}},{"type":"Feature","id":"way/464133416-0-7-0","properties":{"highway":"primary_link","lanes":"1","maxspeed":"50","oneway":"yes","sidewalk:both":"separate","surface":"asphalt","startNodeId":"5173661368","endNodeId":"4592829561"},"geometry":{"type":"LineString","coordinates":[[103.931487,1.323974],[103.9313169,1.3239995]]}},{"type":"Feature","id":"way/464133418-0-0-0","properties":{"foot":"no","highway":"primary_link","lanes":"1","maxspeed":"50","name":"New Upper Changi Road","oneway":"yes","startNodeId":"562922321","endNodeId":"5173707028"},"geometry":{"type":"LineString","coordinates":[[103.9309162,1.3242517],[103.9309484,1.3242322]]}},{"type":"Feature","id":"way/464133418-0-1-0","properties":{"foot":"no","highway":"primary_link","lanes":"1","maxspeed":"50","name":"New Upper Changi Road","oneway":"yes","startNodeId":"5173707028","endNodeId":"5173707027"},"geometry":{"type":"LineString","coordinates":[[103.9309484,1.3242322],[103.9309867,1.3242044]]}},{"type":"Feature","id":"way/464133418-0-2-0","properties":{"foot":"no","highway":"primary_link","lanes":"1","maxspeed":"50","name":"New Upper Changi Road","oneway":"yes","startNodeId":"5173707027","endNodeId":"5173707026"},"geometry":{"type":"LineString","coordinates":[[103.9309867,1.3242044],[103.9310104,1.3241553]]}},{"type":"Feature","id":"way/464133418-0-3-0","properties":{"foot":"no","highway":"primary_link","lanes":"1","maxspeed":"50","name":"New Upper Changi Road","oneway":"yes","startNodeId":"5173707026","endNodeId":"5173707025"},"geometry":{"type":"LineString","coordinates":[[103.9310104,1.3241553],[103.9310285,1.324098]]}},{"type":"Feature","id":"way/464133418-0-4-0","properties":{"foot":"no","highway":"primary_link","lanes":"1","maxspeed":"50","name":"New Upper Changi Road","oneway":"yes","startNodeId":"5173707025","endNodeId":"5173707023"},"geometry":{"type":"LineString","coordinates":[[103.9310285,1.324098],[103.9310242,1.3240397]]}},{"type":"Feature","id":"way/464133418-0-5-0","properties":{"foot":"no","highway":"primary_link","lanes":"1","maxspeed":"50","name":"New Upper Changi Road","oneway":"yes","startNodeId":"5173707023","endNodeId":"5173707024"},"geometry":{"type":"LineString","coordinates":[[103.9310242,1.3240397],[103.931009,1.3239949]]}},{"type":"Feature","id":"way/464133418-0-6-0","properties":{"foot":"no","highway":"primary_link","lanes":"1","maxspeed":"50","name":"New Upper Changi Road","oneway":"yes","startNodeId":"5173707024","endNodeId":"4592829571"},"geometry":{"type":"LineString","coordinates":[[103.931009,1.3239949],[103.9309716,1.3239528]]}},{"type":"Feature","id":"way/464288972-0-0-0","properties":{"busway:left":"lane","highway":"primary","lanes":"3","lanes:bus":"1","lanes:bus:conditional":"1 @ (Mo-Fr 07:30-09:30,17:00-20:00)","lit":"yes","maxspeed":"60","name":"New Upper Changi Road","name:en":"New Upper Changi Road","name:zh":"\u65b0\u6a1f\u5b9c\u8def\u4e0a\u6bb5","oneway":"yes","sidewalk:left":"separate","sidewalk:right":"no","surface":"asphalt","startNodeId":"4594224854","endNodeId":"8233409100"},"geometry":{"type":"LineString","coordinates":[[103.9273632,1.3236293],[103.9274853,1.3236457]]}},{"type":"Feature","id":"way/464288972-0-1-0","properties":{"busway:left":"lane","highway":"primary","lanes":"3","lanes:bus":"1","lanes:bus:conditional":"1 @ (Mo-Fr 07:30-09:30,17:00-20:00)","lit":"yes","maxspeed":"60","name":"New Upper Changi Road","name:en":"New Upper Changi Road","name:zh":"\u65b0\u6a1f\u5b9c\u8def\u4e0a\u6bb5","oneway":"yes","sidewalk:left":"separate","sidewalk:right":"no","surface":"asphalt","startNodeId":"8233409100","endNodeId":"5952908773"},"geometry":{"type":"LineString","coordinates":[[103.9274853,1.3236457],[103.9276884,1.3236764]]}},{"type":"Feature","id":"way/464761258-0-0-0","properties":{"highway":"service","lanes":"2","lanes:backward":"1","lanes:forward":"1","surface":"asphalt","turn:lanes:backward":"left","turn:lanes:forward":"left","startNodeId":"4598363302","endNodeId":"8273051643"},"geometry":{"type":"LineString","coordinates":[[103.9279461,1.3204331],[103.9279788,1.3204391]]}},{"type":"Feature","id":"way/464761258-0-1-0","properties":{"highway":"service","lanes":"2","lanes:backward":"1","lanes:forward":"1","surface":"asphalt","turn:lanes:backward":"left","turn:lanes:forward":"left","startNodeId":"8273051643","endNodeId":"13805768396"},"geometry":{"type":"LineString","coordinates":[[103.9279788,1.3204391],[103.9280916,1.3204584]]}},{"type":"Feature","id":"way/464761258-0-2-0","properties":{"highway":"service","lanes":"2","lanes:backward":"1","lanes:forward":"1","surface":"asphalt","turn:lanes:backward":"left","turn:lanes:forward":"left","startNodeId":"13805768396","endNodeId":"4598363301"},"geometry":{"type":"LineString","coordinates":[[103.9280916,1.3204584],[103.9282475,1.320485]]}},{"type":"Feature","id":"way/473456803-0-0-0","properties":{"foot":"no","highway":"primary_link","lanes":"1","maxheight":"4.5","maxspeed":"50","oneway":"yes","surface":"asphalt","turn:lanes":"right","startNodeId":"4675722405","endNodeId":"7016154579"},"geometry":{"type":"LineString","coordinates":[[103.9294714,1.3237464],[103.9294417,1.3237733]]}},{"type":"Feature","id":"way/473456803-0-1-0","properties":{"foot":"no","highway":"primary_link","lanes":"1","maxheight":"4.5","maxspeed":"50","oneway":"yes","surface":"asphalt","turn:lanes":"right","startNodeId":"7016154579","endNodeId":"7016199485"},"geometry":{"type":"LineString","coordinates":[[103.9294417,1.3237733],[103.9294176,1.3238054]]}},{"type":"Feature","id":"way/473456803-0-2-0","properties":{"foot":"no","highway":"primary_link","lanes":"1","maxheight":"4.5","maxspeed":"50","oneway":"yes","surface":"asphalt","turn:lanes":"right","startNodeId":"7016199485","endNodeId":"7016154584"},"geometry":{"type":"LineString","coordinates":[[103.9294176,1.3238054],[103.9294002,1.3238415]]}},{"type":"Feature","id":"way/473456803-0-3-0","properties":{"foot":"no","highway":"primary_link","lanes":"1","maxheight":"4.5","maxspeed":"50","oneway":"yes","surface":"asphalt","turn:lanes":"right","startNodeId":"7016154584","endNodeId":"7016154583"},"geometry":{"type":"LineString","coordinates":[[103.9294002,1.3238415],[103.92939,1.3238802]]}},{"type":"Feature","id":"way/473456803-0-4-0","properties":{"foot":"no","highway":"primary_link","lanes":"1","maxheight":"4.5","maxspeed":"50","oneway":"yes","surface":"asphalt","turn:lanes":"right","startNodeId":"7016154583","endNodeId":"7016154582"},"geometry":{"type":"LineString","coordinates":[[103.92939,1.3238802],[103.9293874,1.3239202]]}},{"type":"Feature","id":"way/473456803-0-5-0","properties":{"foot":"no","highway":"primary_link","lanes":"1","maxheight":"4.5","maxspeed":"50","oneway":"yes","surface":"asphalt","turn:lanes":"right","startNodeId":"7016154582","endNodeId":"7016154581"},"geometry":{"type":"LineString","coordinates":[[103.9293874,1.3239202],[103.9293926,1.3239599]]}},{"type":"Feature","id":"way/473456803-0-6-0","properties":{"foot":"no","highway":"primary_link","lanes":"1","maxheight":"4.5","maxspeed":"50","oneway":"yes","surface":"asphalt","turn:lanes":"right","startNodeId":"7016154581","endNodeId":"7016154580"},"geometry":{"type":"LineString","coordinates":[[103.9293926,1.3239599],[103.9294052,1.3239979]]}},{"type":"Feature","id":"way/473456803-0-7-0","properties":{"foot":"no","highway":"primary_link","lanes":"1","maxheight":"4.5","maxspeed":"50","oneway":"yes","surface":"asphalt","turn:lanes":"right","startNodeId":"7016154580","endNodeId":"4675722406"},"geometry":{"type":"LineString","coordinates":[[103.9294052,1.3239979],[103.9294249,1.3240328]]}},{"type":"Feature","id":"way/526234270-0-7-0","properties":{"highway":"service","lanes":"2","lanes:backward":"1","lanes:forward":"1","service":"parking_aisle","startNodeId":"5644908518","endNodeId":"1378152587"},"geometry":{"type":"LineString","coordinates":[[103.9273682,1.3226226],[103.927401,1.3226283]]}},{"type":"Feature","id":"way/533255808-0-0-0","properties":{"highway":"service","lanes":"1","oneway":"yes","service":"driveway","turn:lanes":"left","startNodeId":"5173707033","endNodeId":"9261526304"},"geometry":{"type":"LineString","coordinates":[[103.9308633,1.324248],[103.9308986,1.3242702]]}},{"type":"Feature","id":"way/533255808-0-1-0","properties":{"highway":"service","lanes":"1","oneway":"yes","service":"driveway","turn:lanes":"left","startNodeId":"9261526304","endNodeId":"12406469575"},"geometry":{"type":"LineString","coordinates":[[103.9308986,1.3242702],[103.9309228,1.3242854]]}},{"type":"Feature","id":"way/533255808-0-2-0","properties":{"highway":"service","lanes":"1","oneway":"yes","service":"driveway","turn:lanes":"left","startNodeId":"12406469575","endNodeId":"9261526303"},"geometry":{"type":"LineString","coordinates":[[103.9309228,1.3242854],[103.9309387,1.3243089]]}},{"type":"Feature","id":"way/533255808-0-3-0","properties":{"highway":"service","lanes":"1","oneway":"yes","service":"driveway","turn:lanes":"left","startNodeId":"9261526303","endNodeId":"5173707037"},"geometry":{"type":"LineString","coordinates":[[103.9309387,1.3243089],[103.9309536,1.324341]]}},{"type":"Feature","id":"way/542291419-0-8-0","properties":{"highway":"service","startNodeId":"5243000977","endNodeId":"5243000976"},"geometry":{"type":"LineString","coordinates":[[103.9293458,1.3200155],[103.9293283,1.3200383]]}},{"type":"Feature","id":"way/542291419-0-9-0","properties":{"highway":"service","startNodeId":"5243000976","endNodeId":"5243000975"},"geometry":{"type":"LineString","coordinates":[[103.9293283,1.3200383],[103.9293028,1.3200477]]}},{"type":"Feature","id":"way/542291419-0-10-0","properties":{"highway":"service","startNodeId":"5243000975","endNodeId":"5243000974"},"geometry":{"type":"LineString","coordinates":[[103.9293028,1.3200477],[103.928867,1.3199659]]}},{"type":"Feature","id":"way/542293462-0-0-0","properties":{"covered":"yes","highway":"service","startNodeId":"5243048864","endNodeId":"5243048863"},"geometry":{"type":"LineString","coordinates":[[103.9281768,1.3214752],[103.9281472,1.3216514]]}},{"type":"Feature","id":"way/542293463-0-0-0","properties":{"highway":"service","startNodeId":"5118087084","endNodeId":"5243048864"},"geometry":{"type":"LineString","coordinates":[[103.9282112,1.3212597],[103.9281768,1.3214752]]}},{"type":"Feature","id":"way/543554133-0-0-0","properties":{"highway":"service","startNodeId":"5254572775","endNodeId":"5254572774"},"geometry":{"type":"LineString","coordinates":[[103.9312696,1.3199814],[103.9311858,1.3204392]]}},{"type":"Feature","id":"way/543554133-0-1-0","properties":{"highway":"service","startNodeId":"5254572774","endNodeId":"5254572773"},"geometry":{"type":"LineString","coordinates":[[103.9311858,1.3204392],[103.9315704,1.3205096]]}},{"type":"Feature","id":"way/543554133-0-2-0","properties":{"highway":"service","startNodeId":"5254572773","endNodeId":"5254572772"},"geometry":{"type":"LineString","coordinates":[[103.9315704,1.3205096],[103.931654,1.3200533]]}},{"type":"Feature","id":"way/543554134-0-0-0","properties":{"highway":"service","startNodeId":"5254572772","endNodeId":"5254572775"},"geometry":{"type":"LineString","coordinates":[[103.931654,1.3200533],[103.9312696,1.3199814]]}},{"type":"Feature","id":"way/543570539-0-1-0","properties":{"highway":"service","oneway":"yes","surface":"asphalt","startNodeId":"8263503426","endNodeId":"7522082807"},"geometry":{"type":"LineString","coordinates":[[103.931634,1.3244247],[103.9316492,1.3244188]]}},{"type":"Feature","id":"way/543570539-0-2-0","properties":{"highway":"service","oneway":"yes","surface":"asphalt","startNodeId":"7522082807","endNodeId":"8263503429"},"geometry":{"type":"LineString","coordinates":[[103.9316492,1.3244188],[103.931664,1.3244117]]}},{"type":"Feature","id":"way/543570539-0-3-0","properties":{"highway":"service","oneway":"yes","surface":"asphalt","startNodeId":"8263503429","endNodeId":"8263503428"},"geometry":{"type":"LineString","coordinates":[[103.931664,1.3244117],[103.9316781,1.3244034]]}},{"type":"Feature","id":"way/543570539-0-4-0","properties":{"highway":"service","oneway":"yes","surface":"asphalt","startNodeId":"8263503428","endNodeId":"8263503430"},"geometry":{"type":"LineString","coordinates":[[103.9316781,1.3244034],[103.9316975,1.3243907]]}},{"type":"Feature","id":"way/543570539-0-5-0","properties":{"highway":"service","oneway":"yes","surface":"asphalt","startNodeId":"8263503430","endNodeId":"5254709296"},"geometry":{"type":"LineString","coordinates":[[103.9316975,1.3243907],[103.9317292,1.324368]]}},{"type":"Feature","id":"way/543570539-0-6-0","properties":{"highway":"service","oneway":"yes","surface":"asphalt","startNodeId":"5254709296","endNodeId":"8263503439"},"geometry":{"type":"LineString","coordinates":[[103.9317292,1.324368],[103.9317623,1.3243476]]}},{"type":"Feature","id":"way/543570539-0-7-0","properties":{"highway":"service","oneway":"yes","surface":"asphalt","startNodeId":"8263503439","endNodeId":"8263503438"},"geometry":{"type":"LineString","coordinates":[[103.9317623,1.3243476],[103.9317968,1.3243295]]}},{"type":"Feature","id":"way/543570539-0-8-0","properties":{"highway":"service","oneway":"yes","surface":"asphalt","startNodeId":"8263503438","endNodeId":"5254709295"},"geometry":{"type":"LineString","coordinates":[[103.9317968,1.3243295],[103.931831,1.3243144]]}},{"type":"Feature","id":"way/543570541-0-0-0","properties":{"highway":"service","oneway":"yes","startNodeId":"5254709302","endNodeId":"8263503437"},"geometry":{"type":"LineString","coordinates":[[103.9313299,1.3242831],[103.9313394,1.3242899]]}},{"type":"Feature","id":"way/543570541-0-1-0","properties":{"highway":"service","oneway":"yes","startNodeId":"8263503437","endNodeId":"8263503436"},"geometry":{"type":"LineString","coordinates":[[103.9313394,1.3242899],[103.9313625,1.3243081]]}},{"type":"Feature","id":"way/543570541-0-2-0","properties":{"highway":"service","oneway":"yes","startNodeId":"8263503436","endNodeId":"8263503435"},"geometry":{"type":"LineString","coordinates":[[103.9313625,1.3243081],[103.9313846,1.3243274]]}},{"type":"Feature","id":"way/543570541-0-3-0","properties":{"highway":"service","oneway":"yes","startNodeId":"8263503435","endNodeId":"8233162438"},"geometry":{"type":"LineString","coordinates":[[103.9313846,1.3243274],[103.9313952,1.3243377]]}},{"type":"Feature","id":"way/543570541-0-4-0","properties":{"highway":"service","oneway":"yes","startNodeId":"8233162438","endNodeId":"5254709301"},"geometry":{"type":"LineString","coordinates":[[103.9313952,1.3243377],[103.9314057,1.3243479]]}},{"type":"Feature","id":"way/543570541-0-5-0","properties":{"highway":"service","oneway":"yes","startNodeId":"5254709301","endNodeId":"8263503434"},"geometry":{"type":"LineString","coordinates":[[103.9314057,1.3243479],[103.9314257,1.3243694]]}},{"type":"Feature","id":"way/543570541-0-6-0","properties":{"highway":"service","oneway":"yes","startNodeId":"8263503434","endNodeId":"8263503433"},"geometry":{"type":"LineString","coordinates":[[103.9314257,1.3243694],[103.9314367,1.3243796]]}},{"type":"Feature","id":"way/543570541-0-7-0","properties":{"highway":"service","oneway":"yes","startNodeId":"8263503433","endNodeId":"13115633219"},"geometry":{"type":"LineString","coordinates":[[103.9314367,1.3243796],[103.9314401,1.3243826]]}},{"type":"Feature","id":"way/543570541-0-8-0","properties":{"highway":"service","oneway":"yes","startNodeId":"13115633219","endNodeId":"8263503432"},"geometry":{"type":"LineString","coordinates":[[103.9314401,1.3243826],[103.9314489,1.3243905]]}},{"type":"Feature","id":"way/543570541-0-9-0","properties":{"highway":"service","oneway":"yes","startNodeId":"8263503432","endNodeId":"5254709300"},"geometry":{"type":"LineString","coordinates":[[103.9314489,1.3243905],[103.931462,1.3244004]]}},{"type":"Feature","id":"way/543570541-0-10-0","properties":{"highway":"service","oneway":"yes","startNodeId":"5254709300","endNodeId":"7522082808"},"geometry":{"type":"LineString","coordinates":[[103.931462,1.3244004],[103.9314758,1.3244091]]}},{"type":"Feature","id":"way/543570541-0-11-0","properties":{"highway":"service","oneway":"yes","startNodeId":"7522082808","endNodeId":"8263503431"},"geometry":{"type":"LineString","coordinates":[[103.9314758,1.3244091],[103.9314904,1.3244166]]}},{"type":"Feature","id":"way/543570541-0-12-0","properties":{"highway":"service","oneway":"yes","startNodeId":"8263503431","endNodeId":"5224919125"},"geometry":{"type":"LineString","coordinates":[[103.9314904,1.3244166],[103.9315055,1.3244229]]}},{"type":"Feature","id":"way/543579253-0-0-0","properties":{"highway":"service","oneway":"yes","startNodeId":"5254804620","endNodeId":"5254804619"},"geometry":{"type":"LineString","coordinates":[[103.9311506,1.3208937],[103.9311241,1.321005]]}},{"type":"Feature","id":"way/543579253-0-1-0","properties":{"highway":"service","oneway":"yes","startNodeId":"5254804619","endNodeId":"5254804618"},"geometry":{"type":"LineString","coordinates":[[103.9311241,1.321005],[103.9311361,1.3210278]]}},{"type":"Feature","id":"way/543579253-0-2-0","properties":{"highway":"service","oneway":"yes","startNodeId":"5254804618","endNodeId":"5254804617"},"geometry":{"type":"LineString","coordinates":[[103.9311361,1.3210278],[103.9311884,1.3210466]]}},{"type":"Feature","id":"way/543579253-0-3-0","properties":{"highway":"service","oneway":"yes","startNodeId":"5254804617","endNodeId":"5254804616"},"geometry":{"type":"LineString","coordinates":[[103.9311884,1.3210466],[103.9315089,1.3211186]]}},{"type":"Feature","id":"way/543579253-0-4-0","properties":{"highway":"service","oneway":"yes","startNodeId":"5254804616","endNodeId":"5254804615"},"geometry":{"type":"LineString","coordinates":[[103.9315089,1.3211186],[103.9315321,1.3211106]]}},{"type":"Feature","id":"way/543579253-0-5-0","properties":{"highway":"service","oneway":"yes","startNodeId":"5254804615","endNodeId":"5254804614"},"geometry":{"type":"LineString","coordinates":[[103.9315321,1.3211106],[103.9315518,1.3210928]]}},{"type":"Feature","id":"way/543579253-0-6-0","properties":{"highway":"service","oneway":"yes","startNodeId":"5254804614","endNodeId":"5254806121"},"geometry":{"type":"LineString","coordinates":[[103.9315518,1.3210928],[103.9315734,1.3210057]]}},{"type":"Feature","id":"way/543579255-0-0-0","properties":{"highway":"service","oneway":"yes","startNodeId":"5254806126","endNodeId":"5254806125"},"geometry":{"type":"LineString","coordinates":[[103.9317751,1.321048],[103.931753,1.3211404]]}},{"type":"Feature","id":"way/543579255-0-1-0","properties":{"highway":"service","oneway":"yes","startNodeId":"5254806125","endNodeId":"5254806124"},"geometry":{"type":"LineString","coordinates":[[103.931753,1.3211404],[103.9317557,1.3211632]]}},{"type":"Feature","id":"way/543579255-0-2-0","properties":{"highway":"service","oneway":"yes","startNodeId":"5254806124","endNodeId":"5254806123"},"geometry":{"type":"LineString","coordinates":[[103.9317557,1.3211632],[103.9317718,1.3211793]]}},{"type":"Feature","id":"way/543579256-0-0-0","properties":{"highway":"service","startNodeId":"5278520722","endNodeId":"5254806129"},"geometry":{"type":"LineString","coordinates":[[103.9312283,1.3225955],[103.9317666,1.3226888]]}},{"type":"Feature","id":"way/543592155-0-0-0","properties":{"highway":"service","lanes":"1","oneway":"yes","startNodeId":"5254931168","endNodeId":"5254931165"},"geometry":{"type":"LineString","coordinates":[[103.928275,1.3223641],[103.9287222,1.3224509]]}},{"type":"Feature","id":"way/543592156-0-0-0","properties":{"covered":"yes","highway":"service","lanes":"1","oneway":"yes","startNodeId":"5254931169","endNodeId":"5254931168"},"geometry":{"type":"LineString","coordinates":[[103.928226,1.3223545],[103.928275,1.3223641]]}},{"type":"Feature","id":"way/543592158-0-0-0","properties":{"highway":"service","lanes":"1","oneway":"yes","startNodeId":"5254931167","endNodeId":"4598359388"},"geometry":{"type":"LineString","coordinates":[[103.9282402,1.3222817],[103.9280375,1.3222423]]}},{"type":"Feature","id":"way/543592159-0-0-0","properties":{"covered":"yes","highway":"service","lanes":"1","oneway":"yes","startNodeId":"5254931166","endNodeId":"5254931167"},"geometry":{"type":"LineString","coordinates":[[103.9282891,1.3222912],[103.9282402,1.3222817]]}},{"type":"Feature","id":"way/543592160-0-0-0","properties":{"highway":"service","lanes":"1","oneway":"yes","startNodeId":"5254931164","endNodeId":"11807057053"},"geometry":{"type":"LineString","coordinates":[[103.9287604,1.3224583],[103.9289151,1.3224883]]}},{"type":"Feature","id":"way/543592160-0-1-0","properties":{"highway":"service","lanes":"1","oneway":"yes","startNodeId":"11807057053","endNodeId":"5254931161"},"geometry":{"type":"LineString","coordinates":[[103.9289151,1.3224883],[103.9290926,1.3225228]]}},{"type":"Feature","id":"way/543592161-0-0-0","properties":{"covered":"yes","highway":"service","lanes":"1","oneway":"yes","startNodeId":"5254931165","endNodeId":"5254931164"},"geometry":{"type":"LineString","coordinates":[[103.9287222,1.3224509],[103.9287604,1.3224583]]}},{"type":"Feature","id":"way/543592162-0-0-0","properties":{"covered":"yes","highway":"service","lanes":"1","oneway":"yes","startNodeId":"5254931163","endNodeId":"5254931162"},"geometry":{"type":"LineString","coordinates":[[103.9287746,1.3223854],[103.9287364,1.322378]]}},{"type":"Feature","id":"way/543592163-0-0-0","properties":{"highway":"service","lanes":"1","oneway":"yes","startNodeId":"5254931159","endNodeId":"6063693441"},"geometry":{"type":"LineString","coordinates":[[103.9291068,1.3224499],[103.9289293,1.3224155]]}},{"type":"Feature","id":"way/543592163-0-1-0","properties":{"highway":"service","lanes":"1","oneway":"yes","startNodeId":"6063693441","endNodeId":"5254931163"},"geometry":{"type":"LineString","coordinates":[[103.9289293,1.3224155],[103.9287746,1.3223854]]}},{"type":"Feature","id":"way/543592164-0-0-0","properties":{"covered":"yes","highway":"service","lanes":"1","oneway":"yes","startNodeId":"5254931158","endNodeId":"5254931159"},"geometry":{"type":"LineString","coordinates":[[103.9291589,1.32246],[103.9291068,1.3224499]]}},{"type":"Feature","id":"way/543592165-0-0-0","properties":{"highway":"service","lanes":"1","oneway":"yes","startNodeId":"5254931156","endNodeId":"5254931158"},"geometry":{"type":"LineString","coordinates":[[103.9296002,1.3225457],[103.9291589,1.32246]]}},{"type":"Feature","id":"way/543592166-0-0-0","properties":{"highway":"service","lanes":"1","oneway":"yes","startNodeId":"5254931160","endNodeId":"5254931157"},"geometry":{"type":"LineString","coordinates":[[103.9291447,1.3225329],[103.9294052,1.3225835]]}},{"type":"Feature","id":"way/543592167-0-0-0","properties":{"covered":"yes","highway":"service","lanes":"1","oneway":"yes","startNodeId":"5254931161","endNodeId":"5254931160"},"geometry":{"type":"LineString","coordinates":[[103.9290926,1.3225228],[103.9291447,1.3225329]]}},{"type":"Feature","id":"way/543592168-0-0-0","properties":{"highway":"service","lanes":"1","oneway":"yes","turn:lanes":"left;right","startNodeId":"5254931155","endNodeId":"5118087091"},"geometry":{"type":"LineString","coordinates":[[103.9296327,1.3226277],[103.9300987,1.3227209]]}},{"type":"Feature","id":"way/543592169-0-0-0","properties":{"covered":"yes","highway":"service","lanes":"1","oneway":"yes","startNodeId":"5254931157","endNodeId":"11807043864"},"geometry":{"type":"LineString","coordinates":[[103.9294052,1.3225835],[103.9295855,1.3226185]]}},{"type":"Feature","id":"way/543592169-0-1-0","properties":{"covered":"yes","highway":"service","lanes":"1","oneway":"yes","startNodeId":"11807043864","endNodeId":"5254931155"},"geometry":{"type":"LineString","coordinates":[[103.9295855,1.3226185],[103.9296327,1.3226277]]}},{"type":"Feature","id":"way/543592170-0-0-0","properties":{"covered":"yes","highway":"service","lanes":"1","oneway":"yes","startNodeId":"5254931154","endNodeId":"5254931156"},"geometry":{"type":"LineString","coordinates":[[103.9296473,1.3225549],[103.9296002,1.3225457]]}},{"type":"Feature","id":"way/543592171-0-0-0","properties":{"highway":"service","lanes":"1","oneway":"yes","turn:lanes":"through","startNodeId":"5118087090","endNodeId":"6038406198"},"geometry":{"type":"LineString","coordinates":[[103.9301106,1.3226476],[103.9298069,1.3225864]]}},{"type":"Feature","id":"way/543592171-0-1-0","properties":{"highway":"service","lanes":"1","oneway":"yes","turn:lanes":"through","startNodeId":"6038406198","endNodeId":"5254931154"},"geometry":{"type":"LineString","coordinates":[[103.9298069,1.3225864],[103.9296473,1.3225549]]}},{"type":"Feature","id":"way/543592174-0-0-0","properties":{"highway":"service","lanes":"2","lanes:backward":"1","lanes:forward":"1","startNodeId":"5254931219","endNodeId":"5254931218"},"geometry":{"type":"LineString","coordinates":[[103.9281011,1.3230162],[103.9284235,1.3230784]]}},{"type":"Feature","id":"way/543592175-0-0-0","properties":{"covered":"yes","highway":"service","lanes":"2","lanes:backward":"1","lanes:forward":"1","startNodeId":"5254931220","endNodeId":"5254931219"},"geometry":{"type":"LineString","coordinates":[[103.9280467,1.3230059],[103.9281011,1.3230162]]}},{"type":"Feature","id":"way/543592176-0-0-0","properties":{"highway":"service","lanes":"2","lanes:backward":"1","lanes:forward":"1","startNodeId":"5254931217","endNodeId":"5254931216"},"geometry":{"type":"LineString","coordinates":[[103.9284701,1.3230876],[103.9288837,1.3231691]]}},{"type":"Feature","id":"way/543592177-0-0-0","properties":{"covered":"yes","highway":"service","lanes":"2","lanes:backward":"1","lanes:forward":"1","startNodeId":"5254931218","endNodeId":"5254931217"},"geometry":{"type":"LineString","coordinates":[[103.9284235,1.3230784],[103.9284701,1.3230876]]}},{"type":"Feature","id":"way/543592178-0-0-0","properties":{"highway":"service","lanes":"2","lanes:backward":"1","lanes:forward":"1","startNodeId":"5254931215","endNodeId":"5254931214"},"geometry":{"type":"LineString","coordinates":[[103.9289283,1.3231779],[103.9294402,1.3232788]]}},{"type":"Feature","id":"way/543592179-0-0-0","properties":{"covered":"yes","highway":"service","lanes":"2","lanes:backward":"1","lanes:forward":"1","startNodeId":"5254931216","endNodeId":"5254931215"},"geometry":{"type":"LineString","coordinates":[[103.9288837,1.3231691],[103.9289283,1.3231779]]}},{"type":"Feature","id":"way/543592180-0-0-0","properties":{"highway":"service","lanes":"2","lanes:backward":"1","lanes:forward":"1","turn:lanes:backward":"through","turn:lanes:forward":"left;right","startNodeId":"5254931213","endNodeId":"5118087096"},"geometry":{"type":"LineString","coordinates":[[103.9294905,1.3232887],[103.9299683,1.3233829]]}},{"type":"Feature","id":"way/543592181-0-0-0","properties":{"covered":"yes","highway":"service","lanes":"2","lanes:backward":"1","lanes:forward":"1","startNodeId":"5254931214","endNodeId":"5254931213"},"geometry":{"type":"LineString","coordinates":[[103.9294402,1.3232788],[103.9294905,1.3232887]]}},{"type":"Feature","id":"way/546197624-0-0-0","properties":{"highway":"service","tunnel":"building_passage","startNodeId":"5278520723","endNodeId":"5278520722"},"geometry":{"type":"LineString","coordinates":[[103.93092,1.3225348],[103.9312283,1.3225955]]}},{"type":"Feature","id":"way/546197625-0-0-0","properties":{"highway":"service","startNodeId":"11807043829","endNodeId":"11807043830"},"geometry":{"type":"LineString","coordinates":[[103.9300096,1.321375],[103.9308947,1.3215346]]}},{"type":"Feature","id":"way/546197625-0-1-0","properties":{"highway":"service","startNodeId":"11807043830","endNodeId":"11807043831"},"geometry":{"type":"LineString","coordinates":[[103.9308947,1.3215346],[103.9307311,1.3224745]]}},{"type":"Feature","id":"way/546197625-0-2-0","properties":{"highway":"service","startNodeId":"11807043831","endNodeId":"11807043832"},"geometry":{"type":"LineString","coordinates":[[103.9307311,1.3224745],[103.9307365,1.3224973]]}},{"type":"Feature","id":"way/546197625-0-3-0","properties":{"highway":"service","startNodeId":"11807043832","endNodeId":"5254806128"},"geometry":{"type":"LineString","coordinates":[[103.9307365,1.3224973],[103.9307669,1.3225103]]}},{"type":"Feature","id":"way/546197625-0-4-0","properties":{"highway":"service","startNodeId":"5254806128","endNodeId":"5278520723"},"geometry":{"type":"LineString","coordinates":[[103.9307669,1.3225103],[103.93092,1.3225348]]}},{"type":"Feature","id":"way/585992265-0-0-0","properties":{"busway:left":"lane","highway":"primary","lanes":"3","lanes:bus":"1","lanes:bus:conditional":"1 @ (Mo-Fr 07:30-09:30,17:00-20:00)","maxspeed":"60","name":"New Upper Changi Road","name:en":"New Upper Changi Road","name:zh":"\u65b0\u6a1f\u5b9c\u8def\u4e0a\u6bb5","oneway":"yes","sidewalk:left":"separate","sidewalk:right":"no","source":"Yahoo aerial images","surface":"asphalt","startNodeId":"6448879095","endNodeId":"8232903357"},"geometry":{"type":"LineString","coordinates":[[103.9318804,1.3240677],[103.9318476,1.3240667]]}},{"type":"Feature","id":"way/585992265-0-1-0","properties":{"busway:left":"lane","highway":"primary","lanes":"3","lanes:bus":"1","lanes:bus:conditional":"1 @ (Mo-Fr 07:30-09:30,17:00-20:00)","maxspeed":"60","name":"New Upper Changi Road","name:en":"New Upper Changi Road","name:zh":"\u65b0\u6a1f\u5b9c\u8def\u4e0a\u6bb5","oneway":"yes","sidewalk:left":"separate","sidewalk:right":"no","source":"Yahoo aerial images","surface":"asphalt","startNodeId":"8232903357","endNodeId":"6191206949"},"geometry":{"type":"LineString","coordinates":[[103.9318476,1.3240667],[103.9315385,1.3240257]]}},{"type":"Feature","id":"way/596368702-0-0-0","properties":{"highway":"service","lanes":"2","lanes:backward":"1","lanes:forward":"1","startNodeId":"5681418367","endNodeId":"11807043822"},"geometry":{"type":"LineString","coordinates":[[103.9307872,1.3235887],[103.9307965,1.3236235]]}},{"type":"Feature","id":"way/596368702-0-1-0","properties":{"highway":"service","lanes":"2","lanes:backward":"1","lanes:forward":"1","startNodeId":"11807043822","endNodeId":"6038406207"},"geometry":{"type":"LineString","coordinates":[[103.9307965,1.3236235],[103.9308274,1.3236515]]}},{"type":"Feature","id":"way/596368702-0-2-0","properties":{"highway":"service","lanes":"2","lanes:backward":"1","lanes:forward":"1","startNodeId":"6038406207","endNodeId":"6038406206"},"geometry":{"type":"LineString","coordinates":[[103.9308274,1.3236515],[103.9313194,1.3237367]]}},{"type":"Feature","id":"way/596368702-0-3-0","properties":{"highway":"service","lanes":"2","lanes:backward":"1","lanes:forward":"1","startNodeId":"6038406206","endNodeId":"6038406205"},"geometry":{"type":"LineString","coordinates":[[103.9313194,1.3237367],[103.9313851,1.3237245]]}},{"type":"Feature","id":"way/596368702-0-4-0","properties":{"highway":"service","lanes":"2","lanes:backward":"1","lanes:forward":"1","startNodeId":"6038406205","endNodeId":"11807043823"},"geometry":{"type":"LineString","coordinates":[[103.9313851,1.3237245],[103.9314459,1.3236811]]}},{"type":"Feature","id":"way/596368702-0-5-0","properties":{"highway":"service","lanes":"2","lanes:backward":"1","lanes:forward":"1","startNodeId":"11807043823","endNodeId":"6038406204"},"geometry":{"type":"LineString","coordinates":[[103.9314459,1.3236811],[103.9314651,1.3236173]]}},{"type":"Feature","id":"way/596368702-0-6-0","properties":{"highway":"service","lanes":"2","lanes:backward":"1","lanes:forward":"1","startNodeId":"6038406204","endNodeId":"6038406203"},"geometry":{"type":"LineString","coordinates":[[103.9314651,1.3236173],[103.9315864,1.3228886]]}},{"type":"Feature","id":"way/620258585-0-0-0","properties":{"highway":"service","maxheight":"2.1","oneway":"no","service":"driveway","startNodeId":"5224918632","endNodeId":"6190894398"},"geometry":{"type":"LineString","coordinates":[[103.9287212,1.323879],[103.9287194,1.3239765]]}},{"type":"Feature","id":"way/620258585-0-1-0","properties":{"highway":"service","maxheight":"2.1","oneway":"no","service":"driveway","startNodeId":"6190894398","endNodeId":"7474946002"},"geometry":{"type":"LineString","coordinates":[[103.9287194,1.3239765],[103.928697,1.3240755]]}},{"type":"Feature","id":"way/630416469-0-0-0","properties":{"busway:left":"lane","highway":"primary","lanes":"5","lanes:bus":"1","lanes:bus:conditional":"1 @ (Mo-Fr 07:30-09:30,17:00-20:00)","lit":"yes","maxspeed":"60","name":"New Upper Changi Road","name:en":"New Upper Changi Road","name:zh":"\u65b0\u6a1f\u5b9c\u8def\u4e0a\u6bb5","oneway":"yes","sidewalk:left":"separate","sidewalk:right":"no","source":"Yahoo aerial images","surface":"asphalt","turn:lanes":"through|through|through|right|right","startNodeId":"5952908772","endNodeId":"8233409099"},"geometry":{"type":"LineString","coordinates":[[103.9277192,1.3234808],[103.9275185,1.3234421]]}},{"type":"Feature","id":"way/630416469-0-1-0","properties":{"busway:left":"lane","highway":"primary","lanes":"5","lanes:bus":"1","lanes:bus:conditional":"1 @ (Mo-Fr 07:30-09:30,17:00-20:00)","lit":"yes","maxspeed":"60","name":"New Upper Changi Road","name:en":"New Upper Changi Road","name:zh":"\u65b0\u6a1f\u5b9c\u8def\u4e0a\u6bb5","oneway":"yes","sidewalk:left":"separate","sidewalk:right":"no","source":"Yahoo aerial images","surface":"asphalt","turn:lanes":"through|through|through|right|right","startNodeId":"8233409099","endNodeId":"241977852"},"geometry":{"type":"LineString","coordinates":[[103.9275185,1.3234421],[103.9273909,1.3234185]]}},{"type":"Feature","id":"way/630416473-0-0-0","properties":{"busway:left":"lane","highway":"primary","lanes":"3","lanes:bus":"1","lanes:bus:conditional":"1 @ (Mo-Fr 07:30-09:30,17:00-20:00)","lit":"yes","maxspeed":"60","name":"New Upper Changi Road","name:en":"New Upper Changi Road","name:zh":"\u65b0\u6a1f\u5b9c\u8def\u4e0a\u6bb5","oneway":"yes","sidewalk:left":"separate","sidewalk:right":"no","surface":"asphalt","startNodeId":"5952908773","endNodeId":"1315774222"},"geometry":{"type":"LineString","coordinates":[[103.9276884,1.3236764],[103.9279032,1.3237146]]}},{"type":"Feature","id":"way/638114978-0-0-0","properties":{"highway":"secondary","lanes":"2","lit":"yes","maxheight":"4.5","maxspeed":"60","name":"Bedok South Road","oneway":"yes","sidewalk:left":"separate","sidewalk:right":"no","source":"Yahoo aerial images","surface":"asphalt","startNodeId":"1865254929","endNodeId":"6014579584"},"geometry":{"type":"LineString","coordinates":[[103.9274424,1.3231171],[103.927487,1.3228177]]}},{"type":"Feature","id":"way/639597901-0-0-0","properties":{"highway":"service","lanes":"2","lanes:backward":"1","lanes:forward":"1","surface":"asphalt","startNodeId":"4598359595","endNodeId":"13095624892"},"geometry":{"type":"LineString","coordinates":[[103.927641,1.3220217],[103.9276738,1.3220277]]}},{"type":"Feature","id":"way/639597901-0-1-0","properties":{"highway":"service","lanes":"2","lanes:backward":"1","lanes:forward":"1","surface":"asphalt","startNodeId":"13095624892","endNodeId":"4598359594"},"geometry":{"type":"LineString","coordinates":[[103.9276738,1.3220277],[103.9277261,1.322037]]}},{"type":"Feature","id":"way/639597901-0-2-0","properties":{"highway":"service","lanes":"2","lanes:backward":"1","lanes:forward":"1","surface":"asphalt","startNodeId":"4598359594","endNodeId":"4598359593"},"geometry":{"type":"LineString","coordinates":[[103.9277261,1.322037],[103.9278028,1.3220571]]}},{"type":"Feature","id":"way/639597901-0-3-0","properties":{"highway":"service","lanes":"2","lanes:backward":"1","lanes:forward":"1","surface":"asphalt","startNodeId":"4598359593","endNodeId":"5118087082"},"geometry":{"type":"LineString","coordinates":[[103.9278028,1.3220571],[103.92785,1.3220823]]}},{"type":"Feature","id":"way/639630531-0-0-0","properties":{"highway":"service","startNodeId":"5254806129","endNodeId":"11807043827"},"geometry":{"type":"LineString","coordinates":[[103.9317666,1.3226888],[103.9318638,1.3227031]]}},{"type":"Feature","id":"way/641102103-0-0-0","properties":{"highway":"service","lanes":"2","lanes:backward":"1","lanes:forward":"1","startNodeId":"6038406203","endNodeId":"5681418369"},"geometry":{"type":"LineString","coordinates":[[103.9315864,1.3228886],[103.9310115,1.3227935]]}},{"type":"Feature","id":"way/641102103-0-1-0","properties":{"highway":"service","lanes":"2","lanes:backward":"1","lanes:forward":"1","startNodeId":"5681418369","endNodeId":"6915775437"},"geometry":{"type":"LineString","coordinates":[[103.9310115,1.3227935],[103.9309545,1.3228096]]}},{"type":"Feature","id":"way/641102103-0-2-0","properties":{"highway":"service","lanes":"2","lanes:backward":"1","lanes:forward":"1","startNodeId":"6915775437","endNodeId":"5681418368"},"geometry":{"type":"LineString","coordinates":[[103.9309545,1.3228096],[103.9309149,1.3228445]]}},{"type":"Feature","id":"way/641102103-0-3-0","properties":{"highway":"service","lanes":"2","lanes:backward":"1","lanes:forward":"1","startNodeId":"5681418368","endNodeId":"5681418367"},"geometry":{"type":"LineString","coordinates":[[103.9309149,1.3228445],[103.9307872,1.3235887]]}},{"type":"Feature","id":"way/643751950-0-1-0","properties":{"highway":"service","lanes":"2","lanes:backward":"1","lanes:forward":"1","startNodeId":"6448879103","endNodeId":"6038406203"},"geometry":{"type":"LineString","coordinates":[[103.9318969,1.3229306],[103.9315864,1.3228886]]}},{"type":"Feature","id":"way/646767173-0-0-0","properties":{"highway":"service","lanes":"2","lanes:backward":"1","lanes:forward":"1","surface":"asphalt","startNodeId":"5254804620","endNodeId":"4592870361"},"geometry":{"type":"LineString","coordinates":[[103.9311506,1.3208937],[103.930831,1.3208236]]}},{"type":"Feature","id":"way/646767176-0-0-0","properties":{"highway":"service","lanes":"2","lanes:backward":"1","lanes:forward":"1","surface":"asphalt","startNodeId":"5254806121","endNodeId":"11807043824"},"geometry":{"type":"LineString","coordinates":[[103.9315734,1.3210057],[103.9315616,1.3209879]]}},{"type":"Feature","id":"way/646767176-0-1-0","properties":{"highway":"service","lanes":"2","lanes:backward":"1","lanes:forward":"1","surface":"asphalt","startNodeId":"11807043824","endNodeId":"11807043825"},"geometry":{"type":"LineString","coordinates":[[103.9315616,1.3209879],[103.9315425,1.3209755]]}},{"type":"Feature","id":"way/646767176-0-2-0","properties":{"highway":"service","lanes":"2","lanes:backward":"1","lanes:forward":"1","surface":"asphalt","startNodeId":"11807043825","endNodeId":"5254804620"},"geometry":{"type":"LineString","coordinates":[[103.9315425,1.3209755],[103.9311506,1.3208937]]}},{"type":"Feature","id":"way/646767178-0-0-0","properties":{"highway":"service","lanes":"2","lanes:backward":"1","lanes:forward":"1","surface":"asphalt","startNodeId":"5254806126","endNodeId":"5254806121"},"geometry":{"type":"LineString","coordinates":[[103.9317751,1.321048],[103.9315734,1.3210057]]}},{"type":"Feature","id":"way/646795305-0-0-0","properties":{"highway":"service","startNodeId":"5254572771","endNodeId":"5254572772"},"geometry":{"type":"LineString","coordinates":[[103.931857,1.3200913],[103.931654,1.3200533]]}},{"type":"Feature","id":"way/646795604-0-0-0","properties":{"highway":"service","startNodeId":"5254572775","endNodeId":"5254572776"},"geometry":{"type":"LineString","coordinates":[[103.9312696,1.3199814],[103.9309792,1.319927]]}},{"type":"Feature","id":"way/649075644-0-0-0","properties":{"highway":"secondary","lanes":"3","lit":"yes","maxheight":"4.5","maxspeed":"40","name":"Bedok South Road","oneway":"yes","sidewalk:left":"separate","sidewalk:right":"no","surface":"asphalt","startNodeId":"6092241027","endNodeId":"1378152587"},"geometry":{"type":"LineString","coordinates":[[103.9275472,1.3218863],[103.927401,1.3226283]]}},{"type":"Feature","id":"way/649075646-0-0-0","properties":{"highway":"secondary","lanes":"3","lit":"yes","maxheight":"4.5","maxspeed":"60","name":"Bedok South Road","oneway":"yes","sidewalk:left":"separate","sidewalk:right":"no","surface":"asphalt","turn:lanes":"through|through|through","startNodeId":"6092241028","endNodeId":"6967821671"},"geometry":{"type":"LineString","coordinates":[[103.9276385,1.3214126],[103.9276046,1.3215968]]}},{"type":"Feature","id":"way/649075646-0-1-0","properties":{"highway":"secondary","lanes":"3","lit":"yes","maxheight":"4.5","maxspeed":"60","name":"Bedok South Road","oneway":"yes","sidewalk:left":"separate","sidewalk:right":"no","surface":"asphalt","turn:lanes":"through|through|through","startNodeId":"6967821671","endNodeId":"6092241027"},"geometry":{"type":"LineString","coordinates":[[103.9276046,1.3215968],[103.9275472,1.3218863]]}},{"type":"Feature","id":"way/649812723-0-0-0","properties":{"highway":"secondary","lanes":"3","lit":"yes","maxheight":"4.5","maxspeed":"60","name":"Bedok South Road","oneway":"yes","sidewalk:left":"separate","sidewalk:right":"no","source":"Yahoo aerial images","surface":"asphalt","turn:lanes":"left;through|through|through","startNodeId":"6014579584","endNodeId":"1378152523"},"geometry":{"type":"LineString","coordinates":[[103.927487,1.3228177],[103.9275197,1.3226532]]}},{"type":"Feature","id":"way/649812723-0-1-0","properties":{"highway":"secondary","lanes":"3","lit":"yes","maxheight":"4.5","maxspeed":"60","name":"Bedok South Road","oneway":"yes","sidewalk:left":"separate","sidewalk:right":"no","source":"Yahoo aerial images","surface":"asphalt","turn:lanes":"left;through|through|through","startNodeId":"1378152523","endNodeId":"4598359595"},"geometry":{"type":"LineString","coordinates":[[103.9275197,1.3226532],[103.927641,1.3220217]]}},{"type":"Feature","id":"way/651985757-0-0-0","properties":{"busway:left":"lane","highway":"primary","lanes":"4","lanes:bus":"1","lanes:bus:conditional":"1 @ (Mo-Fr 07:30-09:30,17:00-20:00)","lit":"yes","maxspeed":"60","name":"New Upper Changi Road","name:en":"New Upper Changi Road","name:zh":"\u65b0\u6a1f\u5b9c\u8def\u4e0a\u6bb5","oneway":"yes","sidewalk:left":"separate","sidewalk:right":"no","source":"Yahoo aerial images","surface":"asphalt","turn:lanes":"through|through|through|right","startNodeId":"241977861","endNodeId":"6191183011"},"geometry":{"type":"LineString","coordinates":[[103.9282572,1.323568],[103.9280174,1.3235196]]}},{"type":"Feature","id":"way/655522686-0-0-0","properties":{"busway:left":"lane","highway":"primary","lanes":"3","lanes:bus":"1","lanes:bus:conditional":"1 @ (Mo-Fr 07:30-09:30,17:00-20:00)","maxspeed":"60","name":"New Upper Changi Road","name:en":"New Upper Changi Road","name:zh":"\u65b0\u6a1f\u5b9c\u8def\u4e0a\u6bb5","oneway":"yes","surface":"asphalt","startNodeId":"5254709295","endNodeId":"6045666298"},"geometry":{"type":"LineString","coordinates":[[103.931831,1.3243144],[103.9318491,1.3243155]]}},{"type":"Feature","id":"way/655522686-0-1-0","properties":{"busway:left":"lane","highway":"primary","lanes":"3","lanes:bus":"1","lanes:bus:conditional":"1 @ (Mo-Fr 07:30-09:30,17:00-20:00)","maxspeed":"60","name":"New Upper Changi Road","name:en":"New Upper Changi Road","name:zh":"\u65b0\u6a1f\u5b9c\u8def\u4e0a\u6bb5","oneway":"yes","surface":"asphalt","startNodeId":"6045666298","endNodeId":"960312890"},"geometry":{"type":"LineString","coordinates":[[103.9318491,1.3243155],[103.9318807,1.3243174]]}},{"type":"Feature","id":"way/655522687-0-0-0","properties":{"busway:left":"lane","highway":"primary","lanes":"4","lanes:bus":"1","lanes:bus:conditional":"1 @ (Mo-Fr 07:30-09:30,17:00-20:00)","maxspeed":"60","name":"New Upper Changi Road","name:en":"New Upper Changi Road","name:zh":"\u65b0\u6a1f\u5b9c\u8def\u4e0a\u6bb5","oneway":"yes","sidewalk:left":"separate","sidewalk:right":"no","surface":"asphalt","turn:lanes":"left|through|through|through;right","startNodeId":"6141719293","endNodeId":"5173707033"},"geometry":{"type":"LineString","coordinates":[[103.9306136,1.3242224],[103.9308633,1.324248]]}},{"type":"Feature","id":"way/655522688-0-0-0","properties":{"busway:left":"lane","highway":"primary","lanes":"3","lanes:bus":"1","lanes:bus:conditional":"1 @ (Mo-Fr 07:30-09:30,17:00-20:00)","maxspeed":"60","name":"New Upper Changi Road","name:en":"New Upper Changi Road","name:zh":"\u65b0\u6a1f\u5b9c\u8def\u4e0a\u6bb5","oneway":"yes","sidewalk:left":"separate","sidewalk:right":"no","surface":"asphalt","turn:lanes":"none|none|through;right","startNodeId":"4432835727","endNodeId":"6141719293"},"geometry":{"type":"LineString","coordinates":[[103.9304297,1.3242035],[103.9306136,1.3242224]]}},{"type":"Feature","id":"way/655522689-0-0-0","properties":{"busway:left":"lane","highway":"primary","lanes":"3","lanes:bus":"1","lanes:bus:conditional":"1 @ (Mo-Fr 07:30-09:30,17:00-20:00)","lit":"yes","maxspeed":"60","name":"New Upper Changi Road","name:en":"New Upper Changi Road","name:zh":"\u65b0\u6a1f\u5b9c\u8def\u4e0a\u6bb5","oneway":"yes","sidewalk:left":"separate","sidewalk:right":"no","surface":"asphalt","startNodeId":"5224918632","endNodeId":"4432835729"},"geometry":{"type":"LineString","coordinates":[[103.9287212,1.323879],[103.9291134,1.323962]]}},{"type":"Feature","id":"way/655522689-0-1-0","properties":{"busway:left":"lane","highway":"primary","lanes":"3","lanes:bus":"1","lanes:bus:conditional":"1 @ (Mo-Fr 07:30-09:30,17:00-20:00)","lit":"yes","maxspeed":"60","name":"New Upper Changi Road","name:en":"New Upper Changi Road","name:zh":"\u65b0\u6a1f\u5b9c\u8def\u4e0a\u6bb5","oneway":"yes","sidewalk:left":"separate","sidewalk:right":"no","surface":"asphalt","startNodeId":"4432835729","endNodeId":"4675722406"},"geometry":{"type":"LineString","coordinates":[[103.9291134,1.323962],[103.9294249,1.3240328]]}},{"type":"Feature","id":"way/655522690-0-0-0","properties":{"busway:left":"lane","highway":"primary","lanes":"4","lanes:bus":"1","lanes:bus:conditional":"1 @ (Mo-Fr 07:30-09:30,17:00-20:00)","lit":"yes","maxspeed":"60","name":"New Upper Changi Road","name:en":"New Upper Changi Road","name:zh":"\u65b0\u6a1f\u5b9c\u8def\u4e0a\u6bb5","oneway":"yes","sidewalk:left":"separate","sidewalk:right":"no","surface":"asphalt","turn:lanes":"left|through|through|through","startNodeId":"5138543256","endNodeId":"5224918632"},"geometry":{"type":"LineString","coordinates":[[103.9282985,1.3237849],[103.9287212,1.323879]]}},{"type":"Feature","id":"way/655522691-0-0-0","properties":{"busway:left":"lane","highway":"primary","lanes":"3","lanes:bus":"1","lanes:bus:conditional":"1 @ (Mo-Fr 07:30-09:30,17:00-20:00)","lit":"yes","maxspeed":"60","name":"New Upper Changi Road","name:en":"New Upper Changi Road","name:zh":"\u65b0\u6a1f\u5b9c\u8def\u4e0a\u6bb5","oneway":"yes","sidewalk:left":"separate","sidewalk:right":"no","surface":"asphalt","turn:lanes":"through|through|through","startNodeId":"1315774222","endNodeId":"6191194055"},"geometry":{"type":"LineString","coordinates":[[103.9279032,1.3237146],[103.9281073,1.3237509]]}},{"type":"Feature","id":"way/656747043-0-0-0","properties":{"busway:left":"lane","highway":"primary","lanes":"3","lanes:bus":"1","lanes:bus:conditional":"1 @ (Mo-Fr 07:30-09:30,17:00-20:00)","maxspeed":"60","name":"New Upper Changi Road","name:en":"New Upper Changi Road","name:zh":"\u65b0\u6a1f\u5b9c\u8def\u4e0a\u6bb5","oneway":"yes","sidewalk:left":"separate","sidewalk:right":"no","surface":"asphalt","startNodeId":"4675722406","endNodeId":"4432835728"},"geometry":{"type":"LineString","coordinates":[[103.9294249,1.3240328],[103.9299323,1.3241286]]}},{"type":"Feature","id":"way/656747043-0-1-0","properties":{"busway:left":"lane","highway":"primary","lanes":"3","lanes:bus":"1","lanes:bus:conditional":"1 @ (Mo-Fr 07:30-09:30,17:00-20:00)","maxspeed":"60","name":"New Upper Changi Road","name:en":"New Upper Changi Road","name:zh":"\u65b0\u6a1f\u5b9c\u8def\u4e0a\u6bb5","oneway":"yes","sidewalk:left":"separate","sidewalk:right":"no","surface":"asphalt","startNodeId":"4432835728","endNodeId":"4432835727"},"geometry":{"type":"LineString","coordinates":[[103.9299323,1.3241286],[103.9304297,1.3242035]]}},{"type":"Feature","id":"way/656747047-0-0-0","properties":{"busway:left":"lane","highway":"primary","lanes":"3","lanes:bus":"1","lanes:bus:conditional":"1 @ (Mo-Fr 07:30-09:30,17:00-20:00)","lit":"yes","maxspeed":"60","name":"New Upper Changi Road","name:en":"New Upper Changi Road","name:zh":"\u65b0\u6a1f\u5b9c\u8def\u4e0a\u6bb5","oneway":"yes","sidewalk:left":"separate","sidewalk:right":"no","source":"Yahoo aerial images","surface":"asphalt","startNodeId":"4675722405","endNodeId":"241977861"},"geometry":{"type":"LineString","coordinates":[[103.9294714,1.3237464],[103.9282572,1.323568]]}},{"type":"Feature","id":"way/656747369-0-0-0","properties":{"busway:left":"lane","highway":"primary","lanes":"3","lanes:bus":"1","lanes:bus:conditional":"1 @ (Mo-Fr 07:30-09:30,17:00-20:00)","maxspeed":"60","name":"New Upper Changi Road","name:en":"New Upper Changi Road","name:zh":"\u65b0\u6a1f\u5b9c\u8def\u4e0a\u6bb5","oneway":"yes","sidewalk:left":"separate","sidewalk:right":"no","source":"Yahoo aerial images","surface":"asphalt","startNodeId":"4592829561","endNodeId":"4592829571"},"geometry":{"type":"LineString","coordinates":[[103.9313169,1.3239995],[103.9309716,1.3239528]]}},{"type":"Feature","id":"way/661312525-0-0-0","properties":{"busway:left":"lane","highway":"primary","lanes":"6","lanes:bus":"2","lanes:bus:conditional":"2 @ (Mo-Fr 07:30-09:30,17:00-20:00)","lit":"yes","maxspeed":"60","name":"New Upper Changi Road","name:en":"New Upper Changi Road","name:zh":"\u65b0\u6a1f\u5b9c\u8def\u4e0a\u6bb5","oneway":"yes","sidewalk:left":"separate","sidewalk:right":"no","source":"Yahoo aerial images","surface":"asphalt","turn:lanes":"left|through|through|through|right|right","startNodeId":"6191183011","endNodeId":"1865254937"},"geometry":{"type":"LineString","coordinates":[[103.9280174,1.3235196],[103.9278058,1.3234932]]}},{"type":"Feature","id":"way/661312834-0-0-0","properties":{"busway:left":"lane","highway":"primary","lanes":"3","lanes:bus":"1","lanes:bus:conditional":"1 @ (Mo-Fr 07:30-09:30,17:00-20:00)","maxspeed":"60","name":"New Upper Changi Road","name:en":"New Upper Changi Road","name:zh":"\u65b0\u6a1f\u5b9c\u8def\u4e0a\u6bb5","oneway":"yes","sidewalk:left":"separate","sidewalk:right":"no","source":"Yahoo aerial images","surface":"asphalt","turn:lanes":"through|through|through;right","startNodeId":"1865254938","endNodeId":"1315774111"},"geometry":{"type":"LineString","coordinates":[[103.9302239,1.32385],[103.9296718,1.3237718]]}},{"type":"Feature","id":"way/661312834-0-1-0","properties":{"busway:left":"lane","highway":"primary","lanes":"3","lanes:bus":"1","lanes:bus:conditional":"1 @ (Mo-Fr 07:30-09:30,17:00-20:00)","maxspeed":"60","name":"New Upper Changi Road","name:en":"New Upper Changi Road","name:zh":"\u65b0\u6a1f\u5b9c\u8def\u4e0a\u6bb5","oneway":"yes","sidewalk:left":"separate","sidewalk:right":"no","source":"Yahoo aerial images","surface":"asphalt","turn:lanes":"through|through|through;right","startNodeId":"1315774111","endNodeId":"6198999792"},"geometry":{"type":"LineString","coordinates":[[103.9296718,1.3237718],[103.9295566,1.3237576]]}},{"type":"Feature","id":"way/661312834-0-2-0","properties":{"busway:left":"lane","highway":"primary","lanes":"3","lanes:bus":"1","lanes:bus:conditional":"1 @ (Mo-Fr 07:30-09:30,17:00-20:00)","maxspeed":"60","name":"New Upper Changi Road","name:en":"New Upper Changi Road","name:zh":"\u65b0\u6a1f\u5b9c\u8def\u4e0a\u6bb5","oneway":"yes","sidewalk:left":"separate","sidewalk:right":"no","source":"Yahoo aerial images","surface":"asphalt","turn:lanes":"through|through|through;right","startNodeId":"6198999792","endNodeId":"4675722405"},"geometry":{"type":"LineString","coordinates":[[103.9295566,1.3237576],[103.9294714,1.3237464]]}},{"type":"Feature","id":"way/661313505-0-0-0","properties":{"busway:left":"lane","highway":"primary","lanes":"3","lanes:bus":"1","lanes:bus:conditional":"1 @ (Mo-Fr 07:30-09:30,17:00-20:00)","maxspeed":"60","name":"New Upper Changi Road","name:en":"New Upper Changi Road","name:zh":"\u65b0\u6a1f\u5b9c\u8def\u4e0a\u6bb5","oneway":"yes","sidewalk:left":"separate","sidewalk:right":"no","surface":"asphalt","turn:lanes":"through|through|through","startNodeId":"5254709302","endNodeId":"5254709295"},"geometry":{"type":"LineString","coordinates":[[103.9313299,1.3242831],[103.931831,1.3243144]]}},{"type":"Feature","id":"way/661313506-0-0-0","properties":{"busway:left":"lane","highway":"primary","lanes":"3","lanes:bus":"1","lanes:bus:conditional":"1 @ (Mo-Fr 07:30-09:30,17:00-20:00)","lit":"yes","maxspeed":"60","name":"New Upper Changi Road","name:en":"New Upper Changi Road","name:zh":"\u65b0\u6a1f\u5b9c\u8def\u4e0a\u6bb5","oneway":"yes","sidewalk:left":"separate","sidewalk:right":"no","surface":"asphalt","turn:lanes":"through|through|through","startNodeId":"6191194055","endNodeId":"5138543256"},"geometry":{"type":"LineString","coordinates":[[103.9281073,1.3237509],[103.9282985,1.3237849]]}},{"type":"Feature","id":"way/661314803-0-0-0","properties":{"busway:left":"lane","highway":"primary","lanes":"3","lanes:bus":"1","lanes:bus:conditional":"1 @ (Mo-Fr 07:30-09:30,17:00-20:00)","lit":"yes","maxspeed":"60","name":"New Upper Changi Road","name:en":"New Upper Changi Road","name:zh":"\u65b0\u6a1f\u5b9c\u8def\u4e0a\u6bb5","oneway":"yes","sidewalk:left":"separate","sidewalk:right":"no","source":"Yahoo aerial images","surface":"asphalt","startNodeId":"6191206949","endNodeId":"4592829561"},"geometry":{"type":"LineString","coordinates":[[103.9315385,1.3240257],[103.9313169,1.3239995]]}},{"type":"Feature","id":"way/737817615-0-0-0","properties":{"highway":"service","service":"driveway","startNodeId":"6967821671","endNodeId":"6908320585"},"geometry":{"type":"LineString","coordinates":[[103.9276046,1.3215968],[103.9275717,1.3215915]]}},{"type":"Feature","id":"way/737817615-0-1-0","properties":{"highway":"service","service":"driveway","startNodeId":"6908320585","endNodeId":"6908320586"},"geometry":{"type":"LineString","coordinates":[[103.9275717,1.3215915],[103.9275351,1.3215851]]}},{"type":"Feature","id":"way/825925109-0-0-0","properties":{"busway:left":"lane","highway":"primary","lanes":"3","lanes:bus":"1","lanes:bus:conditional":"1 @ (Mo-Fr 07:30-09:30,17:00-20:00)","maxspeed":"60","name":"New Upper Changi Road","name:en":"New Upper Changi Road","name:zh":"\u65b0\u6a1f\u5b9c\u8def\u4e0a\u6bb5","oneway":"yes","sidewalk:left":"separate","sidewalk:right":"no","surface":"asphalt","turn:lanes":"left;through|through|through","startNodeId":"5173707029","endNodeId":"9261526298"},"geometry":{"type":"LineString","coordinates":[[103.9309479,1.324255],[103.9310511,1.3242626]]}},{"type":"Feature","id":"way/825925109-0-1-0","properties":{"busway:left":"lane","highway":"primary","lanes":"3","lanes:bus":"1","lanes:bus:conditional":"1 @ (Mo-Fr 07:30-09:30,17:00-20:00)","maxspeed":"60","name":"New Upper Changi Road","name:en":"New Upper Changi Road","name:zh":"\u65b0\u6a1f\u5b9c\u8def\u4e0a\u6bb5","oneway":"yes","sidewalk:left":"separate","sidewalk:right":"no","surface":"asphalt","turn:lanes":"left;through|through|through","startNodeId":"9261526298","endNodeId":"5254709302"},"geometry":{"type":"LineString","coordinates":[[103.9310511,1.3242626],[103.9313299,1.3242831]]}},{"type":"Feature","id":"way/965196422-0-0-0","properties":{"highway":"service","oneway":"yes","service":"driveway","startNodeId":"8928837286","endNodeId":"8928837265"},"geometry":{"type":"LineString","coordinates":[[103.9284329,1.3244768],[103.9284637,1.3243653]]}},{"type":"Feature","id":"way/965196422-0-1-0","properties":{"highway":"service","oneway":"yes","service":"driveway","startNodeId":"8928837265","endNodeId":"8928837266"},"geometry":{"type":"LineString","coordinates":[[103.9284637,1.3243653],[103.9284642,1.3243635]]}},{"type":"Feature","id":"way/965196422-0-2-0","properties":{"highway":"service","oneway":"yes","service":"driveway","startNodeId":"8928837266","endNodeId":"8928837267"},"geometry":{"type":"LineString","coordinates":[[103.9284642,1.3243635],[103.9284645,1.3243618]]}},{"type":"Feature","id":"way/965196422-0-3-0","properties":{"highway":"service","oneway":"yes","service":"driveway","startNodeId":"8928837267","endNodeId":"8928837268"},"geometry":{"type":"LineString","coordinates":[[103.9284645,1.3243618],[103.9284646,1.32436]]}},{"type":"Feature","id":"way/965196422-0-4-0","properties":{"highway":"service","oneway":"yes","service":"driveway","startNodeId":"8928837268","endNodeId":"8928837269"},"geometry":{"type":"LineString","coordinates":[[103.9284646,1.32436],[103.9284646,1.3243582]]}},{"type":"Feature","id":"way/965196422-0-5-0","properties":{"highway":"service","oneway":"yes","service":"driveway","startNodeId":"8928837269","endNodeId":"8928837270"},"geometry":{"type":"LineString","coordinates":[[103.9284646,1.3243582],[103.9284645,1.3243564]]}},{"type":"Feature","id":"way/965196422-0-6-0","properties":{"highway":"service","oneway":"yes","service":"driveway","startNodeId":"8928837270","endNodeId":"8928837271"},"geometry":{"type":"LineString","coordinates":[[103.9284645,1.3243564],[103.9284642,1.3243547]]}},{"type":"Feature","id":"way/965196422-0-7-0","properties":{"highway":"service","oneway":"yes","service":"driveway","startNodeId":"8928837271","endNodeId":"8928837272"},"geometry":{"type":"LineString","coordinates":[[103.9284642,1.3243547],[103.9284638,1.3243529]]}},{"type":"Feature","id":"way/965196422-0-8-0","properties":{"highway":"service","oneway":"yes","service":"driveway","startNodeId":"8928837272","endNodeId":"8928837273"},"geometry":{"type":"LineString","coordinates":[[103.9284638,1.3243529],[103.9284632,1.3243512]]}},{"type":"Feature","id":"way/965196422-0-9-0","properties":{"highway":"service","oneway":"yes","service":"driveway","startNodeId":"8928837273","endNodeId":"8928837274"},"geometry":{"type":"LineString","coordinates":[[103.9284632,1.3243512],[103.9284625,1.3243496]]}},{"type":"Feature","id":"way/965196422-0-10-0","properties":{"highway":"service","oneway":"yes","service":"driveway","startNodeId":"8928837274","endNodeId":"8928837275"},"geometry":{"type":"LineString","coordinates":[[103.9284625,1.3243496],[103.9284616,1.324348]]}},{"type":"Feature","id":"way/965196422-0-11-0","properties":{"highway":"service","oneway":"yes","service":"driveway","startNodeId":"8928837275","endNodeId":"8928837276"},"geometry":{"type":"LineString","coordinates":[[103.9284616,1.324348],[103.9284606,1.3243465]]}},{"type":"Feature","id":"way/965196422-0-12-0","properties":{"highway":"service","oneway":"yes","service":"driveway","startNodeId":"8928837276","endNodeId":"8928837277"},"geometry":{"type":"LineString","coordinates":[[103.9284606,1.3243465],[103.9284595,1.3243451]]}},{"type":"Feature","id":"way/965196422-0-13-0","properties":{"highway":"service","oneway":"yes","service":"driveway","startNodeId":"8928837277","endNodeId":"8928837278"},"geometry":{"type":"LineString","coordinates":[[103.9284595,1.3243451],[103.9284583,1.3243438]]}},{"type":"Feature","id":"way/965196422-0-14-0","properties":{"highway":"service","oneway":"yes","service":"driveway","startNodeId":"8928837278","endNodeId":"8928837279"},"geometry":{"type":"LineString","coordinates":[[103.9284583,1.3243438],[103.928457,1.3243426]]}},{"type":"Feature","id":"way/965196422-0-15-0","properties":{"highway":"service","oneway":"yes","service":"driveway","startNodeId":"8928837279","endNodeId":"8928837280"},"geometry":{"type":"LineString","coordinates":[[103.928457,1.3243426],[103.9284556,1.3243415]]}},{"type":"Feature","id":"way/965196422-0-16-0","properties":{"highway":"service","oneway":"yes","service":"driveway","startNodeId":"8928837280","endNodeId":"8928837281"},"geometry":{"type":"LineString","coordinates":[[103.9284556,1.3243415],[103.9284541,1.3243405]]}},{"type":"Feature","id":"way/965196422-0-17-0","properties":{"highway":"service","oneway":"yes","service":"driveway","startNodeId":"8928837281","endNodeId":"8928837282"},"geometry":{"type":"LineString","coordinates":[[103.9284541,1.3243405],[103.9284525,1.3243396]]}},{"type":"Feature","id":"way/965196422-0-18-0","properties":{"highway":"service","oneway":"yes","service":"driveway","startNodeId":"8928837282","endNodeId":"8928837283"},"geometry":{"type":"LineString","coordinates":[[103.9284525,1.3243396],[103.9284509,1.3243389]]}},{"type":"Feature","id":"way/965196422-0-19-0","properties":{"highway":"service","oneway":"yes","service":"driveway","startNodeId":"8928837283","endNodeId":"8928837284"},"geometry":{"type":"LineString","coordinates":[[103.9284509,1.3243389],[103.9284492,1.3243383]]}},{"type":"Feature","id":"way/965196422-0-20-0","properties":{"highway":"service","oneway":"yes","service":"driveway","startNodeId":"8928837284","endNodeId":"8928837285"},"geometry":{"type":"LineString","coordinates":[[103.9284492,1.3243383],[103.9284474,1.3243379]]}},{"type":"Feature","id":"way/965196422-0-21-0","properties":{"highway":"service","oneway":"yes","service":"driveway","startNodeId":"8928837285","endNodeId":"7238490632"},"geometry":{"type":"LineString","coordinates":[[103.9284474,1.3243379],[103.928419,1.3243314]]}},{"type":"Feature","id":"way/1003689233-0-0-0","properties":{"highway":"service","lanes":"1","oneway":"yes","service":"driveway","startNodeId":"5173707037","endNodeId":"9261526300"},"geometry":{"type":"LineString","coordinates":[[103.9309536,1.324341],[103.9309739,1.3243077]]}},{"type":"Feature","id":"way/1003689233-0-1-0","properties":{"highway":"service","lanes":"1","oneway":"yes","service":"driveway","startNodeId":"9261526300","endNodeId":"9261526299"},"geometry":{"type":"LineString","coordinates":[[103.9309739,1.3243077],[103.9310026,1.3242851]]}},{"type":"Feature","id":"way/1003689233-0-2-0","properties":{"highway":"service","lanes":"1","oneway":"yes","service":"driveway","startNodeId":"9261526299","endNodeId":"9261526298"},"geometry":{"type":"LineString","coordinates":[[103.9310026,1.3242851],[103.9310511,1.3242626]]}},{"type":"Feature","id":"way/1271439116-0-0-0","properties":{"highway":"service","startNodeId":"5118087096","endNodeId":"5118087085"},"geometry":{"type":"LineString","coordinates":[[103.9299683,1.3233829],[103.9299627,1.3234425]]}},{"type":"Feature","id":"way/1271439116-0-1-0","properties":{"highway":"service","startNodeId":"5118087085","endNodeId":"5118087088"},"geometry":{"type":"LineString","coordinates":[[103.9299627,1.3234425],[103.9299626,1.32348]]}},{"type":"Feature","id":"way/1271439116-0-2-0","properties":{"highway":"service","startNodeId":"5118087088","endNodeId":"5118087087"},"geometry":{"type":"LineString","coordinates":[[103.9299626,1.32348],[103.9299908,1.3235109]]}},{"type":"Feature","id":"way/1271439116-0-3-0","properties":{"highway":"service","startNodeId":"5118087087","endNodeId":"5118087086"},"geometry":{"type":"LineString","coordinates":[[103.9299908,1.3235109],[103.930455,1.3235939]]}},{"type":"Feature","id":"way/1487847811-0-0-0","properties":{"covered":"yes","highway":"service","layer":"1","maxheight":"2.1","oneway":"no","service":"driveway","startNodeId":"7474946002","endNodeId":"10901326885"},"geometry":{"type":"LineString","coordinates":[[103.928697,1.3240755],[103.9286161,1.3243879]]}},{"type":"Feature","id":"way/1487849852-0-0-0","properties":{"access":"destination","covered":"yes","highway":"service","layer":"1","oneway":"yes","service":"parking_aisle","startNodeId":"10901326886","endNodeId":"10901326885"},"geometry":{"type":"LineString","coordinates":[[103.9286559,1.3244363],[103.9286161,1.3243879]]}},{"type":"Feature","id":"way/1516077872-0-0-0","properties":{"highway":"service","oneway":"yes","service":"driveway","startNodeId":"7238490632","endNodeId":"13843935122"},"geometry":{"type":"LineString","coordinates":[[103.928419,1.3243314],[103.9279351,1.3242328]]}},{"type":"Feature","id":"way/1516077873-0-0-0","properties":{"highway":"service","oneway":"yes","service":"driveway","startNodeId":"13843935121","endNodeId":"8928837263"},"geometry":{"type":"LineString","coordinates":[[103.9279047,1.3243731],[103.9283898,1.3244675]]}},{"type":"Feature","id":"way/1516077874-0-0-0","properties":{"highway":"service","service":"driveway","startNodeId":"13843935122","endNodeId":"13843935120"},"geometry":{"type":"LineString","coordinates":[[103.9279351,1.3242328],[103.9276843,1.3241817]]}},{"type":"Feature","id":"way/1516077875-0-0-0","properties":{"highway":"service","oneway":"yes","service":"driveway","startNodeId":"13843935122","endNodeId":"13843935121"},"geometry":{"type":"LineString","coordinates":[[103.9279351,1.3242328],[103.9279047,1.3243731]]}}]}