{"type":"FeatureCollection","features":[{"type":"Feature","id":"way/170732398-0","properties":{"addr:city":"Singapore","addr:country":"SG","addr:housenumber":"605","addr:postcode":"510605","addr:street":"Elias Road","building":"apartments","building:levels":"13"},"geometry":{"type":"Polygon","coordinates":[[[103.9429385,1.3771012],[103.9429991,1.3771887],[103.9432112,1.3770419],[103.9431502,1.3769539],[103.9430142,1.3770479],[103.9428865,1.3768646],[103.9427991,1.3769271],[103.9428745,1.3770362],[103.9427912,1.3770938],[103.9428424,1.3771677],[103.9429385,1.3771012]]]}},{"type":"Feature","id":"way/170732399-0","properties":{"addr:housenumber":"60","addr:postcode":"519938","addr:street":"Elias Road","building":"residential","building:levels":"18","residential":"condominium"},"geometry":{"type":"Polygon","coordinates":[[[103.9415577,1.3769516],[103.9415834,1.3769413],[103.941588,1.3769528],[103.9415563,1.3769656],[103.9415654,1.3769884],[103.9415974,1.3769755],[103.9416019,1.3769867],[103.9415826,1.3769945],[103.9415881,1.377008],[103.9415686,1.3770157],[103.9415668,1.3770113],[103.9415358,1.3770238],[103.9415417,1.3770385],[103.9415152,1.3770492],[103.9415226,1.3770677],[103.9415355,1.3770625],[103.9415525,1.3771049],[103.9415794,1.377094],[103.9415842,1.3771059],[103.9417253,1.3770493],[103.9417282,1.3770565],[103.9417734,1.3770384],[103.9417687,1.3770268],[103.9417954,1.3770161],[103.9417698,1.3769524],[103.9417309,1.376968],[103.9417253,1.3769539],[103.9417102,1.37696],[103.941706,1.3769496],[103.9416778,1.376961],[103.9416733,1.3769499],[103.9417201,1.3769311],[103.9417102,1.3769065],[103.9416661,1.3769242],[103.9416617,1.3769133],[103.9416949,1.3768999],[103.9416928,1.3768945],[103.9417222,1.3768827],[103.9416932,1.3768105],[103.9416761,1.3768174],[103.9416647,1.376789],[103.9415549,1.376833],[103.9415634,1.3768541],[103.9414972,1.3768806],[103.9415256,1.3769514],[103.9415532,1.3769403],[103.9415577,1.3769516]]]}},{"type":"Feature","id":"way/170732400-0","properties":{"addr:city":"Singapore","addr:country":"SG","addr:housenumber":"612","addr:postcode":"510612","addr:street":"Elias Road","building":"apartments","building:levels":"18"},"geometry":{"type":"Polygon","coordinates":[[[103.9421273,1.3745815],[103.9421515,1.3746155],[103.9421014,1.3746513],[103.9422194,1.3748166],[103.9422843,1.3747703],[103.9422005,1.3746528],[103.942312,1.3745732],[103.9422681,1.3745117],[103.9422153,1.3745494],[103.9421142,1.3744077],[103.9417514,1.3746664],[103.941838,1.3747878],[103.9421273,1.3745815]]]}},{"type":"Feature","id":"way/170732402-0","properties":{"addr:city":"Singapore","addr:country":"SG","addr:housenumber":"611","addr:postcode":"510611","addr:street":"Elias Road","building":"apartments","building:levels":"13"},"geometry":{"type":"Polygon","coordinates":[[[103.9426394,1.3751686],[103.9425772,1.3750771],[103.942619,1.3750487],[103.9425486,1.3749451],[103.9424729,1.3749965],[103.9423429,1.3748051],[103.9422527,1.3748664],[103.942449,1.3751553],[103.9423598,1.3752159],[103.9424261,1.3753135],[103.9426394,1.3751686]]]}},{"type":"Feature","id":"way/170732403-0","properties":{"addr:housenumber":"68","addr:postcode":"519943","addr:street":"Elias Road","building":"residential","building:levels":"18","residential":"condominium"},"geometry":{"type":"Polygon","coordinates":[[[103.9423232,1.3772992],[103.9422942,1.3772619],[103.9422855,1.3772686],[103.9422634,1.3772401],[103.9422127,1.3772794],[103.9421771,1.3772335],[103.9422317,1.3771911],[103.9422082,1.3771608],[103.9422168,1.3771542],[103.9421864,1.3771151],[103.9421621,1.3771339],[103.9421511,1.3771198],[103.9421121,1.37715],[103.942107,1.3771435],[103.942055,1.3771838],[103.9420594,1.3771894],[103.9420403,1.3772041],[103.9420371,1.3772],[103.9420131,1.3772186],[103.9420273,1.3772369],[103.9420147,1.3772467],[103.9420619,1.3773074],[103.9420823,1.3772915],[103.9420887,1.3772998],[103.9421021,1.3772894],[103.9421084,1.3772974],[103.9420934,1.377309],[103.9421101,1.3773305],[103.9421201,1.3773227],[103.9421385,1.3773463],[103.9421192,1.3773613],[103.9421649,1.3774202],[103.9422057,1.3773885],[103.9422182,1.3774047],[103.9422711,1.3773636],[103.9422595,1.3773487],[103.9423232,1.3772992]]]}},{"type":"Feature","id":"way/170732404-0","properties":{"addr:housenumber":"64","addr:postcode":"519940","addr:street":"Elias Road","amenity":"parking","building":"yes","building:levels":"4","parking":"multi-storey"},"geometry":{"type":"Polygon","coordinates":[[[103.9421414,1.3770764],[103.9421995,1.377033],[103.9421696,1.3769931],[103.9423278,1.376875],[103.9422983,1.3768355],[103.9423365,1.376807],[103.9421357,1.3765382],[103.9421439,1.376532],[103.9421192,1.376499],[103.9420792,1.3765289],[103.9420667,1.3765122],[103.9418716,1.3766579],[103.941908,1.3767067],[103.9418952,1.3767162],[103.9419956,1.3768506],[103.9420175,1.37688],[103.9419896,1.3769008],[103.9420932,1.3770394],[103.9421064,1.3770296],[103.9421414,1.3770764]]]}},{"type":"Feature","id":"way/170732405-0","properties":{"addr:city":"Singapore","addr:country":"SG","addr:housenumber":"607","addr:postcode":"510607","addr:street":"Elias Road","building":"apartments","building:levels":"17"},"geometry":{"type":"Polygon","coordinates":[[[103.9422491,1.3761625],[103.9423277,1.3762852],[103.9422462,1.3763373],[103.9422982,1.3764185],[103.9424219,1.3763393],[103.9424735,1.37642],[103.9427067,1.3762707],[103.9426393,1.3761654],[103.9424566,1.3762823],[103.9423419,1.3761031],[103.9422491,1.3761625]]]}},{"type":"Feature","id":"way/170732406-0","properties":{"addr:city":"Singapore","addr:country":"SG","addr:housenumber":"603","addr:postcode":"510603","addr:street":"Elias Road","building":"apartments","building:levels":"12"},"geometry":{"type":"Polygon","coordinates":[[[103.943961,1.3770794],[103.943624,1.3765984],[103.9436758,1.3765621],[103.9436282,1.3764942],[103.9434808,1.3765975],[103.9438654,1.3771464],[103.943961,1.3770794]]]}},{"type":"Feature","id":"way/170732407-0","properties":{"addr:city":"Singapore","addr:country":"SG","addr:housenumber":"601A","addr:street":"Elias Road","amenity":"parking","building":"yes","building:levels":"4","parking":"multi-storey"},"geometry":{"type":"Polygon","coordinates":[[[103.9437669,1.3772191],[103.9436128,1.3769987],[103.9430628,1.3773831],[103.9432169,1.3776034],[103.9437669,1.3772191]]]}},{"type":"Feature","id":"way/170732408-0","properties":{"addr:housenumber":"70","addr:postcode":"519942","addr:street":"Elias Road","building":"residential","building:levels":"18","residential":"condominium"},"geometry":{"type":"Polygon","coordinates":[[[103.9419448,1.3772688],[103.9418111,1.3773733],[103.9418238,1.3773895],[103.9418112,1.3773994],[103.9418576,1.3774588],[103.9418788,1.3774422],[103.9418851,1.3774503],[103.9418964,1.3774414],[103.9419063,1.377454],[103.9418887,1.3774677],[103.9419029,1.3774858],[103.9419159,1.3774756],[103.9419232,1.3774849],[103.9419296,1.3774931],[103.9418853,1.3775277],[103.9418933,1.3775378],[103.941871,1.3775552],[103.9418848,1.3775728],[103.9418953,1.3775646],[103.9419252,1.3776028],[103.9419959,1.3775475],[103.9420039,1.3775577],[103.9420788,1.3774993],[103.942074,1.3774931],[103.9421358,1.3774448],[103.9420919,1.3773888],[103.942072,1.3774044],[103.9420628,1.3773926],[103.9420234,1.3774234],[103.9420179,1.3774164],[103.9420017,1.377429],[103.9419721,1.3773911],[103.9420291,1.3773466],[103.9420051,1.3773159],[103.9420088,1.3773075],[103.9419801,1.3772708],[103.9419592,1.3772871],[103.9419448,1.3772688]]]}},{"type":"Feature","id":"way/170732409-0","properties":{"addr:city":"Singapore","addr:country":"SG","addr:housenumber":"623","addr:street":"Elias Road","building":"yes","building:levels":"2"},"geometry":{"type":"Polygon","coordinates":[[[103.9423101,1.3780952],[103.9422984,1.3779934],[103.942472,1.3779734],[103.9424602,1.3778711],[103.9426327,1.3778511],[103.9425967,1.3775404],[103.9424215,1.3775607],[103.9424332,1.3776618],[103.9422553,1.3776824],[103.9422673,1.3777857],[103.9420944,1.3778057],[103.9421303,1.378116],[103.9423101,1.3780952]]]}},{"type":"Feature","id":"way/170732410-0","properties":{"addr:city":"Singapore","addr:country":"SG","addr:housenumber":"609","addr:postcode":"510609","addr:street":"Elias Road","building":"apartments","building:levels":"13"},"geometry":{"type":"Polygon","coordinates":[[[103.9427192,1.3755115],[103.9428388,1.3756948],[103.942928,1.3756366],[103.9428556,1.3755257],[103.9429481,1.3754654],[103.9428891,1.3753751],[103.9427888,1.3754406],[103.9427381,1.375363],[103.9425157,1.3755082],[103.942578,1.3756037],[103.9427192,1.3755115]]]}},{"type":"Feature","id":"way/170732411-0","properties":{"addr:city":"Singapore","addr:country":"SG","addr:housenumber":"606","addr:postcode":"510606","addr:street":"Elias Road","building":"apartments","building:levels":"17"},"geometry":{"type":"Polygon","coordinates":[[[103.942881,1.3765628],[103.9428115,1.3764656],[103.9425824,1.3766294],[103.9426552,1.3767312],[103.9425623,1.3767976],[103.9426202,1.3768784],[103.9427155,1.3768103],[103.9427991,1.3769271],[103.9428865,1.3768646],[103.9427418,1.3766624],[103.942881,1.3765628]]]}},{"type":"Feature","id":"way/170732412-0","properties":{"addr:city":"Singapore","addr:country":"SG","addr:housenumber":"613","addr:postcode":"510613","addr:street":"Elias Road","building":"apartments","building:levels":"18"},"geometry":{"type":"Polygon","coordinates":[[[103.941679,1.3747252],[103.9412539,1.3750205],[103.9413212,1.3751174],[103.9412605,1.3751596],[103.9413332,1.3752643],[103.941444,1.3751873],[103.9415178,1.3752934],[103.9415775,1.375252],[103.941508,1.375152],[103.9414557,1.3751884],[103.9413894,1.3750929],[103.941757,1.3748374],[103.941679,1.3747252]]]}},{"type":"Feature","id":"way/170732413-0","properties":{"addr:housenumber":"66","addr:postcode":"519944","addr:street":"Elias Road","building":"residential","building:levels":"18","residential":"condominium"},"geometry":{"type":"Polygon","coordinates":[[[103.942331,1.3772892],[103.9423947,1.3772424],[103.942407,1.3772591],[103.9424371,1.377237],[103.9424324,1.3772307],[103.9424703,1.3772029],[103.9424636,1.3771938],[103.942533,1.3771428],[103.9424912,1.3770859],[103.9424705,1.377101],[103.9424651,1.3770937],[103.94242,1.3771268],[103.9424129,1.3771172],[103.942403,1.3771245],[103.9423968,1.377116],[103.9424238,1.3770961],[103.9424067,1.3770729],[103.9423875,1.3770871],[103.9423748,1.3770698],[103.9424147,1.3770405],[103.9424077,1.3770311],[103.9424294,1.3770151],[103.9423879,1.3769586],[103.9423263,1.3770038],[103.9423183,1.376993],[103.9422458,1.3770462],[103.9422573,1.3770618],[103.9422187,1.3770901],[103.9422629,1.3771502],[103.9422803,1.3771375],[103.942289,1.3771494],[103.9423073,1.377136],[103.9423424,1.3771837],[103.9422916,1.377221],[103.9423118,1.3772484],[103.9423048,1.3772535],[103.942331,1.3772892]]]}},{"type":"Feature","id":"way/170732414-0","properties":{"addr:city":"Singapore","addr:country":"SG","addr:housenumber":"602","addr:postcode":"510602","addr:street":"Elias Road","building":"apartments","building:levels":"17"},"geometry":{"type":"Polygon","coordinates":[[[103.9441987,1.3773999],[103.944147,1.3773233],[103.9442164,1.3772765],[103.9441623,1.3771963],[103.9440775,1.3772535],[103.9439878,1.3771205],[103.9438799,1.3771933],[103.9440062,1.3773804],[103.9439246,1.3774354],[103.9439939,1.377538],[103.9441987,1.3773999]]]}},{"type":"Feature","id":"way/170732416-0","properties":{"addr:city":"Singapore","addr:country":"SG","addr:housenumber":"608","addr:postcode":"510608","addr:street":"Elias Road","building":"apartments","building:levels":"17"},"geometry":{"type":"Polygon","coordinates":[[[103.9431855,1.3759157],[103.9431223,1.3758203],[103.9431791,1.3757827],[103.9431462,1.375733],[103.9430684,1.3757845],[103.9429604,1.3756217],[103.9428193,1.3757152],[103.9429535,1.3759175],[103.9428579,1.3759808],[103.942928,1.3760864],[103.9431855,1.3759157]]]}},{"type":"Feature","id":"way/170732417-0","properties":{"addr:housenumber":"72","addr:postcode":"519941","addr:street":"Elias Road","building":"residential","building:levels":"18","residential":"condominium"},"geometry":{"type":"Polygon","coordinates":[[[103.9418087,1.3775569],[103.9417918,1.3775588],[103.9417903,1.3775462],[103.9417331,1.3775527],[103.9417252,1.3774841],[103.9417519,1.377481],[103.9417514,1.3774762],[103.9417688,1.3774742],[103.9417676,1.3774641],[103.941798,1.3774607],[103.9417903,1.3773938],[103.9417564,1.3773977],[103.9417546,1.3773821],[103.9415529,1.3774051],[103.9415551,1.3774249],[103.9415279,1.377428],[103.9415328,1.3774707],[103.9415398,1.3774699],[103.941542,1.3774891],[103.9415629,1.3774867],[103.9415644,1.3775],[103.9416024,1.3774956],[103.9416106,1.377568],[103.9415589,1.3775739],[103.9415603,1.3775862],[103.9415319,1.3775895],[103.9415342,1.3776101],[103.9415479,1.3776086],[103.9415533,1.3776558],[103.9416429,1.3776456],[103.9416441,1.3776562],[103.9417394,1.3776453],[103.9417382,1.3776349],[103.9418166,1.3776259],[103.9418087,1.3775569]]]}},{"type":"Feature","id":"way/170732418-0","properties":{"addr:housenumber":"62","addr:postcode":"519939","addr:street":"Elias Road","building":"residential","building:levels":"18","residential":"condominium"},"geometry":{"type":"Polygon","coordinates":[[[103.9418629,1.3769551],[103.9418764,1.3769732],[103.9419438,1.3769228],[103.9419393,1.3769167],[103.9419659,1.3768968],[103.9419544,1.3768814],[103.9419956,1.3768506],[103.9418952,1.3767162],[103.9418572,1.3766655],[103.9417896,1.376716],[103.9417773,1.3766994],[103.9417079,1.3767513],[103.9417694,1.3768337],[103.9417952,1.3768144],[103.9418111,1.3768358],[103.9417915,1.3768505],[103.9418044,1.3768678],[103.9418242,1.376853],[103.9418489,1.3768861],[103.941803,1.3769203],[103.9418412,1.3769714],[103.9418629,1.3769551]]]}},{"type":"Feature","id":"way/170732419-0","properties":{"addr:city":"Singapore","addr:country":"SG","addr:housenumber":"604","addr:postcode":"510604","addr:street":"Elias Road","building":"apartments","building:levels":"17"},"geometry":{"type":"Polygon","coordinates":[[[103.9434754,1.3764339],[103.943396,1.376314],[103.9434789,1.3762591],[103.9434287,1.3761833],[103.9433724,1.3762207],[103.9432967,1.3761065],[103.9430548,1.3762668],[103.9431329,1.3763845],[103.9432423,1.3763119],[103.9433696,1.376504],[103.9434754,1.3764339]]]}},{"type":"Feature","id":"way/170732421-0","properties":{"addr:city":"Singapore","addr:country":"SG","addr:housenumber":"601","addr:postcode":"510601","addr:street":"Elias Road","building":"apartments","building:levels":"17"},"geometry":{"type":"Polygon","coordinates":[[[103.9434584,1.3778],[103.943524,1.3778937],[103.9436071,1.3778355],[103.9437305,1.3777491],[103.9436679,1.3776598],[103.9435085,1.3777714],[103.943376,1.3775821],[103.9432839,1.3776465],[103.9433658,1.3777634],[103.9432843,1.3778205],[103.9433319,1.3778885],[103.9434584,1.3778]]]}},{"type":"Feature","id":"way/170732422-0","properties":{"addr:city":"Singapore","addr:country":"SG","addr:housenumber":"610","addr:postcode":"510610","addr:street":"Elias Road","building":"apartments","building:levels":"18"},"geometry":{"type":"Polygon","coordinates":[[[103.9422627,1.375325],[103.9421049,1.375429],[103.942047,1.375341],[103.942159,1.3752672],[103.9419262,1.3749138],[103.941772,1.3750154],[103.9419979,1.3753583],[103.9419196,1.3754098],[103.9419738,1.3754921],[103.9420509,1.3754413],[103.9421075,1.3755272],[103.9423087,1.3753948],[103.9422627,1.375325]]]}},{"type":"Feature","id":"way/170732423-0","properties":{"addr:city":"Singapore","addr:country":"SG","addr:housenumber":"614","addr:postcode":"510614","addr:street":"Elias Road","building":"apartments","building:levels":"18"},"geometry":{"type":"Polygon","coordinates":[[[103.9416143,1.3758808],[103.9415467,1.3759236],[103.9414597,1.3757864],[103.9418456,1.375542],[103.9417811,1.3754401],[103.9413461,1.3757157],[103.9414222,1.3758358],[103.9413652,1.3758719],[103.9414297,1.3759737],[103.9415135,1.3759205],[103.9415818,1.3760282],[103.9416717,1.3759712],[103.9416143,1.3758808]]]}},{"type":"Feature","id":"way/170732424-0","properties":{"addr:city":"Singapore","addr:country":"SG","addr:housenumber":"624A","addr:street":"Elias Road","amenity":"parking","building":"garage","building:levels":"4","parking":"multi-storey","roof:levels":"1","roof:shape":"flat"},"geometry":{"type":"Polygon","coordinates":[[[103.9417101,1.377868],[103.9415505,1.3778849],[103.9415811,1.3781737],[103.9420706,1.3781218],[103.9420399,1.377833],[103.9417101,1.377868]]]}},{"type":"Feature","id":"way/170732425-0","properties":{"addr:city":"Singapore","addr:country":"SG","addr:housenumber":"615","addr:postcode":"510615","addr:street":"Elias Road","building":"apartments","building:levels":"18"},"geometry":{"type":"Polygon","coordinates":[[[103.9415795,1.3764168],[103.9416311,1.376494],[103.9420133,1.376239],[103.9419504,1.3761447],[103.9416439,1.3763492],[103.9415125,1.3761523],[103.9414071,1.3762227],[103.9415036,1.3763673],[103.9414243,1.3764202],[103.9414705,1.3764895],[103.9415795,1.3764168]]]}},{"type":"Feature","id":"way/170733456-0","properties":{"addr:city":"Singapore","addr:country":"SG","addr:housenumber":"511A","building":"yes","building:levels":"1"},"geometry":{"type":"Polygon","coordinates":[[[103.9442111,1.3749307],[103.9440936,1.3747551],[103.9440063,1.3748135],[103.9441239,1.374989],[103.9442111,1.3749307]]]}},{"type":"Feature","id":"way/170733457-0","properties":{"addr:city":"Singapore","addr:country":"SG","addr:housenumber":"513","addr:postcode":"510513","addr:street":"Pasir Ris Street 52","building":"apartments","building:levels":"14"},"geometry":{"type":"Polygon","coordinates":[[[103.9433696,1.3751882],[103.943453,1.3751414],[103.9435037,1.3752284],[103.9438367,1.3750456],[103.9437686,1.3749475],[103.9435872,1.3750446],[103.9433733,1.3747548],[103.9432918,1.3748101],[103.9434437,1.3750277],[103.9433131,1.3751019],[103.9433696,1.3751882]]]}},{"type":"Feature","id":"way/170733460-0","properties":{"addr:city":"Singapore","addr:country":"SG","addr:housenumber":"508","addr:postcode":"510508","addr:street":"Pasir Ris Street 52","building":"apartments","building:levels":"14"},"geometry":{"type":"Polygon","coordinates":[[[103.9443941,1.3759374],[103.9441384,1.3761141],[103.9442085,1.3762156],[103.9441434,1.3762606],[103.9442011,1.3763442],[103.9443138,1.3762663],[103.9443826,1.3763659],[103.9444608,1.3763118],[103.9443347,1.3761296],[103.9444648,1.3760397],[103.9443941,1.3759374]]]}},{"type":"Feature","id":"way/170733462-0","properties":{"addr:city":"Singapore","addr:country":"SG","addr:housenumber":"515","addr:postcode":"510515","addr:street":"Pasir Ris Street 52","building":"apartments","building:levels":"14"},"geometry":{"type":"Polygon","coordinates":[[[103.9430124,1.3742223],[103.9429863,1.374239],[103.9429323,1.3741666],[103.9431356,1.3740872],[103.9430878,1.3739637],[103.94277,1.3741021],[103.9428371,1.3742416],[103.94277,1.3742845],[103.9428183,1.3743622],[103.942919,1.3742952],[103.9429819,1.3743891],[103.9430865,1.3743236],[103.9430124,1.3742223]]]}},{"type":"Feature","id":"way/170733463-0","properties":{"addr:city":"Singapore","addr:country":"SG","addr:housenumber":"506","addr:postcode":"510506","addr:street":"Pasir Ris Street 52","building":"apartments","building:levels":"14"},"geometry":{"type":"Polygon","coordinates":[[[103.9450723,1.3768907],[103.945035,1.3768232],[103.9448391,1.3769391],[103.9447135,1.376727],[103.9446666,1.3767548],[103.9447313,1.3768642],[103.9446266,1.3769262],[103.9446896,1.3770327],[103.9447863,1.3769755],[103.9448233,1.3770379],[103.9450723,1.3768907]]]}},{"type":"Feature","id":"way/170733465-0","properties":{"addr:city":"Singapore","addr:country":"SG","addr:housenumber":"509","addr:postcode":"510509","addr:street":"Pasir Ris Street 52","building":"apartments","building:levels":"14"},"geometry":{"type":"Polygon","coordinates":[[[103.9440918,1.3757759],[103.9442296,1.3756909],[103.944165,1.3755861],[103.9439293,1.3757314],[103.9439953,1.3758385],[103.9438972,1.3758989],[103.9439427,1.3759726],[103.9440256,1.3759215],[103.9440938,1.376032],[103.9442068,1.3759624],[103.9440918,1.3757759]]]}},{"type":"Feature","id":"way/170733466-0","properties":{"addr:city":"Singapore","addr:country":"SG","addr:housenumber":"512","addr:postcode":"510512","addr:street":"Pasir Ris Street 52","building":"apartments","building:levels":"14"},"geometry":{"type":"Polygon","coordinates":[[[103.943701,1.3755175],[103.9437537,1.3756047],[103.943995,1.3754588],[103.9439365,1.3753619],[103.9437969,1.3754463],[103.9436867,1.3752643],[103.9436313,1.3752979],[103.9436894,1.375394],[103.9435769,1.375462],[103.9436347,1.3755575],[103.943701,1.3755175]]]}},{"type":"Feature","id":"way/170733467-0","properties":{"addr:city":"Singapore","addr:country":"SG","addr:housenumber":"505","addr:postcode":"510505","addr:street":"Pasir Ris Street 52","building":"apartments","building:levels":"14"},"geometry":{"type":"Polygon","coordinates":[[[103.9451768,1.3767448],[103.945035,1.3768232],[103.9450723,1.3768907],[103.9453059,1.3767615],[103.9452553,1.3766701],[103.9453546,1.3766152],[103.9452973,1.3765116],[103.9452141,1.3765576],[103.9450717,1.3763003],[103.9449639,1.3763599],[103.9451768,1.3767448]]]}},{"type":"Feature","id":"way/170733468-0","properties":{"addr:city":"Singapore","addr:country":"SG","addr:housenumber":"519","addr:postcode":"510519","addr:street":"Pasir Ris Street 52","building":"apartments","building:levels":"14"},"geometry":{"type":"Polygon","coordinates":[[[103.945005,1.3741108],[103.9449089,1.3741466],[103.9449535,1.3742663],[103.9452044,1.3741728],[103.9451614,1.3740574],[103.9452045,1.3740413],[103.9451789,1.3739726],[103.9450884,1.3740063],[103.9449697,1.3736878],[103.9448622,1.3737278],[103.945005,1.3741108]]]}},{"type":"Feature","id":"way/170733469-0","properties":{"addr:city":"Singapore","addr:country":"SG","addr:housenumber":"511","addr:postcode":"510511","addr:street":"Pasir Ris Street 52","building":"apartments","building:levels":"18"},"geometry":{"type":"Polygon","coordinates":[[[103.9443432,1.3752587],[103.9442871,1.375183],[103.944341,1.3751451],[103.9442163,1.3749437],[103.9441157,1.3750056],[103.943998,1.3748143],[103.9439188,1.374863],[103.9441434,1.3752281],[103.9439916,1.3753215],[103.9440601,1.3754328],[103.9443432,1.3752587]]]}},{"type":"Feature","id":"way/170733470-0","properties":{"addr:city":"Singapore","addr:country":"SG","addr:housenumber":"510","addr:postcode":"510510","addr:street":"Pasir Ris Street 52","building":"apartments","building:levels":"18"},"geometry":{"type":"Polygon","coordinates":[[[103.9444664,1.3755594],[103.944638,1.3758614],[103.9446916,1.3758309],[103.94465,1.3757576],[103.9447087,1.3757242],[103.9445735,1.3754863],[103.9445321,1.3755099],[103.9444739,1.3754075],[103.9442171,1.3755533],[103.9442805,1.3756649],[103.9444664,1.3755594]]]}},{"type":"Feature","id":"way/170733471-0","properties":{"addr:city":"Singapore","addr:country":"SG","addr:housenumber":"504","addr:postcode":"510504","addr:street":"Pasir Ris Street 52","building":"apartments","building:levels":"18"},"geometry":{"type":"Polygon","coordinates":[[[103.9450357,1.3759891],[103.9451435,1.3761893],[103.9452466,1.3761338],[103.9451819,1.3760135],[103.94523,1.3759876],[103.9451906,1.3759145],[103.9451047,1.3759607],[103.9450496,1.3758584],[103.9445938,1.3761036],[103.9446452,1.3761992],[103.9450357,1.3759891]]]}},{"type":"Feature","id":"way/170733474-0","properties":{"addr:city":"Singapore","addr:country":"SG","addr:housenumber":"517","addr:postcode":"510517","addr:street":"Pasir Ris Street 52","building":"apartments","building:levels":"18"},"geometry":{"type":"Polygon","coordinates":[[[103.9440354,1.3745169],[103.9435154,1.3747048],[103.9435929,1.3747974],[103.9441925,1.3745717],[103.94416,1.3744796],[103.9442298,1.374455],[103.9441962,1.37436],[103.9441306,1.3743831],[103.9440828,1.3742474],[103.9439561,1.3742921],[103.9440354,1.3745169]]]}},{"type":"Feature","id":"way/170733476-0","properties":{"addr:city":"Singapore","addr:country":"SG","addr:housenumber":"518","addr:postcode":"510518","addr:street":"Pasir Ris Street 52","building":"apartments","building:levels":"14"},"geometry":{"type":"Polygon","coordinates":[[[103.9442447,1.3741576],[103.9443305,1.3743878],[103.9444545,1.3743415],[103.9444908,1.3744387],[103.9449535,1.3742663],[103.9449089,1.3741466],[103.9444944,1.3743011],[103.944417,1.3740934],[103.9442447,1.3741576]]]}},{"type":"Feature","id":"way/170733478-0","properties":{"addr:city":"Singapore","addr:country":"SG","addr:housenumber":"514","addr:postcode":"510514","addr:street":"Pasir Ris Street 52","building":"apartments","building:levels":"14"},"geometry":{"type":"Polygon","coordinates":[[[103.9429888,1.3744682],[103.9430905,1.3745741],[103.9429875,1.3746211],[103.9430719,1.3747149],[103.9431725,1.3746653],[103.9432918,1.3748101],[103.9433733,1.3747548],[103.9431886,1.3745205],[103.9434713,1.3744127],[103.9434327,1.374314],[103.9429888,1.3744682]]]}},{"type":"Feature","id":"way/170733480-0","properties":{"addr:city":"Singapore","addr:country":"SG","addr:housenumber":"507","addr:postcode":"510507","addr:street":"Pasir Ris Street 52","building":"apartments","building:levels":"14"},"geometry":{"type":"Polygon","coordinates":[[[103.9447954,1.376533],[103.9447295,1.3764377],[103.9446066,1.3765226],[103.9444608,1.3763118],[103.9443826,1.3763659],[103.9444875,1.3765175],[103.9444048,1.3765746],[103.9444426,1.3766293],[103.9444819,1.3766021],[103.9445509,1.376702],[103.9447954,1.376533]]]}},{"type":"Feature","id":"way/170733481-0","properties":{"addr:city":"Singapore","addr:country":"SG","addr:housenumber":"516","addr:postcode":"510516","addr:street":"Pasir Ris Street 52","building":"apartments","building:levels":"14"},"geometry":{"type":"Polygon","coordinates":[[[103.9436963,1.374362],[103.9435632,1.3740183],[103.9436544,1.373983],[103.9436232,1.3739027],[103.9435641,1.3739256],[103.9435149,1.3737984],[103.9430878,1.3739637],[103.9431356,1.3740872],[103.9434119,1.3739803],[103.9435776,1.3744079],[103.9436963,1.374362]]]}},{"type":"Feature","id":"way/213642010-0","properties":{"building":"yes","source":"Bing"},"geometry":{"type":"Polygon","coordinates":[[[103.9450066,1.3749007],[103.944919,1.3746669],[103.9451068,1.3745935],[103.9452685,1.3749851],[103.945113,1.3750454],[103.945218,1.3753159],[103.9453386,1.3752691],[103.9453554,1.3753139],[103.9455926,1.375225],[103.9455748,1.3751775],[103.945654,1.3751468],[103.945549,1.3748763],[103.9453932,1.3749367],[103.9452313,1.3745449],[103.945501,1.3744395],[103.9454618,1.3743392],[103.944328,1.3747821],[103.9443673,1.3748824],[103.9445946,1.3747936],[103.9446804,1.3750227],[103.9450066,1.3749007]]]}},{"type":"Feature","id":"way/477897343-0","properties":{"addr:city":"Singapore","addr:country":"SG","addr:housenumber":"601B","amenity":"community_centre","building":"yes","building:levels":"1","community_centre":"community_hall"},"geometry":{"type":"Polygon","coordinates":[[[103.9438637,1.3777254],[103.9438092,1.3776482],[103.9437496,1.3776903],[103.9438041,1.3777675],[103.9438637,1.3777254]]]}},{"type":"Feature","id":"way/477897346-0","properties":{"addr:city":"Singapore","addr:country":"SG","addr:housenumber":"613A","amenity":"shelter","building":"yes","building:levels":"1"},"geometry":{"type":"Polygon","coordinates":[[[103.9416591,1.3752982],[103.941553,1.3753771],[103.9416314,1.3754825],[103.9417376,1.3754036],[103.9416591,1.3752982]]]}},{"type":"Feature","id":"way/477897348-0","properties":{"addr:city":"Singapore","addr:country":"SG","addr:housenumber":"636A","addr:postcode":"511636","addr:street":"Pasir Ris Drive 1","amenity":"shelter","building":"yes","building:levels":"1","shelter_type":"pavilion"},"geometry":{"type":"Polygon","coordinates":[[[103.9409157,1.3766398],[103.9410177,1.3765631],[103.940905,1.3764112],[103.9408007,1.3764878],[103.9409157,1.3766398]]]}},{"type":"Feature","id":"way/477897358-0","properties":{"addr:city":"Singapore","addr:country":"SG","addr:housenumber":"633A","addr:postcode":"511633","addr:street":"Pasir Ris Drive 3","amenity":"community_centre","building":"yes","building:levels":"1","community_centre":"community_hall","shelter_type":"pavilion"},"geometry":{"type":"Polygon","coordinates":[[[103.9409623,1.3780403],[103.9410392,1.378143],[103.9411938,1.3780273],[103.9411169,1.3779246],[103.9409623,1.3780403]]]}},{"type":"Feature","id":"way/685431602-0","properties":{"addr:city":"Singapore","addr:housenumber":"10","addr:street":"Riverina Walk","building":"terrace"},"geometry":{"type":"Polygon","coordinates":[[[103.9439764,1.3782365],[103.943865,1.378319],[103.9438841,1.3783447],[103.9438557,1.3783658],[103.943872,1.3783877],[103.9440117,1.3782842],[103.9439764,1.3782365]]]}},{"type":"Feature","id":"way/685431694-0","properties":{"addr:city":"Singapore","addr:housenumber":"1","addr:postcode":"518353","addr:street":"Riverina View","building":"terrace"},"geometry":{"type":"Polygon","coordinates":[[[103.9441598,1.3781417],[103.9441346,1.3781604],[103.9441193,1.3781398],[103.9439982,1.3782293],[103.9440332,1.3782765],[103.9441795,1.3781683],[103.9441598,1.3781417]]]}},{"type":"Feature","id":"way/685431695-0","properties":{"addr:city":"Singapore","addr:housenumber":"3","addr:postcode":"518355","addr:street":"Riverina View","building":"terrace"},"geometry":{"type":"Polygon","coordinates":[[[103.9440685,1.3783242],[103.9441864,1.378237],[103.9441674,1.3782113],[103.9441958,1.3781903],[103.9441795,1.3781683],[103.9440332,1.3782765],[103.9440685,1.3783242]]]}},{"type":"Feature","id":"way/685431697-0","properties":{"addr:city":"Singapore","addr:housenumber":"5","addr:postcode":"518357","addr:street":"Riverina View","building":"terrace"},"geometry":{"type":"Polygon","coordinates":[[[103.9442303,1.3782318],[103.9441994,1.3782546],[103.9441864,1.378237],[103.9440685,1.3783242],[103.9441001,1.3783669],[103.9442489,1.3782569],[103.9442303,1.3782318]]]}},{"type":"Feature","id":"way/685431704-0","properties":{"addr:city":"Singapore","addr:street":"Riverina View","building":"semidetached_house"},"geometry":{"type":"Polygon","coordinates":[[[103.9442914,1.3780599],[103.9443231,1.3780369],[103.9443383,1.3780578],[103.9444553,1.3779728],[103.944424,1.3779297],[103.9442753,1.3780378],[103.9442914,1.3780599]]]}},{"type":"Feature","id":"way/685431705-0","properties":{"addr:city":"Singapore","addr:street":"Riverina View","building":"semidetached_house"},"geometry":{"type":"Polygon","coordinates":[[[103.9443874,1.3778794],[103.944267,1.3779669],[103.9442855,1.3779923],[103.9442571,1.3780128],[103.9442753,1.3780378],[103.944424,1.3779297],[103.9443874,1.3778794]]]}},{"type":"Feature","id":"way/685431706-0","properties":{"addr:city":"Singapore","addr:street":"Riverina View","building":"semidetached_house"},"geometry":{"type":"Polygon","coordinates":[[[103.9443801,1.3781841],[103.9444118,1.378161],[103.944427,1.3781818],[103.9445438,1.3780963],[103.9445123,1.3780534],[103.944364,1.378162],[103.9443801,1.3781841]]]}},{"type":"Feature","id":"way/685431707-0","properties":{"addr:city":"Singapore","addr:street":"Riverina View","building":"semidetached_house"},"geometry":{"type":"Polygon","coordinates":[[[103.9444755,1.3780032],[103.9443554,1.3780911],[103.944374,1.3781164],[103.9443457,1.3781371],[103.944364,1.378162],[103.9445123,1.3780534],[103.9444755,1.3780032]]]}},{"type":"Feature","id":"way/685431708-0","properties":{"addr:city":"Singapore","addr:street":"Riverina View","building":"semidetached_house"},"geometry":{"type":"Polygon","coordinates":[[[103.9444696,1.3783113],[103.9445008,1.3782877],[103.9445164,1.3783084],[103.944632,1.3782213],[103.9445999,1.3781788],[103.9444531,1.3782894],[103.9444696,1.3783113]]]}},{"type":"Feature","id":"way/685431709-0","properties":{"addr:city":"Singapore","addr:street":"Riverina View","building":"semidetached_house"},"geometry":{"type":"Polygon","coordinates":[[[103.9445625,1.3781291],[103.9444436,1.3782187],[103.9444625,1.3782437],[103.9444345,1.3782648],[103.9444531,1.3782894],[103.9445999,1.3781788],[103.9445625,1.3781291]]]}},{"type":"Feature","id":"way/1153254234-0","properties":{"addr:postcode":"519530","addr:street":"Pasir Ris Drive 1","building":"yes","building:flats":"63","building:levels":"16","name":"55"},"geometry":{"type":"Polygon","coordinates":[[[103.9416908,1.3740217],[103.941724,1.373943],[103.9417169,1.37394],[103.941721,1.3739302],[103.9417055,1.3739237],[103.9417077,1.3739183],[103.9416753,1.3739047],[103.941671,1.373915],[103.941653,1.3739075],[103.9416632,1.3738832],[103.9416808,1.3738906],[103.9416865,1.3738769],[103.9417038,1.3738842],[103.9417086,1.3738728],[103.9417284,1.373881],[103.9417344,1.3738665],[103.9417571,1.3738759],[103.94175,1.373893],[103.9417704,1.3739015],[103.9417976,1.3738359],[103.9417746,1.3738263],[103.9417837,1.3738044],[103.9417066,1.3737725],[103.9416983,1.3737927],[103.9416775,1.3737842],[103.9416853,1.3737654],[103.9416579,1.3737541],[103.9416613,1.3737458],[103.9416091,1.3737241],[103.9415986,1.3737495],[103.9415732,1.3737389],[103.941542,1.3738139],[103.9415721,1.3738264],[103.9415798,1.373808],[103.9415882,1.3738115],[103.9415775,1.3738371],[103.9416073,1.3738496],[103.9415975,1.3738728],[103.9415439,1.3738502],[103.9415399,1.3738596],[103.9415097,1.3738468],[103.9414744,1.3739303],[103.9416908,1.3740217]]]}},{"type":"Feature","id":"way/74480976-0-0-0","properties":{"highway":"primary","lanes":"3","maxspeed":"60","name":"Pasir Ris Drive 1","name:ta":"\u0baa\u0bbe\u0b9a\u0bbf\u0bb0\u0bcd \u0bb0\u0bbf\u0bb8\u0bcd \u0b9f\u0bbf\u0bb0\u0bc8\u0bb5\u0bcd 1","name:zh":"\u5df4\u897f\u7acb1\u901a\u9053","oneway":"yes","sidewalk:left":"separate","sidewalk:right":"no","surface":"asphalt","turn:lanes":"through|through|right"},"geometry":{"type":"LineString","coordinates":[[103.9410641,1.3748553],[103.9409951,1.3748979]]}},{"type":"Feature","id":"way/74480982-0-0-0","properties":{"foot":"yes","highway":"secondary","lanes":"2","maxspeed":"50","name":"Elias Road","oneway":"yes","sidewalk:left":"separate","sidewalk:right":"no","surface":"asphalt"},"geometry":{"type":"LineString","coordinates":[[103.9409688,1.3745793],[103.9409241,1.3744754]]}},{"type":"Feature","id":"way/74480982-0-1-0","properties":{"foot":"yes","highway":"secondary","lanes":"2","maxspeed":"50","name":"Elias Road","oneway":"yes","sidewalk:left":"separate","sidewalk:right":"no","surface":"asphalt"},"geometry":{"type":"LineString","coordinates":[[103.9409241,1.3744754],[103.9408217,1.3742507]]}},{"type":"Feature","id":"way/109687926-0-0-0","properties":{"bridge":"yes","highway":"primary","lanes":"2","layer":"1","maxspeed":"60","name":"Pasir Ris Drive 3","name:ta":"\u0baa\u0bbe\u0b9a\u0bbf\u0bb0\u0bcd \u0bb0\u0bbf\u0bb8\u0bcd \u0b9f\u0bbf\u0bb0\u0bc8\u0bb5\u0bcd 3","name:zh":"\u5df4\u897f\u7acb3\u901a\u9053","oneway":"yes","sidewalk:left":"separate","sidewalk:right":"no","surface":"asphalt"},"geometry":{"type":"LineString","coordinates":[[103.9442561,1.3777822],[103.9450798,1.3773013]]}},{"type":"Feature","id":"way/172846385-0-0-0","properties":{"highway":"primary","lanes":"2","maxspeed":"60","name":"Pasir Ris Drive 3","name:ta":"\u0baa\u0bbe\u0b9a\u0bbf\u0bb0\u0bcd \u0bb0\u0bbf\u0bb8\u0bcd \u0b9f\u0bbf\u0bb0\u0bc8\u0bb5\u0bcd 3","name:zh":"\u5df4\u897f\u7acb3\u901a\u9053","oneway":"yes","sidewalk:left":"separate","sidewalk:right":"no","surface":"asphalt","turn:lanes":"left;through|through"},"geometry":{"type":"LineString","coordinates":[[103.9436419,1.3781062],[103.9434977,1.3782099]]}},{"type":"Feature","id":"way/172846386-0-0-0","properties":{"bridge":"yes","highway":"primary","lanes":"2","layer":"1","maxspeed":"60","name":"Pasir Ris Drive 3","name:ta":"\u0baa\u0bbe\u0b9a\u0bbf\u0bb0\u0bcd \u0bb0\u0bbf\u0bb8\u0bcd \u0b9f\u0bbf\u0bb0\u0bc8\u0bb5\u0bcd 3","name:zh":"\u5df4\u897f\u7acb3\u901a\u9053","oneway":"yes","sidewalk:left":"separate","sidewalk:right":"no","surface":"asphalt"},"geometry":{"type":"LineString","coordinates":[[103.9450293,1.3772168],[103.9442016,1.3777038]]}},{"type":"Feature","id":"way/173089102-0-0-0","properties":{"highway":"primary","lanes":"2","maxspeed":"60","name":"Pasir Ris Drive 1","name:ta":"\u0baa\u0bbe\u0b9a\u0bbf\u0bb0\u0bcd \u0bb0\u0bbf\u0bb8\u0bcd \u0b9f\u0bbf\u0bb0\u0bc8\u0bb5\u0bcd 1","name:zh":"\u5df4\u897f\u7acb1\u901a\u9053","oneway":"yes","sidewalk:left":"separate","sidewalk:right":"no","surface":"asphalt"},"geometry":{"type":"LineString","coordinates":[[103.9410862,1.374951],[103.9411423,1.3749091]]}},{"type":"Feature","id":"way/173089102-0-1-0","properties":{"highway":"primary","lanes":"2","maxspeed":"60","name":"Pasir Ris Drive 1","name:ta":"\u0baa\u0bbe\u0b9a\u0bbf\u0bb0\u0bcd \u0bb0\u0bbf\u0bb8\u0bcd \u0b9f\u0bbf\u0bb0\u0bc8\u0bb5\u0bcd 1","name:zh":"\u5df4\u897f\u7acb1\u901a\u9053","oneway":"yes","sidewalk:left":"separate","sidewalk:right":"no","surface":"asphalt"},"geometry":{"type":"LineString","coordinates":[[103.9411423,1.3749091],[103.9417077,1.37449]]}},{"type":"Feature","id":"way/173089102-0-2-0","properties":{"highway":"primary","lanes":"2","maxspeed":"60","name":"Pasir Ris Drive 1","name:ta":"\u0baa\u0bbe\u0b9a\u0bbf\u0bb0\u0bcd \u0bb0\u0bbf\u0bb8\u0bcd \u0b9f\u0bbf\u0bb0\u0bc8\u0bb5\u0bcd 1","name:zh":"\u5df4\u897f\u7acb1\u901a\u9053","oneway":"yes","sidewalk:left":"separate","sidewalk:right":"no","surface":"asphalt"},"geometry":{"type":"LineString","coordinates":[[103.9417077,1.37449],[103.9418207,1.3744135]]}},{"type":"Feature","id":"way/173089102-0-3-0","properties":{"highway":"primary","lanes":"2","maxspeed":"60","name":"Pasir Ris Drive 1","name:ta":"\u0baa\u0bbe\u0b9a\u0bbf\u0bb0\u0bcd \u0bb0\u0bbf\u0bb8\u0bcd \u0b9f\u0bbf\u0bb0\u0bc8\u0bb5\u0bcd 1","name:zh":"\u5df4\u897f\u7acb1\u901a\u9053","oneway":"yes","sidewalk:left":"separate","sidewalk:right":"no","surface":"asphalt"},"geometry":{"type":"LineString","coordinates":[[103.9418207,1.3744135],[103.9419642,1.3743155]]}},{"type":"Feature","id":"way/173089102-0-4-0","properties":{"highway":"primary","lanes":"2","maxspeed":"60","name":"Pasir Ris Drive 1","name:ta":"\u0baa\u0bbe\u0b9a\u0bbf\u0bb0\u0bcd \u0bb0\u0bbf\u0bb8\u0bcd \u0b9f\u0bbf\u0bb0\u0bc8\u0bb5\u0bcd 1","name:zh":"\u5df4\u897f\u7acb1\u901a\u9053","oneway":"yes","sidewalk:left":"separate","sidewalk:right":"no","surface":"asphalt"},"geometry":{"type":"LineString","coordinates":[[103.9419642,1.3743155],[103.9421606,1.3742072]]}},{"type":"Feature","id":"way/173177381-0-0-0","properties":{"bridge":"yes","highway":"primary","lanes":"2","layer":"1","maxspeed":"60","name":"Pasir Ris Drive 1","name:ta":"\u0baa\u0bbe\u0b9a\u0bbf\u0bb0\u0bcd \u0bb0\u0bbf\u0bb8\u0bcd \u0b9f\u0bbf\u0bb0\u0bc8\u0bb5\u0bcd 1","name:zh":"\u5df4\u897f\u7acb1\u901a\u9053","oneway":"yes","sidewalk:left":"separate","sidewalk:right":"no","surface":"asphalt"},"geometry":{"type":"LineString","coordinates":[[103.9421606,1.3742072],[103.9424715,1.3740652]]}},{"type":"Feature","id":"way/173177382-0-0-0","properties":{"bridge":"yes","highway":"primary","lanes":"2","layer":"1","maxspeed":"60","name":"Pasir Ris Drive 1","name:ta":"\u0baa\u0bbe\u0b9a\u0bbf\u0bb0\u0bcd \u0bb0\u0bbf\u0bb8\u0bcd \u0b9f\u0bbf\u0bb0\u0bc8\u0bb5\u0bcd 1","name:zh":"\u5df4\u897f\u7acb1\u901a\u9053","oneway":"yes","sidewalk:left":"separate","sidewalk:right":"no","surface":"asphalt"},"geometry":{"type":"LineString","coordinates":[[103.9424084,1.3739756],[103.9420971,1.3741156]]}},{"type":"Feature","id":"way/173177385-0-0-0","properties":{"highway":"primary","lanes":"2","maxspeed":"60","name":"Pasir Ris Drive 1","name:ta":"\u0baa\u0bbe\u0b9a\u0bbf\u0bb0\u0bcd \u0bb0\u0bbf\u0bb8\u0bcd \u0b9f\u0bbf\u0bb0\u0bc8\u0bb5\u0bcd 1","name:zh":"\u5df4\u897f\u7acb1\u901a\u9053","oneway":"yes","sidewalk:left":"separate","sidewalk:right":"no","surface":"asphalt","turn:lanes":"through|through"},"geometry":{"type":"LineString","coordinates":[[103.9424715,1.3740652],[103.9425928,1.3740129]]}},{"type":"Feature","id":"way/173177385-0-1-0","properties":{"highway":"primary","lanes":"2","maxspeed":"60","name":"Pasir Ris Drive 1","name:ta":"\u0baa\u0bbe\u0b9a\u0bbf\u0bb0\u0bcd \u0bb0\u0bbf\u0bb8\u0bcd \u0b9f\u0bbf\u0bb0\u0bc8\u0bb5\u0bcd 1","name:zh":"\u5df4\u897f\u7acb1\u901a\u9053","oneway":"yes","sidewalk:left":"separate","sidewalk:right":"no","surface":"asphalt","turn:lanes":"through|through"},"geometry":{"type":"LineString","coordinates":[[103.9425928,1.3740129],[103.9431028,1.3738138]]}},{"type":"Feature","id":"way/173177387-0-0-0","properties":{"highway":"primary","lanes":"2","maxspeed":"60","name":"Pasir Ris Drive 1","name:ta":"\u0baa\u0bbe\u0b9a\u0bbf\u0bb0\u0bcd \u0bb0\u0bbf\u0bb8\u0bcd \u0b9f\u0bbf\u0bb0\u0bc8\u0bb5\u0bcd 1","name:zh":"\u5df4\u897f\u7acb1\u901a\u9053","oneway":"yes","sidewalk:left":"separate","sidewalk:right":"no","smoothness":"excellent","surface":"asphalt","turn:lanes":"through|through"},"geometry":{"type":"LineString","coordinates":[[103.9420971,1.3741156],[103.9419358,1.3742086]]}},{"type":"Feature","id":"way/173177387-0-1-0","properties":{"highway":"primary","lanes":"2","maxspeed":"60","name":"Pasir Ris Drive 1","name:ta":"\u0baa\u0bbe\u0b9a\u0bbf\u0bb0\u0bcd \u0bb0\u0bbf\u0bb8\u0bcd \u0b9f\u0bbf\u0bb0\u0bc8\u0bb5\u0bcd 1","name:zh":"\u5df4\u897f\u7acb1\u901a\u9053","oneway":"yes","sidewalk:left":"separate","sidewalk:right":"no","smoothness":"excellent","surface":"asphalt","turn:lanes":"through|through"},"geometry":{"type":"LineString","coordinates":[[103.9419358,1.3742086],[103.9418494,1.3742646]]}},{"type":"Feature","id":"way/173177387-0-2-0","properties":{"highway":"primary","lanes":"2","maxspeed":"60","name":"Pasir Ris Drive 1","name:ta":"\u0baa\u0bbe\u0b9a\u0bbf\u0bb0\u0bcd \u0bb0\u0bbf\u0bb8\u0bcd \u0b9f\u0bbf\u0bb0\u0bc8\u0bb5\u0bcd 1","name:zh":"\u5df4\u897f\u7acb1\u901a\u9053","oneway":"yes","sidewalk:left":"separate","sidewalk:right":"no","smoothness":"excellent","surface":"asphalt","turn:lanes":"through|through"},"geometry":{"type":"LineString","coordinates":[[103.9418494,1.3742646],[103.9417615,1.3743226]]}},{"type":"Feature","id":"way/173177387-0-3-0","properties":{"highway":"primary","lanes":"2","maxspeed":"60","name":"Pasir Ris Drive 1","name:ta":"\u0baa\u0bbe\u0b9a\u0bbf\u0bb0\u0bcd \u0bb0\u0bbf\u0bb8\u0bcd \u0b9f\u0bbf\u0bb0\u0bc8\u0bb5\u0bcd 1","name:zh":"\u5df4\u897f\u7acb1\u901a\u9053","oneway":"yes","sidewalk:left":"separate","sidewalk:right":"no","smoothness":"excellent","surface":"asphalt","turn:lanes":"through|through"},"geometry":{"type":"LineString","coordinates":[[103.9417615,1.3743226],[103.941645,1.3744023]]}},{"type":"Feature","id":"way/173274729-0-3-0","properties":{"highway":"residential","lanes":"2","lanes:backward":"1","lanes:forward":"1","lit":"yes","maxspeed":"50","maxspeed:type":"SG:urban","name":"Riverina Walk","sidewalk:both":"separate","surface":"asphalt","turn:lanes:forward":"left"},"geometry":{"type":"LineString","coordinates":[[103.943759,1.3783167],[103.9437916,1.378285]]}},{"type":"Feature","id":"way/173274729-0-4-0","properties":{"highway":"residential","lanes":"2","lanes:backward":"1","lanes:forward":"1","lit":"yes","maxspeed":"50","maxspeed:type":"SG:urban","name":"Riverina Walk","sidewalk:both":"separate","surface":"asphalt","turn:lanes:forward":"left"},"geometry":{"type":"LineString","coordinates":[[103.9437916,1.378285],[103.9438518,1.3782429]]}},{"type":"Feature","id":"way/173961730-0-0-0","properties":{"check_date:surface":"2025-12-18","highway":"secondary","lanes":"3","maxspeed":"50","name":"Elias Road","oneway":"yes","sidewalk:left":"separate","sidewalk:right":"no","surface":"asphalt","turn:lanes":"through|through|right"},"geometry":{"type":"LineString","coordinates":[[103.9410862,1.374951],[103.9410641,1.3748553]]}},{"type":"Feature","id":"way/175959511-0-0-0","properties":{"highway":"primary","lanes":"2","maxspeed":"60","name":"Pasir Ris Drive 3","name:ta":"\u0baa\u0bbe\u0b9a\u0bbf\u0bb0\u0bcd \u0bb0\u0bbf\u0bb8\u0bcd \u0b9f\u0bbf\u0bb0\u0bc8\u0bb5\u0bcd 3","name:zh":"\u5df4\u897f\u7acb3\u901a\u9053","oneway":"yes","shoulder":"no","sidewalk:left":"separate","sidewalk:right":"no","surface":"asphalt","turn:lanes":"left;through|through"},"geometry":{"type":"LineString","coordinates":[[103.9439423,1.3779982],[103.9439753,1.3779762]]}},{"type":"Feature","id":"way/175959511-0-1-0","properties":{"highway":"primary","lanes":"2","maxspeed":"60","name":"Pasir Ris Drive 3","name:ta":"\u0baa\u0bbe\u0b9a\u0bbf\u0bb0\u0bcd \u0bb0\u0bbf\u0bb8\u0bcd \u0b9f\u0bbf\u0bb0\u0bc8\u0bb5\u0bcd 3","name:zh":"\u5df4\u897f\u7acb3\u901a\u9053","oneway":"yes","shoulder":"no","sidewalk:left":"separate","sidewalk:right":"no","surface":"asphalt","turn:lanes":"left;through|through"},"geometry":{"type":"LineString","coordinates":[[103.9439753,1.3779762],[103.9440877,1.3779011]]}},{"type":"Feature","id":"way/282689763-0-0-0","properties":{"highway":"service","lanes":"2","lanes:backward":"1","lanes:forward":"1","oneway":"no","service":"driveway","sidewalk":"both"},"geometry":{"type":"LineString","coordinates":[[103.9412991,1.3774727],[103.9412353,1.3774915]]}},{"type":"Feature","id":"way/282689763-0-1-0","properties":{"highway":"service","lanes":"2","lanes:backward":"1","lanes:forward":"1","oneway":"no","service":"driveway","sidewalk":"both"},"geometry":{"type":"LineString","coordinates":[[103.9412353,1.3774915],[103.9411587,1.3775141]]}},{"type":"Feature","id":"way/282689763-0-2-0","properties":{"highway":"service","lanes":"2","lanes:backward":"1","lanes:forward":"1","oneway":"no","service":"driveway","sidewalk":"both"},"geometry":{"type":"LineString","coordinates":[[103.9411587,1.3775141],[103.941133,1.3775217]]}},{"type":"Feature","id":"way/465055330-0-0-0","properties":{"highway":"service","lanes":"2","lanes:backward":"1","lanes:forward":"1","service":"parking_aisle","sidewalk":"right","turn:lanes:backward":"left;right"},"geometry":{"type":"LineString","coordinates":[[103.9429311,1.3774159],[103.9431806,1.37724]]}},{"type":"Feature","id":"way/465055359-0-0-0","properties":{"highway":"service","service":"parking_aisle","surface":"paving_stones"},"geometry":{"type":"LineString","coordinates":[[103.9451406,1.3762821],[103.9451624,1.3762839]]}},{"type":"Feature","id":"way/465055359-0-1-0","properties":{"highway":"service","service":"parking_aisle","surface":"paving_stones"},"geometry":{"type":"LineString","coordinates":[[103.9451624,1.3762839],[103.9454378,1.3761274]]}},{"type":"Feature","id":"way/465055360-0-0-0","properties":{"highway":"service","oneway":"yes","service":"parking_aisle","surface":"paving_stones"},"geometry":{"type":"LineString","coordinates":[[103.9451393,1.375735],[103.9451405,1.37575]]}},{"type":"Feature","id":"way/465055360-0-1-0","properties":{"highway":"service","oneway":"yes","service":"parking_aisle","surface":"paving_stones"},"geometry":{"type":"LineString","coordinates":[[103.9451405,1.37575],[103.9451851,1.3758294]]}},{"type":"Feature","id":"way/465055360-0-2-0","properties":{"highway":"service","oneway":"yes","service":"parking_aisle","surface":"paving_stones"},"geometry":{"type":"LineString","coordinates":[[103.9451851,1.3758294],[103.9451967,1.3758339]]}},{"type":"Feature","id":"way/465055362-0-0-0","properties":{"highway":"service","lanes":"2","lanes:backward":"1","lanes:forward":"1","service":"parking_aisle","sidewalk":"both"},"geometry":{"type":"LineString","coordinates":[[103.9421185,1.3762522],[103.9420035,1.3763425]]}},{"type":"Feature","id":"way/465055362-0-1-0","properties":{"highway":"service","lanes":"2","lanes:backward":"1","lanes:forward":"1","service":"parking_aisle","sidewalk":"both"},"geometry":{"type":"LineString","coordinates":[[103.9420035,1.3763425],[103.9416632,1.37661]]}},{"type":"Feature","id":"way/465055362-0-2-0","properties":{"highway":"service","lanes":"2","lanes:backward":"1","lanes:forward":"1","service":"parking_aisle","sidewalk":"both"},"geometry":{"type":"LineString","coordinates":[[103.9416632,1.37661],[103.9415364,1.3766556]]}},{"type":"Feature","id":"way/465055362-0-3-0","properties":{"highway":"service","lanes":"2","lanes:backward":"1","lanes:forward":"1","service":"parking_aisle","sidewalk":"both"},"geometry":{"type":"LineString","coordinates":[[103.9415364,1.3766556],[103.9413568,1.3766836]]}},{"type":"Feature","id":"way/465055362-0-4-0","properties":{"highway":"service","lanes":"2","lanes:backward":"1","lanes:forward":"1","service":"parking_aisle","sidewalk":"both"},"geometry":{"type":"LineString","coordinates":[[103.9413568,1.3766836],[103.9413003,1.3766924]]}},{"type":"Feature","id":"way/465055363-0-0-0","properties":{"highway":"service","lanes":"2","lanes:backward":"1","lanes:forward":"1","service":"parking_aisle","sidewalk":"both"},"geometry":{"type":"LineString","coordinates":[[103.9427696,1.3771846],[103.9424256,1.3766919]]}},{"type":"Feature","id":"way/470890600-0-0-0","properties":{"highway":"primary","lanes":"4","maxspeed":"60","name":"Pasir Ris Drive 1","name:ta":"\u0baa\u0bbe\u0b9a\u0bbf\u0bb0\u0bcd \u0bb0\u0bbf\u0bb8\u0bcd \u0b9f\u0bbf\u0bb0\u0bc8\u0bb5\u0bcd 1","name:zh":"\u5df4\u897f\u7acb1\u901a\u9053","oneway":"yes","sidewalk:left":"separate","sidewalk:right":"no","smoothness":"excellent","surface":"asphalt","turn:lanes":"left|through|through|right"},"geometry":{"type":"LineString","coordinates":[[103.941645,1.3744023],[103.9413253,1.3746482]]}},{"type":"Feature","id":"way/470890601-0-0-0","properties":{"highway":"primary_link","lanes":"1","maxspeed":"50","oneway":"yes","sidewalk:both":"separate","surface":"asphalt"},"geometry":{"type":"LineString","coordinates":[[103.9413253,1.3746482],[103.9411783,1.3746692]]}},{"type":"Feature","id":"way/470890601-0-1-0","properties":{"highway":"primary_link","lanes":"1","maxspeed":"50","oneway":"yes","sidewalk:both":"separate","surface":"asphalt"},"geometry":{"type":"LineString","coordinates":[[103.9411783,1.3746692],[103.9411092,1.3746658]]}},{"type":"Feature","id":"way/470890601-0-2-0","properties":{"highway":"primary_link","lanes":"1","maxspeed":"50","oneway":"yes","sidewalk:both":"separate","surface":"asphalt"},"geometry":{"type":"LineString","coordinates":[[103.9411092,1.3746658],[103.9410473,1.374651]]}},{"type":"Feature","id":"way/470890601-0-3-0","properties":{"highway":"primary_link","lanes":"1","maxspeed":"50","oneway":"yes","sidewalk:both":"separate","surface":"asphalt"},"geometry":{"type":"LineString","coordinates":[[103.9410473,1.374651],[103.9409688,1.3745793]]}},{"type":"Feature","id":"way/470890602-0-0-0","properties":{"highway":"primary","lanes":"3","maxspeed":"60","name":"Pasir Ris Drive 1","name:ta":"\u0baa\u0bbe\u0b9a\u0bbf\u0bb0\u0bcd \u0bb0\u0bbf\u0bb8\u0bcd \u0b9f\u0bbf\u0bb0\u0bc8\u0bb5\u0bcd 1","name:zh":"\u5df4\u897f\u7acb1\u901a\u9053","oneway":"yes","sidewalk:left":"separate","sidewalk:right":"no","surface":"asphalt","turn:lanes":"through|through|right"},"geometry":{"type":"LineString","coordinates":[[103.9413253,1.3746482],[103.9411319,1.3748132]]}},{"type":"Feature","id":"way/470890602-0-1-0","properties":{"highway":"primary","lanes":"3","maxspeed":"60","name":"Pasir Ris Drive 1","name:ta":"\u0baa\u0bbe\u0b9a\u0bbf\u0bb0\u0bcd \u0bb0\u0bbf\u0bb8\u0bcd \u0b9f\u0bbf\u0bb0\u0bc8\u0bb5\u0bcd 1","name:zh":"\u5df4\u897f\u7acb1\u901a\u9053","oneway":"yes","sidewalk:left":"separate","sidewalk:right":"no","surface":"asphalt","turn:lanes":"through|through|right"},"geometry":{"type":"LineString","coordinates":[[103.9411319,1.3748132],[103.9410641,1.3748553]]}},{"type":"Feature","id":"way/470898568-0-0-0","properties":{"highway":"secondary","lanes":"3","maxspeed":"50","name":"Elias Road","oneway":"yes","sidewalk:left":"separate","sidewalk:right":"no","surface":"asphalt","turn:lanes":"left;through|through|right"},"geometry":{"type":"LineString","coordinates":[[103.9411909,1.3757283],[103.9411166,1.3751581]]}},{"type":"Feature","id":"way/470898568-0-1-0","properties":{"highway":"secondary","lanes":"3","maxspeed":"50","name":"Elias Road","oneway":"yes","sidewalk:left":"separate","sidewalk:right":"no","surface":"asphalt","turn:lanes":"left;through|through|right"},"geometry":{"type":"LineString","coordinates":[[103.9411166,1.3751581],[103.9411002,1.3750356]]}},{"type":"Feature","id":"way/470898568-0-2-0","properties":{"highway":"secondary","lanes":"3","maxspeed":"50","name":"Elias Road","oneway":"yes","sidewalk:left":"separate","sidewalk:right":"no","surface":"asphalt","turn:lanes":"left;through|through|right"},"geometry":{"type":"LineString","coordinates":[[103.9411002,1.3750356],[103.9410862,1.374951]]}},{"type":"Feature","id":"way/470922336-0-0-0","properties":{"highway":"secondary","lanes":"2","maxspeed":"50","name":"Elias Road","oneway":"yes","sidewalk:left":"separate","sidewalk:right":"no","surface":"asphalt"},"geometry":{"type":"LineString","coordinates":[[103.9410445,1.3752225],[103.9410701,1.3754292]]}},{"type":"Feature","id":"way/470922336-0-1-0","properties":{"highway":"secondary","lanes":"2","maxspeed":"50","name":"Elias Road","oneway":"yes","sidewalk:left":"separate","sidewalk:right":"no","surface":"asphalt"},"geometry":{"type":"LineString","coordinates":[[103.9410701,1.3754292],[103.9411693,1.3761937]]}},{"type":"Feature","id":"way/470922337-0-0-0","properties":{"highway":"secondary","lanes":"3","maxspeed":"50","name":"Elias Road","oneway":"yes","sidewalk:left":"separate","sidewalk:right":"no","surface":"asphalt","turn:lanes":"left;through|through|right"},"geometry":{"type":"LineString","coordinates":[[103.9407806,1.3743325],[103.9409291,1.3746827]]}},{"type":"Feature","id":"way/470922337-0-1-0","properties":{"highway":"secondary","lanes":"3","maxspeed":"50","name":"Elias Road","oneway":"yes","sidewalk:left":"separate","sidewalk:right":"no","surface":"asphalt","turn:lanes":"left;through|through|right"},"geometry":{"type":"LineString","coordinates":[[103.9409291,1.3746827],[103.9409727,1.3748022]]}},{"type":"Feature","id":"way/470922337-0-2-0","properties":{"highway":"secondary","lanes":"3","maxspeed":"50","name":"Elias Road","oneway":"yes","sidewalk:left":"separate","sidewalk:right":"no","surface":"asphalt","turn:lanes":"left;through|through|right"},"geometry":{"type":"LineString","coordinates":[[103.9409727,1.3748022],[103.9409951,1.3748979]]}},{"type":"Feature","id":"way/528901623-0-0-0","properties":{"highway":"primary","lanes":"3","maxspeed":"60","name":"Pasir Ris Drive 1","name:ta":"\u0baa\u0bbe\u0b9a\u0bbf\u0bb0\u0bcd \u0bb0\u0bbf\u0bb8\u0bcd \u0b9f\u0bbf\u0bb0\u0bc8\u0bb5\u0bcd 1","name:zh":"\u5df4\u897f\u7acb1\u901a\u9053","oneway":"yes","sidewalk:left":"separate","sidewalk:right":"no","surface":"asphalt"},"geometry":{"type":"LineString","coordinates":[[103.9410147,1.3750066],[103.9410862,1.374951]]}},{"type":"Feature","id":"way/537933583-0-0-0","properties":{"highway":"secondary","lanes":"3","maxspeed":"50","name":"Elias Road","oneway":"yes","sidewalk:left":"separate","sidewalk:right":"no","surface":"asphalt"},"geometry":{"type":"LineString","coordinates":[[103.9409951,1.3748979],[103.9410147,1.3750066]]}},{"type":"Feature","id":"way/537933584-0-0-0","properties":{"highway":"primary","lanes":"2","maxspeed":"60","name":"Pasir Ris Drive 1","name:ta":"\u0baa\u0bbe\u0b9a\u0bbf\u0bb0\u0bcd \u0bb0\u0bbf\u0bb8\u0bcd \u0b9f\u0bbf\u0bb0\u0bc8\u0bb5\u0bcd 1","name:zh":"\u5df4\u897f\u7acb1\u901a\u9053","oneway":"yes","sidewalk:left":"separate","sidewalk:right":"no","surface":"asphalt","turn:lanes":"left;through|through"},"geometry":{"type":"LineString","coordinates":[[103.9409951,1.3748979],[103.9409368,1.3749369]]}},{"type":"Feature","id":"way/537933584-0-1-0","properties":{"highway":"primary","lanes":"2","maxspeed":"60","name":"Pasir Ris Drive 1","name:ta":"\u0baa\u0bbe\u0b9a\u0bbf\u0bb0\u0bcd \u0bb0\u0bbf\u0bb8\u0bcd \u0b9f\u0bbf\u0bb0\u0bc8\u0bb5\u0bcd 1","name:zh":"\u5df4\u897f\u7acb1\u901a\u9053","oneway":"yes","sidewalk:left":"separate","sidewalk:right":"no","surface":"asphalt","turn:lanes":"left;through|through"},"geometry":{"type":"LineString","coordinates":[[103.9409368,1.3749369],[103.9407872,1.3750435]]}},{"type":"Feature","id":"way/539116071-0-0-0","properties":{"highway":"service","service":"driveway"},"geometry":{"type":"LineString","coordinates":[[103.9414339,1.3778618],[103.9414929,1.3778532]]}},{"type":"Feature","id":"way/539116071-0-1-0","properties":{"highway":"service","service":"driveway"},"geometry":{"type":"LineString","coordinates":[[103.9414929,1.3778532],[103.9417074,1.3778285]]}},{"type":"Feature","id":"way/539116073-0-0-0","properties":{"highway":"service","lanes":"2","lanes:backward":"1","lanes:forward":"1","service":"parking_aisle","sidewalk":"both"},"geometry":{"type":"LineString","coordinates":[[103.9422807,1.37832],[103.9427748,1.3779456]]}},{"type":"Feature","id":"way/539116073-0-1-0","properties":{"highway":"service","lanes":"2","lanes:backward":"1","lanes:forward":"1","service":"parking_aisle","sidewalk":"both"},"geometry":{"type":"LineString","coordinates":[[103.9427748,1.3779456],[103.9429326,1.377826]]}},{"type":"Feature","id":"way/539116075-0-0-0","properties":{"highway":"service","lanes":"2","lanes:backward":"1","lanes:forward":"1"},"geometry":{"type":"LineString","coordinates":[[103.9420661,1.3777059],[103.9427696,1.3771846]]}},{"type":"Feature","id":"way/539116078-0-0-0","properties":{"highway":"service","service":"parking_aisle","sidewalk":"both"},"geometry":{"type":"LineString","coordinates":[[103.942903,1.3766655],[103.9429097,1.376683]]}},{"type":"Feature","id":"way/539116078-0-1-0","properties":{"highway":"service","service":"parking_aisle","sidewalk":"both"},"geometry":{"type":"LineString","coordinates":[[103.9429097,1.376683],[103.9430653,1.3769048]]}},{"type":"Feature","id":"way/539116080-0-0-0","properties":{"highway":"service","service":"parking_aisle","sidewalk":"both"},"geometry":{"type":"LineString","coordinates":[[103.9432644,1.3763934],[103.9432443,1.3763967]]}},{"type":"Feature","id":"way/539116080-0-1-0","properties":{"highway":"service","service":"parking_aisle","sidewalk":"both"},"geometry":{"type":"LineString","coordinates":[[103.9432443,1.3763967],[103.942907,1.3766474]]}},{"type":"Feature","id":"way/539116080-0-2-0","properties":{"highway":"service","service":"parking_aisle","sidewalk":"both"},"geometry":{"type":"LineString","coordinates":[[103.942907,1.3766474],[103.942903,1.3766655]]}},{"type":"Feature","id":"way/539116081-0-0-0","properties":{"highway":"service","service":"parking_aisle","sidewalk":"left"},"geometry":{"type":"LineString","coordinates":[[103.9439282,1.3773727],[103.943924,1.3773507]]}},{"type":"Feature","id":"way/539116081-0-1-0","properties":{"highway":"service","service":"parking_aisle","sidewalk":"left"},"geometry":{"type":"LineString","coordinates":[[103.943924,1.3773507],[103.9436267,1.3769147]]}},{"type":"Feature","id":"way/539116083-0-0-0","properties":{"highway":"service","service":"parking_aisle","sidewalk":"both"},"geometry":{"type":"LineString","coordinates":[[103.9435159,1.3775264],[103.9435691,1.3776041]]}},{"type":"Feature","id":"way/539116083-0-1-0","properties":{"highway":"service","service":"parking_aisle","sidewalk":"both"},"geometry":{"type":"LineString","coordinates":[[103.9435691,1.3776041],[103.9435886,1.3776117]]}},{"type":"Feature","id":"way/539116083-0-2-0","properties":{"highway":"service","service":"parking_aisle","sidewalk":"both"},"geometry":{"type":"LineString","coordinates":[[103.9435886,1.3776117],[103.9436088,1.3776109]]}},{"type":"Feature","id":"way/539116083-0-3-0","properties":{"highway":"service","service":"parking_aisle","sidewalk":"both"},"geometry":{"type":"LineString","coordinates":[[103.9436088,1.3776109],[103.9439147,1.3773938]]}},{"type":"Feature","id":"way/539116083-0-4-0","properties":{"highway":"service","service":"parking_aisle","sidewalk":"both"},"geometry":{"type":"LineString","coordinates":[[103.9439147,1.3773938],[103.9439282,1.3773727]]}},{"type":"Feature","id":"way/539116085-0-0-0","properties":{"highway":"service","sidewalk":"both"},"geometry":{"type":"LineString","coordinates":[[103.9428842,1.3759033],[103.9428795,1.3758846]]}},{"type":"Feature","id":"way/539116085-0-1-0","properties":{"highway":"service","sidewalk":"both"},"geometry":{"type":"LineString","coordinates":[[103.9428795,1.3758846],[103.9427219,1.3756452]]}},{"type":"Feature","id":"way/539116087-0-0-0","properties":{"highway":"service","sidewalk":"both"},"geometry":{"type":"LineString","coordinates":[[103.9425402,1.3761534],[103.9425664,1.376148]]}},{"type":"Feature","id":"way/539116087-0-1-0","properties":{"highway":"service","sidewalk":"both"},"geometry":{"type":"LineString","coordinates":[[103.9425664,1.376148],[103.9426874,1.3760602]]}},{"type":"Feature","id":"way/539116087-0-2-0","properties":{"highway":"service","sidewalk":"both"},"geometry":{"type":"LineString","coordinates":[[103.9426874,1.3760602],[103.9428768,1.3759228]]}},{"type":"Feature","id":"way/539116087-0-3-0","properties":{"highway":"service","sidewalk":"both"},"geometry":{"type":"LineString","coordinates":[[103.9428768,1.3759228],[103.9428842,1.3759033]]}},{"type":"Feature","id":"way/539116089-0-0-0","properties":{"highway":"service","lanes":"2","lanes:backward":"1","lanes:forward":"1","sidewalk":"left","turn:lanes:backward":"left;right"},"geometry":{"type":"LineString","coordinates":[[103.9420676,1.3761793],[103.9421627,1.3761091]]}},{"type":"Feature","id":"way/539116090-0-0-0","properties":{"highway":"service","sidewalk":"both"},"geometry":{"type":"LineString","coordinates":[[103.942382,1.3759757],[103.9424034,1.3759871]]}},{"type":"Feature","id":"way/539116090-0-1-0","properties":{"highway":"service","sidewalk":"both"},"geometry":{"type":"LineString","coordinates":[[103.9424034,1.3759871],[103.9424568,1.3760568]]}},{"type":"Feature","id":"way/539116090-0-2-0","properties":{"highway":"service","sidewalk":"both"},"geometry":{"type":"LineString","coordinates":[[103.9424568,1.3760568],[103.9425134,1.3761453]]}},{"type":"Feature","id":"way/539116090-0-3-0","properties":{"highway":"service","sidewalk":"both"},"geometry":{"type":"LineString","coordinates":[[103.9425134,1.3761453],[103.9425402,1.3761534]]}},{"type":"Feature","id":"way/539116092-0-0-0","properties":{"highway":"service","sidewalk":"both"},"geometry":{"type":"LineString","coordinates":[[103.9420447,1.3747443],[103.9420702,1.374753]]}},{"type":"Feature","id":"way/539116092-0-1-0","properties":{"highway":"service","sidewalk":"both"},"geometry":{"type":"LineString","coordinates":[[103.9420702,1.374753],[103.9423364,1.3751317]]}},{"type":"Feature","id":"way/539116093-0-0-0","properties":{"highway":"service","sidewalk":"left"},"geometry":{"type":"LineString","coordinates":[[103.9420634,1.3756834],[103.9416303,1.3750687]]}},{"type":"Feature","id":"way/539116093-0-1-0","properties":{"highway":"service","sidewalk":"left"},"geometry":{"type":"LineString","coordinates":[[103.9416303,1.3750687],[103.9416249,1.3750386]]}},{"type":"Feature","id":"way/539116094-0-0-0","properties":{"highway":"service","sidewalk":"left"},"geometry":{"type":"LineString","coordinates":[[103.9416249,1.3750386],[103.9416363,1.3750104]]}},{"type":"Feature","id":"way/539116094-0-1-0","properties":{"highway":"service","sidewalk":"left"},"geometry":{"type":"LineString","coordinates":[[103.9416363,1.3750104],[103.941985,1.3747563]]}},{"type":"Feature","id":"way/539116094-0-2-0","properties":{"highway":"service","sidewalk":"left"},"geometry":{"type":"LineString","coordinates":[[103.941985,1.3747563],[103.9420165,1.3747443]]}},{"type":"Feature","id":"way/539116094-0-3-0","properties":{"highway":"service","sidewalk":"left"},"geometry":{"type":"LineString","coordinates":[[103.9420165,1.3747443],[103.9420447,1.3747443]]}},{"type":"Feature","id":"way/539116096-0-0-0","properties":{"highway":"service","sidewalk":"right"},"geometry":{"type":"LineString","coordinates":[[103.9418363,1.3758487],[103.9420634,1.3756834]]}},{"type":"Feature","id":"way/539275602-0-0-0","properties":{"highway":"service","service":"parking_aisle"},"geometry":{"type":"LineString","coordinates":[[103.9447869,1.3763514],[103.9450032,1.3766575]]}},{"type":"Feature","id":"way/539275603-0-0-0","properties":{"highway":"service","service":"parking_aisle"},"geometry":{"type":"LineString","coordinates":[[103.944513,1.37615],[103.9446205,1.3763004]]}},{"type":"Feature","id":"way/539275604-0-0-0","properties":{"highway":"service","service":"parking_aisle","surface":"paving_stones"},"geometry":{"type":"LineString","coordinates":[[103.9450105,1.3760897],[103.9450246,1.3760977]]}},{"type":"Feature","id":"way/539275604-0-1-0","properties":{"highway":"service","service":"parking_aisle","surface":"paving_stones"},"geometry":{"type":"LineString","coordinates":[[103.9450246,1.3760977],[103.9451266,1.3762737]]}},{"type":"Feature","id":"way/539275604-0-2-0","properties":{"highway":"service","service":"parking_aisle","surface":"paving_stones"},"geometry":{"type":"LineString","coordinates":[[103.9451266,1.3762737],[103.9451406,1.3762821]]}},{"type":"Feature","id":"way/539275605-0-0-0","properties":{"highway":"service","service":"parking_aisle","surface":"paving_stones"},"geometry":{"type":"LineString","coordinates":[[103.9447149,1.3762463],[103.9449897,1.376091]]}},{"type":"Feature","id":"way/539275605-0-1-0","properties":{"highway":"service","service":"parking_aisle","surface":"paving_stones"},"geometry":{"type":"LineString","coordinates":[[103.9449897,1.376091],[103.9450105,1.3760897]]}},{"type":"Feature","id":"way/539275606-0-0-0","properties":{"highway":"service","oneway":"yes","service":"parking_aisle","surface":"paving_stones"},"geometry":{"type":"LineString","coordinates":[[103.9447149,1.3762463],[103.9446205,1.3763004]]}},{"type":"Feature","id":"way/539275607-0-0-0","properties":{"highway":"service","oneway":"yes","service":"parking_aisle"},"geometry":{"type":"LineString","coordinates":[[103.944699,1.376401],[103.9447093,1.3763992]]}},{"type":"Feature","id":"way/539275607-0-1-0","properties":{"highway":"service","oneway":"yes","service":"parking_aisle"},"geometry":{"type":"LineString","coordinates":[[103.9447093,1.3763992],[103.9447869,1.3763514]]}},{"type":"Feature","id":"way/539275608-0-0-0","properties":{"highway":"service","oneway":"yes","service":"parking_aisle"},"geometry":{"type":"LineString","coordinates":[[103.9446205,1.3763004],[103.9446899,1.3763956]]}},{"type":"Feature","id":"way/539275608-0-1-0","properties":{"highway":"service","oneway":"yes","service":"parking_aisle"},"geometry":{"type":"LineString","coordinates":[[103.9446899,1.3763956],[103.944699,1.376401]]}},{"type":"Feature","id":"way/539275609-0-0-0","properties":{"highway":"service","oneway":"yes","service":"parking_aisle","surface":"paving_stones"},"geometry":{"type":"LineString","coordinates":[[103.9452671,1.3756581],[103.9451483,1.3757235]]}},{"type":"Feature","id":"way/539275609-0-1-0","properties":{"highway":"service","oneway":"yes","service":"parking_aisle","surface":"paving_stones"},"geometry":{"type":"LineString","coordinates":[[103.9451483,1.3757235],[103.9451393,1.375735]]}},{"type":"Feature","id":"way/539275611-0-0-0","properties":{"highway":"service","oneway":"yes","service":"parking_aisle"},"geometry":{"type":"LineString","coordinates":[[103.9447869,1.3763514],[103.9447149,1.3762463]]}},{"type":"Feature","id":"way/539275616-0-0-0","properties":{"highway":"service","oneway":"yes","service":"parking_aisle","surface":"paving_stones"},"geometry":{"type":"LineString","coordinates":[[103.9453195,1.3757658],[103.9453172,1.37575]]}},{"type":"Feature","id":"way/539275616-0-1-0","properties":{"highway":"service","oneway":"yes","service":"parking_aisle","surface":"paving_stones"},"geometry":{"type":"LineString","coordinates":[[103.9453172,1.37575],[103.9452671,1.3756581]]}},{"type":"Feature","id":"way/539275619-0-0-0","properties":{"highway":"service","oneway":"yes","service":"parking_aisle","surface":"paving_stones"},"geometry":{"type":"LineString","coordinates":[[103.9451967,1.3758339],[103.9452103,1.3758325]]}},{"type":"Feature","id":"way/539275619-0-1-0","properties":{"highway":"service","oneway":"yes","service":"parking_aisle","surface":"paving_stones"},"geometry":{"type":"LineString","coordinates":[[103.9452103,1.3758325],[103.9452667,1.3758027]]}},{"type":"Feature","id":"way/539275619-0-2-0","properties":{"highway":"service","oneway":"yes","service":"parking_aisle","surface":"paving_stones"},"geometry":{"type":"LineString","coordinates":[[103.9452667,1.3758027],[103.9453121,1.3757759]]}},{"type":"Feature","id":"way/539275619-0-3-0","properties":{"highway":"service","oneway":"yes","service":"parking_aisle","surface":"paving_stones"},"geometry":{"type":"LineString","coordinates":[[103.9453121,1.3757759],[103.9453195,1.3757658]]}},{"type":"Feature","id":"way/539275622-0-2-0","properties":{"highway":"service","service":"parking_aisle","surface":"paving_stones"},"geometry":{"type":"LineString","coordinates":[[103.9453336,1.3756214],[103.9452671,1.3756581]]}},{"type":"Feature","id":"way/539279070-0-0-0","properties":{"highway":"service","oneway":"yes","service":"parking_aisle"},"geometry":{"type":"LineString","coordinates":[[103.9443003,1.3746126],[103.9443115,1.3746119]]}},{"type":"Feature","id":"way/539279070-0-1-0","properties":{"highway":"service","oneway":"yes","service":"parking_aisle"},"geometry":{"type":"LineString","coordinates":[[103.9443115,1.3746119],[103.9444403,1.3745605]]}},{"type":"Feature","id":"way/539279071-0-0-0","properties":{"highway":"service","lanes":"2","lanes:backward":"1","lanes:forward":"1"},"geometry":{"type":"LineString","coordinates":[[103.9441849,1.3741076],[103.9443186,1.3744628]]}},{"type":"Feature","id":"way/539279072-0-0-0","properties":{"highway":"service","oneway":"yes"},"geometry":{"type":"LineString","coordinates":[[103.9444403,1.3745605],[103.9444008,1.3744498]]}},{"type":"Feature","id":"way/539279072-0-1-0","properties":{"highway":"service","oneway":"yes"},"geometry":{"type":"LineString","coordinates":[[103.9444008,1.3744498],[103.9443897,1.3744428]]}},{"type":"Feature","id":"way/539279073-0-0-0","properties":{"highway":"service","oneway":"yes","service":"parking_aisle"},"geometry":{"type":"LineString","coordinates":[[103.9442574,1.374496],[103.9442563,1.37451]]}},{"type":"Feature","id":"way/539279073-0-1-0","properties":{"highway":"service","oneway":"yes","service":"parking_aisle"},"geometry":{"type":"LineString","coordinates":[[103.9442563,1.37451],[103.9442914,1.3746065]]}},{"type":"Feature","id":"way/539279073-0-2-0","properties":{"highway":"service","oneway":"yes","service":"parking_aisle"},"geometry":{"type":"LineString","coordinates":[[103.9442914,1.3746065],[103.9443003,1.3746126]]}},{"type":"Feature","id":"way/539279074-0-0-0","properties":{"highway":"service","oneway":"yes"},"geometry":{"type":"LineString","coordinates":[[103.9443897,1.3744428],[103.944379,1.3744434]]}},{"type":"Feature","id":"way/539279074-0-1-0","properties":{"highway":"service","oneway":"yes"},"geometry":{"type":"LineString","coordinates":[[103.944379,1.3744434],[103.9443186,1.3744628]]}},{"type":"Feature","id":"way/539279074-0-2-0","properties":{"highway":"service","oneway":"yes"},"geometry":{"type":"LineString","coordinates":[[103.9443186,1.3744628],[103.944267,1.3744832]]}},{"type":"Feature","id":"way/539279074-0-3-0","properties":{"highway":"service","oneway":"yes"},"geometry":{"type":"LineString","coordinates":[[103.944267,1.3744832],[103.9442574,1.374496]]}},{"type":"Feature","id":"way/539281767-0-0-0","properties":{"highway":"service","service":"parking_aisle"},"geometry":{"type":"LineString","coordinates":[[103.9435829,1.3744757],[103.9433791,1.3745485]]}},{"type":"Feature","id":"way/539281767-0-1-0","properties":{"highway":"service","service":"parking_aisle"},"geometry":{"type":"LineString","coordinates":[[103.9433791,1.3745485],[103.9433656,1.374564]]}},{"type":"Feature","id":"way/539281768-0-0-0","properties":{"highway":"service"},"geometry":{"type":"LineString","coordinates":[[103.9449106,1.3740954],[103.9449187,1.3740605]]}},{"type":"Feature","id":"way/539281768-0-1-0","properties":{"highway":"service"},"geometry":{"type":"LineString","coordinates":[[103.9449187,1.3740605],[103.9449146,1.374027]]}},{"type":"Feature","id":"way/539281769-0-0-0","properties":{"highway":"service"},"geometry":{"type":"LineString","coordinates":[[103.9441849,1.3741076],[103.9444587,1.3740055]]}},{"type":"Feature","id":"way/539281769-0-1-0","properties":{"highway":"service"},"geometry":{"type":"LineString","coordinates":[[103.9444587,1.3740055],[103.9444841,1.3740109]]}},{"type":"Feature","id":"way/539281770-0-0-0","properties":{"highway":"service"},"geometry":{"type":"LineString","coordinates":[[103.9440293,1.3752249],[103.9440165,1.375244]]}},{"type":"Feature","id":"way/539281770-0-1-0","properties":{"highway":"service"},"geometry":{"type":"LineString","coordinates":[[103.9440165,1.375244],[103.9438802,1.3753217]]}},{"type":"Feature","id":"way/539281771-0-0-0","properties":{"highway":"service"},"geometry":{"type":"LineString","coordinates":[[103.9437781,1.3748758],[103.9438047,1.3748875]]}},{"type":"Feature","id":"way/539281771-0-1-0","properties":{"highway":"service"},"geometry":{"type":"LineString","coordinates":[[103.9438047,1.3748875],[103.9440282,1.3752057]]}},{"type":"Feature","id":"way/539281771-0-2-0","properties":{"highway":"service"},"geometry":{"type":"LineString","coordinates":[[103.9440282,1.3752057],[103.9440293,1.3752249]]}},{"type":"Feature","id":"way/539281772-0-0-0","properties":{"highway":"service","service":"parking_aisle"},"geometry":{"type":"LineString","coordinates":[[103.9436344,1.374945],[103.9436514,1.3749407]]}},{"type":"Feature","id":"way/539281772-0-1-0","properties":{"highway":"service","service":"parking_aisle"},"geometry":{"type":"LineString","coordinates":[[103.9436514,1.3749407],[103.9437621,1.3748769]]}},{"type":"Feature","id":"way/539281772-0-2-0","properties":{"highway":"service","service":"parking_aisle"},"geometry":{"type":"LineString","coordinates":[[103.9437621,1.3748769],[103.9437781,1.3748758]]}},{"type":"Feature","id":"way/539281773-0-0-0","properties":{"highway":"service"},"geometry":{"type":"LineString","coordinates":[[103.9438887,1.3743501],[103.9438713,1.3743649]]}},{"type":"Feature","id":"way/539281773-0-1-0","properties":{"highway":"service"},"geometry":{"type":"LineString","coordinates":[[103.9438713,1.3743649],[103.9435829,1.3744757]]}},{"type":"Feature","id":"way/539281774-0-0-0","properties":{"highway":"service"},"geometry":{"type":"LineString","coordinates":[[103.9434046,1.3740779],[103.9434448,1.3741128]]}},{"type":"Feature","id":"way/539281774-0-1-0","properties":{"highway":"service"},"geometry":{"type":"LineString","coordinates":[[103.9434448,1.3741128],[103.9435829,1.3744757]]}},{"type":"Feature","id":"way/539281775-0-0-0","properties":{"highway":"service"},"geometry":{"type":"LineString","coordinates":[[103.943101,1.3741771],[103.9431658,1.3742858]]}},{"type":"Feature","id":"way/539281776-0-0-0","properties":{"highway":"service"},"geometry":{"type":"LineString","coordinates":[[103.943101,1.3741771],[103.9433603,1.3740766]]}},{"type":"Feature","id":"way/539281776-0-1-0","properties":{"highway":"service"},"geometry":{"type":"LineString","coordinates":[[103.9433603,1.3740766],[103.9434046,1.3740779]]}},{"type":"Feature","id":"way/539281777-0-0-0","properties":{"highway":"service"},"geometry":{"type":"LineString","coordinates":[[103.9433656,1.374564],[103.9433656,1.3745912]]}},{"type":"Feature","id":"way/539281777-0-1-0","properties":{"highway":"service"},"geometry":{"type":"LineString","coordinates":[[103.9433656,1.3745912],[103.9436152,1.3749386]]}},{"type":"Feature","id":"way/539281777-0-2-0","properties":{"highway":"service"},"geometry":{"type":"LineString","coordinates":[[103.9436152,1.3749386],[103.9436344,1.374945]]}},{"type":"Feature","id":"way/539281778-0-0-0","properties":{"highway":"service"},"geometry":{"type":"LineString","coordinates":[[103.9438542,1.3742319],[103.94389,1.3743246]]}},{"type":"Feature","id":"way/539281778-0-1-0","properties":{"highway":"service"},"geometry":{"type":"LineString","coordinates":[[103.94389,1.3743246],[103.9438887,1.3743501]]}},{"type":"Feature","id":"way/539281779-0-0-0","properties":{"highway":"service"},"geometry":{"type":"LineString","coordinates":[[103.9444841,1.3740109],[103.9445056,1.374031]]}},{"type":"Feature","id":"way/539281779-0-1-0","properties":{"highway":"service"},"geometry":{"type":"LineString","coordinates":[[103.9445056,1.374031],[103.9445512,1.374149]]}},{"type":"Feature","id":"way/539281779-0-2-0","properties":{"highway":"service"},"geometry":{"type":"LineString","coordinates":[[103.9445512,1.374149],[103.9445727,1.3741704]]}},{"type":"Feature","id":"way/539281779-0-3-0","properties":{"highway":"service"},"geometry":{"type":"LineString","coordinates":[[103.9445727,1.3741704],[103.9446089,1.3741785]]}},{"type":"Feature","id":"way/539281779-0-4-0","properties":{"highway":"service"},"geometry":{"type":"LineString","coordinates":[[103.9446089,1.3741785],[103.944865,1.3741369]]}},{"type":"Feature","id":"way/539281779-0-5-0","properties":{"highway":"service"},"geometry":{"type":"LineString","coordinates":[[103.944865,1.3741369],[103.9448959,1.3741208]]}},{"type":"Feature","id":"way/539281779-0-6-0","properties":{"highway":"service"},"geometry":{"type":"LineString","coordinates":[[103.9448959,1.3741208],[103.9449106,1.3740954]]}},{"type":"Feature","id":"way/539290047-0-2-0","properties":{"highway":"primary_link","lanes":"1","maxspeed":"50","oneway":"yes","sidewalk:both":"separate","surface":"asphalt"},"geometry":{"type":"LineString","coordinates":[[103.9408542,1.3751716],[103.9409077,1.375162]]}},{"type":"Feature","id":"way/539290047-0-3-0","properties":{"highway":"primary_link","lanes":"1","maxspeed":"50","oneway":"yes","sidewalk:both":"separate","surface":"asphalt"},"geometry":{"type":"LineString","coordinates":[[103.9409077,1.375162],[103.9409338,1.3751628]]}},{"type":"Feature","id":"way/539290047-0-4-0","properties":{"highway":"primary_link","lanes":"1","maxspeed":"50","oneway":"yes","sidewalk:both":"separate","surface":"asphalt"},"geometry":{"type":"LineString","coordinates":[[103.9409338,1.3751628],[103.940966,1.3751698]]}},{"type":"Feature","id":"way/539290047-0-5-0","properties":{"highway":"primary_link","lanes":"1","maxspeed":"50","oneway":"yes","sidewalk:both":"separate","surface":"asphalt"},"geometry":{"type":"LineString","coordinates":[[103.940966,1.3751698],[103.94099,1.3751829]]}},{"type":"Feature","id":"way/539290047-0-6-0","properties":{"highway":"primary_link","lanes":"1","maxspeed":"50","oneway":"yes","sidewalk:both":"separate","surface":"asphalt"},"geometry":{"type":"LineString","coordinates":[[103.94099,1.3751829],[103.9410445,1.3752225]]}},{"type":"Feature","id":"way/544899959-0-8-0","properties":{"highway":"service","oneway":"yes","sidewalk":"both"},"geometry":{"type":"LineString","coordinates":[[103.941707,1.3783303],[103.9416751,1.3783046]]}},{"type":"Feature","id":"way/544899959-0-9-0","properties":{"highway":"service","oneway":"yes","sidewalk":"both"},"geometry":{"type":"LineString","coordinates":[[103.9416751,1.3783046],[103.9416237,1.3782868]]}},{"type":"Feature","id":"way/544899959-0-10-0","properties":{"highway":"service","oneway":"yes","sidewalk":"both"},"geometry":{"type":"LineString","coordinates":[[103.9416237,1.3782868],[103.941547,1.3782948]]}},{"type":"Feature","id":"way/544899959-0-11-0","properties":{"highway":"service","oneway":"yes","sidewalk":"both"},"geometry":{"type":"LineString","coordinates":[[103.941547,1.3782948],[103.9414866,1.3783052]]}},{"type":"Feature","id":"way/545051217-0-0-0","properties":{"highway":"service","oneway":"yes"},"geometry":{"type":"LineString","coordinates":[[103.9413645,1.3772992],[103.9414275,1.3772905]]}},{"type":"Feature","id":"way/545051217-0-1-0","properties":{"highway":"service","oneway":"yes"},"geometry":{"type":"LineString","coordinates":[[103.9414275,1.3772905],[103.9415287,1.3772765]]}},{"type":"Feature","id":"way/545051217-0-2-0","properties":{"highway":"service","oneway":"yes"},"geometry":{"type":"LineString","coordinates":[[103.9415287,1.3772765],[103.9415749,1.3772766]]}},{"type":"Feature","id":"way/545051217-0-3-0","properties":{"highway":"service","oneway":"yes"},"geometry":{"type":"LineString","coordinates":[[103.9415749,1.3772766],[103.9416045,1.3772535]]}},{"type":"Feature","id":"way/545051217-0-4-0","properties":{"highway":"service","oneway":"yes"},"geometry":{"type":"LineString","coordinates":[[103.9416045,1.3772535],[103.9416161,1.3772166]]}},{"type":"Feature","id":"way/545051217-0-5-0","properties":{"highway":"service","oneway":"yes"},"geometry":{"type":"LineString","coordinates":[[103.9416161,1.3772166],[103.9416139,1.3771998]]}},{"type":"Feature","id":"way/545051217-0-6-0","properties":{"highway":"service","oneway":"yes"},"geometry":{"type":"LineString","coordinates":[[103.9416139,1.3771998],[103.9415949,1.377169]]}},{"type":"Feature","id":"way/545051217-0-7-0","properties":{"highway":"service","oneway":"yes"},"geometry":{"type":"LineString","coordinates":[[103.9415949,1.377169],[103.9415735,1.3771562]]}},{"type":"Feature","id":"way/545051217-0-8-0","properties":{"highway":"service","oneway":"yes"},"geometry":{"type":"LineString","coordinates":[[103.9415735,1.3771562],[103.941529,1.3771567]]}},{"type":"Feature","id":"way/545051217-0-9-0","properties":{"highway":"service","oneway":"yes"},"geometry":{"type":"LineString","coordinates":[[103.941529,1.3771567],[103.9414174,1.3771672]]}},{"type":"Feature","id":"way/545051217-0-10-0","properties":{"highway":"service","oneway":"yes"},"geometry":{"type":"LineString","coordinates":[[103.9414174,1.3771672],[103.9413512,1.3771735]]}},{"type":"Feature","id":"way/633168623-0-0-0","properties":{"foot":"yes","highway":"secondary","lanes":"2","maxspeed":"50","name":"Elias Road","oneway":"yes","sidewalk:left":"separate","sidewalk:right":"no","surface":"asphalt"},"geometry":{"type":"LineString","coordinates":[[103.9410641,1.3748553],[103.9410415,1.3747532]]}},{"type":"Feature","id":"way/633168623-0-1-0","properties":{"foot":"yes","highway":"secondary","lanes":"2","maxspeed":"50","name":"Elias Road","oneway":"yes","sidewalk:left":"separate","sidewalk:right":"no","surface":"asphalt"},"geometry":{"type":"LineString","coordinates":[[103.9410415,1.3747532],[103.9409688,1.3745793]]}},{"type":"Feature","id":"way/635625829-0-0-0","properties":{"highway":"secondary","lanes":"2","maxspeed":"50","name":"Elias Road","oneway":"yes","sidewalk:left":"separate","sidewalk:right":"no","surface":"asphalt"},"geometry":{"type":"LineString","coordinates":[[103.9410147,1.3750066],[103.941028,1.3750862]]}},{"type":"Feature","id":"way/635625829-0-1-0","properties":{"highway":"secondary","lanes":"2","maxspeed":"50","name":"Elias Road","oneway":"yes","sidewalk:left":"separate","sidewalk:right":"no","surface":"asphalt"},"geometry":{"type":"LineString","coordinates":[[103.941028,1.3750862],[103.9410445,1.3752225]]}},{"type":"Feature","id":"way/635625830-0-1-0","properties":{"highway":"primary","lanes":"3","maxspeed":"60","name":"Pasir Ris Drive 1","name:ta":"\u0baa\u0bbe\u0b9a\u0bbf\u0bb0\u0bcd \u0bb0\u0bbf\u0bb8\u0bcd \u0b9f\u0bbf\u0bb0\u0bc8\u0bb5\u0bcd 1","name:zh":"\u5df4\u897f\u7acb1\u901a\u9053","oneway":"yes","sidewalk:left":"separate","sidewalk:right":"no","surface":"asphalt","turn:lanes":"through|through|right"},"geometry":{"type":"LineString","coordinates":[[103.9409651,1.3750442],[103.9410147,1.3750066]]}},{"type":"Feature","id":"way/635747727-0-2-0","properties":{"highway":"primary","lanes":"2","maxspeed":"60","name":"Pasir Ris Drive 1","name:ta":"\u0baa\u0bbe\u0b9a\u0bbf\u0bb0\u0bcd \u0bb0\u0bbf\u0bb8\u0bcd \u0b9f\u0bbf\u0bb0\u0bc8\u0bb5\u0bcd 1","name:zh":"\u5df4\u897f\u7acb1\u901a\u9053","oneway":"yes","sidewalk:left":"separate","sidewalk:right":"no","surface":"asphalt","turn:lanes":"through|through"},"geometry":{"type":"LineString","coordinates":[[103.9425441,1.3739212],[103.9424084,1.3739756]]}},{"type":"Feature","id":"way/639123940-0-0-0","properties":{"highway":"secondary","lanes":"2","maxspeed":"50","name":"Elias Road","oneway":"yes","sidewalk:left":"separate","sidewalk:right":"no","surface":"asphalt"},"geometry":{"type":"LineString","coordinates":[[103.941351,1.3778909],[103.9414553,1.3787494]]}},{"type":"Feature","id":"way/639123979-0-0-0","properties":{"highway":"secondary","lanes":"2","maxspeed":"50","name":"Elias Road","oneway":"yes","sidewalk:left":"separate","sidewalk:right":"no","surface":"asphalt"},"geometry":{"type":"LineString","coordinates":[[103.9413003,1.3766924],[103.9412829,1.3765073]]}},{"type":"Feature","id":"way/639123980-0-0-0","properties":{"highway":"service","service":"parking_aisle"},"geometry":{"type":"LineString","coordinates":[[103.9413003,1.3766924],[103.9412133,1.3767042]]}},{"type":"Feature","id":"way/639422774-0-0-0","properties":{"highway":"residential","lanes":"2","lanes:backward":"1","lanes:forward":"1","lit":"yes","maxspeed":"50","maxspeed:type":"SG:urban","name":"Riverina View","surface":"asphalt","turn:lanes:backward":"left"},"geometry":{"type":"LineString","coordinates":[[103.9440877,1.3779011],[103.9441259,1.3779567]]}},{"type":"Feature","id":"way/639422774-0-1-0","properties":{"highway":"residential","lanes":"2","lanes:backward":"1","lanes:forward":"1","lit":"yes","maxspeed":"50","maxspeed:type":"SG:urban","name":"Riverina View","surface":"asphalt","turn:lanes:backward":"left"},"geometry":{"type":"LineString","coordinates":[[103.9441259,1.3779567],[103.9441469,1.3779872]]}},{"type":"Feature","id":"way/639422774-0-2-0","properties":{"highway":"residential","lanes":"2","lanes:backward":"1","lanes:forward":"1","lit":"yes","maxspeed":"50","maxspeed:type":"SG:urban","name":"Riverina View","surface":"asphalt","turn:lanes:backward":"left"},"geometry":{"type":"LineString","coordinates":[[103.9441469,1.3779872],[103.9441706,1.3780217]]}},{"type":"Feature","id":"way/639890708-0-0-0","properties":{"highway":"residential","lanes":"2","lanes:backward":"1","lanes:forward":"1","lit":"yes","maxspeed":"50","maxspeed:type":"SG:urban","name":"Riverina View","sidewalk:both":"separate","surface":"asphalt"},"geometry":{"type":"LineString","coordinates":[[103.9442481,1.3781202],[103.9444315,1.3783875]]}},{"type":"Feature","id":"way/640217858-0-0-0","properties":{"highway":"service","lanes":"2","lanes:backward":"1","lanes:forward":"1","service":"parking_aisle"},"geometry":{"type":"LineString","coordinates":[[103.9454049,1.3742354],[103.9444403,1.3745605]]}},{"type":"Feature","id":"way/640258194-0-0-0","properties":{"highway":"secondary","lanes":"2","maxspeed":"50","name":"Elias Road","oneway":"yes","sidewalk:left":"separate","sidewalk:right":"no","surface":"asphalt"},"geometry":{"type":"LineString","coordinates":[[103.9412991,1.3774727],[103.9413147,1.37759]]}},{"type":"Feature","id":"way/640258194-0-1-0","properties":{"highway":"secondary","lanes":"2","maxspeed":"50","name":"Elias Road","oneway":"yes","sidewalk:left":"separate","sidewalk:right":"no","surface":"asphalt"},"geometry":{"type":"LineString","coordinates":[[103.9413147,1.37759],[103.941351,1.3778909]]}},{"type":"Feature","id":"way/640258196-0-0-0","properties":{"highway":"secondary","lanes":"2","maxspeed":"50","name":"Elias Road","oneway":"yes","sidewalk:left":"separate","sidewalk:right":"no","surface":"asphalt","turn:lanes":"through|through"},"geometry":{"type":"LineString","coordinates":[[103.9414339,1.3778618],[103.9413969,1.3775838]]}},{"type":"Feature","id":"way/640258196-0-1-0","properties":{"highway":"secondary","lanes":"2","maxspeed":"50","name":"Elias Road","oneway":"yes","sidewalk:left":"separate","sidewalk:right":"no","surface":"asphalt","turn:lanes":"through|through"},"geometry":{"type":"LineString","coordinates":[[103.9413969,1.3775838],[103.9413813,1.3774586]]}},{"type":"Feature","id":"way/640258197-0-0-0","properties":{"highway":"secondary","lanes":"2","maxspeed":"50","name":"Elias Road","oneway":"yes","sidewalk:left":"separate","sidewalk:right":"no","surface":"asphalt","turn:lanes":"left;through|through"},"geometry":{"type":"LineString","coordinates":[[103.9413813,1.3774586],[103.9413645,1.3772992]]}},{"type":"Feature","id":"way/640258199-0-0-0","properties":{"highway":"secondary","lanes":"2","maxspeed":"50","name":"Elias Road","oneway":"yes","sidewalk:left":"separate","sidewalk:right":"no","surface":"asphalt"},"geometry":{"type":"LineString","coordinates":[[103.9413645,1.3772992],[103.9413512,1.3771735]]}},{"type":"Feature","id":"way/640258734-0-0-0","properties":{"highway":"secondary","lanes":"2","maxspeed":"50","name":"Elias Road","oneway":"yes","sidewalk:left":"separate","sidewalk:right":"no","surface":"asphalt","turn:lanes":"left;through|through"},"geometry":{"type":"LineString","coordinates":[[103.9412133,1.3767042],[103.9412318,1.3768699]]}},{"type":"Feature","id":"way/640258734-0-1-0","properties":{"highway":"secondary","lanes":"2","maxspeed":"50","name":"Elias Road","oneway":"yes","sidewalk:left":"separate","sidewalk:right":"no","surface":"asphalt","turn:lanes":"left;through|through"},"geometry":{"type":"LineString","coordinates":[[103.9412318,1.3768699],[103.9412991,1.3774727]]}},{"type":"Feature","id":"way/641072183-0-0-0","properties":{"highway":"secondary","lanes":"2","maxspeed":"50","name":"Elias Road","oneway":"yes","sidewalk:left":"separate","sidewalk:right":"no","surface":"asphalt"},"geometry":{"type":"LineString","coordinates":[[103.9412829,1.3765073],[103.9411909,1.3757283]]}},{"type":"Feature","id":"way/641072185-0-0-0","properties":{"highway":"secondary","lanes":"2","maxspeed":"50","name":"Elias Road","oneway":"yes","sidewalk:left":"separate","sidewalk:right":"no","surface":"asphalt","turn:lanes":"through|through;right"},"geometry":{"type":"LineString","coordinates":[[103.9411693,1.3761937],[103.9411793,1.3763093]]}},{"type":"Feature","id":"way/641072185-0-1-0","properties":{"highway":"secondary","lanes":"2","maxspeed":"50","name":"Elias Road","oneway":"yes","sidewalk:left":"separate","sidewalk:right":"no","surface":"asphalt","turn:lanes":"through|through;right"},"geometry":{"type":"LineString","coordinates":[[103.9411793,1.3763093],[103.9412133,1.3767042]]}},{"type":"Feature","id":"way/641097153-0-0-0","properties":{"highway":"secondary","lanes":"2","maxspeed":"50","name":"Elias Road","oneway":"yes","sidewalk:left":"separate","sidewalk:right":"no","surface":"asphalt","turn:lanes":"left;through|through"},"geometry":{"type":"LineString","coordinates":[[103.9413512,1.3771735],[103.9413003,1.3766924]]}},{"type":"Feature","id":"way/643872721-0-0-0","properties":{"highway":"service","lanes":"2","lanes:backward":"1","lanes:forward":"1","service":"parking_aisle","sidewalk":"both","turn:lanes:backward":"left"},"geometry":{"type":"LineString","coordinates":[[103.9434977,1.3782099],[103.9434376,1.3781379]]}},{"type":"Feature","id":"way/643872721-0-1-0","properties":{"highway":"service","lanes":"2","lanes:backward":"1","lanes:forward":"1","service":"parking_aisle","sidewalk":"both","turn:lanes:backward":"left"},"geometry":{"type":"LineString","coordinates":[[103.9434376,1.3781379],[103.9433663,1.3780243]]}},{"type":"Feature","id":"way/645266658-0-0-0","properties":{"highway":"service","service":"parking_aisle","sidewalk":"both"},"geometry":{"type":"LineString","coordinates":[[103.9436267,1.3769147],[103.9432785,1.3764054]]}},{"type":"Feature","id":"way/645266658-0-1-0","properties":{"highway":"service","service":"parking_aisle","sidewalk":"both"},"geometry":{"type":"LineString","coordinates":[[103.9432785,1.3764054],[103.9432644,1.3763934]]}},{"type":"Feature","id":"way/645267015-0-0-0","properties":{"highway":"service","lanes":"2","lanes:backward":"1","lanes:forward":"1","service":"parking_aisle","sidewalk":"both"},"geometry":{"type":"LineString","coordinates":[[103.9429311,1.3774159],[103.9427696,1.3771846]]}},{"type":"Feature","id":"way/645267016-0-0-0","properties":{"highway":"service","lanes":"2","lanes:backward":"1","lanes:forward":"1","service":"parking_aisle","sidewalk":"right"},"geometry":{"type":"LineString","coordinates":[[103.9431215,1.3776828],[103.9429937,1.3775036]]}},{"type":"Feature","id":"way/645269291-0-0-0","properties":{"highway":"service","lanes":"2","lanes:backward":"1","lanes:forward":"1","service":"parking_aisle","sidewalk":"right"},"geometry":{"type":"LineString","coordinates":[[103.9420676,1.3761793],[103.9418363,1.3758487]]}},{"type":"Feature","id":"way/645269292-0-0-0","properties":{"highway":"service","lanes":"2","lanes:backward":"1","lanes:forward":"1","service":"parking_aisle","sidewalk":"left"},"geometry":{"type":"LineString","coordinates":[[103.9421185,1.3762522],[103.9420676,1.3761793]]}},{"type":"Feature","id":"way/645269293-0-0-0","properties":{"highway":"service","lanes":"2","lanes:backward":"1","lanes:forward":"1","service":"parking_aisle","sidewalk":"both"},"geometry":{"type":"LineString","coordinates":[[103.9423785,1.3766245],[103.9423591,1.3765967]]}},{"type":"Feature","id":"way/645269293-0-1-0","properties":{"highway":"service","lanes":"2","lanes:backward":"1","lanes:forward":"1","service":"parking_aisle","sidewalk":"both"},"geometry":{"type":"LineString","coordinates":[[103.9423591,1.3765967],[103.9421825,1.3763438]]}},{"type":"Feature","id":"way/645269293-0-2-0","properties":{"highway":"service","lanes":"2","lanes:backward":"1","lanes:forward":"1","service":"parking_aisle","sidewalk":"both"},"geometry":{"type":"LineString","coordinates":[[103.9421825,1.3763438],[103.9421185,1.3762522]]}},{"type":"Feature","id":"way/646274147-0-0-0","properties":{"highway":"service"},"geometry":{"type":"LineString","coordinates":[[103.9438542,1.3742319],[103.9441849,1.3741076]]}},{"type":"Feature","id":"way/646275753-0-0-0","properties":{"highway":"service"},"geometry":{"type":"LineString","coordinates":[[103.9430492,1.3741973],[103.943101,1.3741771]]}},{"type":"Feature","id":"way/646278456-0-0-0","properties":{"highway":"service"},"geometry":{"type":"LineString","coordinates":[[103.9437854,1.3740538],[103.9438542,1.3742319]]}},{"type":"Feature","id":"way/646668512-0-0-0","properties":{"highway":"service","lanes":"2","lanes:backward":"1","lanes:forward":"1","service":"parking_aisle","sidewalk":"both"},"geometry":{"type":"LineString","coordinates":[[103.9424256,1.3766919],[103.9423785,1.3766245]]}},{"type":"Feature","id":"way/646668610-0-0-0","properties":{"highway":"service","lanes":"2","lanes:backward":"1","lanes:forward":"1","service":"parking_aisle"},"geometry":{"type":"LineString","coordinates":[[103.9418363,1.3758487],[103.9417584,1.3757373]]}},{"type":"Feature","id":"way/646668762-0-0-0","properties":{"highway":"service","sidewalk":"left"},"geometry":{"type":"LineString","coordinates":[[103.9420634,1.3756834],[103.9422539,1.3755447]]}},{"type":"Feature","id":"way/651031538-0-0-0","properties":{"highway":"service","lanes":"2","lanes:backward":"1","lanes:forward":"1","service":"parking_aisle","sidewalk":"right","turn:lanes:forward":"left;right"},"geometry":{"type":"LineString","coordinates":[[103.9431806,1.37724],[103.9436267,1.3769147]]}},{"type":"Feature","id":"way/655144957-0-0-0","properties":{"highway":"secondary","lanes":"2","maxspeed":"50","name":"Elias Road","oneway":"yes","sidewalk:left":"separate","sidewalk:right":"no","surface":"asphalt","turn:lanes":"left;through|through"},"geometry":{"type":"LineString","coordinates":[[103.9414866,1.3783052],[103.9414339,1.3778618]]}},{"type":"Feature","id":"way/655196547-0-0-0","properties":{"highway":"primary","lanes":"2","maxspeed":"60","name":"Pasir Ris Drive 3","name:ta":"\u0baa\u0bbe\u0b9a\u0bbf\u0bb0\u0bcd \u0bb0\u0bbf\u0bb8\u0bcd \u0b9f\u0bbf\u0bb0\u0bc8\u0bb5\u0bcd 3","name:zh":"\u5df4\u897f\u7acb3\u901a\u9053","oneway":"yes","sidewalk":"left","surface":"asphalt","turn:lanes":"left;through|through"},"geometry":{"type":"LineString","coordinates":[[103.9434977,1.3782099],[103.9432515,1.3783922]]}},{"type":"Feature","id":"way/655196549-0-0-0","properties":{"highway":"primary","lanes":"2","lit":"yes","maxspeed":"60","name":"Pasir Ris Drive 3","name:ta":"\u0baa\u0bbe\u0b9a\u0bbf\u0bb0\u0bcd \u0bb0\u0bbf\u0bb8\u0bcd \u0b9f\u0bbf\u0bb0\u0bc8\u0bb5\u0bcd 3","name:zh":"\u5df4\u897f\u7acb3\u901a\u9053","oneway":"yes","shoulder":"no","sidewalk:left":"separate","sidewalk:right":"no","surface":"asphalt"},"geometry":{"type":"LineString","coordinates":[[103.9442016,1.3777038],[103.9439955,1.377852]]}},{"type":"Feature","id":"way/655196549-0-1-0","properties":{"highway":"primary","lanes":"2","lit":"yes","maxspeed":"60","name":"Pasir Ris Drive 3","name:ta":"\u0baa\u0bbe\u0b9a\u0bbf\u0bb0\u0bcd \u0bb0\u0bbf\u0bb8\u0bcd \u0b9f\u0bbf\u0bb0\u0bc8\u0bb5\u0bcd 3","name:zh":"\u5df4\u897f\u7acb3\u901a\u9053","oneway":"yes","shoulder":"no","sidewalk:left":"separate","sidewalk:right":"no","surface":"asphalt"},"geometry":{"type":"LineString","coordinates":[[103.9439955,1.377852],[103.9437778,1.3780083]]}},{"type":"Feature","id":"way/655196549-0-2-0","properties":{"highway":"primary","lanes":"2","lit":"yes","maxspeed":"60","name":"Pasir Ris Drive 3","name:ta":"\u0baa\u0bbe\u0b9a\u0bbf\u0bb0\u0bcd \u0bb0\u0bbf\u0bb8\u0bcd \u0b9f\u0bbf\u0bb0\u0bc8\u0bb5\u0bcd 3","name:zh":"\u5df4\u897f\u7acb3\u901a\u9053","oneway":"yes","shoulder":"no","sidewalk:left":"separate","sidewalk:right":"no","surface":"asphalt"},"geometry":{"type":"LineString","coordinates":[[103.9437778,1.3780083],[103.9437435,1.378033]]}},{"type":"Feature","id":"way/655196549-0-3-0","properties":{"highway":"primary","lanes":"2","lit":"yes","maxspeed":"60","name":"Pasir Ris Drive 3","name:ta":"\u0baa\u0bbe\u0b9a\u0bbf\u0bb0\u0bcd \u0bb0\u0bbf\u0bb8\u0bcd \u0b9f\u0bbf\u0bb0\u0bc8\u0bb5\u0bcd 3","name:zh":"\u5df4\u897f\u7acb3\u901a\u9053","oneway":"yes","shoulder":"no","sidewalk:left":"separate","sidewalk:right":"no","surface":"asphalt"},"geometry":{"type":"LineString","coordinates":[[103.9437435,1.378033],[103.9436419,1.3781062]]}},{"type":"Feature","id":"way/655684424-0-0-0","properties":{"highway":"primary","lanes":"2","maxspeed":"60","name":"Pasir Ris Drive 3","name:ta":"\u0baa\u0bbe\u0b9a\u0bbf\u0bb0\u0bcd \u0bb0\u0bbf\u0bb8\u0bcd \u0b9f\u0bbf\u0bb0\u0bc8\u0bb5\u0bcd 3","name:zh":"\u5df4\u897f\u7acb3\u901a\u9053","oneway":"yes","sidewalk:left":"separate","sidewalk:right":"no","surface":"asphalt"},"geometry":{"type":"LineString","coordinates":[[103.9450798,1.3773013],[103.9455651,1.3770189]]}},{"type":"Feature","id":"way/655685045-0-0-0","properties":{"highway":"primary","lanes":"2","lit":"yes","maxspeed":"60","name":"Pasir Ris Drive 3","name:ta":"\u0baa\u0bbe\u0b9a\u0bbf\u0bb0\u0bcd \u0bb0\u0bbf\u0bb8\u0bcd \u0b9f\u0bbf\u0bb0\u0bc8\u0bb5\u0bcd 3","name:zh":"\u5df4\u897f\u7acb3\u901a\u9053","oneway":"yes","shoulder":"no","sidewalk:left":"separate","sidewalk:right":"no","surface":"asphalt"},"geometry":{"type":"LineString","coordinates":[[103.9440877,1.3779011],[103.9442561,1.3777822]]}},{"type":"Feature","id":"way/655685046-0-1-0","properties":{"highway":"primary","lanes":"2","lit":"yes","maxspeed":"60","name":"Pasir Ris Drive 3","name:ta":"\u0baa\u0bbe\u0b9a\u0bbf\u0bb0\u0bcd \u0bb0\u0bbf\u0bb8\u0bcd \u0b9f\u0bbf\u0bb0\u0bc8\u0bb5\u0bcd 3","name:zh":"\u5df4\u897f\u7acb3\u901a\u9053","oneway":"yes","shoulder":"no","sidewalk:left":"separate","sidewalk:right":"no","surface":"asphalt"},"geometry":{"type":"LineString","coordinates":[[103.9433035,1.3784583],[103.9439423,1.3779982]]}},{"type":"Feature","id":"way/671944879-0-0-0","properties":{"highway":"residential","lanes":"2","lanes:backward":"1","lanes:forward":"1","lit":"yes","maxspeed":"50","maxspeed:type":"SG:urban","name":"Riverina Walk","sidewalk:both":"separate","surface":"asphalt","turn:lanes:forward":"left;right"},"geometry":{"type":"LineString","coordinates":[[103.9440308,1.3781182],[103.9441706,1.3780217]]}},{"type":"Feature","id":"way/671944880-0-0-0","properties":{"highway":"residential","lanes":"2","lanes:backward":"1","lanes:forward":"1","lit":"yes","maxspeed":"50","maxspeed:type":"SG:urban","name":"Riverina Walk","sidewalk:both":"separate","surface":"asphalt","turn:lanes:backward":"right"},"geometry":{"type":"LineString","coordinates":[[103.9438518,1.3782429],[103.9440308,1.3781182]]}},{"type":"Feature","id":"way/674578319-0-0-0","properties":{"highway":"residential","lanes":"2","lanes:backward":"1","lanes:forward":"1","lit":"yes","maxspeed":"50","maxspeed:type":"SG:urban","name":"Riverina View","sidewalk:both":"separate","surface":"asphalt","turn:lanes:backward":"left"},"geometry":{"type":"LineString","coordinates":[[103.9441706,1.3780217],[103.9442481,1.3781202]]}},{"type":"Feature","id":"way/717442067-0-0-0","properties":{"highway":"service","lanes":"2","lanes:backward":"1","lanes:forward":"1","service":"parking_aisle","sidewalk":"both"},"geometry":{"type":"LineString","coordinates":[[103.9433663,1.3780243],[103.9431215,1.3776828]]}},{"type":"Feature","id":"way/723291650-0-0-0","properties":{"highway":"service","lanes":"1","oneway":"yes","sidewalk":"both","turn:lanes":"through"},"geometry":{"type":"LineString","coordinates":[[103.9429937,1.3775036],[103.9428029,1.3776482]]}},{"type":"Feature","id":"way/723291650-0-1-0","properties":{"highway":"service","lanes":"1","oneway":"yes","sidewalk":"both","turn:lanes":"through"},"geometry":{"type":"LineString","coordinates":[[103.9428029,1.3776482],[103.9428886,1.3777657]]}},{"type":"Feature","id":"way/728983201-0-0-0","properties":{"highway":"service","lanes":"2","lanes:backward":"1","lanes:forward":"1","service":"parking_aisle","sidewalk":"both","turn:lanes:backward":"left;right","turn:lanes:forward":"through"},"geometry":{"type":"LineString","coordinates":[[103.9429326,1.377826],[103.9431215,1.3776828]]}},{"type":"Feature","id":"way/734692137-0-0-0","properties":{"highway":"service","lanes":"1","oneway":"yes","turn:lanes":"left;right"},"geometry":{"type":"LineString","coordinates":[[103.9428886,1.3777657],[103.9429326,1.377826]]}},{"type":"Feature","id":"way/734692469-0-0-0","properties":{"highway":"service","lanes":"2","lanes:backward":"1","lanes:forward":"1","service":"parking_aisle","sidewalk":"right"},"geometry":{"type":"LineString","coordinates":[[103.9429937,1.3775036],[103.9429311,1.3774159]]}},{"type":"Feature","id":"way/736579884-0-0-0","properties":{"highway":"service","lanes":"2","lanes:backward":"1","lanes:forward":"1","sidewalk":"left"},"geometry":{"type":"LineString","coordinates":[[103.9421627,1.3761091],[103.942382,1.3759757]]}},{"type":"Feature","id":"way/1454671112-0-0-0","properties":{"highway":"service","service":"driveway"},"geometry":{"type":"LineString","coordinates":[[103.9417074,1.3778285],[103.9417101,1.377868]]}}]}