{"type":"FeatureCollection","features":[{"type":"Feature","id":"relation/6717470-0","properties":{"addr:city":"Singapore","addr:country":"SG","building":"yes","building:levels":"4","name":"All Saints Home","type":"multipolygon"},"geometry":{"type":"Polygon","coordinates":[[[103.9543809,1.3614221],[103.9541716,1.3612129],[103.9541307,1.3612538],[103.9540382,1.3611613],[103.9537767,1.3614228],[103.9540784,1.3617244],[103.9543809,1.3614221]],[[103.9539524,1.3613986],[103.9539671,1.3613933],[103.9539792,1.3613812],[103.9539899,1.3613597],[103.954006,1.361341],[103.9540744,1.3613651],[103.9540758,1.3614201],[103.9541616,1.3614925],[103.9540771,1.3615689],[103.9539215,1.3614134],[103.9539363,1.3614026],[103.9539524,1.3613986]]]}},{"type":"Feature","id":"way/82627794-0","properties":{"addr:city":"Singapore","addr:country":"SG","addr:housenumber":"491B","addr:postcode":"521491","addr:street":"Tampines Avenue 9","building":"apartments","building:levels":"13","building:use":"residential"},"geometry":{"type":"Polygon","coordinates":[[[103.9539181,1.3625454],[103.9539933,1.3625455],[103.9544767,1.3620559],[103.95441,1.3619917],[103.953955,1.3624465],[103.9539184,1.3624463],[103.9539181,1.3625454]]]}},{"type":"Feature","id":"way/82627797-0","properties":{"addr:city":"Singapore","addr:country":"SG","addr:housenumber":"492D","addr:postcode":"523492","addr:street":"Tampines Street 45","building":"apartments","building:levels":"13","building:use":"residential"},"geometry":{"type":"Polygon","coordinates":[[[103.954049,1.3638948],[103.9539639,1.3638087],[103.9539995,1.3637739],[103.9538881,1.3636628],[103.9537661,1.3637868],[103.9538125,1.3638326],[103.953853,1.3637904],[103.9539313,1.3638717],[103.9538541,1.3639524],[103.9539211,1.364018],[103.9539737,1.3639619],[103.9540402,1.3640289],[103.9540542,1.364043],[103.9542436,1.3638545],[103.9541682,1.3637779],[103.954049,1.3638948]]]}},{"type":"Feature","id":"way/82627799-0","properties":{"addr:city":"Singapore","addr:country":"SG","addr:housenumber":"491A","addr:postcode":"520491","addr:street":"Tampines Avenue 9","building":"apartments","building:levels":"13","building:use":"residential"},"geometry":{"type":"Polygon","coordinates":[[[103.9538937,1.362603],[103.953811,1.3626031],[103.953811,1.3625452],[103.9539181,1.3625454],[103.9539184,1.3624463],[103.9536821,1.3624453],[103.9536811,1.362545],[103.9537126,1.3625451],[103.9537123,1.3626033],[103.9536509,1.3626034],[103.9536523,1.3627039],[103.9538937,1.3627033],[103.9538937,1.362603]]]}},{"type":"Feature","id":"way/82627800-0","properties":{"addr:city":"Singapore","addr:country":"SG","addr:housenumber":"492C","addr:postcode":"522492","addr:street":"Tampines Street 45","building":"apartments","building:levels":"13","building:use":"residential"},"geometry":{"type":"Polygon","coordinates":[[[103.9541333,1.363522],[103.953837,1.3632279],[103.9535832,1.3634662],[103.9534832,1.3633676],[103.9533972,1.3634423],[103.9535792,1.3636216],[103.9538325,1.3633826],[103.9540502,1.3636056],[103.9541333,1.363522]]]}},{"type":"Feature","id":"way/82627801-0","properties":{"addr:city":"Singapore","addr:country":"SG","addr:housenumber":"492B","addr:postcode":"520492","addr:street":"Tampines Avenue 9","building":"apartments","building:levels":"13","building:use":"residential"},"geometry":{"type":"Polygon","coordinates":[[[103.9537506,1.3631469],[103.9537111,1.363123],[103.9537031,1.3629636],[103.9533232,1.3629517],[103.9533232,1.3630831],[103.9533232,1.3633898],[103.9533509,1.3634297],[103.9534182,1.363358],[103.9534182,1.3630513],[103.953624,1.3630592],[103.9536279,1.3631628],[103.9536873,1.3632186],[103.9537506,1.3631469]]]}},{"type":"Feature","id":"way/82627802-0","properties":{"addr:city":"Singapore","addr:country":"SG","addr:housenumber":"492A","addr:street":"Tampines Street 45","amenity":"parking","building":"parking","building:levels":"6","building:use":"carpark","parking":"multi-storey"},"geometry":{"type":"Polygon","coordinates":[[[103.9542953,1.3633639],[103.9543991,1.3632598],[103.9539667,1.3628258],[103.9538195,1.3628259],[103.953821,1.3630712],[103.9542033,1.3634563],[103.9542953,1.3633639]]]}},{"type":"Feature","id":"way/82627803-0","properties":{"addr:city":"Singapore","addr:country":"SG","addr:housenumber":"495F","addr:postcode":"525495","addr:street":"Tampines Street 43","building":"apartments","building:levels":"13","building:use":"residential"},"geometry":{"type":"Polygon","coordinates":[[[103.95289,1.364427],[103.952802,1.3645137],[103.9526886,1.3643987],[103.9526129,1.3644733],[103.9528109,1.3646741],[103.9528893,1.3645968],[103.9529467,1.364655],[103.9530217,1.3645811],[103.9529647,1.3645233],[103.9530581,1.3644312],[103.9528824,1.364253],[103.9528599,1.3642302],[103.9527967,1.3642925],[103.9527767,1.3643121],[103.95289,1.364427]]]}},{"type":"Feature","id":"way/82627804-0","properties":{"addr:city":"Singapore","addr:country":"SG","addr:housenumber":"495E","addr:postcode":"524495","addr:street":"Tampines Street 43","building":"apartments","building:levels":"13","building:use":"residential"},"geometry":{"type":"Polygon","coordinates":[[[103.952545,1.3639322],[103.9524702,1.3640049],[103.9524,1.3639328],[103.952372,1.3639601],[103.9523195,1.3640112],[103.9523883,1.3640819],[103.9523393,1.3641296],[103.9523112,1.3641569],[103.952511,1.3643621],[103.9525899,1.3642854],[103.9524574,1.3641493],[103.9525379,1.364071],[103.9526599,1.3641964],[103.9526757,1.364181],[103.952733,1.3641253],[103.952545,1.3639322]]]}},{"type":"Feature","id":"way/82627805-0","properties":{"addr:city":"Singapore","addr:country":"SG","addr:housenumber":"494C","addr:postcode":"522494","addr:street":"Tampines Street 43","building":"apartments","building:levels":"13","building:use":"residential"},"geometry":{"type":"Polygon","coordinates":[[[103.9529373,1.3635849],[103.9529373,1.3634893],[103.952904,1.3634893],[103.952874,1.3634893],[103.9528009,1.3635622],[103.9527187,1.3636441],[103.9526603,1.3637023],[103.952408,1.3634494],[103.952462,1.3633956],[103.9525124,1.3633453],[103.9525333,1.3633245],[103.9524466,1.3632375],[103.9523186,1.363365],[103.9522553,1.3634281],[103.952238,1.3634454],[103.9523077,1.3635153],[103.9524819,1.3636901],[103.9525442,1.3637526],[103.9526562,1.3638649],[103.9529373,1.3635849]]]}},{"type":"Feature","id":"way/82627806-0","properties":{"addr:city":"Singapore","addr:country":"SG","addr:housenumber":"494B","addr:postcode":"520494","addr:street":"Tampines Avenue 9","building":"apartments","building:levels":"13","building:use":"residential"},"geometry":{"type":"Polygon","coordinates":[[[103.9525909,1.3632196],[103.9526818,1.3631264],[103.9526816,1.3630465],[103.9528249,1.3630461],[103.9528257,1.3634037],[103.9529094,1.3634036],[103.9529295,1.3634035],[103.9529288,1.3630865],[103.9529285,1.3629538],[103.9525746,1.3629546],[103.9525748,1.3630253],[103.9525749,1.3630945],[103.9525202,1.3631506],[103.9525909,1.3632196]]]}},{"type":"Feature","id":"way/82627807-0","properties":{"addr:city":"Singapore","addr:country":"SG","addr:housenumber":"495D","addr:postcode":"523495","addr:street":"Tampines Street 43","building":"apartments","building:levels":"13","building:use":"residential"},"geometry":{"type":"Polygon","coordinates":[[[103.9519784,1.3638372],[103.9519855,1.3638304],[103.952063,1.3637569],[103.9521401,1.3638329],[103.9521461,1.363827],[103.952192,1.3637816],[103.9522059,1.3637679],[103.9521298,1.3636903],[103.9522282,1.3635876],[103.9522178,1.3635769],[103.9521541,1.3635106],[103.9520523,1.3636126],[103.9520386,1.3635992],[103.9519682,1.363669],[103.9518736,1.3635753],[103.9518599,1.3635617],[103.9518149,1.3636071],[103.951781,1.3636413],[103.9519784,1.3638372]]]}},{"type":"Feature","id":"way/82627808-0","properties":{"addr:city":"Singapore","addr:country":"SG","addr:housenumber":"495C","addr:postcode":"522495","addr:street":"Tampines Street 43","building":"apartments","building:levels":"13","building:use":"residential"},"geometry":{"type":"Polygon","coordinates":[[[103.9516861,1.3634861],[103.9517359,1.3634378],[103.9517208,1.3634232],[103.9516289,1.3633278],[103.9516996,1.3632576],[103.9516859,1.3632449],[103.9517865,1.3631407],[103.9517096,1.363064],[103.951612,1.3631671],[103.9515313,1.3630886],[103.9514793,1.363143],[103.9514653,1.3631576],[103.951545,1.3632345],[103.9514601,1.3633193],[103.9516583,1.3635146],[103.9516861,1.3634861]]]}},{"type":"Feature","id":"way/82627809-0","properties":{"addr:city":"Singapore","addr:country":"SG","addr:housenumber":"493E","addr:postcode":"524493","addr:street":"Tampines Street 42","building":"apartments","building:levels":"13","building:use":"residential"},"geometry":{"type":"Polygon","coordinates":[[[103.9519313,1.3630452],[103.9521308,1.3628471],[103.9522158,1.3627627],[103.9520927,1.3626389],[103.9519194,1.3624645],[103.9518626,1.3625209],[103.9518518,1.3625316],[103.9520654,1.3627467],[103.9519273,1.3628838],[103.9516859,1.3626407],[103.9516071,1.3627189],[103.9519313,1.3630452]]]}},{"type":"Feature","id":"way/82627810-0","properties":{"addr:city":"Singapore","addr:country":"SG","addr:housenumber":"493D","addr:postcode":"523493","addr:street":"Tampines Street 43","building":"apartments","building:levels":"13","building:use":"residential"},"geometry":{"type":"Polygon","coordinates":[[[103.9516304,1.3621751],[103.9514022,1.3623979],[103.9512896,1.3622826],[103.951347,1.3622265],[103.9513356,1.3622148],[103.9512778,1.3621557],[103.9511612,1.3622695],[103.9511517,1.3622788],[103.9512119,1.3623404],[103.9513989,1.3625318],[103.9516313,1.3623048],[103.9517705,1.3624473],[103.9517816,1.3624364],[103.9518349,1.3623844],[103.9516304,1.3621751]]]}},{"type":"Feature","id":"way/82627811-0","properties":{"addr:city":"Singapore","addr:country":"SG","addr:housenumber":"493C","addr:postcode":"522493","addr:street":"Tampines Street 43","building":"apartments","building:levels":"13","building:use":"residential"},"geometry":{"type":"Polygon","coordinates":[[[103.9513533,1.3622008],[103.9513617,1.3622097],[103.9516803,1.3619089],[103.9518091,1.3620453],[103.951866,1.3619915],[103.9518739,1.3619841],[103.9516861,1.3617853],[103.9516724,1.3617981],[103.9516126,1.3618546],[103.9515666,1.3618059],[103.9515508,1.3617892],[103.9514871,1.3618493],[103.9514789,1.3618571],[103.9515307,1.3619121],[103.9512927,1.3621367],[103.9513533,1.3622008]]]}},{"type":"Feature","id":"way/82627812-0","properties":{"addr:city":"Singapore","addr:country":"SG","addr:housenumber":"493B","addr:postcode":"521493","addr:street":"Tampines Avenue 9","building":"apartments","building:levels":"13","building:use":"residential"},"geometry":{"type":"Polygon","coordinates":[[[103.9523383,1.3624524],[103.9523123,1.3624262],[103.9520953,1.3622069],[103.9518995,1.3620089],[103.9518924,1.3620159],[103.9518311,1.3620764],[103.9522448,1.3624947],[103.9522945,1.3625449],[103.9523367,1.3625447],[103.9523695,1.3625445],[103.9523686,1.3624615],[103.9523685,1.3624524],[103.9523383,1.3624524]]]}},{"type":"Feature","id":"way/82627813-0","properties":{"addr:city":"Singapore","addr:country":"SG","addr:housenumber":"493A","addr:postcode":"520493","addr:street":"Tampines Avenue 9","building":"apartments","building:levels":"13","building:use":"residential"},"geometry":{"type":"Polygon","coordinates":[[[103.9523686,1.3624615],[103.9523695,1.3625445],[103.952371,1.3626819],[103.9523888,1.3626817],[103.9526381,1.362679],[103.9526356,1.3624495],[103.9523685,1.3624524],[103.9523686,1.3624615]]]}},{"type":"Feature","id":"way/82627815-0","properties":{"addr:city":"Singapore","addr:country":"SG","addr:housenumber":"495B","addr:postcode":"521495","addr:street":"Tampines Street 43","building":"apartments","building:levels":"13","building:use":"residential"},"geometry":{"type":"Polygon","coordinates":[[[103.9512658,1.3629169],[103.9513406,1.362993],[103.9513799,1.362954],[103.9514063,1.3629278],[103.9513304,1.3628492],[103.951411,1.3627637],[103.9512138,1.3625668],[103.9512009,1.3625832],[103.9511355,1.3626447],[103.9512442,1.3627549],[103.9511749,1.3628269],[103.951188,1.36284],[103.9510871,1.3629408],[103.9511646,1.3630154],[103.9512658,1.3629169]]]}},{"type":"Feature","id":"way/82627816-0","properties":{"addr:city":"Singapore","addr:country":"SG","addr:housenumber":"495A","addr:postcode":"520495","addr:street":"Tampines Street 43","building":"apartments","building:levels":"13","building:use":"residential"},"geometry":{"type":"Polygon","coordinates":[[[103.9509254,1.3626187],[103.9510748,1.3624645],[103.9510931,1.3624455],[103.9510771,1.3624296],[103.9510162,1.3623689],[103.9509166,1.36247],[103.9508525,1.3624041],[103.9507853,1.3624711],[103.9508493,1.3625345],[103.9507718,1.3626196],[103.9509663,1.3628196],[103.9510441,1.3627402],[103.9509254,1.3626187]]]}},{"type":"Feature","id":"way/83697491-0","properties":{"addr:city":"Singapore","addr:country":"SG","addr:housenumber":"471","addr:postcode":"520471","addr:street":"Tampines Street 44","building":"apartments","building:levels":"4","building:use":"residential"},"geometry":{"type":"Polygon","coordinates":[[[103.954009,1.3604885],[103.9541427,1.3606256],[103.9542198,1.3605402],[103.9541067,1.3604316],[103.9541067,1.3601599],[103.9540116,1.3601625],[103.954009,1.3604885]]]}},{"type":"Feature","id":"way/85479410-0","properties":{"addr:city":"Singapore","addr:country":"SG","addr:housenumber":"476","addr:postcode":"520476","addr:street":"Tampines Street 44","building":"apartments","building:levels":"4","building:use":"residential"},"geometry":{"type":"Polygon","coordinates":[[[103.9535363,1.3610518],[103.9532656,1.3607641],[103.9532788,1.3605038],[103.9531496,1.360494],[103.9531275,1.3608028],[103.953533,1.3612441],[103.9537478,1.3610515],[103.9539099,1.3609075],[103.9536939,1.3606911],[103.9536967,1.3606354],[103.9537012,1.360548],[103.9535687,1.360538],[103.953555,1.360746],[103.9536997,1.3608969],[103.9536475,1.3609479],[103.9535363,1.3610518]]]}},{"type":"Feature","id":"way/85479411-0","properties":{"addr:city":"Singapore","addr:country":"SG","addr:housenumber":"477","addr:postcode":"520477","addr:street":"Tampines Street 43","building":"apartments","building:levels":"4","building:use":"residential"},"geometry":{"type":"Polygon","coordinates":[[[103.9525218,1.3606543],[103.9525167,1.3606595],[103.9523064,1.3608711],[103.9522855,1.3608922],[103.9524501,1.3610593],[103.9524634,1.3610728],[103.9524752,1.3610848],[103.9526513,1.3612636],[103.9530754,1.3608303],[103.9530754,1.360537],[103.9529459,1.3605338],[103.9529484,1.360718],[103.9529491,1.3607716],[103.9527699,1.3609499],[103.9526769,1.3610425],[103.9526642,1.3610551],[103.9525915,1.3609861],[103.9525808,1.3609759],[103.9525654,1.3609613],[103.9524959,1.3608954],[103.9525761,1.3608131],[103.9526578,1.3607293],[103.9526545,1.3605338],[103.9525218,1.360537],[103.9525218,1.3606543]]]}},{"type":"Feature","id":"way/85479412-0","properties":{"addr:city":"Singapore","addr:housenumber":"478","addr:postcode":"520478","addr:street":"Tampines Street 44","building":"yes","building:levels":"1","building:use":"residential"},"geometry":{"type":"Polygon","coordinates":[[[103.9528457,1.3611831],[103.9530108,1.3613623],[103.9532309,1.3613655],[103.9533992,1.3611733],[103.9532374,1.3609974],[103.9531597,1.3610821],[103.9532277,1.361157],[103.9531824,1.3612222],[103.9530755,1.3612189],[103.9530205,1.3611635],[103.953082,1.3611049],[103.9529946,1.3610202],[103.9528457,1.3611831]]]}},{"type":"Feature","id":"way/85479413-0","properties":{"addr:city":"Singapore","addr:country":"SG","addr:housenumber":"479","addr:postcode":"520479","addr:street":"Tampines Street 44","building":"apartments","building:levels":"4","building:use":"residential"},"geometry":{"type":"Polygon","coordinates":[[[103.9533216,1.3613101],[103.9534002,1.3613809],[103.9534256,1.361408],[103.9536776,1.361649],[103.9537812,1.3615447],[103.9535408,1.3613189],[103.9535158,1.3612915],[103.9534154,1.3612026],[103.9533216,1.3613101]]]}},{"type":"Feature","id":"way/85479414-0","properties":{"addr:city":"Singapore","addr:country":"SG","addr:housenumber":"483","addr:postcode":"520483","addr:street":"Tampines Street 43","building":"apartments","building:levels":"4","building:use":"residential"},"geometry":{"type":"Polygon","coordinates":[[[103.9527868,1.3612378],[103.9527409,1.3612826],[103.9527044,1.3613183],[103.9526962,1.3613262],[103.9524346,1.3615773],[103.9525317,1.3616783],[103.9528084,1.3614128],[103.9528472,1.3613743],[103.9529234,1.3613004],[103.952823,1.3612026],[103.9527868,1.3612378]]]}},{"type":"Feature","id":"way/85479415-0","properties":{"addr:city":"Singapore","addr:country":"SG","addr:housenumber":"480","addr:postcode":"520480","addr:street":"Tampines Street 44","building":"apartments","building:levels":"4","building:use":"residential"},"geometry":{"type":"Polygon","coordinates":[[[103.9532698,1.3620171],[103.9535579,1.3620139],[103.953901,1.3616685],[103.9538039,1.3615675],[103.9534996,1.3618705],[103.953273,1.3618738],[103.9532698,1.3620171]]]}},{"type":"Feature","id":"way/85479416-0","properties":{"addr:city":"Singapore","addr:country":"SG","addr:housenumber":"481","addr:postcode":"520481","addr:street":"Tampines Street 44","building":"apartments","building:levels":"4","building:use":"residential"},"geometry":{"type":"Polygon","coordinates":[[[103.9533475,1.3617435],[103.9532665,1.3616685],[103.9532698,1.3614014],[103.953137,1.3613981],[103.9531338,1.3617239],[103.9532568,1.3618379],[103.9533475,1.3617435]]]}},{"type":"Feature","id":"way/85479417-0","properties":{"addr:city":"Singapore","addr:country":"SG","addr:housenumber":"482","addr:postcode":"520482","addr:street":"Tampines Street 43","building":"apartments","building:levels":"4","building:use":"residential"},"geometry":{"type":"Polygon","coordinates":[[[103.952946,1.3618216],[103.9530788,1.3617043],[103.9530788,1.3613948],[103.9529363,1.3613916],[103.9529363,1.3616587],[103.9528619,1.3617272],[103.952946,1.3618216]]]}},{"type":"Feature","id":"way/85479418-0","properties":{"addr:city":"Singapore","addr:country":"SG","addr:housenumber":"484","addr:postcode":"520484","addr:street":"Tampines Street 43","building":"apartments","building:levels":"4","building:use":"residential"},"geometry":{"type":"Polygon","coordinates":[[[103.9526903,1.3618836],[103.9524151,1.3615968],[103.952318,1.3616946],[103.9524127,1.3617928],[103.9525863,1.3619728],[103.9526417,1.3620302],[103.9529169,1.3620236],[103.9529137,1.3618803],[103.9526903,1.3618836]]]}},{"type":"Feature","id":"way/85548330-0","properties":{"addr:city":"Singapore","addr:country":"SG","addr:housenumber":"441","addr:postcode":"520441","addr:street":"Tampines Street 43","building":"apartments","building:levels":"4","building:use":"residential"},"geometry":{"type":"Polygon","coordinates":[[[103.9521156,1.3602033],[103.9521116,1.3604605],[103.9520075,1.3605653],[103.9520386,1.3606003],[103.9520726,1.3606395],[103.9522122,1.3605038],[103.9522195,1.3601965],[103.9522199,1.3601821],[103.9522201,1.3601723],[103.952116,1.3601767],[103.9521156,1.3602033]]]}},{"type":"Feature","id":"way/85548331-0","properties":{"addr:city":"Singapore","addr:country":"SG","addr:housenumber":"440","addr:street":"Tampines Street 43","building":"apartments","building:levels":"12","building:use":"residential"},"geometry":{"type":"Polygon","coordinates":[[[103.9517993,1.3607399],[103.9514903,1.3607365],[103.9514046,1.3607355],[103.9513889,1.3607197],[103.9512918,1.360622],[103.9512403,1.3606714],[103.9512007,1.3607093],[103.951329,1.3608384],[103.9513395,1.360849],[103.9518427,1.3608534],[103.951864,1.3608326],[103.9519902,1.3607093],[103.9519521,1.3606729],[103.9519034,1.3606308],[103.9517993,1.3607399]]]}},{"type":"Feature","id":"way/85548339-0","properties":{"addr:city":"Singapore","addr:country":"SG","addr:housenumber":"439","addr:postcode":"520439","addr:street":"Tampines Street 43","building":"apartments","building:levels":"4","building:use":"residential"},"geometry":{"type":"Polygon","coordinates":[[[103.9510142,1.3605216],[103.9510744,1.3605845],[103.9511313,1.3606439],[103.9512137,1.3605522],[103.9511313,1.3604605],[103.9511356,1.3601985],[103.9510185,1.3601985],[103.9510142,1.3605216]]]}},{"type":"Feature","id":"way/85551231-0","properties":{"addr:city":"Singapore","addr:country":"SG","addr:housenumber":"496C","addr:postcode":"526496","addr:street":"Tampines Street 43","building":"apartments","building:levels":"13","building:use":"residential"},"geometry":{"type":"Polygon","coordinates":[[[103.9500459,1.3619125],[103.9504261,1.362284],[103.950708,1.362001],[103.9506803,1.3619738],[103.9505328,1.3618256],[103.9504702,1.3618879],[103.9504654,1.3618927],[103.9505721,1.3620007],[103.950427,1.3621479],[103.9501974,1.3619162],[103.950283,1.36183],[103.9502188,1.3617676],[103.950203,1.3617522],[103.9500459,1.3619125]]]}},{"type":"Feature","id":"way/85551232-0","properties":{"addr:city":"Singapore","addr:country":"SG","addr:housenumber":"496B","addr:postcode":"525496","addr:street":"Tampines Street 43","building":"apartments","building:levels":"13","building:use":"residential"},"geometry":{"type":"Polygon","coordinates":[[[103.9512772,1.3614179],[103.9512958,1.3613997],[103.9512816,1.3613852],[103.951098,1.3611972],[103.9510352,1.3611328],[103.9509992,1.361169],[103.950962,1.3612064],[103.9509782,1.361223],[103.9511541,1.3614043],[103.9509375,1.3616055],[103.950738,1.3617908],[103.9508042,1.3618579],[103.9508157,1.361869],[103.9512772,1.3614179]]]}},{"type":"Feature","id":"way/85551233-0","properties":{"addr:city":"Singapore","addr:country":"SG","addr:housenumber":"496F","addr:postcode":"522496","addr:street":"Tampines Avenue 9","building":"apartments","building:levels":"13","building:use":"residential"},"geometry":{"type":"Polygon","coordinates":[[[103.950327,1.3604771],[103.950285,1.3604363],[103.9501804,1.3603146],[103.9501567,1.3603149],[103.949923,1.3605304],[103.9500099,1.3606178],[103.9501562,1.3604751],[103.9502424,1.360561],[103.950327,1.3604771]]]}},{"type":"Feature","id":"way/85551235-0","properties":{"addr:city":"Singapore","addr:country":"SG","addr:housenumber":"496D","addr:postcode":"520496","addr:street":"Tampines Avenue 9","building":"apartments","building:levels":"13","building:use":"residential"},"geometry":{"type":"Polygon","coordinates":[[[103.9497644,1.3615989],[103.9497288,1.3616359],[103.9498953,1.3618004],[103.9502364,1.3614591],[103.9503641,1.361588],[103.9502661,1.3616879],[103.950281,1.361703],[103.9503451,1.3617677],[103.9504356,1.3616767],[103.9505116,1.3616002],[103.950235,1.3613232],[103.9502221,1.3613363],[103.9499229,1.3616381],[103.9499088,1.3616523],[103.9498072,1.3615543],[103.9497644,1.3615989]]]}},{"type":"Feature","id":"way/85552356-0","properties":{"addr:city":"Singapore","addr:country":"SG","addr:housenumber":"496G","addr:postcode":"523496","addr:street":"Tampines Avenue 9","building":"apartments","building:levels":"13","building:use":"residential"},"geometry":{"type":"Polygon","coordinates":[[[103.9502498,1.360565],[103.9502595,1.3605747],[103.9503355,1.3606501],[103.950573,1.3608864],[103.9507041,1.3610167],[103.9507983,1.3611126],[103.9508632,1.3610428],[103.9508827,1.3610223],[103.9508019,1.3609436],[103.9506894,1.3608342],[103.9505924,1.3607401],[103.9504206,1.3605733],[103.9503295,1.3604848],[103.9502498,1.360565]]]}},{"type":"Feature","id":"way/455257106-0","properties":{"building":"yes"},"geometry":{"type":"Polygon","coordinates":[[[103.953441,1.3645268],[103.953388,1.3644743],[103.9533204,1.3645424],[103.9533734,1.3645949],[103.953441,1.3645268]]]}},{"type":"Feature","id":"way/470122838-0","properties":{"addr:city":"Singapore","addr:country":"SG","addr:housenumber":"20","addr:postcode":"529151","addr:street":"Tampines Street 43","amenity":"place_of_worship","building":"church","building:levels":"4","name":"Victory Family Centre","religion":"christian"},"geometry":{"type":"Polygon","coordinates":[[[103.9525065,1.3613234],[103.9523525,1.361163],[103.9522586,1.3612531],[103.9521861,1.3611776],[103.9520505,1.361301],[103.9519641,1.3612095],[103.9518402,1.3613403],[103.9519259,1.3614265],[103.9519029,1.3614494],[103.9521294,1.3616853],[103.9525065,1.3613234]]]}},{"type":"Feature","id":"way/470126407-0","properties":{"addr:city":"Singapore","addr:country":"SG","addr:housenumber":"494F","addr:street":"Tampines Street 43","amenity":"parking","building":"parking","building:levels":"6","parking":"multi-storey"},"geometry":{"type":"Polygon","coordinates":[[[103.953147,1.3641894],[103.9532395,1.3641023],[103.9532402,1.3640389],[103.9532892,1.3640386],[103.9532895,1.3640695],[103.9533152,1.3640697],[103.9533143,1.364018],[103.9531623,1.363866],[103.9530511,1.363867],[103.9528357,1.3638689],[103.9528342,1.3640034],[103.9528969,1.364067],[103.9530167,1.3641885],[103.953147,1.3641894]]]}},{"type":"Feature","id":"way/470126409-0","properties":{"addr:city":"Singapore","addr:country":"SG","addr:housenumber":"494D","addr:postcode":"524494","addr:street":"Tampines Street 43","building":"apartments","building:levels":"13"},"geometry":{"type":"Polygon","coordinates":[[[103.9530221,1.3637631],[103.9530218,1.3637457],[103.9530635,1.3637452],[103.9530634,1.3637606],[103.9531254,1.3637608],[103.9531249,1.3637081],[103.9531049,1.3637083],[103.9531044,1.3636793],[103.9531356,1.363679],[103.9531597,1.36371],[103.953149,1.363723],[103.9531495,1.3637512],[103.953256,1.3637508],[103.9532724,1.3637324],[103.9532892,1.3637564],[103.9532727,1.3637768],[103.9532741,1.3638259],[103.9533093,1.3638271],[103.9533199,1.3638421],[103.9533199,1.3639156],[103.9533445,1.3639163],[103.9533445,1.3639407],[103.9533874,1.3639407],[103.9533871,1.3639233],[103.9534364,1.363922],[103.9534364,1.3639367],[103.9534776,1.363936],[103.9534776,1.3639163],[103.9535316,1.3639163],[103.9535312,1.3639307],[103.9535824,1.3639306],[103.953583,1.3638744],[103.9535607,1.3638737],[103.9535611,1.3638502],[103.9535013,1.3637964],[103.9534781,1.3637961],[103.9534779,1.3637601],[103.9533562,1.3637614],[103.9533572,1.3637934],[103.9533688,1.3637936],[103.9533688,1.3638031],[103.9533472,1.3638316],[103.9533344,1.3638234],[103.9533336,1.3636667],[103.9533034,1.3636284],[103.9533146,1.3636171],[103.9533149,1.3635939],[103.9532863,1.363594],[103.953286,1.3636116],[103.9532365,1.3636121],[103.9532364,1.3635941],[103.9532047,1.3635941],[103.9532045,1.3636198],[103.9532171,1.3636324],[103.9531934,1.3636562],[103.9531646,1.363632],[103.9531728,1.3636201],[103.9531735,1.3635942],[103.9531455,1.3635942],[103.9531455,1.3636131],[103.9531009,1.3636136],[103.9531007,1.3635943],[103.9530682,1.3635943],[103.9530691,1.3636056],[103.9530833,1.3636349],[103.9530642,1.363647],[103.9530471,1.3636263],[103.9530262,1.3636435],[103.9530092,1.3636575],[103.953009,1.3636802],[103.9529851,1.3636805],[103.9529847,1.3636994],[103.9529603,1.3636997],[103.9529614,1.3637636],[103.9530221,1.3637631]]]}},{"type":"Feature","id":"way/470126410-0","properties":{"addr:city":"Singapore","addr:country":"SG","addr:housenumber":"494E","addr:postcode":"525494","addr:street":"Tampines Street 43","building":"apartments","building:levels":"13"},"geometry":{"type":"Polygon","coordinates":[[[103.9531547,1.3643244],[103.9531797,1.3643245],[103.9531802,1.364344],[103.9532033,1.3643436],[103.9532037,1.3643647],[103.9532422,1.3643966],[103.9532593,1.3643755],[103.9532778,1.3643884],[103.9532652,1.3644152],[103.9532644,1.3644294],[103.9532954,1.3644291],[103.953295,1.364409],[103.9533389,1.3644094],[103.9533391,1.3644287],[103.9533688,1.3644284],[103.9533686,1.3644023],[103.9533596,1.3643916],[103.9533884,1.3643658],[103.9534122,1.3643902],[103.9534011,1.3644013],[103.9534007,1.3644281],[103.9534332,1.3644278],[103.953433,1.3644102],[103.9534801,1.3644107],[103.9534798,1.3644274],[103.9535094,1.3644271],[103.9535098,1.3644041],[103.9534974,1.3643919],[103.9535275,1.3643543],[103.9535269,1.3641998],[103.9535411,1.3641888],[103.9535624,1.3642158],[103.9535622,1.364229],[103.9535503,1.3642283],[103.9535503,1.3642592],[103.9536736,1.3642595],[103.9536737,1.3642302],[103.9536615,1.36423],[103.9536615,1.3642168],[103.9536742,1.3642032],[103.9536947,1.3642226],[103.9537562,1.364168],[103.9537559,1.3641571],[103.9537555,1.3641462],[103.9537753,1.3641455],[103.9537747,1.3640872],[103.953724,1.3640874],[103.9537239,1.364103],[103.9536721,1.3641036],[103.9536722,1.3640837],[103.953629,1.364084],[103.9536295,1.3640984],[103.9535817,1.3640989],[103.9535817,1.3640808],[103.9535374,1.3640807],[103.9535381,1.3641043],[103.953515,1.3641048],[103.9535141,1.3641801],[103.9535029,1.3641932],[103.953468,1.3641933],[103.9534669,1.3642462],[103.9534831,1.3642659],[103.9534665,1.3642883],[103.9534501,1.3642722],[103.9533448,1.3642729],[103.9533447,1.3643001],[103.9533544,1.3643125],[103.9533314,1.3643433],[103.9532984,1.3643431],[103.9532984,1.3643156],[103.95332,1.3643155],[103.9533202,1.3642627],[103.9532576,1.3642634],[103.9532583,1.3642791],[103.9532156,1.3642793],[103.9532151,1.3642587],[103.9531541,1.3642593],[103.9531547,1.3643244]]]}},{"type":"Feature","id":"way/470241774-0","properties":{"amenity":"childcare","building:part":"yes"},"geometry":{"type":"Polygon","coordinates":[[[103.9518378,1.3627687],[103.9517328,1.3626614],[103.9516767,1.362715],[103.9517841,1.3628224],[103.9518378,1.3627687]]]}},{"type":"Feature","id":"way/1225660523-0","properties":{"amenity":"shelter","building":"roof","building:levels":"1","layer":"1","shelter_type":"pavilion"},"geometry":{"type":"Polygon","coordinates":[[[103.9536513,1.3644057],[103.9536442,1.3644259],[103.9536452,1.3644458],[103.9536551,1.3644574],[103.9536706,1.3644582],[103.9536906,1.364449],[103.9537046,1.3644339],[103.9537196,1.3644118],[103.9537264,1.364385],[103.953726,1.3643674],[103.9537169,1.3643557],[103.9537063,1.3643533],[103.9536948,1.3643552],[103.9536782,1.3643649],[103.9536617,1.3643835],[103.9536513,1.3644057]]]}},{"type":"Feature","id":"way/1225660525-0","properties":{"amenity":"shelter","building":"roof","building:levels":"1","layer":"1","shelter_type":"pavilion"},"geometry":{"type":"Polygon","coordinates":[[[103.9542698,1.3648348],[103.954291,1.3648384],[103.9543105,1.3648341],[103.9543202,1.3648225],[103.9543184,1.364807],[103.954306,1.3647888],[103.9542889,1.3647775],[103.9542645,1.3647664],[103.9542369,1.3647641],[103.9542197,1.3647675],[103.9542097,1.3647784],[103.9542091,1.3647892],[103.9542129,1.3648003],[103.9542251,1.364815],[103.9542462,1.3648282],[103.9542698,1.3648348]]]}},{"type":"Feature","id":"way/29060312-0-3-0","properties":{"highway":"residential","lanes":"1","maxspeed":"30","name":"Tampines Street 44","oneway":"yes","sidewalk:left":"separate","sidewalk:right":"no","surface":"asphalt"},"geometry":{"type":"LineString","coordinates":[[103.9538623,1.3603194],[103.9538638,1.3604011]]}},{"type":"Feature","id":"way/29060312-0-4-0","properties":{"highway":"residential","lanes":"1","maxspeed":"30","name":"Tampines Street 44","oneway":"yes","sidewalk:left":"separate","sidewalk:right":"no","surface":"asphalt"},"geometry":{"type":"LineString","coordinates":[[103.9538638,1.3604011],[103.9538658,1.3604622]]}},{"type":"Feature","id":"way/29060312-0-5-0","properties":{"highway":"residential","lanes":"1","maxspeed":"30","name":"Tampines Street 44","oneway":"yes","sidewalk:left":"separate","sidewalk:right":"no","surface":"asphalt"},"geometry":{"type":"LineString","coordinates":[[103.9538658,1.3604622],[103.9538749,1.3605155]]}},{"type":"Feature","id":"way/29060312-0-6-0","properties":{"highway":"residential","lanes":"1","maxspeed":"30","name":"Tampines Street 44","oneway":"yes","sidewalk:left":"separate","sidewalk:right":"no","surface":"asphalt"},"geometry":{"type":"LineString","coordinates":[[103.9538749,1.3605155],[103.9538762,1.3605232]]}},{"type":"Feature","id":"way/29060312-0-7-0","properties":{"highway":"residential","lanes":"1","maxspeed":"30","name":"Tampines Street 44","oneway":"yes","sidewalk:left":"separate","sidewalk:right":"no","surface":"asphalt"},"geometry":{"type":"LineString","coordinates":[[103.9538762,1.3605232],[103.9538769,1.3605289]]}},{"type":"Feature","id":"way/29060312-0-8-0","properties":{"highway":"residential","lanes":"1","maxspeed":"30","name":"Tampines Street 44","oneway":"yes","sidewalk:left":"separate","sidewalk:right":"no","surface":"asphalt"},"geometry":{"type":"LineString","coordinates":[[103.9538769,1.3605289],[103.9538809,1.3605386]]}},{"type":"Feature","id":"way/29060312-0-9-0","properties":{"highway":"residential","lanes":"1","maxspeed":"30","name":"Tampines Street 44","oneway":"yes","sidewalk:left":"separate","sidewalk:right":"no","surface":"asphalt"},"geometry":{"type":"LineString","coordinates":[[103.9538809,1.3605386],[103.9539002,1.360583]]}},{"type":"Feature","id":"way/82523066-0-0-0","properties":{"foot":"no","highway":"residential","horse":"no","lanes":"3","lanes:backward":"2","lanes:forward":"1","maxspeed":"50","name":"Tampines Street 43","surface":"asphalt","turn:lanes:backward":"left;through|right"},"geometry":{"type":"LineString","coordinates":[[103.9515782,1.361426],[103.9515125,1.3614947]]}},{"type":"Feature","id":"way/82523066-0-1-0","properties":{"foot":"no","highway":"residential","horse":"no","lanes":"3","lanes:backward":"2","lanes:forward":"1","maxspeed":"50","name":"Tampines Street 43","surface":"asphalt","turn:lanes:backward":"left;through|right"},"geometry":{"type":"LineString","coordinates":[[103.9515125,1.3614947],[103.9513875,1.3616246]]}},{"type":"Feature","id":"way/82523073-0-0-0","properties":{"highway":"service","service":"parking_aisle","surface":"asphalt"},"geometry":{"type":"LineString","coordinates":[[103.9526965,1.3642933],[103.9525245,1.3641317]]}},{"type":"Feature","id":"way/82523084-0-0-0","properties":{"highway":"service","lanes":"2","lanes:backward":"1","lanes:forward":"1","service":"parking_aisle","sidewalk":"left","turn:lanes:forward":"through"},"geometry":{"type":"LineString","coordinates":[[103.9538049,1.3631968],[103.9538129,1.3631678]]}},{"type":"Feature","id":"way/82523084-0-1-0","properties":{"highway":"service","lanes":"2","lanes:backward":"1","lanes:forward":"1","service":"parking_aisle","sidewalk":"left","turn:lanes:forward":"through"},"geometry":{"type":"LineString","coordinates":[[103.9538129,1.3631678],[103.9538048,1.3631363]]}},{"type":"Feature","id":"way/82523084-0-2-0","properties":{"highway":"service","lanes":"2","lanes:backward":"1","lanes:forward":"1","service":"parking_aisle","sidewalk":"left","turn:lanes:forward":"through"},"geometry":{"type":"LineString","coordinates":[[103.9538048,1.3631363],[103.9537741,1.3630805]]}},{"type":"Feature","id":"way/82523084-0-3-0","properties":{"highway":"service","lanes":"2","lanes:backward":"1","lanes:forward":"1","service":"parking_aisle","sidewalk":"left","turn:lanes:forward":"through"},"geometry":{"type":"LineString","coordinates":[[103.9537741,1.3630805],[103.9537635,1.3630497]]}},{"type":"Feature","id":"way/82523084-0-4-0","properties":{"highway":"service","lanes":"2","lanes:backward":"1","lanes:forward":"1","service":"parking_aisle","sidewalk":"left","turn:lanes:forward":"through"},"geometry":{"type":"LineString","coordinates":[[103.9537635,1.3630497],[103.9537551,1.3629083]]}},{"type":"Feature","id":"way/82523084-0-5-0","properties":{"highway":"service","lanes":"2","lanes:backward":"1","lanes:forward":"1","service":"parking_aisle","sidewalk":"left","turn:lanes:forward":"through"},"geometry":{"type":"LineString","coordinates":[[103.9537551,1.3629083],[103.9537393,1.3628702]]}},{"type":"Feature","id":"way/82523088-0-0-0","properties":{"highway":"service","service":"parking_aisle"},"geometry":{"type":"LineString","coordinates":[[103.9542132,1.3635231],[103.9540643,1.3636737]]}},{"type":"Feature","id":"way/82523088-0-1-0","properties":{"highway":"service","service":"parking_aisle"},"geometry":{"type":"LineString","coordinates":[[103.9540643,1.3636737],[103.9540547,1.3636784]]}},{"type":"Feature","id":"way/82523088-0-2-0","properties":{"highway":"service","service":"parking_aisle"},"geometry":{"type":"LineString","coordinates":[[103.9540547,1.3636784],[103.9540453,1.363675]]}},{"type":"Feature","id":"way/82523088-0-3-0","properties":{"highway":"service","service":"parking_aisle"},"geometry":{"type":"LineString","coordinates":[[103.9540453,1.363675],[103.953969,1.3636008]]}},{"type":"Feature","id":"way/82523090-0-0-0","properties":{"highway":"service","lanes":"2","lanes:backward":"1","lanes:forward":"1","service":"parking_aisle"},"geometry":{"type":"LineString","coordinates":[[103.9538049,1.3631968],[103.9536217,1.3633825]]}},{"type":"Feature","id":"way/82523090-0-1-0","properties":{"highway":"service","lanes":"2","lanes:backward":"1","lanes:forward":"1","service":"parking_aisle"},"geometry":{"type":"LineString","coordinates":[[103.9536217,1.3633825],[103.9535771,1.3633909]]}},{"type":"Feature","id":"way/82523090-0-2-0","properties":{"highway":"service","lanes":"2","lanes:backward":"1","lanes:forward":"1","service":"parking_aisle"},"geometry":{"type":"LineString","coordinates":[[103.9535771,1.3633909],[103.9535442,1.3633672]]}},{"type":"Feature","id":"way/82523090-0-3-0","properties":{"highway":"service","lanes":"2","lanes:backward":"1","lanes:forward":"1","service":"parking_aisle"},"geometry":{"type":"LineString","coordinates":[[103.9535442,1.3633672],[103.9535217,1.3633389]]}},{"type":"Feature","id":"way/82523090-0-4-0","properties":{"highway":"service","lanes":"2","lanes:backward":"1","lanes:forward":"1","service":"parking_aisle"},"geometry":{"type":"LineString","coordinates":[[103.9535217,1.3633389],[103.9535127,1.3632948]]}},{"type":"Feature","id":"way/82523090-0-5-0","properties":{"highway":"service","lanes":"2","lanes:backward":"1","lanes:forward":"1","service":"parking_aisle"},"geometry":{"type":"LineString","coordinates":[[103.9535127,1.3632948],[103.9535078,1.3631135]]}},{"type":"Feature","id":"way/82523114-0-0-0","properties":{"highway":"service","lanes":"2","lanes:backward":"1","lanes:forward":"1","service":"parking_aisle","surface":"paving_stones"},"geometry":{"type":"LineString","coordinates":[[103.952293,1.3627812],[103.9521812,1.3625577]]}},{"type":"Feature","id":"way/82523114-0-1-0","properties":{"highway":"service","lanes":"2","lanes:backward":"1","lanes:forward":"1","service":"parking_aisle","surface":"paving_stones"},"geometry":{"type":"LineString","coordinates":[[103.9521812,1.3625577],[103.9516885,1.3620452]]}},{"type":"Feature","id":"way/82523114-0-2-0","properties":{"highway":"service","lanes":"2","lanes:backward":"1","lanes:forward":"1","service":"parking_aisle","surface":"paving_stones"},"geometry":{"type":"LineString","coordinates":[[103.9516885,1.3620452],[103.9516437,1.3620254]]}},{"type":"Feature","id":"way/82523114-0-3-0","properties":{"highway":"service","lanes":"2","lanes:backward":"1","lanes:forward":"1","service":"parking_aisle","surface":"paving_stones"},"geometry":{"type":"LineString","coordinates":[[103.9516437,1.3620254],[103.9516071,1.3620346]]}},{"type":"Feature","id":"way/82523114-0-4-0","properties":{"highway":"service","lanes":"2","lanes:backward":"1","lanes:forward":"1","service":"parking_aisle","surface":"paving_stones"},"geometry":{"type":"LineString","coordinates":[[103.9516071,1.3620346],[103.9513516,1.36227]]}},{"type":"Feature","id":"way/82523115-0-0-0","properties":{"highway":"service","lanes":"2","lanes:backward":"1","lanes:forward":"1","service":"parking_aisle","surface":"paving_stones"},"geometry":{"type":"LineString","coordinates":[[103.9521094,1.3634506],[103.9521322,1.3634363]]}},{"type":"Feature","id":"way/82523115-0-1-0","properties":{"highway":"service","lanes":"2","lanes:backward":"1","lanes:forward":"1","service":"parking_aisle","surface":"paving_stones"},"geometry":{"type":"LineString","coordinates":[[103.9521322,1.3634363],[103.9521506,1.3634323]]}},{"type":"Feature","id":"way/82523115-0-2-0","properties":{"highway":"service","lanes":"2","lanes:backward":"1","lanes:forward":"1","service":"parking_aisle","surface":"paving_stones"},"geometry":{"type":"LineString","coordinates":[[103.9521506,1.3634323],[103.9521642,1.363441]]}},{"type":"Feature","id":"way/82523115-0-3-0","properties":{"highway":"service","lanes":"2","lanes:backward":"1","lanes:forward":"1","service":"parking_aisle","surface":"paving_stones"},"geometry":{"type":"LineString","coordinates":[[103.9521642,1.363441],[103.9522706,1.3635446]]}},{"type":"Feature","id":"way/82523115-0-4-0","properties":{"highway":"service","lanes":"2","lanes:backward":"1","lanes:forward":"1","service":"parking_aisle","surface":"paving_stones"},"geometry":{"type":"LineString","coordinates":[[103.9522706,1.3635446],[103.9524735,1.363762]]}},{"type":"Feature","id":"way/82523115-0-5-0","properties":{"highway":"service","lanes":"2","lanes:backward":"1","lanes:forward":"1","service":"parking_aisle","surface":"paving_stones"},"geometry":{"type":"LineString","coordinates":[[103.9524735,1.363762],[103.9526883,1.3639921]]}},{"type":"Feature","id":"way/100765548-0-0-0","properties":{"highway":"service","lanes":"1","oneway":"yes","sidewalk":"left"},"geometry":{"type":"LineString","coordinates":[[103.9536879,1.3612526],[103.9537257,1.3612258]]}},{"type":"Feature","id":"way/100765548-0-1-0","properties":{"highway":"service","lanes":"1","oneway":"yes","sidewalk":"left"},"geometry":{"type":"LineString","coordinates":[[103.9537257,1.3612258],[103.9537411,1.3611909]]}},{"type":"Feature","id":"way/100765550-0-0-0","properties":{"highway":"service","lanes":"1","oneway":"yes","service":"parking_aisle","sidewalk":"left"},"geometry":{"type":"LineString","coordinates":[[103.9534105,1.3615864],[103.9533978,1.3615522]]}},{"type":"Feature","id":"way/100765550-0-1-0","properties":{"highway":"service","lanes":"1","oneway":"yes","service":"parking_aisle","sidewalk":"left"},"geometry":{"type":"LineString","coordinates":[[103.9533978,1.3615522],[103.9533823,1.3615308]]}},{"type":"Feature","id":"way/100765550-0-2-0","properties":{"highway":"service","lanes":"1","oneway":"yes","service":"parking_aisle","sidewalk":"left"},"geometry":{"type":"LineString","coordinates":[[103.9533823,1.3615308],[103.9533723,1.3615046]]}},{"type":"Feature","id":"way/100765550-0-3-0","properties":{"highway":"service","lanes":"1","oneway":"yes","service":"parking_aisle","sidewalk":"left"},"geometry":{"type":"LineString","coordinates":[[103.9533723,1.3615046],[103.953383,1.3614658]]}},{"type":"Feature","id":"way/100765550-0-4-0","properties":{"highway":"service","lanes":"1","oneway":"yes","service":"parking_aisle","sidewalk":"left"},"geometry":{"type":"LineString","coordinates":[[103.953383,1.3614658],[103.9533951,1.3614343]]}},{"type":"Feature","id":"way/100765550-0-5-0","properties":{"highway":"service","lanes":"1","oneway":"yes","service":"parking_aisle","sidewalk":"left"},"geometry":{"type":"LineString","coordinates":[[103.9533951,1.3614343],[103.9534256,1.361408]]}},{"type":"Feature","id":"way/100765551-0-0-0","properties":{"highway":"service","lanes":"1","oneway":"yes","sidewalk":"left","tunnel":"building_passage"},"geometry":{"type":"LineString","coordinates":[[103.9534256,1.361408],[103.9535408,1.3613189]]}},{"type":"Feature","id":"way/100765552-0-0-0","properties":{"highway":"service","lanes":"2","lanes:backward":"1","lanes:forward":"1"},"geometry":{"type":"LineString","coordinates":[[103.9538162,1.3611214],[103.9537478,1.3610515]]}},{"type":"Feature","id":"way/100765553-0-0-0","properties":{"highway":"service","service":"parking_aisle","sidewalk":"left"},"geometry":{"type":"LineString","coordinates":[[103.9534994,1.3607937],[103.9534816,1.360592]]}},{"type":"Feature","id":"way/100765554-0-0-0","properties":{"highway":"service","lanes":"2","lanes:backward":"1","lanes:forward":"1","service":"parking_aisle","sidewalk":"both"},"geometry":{"type":"LineString","coordinates":[[103.9536475,1.3609479],[103.9535539,1.3608504]]}},{"type":"Feature","id":"way/100765554-0-1-0","properties":{"highway":"service","lanes":"2","lanes:backward":"1","lanes:forward":"1","service":"parking_aisle","sidewalk":"both"},"geometry":{"type":"LineString","coordinates":[[103.9535539,1.3608504],[103.9534994,1.3607937]]}},{"type":"Feature","id":"way/100767519-0-1-0","properties":{"highway":"service","lanes":"2","lanes:backward":"1","lanes:forward":"1","service":"parking_aisle","sidewalk":"left","turn:lanes:backward":"through","turn:lanes:forward":"through"},"geometry":{"type":"LineString","coordinates":[[103.9542152,1.3603583],[103.9542178,1.3603784]]}},{"type":"Feature","id":"way/173278372-0-2-0","properties":{"highway":"residential","lanes":"2","lanes:backward":"1","lanes:forward":"1","maxspeed":"50","name":"Tampines Street 43","sidewalk:both":"separate","surface":"asphalt"},"geometry":{"type":"LineString","coordinates":[[103.95239,1.3604406],[103.9523821,1.3605244]]}},{"type":"Feature","id":"way/173278372-0-3-0","properties":{"highway":"residential","lanes":"2","lanes:backward":"1","lanes:forward":"1","maxspeed":"50","name":"Tampines Street 43","sidewalk:both":"separate","surface":"asphalt"},"geometry":{"type":"LineString","coordinates":[[103.9523821,1.3605244],[103.9523466,1.3606063]]}},{"type":"Feature","id":"way/173278372-0-4-0","properties":{"highway":"residential","lanes":"2","lanes:backward":"1","lanes:forward":"1","maxspeed":"50","name":"Tampines Street 43","sidewalk:both":"separate","surface":"asphalt"},"geometry":{"type":"LineString","coordinates":[[103.9523466,1.3606063],[103.9522653,1.3607219]]}},{"type":"Feature","id":"way/173278372-0-5-0","properties":{"highway":"residential","lanes":"2","lanes:backward":"1","lanes:forward":"1","maxspeed":"50","name":"Tampines Street 43","sidewalk:both":"separate","surface":"asphalt"},"geometry":{"type":"LineString","coordinates":[[103.9522653,1.3607219],[103.9521572,1.3608331]]}},{"type":"Feature","id":"way/173767900-0-5-0","properties":{"foot":"no","highway":"secondary","horse":"no","lanes":"2","maxspeed":"50","name":"Tampines Avenue 9","oneway":"yes","sidewalk:left":"separate","sidewalk:right":"no","surface":"asphalt"},"geometry":{"type":"LineString","coordinates":[[103.9505446,1.3604051],[103.9507378,1.3605935]]}},{"type":"Feature","id":"way/173767900-0-6-0","properties":{"foot":"no","highway":"secondary","horse":"no","lanes":"2","maxspeed":"50","name":"Tampines Avenue 9","oneway":"yes","sidewalk:left":"separate","sidewalk:right":"no","surface":"asphalt"},"geometry":{"type":"LineString","coordinates":[[103.9507378,1.3605935],[103.9508325,1.3606858]]}},{"type":"Feature","id":"way/174049735-0-1-0","properties":{"foot":"no","highway":"secondary","horse":"no","lanes":"2","maxspeed":"40","name":"Tampines Avenue 9","oneway":"yes","sidewalk:left":"separate","sidewalk:right":"no","surface":"asphalt"},"geometry":{"type":"LineString","coordinates":[[103.9542705,1.3617941],[103.9542321,1.3618301]]}},{"type":"Feature","id":"way/174049735-0-2-0","properties":{"foot":"no","highway":"secondary","horse":"no","lanes":"2","maxspeed":"40","name":"Tampines Avenue 9","oneway":"yes","sidewalk:left":"separate","sidewalk:right":"no","surface":"asphalt"},"geometry":{"type":"LineString","coordinates":[[103.9542321,1.3618301],[103.9541933,1.3618664]]}},{"type":"Feature","id":"way/174049735-0-3-0","properties":{"foot":"no","highway":"secondary","horse":"no","lanes":"2","maxspeed":"40","name":"Tampines Avenue 9","oneway":"yes","sidewalk:left":"separate","sidewalk:right":"no","surface":"asphalt"},"geometry":{"type":"LineString","coordinates":[[103.9541933,1.3618664],[103.9541135,1.3619337]]}},{"type":"Feature","id":"way/174049735-0-4-0","properties":{"foot":"no","highway":"secondary","horse":"no","lanes":"2","maxspeed":"40","name":"Tampines Avenue 9","oneway":"yes","sidewalk:left":"separate","sidewalk:right":"no","surface":"asphalt"},"geometry":{"type":"LineString","coordinates":[[103.9541135,1.3619337],[103.954032,1.3619911]]}},{"type":"Feature","id":"way/174049735-0-5-0","properties":{"foot":"no","highway":"secondary","horse":"no","lanes":"2","maxspeed":"40","name":"Tampines Avenue 9","oneway":"yes","sidewalk:left":"separate","sidewalk:right":"no","surface":"asphalt"},"geometry":{"type":"LineString","coordinates":[[103.954032,1.3619911],[103.9540225,1.3619978]]}},{"type":"Feature","id":"way/174049735-0-6-0","properties":{"foot":"no","highway":"secondary","horse":"no","lanes":"2","maxspeed":"40","name":"Tampines Avenue 9","oneway":"yes","sidewalk:left":"separate","sidewalk:right":"no","surface":"asphalt"},"geometry":{"type":"LineString","coordinates":[[103.9540225,1.3619978],[103.9539406,1.3620428]]}},{"type":"Feature","id":"way/174049735-0-7-0","properties":{"foot":"no","highway":"secondary","horse":"no","lanes":"2","maxspeed":"40","name":"Tampines Avenue 9","oneway":"yes","sidewalk:left":"separate","sidewalk:right":"no","surface":"asphalt"},"geometry":{"type":"LineString","coordinates":[[103.9539406,1.3620428],[103.9538443,1.3620882]]}},{"type":"Feature","id":"way/175959580-0-0-0","properties":{"highway":"residential","lanes":"3","lanes:backward":"2","lanes:forward":"1","maxspeed":"50","name":"Tampines Street 43","sidewalk:both":"separate","surface":"asphalt"},"geometry":{"type":"LineString","coordinates":[[103.9516343,1.3613691],[103.9515782,1.361426]]}},{"type":"Feature","id":"way/465055352-0-0-0","properties":{"highway":"service","junction":"roundabout","lanes":"1","service":"parking_aisle","turn:lanes":"left;right"},"geometry":{"type":"LineString","coordinates":[[103.9535891,1.3628338],[103.9536103,1.3628774]]}},{"type":"Feature","id":"way/465055353-0-0-0","properties":{"highway":"service","lanes":"2","lanes:backward":"1","lanes:forward":"1","service":"parking_aisle","surface":"asphalt"},"geometry":{"type":"LineString","coordinates":[[103.9519335,1.3631159],[103.952293,1.3627812]]}},{"type":"Feature","id":"way/465055354-0-0-0","properties":{"highway":"service","horse":"no","lanes":"2","lanes:backward":"1","lanes:forward":"1","oneway":"no","paving_stones:length":"0.3","paving_stones:shape":"square","service":"driveway","surface":"paving_stones","turn:lanes:backward":"through","turn:lanes:forward":"left;right"},"geometry":{"type":"LineString","coordinates":[[103.9526924,1.3625926],[103.9526891,1.3623246]]}},{"type":"Feature","id":"way/465055354-0-1-0","properties":{"highway":"service","horse":"no","lanes":"2","lanes:backward":"1","lanes:forward":"1","oneway":"no","paving_stones:length":"0.3","paving_stones:shape":"square","service":"driveway","surface":"paving_stones","turn:lanes:backward":"through","turn:lanes:forward":"left;right"},"geometry":{"type":"LineString","coordinates":[[103.9526891,1.3623246],[103.9526907,1.3622462]]}},{"type":"Feature","id":"way/465055355-0-0-0","properties":{"highway":"service","service":"parking_aisle"},"geometry":{"type":"LineString","coordinates":[[103.9526965,1.3642933],[103.9527961,1.3643895]]}},{"type":"Feature","id":"way/465055356-0-0-0","properties":{"highway":"service","horse":"no","lanes":"2","lanes:backward":"1","lanes:forward":"1","oneway":"no","paving_stones:length":"0.3","paving_stones:shape":"square","service":"parking_aisle","sidewalk":"both","surface":"paving_stones","turn:lanes:backward":"left"},"geometry":{"type":"LineString","coordinates":[[103.9508996,1.3621031],[103.9509675,1.3621717]]}},{"type":"Feature","id":"way/465297708-0-0-0","properties":{"highway":"service","lanes":"2","lanes:backward":"1","lanes:forward":"1","sidewalk":"right"},"geometry":{"type":"LineString","coordinates":[[103.9525808,1.3609759],[103.9526489,1.3609197]]}},{"type":"Feature","id":"way/465297708-0-1-0","properties":{"highway":"service","lanes":"2","lanes:backward":"1","lanes:forward":"1","sidewalk":"right"},"geometry":{"type":"LineString","coordinates":[[103.9526489,1.3609197],[103.9526589,1.3609087]]}},{"type":"Feature","id":"way/465297708-0-2-0","properties":{"highway":"service","lanes":"2","lanes:backward":"1","lanes:forward":"1","sidewalk":"right"},"geometry":{"type":"LineString","coordinates":[[103.9526589,1.3609087],[103.9526812,1.3608841]]}},{"type":"Feature","id":"way/465297708-0-3-0","properties":{"highway":"service","lanes":"2","lanes:backward":"1","lanes:forward":"1","sidewalk":"right"},"geometry":{"type":"LineString","coordinates":[[103.9526812,1.3608841],[103.9526845,1.3608779]]}},{"type":"Feature","id":"way/465297708-0-4-0","properties":{"highway":"service","lanes":"2","lanes:backward":"1","lanes:forward":"1","sidewalk":"right"},"geometry":{"type":"LineString","coordinates":[[103.9526845,1.3608779],[103.9527033,1.3608419]]}},{"type":"Feature","id":"way/465297708-0-5-0","properties":{"highway":"service","lanes":"2","lanes:backward":"1","lanes:forward":"1","sidewalk":"right"},"geometry":{"type":"LineString","coordinates":[[103.9527033,1.3608419],[103.9527231,1.3607618]]}},{"type":"Feature","id":"way/465297708-0-6-0","properties":{"highway":"service","lanes":"2","lanes:backward":"1","lanes:forward":"1","sidewalk":"right"},"geometry":{"type":"LineString","coordinates":[[103.9527231,1.3607618],[103.9527278,1.3607167]]}},{"type":"Feature","id":"way/465297708-0-7-0","properties":{"highway":"service","lanes":"2","lanes:backward":"1","lanes:forward":"1","sidewalk":"right"},"geometry":{"type":"LineString","coordinates":[[103.9527278,1.3607167],[103.9527447,1.3605526]]}},{"type":"Feature","id":"way/465297709-0-0-0","properties":{"highway":"service","lanes":"1","oneway":"yes","sidewalk":"left"},"geometry":{"type":"LineString","coordinates":[[103.9528113,1.3616092],[103.9528399,1.3616072]]}},{"type":"Feature","id":"way/465297709-0-1-0","properties":{"highway":"service","lanes":"1","oneway":"yes","sidewalk":"left"},"geometry":{"type":"LineString","coordinates":[[103.9528399,1.3616072],[103.9528733,1.3615541]]}},{"type":"Feature","id":"way/465297709-0-2-0","properties":{"highway":"service","lanes":"1","oneway":"yes","sidewalk":"left"},"geometry":{"type":"LineString","coordinates":[[103.9528733,1.3615541],[103.9528885,1.3615305]]}},{"type":"Feature","id":"way/465297709-0-3-0","properties":{"highway":"service","lanes":"1","oneway":"yes","sidewalk":"left"},"geometry":{"type":"LineString","coordinates":[[103.9528885,1.3615305],[103.9528919,1.3615167]]}},{"type":"Feature","id":"way/465297709-0-4-0","properties":{"highway":"service","lanes":"1","oneway":"yes","sidewalk":"left"},"geometry":{"type":"LineString","coordinates":[[103.9528919,1.3615167],[103.9528925,1.3614919]]}},{"type":"Feature","id":"way/465297709-0-5-0","properties":{"highway":"service","lanes":"1","oneway":"yes","sidewalk":"left"},"geometry":{"type":"LineString","coordinates":[[103.9528925,1.3614919],[103.952885,1.3614585]]}},{"type":"Feature","id":"way/465297709-0-6-0","properties":{"highway":"service","lanes":"1","oneway":"yes","sidewalk":"left"},"geometry":{"type":"LineString","coordinates":[[103.952885,1.3614585],[103.9528728,1.3614141]]}},{"type":"Feature","id":"way/465297709-0-7-0","properties":{"highway":"service","lanes":"1","oneway":"yes","sidewalk":"left"},"geometry":{"type":"LineString","coordinates":[[103.9528728,1.3614141],[103.9528472,1.3613743]]}},{"type":"Feature","id":"way/465297710-0-0-0","properties":{"highway":"service","lanes":"1","oneway":"yes","sidewalk":"left","tunnel":"building_passage"},"geometry":{"type":"LineString","coordinates":[[103.9528472,1.3613743],[103.9527409,1.3612826]]}},{"type":"Feature","id":"way/465297711-0-0-0","properties":{"highway":"service","lanes":"1","oneway":"yes"},"geometry":{"type":"LineString","coordinates":[[103.9527409,1.3612826],[103.9527165,1.3612794]]}},{"type":"Feature","id":"way/465297711-0-1-0","properties":{"highway":"service","lanes":"1","oneway":"yes"},"geometry":{"type":"LineString","coordinates":[[103.9527165,1.3612794],[103.9526985,1.3612771]]}},{"type":"Feature","id":"way/465297711-0-2-0","properties":{"highway":"service","lanes":"1","oneway":"yes"},"geometry":{"type":"LineString","coordinates":[[103.9526985,1.3612771],[103.9526894,1.361276]]}},{"type":"Feature","id":"way/465297711-0-3-0","properties":{"highway":"service","lanes":"1","oneway":"yes"},"geometry":{"type":"LineString","coordinates":[[103.9526894,1.361276],[103.9526492,1.3612714]]}},{"type":"Feature","id":"way/465297711-0-4-0","properties":{"highway":"service","lanes":"1","oneway":"yes"},"geometry":{"type":"LineString","coordinates":[[103.9526492,1.3612714],[103.9526065,1.3612483]]}},{"type":"Feature","id":"way/465297711-0-5-0","properties":{"highway":"service","lanes":"1","oneway":"yes"},"geometry":{"type":"LineString","coordinates":[[103.9526065,1.3612483],[103.9525622,1.3612189]]}},{"type":"Feature","id":"way/465297711-0-6-0","properties":{"highway":"service","lanes":"1","oneway":"yes"},"geometry":{"type":"LineString","coordinates":[[103.9525622,1.3612189],[103.9525372,1.3612013]]}},{"type":"Feature","id":"way/465297711-0-7-0","properties":{"highway":"service","lanes":"1","oneway":"yes"},"geometry":{"type":"LineString","coordinates":[[103.9525372,1.3612013],[103.9525133,1.3611909]]}},{"type":"Feature","id":"way/465297716-0-0-0","properties":{"highway":"service","lanes":"2","lanes:backward":"1","lanes:forward":"1","service":"parking_aisle"},"geometry":{"type":"LineString","coordinates":[[103.9538553,1.3627512],[103.9539334,1.3627467]]}},{"type":"Feature","id":"way/465297716-0-1-0","properties":{"highway":"service","lanes":"2","lanes:backward":"1","lanes:forward":"1","service":"parking_aisle"},"geometry":{"type":"LineString","coordinates":[[103.9539334,1.3627467],[103.9539804,1.3627146]]}},{"type":"Feature","id":"way/465297717-0-0-0","properties":{"highway":"service","junction":"roundabout","lanes":"1","service":"parking_aisle","sidewalk":"left","turn:lanes":"left;right"},"geometry":{"type":"LineString","coordinates":[[103.9536103,1.3628774],[103.9536404,1.3628982]]}},{"type":"Feature","id":"way/465297717-0-1-0","properties":{"highway":"service","junction":"roundabout","lanes":"1","service":"parking_aisle","sidewalk":"left","turn:lanes":"left;right"},"geometry":{"type":"LineString","coordinates":[[103.9536404,1.3628982],[103.9536764,1.3629042]]}},{"type":"Feature","id":"way/465297717-0-2-0","properties":{"highway":"service","junction":"roundabout","lanes":"1","service":"parking_aisle","sidewalk":"left","turn:lanes":"left;right"},"geometry":{"type":"LineString","coordinates":[[103.9536764,1.3629042],[103.9537117,1.3628942]]}},{"type":"Feature","id":"way/465297717-0-3-0","properties":{"highway":"service","junction":"roundabout","lanes":"1","service":"parking_aisle","sidewalk":"left","turn:lanes":"left;right"},"geometry":{"type":"LineString","coordinates":[[103.9537117,1.3628942],[103.9537393,1.3628702]]}},{"type":"Feature","id":"way/465297737-0-0-0","properties":{"highway":"service","service":"parking_aisle"},"geometry":{"type":"LineString","coordinates":[[103.9534994,1.3607937],[103.9533714,1.3607553]]}},{"type":"Feature","id":"way/465297739-0-0-0","properties":{"highway":"residential","lanes":"1","maxspeed":"30","name":"Tampines Street 44","oneway":"yes","sidewalk:left":"separate","sidewalk:right":"no","surface":"asphalt"},"geometry":{"type":"LineString","coordinates":[[103.9539002,1.360583],[103.9539245,1.3606315]]}},{"type":"Feature","id":"way/465297739-0-1-0","properties":{"highway":"residential","lanes":"1","maxspeed":"30","name":"Tampines Street 44","oneway":"yes","sidewalk:left":"separate","sidewalk:right":"no","surface":"asphalt"},"geometry":{"type":"LineString","coordinates":[[103.9539245,1.3606315],[103.9539585,1.3606837]]}},{"type":"Feature","id":"way/465297739-0-2-0","properties":{"highway":"residential","lanes":"1","maxspeed":"30","name":"Tampines Street 44","oneway":"yes","sidewalk:left":"separate","sidewalk:right":"no","surface":"asphalt"},"geometry":{"type":"LineString","coordinates":[[103.9539585,1.3606837],[103.9539865,1.3607331]]}},{"type":"Feature","id":"way/465297739-0-3-0","properties":{"highway":"residential","lanes":"1","maxspeed":"30","name":"Tampines Street 44","oneway":"yes","sidewalk:left":"separate","sidewalk:right":"no","surface":"asphalt"},"geometry":{"type":"LineString","coordinates":[[103.9539865,1.3607331],[103.9539907,1.360739]]}},{"type":"Feature","id":"way/465297739-0-4-0","properties":{"highway":"residential","lanes":"1","maxspeed":"30","name":"Tampines Street 44","oneway":"yes","sidewalk:left":"separate","sidewalk:right":"no","surface":"asphalt"},"geometry":{"type":"LineString","coordinates":[[103.9539907,1.360739],[103.9539961,1.3607443]]}},{"type":"Feature","id":"way/465297739-0-5-0","properties":{"highway":"residential","lanes":"1","maxspeed":"30","name":"Tampines Street 44","oneway":"yes","sidewalk:left":"separate","sidewalk:right":"no","surface":"asphalt"},"geometry":{"type":"LineString","coordinates":[[103.9539961,1.3607443],[103.9540895,1.3608329]]}},{"type":"Feature","id":"way/470126408-0-0-0","properties":{"highway":"service","lanes":"2","lanes:backward":"1","lanes:forward":"1","service":"parking_aisle","sidewalk":"left","surface":"asphalt","turn:lanes:backward":"through","turn:lanes:forward":"through"},"geometry":{"type":"LineString","coordinates":[[103.9526883,1.3639921],[103.9527978,1.3638601]]}},{"type":"Feature","id":"way/470126408-0-1-0","properties":{"highway":"service","lanes":"2","lanes:backward":"1","lanes:forward":"1","service":"parking_aisle","sidewalk":"left","surface":"asphalt","turn:lanes:backward":"through","turn:lanes:forward":"through"},"geometry":{"type":"LineString","coordinates":[[103.9527978,1.3638601],[103.9528461,1.3638188]]}},{"type":"Feature","id":"way/470126408-0-2-0","properties":{"highway":"service","lanes":"2","lanes:backward":"1","lanes:forward":"1","service":"parking_aisle","sidewalk":"left","surface":"asphalt","turn:lanes:backward":"through","turn:lanes:forward":"through"},"geometry":{"type":"LineString","coordinates":[[103.9528461,1.3638188],[103.9528935,1.3638036]]}},{"type":"Feature","id":"way/470241770-0-0-0","properties":{"highway":"service","horse":"no","lanes":"2","lanes:backward":"1","lanes:forward":"1","service":"parking_aisle","surface":"paving_stones"},"geometry":{"type":"LineString","coordinates":[[103.9506022,1.3618105],[103.9505465,1.3617559]]}},{"type":"Feature","id":"way/470241770-0-1-0","properties":{"highway":"service","horse":"no","lanes":"2","lanes:backward":"1","lanes:forward":"1","service":"parking_aisle","surface":"paving_stones"},"geometry":{"type":"LineString","coordinates":[[103.9505465,1.3617559],[103.9505057,1.3617514]]}},{"type":"Feature","id":"way/470241770-0-2-0","properties":{"highway":"service","horse":"no","lanes":"2","lanes:backward":"1","lanes:forward":"1","service":"parking_aisle","surface":"paving_stones"},"geometry":{"type":"LineString","coordinates":[[103.9505057,1.3617514],[103.9504726,1.3617638]]}},{"type":"Feature","id":"way/470241770-0-3-0","properties":{"highway":"service","horse":"no","lanes":"2","lanes:backward":"1","lanes:forward":"1","service":"parking_aisle","surface":"paving_stones"},"geometry":{"type":"LineString","coordinates":[[103.9504726,1.3617638],[103.9504099,1.3618262]]}},{"type":"Feature","id":"way/470241770-0-4-0","properties":{"highway":"service","horse":"no","lanes":"2","lanes:backward":"1","lanes:forward":"1","service":"parking_aisle","surface":"paving_stones"},"geometry":{"type":"LineString","coordinates":[[103.9504099,1.3618262],[103.9503616,1.3618742]]}},{"type":"Feature","id":"way/470241770-0-5-0","properties":{"highway":"service","horse":"no","lanes":"2","lanes:backward":"1","lanes:forward":"1","service":"parking_aisle","surface":"paving_stones"},"geometry":{"type":"LineString","coordinates":[[103.9503616,1.3618742],[103.9503548,1.3618861]]}},{"type":"Feature","id":"way/470241770-0-6-0","properties":{"highway":"service","horse":"no","lanes":"2","lanes:backward":"1","lanes:forward":"1","service":"parking_aisle","surface":"paving_stones"},"geometry":{"type":"LineString","coordinates":[[103.9503548,1.3618861],[103.9503586,1.3618987]]}},{"type":"Feature","id":"way/470241770-0-7-0","properties":{"highway":"service","horse":"no","lanes":"2","lanes:backward":"1","lanes:forward":"1","service":"parking_aisle","surface":"paving_stones"},"geometry":{"type":"LineString","coordinates":[[103.9503586,1.3618987],[103.9504697,1.3620082]]}},{"type":"Feature","id":"way/470241771-0-0-0","properties":{"highway":"service","horse":"no","lanes":"2","lanes:backward":"1","lanes:forward":"1","paving_stones:length":"0.3","paving_stones:shape":"square","service":"parking_aisle","surface":"paving_stones"},"geometry":{"type":"LineString","coordinates":[[103.9506022,1.3618105],[103.9508743,1.3615447]]}},{"type":"Feature","id":"way/470241771-0-1-0","properties":{"highway":"service","horse":"no","lanes":"2","lanes:backward":"1","lanes:forward":"1","paving_stones:length":"0.3","paving_stones:shape":"square","service":"parking_aisle","surface":"paving_stones"},"geometry":{"type":"LineString","coordinates":[[103.9508743,1.3615447],[103.9508878,1.3615313]]}},{"type":"Feature","id":"way/470241771-0-2-0","properties":{"highway":"service","horse":"no","lanes":"2","lanes:backward":"1","lanes:forward":"1","paving_stones:length":"0.3","paving_stones:shape":"square","service":"parking_aisle","surface":"paving_stones"},"geometry":{"type":"LineString","coordinates":[[103.9508878,1.3615313],[103.9509768,1.3614328]]}},{"type":"Feature","id":"way/470241771-0-3-0","properties":{"highway":"service","horse":"no","lanes":"2","lanes:backward":"1","lanes:forward":"1","paving_stones:length":"0.3","paving_stones:shape":"square","service":"parking_aisle","surface":"paving_stones"},"geometry":{"type":"LineString","coordinates":[[103.9509768,1.3614328],[103.9509754,1.3614235]]}},{"type":"Feature","id":"way/470241771-0-4-0","properties":{"highway":"service","horse":"no","lanes":"2","lanes:backward":"1","lanes:forward":"1","paving_stones:length":"0.3","paving_stones:shape":"square","service":"parking_aisle","surface":"paving_stones"},"geometry":{"type":"LineString","coordinates":[[103.9509754,1.3614235],[103.9509717,1.3614141]]}},{"type":"Feature","id":"way/470241771-0-5-0","properties":{"highway":"service","horse":"no","lanes":"2","lanes:backward":"1","lanes:forward":"1","paving_stones:length":"0.3","paving_stones:shape":"square","service":"parking_aisle","surface":"paving_stones"},"geometry":{"type":"LineString","coordinates":[[103.9509717,1.3614141],[103.95088,1.3613223]]}},{"type":"Feature","id":"way/470241771-0-6-0","properties":{"highway":"service","horse":"no","lanes":"2","lanes:backward":"1","lanes:forward":"1","paving_stones:length":"0.3","paving_stones:shape":"square","service":"parking_aisle","surface":"paving_stones"},"geometry":{"type":"LineString","coordinates":[[103.95088,1.3613223],[103.9507989,1.361241]]}},{"type":"Feature","id":"way/470241773-0-0-0","properties":{"bicycle":"no","foot":"no","highway":"service","horse":"no","lanes":"2","lanes:backward":"1","lanes:forward":"1","surface":"asphalt"},"geometry":{"type":"LineString","coordinates":[[103.9507989,1.361241],[103.9509358,1.3611072]]}},{"type":"Feature","id":"way/470241773-0-1-0","properties":{"bicycle":"no","foot":"no","highway":"service","horse":"no","lanes":"2","lanes:backward":"1","lanes:forward":"1","surface":"asphalt"},"geometry":{"type":"LineString","coordinates":[[103.9509358,1.3611072],[103.9510454,1.361]]}},{"type":"Feature","id":"way/472251417-0-0-0","properties":{"highway":"service","horse":"no","lanes":"2","lanes:backward":"1","lanes:forward":"1","paving_stones:length":"0.3","paving_stones:shape":"square","service":"parking_aisle","surface":"paving_stones","turn:lanes:forward":"left"},"geometry":{"type":"LineString","coordinates":[[103.952293,1.3627812],[103.9523877,1.3627719]]}},{"type":"Feature","id":"way/472251417-0-1-0","properties":{"highway":"service","horse":"no","lanes":"2","lanes:backward":"1","lanes:forward":"1","paving_stones:length":"0.3","paving_stones:shape":"square","service":"parking_aisle","surface":"paving_stones","turn:lanes:forward":"left"},"geometry":{"type":"LineString","coordinates":[[103.9523877,1.3627719],[103.9525241,1.3627584]]}},{"type":"Feature","id":"way/472251418-0-0-0","properties":{"highway":"service","horse":"no","lanes":"2","lanes:backward":"1","lanes:forward":"1","paving_stones:length":"0.3","paving_stones:shape":"square","service":"parking_aisle","surface":"paving_stones"},"geometry":{"type":"LineString","coordinates":[[103.9531449,1.3628961],[103.95315,1.362896]]}},{"type":"Feature","id":"way/472251418-0-1-0","properties":{"highway":"service","horse":"no","lanes":"2","lanes:backward":"1","lanes:forward":"1","paving_stones:length":"0.3","paving_stones:shape":"square","service":"parking_aisle","surface":"paving_stones"},"geometry":{"type":"LineString","coordinates":[[103.95315,1.362896],[103.9531554,1.3628959]]}},{"type":"Feature","id":"way/472251418-0-2-0","properties":{"highway":"service","horse":"no","lanes":"2","lanes:backward":"1","lanes:forward":"1","paving_stones:length":"0.3","paving_stones:shape":"square","service":"parking_aisle","surface":"paving_stones"},"geometry":{"type":"LineString","coordinates":[[103.9531554,1.3628959],[103.9531667,1.3628957]]}},{"type":"Feature","id":"way/472251418-0-3-0","properties":{"highway":"service","horse":"no","lanes":"2","lanes:backward":"1","lanes:forward":"1","paving_stones:length":"0.3","paving_stones:shape":"square","service":"parking_aisle","surface":"paving_stones"},"geometry":{"type":"LineString","coordinates":[[103.9531667,1.3628957],[103.9531906,1.3628952]]}},{"type":"Feature","id":"way/472664958-0-0-0","properties":{"highway":"service","lanes":"2","lanes:backward":"1","lanes:forward":"1","service":"driveway"},"geometry":{"type":"LineString","coordinates":[[103.9535956,1.3622386],[103.9535911,1.3621821]]}},{"type":"Feature","id":"way/472664959-0-0-0","properties":{"foot":"no","highway":"secondary","horse":"no","lanes":"2","maxspeed":"40","name":"Tampines Avenue 9","oneway":"yes","sidewalk:left":"separate","sidewalk:right":"no","surface":"asphalt"},"geometry":{"type":"LineString","coordinates":[[103.9535956,1.3622386],[103.9537265,1.3622003]]}},{"type":"Feature","id":"way/472664959-0-1-0","properties":{"foot":"no","highway":"secondary","horse":"no","lanes":"2","maxspeed":"40","name":"Tampines Avenue 9","oneway":"yes","sidewalk:left":"separate","sidewalk:right":"no","surface":"asphalt"},"geometry":{"type":"LineString","coordinates":[[103.9537265,1.3622003],[103.9538609,1.3621502]]}},{"type":"Feature","id":"way/472664959-0-2-0","properties":{"foot":"no","highway":"secondary","horse":"no","lanes":"2","maxspeed":"40","name":"Tampines Avenue 9","oneway":"yes","sidewalk:left":"separate","sidewalk:right":"no","surface":"asphalt"},"geometry":{"type":"LineString","coordinates":[[103.9538609,1.3621502],[103.953973,1.3620953]]}},{"type":"Feature","id":"way/472664959-0-3-0","properties":{"foot":"no","highway":"secondary","horse":"no","lanes":"2","maxspeed":"40","name":"Tampines Avenue 9","oneway":"yes","sidewalk:left":"separate","sidewalk:right":"no","surface":"asphalt"},"geometry":{"type":"LineString","coordinates":[[103.953973,1.3620953],[103.9540576,1.3620446]]}},{"type":"Feature","id":"way/472673128-0-0-0","properties":{"foot":"no","highway":"secondary","horse":"no","lanes":"2","maxspeed":"40","name":"Tampines Avenue 9","oneway":"yes","sidewalk:left":"separate","sidewalk:right":"no","surface":"asphalt"},"geometry":{"type":"LineString","coordinates":[[103.9524954,1.3621001],[103.9524781,1.3620931]]}},{"type":"Feature","id":"way/472673128-0-1-0","properties":{"foot":"no","highway":"secondary","horse":"no","lanes":"2","maxspeed":"40","name":"Tampines Avenue 9","oneway":"yes","sidewalk:left":"separate","sidewalk:right":"no","surface":"asphalt"},"geometry":{"type":"LineString","coordinates":[[103.9524781,1.3620931],[103.9524047,1.3620572]]}},{"type":"Feature","id":"way/472673128-0-2-0","properties":{"foot":"no","highway":"secondary","horse":"no","lanes":"2","maxspeed":"40","name":"Tampines Avenue 9","oneway":"yes","sidewalk:left":"separate","sidewalk:right":"no","surface":"asphalt"},"geometry":{"type":"LineString","coordinates":[[103.9524047,1.3620572],[103.9523263,1.3620113]]}},{"type":"Feature","id":"way/472673128-0-3-0","properties":{"foot":"no","highway":"secondary","horse":"no","lanes":"2","maxspeed":"40","name":"Tampines Avenue 9","oneway":"yes","sidewalk:left":"separate","sidewalk:right":"no","surface":"asphalt"},"geometry":{"type":"LineString","coordinates":[[103.9523263,1.3620113],[103.9522096,1.3619343]]}},{"type":"Feature","id":"way/472673131-0-0-0","properties":{"foot":"no","highway":"secondary","horse":"no","lanes":"2","maxspeed":"50","name":"Tampines Avenue 9","oneway":"yes","sidewalk:left":"separate","sidewalk:right":"no","surface":"asphalt","turn:lanes":"left;through|through;right"},"geometry":{"type":"LineString","coordinates":[[103.951228,1.3610719],[103.9513706,1.3612158]]}},{"type":"Feature","id":"way/472673131-0-1-0","properties":{"foot":"no","highway":"secondary","horse":"no","lanes":"2","maxspeed":"50","name":"Tampines Avenue 9","oneway":"yes","sidewalk:left":"separate","sidewalk:right":"no","surface":"asphalt","turn:lanes":"left;through|through;right"},"geometry":{"type":"LineString","coordinates":[[103.9513706,1.3612158],[103.9515282,1.3613721]]}},{"type":"Feature","id":"way/472673131-0-2-0","properties":{"foot":"no","highway":"secondary","horse":"no","lanes":"2","maxspeed":"50","name":"Tampines Avenue 9","oneway":"yes","sidewalk:left":"separate","sidewalk:right":"no","surface":"asphalt","turn:lanes":"left;through|through;right"},"geometry":{"type":"LineString","coordinates":[[103.9515282,1.3613721],[103.9515782,1.361426]]}},{"type":"Feature","id":"way/472673136-0-0-0","properties":{"foot":"no","highway":"secondary","horse":"no","lanes":"2","maxspeed":"40","name":"Tampines Avenue 9","oneway":"yes","sidewalk:left":"separate","sidewalk:right":"no","surface":"asphalt","turn:lanes":"through|through"},"geometry":{"type":"LineString","coordinates":[[103.9515782,1.361426],[103.9516152,1.361461]]}},{"type":"Feature","id":"way/472673136-0-1-0","properties":{"foot":"no","highway":"secondary","horse":"no","lanes":"2","maxspeed":"40","name":"Tampines Avenue 9","oneway":"yes","sidewalk:left":"separate","sidewalk:right":"no","surface":"asphalt","turn:lanes":"through|through"},"geometry":{"type":"LineString","coordinates":[[103.9516152,1.361461],[103.9520233,1.3618587]]}},{"type":"Feature","id":"way/472673136-0-2-0","properties":{"foot":"no","highway":"secondary","horse":"no","lanes":"2","maxspeed":"40","name":"Tampines Avenue 9","oneway":"yes","sidewalk:left":"separate","sidewalk:right":"no","surface":"asphalt","turn:lanes":"through|through"},"geometry":{"type":"LineString","coordinates":[[103.9520233,1.3618587],[103.9520873,1.3619182]]}},{"type":"Feature","id":"way/472673136-0-3-0","properties":{"foot":"no","highway":"secondary","horse":"no","lanes":"2","maxspeed":"40","name":"Tampines Avenue 9","oneway":"yes","sidewalk:left":"separate","sidewalk:right":"no","surface":"asphalt","turn:lanes":"through|through"},"geometry":{"type":"LineString","coordinates":[[103.9520873,1.3619182],[103.9521713,1.3619843]]}},{"type":"Feature","id":"way/525059687-0-0-0","properties":{"highway":"service","service":"parking_aisle"},"geometry":{"type":"LineString","coordinates":[[103.9500544,1.3613599],[103.9499236,1.3612238]]}},{"type":"Feature","id":"way/525059687-0-1-0","properties":{"highway":"service","service":"parking_aisle"},"geometry":{"type":"LineString","coordinates":[[103.9499236,1.3612238],[103.9499196,1.3612037]]}},{"type":"Feature","id":"way/525059687-0-2-0","properties":{"highway":"service","service":"parking_aisle"},"geometry":{"type":"LineString","coordinates":[[103.9499196,1.3612037],[103.9499241,1.3611857]]}},{"type":"Feature","id":"way/525059687-0-3-0","properties":{"highway":"service","service":"parking_aisle"},"geometry":{"type":"LineString","coordinates":[[103.9499241,1.3611857],[103.949925,1.3611822]]}},{"type":"Feature","id":"way/525059687-0-4-0","properties":{"highway":"service","service":"parking_aisle"},"geometry":{"type":"LineString","coordinates":[[103.949925,1.3611822],[103.9500176,1.3611038]]}},{"type":"Feature","id":"way/525059687-0-5-0","properties":{"highway":"service","service":"parking_aisle"},"geometry":{"type":"LineString","coordinates":[[103.9500176,1.3611038],[103.9500564,1.3610958]]}},{"type":"Feature","id":"way/525059687-0-6-0","properties":{"highway":"service","service":"parking_aisle"},"geometry":{"type":"LineString","coordinates":[[103.9500564,1.3610958],[103.9500953,1.3610984]]}},{"type":"Feature","id":"way/525059687-0-7-0","properties":{"highway":"service","service":"parking_aisle"},"geometry":{"type":"LineString","coordinates":[[103.9500953,1.3610984],[103.950134,1.361136]]}},{"type":"Feature","id":"way/525059688-0-0-0","properties":{"highway":"service","service":"parking_aisle"},"geometry":{"type":"LineString","coordinates":[[103.950413,1.3608545],[103.9501922,1.3610773]]}},{"type":"Feature","id":"way/525059688-0-1-0","properties":{"highway":"service","service":"parking_aisle"},"geometry":{"type":"LineString","coordinates":[[103.9501922,1.3610773],[103.950134,1.361136]]}},{"type":"Feature","id":"way/525059689-0-0-0","properties":{"highway":"service","service":"parking_aisle"},"geometry":{"type":"LineString","coordinates":[[103.9514753,1.3606546],[103.9514598,1.3606407]]}},{"type":"Feature","id":"way/525059689-0-1-0","properties":{"highway":"service","service":"parking_aisle"},"geometry":{"type":"LineString","coordinates":[[103.9514598,1.3606407],[103.9513707,1.3605608]]}},{"type":"Feature","id":"way/525059689-0-2-0","properties":{"highway":"service","service":"parking_aisle"},"geometry":{"type":"LineString","coordinates":[[103.9513707,1.3605608],[103.9513586,1.3605313]]}},{"type":"Feature","id":"way/525059689-0-3-0","properties":{"highway":"service","service":"parking_aisle"},"geometry":{"type":"LineString","coordinates":[[103.9513586,1.3605313],[103.9513627,1.3605085]]}},{"type":"Feature","id":"way/525059689-0-4-0","properties":{"highway":"service","service":"parking_aisle"},"geometry":{"type":"LineString","coordinates":[[103.9513627,1.3605085],[103.9513761,1.3604897]]}},{"type":"Feature","id":"way/525059689-0-5-0","properties":{"highway":"service","service":"parking_aisle"},"geometry":{"type":"LineString","coordinates":[[103.9513761,1.3604897],[103.9514136,1.3604803]]}},{"type":"Feature","id":"way/525059689-0-6-0","properties":{"highway":"service","service":"parking_aisle"},"geometry":{"type":"LineString","coordinates":[[103.9514136,1.3604803],[103.9514929,1.3604794]]}},{"type":"Feature","id":"way/525059689-0-7-0","properties":{"highway":"service","service":"parking_aisle"},"geometry":{"type":"LineString","coordinates":[[103.9514929,1.3604794],[103.9518248,1.3604755]]}},{"type":"Feature","id":"way/525059689-0-8-0","properties":{"highway":"service","service":"parking_aisle"},"geometry":{"type":"LineString","coordinates":[[103.9518248,1.3604755],[103.9518978,1.3604747]]}},{"type":"Feature","id":"way/539298570-0-0-0","properties":{"highway":"service","service":"parking_aisle"},"geometry":{"type":"LineString","coordinates":[[103.9525884,1.3633372],[103.9527069,1.3632163]]}},{"type":"Feature","id":"way/539298570-0-1-0","properties":{"highway":"service","service":"parking_aisle"},"geometry":{"type":"LineString","coordinates":[[103.9527069,1.3632163],[103.9527205,1.3631973]]}},{"type":"Feature","id":"way/539298570-0-2-0","properties":{"highway":"service","service":"parking_aisle"},"geometry":{"type":"LineString","coordinates":[[103.9527205,1.3631973],[103.9527262,1.3631705]]}},{"type":"Feature","id":"way/539298570-0-3-0","properties":{"highway":"service","service":"parking_aisle"},"geometry":{"type":"LineString","coordinates":[[103.9527262,1.3631705],[103.952723,1.3630795]]}},{"type":"Feature","id":"way/539298571-0-0-0","properties":{"highway":"service","lanes":"2","lanes:backward":"1","lanes:forward":"1","service":"parking_aisle"},"geometry":{"type":"LineString","coordinates":[[103.9525322,1.3628767],[103.9525352,1.3630122]]}},{"type":"Feature","id":"way/539298571-0-1-0","properties":{"highway":"service","lanes":"2","lanes:backward":"1","lanes:forward":"1","service":"parking_aisle"},"geometry":{"type":"LineString","coordinates":[[103.9525352,1.3630122],[103.9525299,1.3630278]]}},{"type":"Feature","id":"way/539298571-0-2-0","properties":{"highway":"service","lanes":"2","lanes:backward":"1","lanes:forward":"1","service":"parking_aisle"},"geometry":{"type":"LineString","coordinates":[[103.9525299,1.3630278],[103.9525156,1.3630471]]}},{"type":"Feature","id":"way/539298571-0-3-0","properties":{"highway":"service","lanes":"2","lanes:backward":"1","lanes:forward":"1","service":"parking_aisle"},"geometry":{"type":"LineString","coordinates":[[103.9525156,1.3630471],[103.9524611,1.3631057]]}},{"type":"Feature","id":"way/539298571-0-4-0","properties":{"highway":"service","lanes":"2","lanes:backward":"1","lanes:forward":"1","service":"parking_aisle"},"geometry":{"type":"LineString","coordinates":[[103.9524611,1.3631057],[103.9524503,1.3631219]]}},{"type":"Feature","id":"way/539298571-0-5-0","properties":{"highway":"service","lanes":"2","lanes:backward":"1","lanes:forward":"1","service":"parking_aisle"},"geometry":{"type":"LineString","coordinates":[[103.9524503,1.3631219],[103.9524436,1.363144]]}},{"type":"Feature","id":"way/539298571-0-6-0","properties":{"highway":"service","lanes":"2","lanes:backward":"1","lanes:forward":"1","service":"parking_aisle"},"geometry":{"type":"LineString","coordinates":[[103.9524436,1.363144],[103.9524473,1.3631725]]}},{"type":"Feature","id":"way/539298571-0-7-0","properties":{"highway":"service","lanes":"2","lanes:backward":"1","lanes:forward":"1","service":"parking_aisle"},"geometry":{"type":"LineString","coordinates":[[103.9524473,1.3631725],[103.9524659,1.3632071]]}},{"type":"Feature","id":"way/539298571-0-8-0","properties":{"highway":"service","lanes":"2","lanes:backward":"1","lanes:forward":"1","service":"parking_aisle"},"geometry":{"type":"LineString","coordinates":[[103.9524659,1.3632071],[103.9525605,1.3633076]]}},{"type":"Feature","id":"way/539298571-0-9-0","properties":{"highway":"service","lanes":"2","lanes:backward":"1","lanes:forward":"1","service":"parking_aisle"},"geometry":{"type":"LineString","coordinates":[[103.9525605,1.3633076],[103.9525884,1.3633372]]}},{"type":"Feature","id":"way/539300997-0-0-0","properties":{"highway":"service","service":"parking_aisle"},"geometry":{"type":"LineString","coordinates":[[103.9542132,1.3635231],[103.9543356,1.3634042]]}},{"type":"Feature","id":"way/543585845-0-0-0","properties":{"highway":"service","lanes":"2","lanes:backward":"1","lanes:forward":"1","sidewalk":"both","tunnel":"building_passage"},"geometry":{"type":"LineString","coordinates":[[103.9524634,1.3610728],[103.9525808,1.3609759]]}},{"type":"Feature","id":"way/543585846-0-0-0","properties":{"highway":"service","lanes":"2","lanes:backward":"1","lanes:forward":"1"},"geometry":{"type":"LineString","coordinates":[[103.9524272,1.3611005],[103.9524484,1.3610843]]}},{"type":"Feature","id":"way/543585846-0-1-0","properties":{"highway":"service","lanes":"2","lanes:backward":"1","lanes:forward":"1"},"geometry":{"type":"LineString","coordinates":[[103.9524484,1.3610843],[103.9524634,1.3610728]]}},{"type":"Feature","id":"way/544009351-0-1-0","properties":{"highway":"service","lanes":"2","lanes:backward":"1","lanes:forward":"1","service":"driveway","turn:lanes:backward":"through","turn:lanes:forward":"through"},"geometry":{"type":"LineString","coordinates":[[103.9544069,1.3639122],[103.9542031,1.3641351]]}},{"type":"Feature","id":"way/544009351-0-2-0","properties":{"highway":"service","lanes":"2","lanes:backward":"1","lanes:forward":"1","service":"driveway","turn:lanes:backward":"through","turn:lanes:forward":"through"},"geometry":{"type":"LineString","coordinates":[[103.9542031,1.3641351],[103.9541666,1.3641918]]}},{"type":"Feature","id":"way/545558389-0-0-0","properties":{"highway":"service","lanes":"2","lanes:backward":"1","lanes:forward":"1","sidewalk":"both","tunnel":"building_passage"},"geometry":{"type":"LineString","coordinates":[[103.9537478,1.3610515],[103.9536475,1.3609479]]}},{"type":"Feature","id":"way/597659589-0-0-0","properties":{"bridge":"yes","highway":"service","horse":"no","lanes":"2","layer":"1","service":"parking_aisle","sidewalk":"both","surface":"paving_stones"},"geometry":{"type":"LineString","coordinates":[[103.9508464,1.3620495],[103.9507914,1.3619958]]}},{"type":"Feature","id":"way/597659590-0-0-0","properties":{"highway":"service","horse":"no","lanes":"2","lanes:backward":"1","lanes:forward":"1","service":"parking_aisle","sidewalk":"both","surface":"paving_stones","turn:lanes:backward":"right"},"geometry":{"type":"LineString","coordinates":[[103.9508996,1.3621031],[103.9508782,1.3620807]]}},{"type":"Feature","id":"way/597659590-0-1-0","properties":{"highway":"service","horse":"no","lanes":"2","lanes:backward":"1","lanes:forward":"1","service":"parking_aisle","sidewalk":"both","surface":"paving_stones","turn:lanes:backward":"right"},"geometry":{"type":"LineString","coordinates":[[103.9508782,1.3620807],[103.9508464,1.3620495]]}},{"type":"Feature","id":"way/639356730-0-0-0","properties":{"foot":"no","highway":"secondary","horse":"no","lanes":"2","maxspeed":"40","name":"Tampines Avenue 9","oneway":"yes","sidewalk:left":"separate","sidewalk:right":"no","surface":"asphalt","turn:lanes":"left;through|through"},"geometry":{"type":"LineString","coordinates":[[103.9531684,1.3622998],[103.9532683,1.3622939]]}},{"type":"Feature","id":"way/639356730-0-1-0","properties":{"foot":"no","highway":"secondary","horse":"no","lanes":"2","maxspeed":"40","name":"Tampines Avenue 9","oneway":"yes","sidewalk:left":"separate","sidewalk:right":"no","surface":"asphalt","turn:lanes":"left;through|through"},"geometry":{"type":"LineString","coordinates":[[103.9532683,1.3622939],[103.9533674,1.3622828]]}},{"type":"Feature","id":"way/639356730-0-2-0","properties":{"foot":"no","highway":"secondary","horse":"no","lanes":"2","maxspeed":"40","name":"Tampines Avenue 9","oneway":"yes","sidewalk:left":"separate","sidewalk:right":"no","surface":"asphalt","turn:lanes":"left;through|through"},"geometry":{"type":"LineString","coordinates":[[103.9533674,1.3622828],[103.9534936,1.3622603]]}},{"type":"Feature","id":"way/639356730-0-3-0","properties":{"foot":"no","highway":"secondary","horse":"no","lanes":"2","maxspeed":"40","name":"Tampines Avenue 9","oneway":"yes","sidewalk:left":"separate","sidewalk:right":"no","surface":"asphalt","turn:lanes":"left;through|through"},"geometry":{"type":"LineString","coordinates":[[103.9534936,1.3622603],[103.9535956,1.3622386]]}},{"type":"Feature","id":"way/639356731-0-0-0","properties":{"foot":"no","highway":"secondary","horse":"no","lanes":"2","maxspeed":"40","name":"Tampines Avenue 9","oneway":"yes","sidewalk:left":"separate","sidewalk:right":"no","surface":"asphalt","turn:lanes":"through|through;right"},"geometry":{"type":"LineString","coordinates":[[103.9531243,1.362232],[103.9529868,1.3622266]]}},{"type":"Feature","id":"way/639356731-0-1-0","properties":{"foot":"no","highway":"secondary","horse":"no","lanes":"2","maxspeed":"40","name":"Tampines Avenue 9","oneway":"yes","sidewalk:left":"separate","sidewalk:right":"no","surface":"asphalt","turn:lanes":"through|through;right"},"geometry":{"type":"LineString","coordinates":[[103.9529868,1.3622266],[103.9528461,1.3622096]]}},{"type":"Feature","id":"way/639356731-0-2-0","properties":{"foot":"no","highway":"secondary","horse":"no","lanes":"2","maxspeed":"40","name":"Tampines Avenue 9","oneway":"yes","sidewalk:left":"separate","sidewalk:right":"no","surface":"asphalt","turn:lanes":"through|through;right"},"geometry":{"type":"LineString","coordinates":[[103.9528461,1.3622096],[103.9526908,1.3621727]]}},{"type":"Feature","id":"way/639356735-0-0-0","properties":{"foot":"no","highway":"secondary","horse":"no","lanes":"2","maxspeed":"40","name":"Tampines Avenue 9","oneway":"yes","sidewalk:left":"separate","sidewalk:right":"no","surface":"asphalt"},"geometry":{"type":"LineString","coordinates":[[103.9526908,1.3621727],[103.9526105,1.3621478]]}},{"type":"Feature","id":"way/639356735-0-1-0","properties":{"foot":"no","highway":"secondary","horse":"no","lanes":"2","maxspeed":"40","name":"Tampines Avenue 9","oneway":"yes","sidewalk:left":"separate","sidewalk:right":"no","surface":"asphalt"},"geometry":{"type":"LineString","coordinates":[[103.9526105,1.3621478],[103.9524954,1.3621001]]}},{"type":"Feature","id":"way/639356740-0-0-0","properties":{"foot":"no","highway":"secondary","horse":"no","lanes":"2","maxspeed":"40","name":"Tampines Avenue 9","oneway":"yes","sidewalk:left":"separate","sidewalk:right":"no","surface":"asphalt"},"geometry":{"type":"LineString","coordinates":[[103.952473,1.3621558],[103.9525991,1.3622117]]}},{"type":"Feature","id":"way/639356740-0-1-0","properties":{"foot":"no","highway":"secondary","horse":"no","lanes":"2","maxspeed":"40","name":"Tampines Avenue 9","oneway":"yes","sidewalk:left":"separate","sidewalk:right":"no","surface":"asphalt"},"geometry":{"type":"LineString","coordinates":[[103.9525991,1.3622117],[103.9526907,1.3622462]]}},{"type":"Feature","id":"way/639356743-0-0-0","properties":{"foot":"no","highway":"secondary","horse":"no","lanes":"2","maxspeed":"40","name":"Tampines Avenue 9","oneway":"yes","sidewalk:left":"separate","sidewalk:right":"no","surface":"asphalt"},"geometry":{"type":"LineString","coordinates":[[103.9526907,1.3622462],[103.9528382,1.3622778]]}},{"type":"Feature","id":"way/639356743-0-1-0","properties":{"foot":"no","highway":"secondary","horse":"no","lanes":"2","maxspeed":"40","name":"Tampines Avenue 9","oneway":"yes","sidewalk:left":"separate","sidewalk:right":"no","surface":"asphalt"},"geometry":{"type":"LineString","coordinates":[[103.9528382,1.3622778],[103.9529906,1.362295]]}},{"type":"Feature","id":"way/639356743-0-2-0","properties":{"foot":"no","highway":"secondary","horse":"no","lanes":"2","maxspeed":"40","name":"Tampines Avenue 9","oneway":"yes","sidewalk:left":"separate","sidewalk:right":"no","surface":"asphalt"},"geometry":{"type":"LineString","coordinates":[[103.9529906,1.362295],[103.9531048,1.3622988]]}},{"type":"Feature","id":"way/639356743-0-3-0","properties":{"foot":"no","highway":"secondary","horse":"no","lanes":"2","maxspeed":"40","name":"Tampines Avenue 9","oneway":"yes","sidewalk:left":"separate","sidewalk:right":"no","surface":"asphalt"},"geometry":{"type":"LineString","coordinates":[[103.9531048,1.3622988],[103.9531684,1.3622998]]}},{"type":"Feature","id":"way/639356747-0-0-0","properties":{"highway":"service","horse":"no","lanes":"2","lanes:backward":"1","lanes:forward":"1","oneway":"no","paving_stones:length":"0.3","paving_stones:shape":"square","service":"driveway","surface":"paving_stones"},"geometry":{"type":"LineString","coordinates":[[103.9526907,1.3622462],[103.9526908,1.3621727]]}},{"type":"Feature","id":"way/640234069-0-0-0","properties":{"bicycle":"no","foot":"no","highway":"service","horse":"no","lanes":"2","lanes:backward":"1","lanes:forward":"1","surface":"asphalt"},"geometry":{"type":"LineString","coordinates":[[103.9511013,1.36095],[103.9511643,1.3608917]]}},{"type":"Feature","id":"way/640234070-0-0-0","properties":{"highway":"secondary","lanes":"2","maxspeed":"50","name":"Tampines Avenue 9","oneway":"yes","sidewalk:left":"separate","sidewalk:right":"no","surface":"asphalt"},"geometry":{"type":"LineString","coordinates":[[103.9511643,1.3608917],[103.9508937,1.3606162]]}},{"type":"Feature","id":"way/640234071-0-0-0","properties":{"highway":"secondary","lanes":"2","maxspeed":"50","name":"Tampines Avenue 9","oneway":"yes","sidewalk:left":"separate","sidewalk:right":"no","surface":"asphalt"},"geometry":{"type":"LineString","coordinates":[[103.9516343,1.3613691],[103.9515879,1.3613191]]}},{"type":"Feature","id":"way/640234071-0-1-0","properties":{"highway":"secondary","lanes":"2","maxspeed":"50","name":"Tampines Avenue 9","oneway":"yes","sidewalk:left":"separate","sidewalk:right":"no","surface":"asphalt"},"geometry":{"type":"LineString","coordinates":[[103.9515879,1.3613191],[103.9514327,1.3611603]]}},{"type":"Feature","id":"way/640234071-0-2-0","properties":{"highway":"secondary","lanes":"2","maxspeed":"50","name":"Tampines Avenue 9","oneway":"yes","sidewalk:left":"separate","sidewalk:right":"no","surface":"asphalt"},"geometry":{"type":"LineString","coordinates":[[103.9514327,1.3611603],[103.9513201,1.3610485]]}},{"type":"Feature","id":"way/640234071-0-3-0","properties":{"highway":"secondary","lanes":"2","maxspeed":"50","name":"Tampines Avenue 9","oneway":"yes","sidewalk:left":"separate","sidewalk:right":"no","surface":"asphalt"},"geometry":{"type":"LineString","coordinates":[[103.9513201,1.3610485],[103.9512858,1.3610145]]}},{"type":"Feature","id":"way/640234072-0-0-0","properties":{"foot":"no","highway":"secondary","horse":"no","lanes":"2","maxspeed":"50","name":"Tampines Avenue 9","oneway":"yes","sidewalk:left":"separate","sidewalk:right":"no","surface":"asphalt"},"geometry":{"type":"LineString","coordinates":[[103.9508325,1.3606858],[103.9511013,1.36095]]}},{"type":"Feature","id":"way/640234277-0-0-0","properties":{"bicycle":"no","foot":"no","highway":"service","horse":"no","lanes":"2","lanes:backward":"1","lanes:forward":"1","surface":"asphalt"},"geometry":{"type":"LineString","coordinates":[[103.9510454,1.361],[103.9511013,1.36095]]}},{"type":"Feature","id":"way/640234537-0-0-0","properties":{"foot":"no","highway":"secondary","horse":"no","lanes":"2","maxspeed":"50","name":"Tampines Avenue 9","oneway":"yes","sidewalk:left":"separate","sidewalk:right":"no","surface":"asphalt","turn:lanes":"left;through|through;right"},"geometry":{"type":"LineString","coordinates":[[103.9511013,1.36095],[103.951228,1.3610719]]}},{"type":"Feature","id":"way/640234538-0-0-0","properties":{"highway":"secondary","lanes":"2","maxspeed":"50","name":"Tampines Avenue 9","oneway":"yes","sidewalk:left":"separate","sidewalk:right":"no","surface":"asphalt"},"geometry":{"type":"LineString","coordinates":[[103.9512858,1.3610145],[103.9511643,1.3608917]]}},{"type":"Feature","id":"way/640311718-0-0-0","properties":{"foot":"no","highway":"secondary","horse":"no","lanes":"2","maxspeed":"40","name":"Tampines Avenue 9","oneway":"yes","sidewalk:left":"separate","sidewalk:right":"no","surface":"asphalt","turn:lanes":"through|through;right"},"geometry":{"type":"LineString","coordinates":[[103.9535911,1.3621821],[103.953452,1.3622056]]}},{"type":"Feature","id":"way/640311718-0-1-0","properties":{"foot":"no","highway":"secondary","horse":"no","lanes":"2","maxspeed":"40","name":"Tampines Avenue 9","oneway":"yes","sidewalk:left":"separate","sidewalk:right":"no","surface":"asphalt","turn:lanes":"through|through;right"},"geometry":{"type":"LineString","coordinates":[[103.953452,1.3622056],[103.9533377,1.3622184]]}},{"type":"Feature","id":"way/640311718-0-2-0","properties":{"foot":"no","highway":"secondary","horse":"no","lanes":"2","maxspeed":"40","name":"Tampines Avenue 9","oneway":"yes","sidewalk:left":"separate","sidewalk:right":"no","surface":"asphalt","turn:lanes":"through|through;right"},"geometry":{"type":"LineString","coordinates":[[103.9533377,1.3622184],[103.9532323,1.3622259]]}},{"type":"Feature","id":"way/640311718-0-3-0","properties":{"foot":"no","highway":"secondary","horse":"no","lanes":"2","maxspeed":"40","name":"Tampines Avenue 9","oneway":"yes","sidewalk:left":"separate","sidewalk:right":"no","surface":"asphalt","turn:lanes":"through|through;right"},"geometry":{"type":"LineString","coordinates":[[103.9532323,1.3622259],[103.9531243,1.362232]]}},{"type":"Feature","id":"way/644339342-0-0-0","properties":{"highway":"service","horse":"no","lanes":"2","lanes:backward":"1","lanes:forward":"1","paving_stones:length":"0.3","paving_stones:shape":"square","service":"parking_aisle","surface":"paving_stones"},"geometry":{"type":"LineString","coordinates":[[103.9507989,1.361241],[103.9506411,1.361083]]}},{"type":"Feature","id":"way/644339342-0-1-0","properties":{"highway":"service","horse":"no","lanes":"2","lanes:backward":"1","lanes:forward":"1","paving_stones:length":"0.3","paving_stones:shape":"square","service":"parking_aisle","surface":"paving_stones"},"geometry":{"type":"LineString","coordinates":[[103.9506411,1.361083],[103.9505108,1.3609524]]}},{"type":"Feature","id":"way/644339342-0-2-0","properties":{"highway":"service","horse":"no","lanes":"2","lanes:backward":"1","lanes:forward":"1","paving_stones:length":"0.3","paving_stones:shape":"square","service":"parking_aisle","surface":"paving_stones"},"geometry":{"type":"LineString","coordinates":[[103.9505108,1.3609524],[103.950413,1.3608545]]}},{"type":"Feature","id":"way/644339343-0-0-0","properties":{"highway":"service","horse":"no","lanes":"2","lanes:backward":"1","lanes:forward":"1","paving_stones:length":"0.3","paving_stones:shape":"square","service":"parking_aisle","surface":"paving_stones"},"geometry":{"type":"LineString","coordinates":[[103.950413,1.3608545],[103.9502736,1.3607138]]}},{"type":"Feature","id":"way/644339343-0-1-0","properties":{"highway":"service","horse":"no","lanes":"2","lanes:backward":"1","lanes:forward":"1","paving_stones:length":"0.3","paving_stones:shape":"square","service":"parking_aisle","surface":"paving_stones"},"geometry":{"type":"LineString","coordinates":[[103.9502736,1.3607138],[103.9501981,1.3606388]]}},{"type":"Feature","id":"way/644339343-0-2-0","properties":{"highway":"service","horse":"no","lanes":"2","lanes:backward":"1","lanes:forward":"1","paving_stones:length":"0.3","paving_stones:shape":"square","service":"parking_aisle","surface":"paving_stones"},"geometry":{"type":"LineString","coordinates":[[103.9501981,1.3606388],[103.9501556,1.3605966]]}},{"type":"Feature","id":"way/645220575-0-0-0","properties":{"highway":"service","junction":"roundabout","lanes":"1","service":"parking_aisle","turn:lanes":"left;right"},"geometry":{"type":"LineString","coordinates":[[103.9537393,1.3628702],[103.9537535,1.3628388]]}},{"type":"Feature","id":"way/645220575-0-1-0","properties":{"highway":"service","junction":"roundabout","lanes":"1","service":"parking_aisle","turn:lanes":"left;right"},"geometry":{"type":"LineString","coordinates":[[103.9537535,1.3628388],[103.9537539,1.3628043]]}},{"type":"Feature","id":"way/645220575-0-2-0","properties":{"highway":"service","junction":"roundabout","lanes":"1","service":"parking_aisle","turn:lanes":"left;right"},"geometry":{"type":"LineString","coordinates":[[103.9537539,1.3628043],[103.9537403,1.3627726]]}},{"type":"Feature","id":"way/645220577-0-0-0","properties":{"highway":"service","junction":"roundabout","lanes":"1","service":"driveway","sidewalk":"left","turn:lanes":"left;right"},"geometry":{"type":"LineString","coordinates":[[103.9536729,1.362737],[103.9536382,1.362744]]}},{"type":"Feature","id":"way/645220577-0-1-0","properties":{"highway":"service","junction":"roundabout","lanes":"1","service":"driveway","sidewalk":"left","turn:lanes":"left;right"},"geometry":{"type":"LineString","coordinates":[[103.9536382,1.362744],[103.9536094,1.3627648]]}},{"type":"Feature","id":"way/645220578-0-0-0","properties":{"highway":"service","lanes":"2","lanes:backward":"1","lanes:forward":"1","service":"parking_aisle"},"geometry":{"type":"LineString","coordinates":[[103.9539804,1.3627146],[103.9540065,1.3626701]]}},{"type":"Feature","id":"way/645220578-0-1-0","properties":{"highway":"service","lanes":"2","lanes:backward":"1","lanes:forward":"1","service":"parking_aisle"},"geometry":{"type":"LineString","coordinates":[[103.9540065,1.3626701],[103.9544946,1.3621582]]}},{"type":"Feature","id":"way/645220579-0-0-0","properties":{"highway":"service","service":"parking_aisle","sidewalk":"both"},"geometry":{"type":"LineString","coordinates":[[103.9539804,1.3627146],[103.9540073,1.3627743]]}},{"type":"Feature","id":"way/645220579-0-1-0","properties":{"highway":"service","service":"parking_aisle","sidewalk":"both"},"geometry":{"type":"LineString","coordinates":[[103.9540073,1.3627743],[103.9543959,1.3631647]]}},{"type":"Feature","id":"way/645221024-0-0-0","properties":{"highway":"service","lanes":"2","lanes:backward":"1","lanes:forward":"1","service":"parking_aisle"},"geometry":{"type":"LineString","coordinates":[[103.9525884,1.3633372],[103.9526846,1.3634394]]}},{"type":"Feature","id":"way/645221024-0-1-0","properties":{"highway":"service","lanes":"2","lanes:backward":"1","lanes:forward":"1","service":"parking_aisle"},"geometry":{"type":"LineString","coordinates":[[103.9526846,1.3634394],[103.9527882,1.3635495]]}},{"type":"Feature","id":"way/645256196-0-0-0","properties":{"highway":"service","service":"parking_aisle"},"geometry":{"type":"LineString","coordinates":[[103.950134,1.361136],[103.9501912,1.3611916]]}},{"type":"Feature","id":"way/645256196-0-1-0","properties":{"highway":"service","service":"parking_aisle"},"geometry":{"type":"LineString","coordinates":[[103.9501912,1.3611916],[103.9501952,1.3612144]]}},{"type":"Feature","id":"way/645256196-0-2-0","properties":{"highway":"service","service":"parking_aisle"},"geometry":{"type":"LineString","coordinates":[[103.9501952,1.3612144],[103.9501952,1.3612412]]}},{"type":"Feature","id":"way/645256196-0-3-0","properties":{"highway":"service","service":"parking_aisle"},"geometry":{"type":"LineString","coordinates":[[103.9501952,1.3612412],[103.9501636,1.3612788]]}},{"type":"Feature","id":"way/645256196-0-4-0","properties":{"highway":"service","service":"parking_aisle"},"geometry":{"type":"LineString","coordinates":[[103.9501636,1.3612788],[103.9501068,1.3613465]]}},{"type":"Feature","id":"way/645256196-0-5-0","properties":{"highway":"service","service":"parking_aisle"},"geometry":{"type":"LineString","coordinates":[[103.9501068,1.3613465],[103.9500813,1.3613585]]}},{"type":"Feature","id":"way/645256196-0-6-0","properties":{"highway":"service","service":"parking_aisle"},"geometry":{"type":"LineString","coordinates":[[103.9500813,1.3613585],[103.9500544,1.3613599]]}},{"type":"Feature","id":"way/645256756-0-0-0","properties":{"highway":"residential","lanes":"3","lanes:backward":"1","lanes:forward":"2","maxspeed":"50","name":"Tampines Street 43","sidewalk:both":"separate","surface":"asphalt","turn:lanes:forward":"left;through|right"},"geometry":{"type":"LineString","coordinates":[[103.95182,1.3611715],[103.9516708,1.3613311]]}},{"type":"Feature","id":"way/645256756-0-1-0","properties":{"highway":"residential","lanes":"3","lanes:backward":"1","lanes:forward":"2","maxspeed":"50","name":"Tampines Street 43","sidewalk:both":"separate","surface":"asphalt","turn:lanes:forward":"left;through|right"},"geometry":{"type":"LineString","coordinates":[[103.9516708,1.3613311],[103.9516343,1.3613691]]}},{"type":"Feature","id":"way/646131971-0-0-0","properties":{"highway":"service","lanes":"2","lanes:backward":"1","lanes:forward":"1","service":"driveway","turn:lanes:backward":"through","turn:lanes:forward":"left;right"},"geometry":{"type":"LineString","coordinates":[[103.9535955,1.3623132],[103.9535956,1.3622386]]}},{"type":"Feature","id":"way/646131972-0-0-0","properties":{"highway":"service","lanes":"2","lanes:backward":"1","lanes:forward":"1","service":"driveway","turn:lanes:backward":"through","turn:lanes:forward":"through"},"geometry":{"type":"LineString","coordinates":[[103.9536094,1.3627648],[103.9535969,1.3626925]]}},{"type":"Feature","id":"way/646131972-0-1-0","properties":{"highway":"service","lanes":"2","lanes:backward":"1","lanes:forward":"1","service":"driveway","turn:lanes:backward":"through","turn:lanes:forward":"through"},"geometry":{"type":"LineString","coordinates":[[103.9535969,1.3626925],[103.9535955,1.3623132]]}},{"type":"Feature","id":"way/646193596-0-0-0","properties":{"highway":"service","lanes":"2","lanes:backward":"1","lanes:forward":"1","turn:lanes:backward":"left;right"},"geometry":{"type":"LineString","coordinates":[[103.9521572,1.3608331],[103.9521986,1.3608744]]}},{"type":"Feature","id":"way/646301350-0-0-0","properties":{"highway":"service","horse":"no","lanes":"2","lanes:backward":"1","lanes:forward":"1","service":"parking_aisle","sidewalk":"right","surface":"paving_stones"},"geometry":{"type":"LineString","coordinates":[[103.9507255,1.3619315],[103.9506022,1.3618105]]}},{"type":"Feature","id":"way/646302292-0-0-0","properties":{"highway":"service","lanes":"2","lanes:backward":"1","lanes:forward":"1","paving_stones:length":"0.3","paving_stones:shape":"square","service":"parking_aisle","sidewalk":"right","surface":"paving_stones","turn:lanes:backward":"left;through","turn:lanes:forward":"through"},"geometry":{"type":"LineString","coordinates":[[103.9526883,1.3639921],[103.9527949,1.3641063]]}},{"type":"Feature","id":"way/646302292-0-1-0","properties":{"highway":"service","lanes":"2","lanes:backward":"1","lanes:forward":"1","paving_stones:length":"0.3","paving_stones:shape":"square","service":"parking_aisle","sidewalk":"right","surface":"paving_stones","turn:lanes:backward":"left;through","turn:lanes:forward":"through"},"geometry":{"type":"LineString","coordinates":[[103.9527949,1.3641063],[103.9527997,1.3641399]]}},{"type":"Feature","id":"way/646302292-0-2-0","properties":{"highway":"service","lanes":"2","lanes:backward":"1","lanes:forward":"1","paving_stones:length":"0.3","paving_stones:shape":"square","service":"parking_aisle","sidewalk":"right","surface":"paving_stones","turn:lanes:backward":"left;through","turn:lanes:forward":"through"},"geometry":{"type":"LineString","coordinates":[[103.9527997,1.3641399],[103.9527963,1.3641707]]}},{"type":"Feature","id":"way/646927939-0-0-0","properties":{"highway":"service","lanes":"2","lanes:backward":"1","lanes:forward":"1","sidewalk":"right","turn:lanes:backward":"left;right"},"geometry":{"type":"LineString","coordinates":[[103.9540895,1.3608329],[103.9540515,1.3608723]]}},{"type":"Feature","id":"way/646927939-0-1-0","properties":{"highway":"service","lanes":"2","lanes:backward":"1","lanes:forward":"1","sidewalk":"right","turn:lanes:backward":"left;right"},"geometry":{"type":"LineString","coordinates":[[103.9540515,1.3608723],[103.954002,1.3609233]]}},{"type":"Feature","id":"way/646927939-0-2-0","properties":{"highway":"service","lanes":"2","lanes:backward":"1","lanes:forward":"1","sidewalk":"right","turn:lanes:backward":"left;right"},"geometry":{"type":"LineString","coordinates":[[103.954002,1.3609233],[103.9539738,1.3609523]]}},{"type":"Feature","id":"way/649334864-0-0-0","properties":{"foot":"no","highway":"secondary","horse":"no","lanes":"2","maxspeed":"40","name":"Tampines Avenue 9","oneway":"yes","sidewalk:left":"separate","sidewalk:right":"no","surface":"asphalt","turn:lanes":"left;through|through;right"},"geometry":{"type":"LineString","coordinates":[[103.9522096,1.3619343],[103.9521496,1.3618881]]}},{"type":"Feature","id":"way/649334864-0-1-0","properties":{"foot":"no","highway":"secondary","horse":"no","lanes":"2","maxspeed":"40","name":"Tampines Avenue 9","oneway":"yes","sidewalk:left":"separate","sidewalk:right":"no","surface":"asphalt","turn:lanes":"left;through|through;right"},"geometry":{"type":"LineString","coordinates":[[103.9521496,1.3618881],[103.9520896,1.3618386]]}},{"type":"Feature","id":"way/649334864-0-2-0","properties":{"foot":"no","highway":"secondary","horse":"no","lanes":"2","maxspeed":"40","name":"Tampines Avenue 9","oneway":"yes","sidewalk:left":"separate","sidewalk:right":"no","surface":"asphalt","turn:lanes":"left;through|through;right"},"geometry":{"type":"LineString","coordinates":[[103.9520896,1.3618386],[103.9516695,1.3614088]]}},{"type":"Feature","id":"way/649334864-0-3-0","properties":{"foot":"no","highway":"secondary","horse":"no","lanes":"2","maxspeed":"40","name":"Tampines Avenue 9","oneway":"yes","sidewalk:left":"separate","sidewalk:right":"no","surface":"asphalt","turn:lanes":"left;through|through;right"},"geometry":{"type":"LineString","coordinates":[[103.9516695,1.3614088],[103.9516343,1.3613691]]}},{"type":"Feature","id":"way/652149181-0-0-0","properties":{"foot":"no","highway":"secondary","horse":"no","lanes":"2","maxspeed":"40","name":"Tampines Avenue 9","oneway":"yes","sidewalk:left":"separate","sidewalk:right":"no","surface":"asphalt","turn:lanes":"none|through"},"geometry":{"type":"LineString","coordinates":[[103.9521713,1.3619843],[103.9522818,1.36206]]}},{"type":"Feature","id":"way/652149181-0-1-0","properties":{"foot":"no","highway":"secondary","horse":"no","lanes":"2","maxspeed":"40","name":"Tampines Avenue 9","oneway":"yes","sidewalk:left":"separate","sidewalk:right":"no","surface":"asphalt","turn:lanes":"none|through"},"geometry":{"type":"LineString","coordinates":[[103.9522818,1.36206],[103.9523529,1.3621003]]}},{"type":"Feature","id":"way/652149181-0-2-0","properties":{"foot":"no","highway":"secondary","horse":"no","lanes":"2","maxspeed":"40","name":"Tampines Avenue 9","oneway":"yes","sidewalk:left":"separate","sidewalk:right":"no","surface":"asphalt","turn:lanes":"none|through"},"geometry":{"type":"LineString","coordinates":[[103.9523529,1.3621003],[103.952424,1.362134]]}},{"type":"Feature","id":"way/652149181-0-3-0","properties":{"foot":"no","highway":"secondary","horse":"no","lanes":"2","maxspeed":"40","name":"Tampines Avenue 9","oneway":"yes","sidewalk:left":"separate","sidewalk:right":"no","surface":"asphalt","turn:lanes":"none|through"},"geometry":{"type":"LineString","coordinates":[[103.952424,1.362134],[103.952473,1.3621558]]}},{"type":"Feature","id":"way/654972034-0-0-0","properties":{"foot":"no","highway":"secondary","horse":"no","lanes":"2","maxspeed":"40","name":"Tampines Avenue 9","oneway":"yes","sidewalk:left":"separate","sidewalk:right":"no","surface":"asphalt","turn:lanes":"through|through;right"},"geometry":{"type":"LineString","coordinates":[[103.9538443,1.3620882],[103.9537145,1.3621406]]}},{"type":"Feature","id":"way/654972034-0-1-0","properties":{"foot":"no","highway":"secondary","horse":"no","lanes":"2","maxspeed":"40","name":"Tampines Avenue 9","oneway":"yes","sidewalk:left":"separate","sidewalk:right":"no","surface":"asphalt","turn:lanes":"through|through;right"},"geometry":{"type":"LineString","coordinates":[[103.9537145,1.3621406],[103.9535911,1.3621821]]}},{"type":"Feature","id":"way/671417554-0-0-0","properties":{"highway":"service","horse":"no","lanes":"2","lanes:backward":"1","lanes:forward":"1","oneway":"no","paving_stones:length":"0.3","paving_stones:shape":"square","service":"driveway","surface":"paving_stones","turn:lanes:backward":"left"},"geometry":{"type":"LineString","coordinates":[[103.9526716,1.3627506],[103.9526803,1.3627307]]}},{"type":"Feature","id":"way/671417554-0-1-0","properties":{"highway":"service","horse":"no","lanes":"2","lanes:backward":"1","lanes:forward":"1","oneway":"no","paving_stones:length":"0.3","paving_stones:shape":"square","service":"driveway","surface":"paving_stones","turn:lanes:backward":"left"},"geometry":{"type":"LineString","coordinates":[[103.9526803,1.3627307],[103.9526843,1.3627086]]}},{"type":"Feature","id":"way/671417554-0-2-0","properties":{"highway":"service","horse":"no","lanes":"2","lanes:backward":"1","lanes:forward":"1","oneway":"no","paving_stones:length":"0.3","paving_stones:shape":"square","service":"driveway","surface":"paving_stones","turn:lanes:backward":"left"},"geometry":{"type":"LineString","coordinates":[[103.9526843,1.3627086],[103.952691,1.3626697]]}},{"type":"Feature","id":"way/671417554-0-3-0","properties":{"highway":"service","horse":"no","lanes":"2","lanes:backward":"1","lanes:forward":"1","oneway":"no","paving_stones:length":"0.3","paving_stones:shape":"square","service":"driveway","surface":"paving_stones","turn:lanes:backward":"left"},"geometry":{"type":"LineString","coordinates":[[103.952691,1.3626697],[103.9526924,1.3625926]]}},{"type":"Feature","id":"way/671417678-0-0-0","properties":{"highway":"service","horse":"no","lanes":"2","lanes:backward":"1","lanes:forward":"1","oneway":"no","paving_stones:length":"0.3","paving_stones:shape":"square","service":"parking_aisle","surface":"paving_stones","turn:lanes:backward":"through","turn:lanes:forward":"through"},"geometry":{"type":"LineString","coordinates":[[103.9512581,1.3624334],[103.951462,1.3626395]]}},{"type":"Feature","id":"way/671417678-0-1-0","properties":{"highway":"service","horse":"no","lanes":"2","lanes:backward":"1","lanes:forward":"1","oneway":"no","paving_stones:length":"0.3","paving_stones:shape":"square","service":"parking_aisle","surface":"paving_stones","turn:lanes:backward":"through","turn:lanes:forward":"through"},"geometry":{"type":"LineString","coordinates":[[103.951462,1.3626395],[103.9516321,1.3628114]]}},{"type":"Feature","id":"way/671417678-0-2-0","properties":{"highway":"service","horse":"no","lanes":"2","lanes:backward":"1","lanes:forward":"1","oneway":"no","paving_stones:length":"0.3","paving_stones:shape":"square","service":"parking_aisle","surface":"paving_stones","turn:lanes:backward":"through","turn:lanes:forward":"through"},"geometry":{"type":"LineString","coordinates":[[103.9516321,1.3628114],[103.9518742,1.3630561]]}},{"type":"Feature","id":"way/671417678-0-3-0","properties":{"highway":"service","horse":"no","lanes":"2","lanes:backward":"1","lanes:forward":"1","oneway":"no","paving_stones:length":"0.3","paving_stones:shape":"square","service":"parking_aisle","surface":"paving_stones","turn:lanes:backward":"through","turn:lanes:forward":"through"},"geometry":{"type":"LineString","coordinates":[[103.9518742,1.3630561],[103.9519335,1.3631159]]}},{"type":"Feature","id":"way/671804826-0-0-0","properties":{"highway":"service","horse":"no","lanes":"2","lanes:backward":"1","lanes:forward":"1","paving_stones:length":"0.3","paving_stones:shape":"square","service":"parking_aisle","surface":"paving_stones","turn:lanes:backward":"left","turn:lanes:forward":"through"},"geometry":{"type":"LineString","coordinates":[[103.9526763,1.3628686],[103.9529393,1.3628999]]}},{"type":"Feature","id":"way/671804827-0-0-0","properties":{"highway":"service","horse":"no","lanes":"2","lanes:backward":"1","lanes:forward":"1","paving_stones:length":"0.3","paving_stones:shape":"square","service":"parking_aisle","surface":"paving_stones","turn:lanes:backward":"through","turn:lanes:forward":"through"},"geometry":{"type":"LineString","coordinates":[[103.9534341,1.3628914],[103.9536103,1.3628774]]}},{"type":"Feature","id":"way/681046768-0-0-0","properties":{"highway":"service","lanes":"2","lanes:backward":"1","lanes:forward":"1","paving_stones:length":"0.3","paving_stones:shape":"square","service":"parking_aisle","sidewalk":"right","surface":"paving_stones","turn:lanes:forward":"left"},"geometry":{"type":"LineString","coordinates":[[103.9527963,1.3641707],[103.9527839,1.3641982]]}},{"type":"Feature","id":"way/681046768-0-1-0","properties":{"highway":"service","lanes":"2","lanes:backward":"1","lanes:forward":"1","paving_stones:length":"0.3","paving_stones:shape":"square","service":"parking_aisle","sidewalk":"right","surface":"paving_stones","turn:lanes:forward":"left"},"geometry":{"type":"LineString","coordinates":[[103.9527839,1.3641982],[103.9527446,1.364243]]}},{"type":"Feature","id":"way/681046768-0-2-0","properties":{"highway":"service","lanes":"2","lanes:backward":"1","lanes:forward":"1","paving_stones:length":"0.3","paving_stones:shape":"square","service":"parking_aisle","sidewalk":"right","surface":"paving_stones","turn:lanes:forward":"left"},"geometry":{"type":"LineString","coordinates":[[103.9527446,1.364243],[103.9526965,1.3642933]]}},{"type":"Feature","id":"way/686933647-0-0-0","properties":{"highway":"service","junction":"roundabout","lanes":"1","service":"parking_aisle","turn:lanes":"through;right"},"geometry":{"type":"LineString","coordinates":[[103.9525322,1.3628767],[103.9525659,1.3628997]]}},{"type":"Feature","id":"way/686933647-0-1-0","properties":{"highway":"service","junction":"roundabout","lanes":"1","service":"parking_aisle","turn:lanes":"through;right"},"geometry":{"type":"LineString","coordinates":[[103.9525659,1.3628997],[103.9526061,1.3629064]]}},{"type":"Feature","id":"way/686933647-0-2-0","properties":{"highway":"service","junction":"roundabout","lanes":"1","service":"parking_aisle","turn:lanes":"through;right"},"geometry":{"type":"LineString","coordinates":[[103.9526061,1.3629064],[103.9526454,1.3628953]]}},{"type":"Feature","id":"way/686933647-0-3-0","properties":{"highway":"service","junction":"roundabout","lanes":"1","service":"parking_aisle","turn:lanes":"through;right"},"geometry":{"type":"LineString","coordinates":[[103.9526454,1.3628953],[103.9526763,1.3628686]]}},{"type":"Feature","id":"way/686933649-0-0-0","properties":{"highway":"service","junction":"roundabout","lanes":"1","service":"driveway"},"geometry":{"type":"LineString","coordinates":[[103.9526716,1.3627506],[103.952634,1.3627246]]}},{"type":"Feature","id":"way/686933649-0-1-0","properties":{"highway":"service","junction":"roundabout","lanes":"1","service":"driveway"},"geometry":{"type":"LineString","coordinates":[[103.952634,1.3627246],[103.9525885,1.3627194]]}},{"type":"Feature","id":"way/686933650-0-0-0","properties":{"highway":"service","junction":"roundabout","lanes":"1","service":"parking_aisle","turn:lanes":"through;right"},"geometry":{"type":"LineString","coordinates":[[103.9525241,1.3627584],[103.9525081,1.3627976]]}},{"type":"Feature","id":"way/686933650-0-1-0","properties":{"highway":"service","junction":"roundabout","lanes":"1","service":"parking_aisle","turn:lanes":"through;right"},"geometry":{"type":"LineString","coordinates":[[103.9525081,1.3627976],[103.952511,1.3628399]]}},{"type":"Feature","id":"way/686933650-0-2-0","properties":{"highway":"service","junction":"roundabout","lanes":"1","service":"parking_aisle","turn:lanes":"through;right"},"geometry":{"type":"LineString","coordinates":[[103.952511,1.3628399],[103.9525322,1.3628767]]}},{"type":"Feature","id":"way/686933651-0-0-0","properties":{"highway":"service","junction":"roundabout","lanes":"1","service":"parking_aisle"},"geometry":{"type":"LineString","coordinates":[[103.9526763,1.3628686],[103.9526915,1.3628376]]}},{"type":"Feature","id":"way/686933651-0-1-0","properties":{"highway":"service","junction":"roundabout","lanes":"1","service":"parking_aisle"},"geometry":{"type":"LineString","coordinates":[[103.9526915,1.3628376],[103.9526944,1.3628032]]}},{"type":"Feature","id":"way/686933652-0-0-0","properties":{"highway":"service","junction":"roundabout","lanes":"1","service":"driveway","turn:lanes":"through;right"},"geometry":{"type":"LineString","coordinates":[[103.9526944,1.3628032],[103.9526871,1.3627751]]}},{"type":"Feature","id":"way/686933652-0-1-0","properties":{"highway":"service","junction":"roundabout","lanes":"1","service":"driveway","turn:lanes":"through;right"},"geometry":{"type":"LineString","coordinates":[[103.9526871,1.3627751],[103.9526716,1.3627506]]}},{"type":"Feature","id":"way/686933653-0-0-0","properties":{"highway":"service","junction":"roundabout","lanes":"1","service":"parking_aisle","turn:lanes":"through;right"},"geometry":{"type":"LineString","coordinates":[[103.9525885,1.3627194],[103.9525522,1.3627322]]}},{"type":"Feature","id":"way/686933653-0-1-0","properties":{"highway":"service","junction":"roundabout","lanes":"1","service":"parking_aisle","turn:lanes":"through;right"},"geometry":{"type":"LineString","coordinates":[[103.9525522,1.3627322],[103.9525241,1.3627584]]}},{"type":"Feature","id":"way/686933654-0-0-0","properties":{"highway":"service","junction":"roundabout","lanes":"1","service":"parking_aisle","sidewalk":"left"},"geometry":{"type":"LineString","coordinates":[[103.9537403,1.3627726],[103.9537109,1.3627467]]}},{"type":"Feature","id":"way/686933654-0-1-0","properties":{"highway":"service","junction":"roundabout","lanes":"1","service":"parking_aisle","sidewalk":"left"},"geometry":{"type":"LineString","coordinates":[[103.9537109,1.3627467],[103.9536729,1.362737]]}},{"type":"Feature","id":"way/686933655-0-0-0","properties":{"highway":"service","junction":"roundabout","lanes":"1","service":"driveway"},"geometry":{"type":"LineString","coordinates":[[103.9536094,1.3627648],[103.9535915,1.362797]]}},{"type":"Feature","id":"way/686933655-0-1-0","properties":{"highway":"service","junction":"roundabout","lanes":"1","service":"driveway"},"geometry":{"type":"LineString","coordinates":[[103.9535915,1.362797],[103.9535891,1.3628338]]}},{"type":"Feature","id":"way/687004212-0-0-0","properties":{"highway":"service","lanes":"1","name":"Drop-off Point","oneway":"yes","service":"driveway","turn:lanes":"through"},"geometry":{"type":"LineString","coordinates":[[103.9531449,1.3628961],[103.953145,1.3629016]]}},{"type":"Feature","id":"way/687004212-0-1-0","properties":{"highway":"service","lanes":"1","name":"Drop-off Point","oneway":"yes","service":"driveway","turn:lanes":"through"},"geometry":{"type":"LineString","coordinates":[[103.953145,1.3629016],[103.9531453,1.3629038]]}},{"type":"Feature","id":"way/687004212-0-2-0","properties":{"highway":"service","lanes":"1","name":"Drop-off Point","oneway":"yes","service":"driveway","turn:lanes":"through"},"geometry":{"type":"LineString","coordinates":[[103.9531453,1.3629038],[103.9531457,1.3629061]]}},{"type":"Feature","id":"way/687004212-0-3-0","properties":{"highway":"service","lanes":"1","name":"Drop-off Point","oneway":"yes","service":"driveway","turn:lanes":"through"},"geometry":{"type":"LineString","coordinates":[[103.9531457,1.3629061],[103.9531465,1.3629084]]}},{"type":"Feature","id":"way/687004212-0-4-0","properties":{"highway":"service","lanes":"1","name":"Drop-off Point","oneway":"yes","service":"driveway","turn:lanes":"through"},"geometry":{"type":"LineString","coordinates":[[103.9531465,1.3629084],[103.9531475,1.3629105]]}},{"type":"Feature","id":"way/687004212-0-5-0","properties":{"highway":"service","lanes":"1","name":"Drop-off Point","oneway":"yes","service":"driveway","turn:lanes":"through"},"geometry":{"type":"LineString","coordinates":[[103.9531475,1.3629105],[103.9531491,1.3629125]]}},{"type":"Feature","id":"way/687004212-0-6-0","properties":{"highway":"service","lanes":"1","name":"Drop-off Point","oneway":"yes","service":"driveway","turn:lanes":"through"},"geometry":{"type":"LineString","coordinates":[[103.9531491,1.3629125],[103.9531505,1.3629138]]}},{"type":"Feature","id":"way/687004212-0-7-0","properties":{"highway":"service","lanes":"1","name":"Drop-off Point","oneway":"yes","service":"driveway","turn:lanes":"through"},"geometry":{"type":"LineString","coordinates":[[103.9531505,1.3629138],[103.9531522,1.362915]]}},{"type":"Feature","id":"way/687004212-0-8-0","properties":{"highway":"service","lanes":"1","name":"Drop-off Point","oneway":"yes","service":"driveway","turn:lanes":"through"},"geometry":{"type":"LineString","coordinates":[[103.9531522,1.362915],[103.9531544,1.3629161]]}},{"type":"Feature","id":"way/687004212-0-9-0","properties":{"highway":"service","lanes":"1","name":"Drop-off Point","oneway":"yes","service":"driveway","turn:lanes":"through"},"geometry":{"type":"LineString","coordinates":[[103.9531544,1.3629161],[103.9531572,1.3629168]]}},{"type":"Feature","id":"way/687004212-0-10-0","properties":{"highway":"service","lanes":"1","name":"Drop-off Point","oneway":"yes","service":"driveway","turn:lanes":"through"},"geometry":{"type":"LineString","coordinates":[[103.9531572,1.3629168],[103.9531672,1.3629168]]}},{"type":"Feature","id":"way/690122314-0-0-0","properties":{"highway":"service","horse":"no","lanes":"2","lanes:backward":"1","lanes:forward":"1","paving_stones:length":"0.3","paving_stones:shape":"square","service":"parking_aisle","surface":"paving_stones"},"geometry":{"type":"LineString","coordinates":[[103.9529393,1.3628999],[103.9531449,1.3628961]]}},{"type":"Feature","id":"way/690122315-0-0-0","properties":{"highway":"service","horse":"no","lanes":"2","lanes:backward":"1","lanes:forward":"1","paving_stones:length":"0.3","paving_stones:shape":"square","service":"parking_aisle","surface":"paving_stones"},"geometry":{"type":"LineString","coordinates":[[103.9531906,1.3628952],[103.9534341,1.3628914]]}},{"type":"Feature","id":"way/690122316-0-0-0","properties":{"highway":"service","lanes":"1","name":"Drop-off Point","oneway":"yes","service":"driveway","turn:lanes":"left;right"},"geometry":{"type":"LineString","coordinates":[[103.9531672,1.3629168],[103.9531788,1.3629166]]}},{"type":"Feature","id":"way/690122316-0-1-0","properties":{"highway":"service","lanes":"1","name":"Drop-off Point","oneway":"yes","service":"driveway","turn:lanes":"left;right"},"geometry":{"type":"LineString","coordinates":[[103.9531788,1.3629166],[103.9531821,1.3629161]]}},{"type":"Feature","id":"way/690122316-0-2-0","properties":{"highway":"service","lanes":"1","name":"Drop-off Point","oneway":"yes","service":"driveway","turn:lanes":"left;right"},"geometry":{"type":"LineString","coordinates":[[103.9531821,1.3629161],[103.9531848,1.3629148]]}},{"type":"Feature","id":"way/690122316-0-3-0","properties":{"highway":"service","lanes":"1","name":"Drop-off Point","oneway":"yes","service":"driveway","turn:lanes":"left;right"},"geometry":{"type":"LineString","coordinates":[[103.9531848,1.3629148],[103.9531875,1.3629129]]}},{"type":"Feature","id":"way/690122316-0-4-0","properties":{"highway":"service","lanes":"1","name":"Drop-off Point","oneway":"yes","service":"driveway","turn:lanes":"left;right"},"geometry":{"type":"LineString","coordinates":[[103.9531875,1.3629129],[103.9531893,1.3629107]]}},{"type":"Feature","id":"way/690122316-0-5-0","properties":{"highway":"service","lanes":"1","name":"Drop-off Point","oneway":"yes","service":"driveway","turn:lanes":"left;right"},"geometry":{"type":"LineString","coordinates":[[103.9531893,1.3629107],[103.9531904,1.3629077]]}},{"type":"Feature","id":"way/690122316-0-6-0","properties":{"highway":"service","lanes":"1","name":"Drop-off Point","oneway":"yes","service":"driveway","turn:lanes":"left;right"},"geometry":{"type":"LineString","coordinates":[[103.9531904,1.3629077],[103.9531909,1.3629042]]}},{"type":"Feature","id":"way/690122316-0-7-0","properties":{"highway":"service","lanes":"1","name":"Drop-off Point","oneway":"yes","service":"driveway","turn:lanes":"left;right"},"geometry":{"type":"LineString","coordinates":[[103.9531909,1.3629042],[103.953191,1.3629012]]}},{"type":"Feature","id":"way/690122316-0-8-0","properties":{"highway":"service","lanes":"1","name":"Drop-off Point","oneway":"yes","service":"driveway","turn:lanes":"left;right"},"geometry":{"type":"LineString","coordinates":[[103.953191,1.3629012],[103.9531906,1.3628952]]}},{"type":"Feature","id":"way/720430303-0-0-0","properties":{"highway":"service","lanes":"2","lanes:backward":"1","lanes:forward":"1","oneway":"no","service":"parking_aisle"},"geometry":{"type":"LineString","coordinates":[[103.9517852,1.3632331],[103.9517945,1.3632208]]}},{"type":"Feature","id":"way/720430303-0-1-0","properties":{"highway":"service","lanes":"2","lanes:backward":"1","lanes:forward":"1","oneway":"no","service":"parking_aisle"},"geometry":{"type":"LineString","coordinates":[[103.9517945,1.3632208],[103.9518626,1.3631697]]}},{"type":"Feature","id":"way/720430304-0-0-0","properties":{"highway":"service","lanes":"2","lanes:backward":"1","lanes:forward":"1","oneway":"no","service":"parking_aisle"},"geometry":{"type":"LineString","coordinates":[[103.9520343,1.3634995],[103.9520494,1.3634989]]}},{"type":"Feature","id":"way/720430304-0-1-0","properties":{"highway":"service","lanes":"2","lanes:backward":"1","lanes:forward":"1","oneway":"no","service":"parking_aisle"},"geometry":{"type":"LineString","coordinates":[[103.9520494,1.3634989],[103.9520648,1.3634936]]}},{"type":"Feature","id":"way/720430304-0-2-0","properties":{"highway":"service","lanes":"2","lanes:backward":"1","lanes:forward":"1","oneway":"no","service":"parking_aisle"},"geometry":{"type":"LineString","coordinates":[[103.9520648,1.3634936],[103.9521094,1.3634506]]}},{"type":"Feature","id":"way/720430305-0-0-0","properties":{"highway":"service","lanes":"2","lanes:backward":"1","lanes:forward":"1","oneway":"no","service":"parking_aisle","turn:lanes:backward":"left;right"},"geometry":{"type":"LineString","coordinates":[[103.9512581,1.3624334],[103.9512152,1.36248]]}},{"type":"Feature","id":"way/720430305-0-1-0","properties":{"highway":"service","lanes":"2","lanes:backward":"1","lanes:forward":"1","oneway":"no","service":"parking_aisle","turn:lanes:backward":"left;right"},"geometry":{"type":"LineString","coordinates":[[103.9512152,1.36248],[103.9511621,1.3625354]]}},{"type":"Feature","id":"way/720430305-0-2-0","properties":{"highway":"service","lanes":"2","lanes:backward":"1","lanes:forward":"1","oneway":"no","service":"parking_aisle","turn:lanes:backward":"left;right"},"geometry":{"type":"LineString","coordinates":[[103.9511621,1.3625354],[103.9510735,1.3626236]]}},{"type":"Feature","id":"way/720430305-0-3-0","properties":{"highway":"service","lanes":"2","lanes:backward":"1","lanes:forward":"1","oneway":"no","service":"parking_aisle","turn:lanes:backward":"left;right"},"geometry":{"type":"LineString","coordinates":[[103.9510735,1.3626236],[103.9510644,1.3626528]]}},{"type":"Feature","id":"way/720430305-0-4-0","properties":{"highway":"service","lanes":"2","lanes:backward":"1","lanes:forward":"1","oneway":"no","service":"parking_aisle","turn:lanes:backward":"left;right"},"geometry":{"type":"LineString","coordinates":[[103.9510644,1.3626528],[103.9510731,1.362682]]}},{"type":"Feature","id":"way/720430305-0-5-0","properties":{"highway":"service","lanes":"2","lanes:backward":"1","lanes:forward":"1","oneway":"no","service":"parking_aisle","turn:lanes:backward":"left;right"},"geometry":{"type":"LineString","coordinates":[[103.9510731,1.362682],[103.951168,1.3627749]]}},{"type":"Feature","id":"way/725749376-0-0-0","properties":{"highway":"service","lanes":"2","lanes:backward":"1","lanes:forward":"1","paving_stones:length":"0.3","paving_stones:shape":"square","service":"parking_aisle","surface":"paving_stones"},"geometry":{"type":"LineString","coordinates":[[103.9519335,1.3631159],[103.9518626,1.3631697]]}},{"type":"Feature","id":"way/725750300-0-0-0","properties":{"highway":"service","lanes":"2","lanes:backward":"1","lanes:forward":"1","paving_stones:length":"0.3","paving_stones:shape":"square","service":"parking_aisle","surface":"paving_stones"},"geometry":{"type":"LineString","coordinates":[[103.9517852,1.3632331],[103.9517844,1.3632441]]}},{"type":"Feature","id":"way/725750300-0-1-0","properties":{"highway":"service","lanes":"2","lanes:backward":"1","lanes:forward":"1","paving_stones:length":"0.3","paving_stones:shape":"square","service":"parking_aisle","surface":"paving_stones"},"geometry":{"type":"LineString","coordinates":[[103.9517844,1.3632441],[103.9517856,1.3632535]]}},{"type":"Feature","id":"way/725750300-0-2-0","properties":{"highway":"service","lanes":"2","lanes:backward":"1","lanes:forward":"1","paving_stones:length":"0.3","paving_stones:shape":"square","service":"parking_aisle","surface":"paving_stones"},"geometry":{"type":"LineString","coordinates":[[103.9517856,1.3632535],[103.9517913,1.3632622]]}},{"type":"Feature","id":"way/725750300-0-3-0","properties":{"highway":"service","lanes":"2","lanes:backward":"1","lanes:forward":"1","paving_stones:length":"0.3","paving_stones:shape":"square","service":"parking_aisle","surface":"paving_stones"},"geometry":{"type":"LineString","coordinates":[[103.9517913,1.3632622],[103.951997,1.3634751]]}},{"type":"Feature","id":"way/725750300-0-4-0","properties":{"highway":"service","lanes":"2","lanes:backward":"1","lanes:forward":"1","paving_stones:length":"0.3","paving_stones:shape":"square","service":"parking_aisle","surface":"paving_stones"},"geometry":{"type":"LineString","coordinates":[[103.951997,1.3634751],[103.95202,1.3634945]]}},{"type":"Feature","id":"way/725750300-0-5-0","properties":{"highway":"service","lanes":"2","lanes:backward":"1","lanes:forward":"1","paving_stones:length":"0.3","paving_stones:shape":"square","service":"parking_aisle","surface":"paving_stones"},"geometry":{"type":"LineString","coordinates":[[103.95202,1.3634945],[103.9520343,1.3634995]]}},{"type":"Feature","id":"way/728246410-0-0-0","properties":{"highway":"service","horse":"no","lanes":"2","lanes:backward":"1","lanes:forward":"1","oneway":"no","paving_stones:length":"0.3","paving_stones:shape":"square","service":"parking_aisle","sidewalk":"left","surface":"paving_stones","turn:lanes:backward":"through","turn:lanes:forward":"through"},"geometry":{"type":"LineString","coordinates":[[103.9509675,1.3621717],[103.9511859,1.3623652]]}},{"type":"Feature","id":"way/728246410-0-1-0","properties":{"highway":"service","horse":"no","lanes":"2","lanes:backward":"1","lanes:forward":"1","oneway":"no","paving_stones:length":"0.3","paving_stones:shape":"square","service":"parking_aisle","sidewalk":"left","surface":"paving_stones","turn:lanes:backward":"through","turn:lanes:forward":"through"},"geometry":{"type":"LineString","coordinates":[[103.9511859,1.3623652],[103.9512581,1.3624334]]}},{"type":"Feature","id":"way/738231657-0-0-0","properties":{"highway":"service","lanes":"2","lanes:backward":"1","lanes:forward":"1","sidewalk":"right"},"geometry":{"type":"LineString","coordinates":[[103.9539738,1.3609523],[103.9538162,1.3611214]]}},{"type":"Feature","id":"way/738264497-0-0-0","properties":{"highway":"service","lanes":"2","lanes:backward":"1","lanes:forward":"1"},"geometry":{"type":"LineString","coordinates":[[103.9541166,1.3607988],[103.9540895,1.3608329]]}},{"type":"Feature","id":"way/738264498-0-0-0","properties":{"highway":"residential","lanes":"1","maxspeed":"30","name":"Tampines Street 44","oneway":"yes","sidewalk:left":"separate","sidewalk:right":"no","surface":"asphalt"},"geometry":{"type":"LineString","coordinates":[[103.9541166,1.3607988],[103.9540362,1.360722]]}},{"type":"Feature","id":"way/738264498-0-1-0","properties":{"highway":"residential","lanes":"1","maxspeed":"30","name":"Tampines Street 44","oneway":"yes","sidewalk:left":"separate","sidewalk:right":"no","surface":"asphalt"},"geometry":{"type":"LineString","coordinates":[[103.9540362,1.360722],[103.954026,1.3607127]]}},{"type":"Feature","id":"way/738264498-0-2-0","properties":{"highway":"residential","lanes":"1","maxspeed":"30","name":"Tampines Street 44","oneway":"yes","sidewalk:left":"separate","sidewalk:right":"no","surface":"asphalt"},"geometry":{"type":"LineString","coordinates":[[103.954026,1.3607127],[103.9540194,1.3607048]]}},{"type":"Feature","id":"way/738264498-0-3-0","properties":{"highway":"residential","lanes":"1","maxspeed":"30","name":"Tampines Street 44","oneway":"yes","sidewalk:left":"separate","sidewalk:right":"no","surface":"asphalt"},"geometry":{"type":"LineString","coordinates":[[103.9540194,1.3607048],[103.9539573,1.3606143]]}},{"type":"Feature","id":"way/738264498-0-4-0","properties":{"highway":"residential","lanes":"1","maxspeed":"30","name":"Tampines Street 44","oneway":"yes","sidewalk:left":"separate","sidewalk:right":"no","surface":"asphalt"},"geometry":{"type":"LineString","coordinates":[[103.9539573,1.3606143],[103.9539329,1.3605701]]}},{"type":"Feature","id":"way/738264499-0-0-0","properties":{"highway":"residential","lanes":"1","maxspeed":"30","name":"Tampines Street 44","oneway":"yes","sidewalk:left":"separate","sidewalk:right":"no","surface":"asphalt"},"geometry":{"type":"LineString","coordinates":[[103.9539329,1.3605701],[103.9539193,1.3605287]]}},{"type":"Feature","id":"way/738264499-0-1-0","properties":{"highway":"residential","lanes":"1","maxspeed":"30","name":"Tampines Street 44","oneway":"yes","sidewalk:left":"separate","sidewalk:right":"no","surface":"asphalt"},"geometry":{"type":"LineString","coordinates":[[103.9539193,1.3605287],[103.9539147,1.3605145]]}},{"type":"Feature","id":"way/738264499-0-2-0","properties":{"highway":"residential","lanes":"1","maxspeed":"30","name":"Tampines Street 44","oneway":"yes","sidewalk:left":"separate","sidewalk:right":"no","surface":"asphalt"},"geometry":{"type":"LineString","coordinates":[[103.9539147,1.3605145],[103.9539134,1.3605067]]}},{"type":"Feature","id":"way/738264499-0-3-0","properties":{"highway":"residential","lanes":"1","maxspeed":"30","name":"Tampines Street 44","oneway":"yes","sidewalk:left":"separate","sidewalk:right":"no","surface":"asphalt"},"geometry":{"type":"LineString","coordinates":[[103.9539134,1.3605067],[103.9539034,1.3604468]]}},{"type":"Feature","id":"way/738264499-0-4-0","properties":{"highway":"residential","lanes":"1","maxspeed":"30","name":"Tampines Street 44","oneway":"yes","sidewalk:left":"separate","sidewalk:right":"no","surface":"asphalt"},"geometry":{"type":"LineString","coordinates":[[103.9539034,1.3604468],[103.9538997,1.360399]]}},{"type":"Feature","id":"way/738264499-0-5-0","properties":{"highway":"residential","lanes":"1","maxspeed":"30","name":"Tampines Street 44","oneway":"yes","sidewalk:left":"separate","sidewalk:right":"no","surface":"asphalt"},"geometry":{"type":"LineString","coordinates":[[103.9538997,1.360399],[103.9539006,1.3603231]]}},{"type":"Feature","id":"way/738264501-0-0-0","properties":{"highway":"residential","lanes":"1","maxspeed":"30","name":"Tampines Street 44","oneway":"yes","sidewalk:left":"separate","sidewalk:right":"no"},"geometry":{"type":"LineString","coordinates":[[103.9541361,1.3608423],[103.9541166,1.3607988]]}},{"type":"Feature","id":"way/738264502-0-0-0","properties":{"highway":"residential","lanes":"2","lanes:backward":"1","lanes:forward":"1","maxspeed":"30","name":"Tampines Street 44","sidewalk:both":"separate","surface":"asphalt","turn:lanes:forward":"left;through;right"},"geometry":{"type":"LineString","coordinates":[[103.9541361,1.3608423],[103.9542202,1.3609365]]}},{"type":"Feature","id":"way/738264502-0-1-0","properties":{"highway":"residential","lanes":"2","lanes:backward":"1","lanes:forward":"1","maxspeed":"30","name":"Tampines Street 44","sidewalk:both":"separate","surface":"asphalt","turn:lanes:forward":"left;through;right"},"geometry":{"type":"LineString","coordinates":[[103.9542202,1.3609365],[103.9542588,1.3609797]]}},{"type":"Feature","id":"way/738264503-0-0-0","properties":{"highway":"residential","lanes":"1","maxspeed":"30","name":"Tampines Street 44","oneway":"yes","sidewalk:left":"separate","sidewalk:right":"no","surface":"asphalt"},"geometry":{"type":"LineString","coordinates":[[103.9540895,1.3608329],[103.9541361,1.3608423]]}},{"type":"Feature","id":"way/749844967-0-0-0","properties":{"foot":"no","highway":"residential","horse":"no","lanes":"3","lanes:backward":"2","lanes:forward":"1","maxspeed":"50","name":"Tampines Street 43","surface":"asphalt"},"geometry":{"type":"LineString","coordinates":[[103.9513875,1.3616246],[103.9512272,1.3617902]]}},{"type":"Feature","id":"way/749844968-0-0-0","properties":{"foot":"no","highway":"residential","horse":"no","lanes":"2","lanes:backward":"1","lanes:forward":"1","maxspeed":"50","name":"Tampines Street 43","surface":"asphalt","turn:lanes:backward":"left;through;right"},"geometry":{"type":"LineString","coordinates":[[103.9512272,1.3617902],[103.9510133,1.3620007]]}},{"type":"Feature","id":"way/749844969-0-0-0","properties":{"foot":"no","highway":"residential","horse":"no","lanes":"2","lanes:backward":"1","lanes:forward":"1","maxspeed":"50","name":"Tampines Street 43","surface":"asphalt","turn:lanes:forward":"left;right"},"geometry":{"type":"LineString","coordinates":[[103.9510133,1.3620007],[103.9508996,1.3621031]]}},{"type":"Feature","id":"way/749844970-0-0-0","properties":{"highway":"residential","lanes":"3","lanes:backward":"1","lanes:forward":"2","maxspeed":"50","name":"Tampines Street 43","sidewalk:both":"separate","surface":"asphalt"},"geometry":{"type":"LineString","coordinates":[[103.9520158,1.3609764],[103.95182,1.3611715]]}},{"type":"Feature","id":"way/749844971-0-0-0","properties":{"highway":"residential","lanes":"2","lanes:backward":"1","lanes:forward":"1","maxspeed":"50","name":"Tampines Street 43","sidewalk:both":"separate","surface":"asphalt","turn:lanes:forward":"left;right"},"geometry":{"type":"LineString","coordinates":[[103.9521572,1.3608331],[103.9520158,1.3609764]]}},{"type":"Feature","id":"way/750199382-0-0-0","properties":{"highway":"service","lanes":"2","lanes:backward":"1","lanes:forward":"1","sidewalk":"left"},"geometry":{"type":"LineString","coordinates":[[103.9522856,1.3609576],[103.9524272,1.3611005]]}},{"type":"Feature","id":"way/750199383-0-0-0","properties":{"highway":"service","lanes":"2","lanes:backward":"1","lanes:forward":"1","sidewalk":"left","turn:lanes:backward":"left;right"},"geometry":{"type":"LineString","coordinates":[[103.9521986,1.3608744],[103.9522856,1.3609576]]}},{"type":"Feature","id":"way/797196840-0-0-0","properties":{"highway":"service","lanes":"2","lanes:backward":"1","lanes:forward":"1"},"geometry":{"type":"LineString","coordinates":[[103.9540476,1.3610736],[103.9539409,1.3611768]]}},{"type":"Feature","id":"way/797196840-0-1-0","properties":{"highway":"service","lanes":"2","lanes:backward":"1","lanes:forward":"1"},"geometry":{"type":"LineString","coordinates":[[103.9539409,1.3611768],[103.9537632,1.3613518]]}},{"type":"Feature","id":"way/797196841-0-0-0","properties":{"highway":"service","lanes":"2","lanes:backward":"1","lanes:forward":"1","turn:lanes:backward":"through","turn:lanes:forward":"through"},"geometry":{"type":"LineString","coordinates":[[103.9542588,1.3609797],[103.9541978,1.3610273]]}},{"type":"Feature","id":"way/797196841-0-1-0","properties":{"highway":"service","lanes":"2","lanes:backward":"1","lanes:forward":"1","turn:lanes:backward":"through","turn:lanes:forward":"through"},"geometry":{"type":"LineString","coordinates":[[103.9541978,1.3610273],[103.9541545,1.3610619]]}},{"type":"Feature","id":"way/797196842-0-0-0","properties":{"highway":"service"},"geometry":{"type":"LineString","coordinates":[[103.9541545,1.3610619],[103.9543077,1.3612083]]}},{"type":"Feature","id":"way/797196843-0-0-0","properties":{"highway":"service","lanes":"2","lanes:backward":"1","lanes:forward":"1","turn:lanes:backward":"through","turn:lanes:forward":"through"},"geometry":{"type":"LineString","coordinates":[[103.9541545,1.3610619],[103.9541354,1.3610756]]}},{"type":"Feature","id":"way/797196843-0-1-0","properties":{"highway":"service","lanes":"2","lanes:backward":"1","lanes:forward":"1","turn:lanes:backward":"through","turn:lanes:forward":"through"},"geometry":{"type":"LineString","coordinates":[[103.9541354,1.3610756],[103.9541133,1.361079]]}},{"type":"Feature","id":"way/797196843-0-2-0","properties":{"highway":"service","lanes":"2","lanes:backward":"1","lanes:forward":"1","turn:lanes:backward":"through","turn:lanes:forward":"through"},"geometry":{"type":"LineString","coordinates":[[103.9541133,1.361079],[103.9540885,1.3610736]]}},{"type":"Feature","id":"way/797196843-0-3-0","properties":{"highway":"service","lanes":"2","lanes:backward":"1","lanes:forward":"1","turn:lanes:backward":"through","turn:lanes:forward":"through"},"geometry":{"type":"LineString","coordinates":[[103.9540885,1.3610736],[103.9540623,1.3610709]]}},{"type":"Feature","id":"way/797196843-0-4-0","properties":{"highway":"service","lanes":"2","lanes:backward":"1","lanes:forward":"1","turn:lanes:backward":"through","turn:lanes:forward":"through"},"geometry":{"type":"LineString","coordinates":[[103.9540623,1.3610709],[103.9540476,1.3610736]]}},{"type":"Feature","id":"way/797199305-0-0-0","properties":{"highway":"service","lanes":"2","lanes:backward":"1","lanes:forward":"1","service":"parking_aisle","sidewalk":"right","turn:lanes:backward":"through","turn:lanes:forward":"through"},"geometry":{"type":"LineString","coordinates":[[103.9537403,1.3627726],[103.9537907,1.3627515]]}},{"type":"Feature","id":"way/797199305-0-1-0","properties":{"highway":"service","lanes":"2","lanes:backward":"1","lanes:forward":"1","service":"parking_aisle","sidewalk":"right","turn:lanes:backward":"through","turn:lanes:forward":"through"},"geometry":{"type":"LineString","coordinates":[[103.9537907,1.3627515],[103.9538553,1.3627512]]}},{"type":"Feature","id":"way/797229567-0-0-0","properties":{"highway":"service","lanes":"2","lanes:backward":"1","lanes:forward":"1","sidewalk":"both"},"geometry":{"type":"LineString","coordinates":[[103.9525133,1.3611909],[103.9524779,1.3611516]]}},{"type":"Feature","id":"way/797229567-0-1-0","properties":{"highway":"service","lanes":"2","lanes:backward":"1","lanes:forward":"1","sidewalk":"both"},"geometry":{"type":"LineString","coordinates":[[103.9524779,1.3611516],[103.9524272,1.3611005]]}},{"type":"Feature","id":"way/797229568-0-0-0","properties":{"highway":"service","lanes":"2","lanes:backward":"1","lanes:forward":"1"},"geometry":{"type":"LineString","coordinates":[[103.9528113,1.3616092],[103.9526642,1.3617419]]}},{"type":"Feature","id":"way/797229569-0-0-0","properties":{"highway":"service","lanes":"1","oneway":"yes","sidewalk":"left","tunnel":"building_passage"},"geometry":{"type":"LineString","coordinates":[[103.9527044,1.3613183],[103.9528084,1.3614128]]}},{"type":"Feature","id":"way/797229570-0-0-0","properties":{"highway":"service","lanes":"1","oneway":"yes","sidewalk":"left"},"geometry":{"type":"LineString","coordinates":[[103.9528084,1.3614128],[103.9528372,1.3614389]]}},{"type":"Feature","id":"way/797229570-0-1-0","properties":{"highway":"service","lanes":"1","oneway":"yes","sidewalk":"left"},"geometry":{"type":"LineString","coordinates":[[103.9528372,1.3614389],[103.9528479,1.3614631]]}},{"type":"Feature","id":"way/797229570-0-2-0","properties":{"highway":"service","lanes":"1","oneway":"yes","sidewalk":"left"},"geometry":{"type":"LineString","coordinates":[[103.9528479,1.3614631],[103.952858,1.3614865]]}},{"type":"Feature","id":"way/797229570-0-3-0","properties":{"highway":"service","lanes":"1","oneway":"yes","sidewalk":"left"},"geometry":{"type":"LineString","coordinates":[[103.952858,1.3614865],[103.9528526,1.3615207]]}},{"type":"Feature","id":"way/797229570-0-4-0","properties":{"highway":"service","lanes":"1","oneway":"yes","sidewalk":"left"},"geometry":{"type":"LineString","coordinates":[[103.9528526,1.3615207],[103.9528265,1.3615543]]}},{"type":"Feature","id":"way/797229570-0-5-0","properties":{"highway":"service","lanes":"1","oneway":"yes","sidewalk":"left"},"geometry":{"type":"LineString","coordinates":[[103.9528265,1.3615543],[103.9528044,1.3615864]]}},{"type":"Feature","id":"way/797229570-0-6-0","properties":{"highway":"service","lanes":"1","oneway":"yes","sidewalk":"left"},"geometry":{"type":"LineString","coordinates":[[103.9528044,1.3615864],[103.9528113,1.3616092]]}},{"type":"Feature","id":"way/797229571-0-0-0","properties":{"highway":"service","lanes":"1","oneway":"yes","sidewalk":"left"},"geometry":{"type":"LineString","coordinates":[[103.9525133,1.3611909],[103.9525224,1.3612128]]}},{"type":"Feature","id":"way/797229571-0-1-0","properties":{"highway":"service","lanes":"1","oneway":"yes","sidewalk":"left"},"geometry":{"type":"LineString","coordinates":[[103.9525224,1.3612128],[103.9525942,1.3612677]]}},{"type":"Feature","id":"way/797229571-0-2-0","properties":{"highway":"service","lanes":"1","oneway":"yes","sidewalk":"left"},"geometry":{"type":"LineString","coordinates":[[103.9525942,1.3612677],[103.9526468,1.3612935]]}},{"type":"Feature","id":"way/797229571-0-3-0","properties":{"highway":"service","lanes":"1","oneway":"yes","sidewalk":"left"},"geometry":{"type":"LineString","coordinates":[[103.9526468,1.3612935],[103.9527044,1.3613183]]}},{"type":"Feature","id":"way/797229572-0-0-0","properties":{"highway":"service","lanes":"1","oneway":"yes","sidewalk":"left"},"geometry":{"type":"LineString","coordinates":[[103.9537411,1.3611909],[103.9537029,1.361201]]}},{"type":"Feature","id":"way/797229572-0-1-0","properties":{"highway":"service","lanes":"1","oneway":"yes","sidewalk":"left"},"geometry":{"type":"LineString","coordinates":[[103.9537029,1.361201],[103.9536675,1.3612285]]}},{"type":"Feature","id":"way/797229573-0-0-0","properties":{"highway":"service","lanes":"1","oneway":"yes","sidewalk":"left","tunnel":"building_passage"},"geometry":{"type":"LineString","coordinates":[[103.9535158,1.3612915],[103.9534002,1.3613809]]}},{"type":"Feature","id":"way/797229574-0-0-0","properties":{"highway":"service","lanes":"1","oneway":"yes","service":"parking_aisle","sidewalk":"left"},"geometry":{"type":"LineString","coordinates":[[103.9534002,1.3613809],[103.9533705,1.36141]]}},{"type":"Feature","id":"way/797229574-0-1-0","properties":{"highway":"service","lanes":"1","oneway":"yes","service":"parking_aisle","sidewalk":"left"},"geometry":{"type":"LineString","coordinates":[[103.9533705,1.36141],[103.9533495,1.3614584]]}},{"type":"Feature","id":"way/797229574-0-2-0","properties":{"highway":"service","lanes":"1","oneway":"yes","service":"parking_aisle","sidewalk":"left"},"geometry":{"type":"LineString","coordinates":[[103.9533495,1.3614584],[103.9533436,1.3614976]]}},{"type":"Feature","id":"way/797229574-0-3-0","properties":{"highway":"service","lanes":"1","oneway":"yes","service":"parking_aisle","sidewalk":"left"},"geometry":{"type":"LineString","coordinates":[[103.9533436,1.3614976],[103.9533435,1.3615134]]}},{"type":"Feature","id":"way/797229574-0-4-0","properties":{"highway":"service","lanes":"1","oneway":"yes","service":"parking_aisle","sidewalk":"left"},"geometry":{"type":"LineString","coordinates":[[103.9533435,1.3615134],[103.9533529,1.3615368]]}},{"type":"Feature","id":"way/797229574-0-5-0","properties":{"highway":"service","lanes":"1","oneway":"yes","service":"parking_aisle","sidewalk":"left"},"geometry":{"type":"LineString","coordinates":[[103.9533529,1.3615368],[103.9533826,1.3615759]]}},{"type":"Feature","id":"way/797229574-0-6-0","properties":{"highway":"service","lanes":"1","oneway":"yes","service":"parking_aisle","sidewalk":"left"},"geometry":{"type":"LineString","coordinates":[[103.9533826,1.3615759],[103.9534105,1.3615864]]}},{"type":"Feature","id":"way/797229575-0-0-0","properties":{"highway":"service","lanes":"2","lanes:backward":"1","lanes:forward":"1","sidewalk":"both"},"geometry":{"type":"LineString","coordinates":[[103.9538162,1.3611214],[103.9537411,1.3611909]]}},{"type":"Feature","id":"way/797229576-0-0-0","properties":{"highway":"service","lanes":"2","lanes:backward":"1","lanes:forward":"1","service":"parking_aisle"},"geometry":{"type":"LineString","coordinates":[[103.9534105,1.3615864],[103.9535795,1.3617634]]}},{"type":"Feature","id":"way/797350606-0-0-0","properties":{"highway":"service","service":"parking_aisle"},"geometry":{"type":"LineString","coordinates":[[103.9518978,1.3604747],[103.9519488,1.3604741]]}},{"type":"Feature","id":"way/797350606-0-1-0","properties":{"highway":"service","service":"parking_aisle"},"geometry":{"type":"LineString","coordinates":[[103.9519488,1.3604741],[103.9519903,1.3604736]]}},{"type":"Feature","id":"way/797350606-0-2-0","properties":{"highway":"service","service":"parking_aisle"},"geometry":{"type":"LineString","coordinates":[[103.9519903,1.3604736],[103.9520171,1.3604589]]}},{"type":"Feature","id":"way/797350606-0-3-0","properties":{"highway":"service","service":"parking_aisle"},"geometry":{"type":"LineString","coordinates":[[103.9520171,1.3604589],[103.9520721,1.3604026]]}},{"type":"Feature","id":"way/797350606-0-4-0","properties":{"highway":"service","service":"parking_aisle"},"geometry":{"type":"LineString","coordinates":[[103.9520721,1.3604026],[103.9520775,1.3603731]]}},{"type":"Feature","id":"way/797350607-0-0-0","properties":{"highway":"service","service":"parking_aisle"},"geometry":{"type":"LineString","coordinates":[[103.9518978,1.3604747],[103.9518468,1.3605527]]}},{"type":"Feature","id":"way/797350607-0-1-0","properties":{"highway":"service","service":"parking_aisle"},"geometry":{"type":"LineString","coordinates":[[103.9518468,1.3605527],[103.9517838,1.3606345]]}},{"type":"Feature","id":"way/825790020-0-0-0","properties":{"foot":"no","highway":"secondary","horse":"no","lanes":"2","maxspeed":"40","name":"Tampines Avenue 9","oneway":"yes","sidewalk:left":"separate","sidewalk:right":"no","surface":"asphalt","turn:lanes":"left;through|through;right"},"geometry":{"type":"LineString","coordinates":[[103.9540576,1.3620446],[103.9541287,1.361993]]}},{"type":"Feature","id":"way/825790020-0-1-0","properties":{"foot":"no","highway":"secondary","horse":"no","lanes":"2","maxspeed":"40","name":"Tampines Avenue 9","oneway":"yes","sidewalk:left":"separate","sidewalk:right":"no","surface":"asphalt","turn:lanes":"left;through|through;right"},"geometry":{"type":"LineString","coordinates":[[103.9541287,1.361993],[103.9541968,1.361939]]}},{"type":"Feature","id":"way/825790020-0-2-0","properties":{"foot":"no","highway":"secondary","horse":"no","lanes":"2","maxspeed":"40","name":"Tampines Avenue 9","oneway":"yes","sidewalk:left":"separate","sidewalk:right":"no","surface":"asphalt","turn:lanes":"left;through|through;right"},"geometry":{"type":"LineString","coordinates":[[103.9541968,1.361939],[103.9542695,1.3618727]]}},{"type":"Feature","id":"way/825790020-0-3-0","properties":{"foot":"no","highway":"secondary","horse":"no","lanes":"2","maxspeed":"40","name":"Tampines Avenue 9","oneway":"yes","sidewalk:left":"separate","sidewalk:right":"no","surface":"asphalt","turn:lanes":"left;through|through;right"},"geometry":{"type":"LineString","coordinates":[[103.9542695,1.3618727],[103.9542859,1.3618577]]}},{"type":"Feature","id":"way/825799156-0-0-0","properties":{"highway":"secondary","lanes":"2","maxspeed":"50","name":"Tampines Avenue 9","oneway":"yes","sidewalk:left":"separate","sidewalk:right":"no","surface":"asphalt"},"geometry":{"type":"LineString","coordinates":[[103.9508937,1.3606162],[103.950802,1.3605259]]}},{"type":"Feature","id":"way/825799156-0-1-0","properties":{"highway":"secondary","lanes":"2","maxspeed":"50","name":"Tampines Avenue 9","oneway":"yes","sidewalk:left":"separate","sidewalk:right":"no","surface":"asphalt"},"geometry":{"type":"LineString","coordinates":[[103.950802,1.3605259],[103.9507237,1.3604488]]}},{"type":"Feature","id":"way/825799156-0-2-0","properties":{"highway":"secondary","lanes":"2","maxspeed":"50","name":"Tampines Avenue 9","oneway":"yes","sidewalk:left":"separate","sidewalk:right":"no","surface":"asphalt"},"geometry":{"type":"LineString","coordinates":[[103.9507237,1.3604488],[103.9506059,1.3603331]]}},{"type":"Feature","id":"way/892608560-0-0-0","properties":{"highway":"service","lanes":"2","lanes:backward":"1","lanes:forward":"1","service":"parking_aisle","turn:lanes:backward":"through","turn:lanes:forward":"through"},"geometry":{"type":"LineString","coordinates":[[103.9542178,1.3603784],[103.9542232,1.3604024]]}},{"type":"Feature","id":"way/892608560-0-1-0","properties":{"highway":"service","lanes":"2","lanes:backward":"1","lanes:forward":"1","service":"parking_aisle","turn:lanes:backward":"through","turn:lanes:forward":"through"},"geometry":{"type":"LineString","coordinates":[[103.9542232,1.3604024],[103.9542822,1.3604912]]}},{"type":"Feature","id":"way/893270662-0-0-0","properties":{"highway":"service","lanes":"1","oneway":"yes"},"geometry":{"type":"LineString","coordinates":[[103.9535408,1.3613189],[103.9536411,1.3612782]]}},{"type":"Feature","id":"way/893270662-0-1-0","properties":{"highway":"service","lanes":"1","oneway":"yes"},"geometry":{"type":"LineString","coordinates":[[103.9536411,1.3612782],[103.9536674,1.3612673]]}},{"type":"Feature","id":"way/893270662-0-2-0","properties":{"highway":"service","lanes":"1","oneway":"yes"},"geometry":{"type":"LineString","coordinates":[[103.9536674,1.3612673],[103.9536879,1.3612526]]}},{"type":"Feature","id":"way/893270663-0-0-0","properties":{"highway":"service","lanes":"1","oneway":"yes"},"geometry":{"type":"LineString","coordinates":[[103.9536675,1.3612285],[103.953652,1.3612396]]}},{"type":"Feature","id":"way/893270663-0-1-0","properties":{"highway":"service","lanes":"1","oneway":"yes"},"geometry":{"type":"LineString","coordinates":[[103.953652,1.3612396],[103.9536308,1.3612485]]}},{"type":"Feature","id":"way/893270663-0-2-0","properties":{"highway":"service","lanes":"1","oneway":"yes"},"geometry":{"type":"LineString","coordinates":[[103.9536308,1.3612485],[103.9535158,1.3612915]]}},{"type":"Feature","id":"way/894155353-0-0-0","properties":{"highway":"service","horse":"no","lanes":"2","lanes:backward":"1","lanes:forward":"1","service":"parking_aisle","sidewalk":"both","surface":"paving_stones"},"geometry":{"type":"LineString","coordinates":[[103.9507914,1.3619958],[103.9507255,1.3619315]]}},{"type":"Feature","id":"way/896094183-0-0-0","properties":{"highway":"service","lanes":"2","lanes:backward":"1","lanes:forward":"1","service":"parking_aisle","surface":"asphalt","turn:lanes:backward":"through","turn:lanes:forward":"through"},"geometry":{"type":"LineString","coordinates":[[103.9528935,1.3638036],[103.9529484,1.3638042]]}},{"type":"Feature","id":"way/896094183-0-1-0","properties":{"highway":"service","lanes":"2","lanes:backward":"1","lanes:forward":"1","service":"parking_aisle","surface":"asphalt","turn:lanes:backward":"through","turn:lanes:forward":"through"},"geometry":{"type":"LineString","coordinates":[[103.9529484,1.3638042],[103.953051,1.3638074]]}},{"type":"Feature","id":"way/896094183-0-2-0","properties":{"highway":"service","lanes":"2","lanes:backward":"1","lanes:forward":"1","service":"parking_aisle","surface":"asphalt","turn:lanes:backward":"through","turn:lanes:forward":"through"},"geometry":{"type":"LineString","coordinates":[[103.953051,1.3638074],[103.9531523,1.3638106]]}},{"type":"Feature","id":"way/896094183-0-3-0","properties":{"highway":"service","lanes":"2","lanes:backward":"1","lanes:forward":"1","service":"parking_aisle","surface":"asphalt","turn:lanes:backward":"through","turn:lanes:forward":"through"},"geometry":{"type":"LineString","coordinates":[[103.9531523,1.3638106],[103.9531767,1.363815]]}},{"type":"Feature","id":"way/896094183-0-4-0","properties":{"highway":"service","lanes":"2","lanes:backward":"1","lanes:forward":"1","service":"parking_aisle","surface":"asphalt","turn:lanes:backward":"through","turn:lanes:forward":"through"},"geometry":{"type":"LineString","coordinates":[[103.9531767,1.363815],[103.9532,1.3638266]]}},{"type":"Feature","id":"way/896094183-0-5-0","properties":{"highway":"service","lanes":"2","lanes:backward":"1","lanes:forward":"1","service":"parking_aisle","surface":"asphalt","turn:lanes:backward":"through","turn:lanes:forward":"through"},"geometry":{"type":"LineString","coordinates":[[103.9532,1.3638266],[103.9533417,1.3639778]]}},{"type":"Feature","id":"way/896094183-0-6-0","properties":{"highway":"service","lanes":"2","lanes:backward":"1","lanes:forward":"1","service":"parking_aisle","surface":"asphalt","turn:lanes:backward":"through","turn:lanes:forward":"through"},"geometry":{"type":"LineString","coordinates":[[103.9533417,1.3639778],[103.9533774,1.3640183]]}},{"type":"Feature","id":"way/896094183-0-7-0","properties":{"highway":"service","lanes":"2","lanes:backward":"1","lanes:forward":"1","service":"parking_aisle","surface":"asphalt","turn:lanes:backward":"through","turn:lanes:forward":"through"},"geometry":{"type":"LineString","coordinates":[[103.9533774,1.3640183],[103.9533894,1.3640526]]}},{"type":"Feature","id":"way/896094183-0-8-0","properties":{"highway":"service","lanes":"2","lanes:backward":"1","lanes:forward":"1","service":"parking_aisle","surface":"asphalt","turn:lanes:backward":"through","turn:lanes:forward":"through"},"geometry":{"type":"LineString","coordinates":[[103.9533894,1.3640526],[103.9533904,1.3641696]]}},{"type":"Feature","id":"way/1225660500-0-0-0","properties":{"highway":"service","service":"driveway"},"geometry":{"type":"LineString","coordinates":[[103.953051,1.3638074],[103.9530511,1.363867]]}},{"type":"Feature","id":"way/1225660501-0-0-0","properties":{"highway":"service","service":"driveway"},"geometry":{"type":"LineString","coordinates":[[103.9543356,1.3634042],[103.9542953,1.3633639]]}}]}