{"type":"FeatureCollection","features":[{"type":"Feature","id":"relation/3899856-0","properties":{"addr:city":"Singapore","addr:country":"SG","building":"yes","building:levels":"6","type":"multipolygon","clearanceGeometry":{"type":"Polygon","coordinates":[[[103.9565996,1.3544835],[103.956594,1.3548121],[103.9565053,1.3548106],[103.9565032,1.354938],[103.9575519,1.3549558],[103.95755892225353,1.3545423527994542],[103.95732053261146,1.3545384184960705],[103.95732080398912,1.3545219832773807],[103.9572209,1.3545203],[103.9572229,1.354405],[103.9573302,1.3544068],[103.9573305,1.3543874],[103.9575739,1.3543915],[103.9575801,1.354026],[103.9572599,1.3540206],[103.9572596,1.354034],[103.9572192,1.3540333],[103.9572188,1.3540537],[103.9569874,1.3540498],[103.9569836,1.3542742],[103.9569387,1.3542735],[103.9569427,1.354037],[103.9566176,1.3540315],[103.9566185,1.3539792],[103.9565146,1.3539774],[103.9565135,1.3540417],[103.9564238,1.354043],[103.9564167,1.3538656],[103.9563498,1.3538682],[103.9563486,1.3540653],[103.9564263,1.3540659],[103.9564244,1.3544062],[103.9564992,1.3544075],[103.956498,1.3544818],[103.9565996,1.3544835]],[[103.9574549,1.3541387],[103.957454,1.3542622],[103.9573249,1.3542612],[103.9573252,1.3542111],[103.957219,1.3542103],[103.9572195,1.3541369],[103.9574549,1.3541387]],[[103.9566573,1.3545823],[103.9566946,1.3546031],[103.956745,1.3546042],[103.9567889,1.35459],[103.9568261,1.3545659],[103.9568525,1.3545286],[103.95687,1.3544837],[103.9568905,1.3544859],[103.9568922,1.3544065],[103.9569304,1.3544073],[103.9569324,1.354314],[103.9570049,1.3543156],[103.9570028,1.3544115],[103.9571791,1.3544154],[103.957176,1.3545563],[103.9571526,1.3545558],[103.9571466,1.3548293],[103.9570648,1.3548275],[103.9570677,1.3546951],[103.9569813,1.3546932],[103.9569802,1.3547434],[103.9569295,1.3547423],[103.9569279,1.3548135],[103.9566914,1.3548083],[103.9566933,1.3547206],[103.9566256,1.3547192],[103.9566297,1.3545329],[103.9566573,1.3545823]],[[103.9571867,1.3546411],[103.9574404,1.3546405],[103.9574408,1.3548243],[103.9572403,1.3548247],[103.9572401,1.3547425],[103.957187,1.3547426],[103.9571867,1.3546411]]]},"clearanceHeight":1.7,"clearancePrepared":true},"geometry":{"type":"Polygon","coordinates":[[[103.956498,1.3544818],[103.9565996,1.3544835],[103.956594,1.3548121],[103.9565053,1.3548106],[103.9565032,1.354938],[103.9575519,1.3549558],[103.9575592,1.354526],[103.9572209,1.3545203],[103.9572229,1.354405],[103.9573302,1.3544068],[103.9573305,1.3543874],[103.9575739,1.3543915],[103.9575801,1.354026],[103.9572599,1.3540206],[103.9572596,1.354034],[103.9572192,1.3540333],[103.9572188,1.3540537],[103.9569874,1.3540498],[103.9569836,1.3542742],[103.9569387,1.3542735],[103.9569427,1.354037],[103.9566176,1.3540315],[103.9566185,1.3539792],[103.9565146,1.3539774],[103.9565135,1.3540417],[103.9564238,1.354043],[103.9564167,1.3538656],[103.9563498,1.3538682],[103.9563486,1.3540653],[103.9564263,1.3540659],[103.9564244,1.3544062],[103.9564992,1.3544075],[103.956498,1.3544818]],[[103.9572195,1.3541369],[103.9574549,1.3541387],[103.957454,1.3542622],[103.9573249,1.3542612],[103.9573252,1.3542111],[103.957219,1.3542103],[103.9572195,1.3541369]],[[103.9566297,1.3545329],[103.9566573,1.3545823],[103.9566946,1.3546031],[103.956745,1.3546042],[103.9567889,1.35459],[103.9568261,1.3545659],[103.9568525,1.3545286],[103.95687,1.3544837],[103.9568905,1.3544859],[103.9568922,1.3544065],[103.9569304,1.3544073],[103.9569324,1.354314],[103.9570049,1.3543156],[103.9570028,1.3544115],[103.9571791,1.3544154],[103.957176,1.3545563],[103.9571526,1.3545558],[103.9571466,1.3548293],[103.9570648,1.3548275],[103.9570677,1.3546951],[103.9569813,1.3546932],[103.9569802,1.3547434],[103.9569295,1.3547423],[103.9569279,1.3548135],[103.9566914,1.3548083],[103.9566933,1.3547206],[103.9566256,1.3547192],[103.9566297,1.3545329]],[[103.957187,1.3547426],[103.9571867,1.3546411],[103.9574404,1.3546405],[103.9574408,1.3548243],[103.9572403,1.3548247],[103.9572401,1.3547425],[103.957187,1.3547426]]]}},{"type":"Feature","id":"way/72691210-0","properties":{"addr:city":"Singapore","addr:country":"SG","addr:housenumber":"298","addr:postcode":"520298","addr:street":"Tampines Street 22","building":"apartments","building:levels":"11","building:use":"residential","clearanceGeometry":{"type":"Polygon","coordinates":[[[103.9546724,1.3516923],[103.9544021,1.3514156],[103.9543043,1.3514954],[103.9546165,1.3518284],[103.9547982,1.351819],[103.9551897,1.3515281],[103.9551105,1.3514156],[103.9547656,1.3516876],[103.9546724,1.3516923]]]},"clearanceHeight":1.7,"clearancePrepared":true},"geometry":{"type":"Polygon","coordinates":[[[103.9547656,1.3516876],[103.9546724,1.3516923],[103.9544021,1.3514156],[103.9543043,1.3514954],[103.9546165,1.3518284],[103.9547982,1.351819],[103.9551897,1.3515281],[103.9551105,1.3514156],[103.9547656,1.3516876]]]}},{"type":"Feature","id":"way/76191064-0","properties":{"addr:city":"Singapore","addr:country":"SG","addr:housenumber":"211","addr:postcode":"520211","addr:street":"Tampines Street 23","building":"residential","building:colour":"white","building:levels":"12","residential":"HDB","roof:colour":"grey","clearanceGeometry":{"type":"Polygon","coordinates":[[[103.9547005,1.353953],[103.9547005,1.3539899],[103.9546479,1.3539898],[103.9546478,1.3540969],[103.9546651,1.354097],[103.9546651,1.3540816],[103.9546913,1.3540816],[103.9546912,1.3540971],[103.9547723,1.3540972],[103.9547723,1.3540693],[103.9547938,1.3540693],[103.9547937,1.3540964],[103.9548827,1.3540965],[103.9548828,1.3540681],[103.9549041,1.3540681],[103.9549311,1.3540888],[103.9549176,1.3541059],[103.9549045,1.354106],[103.9549048,1.3541746],[103.95493,1.3541745],[103.9549301,1.3541949],[103.9549054,1.354195],[103.9549057,1.3542626],[103.9549174,1.3542626],[103.9549336,1.354279],[103.9548983,1.3543138],[103.9548824,1.3542977],[103.9548823,1.3542855],[103.9548205,1.3542849],[103.9548203,1.3543009],[103.9547918,1.3543006],[103.9547919,1.3542864],[103.9547713,1.3542862],[103.9547702,1.3543945],[103.9548256,1.354395],[103.9548253,1.3544264],[103.9548597,1.3544268],[103.9548599,1.354407],[103.9549273,1.3544077],[103.9550269,1.3543023],[103.9550269,1.354253],[103.9550479,1.354253],[103.9550481,1.3541126],[103.9550272,1.3541125],[103.9550273,1.3540525],[103.9549223,1.3539533],[103.9547005,1.353953]]]},"clearanceHeight":1.7,"clearancePrepared":true},"geometry":{"type":"Polygon","coordinates":[[[103.9549223,1.3539533],[103.9547005,1.353953],[103.9547005,1.3539899],[103.9546479,1.3539898],[103.9546478,1.3540969],[103.9546651,1.354097],[103.9546651,1.3540816],[103.9546913,1.3540816],[103.9546912,1.3540971],[103.9547723,1.3540972],[103.9547723,1.3540693],[103.9547938,1.3540693],[103.9547937,1.3540964],[103.9548827,1.3540965],[103.9548828,1.3540681],[103.9549041,1.3540681],[103.9549311,1.3540888],[103.9549176,1.3541059],[103.9549045,1.354106],[103.9549048,1.3541746],[103.95493,1.3541745],[103.9549301,1.3541949],[103.9549054,1.354195],[103.9549057,1.3542626],[103.9549174,1.3542626],[103.9549336,1.354279],[103.9548983,1.3543138],[103.9548824,1.3542977],[103.9548823,1.3542855],[103.9548205,1.3542849],[103.9548203,1.3543009],[103.9547918,1.3543006],[103.9547919,1.3542864],[103.9547713,1.3542862],[103.9547702,1.3543945],[103.9548256,1.354395],[103.9548253,1.3544264],[103.9548597,1.3544268],[103.9548599,1.354407],[103.9549273,1.3544077],[103.9550269,1.3543023],[103.9550269,1.354253],[103.9550479,1.354253],[103.9550481,1.3541126],[103.9550272,1.3541125],[103.9550273,1.3540525],[103.9549223,1.3539533]]]}},{"type":"Feature","id":"way/76191073-0","properties":{"addr:city":"Singapore","addr:country":"SG","addr:housenumber":"227","addr:postcode":"521227","addr:street":"Tampines Street 23","building":"residential","building:colour":"white","building:levels":"12","residential":"HDB","roof:colour":"grey","clearanceGeometry":{"type":"Polygon","coordinates":[[[103.9549887,1.3547584],[103.9550121,1.3547578],[103.9550118,1.3547749],[103.9550336,1.3547963],[103.9550497,1.3547946],[103.955047,1.3548503],[103.9550232,1.3548497],[103.9550212,1.3549352],[103.955045,1.3549357],[103.9550453,1.3550092],[103.955022,1.3550095],[103.9550234,1.3550967],[103.9550467,1.3550963],[103.9550474,1.3551533],[103.9550303,1.3551536],[103.9550085,1.3551737],[103.9550098,1.3551885],[103.954986,1.3551878],[103.954987,1.3551617],[103.9548576,1.3551607],[103.9548579,1.3552713],[103.9549079,1.3552729],[103.9549116,1.3553055],[103.9550785,1.3553065],[103.955106,1.3552773],[103.9551485,1.3553148],[103.9551662,1.3552947],[103.9551238,1.3552572],[103.9551634,1.3552193],[103.955167,1.3547229],[103.9551322,1.354687],[103.9551776,1.3546416],[103.9551592,1.3546232],[103.9551137,1.3546686],[103.9550842,1.3546425],[103.9549126,1.3546374],[103.9549119,1.354677],[103.9548583,1.3546797],[103.9548562,1.3547829],[103.9549877,1.3547846],[103.9549887,1.3547584]]]},"clearanceHeight":1.7,"clearancePrepared":true},"geometry":{"type":"Polygon","coordinates":[[[103.9549877,1.3547846],[103.9549887,1.3547584],[103.9550121,1.3547578],[103.9550118,1.3547749],[103.9550336,1.3547963],[103.9550497,1.3547946],[103.955047,1.3548503],[103.9550232,1.3548497],[103.9550212,1.3549352],[103.955045,1.3549357],[103.9550453,1.3550092],[103.955022,1.3550095],[103.9550234,1.3550967],[103.9550467,1.3550963],[103.9550474,1.3551533],[103.9550303,1.3551536],[103.9550085,1.3551737],[103.9550098,1.3551885],[103.954986,1.3551878],[103.954987,1.3551617],[103.9548576,1.3551607],[103.9548579,1.3552713],[103.9549079,1.3552729],[103.9549116,1.3553055],[103.9550785,1.3553065],[103.955106,1.3552773],[103.9551485,1.3553148],[103.9551662,1.3552947],[103.9551238,1.3552572],[103.9551634,1.3552193],[103.955167,1.3547229],[103.9551322,1.354687],[103.9551776,1.3546416],[103.9551592,1.3546232],[103.9551137,1.3546686],[103.9550842,1.3546425],[103.9549126,1.3546374],[103.9549119,1.354677],[103.9548583,1.3546797],[103.9548562,1.3547829],[103.9549877,1.3547846]]]}},{"type":"Feature","id":"way/76191118-0","properties":{"addr:city":"Singapore","addr:country":"SG","addr:housenumber":"228","addr:postcode":"521228","addr:street":"Tampines Street 23","building":"residential","building:colour":"white","building:levels":"4","residential":"HDB","roof:colour":"blue","clearanceGeometry":{"type":"Polygon","coordinates":[[[103.9546658,1.3559198],[103.9547006,1.3559198],[103.9547007,1.3558474],[103.954753,1.3558475],[103.954753,1.355824],[103.9547248,1.355824],[103.9547248,1.3557362],[103.9547107,1.3557362],[103.9547108,1.3556081],[103.9547248,1.3556081],[103.9547248,1.3555331],[103.9547563,1.3555331],[103.9547563,1.3555096],[103.9547241,1.3555096],[103.9547242,1.3553849],[103.9546978,1.3553849],[103.9546978,1.3553172],[103.9546658,1.3553172],[103.9546658,1.3552619],[103.9545565,1.3552618],[103.9545564,1.3553882],[103.9545773,1.3553883],[103.9545773,1.3554975],[103.9546055,1.3554976],[103.9546054,1.3555478],[103.954578,1.3555478],[103.9545779,1.3556329],[103.9546028,1.355633],[103.9546027,1.3557127],[103.9545807,1.3557127],[103.9545806,1.3558455],[103.9545561,1.3558454],[103.954556,1.3559711],[103.9546658,1.3559712],[103.9546658,1.3559198]]]},"clearanceHeight":1.7,"clearancePrepared":true},"geometry":{"type":"Polygon","coordinates":[[[103.9546658,1.3559712],[103.9546658,1.3559198],[103.9547006,1.3559198],[103.9547007,1.3558474],[103.954753,1.3558475],[103.954753,1.355824],[103.9547248,1.355824],[103.9547248,1.3557362],[103.9547107,1.3557362],[103.9547108,1.3556081],[103.9547248,1.3556081],[103.9547248,1.3555331],[103.9547563,1.3555331],[103.9547563,1.3555096],[103.9547241,1.3555096],[103.9547242,1.3553849],[103.9546978,1.3553849],[103.9546978,1.3553172],[103.9546658,1.3553172],[103.9546658,1.3552619],[103.9545565,1.3552618],[103.9545564,1.3553882],[103.9545773,1.3553883],[103.9545773,1.3554975],[103.9546055,1.3554976],[103.9546054,1.3555478],[103.954578,1.3555478],[103.9545779,1.3556329],[103.9546028,1.355633],[103.9546027,1.3557127],[103.9545807,1.3557127],[103.9545806,1.3558455],[103.9545561,1.3558454],[103.954556,1.3559711],[103.9546658,1.3559712]]]}},{"type":"Feature","id":"way/82515295-0","properties":{"addr:city":"Singapore","addr:country":"SG","addr:housenumber":"301","addr:postcode":"520301","addr:street":"Tampines Street 32","building":"apartments","building:levels":"12","building:use":"residential","clearanceGeometry":{"type":"Polygon","coordinates":[[[103.9555858,1.3534361],[103.9555563302154,1.353358465313216],[103.95554500828678,1.353351440261117],[103.95551391389627,1.353277337920509],[103.95552393863893,1.35327313350886],[103.9554206,1.3530009],[103.955304,1.3530401],[103.9555032,1.3535535],[103.9559891,1.3535535],[103.9559794,1.3534313],[103.9555858,1.3534361]]]},"clearanceHeight":1.7,"clearancePrepared":true},"geometry":{"type":"Polygon","coordinates":[[[103.9559794,1.3534313],[103.9555858,1.3534361],[103.9554206,1.3530009],[103.955304,1.3530401],[103.9555032,1.3535535],[103.9559891,1.3535535],[103.9559794,1.3534313]]]}},{"type":"Feature","id":"way/82515296-0","properties":{"addr:city":"Singapore","addr:country":"SG","addr:housenumber":"306","addr:postcode":"520306","addr:street":"Tampines Street 32","building":"apartments","building:levels":"12","building:use":"residential","clearanceGeometry":{"type":"Polygon","coordinates":[[[103.9558967,1.35317],[103.9557522,1.3531696],[103.9557602,1.3532289],[103.9557484,1.3532289],[103.9557581,1.3532812],[103.9559918,1.3532819],[103.955993,1.3528903],[103.9555483,1.3528894],[103.9555579,1.3529379],[103.9555507,1.3529379],[103.9555573,1.3529882],[103.9558973,1.3529893],[103.9558967,1.35317]]]},"clearanceHeight":1.7,"clearancePrepared":true},"geometry":{"type":"Polygon","coordinates":[[[103.9558973,1.3529893],[103.9558967,1.35317],[103.9557522,1.3531696],[103.9557602,1.3532289],[103.9557484,1.3532289],[103.9557581,1.3532812],[103.9559918,1.3532819],[103.955993,1.3528903],[103.9555483,1.3528894],[103.9555579,1.3529379],[103.9555507,1.3529379],[103.9555573,1.3529882],[103.9558973,1.3529893]]]}},{"type":"Feature","id":"way/82515297-0","properties":{"addr:city":"Singapore","addr:country":"SG","addr:housenumber":"302","addr:postcode":"520302","addr:street":"Tampines Street 32","building":"apartments","building:levels":"12","building:use":"residential","clearanceGeometry":{"type":"Polygon","coordinates":[[[103.9551583,1.3523603],[103.9553235,1.3522577],[103.955372,1.3523359],[103.9554935,1.3522772],[103.9553575,1.3521012],[103.9549931,1.3523163],[103.9552603,1.352952],[103.9553818,1.3528934],[103.9551583,1.3523603]]]},"clearanceHeight":1.7,"clearancePrepared":true},"geometry":{"type":"Polygon","coordinates":[[[103.9553818,1.3528934],[103.9551583,1.3523603],[103.9553235,1.3522577],[103.955372,1.3523359],[103.9554935,1.3522772],[103.9553575,1.3521012],[103.9549931,1.3523163],[103.9552603,1.352952],[103.9553818,1.3528934]]]}},{"type":"Feature","id":"way/82515298-0","properties":{"addr:city":"Singapore","addr:country":"SG","addr:housenumber":"303","addr:postcode":"520303","addr:street":"Tampines Street 32","building":"apartments","building:levels":"12","building:use":"residential","clearanceGeometry":{"type":"Polygon","coordinates":[[[103.9557219,1.3521061],[103.9556539,1.3520229],[103.955785,1.3519105],[103.9559114,1.3520767],[103.9560037,1.3520131],[103.9557996,1.3517638],[103.9554838,1.3520034],[103.9556198,1.3521647],[103.95568161262642,1.3521582110121604],[103.9556842322899,1.352112583487822],[103.95572020443224,1.3521146477591317],[103.9557219,1.3521061]]]},"clearanceHeight":1.7,"clearancePrepared":true},"geometry":{"type":"Polygon","coordinates":[[[103.9557122,1.352155],[103.9557219,1.3521061],[103.9556539,1.3520229],[103.955785,1.3519105],[103.9559114,1.3520767],[103.9560037,1.3520131],[103.9557996,1.3517638],[103.9554838,1.3520034],[103.9556198,1.3521647],[103.9557122,1.352155]]]}},{"type":"Feature","id":"way/82515299-0","properties":{"addr:city":"Singapore","addr:country":"SG","addr:housenumber":"305","addr:postcode":"520305","addr:street":"Tampines Street 32","building":"apartments","building:levels":"12","building:use":"residential","clearanceGeometry":{"type":"Polygon","coordinates":[[[103.9559963,1.3523864],[103.955996,1.3524298],[103.9559633,1.3524295],[103.9559635,1.3523888],[103.955705,1.3523869],[103.9557047,1.3524323],[103.9556697,1.3524321],[103.95567,1.3523897],[103.9555618,1.352389],[103.9555609,1.3525223],[103.9554808,1.3525217],[103.9554801,1.3526145],[103.9555922,1.3526153],[103.955592,1.3526361],[103.9555599,1.3526358],[103.9555591,1.3527466],[103.9556692,1.3527474],[103.9556695,1.3527038],[103.9557105,1.3527041],[103.9557102,1.3527452],[103.955808,1.3527459],[103.9558087,1.3526484],[103.9556765,1.3526474],[103.9556776,1.3524852],[103.956257,1.3524894],[103.9562578,1.3523883],[103.9559963,1.3523864]]]},"clearanceHeight":1.7,"clearancePrepared":true},"geometry":{"type":"Polygon","coordinates":[[[103.9562578,1.3523883],[103.9559963,1.3523864],[103.955996,1.3524298],[103.9559633,1.3524295],[103.9559635,1.3523888],[103.955705,1.3523869],[103.9557047,1.3524323],[103.9556697,1.3524321],[103.95567,1.3523897],[103.9555618,1.352389],[103.9555609,1.3525223],[103.9554808,1.3525217],[103.9554801,1.3526145],[103.9555922,1.3526153],[103.955592,1.3526361],[103.9555599,1.3526358],[103.9555591,1.3527466],[103.9556692,1.3527474],[103.9556695,1.3527038],[103.9557105,1.3527041],[103.9557102,1.3527452],[103.955808,1.3527459],[103.9558087,1.3526484],[103.9556765,1.3526474],[103.9556776,1.3524852],[103.956257,1.3524894],[103.9562578,1.3523883]]]}},{"type":"Feature","id":"way/82515300-0","properties":{"addr:city":"Singapore","addr:country":"SG","addr:housenumber":"307","addr:postcode":"520307","addr:street":"Tampines Street 32","building":"apartments","building:levels":"12","building:use":"residential","clearanceGeometry":{"type":"Polygon","coordinates":[[[103.9565732,1.3530668],[103.9565743,1.3526337],[103.9564649,1.3526334],[103.956464,1.3529638],[103.9562772,1.3529634],[103.95627752287457,1.352845227908473],[103.95618293325423,1.352844499495555],[103.9561824,1.3530658],[103.9565732,1.3530668]]]},"clearanceHeight":1.7,"clearancePrepared":true},"geometry":{"type":"Polygon","coordinates":[[[103.9561824,1.3530658],[103.9565732,1.3530668],[103.9565743,1.3526337],[103.9564649,1.3526334],[103.956464,1.3529638],[103.9562772,1.3529634],[103.9562776,1.352817],[103.956183,1.3528168],[103.9561824,1.3530658]]]}},{"type":"Feature","id":"way/82515301-0","properties":{"addr:city":"Singapore","addr:country":"SG","addr:housenumber":"304","addr:postcode":"520304","addr:street":"Tampines Street 32","building":"apartments","building:levels":"12","building:use":"residential","clearanceGeometry":{"type":"Polygon","coordinates":[[[103.95656,1.3520592],[103.9561148,1.3520648],[103.9561161,1.3521644],[103.9564472,1.3521602],[103.9564493,1.3523301],[103.9563043,1.3523319],[103.9563055,1.3524329],[103.9565647,1.3524296],[103.95656,1.3520592]]]},"clearanceHeight":1.7,"clearancePrepared":true},"geometry":{"type":"Polygon","coordinates":[[[103.9565647,1.3524296],[103.95656,1.3520592],[103.9561148,1.3520648],[103.9561161,1.3521644],[103.9564472,1.3521602],[103.9564493,1.3523301],[103.9563043,1.3523319],[103.9563055,1.3524329],[103.9565647,1.3524296]]]}},{"type":"Feature","id":"way/82515302-0","properties":{"addr:city":"Singapore","addr:country":"SG","addr:housenumber":"311","addr:postcode":"520311","addr:street":"Tampines Street 33","building":"apartments","building:levels":"12","building:use":"residential","clearanceGeometry":{"type":"Polygon","coordinates":[[[103.9574713,1.3536028],[103.9575127,1.3536032],[103.9575126,1.3536139],[103.957627,1.353615],[103.9576279,1.3535261],[103.9575974,1.3535258],[103.9575976,1.3535075],[103.9577245,1.3535087],[103.9577255,1.353402],[103.9576318,1.3534011],[103.9576333,1.3532362],[103.957557,1.3532354],[103.9575565,1.3532847],[103.957502,1.3532842],[103.9575021,1.3532669],[103.9574025,1.353266],[103.95740142761541,1.3533824430942678],[103.95745631586932,1.3533836863684756],[103.95745601817363,1.3533968224825608],[103.9575165,1.3533974],[103.9575155,1.353501],[103.9573446,1.3534994],[103.9573435,1.3536217],[103.9574711,1.3536229],[103.9574713,1.3536028]]]},"clearanceHeight":1.7,"clearancePrepared":true},"geometry":{"type":"Polygon","coordinates":[[[103.9574711,1.3536229],[103.9574713,1.3536028],[103.9575127,1.3536032],[103.9575126,1.3536139],[103.957627,1.353615],[103.9576279,1.3535261],[103.9575974,1.3535258],[103.9575976,1.3535075],[103.9577245,1.3535087],[103.9577255,1.353402],[103.9576318,1.3534011],[103.9576333,1.3532362],[103.957557,1.3532354],[103.9575565,1.3532847],[103.957502,1.3532842],[103.9575021,1.3532669],[103.9574025,1.353266],[103.9574013,1.3533963],[103.9575165,1.3533974],[103.9575155,1.353501],[103.9573446,1.3534994],[103.9573435,1.3536217],[103.9574711,1.3536229]]]}},{"type":"Feature","id":"way/82515303-0","properties":{"addr:city":"Singapore","addr:country":"SG","addr:housenumber":"310","addr:postcode":"520310","addr:street":"Tampines Street 32","building":"apartments","building:levels":"12","building:use":"residential","clearanceGeometry":{"type":"Polygon","coordinates":[[[103.9571262,1.3534192],[103.9571258,1.3534974],[103.95706477436609,1.353497163160541],[103.9570648057161,1.3535033234796936],[103.95704847221779,1.3535034065595426],[103.9570482,1.3535652],[103.9573053,1.3535663],[103.9573057487118,1.3534532694969212],[103.95729153614465,1.3534303107344912],[103.9572908263801,1.3533143352075299],[103.9570436,1.3533133],[103.9570432,1.3534189],[103.9571262,1.3534192]]]},"clearanceHeight":1.7,"clearancePrepared":true},"geometry":{"type":"Polygon","coordinates":[[[103.9570432,1.3534189],[103.9571262,1.3534192],[103.9571258,1.3534974],[103.9570485,1.3534971],[103.9570482,1.3535652],[103.9573053,1.3535663],[103.9573063,1.3533144],[103.9570436,1.3533133],[103.9570432,1.3534189]]]}},{"type":"Feature","id":"way/82515304-0","properties":{"addr:city":"Singapore","addr:country":"SG","addr:housenumber":"309","addr:postcode":"520309","addr:street":"Tampines Street 32","building":"apartments","building:levels":"12","building:use":"residential","clearanceGeometry":{"type":"Polygon","coordinates":[[[103.9568126,1.353397],[103.9569025,1.353397],[103.9569025,1.353331],[103.9567252,1.3533311],[103.9567252,1.3535707],[103.9569803,1.3535706],[103.9569803,1.3535037533154826],[103.9569665060311,1.3535038234780916],[103.95686850634584,1.3535043234764856],[103.95686840770713,1.353485],[103.9568127,1.353485],[103.9568126,1.353397]]]},"clearanceHeight":1.7,"clearancePrepared":true},"geometry":{"type":"Polygon","coordinates":[[[103.9568127,1.353485],[103.9568126,1.353397],[103.9569025,1.353397],[103.9569025,1.353331],[103.9567252,1.3533311],[103.9567252,1.3535707],[103.9569803,1.3535706],[103.9569803,1.353485],[103.9568127,1.353485]]]}},{"type":"Feature","id":"way/82515305-0","properties":{"access":"yes","addr:city":"Singapore","addr:country":"SG","addr:housenumber":"307A","addr:street":"Tampines Street 32","amenity":"parking","building":"yes","building:levels":"5","building:use":"carpark","capacity":"809","charge":"$0.60 per half-hour","fee":"yes","parking":"multi-storey","clearanceGeometry":{"type":"Polygon","coordinates":[[[103.9565749,1.3531677],[103.9561521,1.3531666],[103.95615181926213,1.353261770138359],[103.95615251780751,1.3532617842662429],[103.9561517,1.3533022],[103.9561508,1.3536432],[103.9565737,1.3536443],[103.9565749,1.3531677]]]},"clearanceHeight":1.7,"clearancePrepared":true},"geometry":{"type":"Polygon","coordinates":[[[103.9565737,1.3536443],[103.9565749,1.3531677],[103.9561521,1.3531666],[103.9561517,1.3533022],[103.9561508,1.3536432],[103.9565737,1.3536443]]]}},{"type":"Feature","id":"way/82515306-0","properties":{"addr:city":"Singapore","addr:country":"SG","addr:housenumber":"308","addr:postcode":"520308","addr:street":"Tampines Street 32","building":"apartments","building:levels":"12","building:use":"residential","clearanceGeometry":{"type":"Polygon","coordinates":[[[103.9569163,1.3530063],[103.9569979,1.3530054],[103.9569966,1.3528904],[103.956908,1.3528914],[103.9569067,1.3527793],[103.9566321,1.3527825],[103.9566336,1.3529115],[103.9568143,1.3529094],[103.9568158,1.3530418],[103.9566905,1.3530432],[103.9566918,1.3531587],[103.956918,1.3531561],[103.9569163,1.3530063]]]},"clearanceHeight":1.7,"clearancePrepared":true},"geometry":{"type":"Polygon","coordinates":[[[103.956918,1.3531561],[103.9569163,1.3530063],[103.9569979,1.3530054],[103.9569966,1.3528904],[103.956908,1.3528914],[103.9569067,1.3527793],[103.9566321,1.3527825],[103.9566336,1.3529115],[103.9568143,1.3529094],[103.9568158,1.3530418],[103.9566905,1.3530432],[103.9566918,1.3531587],[103.956918,1.3531561]]]}},{"type":"Feature","id":"way/82515307-0","properties":{"addr:city":"Singapore","addr:country":"SG","addr:housenumber":"311A","addr:street":"Tampines Street 33","amenity":"parking","building":"yes","building:levels":"4","building:use":"carpark","parking":"multi-storey","clearanceGeometry":{"type":"Polygon","coordinates":[[[103.9577583,1.3525711],[103.957714419155,1.3525709589040353],[103.95771434627359,1.3525901237107212],[103.95747834184681,1.3525892266655606],[103.95747742368533,1.3528896324067878],[103.95747930370146,1.3528897256615562],[103.9574773,1.3529301],[103.9574768,1.3531127],[103.95757076941351,1.3531130021524551],[103.95775672223468,1.3531060610563652],[103.9577583,1.3525711]]]},"clearanceHeight":1.7,"clearancePrepared":true},"geometry":{"type":"Polygon","coordinates":[[[103.9577567,1.3531136],[103.9577583,1.3525711],[103.9574784,1.3525702],[103.9574773,1.3529301],[103.9574768,1.3531127],[103.9577567,1.3531136]]]}},{"type":"Feature","id":"way/82515308-0","properties":{"addr:city":"Singapore","addr:country":"SG","addr:housenumber":"312","addr:postcode":"520312","addr:street":"Tampines Street 33","building":"apartments","building:levels":"12","building:use":"residential","clearanceGeometry":{"type":"Polygon","coordinates":[[[103.9571708,1.3527457],[103.9571687,1.352623],[103.9572974,1.3526208],[103.95729506828471,1.3524899441380538],[103.95705679593192,1.3524900943254807],[103.9570593,1.3526309],[103.9569574,1.3526327],[103.9569594,1.3527499],[103.9570547,1.3527482],[103.9570564,1.352842],[103.9573309,1.3528372],[103.9573293,1.3527429],[103.9571708,1.3527457]]]},"clearanceHeight":1.7,"clearancePrepared":true},"geometry":{"type":"Polygon","coordinates":[[[103.9573293,1.3527429],[103.9571708,1.3527457],[103.9571687,1.352623],[103.9572974,1.3526208],[103.9572949,1.3524805],[103.9570567,1.3524847],[103.9570593,1.3526309],[103.9569574,1.3526327],[103.9569594,1.3527499],[103.9570547,1.3527482],[103.9570564,1.352842],[103.9573309,1.3528372],[103.9573293,1.3527429]]]}},{"type":"Feature","id":"way/82515309-0","properties":{"addr:city":"Singapore","addr:country":"SG","addr:housenumber":"315","addr:postcode":"520315","addr:street":"Tampines Street 33","building":"apartments","building:levels":"12","building:use":"residential","clearanceGeometry":{"type":"Polygon","coordinates":[[[103.9576586,1.3522621],[103.9577425,1.3522629],[103.9577437,1.3521309],[103.9576698,1.3521302],[103.9576706,1.3520364],[103.9573817,1.3520338],[103.9573805,1.3521543],[103.9575395,1.3521557],[103.9575385,1.3522655],[103.9574278,1.3522645],[103.9574267,1.3523764],[103.9576575,1.3523785],[103.9576586,1.3522621]]]},"clearanceHeight":1.7,"clearancePrepared":true},"geometry":{"type":"Polygon","coordinates":[[[103.9576575,1.3523785],[103.9576586,1.3522621],[103.9577425,1.3522629],[103.9577437,1.3521309],[103.9576698,1.3521302],[103.9576706,1.3520364],[103.9573817,1.3520338],[103.9573805,1.3521543],[103.9575395,1.3521557],[103.9575385,1.3522655],[103.9574278,1.3522645],[103.9574267,1.3523764],[103.9576575,1.3523785]]]}},{"type":"Feature","id":"way/82515310-0","properties":{"addr:city":"Singapore","addr:country":"SG","addr:housenumber":"314","addr:postcode":"520314","addr:street":"Tampines Street 33","building":"apartments","building:levels":"12","building:use":"residential","clearanceGeometry":{"type":"Polygon","coordinates":[[[103.9572815,1.3520376],[103.9570191,1.3520376],[103.9570191,1.3521379],[103.9571236,1.3521378],[103.9571236,1.3522503],[103.9570671,1.3522503645714286],[103.9570671,1.3522583240028747],[103.95703610926783,1.3522583240028747],[103.9570362,1.3523359],[103.9572816,1.3523359],[103.9572815,1.3520376]]]},"clearanceHeight":1.7,"clearancePrepared":true},"geometry":{"type":"Polygon","coordinates":[[[103.9572816,1.3523359],[103.9572815,1.3520376],[103.9570191,1.3520376],[103.9570191,1.3521379],[103.9571236,1.3521378],[103.9571236,1.3522503],[103.9570361,1.3522504],[103.9570362,1.3523359],[103.9572816,1.3523359]]]}},{"type":"Feature","id":"way/82515311-0","properties":{"addr:city":"Singapore","addr:country":"SG","addr:housenumber":"313","addr:postcode":"520313","addr:street":"Tampines Street 33","building":"apartments","building:levels":"12","building:use":"residential","clearanceGeometry":{"type":"Polygon","coordinates":[[[103.9567997,1.3522494],[103.9568013,1.3521415],[103.9569723,1.3521439],[103.9569736,1.3520518],[103.9567005,1.3520479],[103.9566964,1.3523268],[103.9569335,1.3523303],[103.95693451297308,1.3522636970201152],[103.95693442467797,1.3522583240028747],[103.9568615,1.3522583240028747],[103.9568615,1.3522503155555556],[103.9567997,1.3522494]]]},"clearanceHeight":1.7,"clearancePrepared":true},"geometry":{"type":"Polygon","coordinates":[[[103.9569347,1.3522514],[103.9567997,1.3522494],[103.9568013,1.3521415],[103.9569723,1.3521439],[103.9569736,1.3520518],[103.9567005,1.3520479],[103.9566964,1.3523268],[103.9569335,1.3523303],[103.9569347,1.3522514]]]}},{"type":"Feature","id":"way/82515313-0","properties":{"addr:city":"Singapore","addr:country":"SG","addr:housenumber":"317","addr:postcode":"520317","addr:street":"Tampines Street 33","building":"apartments","building:levels":"10","building:use":"residential","clearanceGeometry":{"type":"Polygon","coordinates":[[[103.9566841,1.3517666],[103.9566837,1.3515637],[103.9569756,1.3515629],[103.9569752,1.3514367],[103.9567801,1.3514372],[103.9567800110696,1.3513782391482643],[103.95664020905285,1.3513773016199468],[103.9566403,1.3514386],[103.9565594,1.3514388],[103.9565606,1.3519013],[103.9570193,1.3519001],[103.9570189,1.3517658],[103.9566841,1.3517666]]]},"clearanceHeight":1.7,"clearancePrepared":true},"geometry":{"type":"Polygon","coordinates":[[[103.9570189,1.3517658],[103.9566841,1.3517666],[103.9566837,1.3515637],[103.9569756,1.3515629],[103.9569752,1.3514367],[103.9567801,1.3514372],[103.95678,1.3513709],[103.9566402,1.3513712],[103.9566403,1.3514386],[103.9565594,1.3514388],[103.9565606,1.3519013],[103.9570193,1.3519001],[103.9570189,1.3517658]]]}},{"type":"Feature","id":"way/82515314-0","properties":{"addr:city":"Singapore","addr:country":"SG","addr:housenumber":"316A","addr:street":"Tampines Street 33","amenity":"parking","building":"yes","building:levels":"4","building:use":"carpark","parking":"multi-storey","clearanceGeometry":{"type":"Polygon","coordinates":[[[103.957367,1.3512926],[103.95727514938253,1.351293571964206],[103.957275126991,1.3512947609546417],[103.9572347,1.351294],[103.9570755,1.3512956],[103.9570764166906,1.3513872151372708],[103.95707862102562,1.3514736699036194],[103.95707728208855,1.3514737040253224],[103.95707730819544,1.3514763131785925],[103.9570785997831,1.3514763664554457],[103.95707756066341,1.351501545125003],[103.9570823,1.3519752],[103.9573739,1.3519723],[103.957367,1.3512926]]]},"clearanceHeight":1.7,"clearancePrepared":true},"geometry":{"type":"Polygon","coordinates":[[[103.9573739,1.3519723],[103.957367,1.3512926],[103.9572347,1.351294],[103.9570755,1.3512956],[103.9570823,1.3519752],[103.9573739,1.3519723]]]}},{"type":"Feature","id":"way/82515316-0","properties":{"addr:city":"Singapore","addr:country":"SG","addr:housenumber":"316","addr:postcode":"520316","addr:street":"Tampines Street 33","building":"apartments","building:levels":"10","building:use":"residential","clearanceGeometry":{"type":"Polygon","coordinates":[[[103.9579865,1.3513581],[103.9577699,1.3513577],[103.9577697,1.3514436],[103.9575682,1.3514432],[103.9575681,1.351541],[103.9578599,1.3515415],[103.9578594,1.3517543],[103.9575246,1.3517537],[103.9575244,1.3518611],[103.9579856,1.351862],[103.9579865,1.3513581]]]},"clearanceHeight":1.7,"clearancePrepared":true},"geometry":{"type":"Polygon","coordinates":[[[103.9579856,1.351862],[103.9579865,1.3513581],[103.9577699,1.3513577],[103.9577697,1.3514436],[103.9575682,1.3514432],[103.9575681,1.351541],[103.9578599,1.3515415],[103.9578594,1.3517543],[103.9575246,1.3517537],[103.9575244,1.3518611],[103.9579856,1.351862]]]}},{"type":"Feature","id":"way/82515320-0","properties":{"addr:city":"Singapore","addr:country":"SG","addr:housenumber":"323","addr:postcode":"520323","addr:street":"Tampines Street 33","building":"apartments","building:levels":"10","building:use":"residential","clearanceGeometry":{"type":"Polygon","coordinates":[[[103.9584783,1.3519617],[103.958492,1.3519725],[103.9585247,1.3519394],[103.9585093,1.3519261],[103.958549,1.3518902],[103.9585427,1.3516443],[103.9583483,1.3514585],[103.9582269,1.3514585],[103.9582269,1.3515758],[103.9583192,1.3515758],[103.9584212,1.3516981],[103.9584163,1.3518692],[103.9580471,1.3518643],[103.9580422,1.3519768],[103.9584606,1.3519806],[103.9584783,1.3519617]]]},"clearanceHeight":1.7,"clearancePrepared":true},"geometry":{"type":"Polygon","coordinates":[[[103.9584606,1.3519806],[103.9584783,1.3519617],[103.958492,1.3519725],[103.9585247,1.3519394],[103.9585093,1.3519261],[103.958549,1.3518902],[103.9585427,1.3516443],[103.9583483,1.3514585],[103.9582269,1.3514585],[103.9582269,1.3515758],[103.9583192,1.3515758],[103.9584212,1.3516981],[103.9584163,1.3518692],[103.9580471,1.3518643],[103.9580422,1.3519768],[103.9584606,1.3519806]]]}},{"type":"Feature","id":"way/82515322-0","properties":{"addr:city":"Singapore","addr:country":"SG","addr:housenumber":"318","addr:postcode":"520318","addr:street":"Tampines Street 33","building":"apartments","building:levels":"10","building:use":"residential","clearanceGeometry":{"type":"Polygon","coordinates":[[[103.9561349,1.3512992],[103.9559357,1.351485],[103.9559259,1.3518078],[103.9564458,1.3518078],[103.9564458,1.3517015311775897],[103.95643138007567,1.3517087809738044],[103.95626588147906,1.3517095235957122],[103.95626580594164,1.351692697996055],[103.95626546665825,1.3516927023277086],[103.95626530037218,1.3517095220284772],[103.95616410037218,1.351708522028477],[103.95616424399552,1.3516939946441426],[103.95614856977586,1.3516941947579424],[103.95614343542375,1.3517026051653696],[103.95613003942584,1.3516944313361474],[103.956062,1.3516953],[103.9560668,1.3515241],[103.956164,1.3514263],[103.9562758,1.3514263],[103.9562758,1.3512992],[103.9561349,1.3512992]]]},"clearanceHeight":1.7,"clearancePrepared":true},"geometry":{"type":"Polygon","coordinates":[[[103.9562758,1.3512992],[103.9561349,1.3512992],[103.9559357,1.351485],[103.9559259,1.3518078],[103.9564458,1.3518078],[103.9564458,1.3516904],[103.956062,1.3516953],[103.9560668,1.3515241],[103.956164,1.3514263],[103.9562758,1.3514263],[103.9562758,1.3512992]]]}},{"type":"Feature","id":"way/83358060-0","properties":{"addr:city":"Singapore","addr:country":"SG","addr:housenumber":"326","addr:postcode":"520326","addr:street":"Tampines Street 32","building":"apartments","building:levels":"10","building:use":"residential","clearanceGeometry":{"type":"Polygon","coordinates":[[[103.9586097,1.3529114],[103.9587479,1.3529115],[103.9587483,1.3525595],[103.9588424,1.3525596],[103.9588426,1.3524356],[103.9587428,1.3524355],[103.9587429,1.3523256],[103.9584974,1.3523254],[103.9584974,1.3523991],[103.9584973,1.3524373],[103.9586102,1.3524374],[103.9586097,1.3529114]]]},"clearanceHeight":1.7,"clearancePrepared":true},"geometry":{"type":"Polygon","coordinates":[[[103.9586102,1.3524374],[103.9586097,1.3529114],[103.9587479,1.3529115],[103.9587483,1.3525595],[103.9588424,1.3525596],[103.9588426,1.3524356],[103.9587428,1.3524355],[103.9587429,1.3523256],[103.9584974,1.3523254],[103.9584974,1.3523991],[103.9584973,1.3524373],[103.9586102,1.3524374]]]}},{"type":"Feature","id":"way/83358061-0","properties":{"addr:city":"Singapore","addr:country":"SG","addr:housenumber":"327","addr:postcode":"520327","addr:street":"Tampines Street 32","building":"apartments","building:levels":"10","building:use":"residential","clearanceGeometry":{"type":"Polygon","coordinates":[[[103.9584974,1.3523991],[103.9582192,1.3523988],[103.9582191,1.3524958],[103.958144,1.3524957],[103.9581438,1.3527562],[103.958221,1.3527563],[103.9582208,1.3528739],[103.95847687841751,1.352874189136339],[103.95847998005479,1.352750993263213],[103.9582872,1.3527508],[103.9582874,1.3525062],[103.9584973,1.3525064],[103.9584973,1.3524373],[103.9584974,1.3523991]]]},"clearanceHeight":1.7,"clearancePrepared":true},"geometry":{"type":"Polygon","coordinates":[[[103.9584973,1.3524373],[103.9584974,1.3523991],[103.9582192,1.3523988],[103.9582191,1.3524958],[103.958144,1.3524957],[103.9581438,1.3527562],[103.958221,1.3527563],[103.9582208,1.3528739],[103.9584865,1.3528742],[103.9584867,1.352751],[103.9582872,1.3527508],[103.9582874,1.3525062],[103.9584973,1.3525064],[103.9584973,1.3524373]]]}},{"type":"Feature","id":"way/83358062-0","properties":{"addr:city":"Singapore","addr:country":"SG","addr:housenumber":"329","addr:postcode":"520329","addr:street":"Tampines Street 32","building":"apartments","building:levels":"10","building:use":"residential","clearanceGeometry":{"type":"Polygon","coordinates":[[[103.9587669,1.3535734],[103.958767,1.3534647],[103.95881797635293,1.3534647727194764],[103.95882122750727,1.3534594205833028],[103.95882473324447,1.3532145896817525],[103.9587242,1.3532145],[103.9587243,1.3530756],[103.9586002,1.3530755],[103.9586,1.3532233],[103.9586929,1.3532234],[103.9586937,1.3534349],[103.9584858,1.3534347],[103.9584869,1.3535709],[103.9587669,1.3535734]]]},"clearanceHeight":1.7,"clearancePrepared":true},"geometry":{"type":"Polygon","coordinates":[[[103.9584869,1.3535709],[103.9587669,1.3535734],[103.958767,1.3534647],[103.9588371,1.3534648],[103.9588363,1.3532146],[103.9587242,1.3532145],[103.9587243,1.3530756],[103.9586002,1.3530755],[103.9586,1.3532233],[103.9586929,1.3532234],[103.9586937,1.3534349],[103.9584858,1.3534347],[103.9584869,1.3535709]]]}},{"type":"Feature","id":"way/83358064-0","properties":{"addr:city":"Singapore","addr:country":"SG","addr:housenumber":"328","addr:postcode":"520328","addr:street":"Tampines Street 32","building":"apartments","building:levels":"10","building:use":"residential","clearanceGeometry":{"type":"Polygon","coordinates":[[[103.9582653,1.353433],[103.9582646,1.3532267],[103.95847099078158,1.3532268953533189],[103.95847237092627,1.3531108958744897],[103.9582121,1.3531106],[103.958212,1.3532269],[103.958137,1.3532268],[103.9581377,1.3534612],[103.9581939,1.3534613],[103.9581938,1.3535696],[103.9584869,1.3535709],[103.9584858,1.3534347],[103.9582653,1.353433]]]},"clearanceHeight":1.7,"clearancePrepared":true},"geometry":{"type":"Polygon","coordinates":[[[103.9584858,1.3534347],[103.9582653,1.353433],[103.9582646,1.3532267],[103.9584759,1.3532269],[103.958476,1.3531109],[103.9582121,1.3531106],[103.958212,1.3532269],[103.958137,1.3532268],[103.9581377,1.3534612],[103.9581939,1.3534613],[103.9581938,1.3535696],[103.9584869,1.3535709],[103.9584858,1.3534347]]]}},{"type":"Feature","id":"way/83367653-0","properties":{"addr:city":"Singapore","addr:country":"SG","addr:housenumber":"383","addr:postcode":"520383","addr:street":"Tampines Street 32","building":"apartments","building:levels":"12","building:use":"residential","clearanceGeometry":{"type":"Polygon","coordinates":[[[103.9583307,1.3540248],[103.9583909,1.3540248],[103.9583926,1.3539185],[103.9581218,1.3539214],[103.95811905838437,1.3540315541993984],[103.95817260179258,1.354024886031421],[103.95817383603348,1.3540347916428208],[103.9582174,1.3540355],[103.9582174,1.3540996],[103.95818191116598,1.3540996],[103.95818259820742,1.3541051139685791],[103.9581536,1.3541087253359634],[103.9581536,1.3541923],[103.9584157,1.3541923],[103.9584121,1.3540996],[103.9583307,1.3541032],[103.9583307,1.3540248]]]},"clearanceHeight":1.7,"clearancePrepared":true},"geometry":{"type":"Polygon","coordinates":[[[103.9583307,1.3541032],[103.9583307,1.3540248],[103.9583909,1.3540248],[103.9583926,1.3539185],[103.9581218,1.3539214],[103.958119,1.3540339],[103.9582174,1.3540355],[103.9582174,1.3540996],[103.9581536,1.3540996],[103.9581536,1.3541923],[103.9584157,1.3541923],[103.9584121,1.3540996],[103.9583307,1.3541032]]]}},{"type":"Feature","id":"way/83367655-0","properties":{"addr:city":"Singapore","addr:country":"SG","addr:housenumber":"382","addr:postcode":"520382","addr:street":"Tampines Street 32","building":"apartments","building:levels":"12","building:use":"residential","clearanceGeometry":{"type":"Polygon","coordinates":[[[103.9588794,1.3541939],[103.9588819,1.3540915],[103.9588324,1.3540915],[103.9588324,1.3540167],[103.958928,1.3540167],[103.9589315,1.3539169],[103.9586695,1.3539169],[103.9586695,1.3540167],[103.9587261,1.3540167],[103.9587226,1.3540844],[103.9586234,1.3540844],[103.9586179,1.3541878],[103.9588794,1.3541939]]]},"clearanceHeight":1.7,"clearancePrepared":true},"geometry":{"type":"Polygon","coordinates":[[[103.9586179,1.3541878],[103.9588794,1.3541939],[103.9588819,1.3540915],[103.9588324,1.3540915],[103.9588324,1.3540167],[103.958928,1.3540167],[103.9589315,1.3539169],[103.9586695,1.3539169],[103.9586695,1.3540167],[103.9587261,1.3540167],[103.9587226,1.3540844],[103.9586234,1.3540844],[103.9586179,1.3541878]]]}},{"type":"Feature","id":"way/83367657-0","properties":{"addr:city":"Singapore","addr:country":"SG","addr:housenumber":"384","addr:postcode":"520384","addr:street":"Tampines Street 32","building":"apartments","building:levels":"12","building:use":"residential","clearanceGeometry":{"type":"Polygon","coordinates":[[[103.9578663,1.3539178],[103.9578627,1.3545272],[103.9581177,1.3545272],[103.9581177,1.3544275],[103.9580008,1.3544275],[103.9579937,1.3540319],[103.95810029763136,1.3540338906186995],[103.95810079948885,1.3540338281185698],[103.9581,1.3539214],[103.9578663,1.3539178]]]},"clearanceHeight":1.7,"clearancePrepared":true},"geometry":{"type":"Polygon","coordinates":[[[103.9581,1.3539214],[103.9578663,1.3539178],[103.9578627,1.3545272],[103.9581177,1.3545272],[103.9581177,1.3544275],[103.9580008,1.3544275],[103.9579937,1.3540319],[103.9581008,1.3540339],[103.9581,1.3539214]]]}},{"type":"Feature","id":"way/83367659-0","properties":{"addr:city":"Singapore","addr:country":"SG","addr:housenumber":"384A","addr:street":"Tampines Street 32","amenity":"parking","building":"yes","building:levels":"6","building:use":"carpark","parking":"multi-storey","clearanceGeometry":{"type":"Polygon","coordinates":[[[103.9588492,1.3543214],[103.9582356,1.3543245],[103.9582365,1.3545889],[103.9588532,1.3545907],[103.9588492,1.3543214]]]},"clearanceHeight":1.7,"clearancePrepared":true},"geometry":{"type":"Polygon","coordinates":[[[103.9588532,1.3545907],[103.9588492,1.3543214],[103.9582356,1.3543245],[103.9582365,1.3545889],[103.9588532,1.3545907]]]}},{"type":"Feature","id":"way/83367664-0","properties":{"addr:city":"Singapore","addr:country":"SG","addr:housenumber":"385","addr:postcode":"520385","addr:street":"Tampines Street 32","building":"apartments","building:levels":"12","building:use":"residential","clearanceGeometry":{"type":"Polygon","coordinates":[[[103.9582417,1.3549849],[103.9588318,1.3549849],[103.9588318,1.3548877],[103.9587862,1.3548877],[103.9587862,1.354804],[103.9588506,1.354804],[103.9588532,1.3547041],[103.9586011,1.3547014],[103.9586011,1.3548202],[103.9586708,1.3548229],[103.9586682,1.3548742],[103.9583543,1.3548769],[103.958357,1.3546798],[103.9582417,1.3546798],[103.9582417,1.3549849]]]},"clearanceHeight":1.7,"clearancePrepared":true},"geometry":{"type":"Polygon","coordinates":[[[103.9582417,1.3546798],[103.9582417,1.3549849],[103.9588318,1.3549849],[103.9588318,1.3548877],[103.9587862,1.3548877],[103.9587862,1.354804],[103.9588506,1.354804],[103.9588532,1.3547041],[103.9586011,1.3547014],[103.9586011,1.3548202],[103.9586708,1.3548229],[103.9586682,1.3548742],[103.9583543,1.3548769],[103.958357,1.3546798],[103.9582417,1.3546798]]]}},{"type":"Feature","id":"way/83367673-0","properties":{"addr:city":"Singapore","addr:country":"SG","addr:housenumber":"387","addr:postcode":"520387","addr:street":"Tampines Street 32","building":"apartments","building:levels":"12","building:use":"residential","clearanceGeometry":{"type":"Polygon","coordinates":[[[103.9587406,1.3552738],[103.9586896,1.3552225],[103.9587513,1.3551577],[103.9586843,1.3550902],[103.95850481401096,1.3552682314834568],[103.95850231507383,1.3552770734674078],[103.9585582,1.3553358],[103.9586306,1.3553277],[103.9587272,1.3554222],[103.9590839,1.3550605],[103.9590866,1.3549552],[103.9589874,1.3549552],[103.9589874,1.3550254],[103.9587406,1.3552738]]]},"clearanceHeight":1.7,"clearancePrepared":true},"geometry":{"type":"Polygon","coordinates":[[[103.9589874,1.3550254],[103.9587406,1.3552738],[103.9586896,1.3552225],[103.9587513,1.3551577],[103.9586843,1.3550902],[103.9584992,1.3552738],[103.9585582,1.3553358],[103.9586306,1.3553277],[103.9587272,1.3554222],[103.9590839,1.3550605],[103.9590866,1.3549552],[103.9589874,1.3549552],[103.9589874,1.3550254]]]}},{"type":"Feature","id":"way/83367676-0","properties":{"addr:city":"Singapore","addr:country":"SG","addr:housenumber":"388","addr:postcode":"520388","addr:street":"Tampines Street 32","building":"apartments","building:levels":"12","building:use":"residential","clearanceGeometry":{"type":"Polygon","coordinates":[[[103.958247,1.355298],[103.958298,1.3552468],[103.9583516,1.355298],[103.9584214,1.3552278],[103.95825941441466,1.3550749168156662],[103.95823542540339,1.3550744228823517],[103.9581746,1.3551334],[103.9582229,1.3551766],[103.9580915,1.3552899],[103.9584723,1.3556652],[103.9586601,1.355487],[103.9585796,1.3554087],[103.958467,1.3555113],[103.958247,1.355298]]]},"clearanceHeight":1.7,"clearancePrepared":true},"geometry":{"type":"Polygon","coordinates":[[[103.958467,1.3555113],[103.958247,1.355298],[103.958298,1.3552468],[103.9583516,1.355298],[103.9584214,1.3552278],[103.958247,1.3550632],[103.9581746,1.3551334],[103.9582229,1.3551766],[103.9580915,1.3552899],[103.9584723,1.3556652],[103.9586601,1.355487],[103.9585796,1.3554087],[103.958467,1.3555113]]]}},{"type":"Feature","id":"way/83367680-0","properties":{"addr:city":"Singapore","addr:country":"SG","addr:housenumber":"389","addr:postcode":"520389","addr:street":"Tampines Street 32","building":"apartments","building:levels":"12","building:use":"residential","clearanceGeometry":{"type":"Polygon","coordinates":[[[103.9579144,1.3550362],[103.9579171,1.3548364],[103.9579842,1.3548364],[103.9579815,1.354939],[103.9580834,1.354939],[103.9580861,1.354669],[103.9579788,1.3546663],[103.9579734,1.3547743],[103.9579037,1.3547743],[103.9579037,1.3547095],[103.9578179,1.3547068],[103.9578179,1.3550767],[103.9578876,1.3551388],[103.9579493,1.3550659],[103.9579144,1.3550362]]]},"clearanceHeight":1.7,"clearancePrepared":true},"geometry":{"type":"Polygon","coordinates":[[[103.9579493,1.3550659],[103.9579144,1.3550362],[103.9579171,1.3548364],[103.9579842,1.3548364],[103.9579815,1.354939],[103.9580834,1.354939],[103.9580861,1.354669],[103.9579788,1.3546663],[103.9579734,1.3547743],[103.9579037,1.3547743],[103.9579037,1.3547095],[103.9578179,1.3547068],[103.9578179,1.3550767],[103.9578876,1.3551388],[103.9579493,1.3550659]]]}},{"type":"Feature","id":"way/83375219-0","properties":{"addr:city":"Singapore","addr:country":"SG","addr:housenumber":"391","addr:postcode":"520391","addr:street":"Tampines Avenue 7","building":"apartments","building:levels":"12","building:use":"residential","clearanceGeometry":{"type":"Polygon","coordinates":[[[103.9581372,1.3559435],[103.9581539,1.3559272],[103.9581814,1.3559552],[103.9582616,1.3558757],[103.9581012,1.3557139],[103.9580725,1.3557423],[103.9580519,1.3557215],[103.9580808,1.3556929],[103.9578717,1.355482],[103.9578162,1.3555369],[103.9578317,1.3555525],[103.9578216,1.3555626],[103.9578087,1.3555496],[103.9577807,1.3555773],[103.9577935,1.3555903],[103.9577303,1.3556528],[103.9577441,1.3556668],[103.9577317,1.355679],[103.9577186,1.3556658],[103.9576344,1.3557491],[103.9577135,1.3558289],[103.9577444,1.3557982],[103.9577627,1.3558165],[103.9577319,1.355847],[103.9578066,1.3559224],[103.9578852,1.3558445],[103.9577842,1.3557426],[103.9578911,1.3556367],[103.9581193,1.3558668],[103.9580164,1.3559688],[103.9580437,1.3559963],[103.9580548,1.3559842],[103.9580709,1.355999],[103.9580591,1.3560118],[103.9580914,1.3560444],[103.9581651,1.3559714],[103.9581372,1.3559435]]]},"clearanceHeight":1.7,"clearancePrepared":true},"geometry":{"type":"Polygon","coordinates":[[[103.9581651,1.3559714],[103.9581372,1.3559435],[103.9581539,1.3559272],[103.9581814,1.3559552],[103.9582616,1.3558757],[103.9581012,1.3557139],[103.9580725,1.3557423],[103.9580519,1.3557215],[103.9580808,1.3556929],[103.9578717,1.355482],[103.9578162,1.3555369],[103.9578317,1.3555525],[103.9578216,1.3555626],[103.9578087,1.3555496],[103.9577807,1.3555773],[103.9577935,1.3555903],[103.9577303,1.3556528],[103.9577441,1.3556668],[103.9577317,1.355679],[103.9577186,1.3556658],[103.9576344,1.3557491],[103.9577135,1.3558289],[103.9577444,1.3557982],[103.9577627,1.3558165],[103.9577319,1.355847],[103.9578066,1.3559224],[103.9578852,1.3558445],[103.9577842,1.3557426],[103.9578911,1.3556367],[103.9581193,1.3558668],[103.9580164,1.3559688],[103.9580437,1.3559963],[103.9580548,1.3559842],[103.9580709,1.355999],[103.9580591,1.3560118],[103.9580914,1.3560444],[103.9581651,1.3559714]]]}},{"type":"Feature","id":"way/83375229-0","properties":{"addr:city":"Singapore","addr:country":"SG","addr:housenumber":"396","addr:postcode":"520396","addr:street":"Tampines Avenue 7","building":"apartments","building:levels":"12","building:use":"residential","clearanceGeometry":{"type":"Polygon","coordinates":[[[103.9567635,1.355904],[103.9567633,1.3558854],[103.9567779,1.3558853],[103.9567774,1.3558283],[103.9566317,1.3558296],[103.9566318,1.3558483],[103.956597,1.3558486],[103.9565969,1.3558312],[103.9565807,1.3558313],[103.9565942,1.3558174],[103.9565593,1.3557837],[103.9565457,1.3557977],[103.9565153,1.3557682],[103.9565154,1.3557488],[103.9564971,1.3557487],[103.9564973,1.355713],[103.9565161,1.3557128],[103.9565157,1.3556817],[103.9565088,1.3556818],[103.9565092,1.3556165],[103.9565318,1.3556167],[103.9565316,1.3556398],[103.9565672,1.3556401],[103.9565675,1.355586],[103.9565805,1.3555861],[103.9565806,1.3555713],[103.9565495,1.3555421],[103.9563533,1.3555384],[103.9563217,1.3555713],[103.9563217,1.3555852],[103.9563337,1.3555851],[103.956334,1.3556384],[103.9564003,1.355638],[103.956401,1.3557709],[103.9564375,1.3558077],[103.9564526,1.3557928],[103.9564707,1.355811],[103.9564204,1.355861],[103.9564126,1.3558531],[103.9563877,1.3558778],[103.9564671,1.3559577],[103.9564917,1.3559333],[103.9564842,1.3559257],[103.9565326,1.3558777],[103.9565485,1.3558938],[103.9565351,1.3559072],[103.9565768,1.3559493],[103.9567777,1.3559475],[103.9567773,1.3559038],[103.9567635,1.355904]]]},"clearanceHeight":1.7,"clearancePrepared":true},"geometry":{"type":"Polygon","coordinates":[[[103.9567773,1.3559038],[103.9567635,1.355904],[103.9567633,1.3558854],[103.9567779,1.3558853],[103.9567774,1.3558283],[103.9566317,1.3558296],[103.9566318,1.3558483],[103.956597,1.3558486],[103.9565969,1.3558312],[103.9565807,1.3558313],[103.9565942,1.3558174],[103.9565593,1.3557837],[103.9565457,1.3557977],[103.9565153,1.3557682],[103.9565154,1.3557488],[103.9564971,1.3557487],[103.9564973,1.355713],[103.9565161,1.3557128],[103.9565157,1.3556817],[103.9565088,1.3556818],[103.9565092,1.3556165],[103.9565318,1.3556167],[103.9565316,1.3556398],[103.9565672,1.3556401],[103.9565675,1.355586],[103.9565805,1.3555861],[103.9565806,1.3555713],[103.9565495,1.3555421],[103.9563533,1.3555384],[103.9563217,1.3555713],[103.9563217,1.3555852],[103.9563337,1.3555851],[103.956334,1.3556384],[103.9564003,1.355638],[103.956401,1.3557709],[103.9564375,1.3558077],[103.9564526,1.3557928],[103.9564707,1.355811],[103.9564204,1.355861],[103.9564126,1.3558531],[103.9563877,1.3558778],[103.9564671,1.3559577],[103.9564917,1.3559333],[103.9564842,1.3559257],[103.9565326,1.3558777],[103.9565485,1.3558938],[103.9565351,1.3559072],[103.9565768,1.3559493],[103.9567777,1.3559475],[103.9567773,1.3559038]]]}},{"type":"Feature","id":"way/83375234-0","properties":{"addr:city":"Singapore","addr:country":"SG","addr:housenumber":"395","addr:postcode":"520395","addr:street":"Tampines Avenue 7","building":"apartments","building:levels":"12","building:use":"residential","clearanceGeometry":{"type":"Polygon","coordinates":[[[103.956316,1.3557981],[103.9560009,1.3557979],[103.9559179,1.3557168],[103.9559181,1.3556813],[103.9559376,1.3556814],[103.9559377,1.3556514],[103.9559276,1.3556514],[103.9559281,1.3555153],[103.9559456,1.3555154],[103.9559458,1.3554532],[103.9557874,1.3554527],[103.9557872,1.3555108],[103.9558224,1.3555109],[103.9558216,1.3557353],[103.9558607,1.355774],[103.9558699,1.3557648],[103.9558865,1.3557815],[103.9558392,1.3558285],[103.9558329,1.3558221],[103.9558092,1.3558458],[103.9558871,1.3559238],[103.9559104,1.3559004],[103.9559041,1.3558942],[103.9559536,1.3558442],[103.9559701,1.3558605],[103.9559575,1.3558733],[103.9559989,1.3559143],[103.9561964,1.3559122],[103.9562967,1.3559111],[103.9563159,1.3558931],[103.956316,1.3557981]]]},"clearanceHeight":1.7,"clearancePrepared":true},"geometry":{"type":"Polygon","coordinates":[[[103.9563159,1.3558931],[103.956316,1.3557981],[103.9560009,1.3557979],[103.9559179,1.3557168],[103.9559181,1.3556813],[103.9559376,1.3556814],[103.9559377,1.3556514],[103.9559276,1.3556514],[103.9559281,1.3555153],[103.9559456,1.3555154],[103.9559458,1.3554532],[103.9557874,1.3554527],[103.9557872,1.3555108],[103.9558224,1.3555109],[103.9558216,1.3557353],[103.9558607,1.355774],[103.9558699,1.3557648],[103.9558865,1.3557815],[103.9558392,1.3558285],[103.9558329,1.3558221],[103.9558092,1.3558458],[103.9558871,1.3559238],[103.9559104,1.3559004],[103.9559041,1.3558942],[103.9559536,1.3558442],[103.9559701,1.3558605],[103.9559575,1.3558733],[103.9559989,1.3559143],[103.9561964,1.3559122],[103.9562967,1.3559111],[103.9563159,1.3558931]]]}},{"type":"Feature","id":"way/83375241-0","properties":{"addr:city":"Singapore","addr:country":"SG","addr:housenumber":"394","addr:postcode":"520394","addr:street":"Tampines Avenue 7","building":"apartments","building:levels":"12","building:use":"residential","clearanceGeometry":{"type":"Polygon","coordinates":[[[103.9558192,1.3553505],[103.9558412,1.3553505],[103.9558412,1.3553688],[103.9558816,1.3553687],[103.9558812,1.3552417],[103.9561564,1.355241],[103.9561566,1.3552961],[103.9561887,1.3552961],[103.9561887,1.3553096],[103.9561633,1.3553097],[103.9561634,1.3553323],[103.956136,1.3553324],[103.9561359,1.3553105],[103.9561072,1.3553105],[103.9561074,1.355365],[103.9560915,1.3553651],[103.9560916,1.3553787],[103.9561233,1.3554069],[103.9563225,1.3554069],[103.9563506,1.3553783],[103.9563506,1.3553629],[103.9563406,1.3553629],[103.9563404,1.3553079],[103.9563044,1.3553081],[103.9563045,1.3553321],[103.9562802,1.3553322],[103.9562801,1.3553095],[103.9562543,1.3553096],[103.9562543,1.3552969],[103.956281,1.3552968],[103.9562808,1.3552507],[103.9562539,1.3552508],[103.9562538,1.3552248],[103.956304,1.3552246],[103.9563037,1.3551426],[103.9560298,1.3551435],[103.956031,1.355186],[103.9559982,1.3551869],[103.955997,1.3551436],[103.9558914,1.3551439],[103.9558913,1.355128],[103.9557696,1.3551283],[103.9557699,1.3552399],[103.9558113,1.3552397],[103.9558115,1.3552627],[103.95577,1.355263],[103.9557703,1.355369],[103.9558192,1.3553688],[103.9558192,1.3553505]]]},"clearanceHeight":1.7,"clearancePrepared":true},"geometry":{"type":"Polygon","coordinates":[[[103.9558192,1.3553688],[103.9558192,1.3553505],[103.9558412,1.3553505],[103.9558412,1.3553688],[103.9558816,1.3553687],[103.9558812,1.3552417],[103.9561564,1.355241],[103.9561566,1.3552961],[103.9561887,1.3552961],[103.9561887,1.3553096],[103.9561633,1.3553097],[103.9561634,1.3553323],[103.956136,1.3553324],[103.9561359,1.3553105],[103.9561072,1.3553105],[103.9561074,1.355365],[103.9560915,1.3553651],[103.9560916,1.3553787],[103.9561233,1.3554069],[103.9563225,1.3554069],[103.9563506,1.3553783],[103.9563506,1.3553629],[103.9563406,1.3553629],[103.9563404,1.3553079],[103.9563044,1.3553081],[103.9563045,1.3553321],[103.9562802,1.3553322],[103.9562801,1.3553095],[103.9562543,1.3553096],[103.9562543,1.3552969],[103.956281,1.3552968],[103.9562808,1.3552507],[103.9562539,1.3552508],[103.9562538,1.3552248],[103.956304,1.3552246],[103.9563037,1.3551426],[103.9560298,1.3551435],[103.956031,1.355186],[103.9559982,1.3551869],[103.955997,1.3551436],[103.9558914,1.3551439],[103.9558913,1.355128],[103.9557696,1.3551283],[103.9557699,1.3552399],[103.9558113,1.3552397],[103.9558115,1.3552627],[103.95577,1.355263],[103.9557703,1.355369],[103.9558192,1.3553688]]]}},{"type":"Feature","id":"way/83375245-0","properties":{"addr:city":"Singapore","addr:country":"SG","addr:housenumber":"393","addr:postcode":"520393","addr:street":"Tampines Avenue 7","building":"apartments","building:levels":"12","building:use":"residential","clearanceGeometry":{"type":"Polygon","coordinates":[[[103.956745,1.3553783],[103.956745,1.3553623],[103.9567332,1.3553623],[103.9567331,1.3553078],[103.9566974,1.3553078],[103.9566975,1.3553309],[103.9566753,1.3553309],[103.9566753,1.3553082],[103.9566502,1.3553083],[103.9566502,1.3552981],[103.9566829,1.3552981],[103.9566829,1.3552447],[103.95702,1.3552446],[103.95702,1.3555202],[103.9569531,1.3555202],[103.9569531,1.3555929],[103.9571183,1.3555929],[103.9571182,1.3553906],[103.957079,1.3553906],[103.957079,1.3553581],[103.9571168,1.3553581],[103.9571168,1.355223],[103.9571303,1.355223],[103.9571304,1.3551458],[103.9568604,1.3551458],[103.9568604,1.3551882],[103.956827,1.3551882],[103.956827,1.3551479],[103.9565351,1.3551478],[103.9565351,1.3552248],[103.9565835,1.3552248],[103.9565835,1.3552518],[103.9565571,1.3552518],[103.9565571,1.3552965],[103.9565821,1.3552965],[103.9565821,1.3553075],[103.9565563,1.3553075],[103.9565563,1.3553327],[103.9565307,1.3553327],[103.9565307,1.3553117],[103.9564994,1.3553117],[103.9564994,1.3553645],[103.9564864,1.3553645],[103.9564864,1.3553769],[103.9565177,1.3554069],[103.9567143,1.3554075],[103.956745,1.3553783]]]},"clearanceHeight":1.7,"clearancePrepared":true},"geometry":{"type":"Polygon","coordinates":[[[103.9567143,1.3554075],[103.956745,1.3553783],[103.956745,1.3553623],[103.9567332,1.3553623],[103.9567331,1.3553078],[103.9566974,1.3553078],[103.9566975,1.3553309],[103.9566753,1.3553309],[103.9566753,1.3553082],[103.9566502,1.3553083],[103.9566502,1.3552981],[103.9566829,1.3552981],[103.9566829,1.3552447],[103.95702,1.3552446],[103.95702,1.3555202],[103.9569531,1.3555202],[103.9569531,1.3555929],[103.9571183,1.3555929],[103.9571182,1.3553906],[103.957079,1.3553906],[103.957079,1.3553581],[103.9571168,1.3553581],[103.9571168,1.355223],[103.9571303,1.355223],[103.9571304,1.3551458],[103.9568604,1.3551458],[103.9568604,1.3551882],[103.956827,1.3551882],[103.956827,1.3551479],[103.9565351,1.3551478],[103.9565351,1.3552248],[103.9565835,1.3552248],[103.9565835,1.3552518],[103.9565571,1.3552518],[103.9565571,1.3552965],[103.9565821,1.3552965],[103.9565821,1.3553075],[103.9565563,1.3553075],[103.9565563,1.3553327],[103.9565307,1.3553327],[103.9565307,1.3553117],[103.9564994,1.3553117],[103.9564994,1.3553645],[103.9564864,1.3553645],[103.9564864,1.3553769],[103.9565177,1.3554069],[103.9567143,1.3554075]]]}},{"type":"Feature","id":"way/83375253-0","properties":{"addr:city":"Singapore","addr:country":"SG","addr:housenumber":"392","addr:postcode":"520392","addr:street":"Tampines Avenue 7","building":"apartments","building:levels":"12","building:use":"residential","clearanceGeometry":{"type":"Polygon","coordinates":[[[103.9574606,1.3556452],[103.9574606,1.3556301],[103.9575178,1.3556303],[103.9575934,1.3555541],[103.9576066,1.3555671],[103.9576518,1.3555209],[103.9576389,1.3555083],[103.9577359,1.3554104],[103.9576826,1.3553576],[103.9577164,1.3553235],[103.9576382,1.355246],[103.9576074,1.3552756],[103.9575854,1.3552528],[103.9576157,1.3552237],[103.9575356,1.3551443],[103.9573476,1.3551441],[103.9573474,1.3551875],[103.9573175,1.3551873],[103.9573177,1.3551441],[103.9572063,1.355144],[103.9572063,1.3552415],[103.9574997,1.3552417],[103.9576374,1.3553793],[103.9574714,1.3555454],[103.9573425,1.355545],[103.9573427,1.355484],[103.9572831,1.3554838],[103.9572826,1.3556447],[103.9574606,1.3556452]]]},"clearanceHeight":1.7,"clearancePrepared":true},"geometry":{"type":"Polygon","coordinates":[[[103.9572826,1.3556447],[103.9574606,1.3556452],[103.9574606,1.3556301],[103.9575178,1.3556303],[103.9575934,1.3555541],[103.9576066,1.3555671],[103.9576518,1.3555209],[103.9576389,1.3555083],[103.9577359,1.3554104],[103.9576826,1.3553576],[103.9577164,1.3553235],[103.9576382,1.355246],[103.9576074,1.3552756],[103.9575854,1.3552528],[103.9576157,1.3552237],[103.9575356,1.3551443],[103.9573476,1.3551441],[103.9573474,1.3551875],[103.9573175,1.3551873],[103.9573177,1.3551441],[103.9572063,1.355144],[103.9572063,1.3552415],[103.9574997,1.3552417],[103.9576374,1.3553793],[103.9574714,1.3555454],[103.9573425,1.355545],[103.9573427,1.355484],[103.9572831,1.3554838],[103.9572826,1.3556447]]]}},{"type":"Feature","id":"way/295367648-0","properties":{"addr:city":"Singapore","addr:country":"SG","addr:housenumber":"10","addr:postcode":"529341","addr:street":"Tampines Street 23","amenity":"community_centre","building":"yes","building:levels":"6","name":"Tampines East Community Club","source":"Bing","clearanceGeometry":{"type":"Polygon","coordinates":[[[103.9547053,1.3532247],[103.9546833,1.3532016],[103.9546731,1.3532116],[103.9546422,1.3531627],[103.9543987,1.3533164],[103.9544761,1.3534389],[103.9545055,1.3534203],[103.9546028,1.3534689],[103.9546477,1.3534643],[103.9546619,1.3536225],[103.9548177,1.3536085],[103.9548024,1.3534386],[103.9547694,1.3534416],[103.95476270652392,1.3533765776608515],[103.95475119775529,1.3532785426011584],[103.9547349,1.3532802],[103.9547285,1.3532112],[103.9547053,1.3532247]]]},"clearanceHeight":1.7,"clearancePrepared":true},"geometry":{"type":"Polygon","coordinates":[[[103.9547285,1.3532112],[103.9547053,1.3532247],[103.9546833,1.3532016],[103.9546731,1.3532116],[103.9546422,1.3531627],[103.9543987,1.3533164],[103.9544761,1.3534389],[103.9545055,1.3534203],[103.9546028,1.3534689],[103.9546477,1.3534643],[103.9546619,1.3536225],[103.9548177,1.3536085],[103.9548024,1.3534386],[103.9547694,1.3534416],[103.9547526,1.3532784],[103.9547349,1.3532802],[103.9547285,1.3532112]]]}},{"type":"Feature","id":"way/531246836-0","properties":{"building":"yes","clearanceGeometry":{"type":"Polygon","coordinates":[[[103.9552376,1.3558882],[103.9552663,1.3557404],[103.9552671,1.3554526],[103.9551423,1.3554579],[103.9551449,1.3557021],[103.9551112,1.3557021],[103.9551174,1.3559516],[103.9551574,1.3559886],[103.9552376,1.3558882]]]},"clearanceHeight":1.7,"clearancePrepared":true},"geometry":{"type":"Polygon","coordinates":[[[103.9551574,1.3559886],[103.9552376,1.3558882],[103.9552663,1.3557404],[103.9552671,1.3554526],[103.9551423,1.3554579],[103.9551449,1.3557021],[103.9551112,1.3557021],[103.9551174,1.3559516],[103.9551574,1.3559886]]]}},{"type":"Feature","id":"way/627521176-0","properties":{"building":"yes","clearanceGeometry":{"type":"Polygon","coordinates":[[[103.9557487,1.355428],[103.9556794,1.3554296],[103.9556797,1.3554613],[103.9556799,1.3554834],[103.9556822,1.3557347],[103.9556825,1.3557684],[103.9557595,1.3557653],[103.9557487,1.355428]]]},"clearanceHeight":1.7,"clearancePrepared":true},"geometry":{"type":"Polygon","coordinates":[[[103.9557595,1.3557653],[103.9557487,1.355428],[103.9556794,1.3554296],[103.9556797,1.3554613],[103.9556799,1.3554834],[103.9556822,1.3557347],[103.9556825,1.3557684],[103.9557595,1.3557653]]]}},{"type":"Feature","id":"way/1075552044-0","properties":{"building":"yes","clearanceGeometry":{"type":"Polygon","coordinates":[[[103.9548608,1.3550184],[103.9548603,1.354917],[103.9547639,1.3549175],[103.9547644,1.3550189],[103.9548301,1.3550185],[103.9548608,1.3550184]]]},"clearanceHeight":1.7,"clearancePrepared":true},"geometry":{"type":"Polygon","coordinates":[[[103.9548301,1.3550185],[103.9548608,1.3550184],[103.9548603,1.354917],[103.9547639,1.3549175],[103.9547644,1.3550189],[103.9548301,1.3550185]]]}},{"type":"Feature","id":"way/1075552045-0","properties":{"building":"yes","clearanceGeometry":{"type":"Polygon","coordinates":[[[103.9548308,1.3551489],[103.9548301,1.3550185],[103.9547644,1.3550189],[103.9547651,1.3551493],[103.9548308,1.3551489]]]},"clearanceHeight":1.7,"clearancePrepared":true},"geometry":{"type":"Polygon","coordinates":[[[103.9547651,1.3551493],[103.9548308,1.3551489],[103.9548301,1.3550185],[103.9547644,1.3550189],[103.9547651,1.3551493]]]}},{"type":"Feature","id":"way/1075552046-0","properties":{"building":"yes","clearanceGeometry":{"type":"Polygon","coordinates":[[[103.954773,1.354802],[103.9548415,1.3548017],[103.95484031351378,1.3545636726097459],[103.95477180484255,1.3545623249641285],[103.954773,1.354802]]]},"clearanceHeight":1.7,"clearancePrepared":true},"geometry":{"type":"Polygon","coordinates":[[[103.9548402,1.3545409],[103.9547717,1.3545413],[103.954773,1.354802],[103.9548415,1.3548017],[103.9548402,1.3545409]]]}},{"type":"Feature","id":"way/1092152838-0","properties":{"addr:city":"Singapore","addr:street":"Tampines Street 32","building":"pavilion","building:levels":"1","height":"7","clearanceGeometry":{"type":"Polygon","coordinates":[[[103.9562622,1.352501],[103.9561285,1.3525009],[103.9561284,1.3526863],[103.9562621,1.3526864],[103.9562622,1.352501]]]},"clearanceHeight":1.7,"clearancePrepared":true},"geometry":{"type":"Polygon","coordinates":[[[103.9562621,1.3526864],[103.9562622,1.352501],[103.9561285,1.3525009],[103.9561284,1.3526863],[103.9562621,1.3526864]]]}},{"type":"Feature","id":"node/243678833","properties":{"highway":"traffic_signals"},"geometry":{"type":"Point","coordinates":[103.9546479,1.3523442]}},{"type":"Feature","id":"node/878204957","properties":{"highway":"traffic_signals"},"geometry":{"type":"Point","coordinates":[103.9546065,1.352276]}},{"type":"Feature","id":"node/960396163","properties":{"highway":"traffic_signals"},"geometry":{"type":"Point","coordinates":[103.9545506,1.3524091]}},{"type":"Feature","id":"node/4670075218","properties":{"highway":"traffic_signals"},"geometry":{"type":"Point","coordinates":[103.9545022,1.3523366]}},{"type":"Feature","id":"node/4602456653","properties":{"highway":"crossing"},"geometry":{"type":"Point","coordinates":[103.9553749,1.3536556]}},{"type":"Feature","id":"node/5842510513","properties":{"crossing":"zebra","highway":"crossing","tactile_paving":"yes"},"geometry":{"type":"Point","coordinates":[103.95477,1.3523909]}},{"type":"Feature","id":"node/5842510514","properties":{"button_operated":"yes","crossing":"traffic_signals","highway":"crossing","tactile_paving":"yes","traffic_signals:sound":"yes","traffic_signals:vibration":"yes"},"geometry":{"type":"Point","coordinates":[103.9547127,1.3523024]}},{"type":"Feature","id":"node/5842510515","properties":{"button_operated":"yes","crossing":"traffic_signals","highway":"crossing","tactile_paving":"yes","traffic_signals:sound":"yes"},"geometry":{"type":"Point","coordinates":[103.954667,1.3522317]}},{"type":"Feature","id":"node/5842510516","properties":{"crossing":"zebra","highway":"crossing","tactile_paving":"yes"},"geometry":{"type":"Point","coordinates":[103.9546318,1.3521314]}},{"type":"Feature","id":"node/6201847149","properties":{"highway":"crossing"},"geometry":{"type":"Point","coordinates":[103.954914,1.3536596]}},{"type":"Feature","id":"node/7928619500","properties":{"highway":"crossing"},"geometry":{"type":"Point","coordinates":[103.9578725,1.3536597]}},{"type":"Feature","id":"node/7928619502","properties":{"highway":"crossing"},"geometry":{"type":"Point","coordinates":[103.9560601,1.3537193]}},{"type":"Feature","id":"node/7928619509","properties":{"highway":"crossing"},"geometry":{"type":"Point","coordinates":[103.9579503,1.3536607]}},{"type":"Feature","id":"node/8298804141","properties":{"highway":"crossing"},"geometry":{"type":"Point","coordinates":[103.9578562,1.3531428]}},{"type":"Feature","id":"node/8298804148","properties":{"highway":"crossing"},"geometry":{"type":"Point","coordinates":[103.9580002,1.3522826]}},{"type":"Feature","id":"node/8298871331","properties":{"highway":"crossing"},"geometry":{"type":"Point","coordinates":[103.9569014,1.3538451]}},{"type":"Feature","id":"node/8298871333","properties":{"highway":"crossing"},"geometry":{"type":"Point","coordinates":[103.9585081,1.353841]}},{"type":"Feature","id":"node/8298935493","properties":{"highway":"crossing"},"geometry":{"type":"Point","coordinates":[103.9570013,1.3537812]}},{"type":"Feature","id":"node/8298935499","properties":{"highway":"crossing"},"geometry":{"type":"Point","coordinates":[103.9550918,1.3537838]}},{"type":"Feature","id":"node/8298935501","properties":{"highway":"crossing"},"geometry":{"type":"Point","coordinates":[103.9551786,1.3538785]}},{"type":"Feature","id":"node/8298935502","properties":{"highway":"crossing"},"geometry":{"type":"Point","coordinates":[103.9553039,1.3538754]}},{"type":"Feature","id":"node/8298935504","properties":{"highway":"crossing"},"geometry":{"type":"Point","coordinates":[103.9553798,1.3537826]}},{"type":"Feature","id":"node/8298935506","properties":{"highway":"crossing"},"geometry":{"type":"Point","coordinates":[103.9552458,1.3536993]}},{"type":"Feature","id":"node/8298935507","properties":{"highway":"crossing"},"geometry":{"type":"Point","coordinates":[103.9551291,1.3537004]}},{"type":"Feature","id":"node/8298945218","properties":{"button_operated":"yes","crossing":"traffic_signals","highway":"crossing","tactile_paving":"yes","traffic_signals:sound":"yes","traffic_signals:vibration":"yes"},"geometry":{"type":"Point","coordinates":[103.9544709,1.352294]}},{"type":"Feature","id":"node/8298945219","properties":{"button_operated":"yes","crossing":"traffic_signals","highway":"crossing","tactile_paving":"yes","traffic_signals:sound":"yes","traffic_signals:vibration":"yes"},"geometry":{"type":"Point","coordinates":[103.9545681,1.3522241]}},{"type":"Feature","id":"node/13390530330","properties":{"highway":"crossing"},"geometry":{"type":"Point","coordinates":[103.9554246,1.3538882]}},{"type":"Feature","id":"node/13390530338","properties":{"highway":"crossing"},"geometry":{"type":"Point","coordinates":[103.9551099,1.3538993]}},{"type":"Feature","id":"way/74268742-0-0-0","properties":{"highway":"secondary","lanes":"2","lit":"yes","maxspeed":"60","name":"Tampines Street 31","oneway":"yes","shoulder":"no","sidewalk":"left","surface":"asphalt","startNodeId":"4430972303","endNodeId":"1726694064"},"geometry":{"type":"LineString","coordinates":[[103.9548863,1.3521719],[103.9552803,1.3518944]]}},{"type":"Feature","id":"way/74268742-0-1-0","properties":{"highway":"secondary","lanes":"2","lit":"yes","maxspeed":"60","name":"Tampines Street 31","oneway":"yes","shoulder":"no","sidewalk":"left","surface":"asphalt","startNodeId":"1726694064","endNodeId":"6969439920"},"geometry":{"type":"LineString","coordinates":[[103.9552803,1.3518944],[103.9553712,1.3518152]]}},{"type":"Feature","id":"way/74268742-0-2-0","properties":{"highway":"secondary","lanes":"2","lit":"yes","maxspeed":"60","name":"Tampines Street 31","oneway":"yes","shoulder":"no","sidewalk":"left","surface":"asphalt","startNodeId":"6969439920","endNodeId":"878204958"},"geometry":{"type":"LineString","coordinates":[[103.9553712,1.3518152],[103.9554496,1.3517334]]}},{"type":"Feature","id":"way/74268742-0-3-0","properties":{"highway":"secondary","lanes":"2","lit":"yes","maxspeed":"60","name":"Tampines Street 31","oneway":"yes","shoulder":"no","sidewalk":"left","surface":"asphalt","startNodeId":"878204958","endNodeId":"5186934238"},"geometry":{"type":"LineString","coordinates":[[103.9554496,1.3517334],[103.955576,1.3515591]]}},{"type":"Feature","id":"way/74268742-0-4-0","properties":{"highway":"secondary","lanes":"2","lit":"yes","maxspeed":"60","name":"Tampines Street 31","oneway":"yes","shoulder":"no","sidewalk":"left","surface":"asphalt","startNodeId":"5186934238","endNodeId":"1726694061"},"geometry":{"type":"LineString","coordinates":[[103.955576,1.3515591],[103.9557095,1.3513479]]}},{"type":"Feature","id":"way/74268743-0-1-0","properties":{"highway":"secondary","lanes":"2","lit":"yes","maxspeed":"60","name":"Tampines Street 31","oneway":"yes","shoulder":"no","sidewalk":"left","surface":"asphalt","startNodeId":"3866364433","endNodeId":"5186934239"},"geometry":{"type":"LineString","coordinates":[[103.9556614,1.3513084],[103.955527,1.3515244]]}},{"type":"Feature","id":"way/74268743-0-2-0","properties":{"highway":"secondary","lanes":"2","lit":"yes","maxspeed":"60","name":"Tampines Street 31","oneway":"yes","shoulder":"no","sidewalk":"left","surface":"asphalt","startNodeId":"5186934239","endNodeId":"878204959"},"geometry":{"type":"LineString","coordinates":[[103.955527,1.3515244],[103.9553261,1.351768]]}},{"type":"Feature","id":"way/76195344-0-0-0","properties":{"highway":"service","service":"parking_aisle","startNodeId":"899030821","endNodeId":"899030842"},"geometry":{"type":"LineString","coordinates":[[103.9547018,1.3549617],[103.9546999,1.3550687]]}},{"type":"Feature","id":"way/76195344-0-1-0","properties":{"highway":"service","service":"parking_aisle","startNodeId":"899030842","endNodeId":"4602716472"},"geometry":{"type":"LineString","coordinates":[[103.9546999,1.3550687],[103.9546839,1.3551073]]}},{"type":"Feature","id":"way/76195344-0-2-0","properties":{"highway":"service","service":"parking_aisle","startNodeId":"4602716472","endNodeId":"4602716491"},"geometry":{"type":"LineString","coordinates":[[103.9546839,1.3551073],[103.9546624,1.3551304]]}},{"type":"Feature","id":"way/76195344-0-3-0","properties":{"highway":"service","service":"parking_aisle","startNodeId":"4602716491","endNodeId":"899030871"},"geometry":{"type":"LineString","coordinates":[[103.9546624,1.3551304],[103.9545383,1.3551673]]}},{"type":"Feature","id":"way/76195344-0-4-0","properties":{"highway":"service","service":"parking_aisle","startNodeId":"899030871","endNodeId":"4602713761"},"geometry":{"type":"LineString","coordinates":[[103.9545383,1.3551673],[103.9545142,1.3551896]]}},{"type":"Feature","id":"way/76195344-0-5-0","properties":{"highway":"service","service":"parking_aisle","startNodeId":"4602713761","endNodeId":"4602716492"},"geometry":{"type":"LineString","coordinates":[[103.9545142,1.3551896],[103.9545062,1.3552169]]}},{"type":"Feature","id":"way/76195344-0-6-0","properties":{"highway":"service","service":"parking_aisle","startNodeId":"4602716492","endNodeId":"899030884"},"geometry":{"type":"LineString","coordinates":[[103.9545062,1.3552169],[103.9544994,1.3552914]]}},{"type":"Feature","id":"way/76195348-0-0-0","properties":{"highway":"service","service":"parking_aisle","startNodeId":"899030821","endNodeId":"8313500782"},"geometry":{"type":"LineString","coordinates":[[103.9547018,1.3549617],[103.9542256,1.3549573]]}},{"type":"Feature","id":"way/76195352-0-0-0","properties":{"highway":"service","service":"parking_aisle","startNodeId":"899030781","endNodeId":"899031063"},"geometry":{"type":"LineString","coordinates":[[103.9546959,1.3545204],[103.9550365,1.3545271]]}},{"type":"Feature","id":"way/76195352-0-1-0","properties":{"highway":"service","service":"parking_aisle","startNodeId":"899031063","endNodeId":"7345130825"},"geometry":{"type":"LineString","coordinates":[[103.9550365,1.3545271],[103.9550775,1.3545181]]}},{"type":"Feature","id":"way/76195352-0-2-0","properties":{"highway":"service","service":"parking_aisle","startNodeId":"7345130825","endNodeId":"7345130824"},"geometry":{"type":"LineString","coordinates":[[103.9550775,1.3545181],[103.9551017,1.3544993]]}},{"type":"Feature","id":"way/76195352-0-3-0","properties":{"highway":"service","service":"parking_aisle","startNodeId":"7345130824","endNodeId":"7345130823"},"geometry":{"type":"LineString","coordinates":[[103.9551017,1.3544993],[103.9551151,1.3544765]]}},{"type":"Feature","id":"way/76195352-0-4-0","properties":{"highway":"service","service":"parking_aisle","startNodeId":"7345130823","endNodeId":"7345130822"},"geometry":{"type":"LineString","coordinates":[[103.9551151,1.3544765],[103.9551178,1.3543773]]}},{"type":"Feature","id":"way/82515294-0-0-0","properties":{"highway":"service","startNodeId":"960373768","endNodeId":"960373769"},"geometry":{"type":"LineString","coordinates":[[103.956063,1.3533369],[103.9556178,1.3533399]]}},{"type":"Feature","id":"way/82515294-0-1-0","properties":{"highway":"service","startNodeId":"960373769","endNodeId":"6945731778"},"geometry":{"type":"LineString","coordinates":[[103.9556178,1.3533399],[103.9555939,1.3533342]]}},{"type":"Feature","id":"way/82515294-0-2-0","properties":{"highway":"service","startNodeId":"6945731778","endNodeId":"5187142588"},"geometry":{"type":"LineString","coordinates":[[103.9555939,1.3533342],[103.9555773,1.3533239]]}},{"type":"Feature","id":"way/82515294-0-3-0","properties":{"highway":"service","startNodeId":"5187142588","endNodeId":"960373770"},"geometry":{"type":"LineString","coordinates":[[103.9555773,1.3533239],[103.9555512,1.3532617]]}},{"type":"Feature","id":"way/82515583-0-0-0","properties":{"highway":"service","sidewalk":"both","startNodeId":"960386995","endNodeId":"6937775142"},"geometry":{"type":"LineString","coordinates":[[103.9573309,1.3532553],[103.9573319,1.3534187]]}},{"type":"Feature","id":"way/82515583-0-1-0","properties":{"highway":"service","sidewalk":"both","startNodeId":"6937775142","endNodeId":"6937775141"},"geometry":{"type":"LineString","coordinates":[[103.9573319,1.3534187],[103.9573332,1.3534208]]}},{"type":"Feature","id":"way/82515583-0-2-0","properties":{"highway":"service","sidewalk":"both","startNodeId":"6937775141","endNodeId":"960387022"},"geometry":{"type":"LineString","coordinates":[[103.9573332,1.3534208],[103.9573362,1.3534214]]}},{"type":"Feature","id":"way/82515584-0-0-0","properties":{"highway":"service","startNodeId":"960386994","endNodeId":"960387033"},"geometry":{"type":"LineString","coordinates":[[103.9569671,1.353256],[103.9569663,1.3534634]]}},{"type":"Feature","id":"way/82515585-0-0-0","properties":{"highway":"service","startNodeId":"960387033","endNodeId":"960387035"},"geometry":{"type":"LineString","coordinates":[[103.9569663,1.3534634],[103.9568683,1.3534639]]}},{"type":"Feature","id":"way/82515586-0-0-0","properties":{"highway":"service","sidewalk":"both","startNodeId":"960386994","endNodeId":"4602716436"},"geometry":{"type":"LineString","coordinates":[[103.9569671,1.353256],[103.9566946,1.3532538]]}},{"type":"Feature","id":"way/82515586-0-1-0","properties":{"highway":"service","sidewalk":"both","startNodeId":"4602716436","endNodeId":"5187142590"},"geometry":{"type":"LineString","coordinates":[[103.9566946,1.3532538],[103.9566688,1.3532436]]}},{"type":"Feature","id":"way/82515586-0-2-0","properties":{"highway":"service","sidewalk":"both","startNodeId":"5187142590","endNodeId":"4602716435"},"geometry":{"type":"LineString","coordinates":[[103.9566688,1.3532436],[103.956657,1.3532293]]}},{"type":"Feature","id":"way/82515588-0-0-0","properties":{"highway":"service","sidewalk":"left","startNodeId":"960387052","endNodeId":"960387051"},"geometry":{"type":"LineString","coordinates":[[103.9563417,1.3528824],[103.9563421,1.3528053]]}},{"type":"Feature","id":"way/82515589-0-0-0","properties":{"highway":"service","sidewalk":"both","startNodeId":"960387057","endNodeId":"5187142587"},"geometry":{"type":"LineString","coordinates":[[103.9558958,1.3528023],[103.9554975,1.3528046]]}},{"type":"Feature","id":"way/82515589-0-1-0","properties":{"highway":"service","sidewalk":"both","startNodeId":"5187142587","endNodeId":"4602716430"},"geometry":{"type":"LineString","coordinates":[[103.9554975,1.3528046],[103.955456,1.3527919]]}},{"type":"Feature","id":"way/82515589-0-2-0","properties":{"highway":"service","sidewalk":"both","startNodeId":"4602716430","endNodeId":"960387060"},"geometry":{"type":"LineString","coordinates":[[103.955456,1.3527919],[103.9554182,1.3527637]]}},{"type":"Feature","id":"way/82515589-0-3-0","properties":{"highway":"service","sidewalk":"both","startNodeId":"960387060","endNodeId":"4602716433"},"geometry":{"type":"LineString","coordinates":[[103.9554182,1.3527637],[103.9553671,1.3526721]]}},{"type":"Feature","id":"way/82515589-0-4-0","properties":{"highway":"service","sidewalk":"both","startNodeId":"4602716433","endNodeId":"6937775145"},"geometry":{"type":"LineString","coordinates":[[103.9553671,1.3526721],[103.9553313,1.352568]]}},{"type":"Feature","id":"way/82515589-0-5-0","properties":{"highway":"service","sidewalk":"both","startNodeId":"6937775145","endNodeId":"960387066"},"geometry":{"type":"LineString","coordinates":[[103.9553313,1.352568],[103.9553313,1.3525609]]}},{"type":"Feature","id":"way/82515589-0-6-0","properties":{"highway":"service","sidewalk":"both","startNodeId":"960387066","endNodeId":"6937775144"},"geometry":{"type":"LineString","coordinates":[[103.9553313,1.3525609],[103.9553347,1.352556]]}},{"type":"Feature","id":"way/82515589-0-7-0","properties":{"highway":"service","sidewalk":"both","startNodeId":"6937775144","endNodeId":"4602716432"},"geometry":{"type":"LineString","coordinates":[[103.9553347,1.352556],[103.9553817,1.3525155]]}},{"type":"Feature","id":"way/82515589-0-8-0","properties":{"highway":"service","sidewalk":"both","startNodeId":"4602716432","endNodeId":"4602716431"},"geometry":{"type":"LineString","coordinates":[[103.9553817,1.3525155],[103.9554533,1.3524535]]}},{"type":"Feature","id":"way/82515589-0-9-0","properties":{"highway":"service","sidewalk":"both","startNodeId":"4602716431","endNodeId":"5187142586"},"geometry":{"type":"LineString","coordinates":[[103.9554533,1.3524535],[103.9554773,1.3524242]]}},{"type":"Feature","id":"way/82515589-0-10-0","properties":{"highway":"service","sidewalk":"both","startNodeId":"5187142586","endNodeId":"5187142585"},"geometry":{"type":"LineString","coordinates":[[103.9554773,1.3524242],[103.9555031,1.3523534]]}},{"type":"Feature","id":"way/82515589-0-11-0","properties":{"highway":"service","sidewalk":"both","startNodeId":"5187142585","endNodeId":"6937775143"},"geometry":{"type":"LineString","coordinates":[[103.9555031,1.3523534],[103.9555139,1.3523419]]}},{"type":"Feature","id":"way/82515589-0-12-0","properties":{"highway":"service","sidewalk":"both","startNodeId":"6937775143","endNodeId":"960387067"},"geometry":{"type":"LineString","coordinates":[[103.9555139,1.3523419],[103.9555287,1.3523359]]}},{"type":"Feature","id":"way/82515589-0-13-0","properties":{"highway":"service","sidewalk":"both","startNodeId":"960387067","endNodeId":"10225674458"},"geometry":{"type":"LineString","coordinates":[[103.9555287,1.3523359],[103.9557119,1.3523361]]}},{"type":"Feature","id":"way/82515589-0-14-0","properties":{"highway":"service","sidewalk":"both","startNodeId":"10225674458","endNodeId":"960387069"},"geometry":{"type":"LineString","coordinates":[[103.9557119,1.3523361],[103.9562657,1.3523367]]}},{"type":"Feature","id":"way/82515590-0-0-0","properties":{"highway":"service","sidewalk":"both","startNodeId":"960387057","endNodeId":"4602716427"},"geometry":{"type":"LineString","coordinates":[[103.9558958,1.3528023],[103.9558951,1.3525859]]}},{"type":"Feature","id":"way/82515590-0-1-0","properties":{"highway":"service","sidewalk":"both","startNodeId":"4602716427","endNodeId":"4602716428"},"geometry":{"type":"LineString","coordinates":[[103.9558951,1.3525859],[103.9558844,1.3525689]]}},{"type":"Feature","id":"way/82515590-0-2-0","properties":{"highway":"service","sidewalk":"both","startNodeId":"4602716428","endNodeId":"4602716429"},"geometry":{"type":"LineString","coordinates":[[103.9558844,1.3525689],[103.9558647,1.3525561]]}},{"type":"Feature","id":"way/82515591-0-0-0","properties":{"highway":"service","sidewalk":"both","startNodeId":"960387087","endNodeId":"4602716424"},"geometry":{"type":"LineString","coordinates":[[103.957327,1.3524495],[103.9570097,1.3524497]]}},{"type":"Feature","id":"way/82515592-0-0-0","properties":{"highway":"service","startNodeId":"960387087","endNodeId":"960387088"},"geometry":{"type":"LineString","coordinates":[[103.957327,1.3524495],[103.9573307,1.3522757]]}},{"type":"Feature","id":"way/82515594-0-0-0","properties":{"highway":"service","startNodeId":"960387098","endNodeId":"960387103"},"geometry":{"type":"LineString","coordinates":[[103.9569742,1.3522179],[103.9568615,1.3522179]]}},{"type":"Feature","id":"way/82515595-0-0-0","properties":{"highway":"service","startNodeId":"960386976","endNodeId":"960387117"},"geometry":{"type":"LineString","coordinates":[[103.9560627,1.3533004],[103.9561517,1.3533022]]}},{"type":"Feature","id":"way/82515596-0-0-0","properties":{"highway":"service","startNodeId":"960387076","endNodeId":"960387106"},"geometry":{"type":"LineString","coordinates":[[103.9574269,1.3529276],[103.9574773,1.3529301]]}},{"type":"Feature","id":"way/82515821-0-0-0","properties":{"highway":"service","lanes":"2","lanes:backward":"1","lanes:forward":"1","sidewalk":"both","startNodeId":"960392424","endNodeId":"4602716440"},"geometry":{"type":"LineString","coordinates":[[103.9577101,1.3519741],[103.9574902,1.3519707]]}},{"type":"Feature","id":"way/82515821-0-1-0","properties":{"highway":"service","lanes":"2","lanes:backward":"1","lanes:forward":"1","sidewalk":"both","startNodeId":"4602716440","endNodeId":"4602716439"},"geometry":{"type":"LineString","coordinates":[[103.9574902,1.3519707],[103.9574459,1.3519573]]}},{"type":"Feature","id":"way/82515821-0-2-0","properties":{"highway":"service","lanes":"2","lanes:backward":"1","lanes:forward":"1","sidewalk":"both","startNodeId":"4602716439","endNodeId":"5187142611"},"geometry":{"type":"LineString","coordinates":[[103.9574459,1.3519573],[103.9574298,1.3519339]]}},{"type":"Feature","id":"way/82515821-0-3-0","properties":{"highway":"service","lanes":"2","lanes:backward":"1","lanes:forward":"1","sidewalk":"both","startNodeId":"5187142611","endNodeId":"960392426"},"geometry":{"type":"LineString","coordinates":[[103.9574298,1.3519339],[103.9574211,1.351897]]}},{"type":"Feature","id":"way/82515821-0-4-0","properties":{"highway":"service","lanes":"2","lanes:backward":"1","lanes:forward":"1","sidewalk":"both","startNodeId":"960392426","endNodeId":"973820329"},"geometry":{"type":"LineString","coordinates":[[103.9574211,1.351897],[103.9574225,1.3516927]]}},{"type":"Feature","id":"way/82515861-0-0-0","properties":{"highway":"service","sidewalk":"both","startNodeId":"6945731783","endNodeId":"960392535"},"geometry":{"type":"LineString","coordinates":[[103.9570382,1.3514747],[103.9570317,1.3516322]]}},{"type":"Feature","id":"way/82515861-0-1-0","properties":{"highway":"service","sidewalk":"both","startNodeId":"960392535","endNodeId":"5241738508"},"geometry":{"type":"LineString","coordinates":[[103.9570317,1.3516322],[103.9570308,1.35165]]}},{"type":"Feature","id":"way/82515861-0-2-0","properties":{"highway":"service","sidewalk":"both","startNodeId":"5241738508","endNodeId":"5241738509"},"geometry":{"type":"LineString","coordinates":[[103.9570308,1.35165],[103.9570266,1.3516617]]}},{"type":"Feature","id":"way/82515861-0-3-0","properties":{"highway":"service","sidewalk":"both","startNodeId":"5241738509","endNodeId":"4602716421"},"geometry":{"type":"LineString","coordinates":[[103.9570266,1.3516617],[103.957016,1.351673]]}},{"type":"Feature","id":"way/82515861-0-4-0","properties":{"highway":"service","sidewalk":"both","startNodeId":"4602716421","endNodeId":"4602716422"},"geometry":{"type":"LineString","coordinates":[[103.957016,1.351673],[103.9569925,1.3516777]]}},{"type":"Feature","id":"way/82515861-0-5-0","properties":{"highway":"service","sidewalk":"both","startNodeId":"4602716422","endNodeId":"960392536"},"geometry":{"type":"LineString","coordinates":[[103.9569925,1.3516777],[103.9567678,1.3516797]]}},{"type":"Feature","id":"way/82519315-0-0-0","properties":{"foot":"no","highway":"secondary","lanes":"2","lit":"yes","maxspeed":"60","name":"Tampines Street 31","oneway":"yes","shoulder":"no","sidewalk":"no","surface":"asphalt","startNodeId":"960396163","endNodeId":"243678833"},"geometry":{"type":"LineString","coordinates":[[103.9545506,1.3524091],[103.9546479,1.3523442]]}},{"type":"Feature","id":"way/83629559-0-0-0","properties":{"highway":"service","lanes":"2","lanes:backward":"1","lanes:forward":"1","sidewalk":"both","turn:lanes:backward":"left;right","startNodeId":"973820329","endNodeId":"973820330"},"geometry":{"type":"LineString","coordinates":[[103.9574225,1.3516927],[103.9577553,1.3516899]]}},{"type":"Feature","id":"way/83629577-0-0-0","properties":{"highway":"service","sidewalk":"right","startNodeId":"973820457","endNodeId":"4602716448"},"geometry":{"type":"LineString","coordinates":[[103.9585114,1.3542586],[103.958115,1.3542586]]}},{"type":"Feature","id":"way/83629577-0-1-0","properties":{"highway":"service","sidewalk":"right","startNodeId":"4602716448","endNodeId":"6931413856"},"geometry":{"type":"LineString","coordinates":[[103.958115,1.3542586],[103.9581024,1.354254]]}},{"type":"Feature","id":"way/83629577-0-2-0","properties":{"highway":"service","sidewalk":"right","startNodeId":"6931413856","endNodeId":"973820459"},"geometry":{"type":"LineString","coordinates":[[103.9581024,1.354254],[103.9580943,1.3542419]]}},{"type":"Feature","id":"way/83629577-0-3-0","properties":{"highway":"service","sidewalk":"right","startNodeId":"973820459","endNodeId":"4602716447"},"geometry":{"type":"LineString","coordinates":[[103.9580943,1.3542419],[103.9580842,1.3540924]]}},{"type":"Feature","id":"way/83629577-0-4-0","properties":{"highway":"service","sidewalk":"right","startNodeId":"4602716447","endNodeId":"6931413855"},"geometry":{"type":"LineString","coordinates":[[103.9580842,1.3540924],[103.9580883,1.3540824]]}},{"type":"Feature","id":"way/83629577-0-5-0","properties":{"highway":"service","sidewalk":"right","startNodeId":"6931413855","endNodeId":"973820461"},"geometry":{"type":"LineString","coordinates":[[103.9580883,1.3540824],[103.9580965,1.3540751]]}},{"type":"Feature","id":"way/83629577-0-6-0","properties":{"highway":"service","sidewalk":"right","startNodeId":"973820461","endNodeId":"973820463"},"geometry":{"type":"LineString","coordinates":[[103.9580965,1.3540751],[103.9581776,1.354065]]}},{"type":"Feature","id":"way/83629581-0-0-0","properties":{"highway":"service","sidewalk":"both","startNodeId":"973820477","endNodeId":"973820482"},"geometry":{"type":"LineString","coordinates":[[103.9585273,1.35504],[103.9580222,1.3550296]]}},{"type":"Feature","id":"way/83629586-0-0-0","properties":{"highway":"service","service":"driveway","sidewalk":"both","startNodeId":"973820506","endNodeId":"973820510"},"geometry":{"type":"LineString","coordinates":[[103.9568385,1.3557017],[103.9568361,1.355461]]}},{"type":"Feature","id":"way/83629587-0-0-0","properties":{"highway":"service","service":"driveway","startNodeId":"973820513","endNodeId":"973820515"},"geometry":{"type":"LineString","coordinates":[[103.9560049,1.3554661],[103.9560073,1.3553418]]}},{"type":"Feature","id":"way/83629587-0-1-0","properties":{"highway":"service","service":"driveway","startNodeId":"973820515","endNodeId":"1735679733"},"geometry":{"type":"LineString","coordinates":[[103.9560073,1.3553418],[103.9559969,1.3553134]]}},{"type":"Feature","id":"way/83629587-0-2-0","properties":{"highway":"service","service":"driveway","startNodeId":"1735679733","endNodeId":"1735679732"},"geometry":{"type":"LineString","coordinates":[[103.9559969,1.3553134],[103.9559773,1.3552975]]}},{"type":"Feature","id":"way/83629587-0-3-0","properties":{"highway":"service","service":"driveway","startNodeId":"1735679732","endNodeId":"1735679731"},"geometry":{"type":"LineString","coordinates":[[103.9559773,1.3552975],[103.9559346,1.3552961]]}},{"type":"Feature","id":"way/83629588-0-0-0","properties":{"highway":"service","service":"driveway","startNodeId":"973820512","endNodeId":"973820516"},"geometry":{"type":"LineString","coordinates":[[103.9564103,1.3554615],[103.956411,1.3552964]]}},{"type":"Feature","id":"way/83629589-0-0-0","properties":{"highway":"service","service":"driveway","sidewalk":"both","startNodeId":"973820503","endNodeId":"973820517"},"geometry":{"type":"LineString","coordinates":[[103.9568423,1.3557628],[103.9566253,1.355766]]}},{"type":"Feature","id":"way/83629590-0-0-0","properties":{"highway":"service","service":"driveway","sidewalk":"left","startNodeId":"973820518","endNodeId":"8310560673"},"geometry":{"type":"LineString","coordinates":[[103.9575343,1.3557487],[103.9577051,1.3559341]]}},{"type":"Feature","id":"way/83629592-0-0-0","properties":{"highway":"service","service":"driveway","startNodeId":"973820518","endNodeId":"973820522"},"geometry":{"type":"LineString","coordinates":[[103.9575343,1.3557487],[103.9577587,1.3555087]]}},{"type":"Feature","id":"way/83632548-0-0-0","properties":{"highway":"service","startNodeId":"973847026","endNodeId":"3495933625"},"geometry":{"type":"LineString","coordinates":[[103.9585141,1.3530023],[103.95851,1.3533469]]}},{"type":"Feature","id":"way/83632550-0-0-0","properties":{"highway":"service","startNodeId":"973847026","endNodeId":"3495933608"},"geometry":{"type":"LineString","coordinates":[[103.9585141,1.3530023],[103.9585248,1.3525773]]}},{"type":"Feature","id":"way/173767882-0-0-0","properties":{"foot":"no","highway":"secondary","lanes":"4","lit":"yes","maxspeed":"60","name":"Tampines Avenue 2","oneway":"yes","shoulder":"no","sidewalk:left":"separate","sidewalk:right":"no","surface":"asphalt","startNodeId":"4670075218","endNodeId":"960396163"},"geometry":{"type":"LineString","coordinates":[[103.9545022,1.3523366],[103.9545506,1.3524091]]}},{"type":"Feature","id":"way/173767883-0-0-0","properties":{"foot":"no","highway":"secondary","lanes":"2","lit":"yes","maxspeed":"60","name":"Tampines Avenue 2","oneway":"yes","shoulder":"no","sidewalk:left":"separate","sidewalk:right":"no","surface":"asphalt","startNodeId":"243678833","endNodeId":"878204957"},"geometry":{"type":"LineString","coordinates":[[103.9546479,1.3523442],[103.9546065,1.352276]]}},{"type":"Feature","id":"way/173767887-0-0-0","properties":{"highway":"secondary","lanes":"3","maxheight":"4.5","maxspeed":"60","name":"Tampines Avenue 2","oneway":"yes","sidewalk:left":"separate","sidewalk:right":"no","surface":"asphalt","startNodeId":"960396182","endNodeId":"8298935501"},"geometry":{"type":"LineString","coordinates":[[103.955154,1.3537849],[103.9551786,1.3538785]]}},{"type":"Feature","id":"way/173767887-0-1-0","properties":{"highway":"secondary","lanes":"3","maxheight":"4.5","maxspeed":"60","name":"Tampines Avenue 2","oneway":"yes","sidewalk:left":"separate","sidewalk:right":"no","surface":"asphalt","startNodeId":"8298935501","endNodeId":"13390530337"},"geometry":{"type":"LineString","coordinates":[[103.9551786,1.3538785],[103.9552256,1.3540369]]}},{"type":"Feature","id":"way/173767887-0-2-0","properties":{"highway":"secondary","lanes":"3","maxheight":"4.5","maxspeed":"60","name":"Tampines Avenue 2","oneway":"yes","sidewalk:left":"separate","sidewalk:right":"no","surface":"asphalt","startNodeId":"13390530337","endNodeId":"4602456636"},"geometry":{"type":"LineString","coordinates":[[103.9552256,1.3540369],[103.9552617,1.3541586]]}},{"type":"Feature","id":"way/173767887-0-3-0","properties":{"highway":"secondary","lanes":"3","maxheight":"4.5","maxspeed":"60","name":"Tampines Avenue 2","oneway":"yes","sidewalk:left":"separate","sidewalk:right":"no","surface":"asphalt","startNodeId":"4602456636","endNodeId":"6201631857"},"geometry":{"type":"LineString","coordinates":[[103.9552617,1.3541586],[103.9552976,1.3543119]]}},{"type":"Feature","id":"way/173767887-0-4-0","properties":{"highway":"secondary","lanes":"3","maxheight":"4.5","maxspeed":"60","name":"Tampines Avenue 2","oneway":"yes","sidewalk:left":"separate","sidewalk:right":"no","surface":"asphalt","startNodeId":"6201631857","endNodeId":"8112694809"},"geometry":{"type":"LineString","coordinates":[[103.9552976,1.3543119],[103.9553246,1.354458]]}},{"type":"Feature","id":"way/173767887-0-5-0","properties":{"highway":"secondary","lanes":"3","maxheight":"4.5","maxspeed":"60","name":"Tampines Avenue 2","oneway":"yes","sidewalk:left":"separate","sidewalk:right":"no","surface":"asphalt","startNodeId":"8112694809","endNodeId":"4774734734"},"geometry":{"type":"LineString","coordinates":[[103.9553246,1.354458],[103.9553306,1.3544904]]}},{"type":"Feature","id":"way/173767887-0-6-0","properties":{"highway":"secondary","lanes":"3","maxheight":"4.5","maxspeed":"60","name":"Tampines Avenue 2","oneway":"yes","sidewalk:left":"separate","sidewalk:right":"no","surface":"asphalt","startNodeId":"4774734734","endNodeId":"6971959256"},"geometry":{"type":"LineString","coordinates":[[103.9553306,1.3544904],[103.9553618,1.3548654]]}},{"type":"Feature","id":"way/173767887-0-7-0","properties":{"highway":"secondary","lanes":"3","maxheight":"4.5","maxspeed":"60","name":"Tampines Avenue 2","oneway":"yes","sidewalk:left":"separate","sidewalk:right":"no","surface":"asphalt","startNodeId":"6971959256","endNodeId":"4668551462"},"geometry":{"type":"LineString","coordinates":[[103.9553618,1.3548654],[103.9553818,1.3552416]]}},{"type":"Feature","id":"way/173767888-0-0-0","properties":{"foot":"no","highway":"secondary","lanes":"3","maxheight":"4.5","maxspeed":"60","name":"Tampines Avenue 2","oneway":"yes","shoulder":"no","sidewalk:left":"separate","sidewalk:right":"no","surface":"asphalt","startNodeId":"960396163","endNodeId":"8298935516"},"geometry":{"type":"LineString","coordinates":[[103.9545506,1.3524091],[103.9546725,1.3525982]]}},{"type":"Feature","id":"way/173767888-0-1-0","properties":{"foot":"no","highway":"secondary","lanes":"3","maxheight":"4.5","maxspeed":"60","name":"Tampines Avenue 2","oneway":"yes","shoulder":"no","sidewalk:left":"separate","sidewalk:right":"no","surface":"asphalt","startNodeId":"8298935516","endNodeId":"960396174"},"geometry":{"type":"LineString","coordinates":[[103.9546725,1.3525982],[103.9547961,1.352818]]}},{"type":"Feature","id":"way/173767889-0-0-0","properties":{"highway":"secondary","lanes":"3","maxspeed":"60","name":"Tampines Avenue 2","oneway":"yes","sidewalk:left":"separate","sidewalk:right":"no","surface":"asphalt","startNodeId":"4602456651","endNodeId":"4774736641"},"geometry":{"type":"LineString","coordinates":[[103.9551434,1.3534127],[103.9550534,1.3531559]]}},{"type":"Feature","id":"way/173767890-0-0-0","properties":{"highway":"secondary","lanes":"3","maxspeed":"60","name":"Tampines Avenue 2","oneway":"yes","sidewalk:left":"separate","sidewalk:right":"no","surface":"asphalt","startNodeId":"4427352112","endNodeId":"4774735937"},"geometry":{"type":"LineString","coordinates":[[103.9555039,1.355811],[103.9554903,1.3548533]]}},{"type":"Feature","id":"way/173767890-0-1-0","properties":{"highway":"secondary","lanes":"3","maxspeed":"60","name":"Tampines Avenue 2","oneway":"yes","sidewalk:left":"separate","sidewalk:right":"no","surface":"asphalt","startNodeId":"4774735937","endNodeId":"6969846717"},"geometry":{"type":"LineString","coordinates":[[103.9554903,1.3548533],[103.9554842,1.3547541]]}},{"type":"Feature","id":"way/223860470-0-0-0","properties":{"foot":"no","highway":"secondary","lanes":"2","lit":"yes","maxspeed":"60","name":"Tampines Street 31","oneway":"yes","shoulder":"no","sidewalk:left":"separate","sidewalk:right":"no","surface":"asphalt","startNodeId":"878204957","endNodeId":"4670075218"},"geometry":{"type":"LineString","coordinates":[[103.9546065,1.352276],[103.9545022,1.3523366]]}},{"type":"Feature","id":"way/445282992-0-0-0","properties":{"foot":"yes","highway":"secondary","lanes":"4","maxspeed":"60","name":"Tampines Avenue 2","oneway":"yes","sidewalk:left":"separate","sidewalk:right":"no","surface":"asphalt","turn:lanes":"left|through|right|right","startNodeId":"4427352111","endNodeId":"5157929957"},"geometry":{"type":"LineString","coordinates":[[103.9553836,1.3555177],[103.9553873,1.3558324]]}},{"type":"Feature","id":"way/445283040-0-7-0","properties":{"highway":"secondary_link","lanes":"1","maxspeed":"50","oneway":"yes","sidewalk:both":"separate","surface":"asphalt","startNodeId":"5186622837","endNodeId":"4427352112"},"geometry":{"type":"LineString","coordinates":[[103.9555422,1.3558823],[103.9555039,1.355811]]}},{"type":"Feature","id":"way/445716779-0-0-0","properties":{"highway":"secondary","lanes":"2","lit":"yes","maxspeed":"60","name":"Tampines Avenue 2","oneway":"yes","shoulder":"no","sidewalk:left":"separate","sidewalk:right":"no","surface":"asphalt","turn:lanes":"through|through","startNodeId":"4430972206","endNodeId":"243678833"},"geometry":{"type":"LineString","coordinates":[[103.9547838,1.3525741],[103.9546479,1.3523442]]}},{"type":"Feature","id":"way/445716780-0-0-0","properties":{"highway":"secondary","lanes":"2","lit":"yes","maxspeed":"60","name":"Tampines Avenue 2","oneway":"yes","shoulder":"no","sidewalk:left":"separate","sidewalk:right":"no","surface":"asphalt","startNodeId":"878204957","endNodeId":"8298945219"},"geometry":{"type":"LineString","coordinates":[[103.9546065,1.352276],[103.9545681,1.3522241]]}},{"type":"Feature","id":"way/445716780-0-1-0","properties":{"highway":"secondary","lanes":"2","lit":"yes","maxspeed":"60","name":"Tampines Avenue 2","oneway":"yes","shoulder":"no","sidewalk:left":"separate","sidewalk:right":"no","surface":"asphalt","startNodeId":"8298945219","endNodeId":"5952989647"},"geometry":{"type":"LineString","coordinates":[[103.9545681,1.3522241],[103.954455,1.3520669]]}},{"type":"Feature","id":"way/445716782-0-0-0","properties":{"highway":"secondary","lanes":"3","lit":"yes","maxspeed":"60","name":"Tampines Street 31","oneway":"yes","shoulder":"no","sidewalk:left":"separate","sidewalk:right":"no","surface":"asphalt","turn:lanes":"right|right|right","startNodeId":"4430972301","endNodeId":"5842510515"},"geometry":{"type":"LineString","coordinates":[[103.9548579,1.352099],[103.954667,1.3522317]]}},{"type":"Feature","id":"way/445716782-0-1-0","properties":{"highway":"secondary","lanes":"3","lit":"yes","maxspeed":"60","name":"Tampines Street 31","oneway":"yes","shoulder":"no","sidewalk:left":"separate","sidewalk:right":"no","surface":"asphalt","turn:lanes":"right|right|right","startNodeId":"5842510515","endNodeId":"878204957"},"geometry":{"type":"LineString","coordinates":[[103.954667,1.3522317],[103.9546065,1.352276]]}},{"type":"Feature","id":"way/445716783-0-0-0","properties":{"highway":"secondary","lanes":"2","lit":"yes","maxspeed":"60","name":"Tampines Street 31","oneway":"yes","shoulder":"no","sidewalk:left":"separate","sidewalk:right":"no","surface":"asphalt","startNodeId":"243678833","endNodeId":"5842510514"},"geometry":{"type":"LineString","coordinates":[[103.9546479,1.3523442],[103.9547127,1.3523024]]}},{"type":"Feature","id":"way/445716783-0-1-0","properties":{"highway":"secondary","lanes":"2","lit":"yes","maxspeed":"60","name":"Tampines Street 31","oneway":"yes","shoulder":"no","sidewalk:left":"separate","sidewalk:right":"no","surface":"asphalt","startNodeId":"5842510514","endNodeId":"4430972303"},"geometry":{"type":"LineString","coordinates":[[103.9547127,1.3523024],[103.9548863,1.3521719]]}},{"type":"Feature","id":"way/445716784-0-0-0","properties":{"highway":"secondary_link","lanes":"2","lit":"yes","maxspeed":"50","oneway":"yes","sidewalk:both":"separate","surface":"asphalt","turn:lanes":"left|left","startNodeId":"4430972206","endNodeId":"5186934240"},"geometry":{"type":"LineString","coordinates":[[103.9547838,1.3525741],[103.9547691,1.3524882]]}},{"type":"Feature","id":"way/445716784-0-1-0","properties":{"highway":"secondary_link","lanes":"2","lit":"yes","maxspeed":"50","oneway":"yes","sidewalk:both":"separate","surface":"asphalt","turn:lanes":"left|left","startNodeId":"5186934240","endNodeId":"4430972197"},"geometry":{"type":"LineString","coordinates":[[103.9547691,1.3524882],[103.9547671,1.3524272]]}},{"type":"Feature","id":"way/445716784-0-2-0","properties":{"highway":"secondary_link","lanes":"2","lit":"yes","maxspeed":"50","oneway":"yes","sidewalk:both":"separate","surface":"asphalt","turn:lanes":"left|left","startNodeId":"4430972197","endNodeId":"5842510513"},"geometry":{"type":"LineString","coordinates":[[103.9547671,1.3524272],[103.95477,1.3523909]]}},{"type":"Feature","id":"way/445716784-0-3-0","properties":{"highway":"secondary_link","lanes":"2","lit":"yes","maxspeed":"50","oneway":"yes","sidewalk:both":"separate","surface":"asphalt","turn:lanes":"left|left","startNodeId":"5842510513","endNodeId":"4430972193"},"geometry":{"type":"LineString","coordinates":[[103.95477,1.3523909],[103.9548207,1.3522947]]}},{"type":"Feature","id":"way/445716784-0-4-0","properties":{"highway":"secondary_link","lanes":"2","lit":"yes","maxspeed":"50","oneway":"yes","sidewalk:both":"separate","surface":"asphalt","turn:lanes":"left|left","startNodeId":"4430972193","endNodeId":"4430972303"},"geometry":{"type":"LineString","coordinates":[[103.9548207,1.3522947],[103.9548863,1.3521719]]}},{"type":"Feature","id":"way/447713245-0-0-0","properties":{"highway":"secondary_link","lanes":"1","lit":"yes","maxspeed":"50","oneway":"yes","sidewalk:both":"separate","surface":"asphalt","turn:lanes":"left","startNodeId":"4430972301","endNodeId":"4447803402"},"geometry":{"type":"LineString","coordinates":[[103.9548579,1.352099],[103.9547112,1.3521279]]}},{"type":"Feature","id":"way/447713245-0-1-0","properties":{"highway":"secondary_link","lanes":"1","lit":"yes","maxspeed":"50","oneway":"yes","sidewalk:both":"separate","surface":"asphalt","turn:lanes":"left","startNodeId":"4447803402","endNodeId":"5842510516"},"geometry":{"type":"LineString","coordinates":[[103.9547112,1.3521279],[103.9546318,1.3521314]]}},{"type":"Feature","id":"way/447713245-0-2-0","properties":{"highway":"secondary_link","lanes":"1","lit":"yes","maxspeed":"50","oneway":"yes","sidewalk:both":"separate","surface":"asphalt","turn:lanes":"left","startNodeId":"5842510516","endNodeId":"4447803401"},"geometry":{"type":"LineString","coordinates":[[103.9546318,1.3521314],[103.9545793,1.3521139]]}},{"type":"Feature","id":"way/447713245-0-3-0","properties":{"highway":"secondary_link","lanes":"1","lit":"yes","maxspeed":"50","oneway":"yes","sidewalk:both":"separate","surface":"asphalt","turn:lanes":"left","startNodeId":"4447803401","endNodeId":"5186934242"},"geometry":{"type":"LineString","coordinates":[[103.9545793,1.3521139],[103.9545299,1.3520904]]}},{"type":"Feature","id":"way/447713245-0-4-0","properties":{"highway":"secondary_link","lanes":"1","lit":"yes","maxspeed":"50","oneway":"yes","sidewalk:both":"separate","surface":"asphalt","turn:lanes":"left","startNodeId":"5186934242","endNodeId":"5186934241"},"geometry":{"type":"LineString","coordinates":[[103.9545299,1.3520904],[103.9544972,1.3520675]]}},{"type":"Feature","id":"way/447713245-0-5-0","properties":{"highway":"secondary_link","lanes":"1","lit":"yes","maxspeed":"50","oneway":"yes","sidewalk:both":"separate","surface":"asphalt","turn:lanes":"left","startNodeId":"5186934241","endNodeId":"4430972297"},"geometry":{"type":"LineString","coordinates":[[103.9544972,1.3520675],[103.954421,1.3520204]]}},{"type":"Feature","id":"way/465256069-0-0-0","properties":{"highway":"service","service":"driveway","sidewalk":"both","startNodeId":"973820513","endNodeId":"13338492791"},"geometry":{"type":"LineString","coordinates":[[103.9560049,1.3554661],[103.9560063,1.3557045]]}},{"type":"Feature","id":"way/465256069-0-1-0","properties":{"highway":"service","service":"driveway","sidewalk":"both","startNodeId":"13338492791","endNodeId":"13338492792"},"geometry":{"type":"LineString","coordinates":[[103.9560063,1.3557045],[103.9560293,1.3557313]]}},{"type":"Feature","id":"way/465256069-0-2-0","properties":{"highway":"service","service":"driveway","sidewalk":"both","startNodeId":"13338492792","endNodeId":"973820514"},"geometry":{"type":"LineString","coordinates":[[103.9560293,1.3557313],[103.9561024,1.3557343]]}},{"type":"Feature","id":"way/465256072-0-0-0","properties":{"highway":"secondary_link","lanes":"1","maxspeed":"50","oneway":"yes","sidewalk:both":"separate","surface":"asphalt","startNodeId":"4602456650","endNodeId":"4602456649"},"geometry":{"type":"LineString","coordinates":[[103.955026,1.3533527],[103.9549775,1.3535213]]}},{"type":"Feature","id":"way/465256072-0-1-0","properties":{"highway":"secondary_link","lanes":"1","maxspeed":"50","oneway":"yes","sidewalk:both":"separate","surface":"asphalt","startNodeId":"4602456649","endNodeId":"4602456648"},"geometry":{"type":"LineString","coordinates":[[103.9549775,1.3535213],[103.9549456,1.3536091]]}},{"type":"Feature","id":"way/465256072-0-2-0","properties":{"highway":"secondary_link","lanes":"1","maxspeed":"50","oneway":"yes","sidewalk:both":"separate","surface":"asphalt","startNodeId":"4602456648","endNodeId":"6201847149"},"geometry":{"type":"LineString","coordinates":[[103.9549456,1.3536091],[103.954914,1.3536596]]}},{"type":"Feature","id":"way/465256072-0-3-0","properties":{"highway":"secondary_link","lanes":"1","maxspeed":"50","oneway":"yes","sidewalk:both":"separate","surface":"asphalt","startNodeId":"6201847149","endNodeId":"4602456647"},"geometry":{"type":"LineString","coordinates":[[103.954914,1.3536596],[103.9548817,1.3536846]]}},{"type":"Feature","id":"way/465256072-0-4-0","properties":{"highway":"secondary_link","lanes":"1","maxspeed":"50","oneway":"yes","sidewalk:both":"separate","surface":"asphalt","startNodeId":"4602456647","endNodeId":"4602456646"},"geometry":{"type":"LineString","coordinates":[[103.9548817,1.3536846],[103.9548177,1.3537253]]}},{"type":"Feature","id":"way/465256072-0-5-0","properties":{"highway":"secondary_link","lanes":"1","maxspeed":"50","oneway":"yes","sidewalk:both":"separate","surface":"asphalt","startNodeId":"4602456646","endNodeId":"4602456645"},"geometry":{"type":"LineString","coordinates":[[103.9548177,1.3537253],[103.9547348,1.3537734]]}},{"type":"Feature","id":"way/465256073-0-0-0","properties":{"highway":"secondary_link","lanes":"2","maxspeed":"50","oneway":"yes","sidewalk:both":"separate","surface":"asphalt","startNodeId":"6201631863","endNodeId":"6201631861"},"geometry":{"type":"LineString","coordinates":[[103.9556267,1.3537763],[103.9555494,1.3537367]]}},{"type":"Feature","id":"way/465256073-0-1-0","properties":{"highway":"secondary_link","lanes":"2","maxspeed":"50","oneway":"yes","sidewalk:both":"separate","surface":"asphalt","startNodeId":"6201631861","endNodeId":"6201631862"},"geometry":{"type":"LineString","coordinates":[[103.9555494,1.3537367],[103.9554862,1.3537144]]}},{"type":"Feature","id":"way/465256073-0-2-0","properties":{"highway":"secondary_link","lanes":"2","maxspeed":"50","oneway":"yes","sidewalk:both":"separate","surface":"asphalt","startNodeId":"6201631862","endNodeId":"4602456654"},"geometry":{"type":"LineString","coordinates":[[103.9554862,1.3537144],[103.9554417,1.3536904]]}},{"type":"Feature","id":"way/465256073-0-3-0","properties":{"highway":"secondary_link","lanes":"2","maxspeed":"50","oneway":"yes","sidewalk:both":"separate","surface":"asphalt","startNodeId":"4602456654","endNodeId":"4602456653"},"geometry":{"type":"LineString","coordinates":[[103.9554417,1.3536904],[103.9553749,1.3536556]]}},{"type":"Feature","id":"way/465256073-0-4-0","properties":{"highway":"secondary_link","lanes":"2","maxspeed":"50","oneway":"yes","sidewalk:both":"separate","surface":"asphalt","startNodeId":"4602456653","endNodeId":"4602456652"},"geometry":{"type":"LineString","coordinates":[[103.9553749,1.3536556],[103.9553134,1.3536093]]}},{"type":"Feature","id":"way/465256073-0-5-0","properties":{"highway":"secondary_link","lanes":"2","maxspeed":"50","oneway":"yes","sidewalk:both":"separate","surface":"asphalt","startNodeId":"4602456652","endNodeId":"6201631860"},"geometry":{"type":"LineString","coordinates":[[103.9553134,1.3536093],[103.955283,1.3535826]]}},{"type":"Feature","id":"way/465256073-0-6-0","properties":{"highway":"secondary_link","lanes":"2","maxspeed":"50","oneway":"yes","sidewalk:both":"separate","surface":"asphalt","startNodeId":"6201631860","endNodeId":"6201631859"},"geometry":{"type":"LineString","coordinates":[[103.955283,1.3535826],[103.9552314,1.3535292]]}},{"type":"Feature","id":"way/465256073-0-7-0","properties":{"highway":"secondary_link","lanes":"2","maxspeed":"50","oneway":"yes","sidewalk:both":"separate","surface":"asphalt","startNodeId":"6201631859","endNodeId":"4602456651"},"geometry":{"type":"LineString","coordinates":[[103.9552314,1.3535292],[103.9551434,1.3534127]]}},{"type":"Feature","id":"way/465283957-0-1-0","properties":{"highway":"service","sidewalk":"both","startNodeId":"973820476","endNodeId":"973820477"},"geometry":{"type":"LineString","coordinates":[[103.9587941,1.3550478],[103.9585273,1.35504]]}},{"type":"Feature","id":"way/465283968-0-0-0","properties":{"highway":"service","startNodeId":"960387098","endNodeId":"960387100"},"geometry":{"type":"LineString","coordinates":[[103.9569742,1.3522179],[103.9570671,1.3522179]]}},{"type":"Feature","id":"way/465283970-0-0-0","properties":{"highway":"service","startNodeId":"960387033","endNodeId":"960387034"},"geometry":{"type":"LineString","coordinates":[[103.9569663,1.3534634],[103.9570646,1.3534629]]}},{"type":"Feature","id":"way/465283971-0-0-0","properties":{"highway":"service","sidewalk":"both","startNodeId":"960387077","endNodeId":"960387079"},"geometry":{"type":"LineString","coordinates":[[103.9574251,1.3525486],[103.9577145,1.3525497]]}},{"type":"Feature","id":"way/465283972-0-0-0","properties":{"highway":"service","sidewalk":"both","startNodeId":"960386988","endNodeId":"960387047"},"geometry":{"type":"LineString","coordinates":[[103.9560622,1.3531124],[103.9560694,1.3528032]]}},{"type":"Feature","id":"way/465283974-0-0-0","properties":{"highway":"service","sidewalk":"right","startNodeId":"960386988","endNodeId":"8301982106"},"geometry":{"type":"LineString","coordinates":[[103.9560622,1.3531124],[103.9562336,1.353113]]}},{"type":"Feature","id":"way/465283974-0-1-0","properties":{"highway":"service","sidewalk":"right","startNodeId":"8301982106","endNodeId":"960386991"},"geometry":{"type":"LineString","coordinates":[[103.9562336,1.353113],[103.9566483,1.3531132]]}},{"type":"Feature","id":"way/465283975-0-0-0","properties":{"highway":"service","sidewalk":"both","startNodeId":"960373768","endNodeId":"960386976"},"geometry":{"type":"LineString","coordinates":[[103.956063,1.3533369],[103.9560627,1.3533004]]}},{"type":"Feature","id":"way/465283981-0-0-0","properties":{"highway":"service","sidewalk":"both","startNodeId":"960392432","endNodeId":"960392434"},"geometry":{"type":"LineString","coordinates":[[103.9580682,1.3512423],[103.9580702,1.3517455]]}},{"type":"Feature","id":"way/465283981-0-1-0","properties":{"highway":"service","sidewalk":"both","startNodeId":"960392434","endNodeId":"4602716415"},"geometry":{"type":"LineString","coordinates":[[103.9580702,1.3517455],[103.9580796,1.351777]]}},{"type":"Feature","id":"way/465283981-0-2-0","properties":{"highway":"service","sidewalk":"both","startNodeId":"4602716415","endNodeId":"4602716416"},"geometry":{"type":"LineString","coordinates":[[103.9580796,1.351777],[103.9581024,1.3517964]]}},{"type":"Feature","id":"way/465283981-0-3-0","properties":{"highway":"service","sidewalk":"both","startNodeId":"4602716416","endNodeId":"960392435"},"geometry":{"type":"LineString","coordinates":[[103.9581024,1.3517964],[103.9583143,1.3518005]]}},{"type":"Feature","id":"way/465283981-0-4-0","properties":{"highway":"service","sidewalk":"both","startNodeId":"960392435","endNodeId":"5187142617"},"geometry":{"type":"LineString","coordinates":[[103.9583143,1.3518005],[103.9583357,1.3517904]]}},{"type":"Feature","id":"way/465283981-0-5-0","properties":{"highway":"service","sidewalk":"both","startNodeId":"5187142617","endNodeId":"5187142616"},"geometry":{"type":"LineString","coordinates":[[103.9583357,1.3517904],[103.9583471,1.3517689]]}},{"type":"Feature","id":"way/465283981-0-6-0","properties":{"highway":"service","sidewalk":"both","startNodeId":"5187142616","endNodeId":"5187142615"},"geometry":{"type":"LineString","coordinates":[[103.9583471,1.3517689],[103.9583525,1.3517401]]}},{"type":"Feature","id":"way/465283981-0-7-0","properties":{"highway":"service","sidewalk":"both","startNodeId":"5187142615","endNodeId":"5187142614"},"geometry":{"type":"LineString","coordinates":[[103.9583525,1.3517401],[103.9583485,1.3517146]]}},{"type":"Feature","id":"way/465283981-0-8-0","properties":{"highway":"service","sidewalk":"both","startNodeId":"5187142614","endNodeId":"5187142613"},"geometry":{"type":"LineString","coordinates":[[103.9583485,1.3517146],[103.9583317,1.3516784]]}},{"type":"Feature","id":"way/465283981-0-9-0","properties":{"highway":"service","sidewalk":"both","startNodeId":"5187142613","endNodeId":"5187142612"},"geometry":{"type":"LineString","coordinates":[[103.9583317,1.3516784],[103.9583022,1.3516483]]}},{"type":"Feature","id":"way/465283983-0-0-0","properties":{"highway":"service","sidewalk":"both","startNodeId":"973820477","endNodeId":"973820480"},"geometry":{"type":"LineString","coordinates":[[103.9585273,1.35504],[103.9584333,1.3553726]]}},{"type":"Feature","id":"way/465283986-0-1-0","properties":{"highway":"service","lanes":"2","lanes:backward":"1","lanes:forward":"1","startNodeId":"4688662516","endNodeId":"6948232543"},"geometry":{"type":"LineString","coordinates":[[103.958831,1.353005],[103.9587173,1.3530058]]}},{"type":"Feature","id":"way/465283995-0-0-0","properties":{"highway":"service","service":"driveway","sidewalk":"both","startNodeId":"973820506","endNodeId":"13338492797"},"geometry":{"type":"LineString","coordinates":[[103.9568385,1.3557017],[103.9574636,1.3557032]]}},{"type":"Feature","id":"way/465283995-0-1-0","properties":{"highway":"service","service":"driveway","sidewalk":"both","startNodeId":"13338492797","endNodeId":"13338492798"},"geometry":{"type":"LineString","coordinates":[[103.9574636,1.3557032],[103.9574954,1.3557146]]}},{"type":"Feature","id":"way/465283995-0-2-0","properties":{"highway":"service","service":"driveway","sidewalk":"both","startNodeId":"13338492798","endNodeId":"973820518"},"geometry":{"type":"LineString","coordinates":[[103.9574954,1.3557146],[103.9575343,1.3557487]]}},{"type":"Feature","id":"way/465283996-0-0-0","properties":{"highway":"service","service":"driveway","sidewalk":"both","startNodeId":"973820510","endNodeId":"973820512"},"geometry":{"type":"LineString","coordinates":[[103.9568361,1.355461],[103.9564103,1.3554615]]}},{"type":"Feature","id":"way/465283997-0-1-0","properties":{"highway":"service","service":"parking_aisle","startNodeId":"8313504095","endNodeId":"899030759"},"geometry":{"type":"LineString","coordinates":[[103.954065,1.3542392],[103.954653,1.3542388]]}},{"type":"Feature","id":"way/465283997-0-2-0","properties":{"highway":"service","service":"parking_aisle","startNodeId":"899030759","endNodeId":"4602716488"},"geometry":{"type":"LineString","coordinates":[[103.954653,1.3542388],[103.9546852,1.3542522]]}},{"type":"Feature","id":"way/465297721-0-0-0","properties":{"highway":"service","oneway":"yes","service":"parking_aisle","sidewalk":"no","surface":"asphalt","turn:lanes":"right","startNodeId":"5256573637","endNodeId":"5256573636"},"geometry":{"type":"LineString","coordinates":[[103.9546845,1.3515212],[103.9547747,1.3515282]]}},{"type":"Feature","id":"way/465297721-0-1-0","properties":{"highway":"service","oneway":"yes","service":"parking_aisle","sidewalk":"no","surface":"asphalt","turn:lanes":"right","startNodeId":"5256573636","endNodeId":"5256573635"},"geometry":{"type":"LineString","coordinates":[[103.9547747,1.3515282],[103.9548009,1.3515205]]}},{"type":"Feature","id":"way/465297721-0-2-0","properties":{"highway":"service","oneway":"yes","service":"parking_aisle","sidewalk":"no","surface":"asphalt","turn:lanes":"right","startNodeId":"5256573635","endNodeId":"5256573634"},"geometry":{"type":"LineString","coordinates":[[103.9548009,1.3515205],[103.9549393,1.3513939]]}},{"type":"Feature","id":"way/465297721-0-3-0","properties":{"highway":"service","oneway":"yes","service":"parking_aisle","sidewalk":"no","surface":"asphalt","turn:lanes":"right","startNodeId":"5256573634","endNodeId":"5256573633"},"geometry":{"type":"LineString","coordinates":[[103.9549393,1.3513939],[103.9549452,1.3513768]]}},{"type":"Feature","id":"way/472655198-0-0-0","properties":{"foot":"no","highway":"secondary","lanes":"3","maxspeed":"60","name":"Tampines Avenue 2","oneway":"yes","sidewalk:left":"separate","sidewalk:right":"no","surface":"asphalt","startNodeId":"960396174","endNodeId":"6201847144"},"geometry":{"type":"LineString","coordinates":[[103.9547961,1.352818],[103.9548624,1.3529495]]}},{"type":"Feature","id":"way/472655198-0-1-0","properties":{"foot":"no","highway":"secondary","lanes":"3","maxspeed":"60","name":"Tampines Avenue 2","oneway":"yes","sidewalk:left":"separate","sidewalk:right":"no","surface":"asphalt","startNodeId":"6201847144","endNodeId":"960396179"},"geometry":{"type":"LineString","coordinates":[[103.9548624,1.3529495],[103.9549604,1.3531785]]}},{"type":"Feature","id":"way/472655199-0-0-0","properties":{"highway":"secondary","lanes":"4","maxspeed":"60","name":"Tampines Avenue 2","oneway":"yes","sidewalk:left":"separate","sidewalk:right":"no","surface":"asphalt","turn:lanes":"through|through|right|right","startNodeId":"4602456650","endNodeId":"8298935507"},"geometry":{"type":"LineString","coordinates":[[103.955026,1.3533527],[103.9551291,1.3537004]]}},{"type":"Feature","id":"way/472655199-0-1-0","properties":{"highway":"secondary","lanes":"4","maxspeed":"60","name":"Tampines Avenue 2","oneway":"yes","sidewalk:left":"separate","sidewalk:right":"no","surface":"asphalt","turn:lanes":"through|through|right|right","startNodeId":"8298935507","endNodeId":"960396182"},"geometry":{"type":"LineString","coordinates":[[103.9551291,1.3537004],[103.955154,1.3537849]]}},{"type":"Feature","id":"way/472655200-0-0-0","properties":{"foot":"no","highway":"secondary","lanes":"4","maxspeed":"60","name":"Tampines Avenue 2","oneway":"yes","sidewalk:left":"separate","sidewalk:right":"no","surface":"asphalt","turn:lanes":"left;through|through|right|right","startNodeId":"960396179","endNodeId":"4602456650"},"geometry":{"type":"LineString","coordinates":[[103.9549604,1.3531785],[103.955026,1.3533527]]}},{"type":"Feature","id":"way/472658686-0-0-0","properties":{"foot":"yes","highway":"secondary","lanes":"3","maxspeed":"60","name":"Tampines Avenue 2","oneway":"yes","sidewalk:left":"separate","sidewalk:right":"no","surface":"asphalt","turn:lanes":"left|through|right","startNodeId":"4668551462","endNodeId":"4427352111"},"geometry":{"type":"LineString","coordinates":[[103.9553818,1.3552416],[103.9553836,1.3555177]]}},{"type":"Feature","id":"way/472791899-0-0-0","properties":{"highway":"secondary","lanes":"3","lit":"yes","maxspeed":"60","name":"Tampines Street 31","oneway":"yes","shoulder":"no","sidewalk":"left","surface":"asphalt","turn:lanes":"left|right|right","startNodeId":"1726694063","endNodeId":"4430972301"},"geometry":{"type":"LineString","coordinates":[[103.9551204,1.3519136],[103.9548579,1.352099]]}},{"type":"Feature","id":"way/472791901-0-0-0","properties":{"highway":"secondary","lanes":"5","maxspeed":"60","name":"Tampines Avenue 2","oneway":"yes","sidewalk:left":"separate","sidewalk:right":"no","surface":"asphalt","turn:lanes":"left|through|through|through|right","startNodeId":"960396358","endNodeId":"6201631858"},"geometry":{"type":"LineString","coordinates":[[103.9554648,1.3544885],[103.9554281,1.3542847]]}},{"type":"Feature","id":"way/472791901-0-1-0","properties":{"highway":"secondary","lanes":"5","maxspeed":"60","name":"Tampines Avenue 2","oneway":"yes","sidewalk:left":"separate","sidewalk:right":"no","surface":"asphalt","turn:lanes":"left|through|through|through|right","startNodeId":"6201631858","endNodeId":"4602456644"},"geometry":{"type":"LineString","coordinates":[[103.9554281,1.3542847],[103.9553853,1.3541313]]}},{"type":"Feature","id":"way/472791901-0-2-0","properties":{"highway":"secondary","lanes":"5","maxspeed":"60","name":"Tampines Avenue 2","oneway":"yes","sidewalk:left":"separate","sidewalk:right":"no","surface":"asphalt","turn:lanes":"left|through|through|through|right","startNodeId":"4602456644","endNodeId":"13390530325"},"geometry":{"type":"LineString","coordinates":[[103.9553853,1.3541313],[103.9553591,1.3540514]]}},{"type":"Feature","id":"way/472791901-0-3-0","properties":{"highway":"secondary","lanes":"5","maxspeed":"60","name":"Tampines Avenue 2","oneway":"yes","sidewalk:left":"separate","sidewalk:right":"no","surface":"asphalt","turn:lanes":"left|through|through|through|right","startNodeId":"13390530325","endNodeId":"8298935502"},"geometry":{"type":"LineString","coordinates":[[103.9553591,1.3540514],[103.9553039,1.3538754]]}},{"type":"Feature","id":"way/472791901-0-4-0","properties":{"highway":"secondary","lanes":"5","maxspeed":"60","name":"Tampines Avenue 2","oneway":"yes","sidewalk:left":"separate","sidewalk:right":"no","surface":"asphalt","turn:lanes":"left|through|through|through|right","startNodeId":"8298935502","endNodeId":"960396188"},"geometry":{"type":"LineString","coordinates":[[103.9553039,1.3538754],[103.9552763,1.353785]]}},{"type":"Feature","id":"way/586938791-0-0-0","properties":{"highway":"secondary","lanes":"3","maxspeed":"60","name":"Tampines Avenue 2","oneway":"yes","sidewalk:left":"separate","sidewalk:right":"no","surface":"asphalt","startNodeId":"960396188","endNodeId":"8298935506"},"geometry":{"type":"LineString","coordinates":[[103.9552763,1.353785],[103.9552458,1.3536993]]}},{"type":"Feature","id":"way/586938791-0-1-0","properties":{"highway":"secondary","lanes":"3","maxspeed":"60","name":"Tampines Avenue 2","oneway":"yes","sidewalk:left":"separate","sidewalk:right":"no","surface":"asphalt","startNodeId":"8298935506","endNodeId":"4602456651"},"geometry":{"type":"LineString","coordinates":[[103.9552458,1.3536993],[103.9551434,1.3534127]]}},{"type":"Feature","id":"way/586938809-0-0-0","properties":{"highway":"residential","lanes":"4","lanes:backward":"2","lanes:forward":"2","maxspeed":"40","name":"Tampines Street 32","sidewalk":"no","source":"Yahoo aerial images","surface":"asphalt","startNodeId":"960396188","endNodeId":"12811161468"},"geometry":{"type":"LineString","coordinates":[[103.9552763,1.353785],[103.9552112,1.3537849]]}},{"type":"Feature","id":"way/586938809-0-1-0","properties":{"highway":"residential","lanes":"4","lanes:backward":"2","lanes:forward":"2","maxspeed":"40","name":"Tampines Street 32","sidewalk":"no","source":"Yahoo aerial images","surface":"asphalt","startNodeId":"12811161468","endNodeId":"960396182"},"geometry":{"type":"LineString","coordinates":[[103.9552112,1.3537849],[103.955154,1.3537849]]}},{"type":"Feature","id":"way/586938812-0-0-0","properties":{"highway":"residential","lanes":"3","lanes:backward":"2","lanes:forward":"1","maxspeed":"50","name":"Tampines Street 23","sidewalk:both":"separate","source":"Yahoo aerial images","surface":"asphalt","turn:lanes:backward":"left;through|right","startNodeId":"960396182","endNodeId":"8298935499"},"geometry":{"type":"LineString","coordinates":[[103.955154,1.3537849],[103.9550918,1.3537838]]}},{"type":"Feature","id":"way/586938812-0-1-0","properties":{"highway":"residential","lanes":"3","lanes:backward":"2","lanes:forward":"1","maxspeed":"50","name":"Tampines Street 23","sidewalk:both":"separate","source":"Yahoo aerial images","surface":"asphalt","turn:lanes:backward":"left;through|right","startNodeId":"8298935499","endNodeId":"13390530333"},"geometry":{"type":"LineString","coordinates":[[103.9550918,1.3537838],[103.9547654,1.3537743]]}},{"type":"Feature","id":"way/598504843-0-0-0","properties":{"highway":"service","motor_vehicle":"permit","service":"parking_aisle","sidewalk":"no","surface":"asphalt","startNodeId":"5115800060","endNodeId":"5115800059"},"geometry":{"type":"LineString","coordinates":[[103.9545203,1.3530906],[103.9545833,1.3530499]]}},{"type":"Feature","id":"way/598504843-0-1-0","properties":{"highway":"service","motor_vehicle":"permit","service":"parking_aisle","sidewalk":"no","surface":"asphalt","startNodeId":"5115800059","endNodeId":"13390539754"},"geometry":{"type":"LineString","coordinates":[[103.9545833,1.3530499],[103.9546188,1.3530288]]}},{"type":"Feature","id":"way/598504843-0-2-0","properties":{"highway":"service","motor_vehicle":"permit","service":"parking_aisle","sidewalk":"no","surface":"asphalt","startNodeId":"13390539754","endNodeId":"13390539755"},"geometry":{"type":"LineString","coordinates":[[103.9546188,1.3530288],[103.9546418,1.3530247]]}},{"type":"Feature","id":"way/598504843-0-3-0","properties":{"highway":"service","motor_vehicle":"permit","service":"parking_aisle","sidewalk":"no","surface":"asphalt","startNodeId":"13390539755","endNodeId":"5115800058"},"geometry":{"type":"LineString","coordinates":[[103.9546418,1.3530247],[103.9546636,1.3530288]]}},{"type":"Feature","id":"way/598504843-0-4-0","properties":{"highway":"service","motor_vehicle":"permit","service":"parking_aisle","sidewalk":"no","surface":"asphalt","startNodeId":"5115800058","endNodeId":"5115800057"},"geometry":{"type":"LineString","coordinates":[[103.9546636,1.3530288],[103.9546911,1.3530536]]}},{"type":"Feature","id":"way/598504843-0-5-0","properties":{"highway":"service","motor_vehicle":"permit","service":"parking_aisle","sidewalk":"no","surface":"asphalt","startNodeId":"5115800057","endNodeId":"8298935488"},"geometry":{"type":"LineString","coordinates":[[103.9546911,1.3530536],[103.9547498,1.3531266]]}},{"type":"Feature","id":"way/598504843-0-6-0","properties":{"highway":"service","motor_vehicle":"permit","service":"parking_aisle","sidewalk":"no","surface":"asphalt","startNodeId":"8298935488","endNodeId":"5115800056"},"geometry":{"type":"LineString","coordinates":[[103.9547498,1.3531266],[103.9547706,1.3531698]]}},{"type":"Feature","id":"way/598504843-0-7-0","properties":{"highway":"service","motor_vehicle":"permit","service":"parking_aisle","sidewalk":"no","surface":"asphalt","startNodeId":"5115800056","endNodeId":"5115800055"},"geometry":{"type":"LineString","coordinates":[[103.9547706,1.3531698],[103.9547885,1.3532495]]}},{"type":"Feature","id":"way/598504843-0-8-0","properties":{"highway":"service","motor_vehicle":"permit","service":"parking_aisle","sidewalk":"no","surface":"asphalt","startNodeId":"5115800055","endNodeId":"5115800054"},"geometry":{"type":"LineString","coordinates":[[103.9547885,1.3532495],[103.9548049,1.3533892]]}},{"type":"Feature","id":"way/630431063-0-0-0","properties":{"foot":"no","highway":"secondary","lanes":"3","lit":"yes","maxspeed":"60","name":"Tampines Avenue 2","oneway":"yes","shoulder":"no","sidewalk:left":"separate","sidewalk:right":"no","surface":"asphalt","startNodeId":"5952989647","endNodeId":"4430972297"},"geometry":{"type":"LineString","coordinates":[[103.954455,1.3520669],[103.954421,1.3520204]]}},{"type":"Feature","id":"way/630431064-0-0-0","properties":{"foot":"no","highway":"secondary","lanes":"4","lit":"yes","maxspeed":"60","name":"Tampines Avenue 2","oneway":"yes","shoulder":"no","sidewalk:left":"separate","sidewalk:right":"no","surface":"asphalt","turn:lanes":"through|through|right|right","startNodeId":"5952989648","endNodeId":"8298945218"},"geometry":{"type":"LineString","coordinates":[[103.9543621,1.3521456],[103.9544709,1.352294]]}},{"type":"Feature","id":"way/630431064-0-1-0","properties":{"foot":"no","highway":"secondary","lanes":"4","lit":"yes","maxspeed":"60","name":"Tampines Avenue 2","oneway":"yes","shoulder":"no","sidewalk:left":"separate","sidewalk:right":"no","surface":"asphalt","turn:lanes":"through|through|right|right","startNodeId":"8298945218","endNodeId":"4670075218"},"geometry":{"type":"LineString","coordinates":[[103.9544709,1.352294],[103.9545022,1.3523366]]}},{"type":"Feature","id":"way/646364752-0-0-0","properties":{"highway":"service","service":"driveway","sidewalk":"both","startNodeId":"973820503","endNodeId":"973820506"},"geometry":{"type":"LineString","coordinates":[[103.9568423,1.3557628],[103.9568385,1.3557017]]}},{"type":"Feature","id":"way/646364757-0-0-0","properties":{"highway":"service","sidewalk":"left","startNodeId":"973820457","endNodeId":"973820465"},"geometry":{"type":"LineString","coordinates":[[103.9585114,1.3542586],[103.958895,1.3542633]]}},{"type":"Feature","id":"way/646364759-0-0-0","properties":{"highway":"service","lanes":"2","lanes:backward":"1","lanes:forward":"1","sidewalk":"both","turn:lanes:backward":"left;right","turn:lanes:forward":"through","startNodeId":"973820454","endNodeId":"8298871333"},"geometry":{"type":"LineString","coordinates":[[103.9585077,1.3537761],[103.9585081,1.353841]]}},{"type":"Feature","id":"way/646364759-0-1-0","properties":{"highway":"service","lanes":"2","lanes:backward":"1","lanes:forward":"1","sidewalk":"both","turn:lanes:backward":"left;right","turn:lanes:forward":"through","startNodeId":"8298871333","endNodeId":"6932177752"},"geometry":{"type":"LineString","coordinates":[[103.9585081,1.353841],[103.9585108,1.3539523]]}},{"type":"Feature","id":"way/646375323-0-0-0","properties":{"highway":"service","service":"driveway","sidewalk":"both","startNodeId":"973820512","endNodeId":"973820513"},"geometry":{"type":"LineString","coordinates":[[103.9564103,1.3554615],[103.9560049,1.3554661]]}},{"type":"Feature","id":"way/646634517-0-0-0","properties":{"highway":"service","lanes":"2","lanes:backward":"1","lanes:forward":"1","sidewalk":"both","turn:lanes:backward":"left;right","turn:lanes:forward":"through","startNodeId":"5607188657","endNodeId":"7928619502"},"geometry":{"type":"LineString","coordinates":[[103.9560596,1.3537816],[103.9560601,1.3537193]]}},{"type":"Feature","id":"way/646634517-0-1-0","properties":{"highway":"service","lanes":"2","lanes:backward":"1","lanes:forward":"1","sidewalk":"both","turn:lanes:backward":"left;right","turn:lanes:forward":"through","startNodeId":"7928619502","endNodeId":"7333947178"},"geometry":{"type":"LineString","coordinates":[[103.9560601,1.3537193],[103.9560619,1.3535508]]}},{"type":"Feature","id":"way/646646028-0-0-0","properties":{"highway":"residential","lanes":"3","lanes:backward":"2","lanes:forward":"1","maxspeed":"50","name":"Tampines Street 23","sidewalk":"both","source":"Yahoo aerial images","surface":"asphalt","turn:lanes:backward":"left;through|right","turn:lanes:forward":"left;through","startNodeId":"4602456645","endNodeId":"6913550842"},"geometry":{"type":"LineString","coordinates":[[103.9547348,1.3537734],[103.9543393,1.3537686]]}},{"type":"Feature","id":"way/646668396-0-0-0","properties":{"highway":"service","sidewalk":"both","startNodeId":"960387076","endNodeId":"960387077"},"geometry":{"type":"LineString","coordinates":[[103.9574269,1.3529276],[103.9574251,1.3525486]]}},{"type":"Feature","id":"way/646668617-0-0-0","properties":{"highway":"service","lanes":"2","lanes:backward":"1","lanes:forward":"1","sidewalk":"both","startNodeId":"973820329","endNodeId":"7290225542"},"geometry":{"type":"LineString","coordinates":[[103.9574225,1.3516927],[103.9574228,1.3514666]]}},{"type":"Feature","id":"way/646819510-0-0-0","properties":{"highway":"service","lanes":"1","oneway":"yes","service":"parking_aisle","sidewalk":"no","surface":"asphalt","turn:lanes":"right","startNodeId":"5256573639","endNodeId":"5256573638"},"geometry":{"type":"LineString","coordinates":[[103.9545369,1.3513411],[103.9546608,1.351507]]}},{"type":"Feature","id":"way/646819510-0-1-0","properties":{"highway":"service","lanes":"1","oneway":"yes","service":"parking_aisle","sidewalk":"no","surface":"asphalt","turn:lanes":"right","startNodeId":"5256573638","endNodeId":"5256573637"},"geometry":{"type":"LineString","coordinates":[[103.9546608,1.351507],[103.9546845,1.3515212]]}},{"type":"Feature","id":"way/646980809-0-0-0","properties":{"highway":"service","service":"parking_aisle","startNodeId":"899030781","endNodeId":"899030802"},"geometry":{"type":"LineString","coordinates":[[103.9546959,1.3545204],[103.9547,1.3546062]]}},{"type":"Feature","id":"way/646980810-0-0-0","properties":{"highway":"service","service":"parking_aisle","startNodeId":"4602716488","endNodeId":"4602716487"},"geometry":{"type":"LineString","coordinates":[[103.9546852,1.3542522],[103.9546946,1.3542938]]}},{"type":"Feature","id":"way/646980810-0-1-0","properties":{"highway":"service","service":"parking_aisle","startNodeId":"4602716487","endNodeId":"899030781"},"geometry":{"type":"LineString","coordinates":[[103.9546946,1.3542938],[103.9546959,1.3545204]]}},{"type":"Feature","id":"way/646981255-0-0-0","properties":{"highway":"service","service":"parking_aisle","sidewalk":"left","startNodeId":"899030802","endNodeId":"899030821"},"geometry":{"type":"LineString","coordinates":[[103.9547,1.3546062],[103.9547018,1.3549617]]}},{"type":"Feature","id":"way/646981526-0-0-0","properties":{"highway":"service","service":"parking_aisle","startNodeId":"899030884","endNodeId":"899030901"},"geometry":{"type":"LineString","coordinates":[[103.9544994,1.3552914],[103.9544894,1.3556218]]}},{"type":"Feature","id":"way/646981526-0-1-0","properties":{"highway":"service","service":"parking_aisle","startNodeId":"899030901","endNodeId":"4602716490"},"geometry":{"type":"LineString","coordinates":[[103.9544894,1.3556218],[103.9544679,1.3556674]]}},{"type":"Feature","id":"way/646981526-0-2-0","properties":{"highway":"service","service":"parking_aisle","startNodeId":"4602716490","endNodeId":"4602716489"},"geometry":{"type":"LineString","coordinates":[[103.9544679,1.3556674],[103.9544344,1.3556955]]}},{"type":"Feature","id":"way/647087576-0-0-0","properties":{"highway":"service","startNodeId":"960386991","endNodeId":"960387044"},"geometry":{"type":"LineString","coordinates":[[103.9566483,1.3531132],[103.9566475,1.353009]]}},{"type":"Feature","id":"way/647097939-0-0-0","properties":{"highway":"service","sidewalk":"both","startNodeId":"960386996","endNodeId":"960387076"},"geometry":{"type":"LineString","coordinates":[[103.9574222,1.353159],[103.9574269,1.3529276]]}},{"type":"Feature","id":"way/647097940-0-0-0","properties":{"highway":"service","lanes":"2","lanes:backward":"1","lanes:forward":"1","sidewalk":"both","turn:lanes:backward":"left;right","turn:lanes:forward":"through","startNodeId":"6199990084","endNodeId":"8298804141"},"geometry":{"type":"LineString","coordinates":[[103.9579137,1.3531406],[103.9578562,1.3531428]]}},{"type":"Feature","id":"way/647097940-0-1-0","properties":{"highway":"service","lanes":"2","lanes:backward":"1","lanes:forward":"1","sidewalk":"both","turn:lanes:backward":"left;right","turn:lanes:forward":"through","startNodeId":"8298804141","endNodeId":"960386996"},"geometry":{"type":"LineString","coordinates":[[103.9578562,1.3531428],[103.9574222,1.353159]]}},{"type":"Feature","id":"way/647097941-0-0-0","properties":{"highway":"service","sidewalk":"both","startNodeId":"960386995","endNodeId":"960386994"},"geometry":{"type":"LineString","coordinates":[[103.9573309,1.3532553],[103.9569671,1.353256]]}},{"type":"Feature","id":"way/647097942-0-0-0","properties":{"highway":"service","sidewalk":"both","startNodeId":"960386996","endNodeId":"5187142589"},"geometry":{"type":"LineString","coordinates":[[103.9574222,1.353159],[103.9573945,1.3531811]]}},{"type":"Feature","id":"way/647097942-0-1-0","properties":{"highway":"service","sidewalk":"both","startNodeId":"5187142589","endNodeId":"4602716434"},"geometry":{"type":"LineString","coordinates":[[103.9573945,1.3531811],[103.9573687,1.3532114]]}},{"type":"Feature","id":"way/647097942-0-2-0","properties":{"highway":"service","sidewalk":"both","startNodeId":"4602716434","endNodeId":"960386995"},"geometry":{"type":"LineString","coordinates":[[103.9573687,1.3532114],[103.9573309,1.3532553]]}},{"type":"Feature","id":"way/647098097-0-0-0","properties":{"highway":"service","sidewalk":"both","startNodeId":"960387077","endNodeId":"960387087"},"geometry":{"type":"LineString","coordinates":[[103.9574251,1.3525486],[103.957327,1.3524495]]}},{"type":"Feature","id":"way/647099521-0-0-0","properties":{"highway":"residential","lanes":"1","maxspeed":"50","name":"Tampines Street 33","oneway":"yes","sidewalk:left":"separate","sidewalk:right":"no","source":"Yahoo aerial images","surface":"asphalt","startNodeId":"5607188656","endNodeId":"7928619509"},"geometry":{"type":"LineString","coordinates":[[103.9579508,1.3537748],[103.9579503,1.3536607]]}},{"type":"Feature","id":"way/647099521-0-1-0","properties":{"highway":"residential","lanes":"1","maxspeed":"50","name":"Tampines Street 33","oneway":"yes","sidewalk:left":"separate","sidewalk:right":"no","source":"Yahoo aerial images","surface":"asphalt","startNodeId":"7928619509","endNodeId":"6199990085"},"geometry":{"type":"LineString","coordinates":[[103.9579503,1.3536607],[103.9579475,1.3533091]]}},{"type":"Feature","id":"way/647099521-0-2-0","properties":{"highway":"residential","lanes":"1","maxspeed":"50","name":"Tampines Street 33","oneway":"yes","sidewalk:left":"separate","sidewalk:right":"no","source":"Yahoo aerial images","surface":"asphalt","startNodeId":"6199990085","endNodeId":"6199990077"},"geometry":{"type":"LineString","coordinates":[[103.9579475,1.3533091],[103.9579457,1.3532814]]}},{"type":"Feature","id":"way/647099521-0-3-0","properties":{"highway":"residential","lanes":"1","maxspeed":"50","name":"Tampines Street 33","oneway":"yes","sidewalk:left":"separate","sidewalk:right":"no","source":"Yahoo aerial images","surface":"asphalt","startNodeId":"6199990077","endNodeId":"6199990078"},"geometry":{"type":"LineString","coordinates":[[103.9579457,1.3532814],[103.9579398,1.3532468]]}},{"type":"Feature","id":"way/647099521-0-4-0","properties":{"highway":"residential","lanes":"1","maxspeed":"50","name":"Tampines Street 33","oneway":"yes","sidewalk:left":"separate","sidewalk:right":"no","source":"Yahoo aerial images","surface":"asphalt","startNodeId":"6199990078","endNodeId":"6199990079"},"geometry":{"type":"LineString","coordinates":[[103.9579398,1.3532468],[103.9579281,1.3532111]]}},{"type":"Feature","id":"way/647099521-0-5-0","properties":{"highway":"residential","lanes":"1","maxspeed":"50","name":"Tampines Street 33","oneway":"yes","sidewalk:left":"separate","sidewalk:right":"no","source":"Yahoo aerial images","surface":"asphalt","startNodeId":"6199990079","endNodeId":"960386997"},"geometry":{"type":"LineString","coordinates":[[103.9579281,1.3532111],[103.9579155,1.3531797]]}},{"type":"Feature","id":"way/647099522-0-0-0","properties":{"highway":"residential","lanes":"2","maxspeed":"50","name":"Tampines Street 33","oneway":"yes","sidewalk:left":"separate","sidewalk:right":"no","source":"Yahoo aerial images","surface":"asphalt","turn:lanes":"left|right","startNodeId":"960386997","endNodeId":"6199990081"},"geometry":{"type":"LineString","coordinates":[[103.9579155,1.3531797],[103.9578981,1.3532107]]}},{"type":"Feature","id":"way/647099522-0-1-0","properties":{"highway":"residential","lanes":"2","maxspeed":"50","name":"Tampines Street 33","oneway":"yes","sidewalk:left":"separate","sidewalk:right":"no","source":"Yahoo aerial images","surface":"asphalt","turn:lanes":"left|right","startNodeId":"6199990081","endNodeId":"6199990082"},"geometry":{"type":"LineString","coordinates":[[103.9578981,1.3532107],[103.9578892,1.3532343]]}},{"type":"Feature","id":"way/647099522-0-2-0","properties":{"highway":"residential","lanes":"2","maxspeed":"50","name":"Tampines Street 33","oneway":"yes","sidewalk:left":"separate","sidewalk:right":"no","source":"Yahoo aerial images","surface":"asphalt","turn:lanes":"left|right","startNodeId":"6199990082","endNodeId":"6199990080"},"geometry":{"type":"LineString","coordinates":[[103.9578892,1.3532343],[103.9578837,1.3532605]]}},{"type":"Feature","id":"way/647099522-0-3-0","properties":{"highway":"residential","lanes":"2","maxspeed":"50","name":"Tampines Street 33","oneway":"yes","sidewalk:left":"separate","sidewalk:right":"no","source":"Yahoo aerial images","surface":"asphalt","turn:lanes":"left|right","startNodeId":"6199990080","endNodeId":"6199990083"},"geometry":{"type":"LineString","coordinates":[[103.9578837,1.3532605],[103.9578774,1.353304]]}},{"type":"Feature","id":"way/647099522-0-4-0","properties":{"highway":"residential","lanes":"2","maxspeed":"50","name":"Tampines Street 33","oneway":"yes","sidewalk:left":"separate","sidewalk:right":"no","source":"Yahoo aerial images","surface":"asphalt","turn:lanes":"left|right","startNodeId":"6199990083","endNodeId":"7928619500"},"geometry":{"type":"LineString","coordinates":[[103.9578774,1.353304],[103.9578725,1.3536597]]}},{"type":"Feature","id":"way/647099522-0-5-0","properties":{"highway":"residential","lanes":"2","maxspeed":"50","name":"Tampines Street 33","oneway":"yes","sidewalk:left":"separate","sidewalk:right":"no","source":"Yahoo aerial images","surface":"asphalt","turn:lanes":"left|right","startNodeId":"7928619500","endNodeId":"5607518097"},"geometry":{"type":"LineString","coordinates":[[103.9578725,1.3536597],[103.9578749,1.3537746]]}},{"type":"Feature","id":"way/647103780-0-0-0","properties":{"highway":"service","sidewalk":"both","startNodeId":"960387047","endNodeId":"960387057"},"geometry":{"type":"LineString","coordinates":[[103.9560694,1.3528032],[103.9558958,1.3528023]]}},{"type":"Feature","id":"way/647103781-0-0-0","properties":{"highway":"service","sidewalk":"left","startNodeId":"960387051","endNodeId":"960387047"},"geometry":{"type":"LineString","coordinates":[[103.9563421,1.3528053],[103.9560694,1.3528032]]}},{"type":"Feature","id":"way/647104090-0-0-0","properties":{"highway":"service","sidewalk":"left","startNodeId":"960387051","endNodeId":"960387054"},"geometry":{"type":"LineString","coordinates":[[103.9563421,1.3528053],[103.9563409,1.3525865]]}},{"type":"Feature","id":"way/647104210-0-0-0","properties":{"highway":"service","sidewalk":"both","startNodeId":"960386976","endNodeId":"960386988"},"geometry":{"type":"LineString","coordinates":[[103.9560627,1.3533004],[103.9560622,1.3531124]]}},{"type":"Feature","id":"way/654987546-0-0-0","properties":{"highway":"secondary","lanes":"3","maxspeed":"60","name":"Tampines Avenue 2","oneway":"yes","sidewalk:left":"separate","sidewalk:right":"no","surface":"asphalt","startNodeId":"4774736641","endNodeId":"6969846716"},"geometry":{"type":"LineString","coordinates":[[103.9550534,1.3531559],[103.9549971,1.3530218]]}},{"type":"Feature","id":"way/654987547-0-0-0","properties":{"highway":"secondary","lanes":"3","maxheight":"4.5","maxspeed":"60","name":"Tampines Avenue 2","oneway":"yes","sidewalk:left":"separate","sidewalk:right":"no","surface":"asphalt","turn:lanes":"left|left;through|through","startNodeId":"960396198","endNodeId":"4430972206"},"geometry":{"type":"LineString","coordinates":[[103.9549045,1.3528046],[103.9547838,1.3525741]]}},{"type":"Feature","id":"way/662438478-0-0-0","properties":{"highway":"residential","lanes":"4","lanes:backward":"2","lanes:forward":"2","maxspeed":"40","name":"Tampines Street 32","sidewalk:both":"separate","source":"Yahoo aerial images","surface":"asphalt","turn:lanes:backward":"through|right","startNodeId":"960396188","endNodeId":"8298935504"},"geometry":{"type":"LineString","coordinates":[[103.9552763,1.353785],[103.9553798,1.3537826]]}},{"type":"Feature","id":"way/662438478-0-1-0","properties":{"highway":"residential","lanes":"4","lanes:backward":"2","lanes:forward":"2","maxspeed":"40","name":"Tampines Street 32","sidewalk:both":"separate","source":"Yahoo aerial images","surface":"asphalt","turn:lanes:backward":"through|right","startNodeId":"8298935504","endNodeId":"13390530329"},"geometry":{"type":"LineString","coordinates":[[103.9553798,1.3537826],[103.9555801,1.3537775]]}},{"type":"Feature","id":"way/662438478-0-2-0","properties":{"highway":"residential","lanes":"4","lanes:backward":"2","lanes:forward":"2","maxspeed":"40","name":"Tampines Street 32","sidewalk:both":"separate","source":"Yahoo aerial images","surface":"asphalt","turn:lanes:backward":"through|right","startNodeId":"13390530329","endNodeId":"6201631863"},"geometry":{"type":"LineString","coordinates":[[103.9555801,1.3537775],[103.9556267,1.3537763]]}},{"type":"Feature","id":"way/666947870-0-0-0","properties":{"highway":"residential","lanes":"2","lanes:backward":"1","lanes:forward":"1","maxspeed":"50","name":"Tampines Street 33","sidewalk:both":"separate","source":"Yahoo aerial images","surface":"asphalt","startNodeId":"6199990084","endNodeId":"960386997"},"geometry":{"type":"LineString","coordinates":[[103.9579137,1.3531406],[103.9579155,1.3531797]]}},{"type":"Feature","id":"way/666947871-0-0-0","properties":{"highway":"residential","lanes":"2","lanes:backward":"1","lanes:forward":"1","maxspeed":"50","name":"Tampines Street 33","sidewalk:both":"separate","source":"Yahoo aerial images","surface":"asphalt","startNodeId":"5607518114","endNodeId":"6199990072"},"geometry":{"type":"LineString","coordinates":[[103.9580282,1.3523144],[103.9580126,1.3523332]]}},{"type":"Feature","id":"way/666947871-0-1-0","properties":{"highway":"residential","lanes":"2","lanes:backward":"1","lanes:forward":"1","maxspeed":"50","name":"Tampines Street 33","sidewalk:both":"separate","source":"Yahoo aerial images","surface":"asphalt","startNodeId":"6199990072","endNodeId":"6199990073"},"geometry":{"type":"LineString","coordinates":[[103.9580126,1.3523332],[103.9579806,1.3523782]]}},{"type":"Feature","id":"way/666947871-0-2-0","properties":{"highway":"residential","lanes":"2","lanes:backward":"1","lanes:forward":"1","maxspeed":"50","name":"Tampines Street 33","sidewalk:both":"separate","source":"Yahoo aerial images","surface":"asphalt","startNodeId":"6199990073","endNodeId":"6199990074"},"geometry":{"type":"LineString","coordinates":[[103.9579806,1.3523782],[103.9579542,1.3524208]]}},{"type":"Feature","id":"way/666947871-0-3-0","properties":{"highway":"residential","lanes":"2","lanes:backward":"1","lanes:forward":"1","maxspeed":"50","name":"Tampines Street 33","sidewalk:both":"separate","source":"Yahoo aerial images","surface":"asphalt","startNodeId":"6199990074","endNodeId":"6199990075"},"geometry":{"type":"LineString","coordinates":[[103.9579542,1.3524208],[103.9579279,1.3524798]]}},{"type":"Feature","id":"way/666947871-0-4-0","properties":{"highway":"residential","lanes":"2","lanes:backward":"1","lanes:forward":"1","maxspeed":"50","name":"Tampines Street 33","sidewalk:both":"separate","source":"Yahoo aerial images","surface":"asphalt","startNodeId":"6199990075","endNodeId":"6199990076"},"geometry":{"type":"LineString","coordinates":[[103.9579279,1.3524798],[103.9579166,1.3525238]]}},{"type":"Feature","id":"way/666947871-0-5-0","properties":{"highway":"residential","lanes":"2","lanes:backward":"1","lanes:forward":"1","maxspeed":"50","name":"Tampines Street 33","sidewalk:both":"separate","source":"Yahoo aerial images","surface":"asphalt","startNodeId":"6199990076","endNodeId":"5607518928"},"geometry":{"type":"LineString","coordinates":[[103.9579166,1.3525238],[103.9579157,1.3525826]]}},{"type":"Feature","id":"way/666947871-0-6-0","properties":{"highway":"residential","lanes":"2","lanes:backward":"1","lanes:forward":"1","maxspeed":"50","name":"Tampines Street 33","sidewalk:both":"separate","source":"Yahoo aerial images","surface":"asphalt","startNodeId":"5607518928","endNodeId":"5607518929"},"geometry":{"type":"LineString","coordinates":[[103.9579157,1.3525826],[103.9579158,1.3526925]]}},{"type":"Feature","id":"way/666947871-0-7-0","properties":{"highway":"residential","lanes":"2","lanes:backward":"1","lanes:forward":"1","maxspeed":"50","name":"Tampines Street 33","sidewalk:both":"separate","source":"Yahoo aerial images","surface":"asphalt","startNodeId":"5607518929","endNodeId":"6199990084"},"geometry":{"type":"LineString","coordinates":[[103.9579158,1.3526925],[103.9579137,1.3531406]]}},{"type":"Feature","id":"way/667169360-0-0-0","properties":{"highway":"residential","lanes":"2","lanes:backward":"1","lanes:forward":"1","maxspeed":"50","name":"Tampines Street 32","sidewalk:both":"separate","source":"Yahoo aerial images","surface":"asphalt","startNodeId":"973820454","endNodeId":"7690754239"},"geometry":{"type":"LineString","coordinates":[[103.9585077,1.3537761],[103.9588392,1.3537757]]}},{"type":"Feature","id":"way/667169361-0-0-0","properties":{"highway":"residential","lanes":"2","lanes:backward":"1","lanes:forward":"1","maxspeed":"50","name":"Tampines Street 32","sidewalk:both":"separate","source":"Yahoo aerial images","surface":"asphalt","startNodeId":"5607188656","endNodeId":"973820454"},"geometry":{"type":"LineString","coordinates":[[103.9579508,1.3537748],[103.9585077,1.3537761]]}},{"type":"Feature","id":"way/667169362-0-0-0","properties":{"highway":"residential","lanes":"2","lanes:backward":"1","lanes:forward":"1","name":"Tampines Street 32","sidewalk:both":"separate","source":"Yahoo aerial images","surface":"asphalt","startNodeId":"5607518097","endNodeId":"5607188656"},"geometry":{"type":"LineString","coordinates":[[103.9578749,1.3537746],[103.9579508,1.3537748]]}},{"type":"Feature","id":"way/667169363-0-0-0","properties":{"highway":"residential","lanes":"2","lanes:backward":"1","lanes:forward":"1","maxspeed":"40","name":"Tampines Street 32","sidewalk:both":"separate","source":"Yahoo aerial images","surface":"asphalt","startNodeId":"6246672858","endNodeId":"8298935493"},"geometry":{"type":"LineString","coordinates":[[103.9569014,1.3537821],[103.9570013,1.3537812]]}},{"type":"Feature","id":"way/667169363-0-1-0","properties":{"highway":"residential","lanes":"2","lanes:backward":"1","lanes:forward":"1","maxspeed":"40","name":"Tampines Street 32","sidewalk:both":"separate","source":"Yahoo aerial images","surface":"asphalt","startNodeId":"8298935493","endNodeId":"5286343804"},"geometry":{"type":"LineString","coordinates":[[103.9570013,1.3537812],[103.9577272,1.3537743]]}},{"type":"Feature","id":"way/667169363-0-2-0","properties":{"highway":"residential","lanes":"2","lanes:backward":"1","lanes:forward":"1","maxspeed":"40","name":"Tampines Street 32","sidewalk:both":"separate","source":"Yahoo aerial images","surface":"asphalt","startNodeId":"5286343804","endNodeId":"5607518097"},"geometry":{"type":"LineString","coordinates":[[103.9577272,1.3537743],[103.9578749,1.3537746]]}},{"type":"Feature","id":"way/667169364-0-0-0","properties":{"highway":"residential","lanes":"2","lanes:backward":"1","lanes:forward":"1","maxspeed":"40","name":"Tampines Street 32","sidewalk:both":"separate","source":"Yahoo aerial images","surface":"asphalt","startNodeId":"5607188657","endNodeId":"6246672858"},"geometry":{"type":"LineString","coordinates":[[103.9560596,1.3537816],[103.9569014,1.3537821]]}},{"type":"Feature","id":"way/667169365-0-0-0","properties":{"highway":"residential","lanes":"5","lanes:backward":"3","lanes:forward":"2","maxspeed":"40","name":"Tampines Street 32","sidewalk:both":"separate","source":"Yahoo aerial images","surface":"asphalt","turn:lanes:backward":"left|through|right","startNodeId":"6201631863","endNodeId":"6335512186"},"geometry":{"type":"LineString","coordinates":[[103.9556267,1.3537763],[103.9559251,1.3537775]]}},{"type":"Feature","id":"way/671194741-0-0-0","properties":{"highway":"residential","lanes":"2","lanes:backward":"1","lanes:forward":"1","maxspeed":"50","name":"Tampines Street 33","sidewalk:both":"separate","source":"Yahoo aerial images","surface":"asphalt","startNodeId":"6199990067","endNodeId":"6199990068"},"geometry":{"type":"LineString","coordinates":[[103.9582673,1.3521739],[103.9582158,1.3521897]]}},{"type":"Feature","id":"way/671194741-0-1-0","properties":{"highway":"residential","lanes":"2","lanes:backward":"1","lanes:forward":"1","maxspeed":"50","name":"Tampines Street 33","sidewalk:both":"separate","source":"Yahoo aerial images","surface":"asphalt","startNodeId":"6199990068","endNodeId":"6199990069"},"geometry":{"type":"LineString","coordinates":[[103.9582158,1.3521897],[103.9581565,1.3522174]]}},{"type":"Feature","id":"way/671194741-0-2-0","properties":{"highway":"residential","lanes":"2","lanes:backward":"1","lanes:forward":"1","maxspeed":"50","name":"Tampines Street 33","sidewalk:both":"separate","source":"Yahoo aerial images","surface":"asphalt","startNodeId":"6199990069","endNodeId":"6199990070"},"geometry":{"type":"LineString","coordinates":[[103.9581565,1.3522174],[103.9580995,1.3522525]]}},{"type":"Feature","id":"way/671194741-0-3-0","properties":{"highway":"residential","lanes":"2","lanes:backward":"1","lanes:forward":"1","maxspeed":"50","name":"Tampines Street 33","sidewalk:both":"separate","source":"Yahoo aerial images","surface":"asphalt","startNodeId":"6199990070","endNodeId":"6199990071"},"geometry":{"type":"LineString","coordinates":[[103.9580995,1.3522525],[103.9580474,1.3522913]]}},{"type":"Feature","id":"way/671194741-0-4-0","properties":{"highway":"residential","lanes":"2","lanes:backward":"1","lanes:forward":"1","maxspeed":"50","name":"Tampines Street 33","sidewalk:both":"separate","source":"Yahoo aerial images","surface":"asphalt","startNodeId":"6199990071","endNodeId":"5607518114"},"geometry":{"type":"LineString","coordinates":[[103.9580474,1.3522913],[103.9580282,1.3523144]]}},{"type":"Feature","id":"way/674376362-0-0-0","properties":{"highway":"residential","lanes":"2","lanes:backward":"1","lanes:forward":"1","maxspeed":"50","name":"Tampines Street 33","sidewalk:both":"separate","source":"Yahoo aerial images","surface":"asphalt","startNodeId":"5607518119","endNodeId":"6199990065"},"geometry":{"type":"LineString","coordinates":[[103.9588115,1.3521562],[103.9583938,1.352158]]}},{"type":"Feature","id":"way/674376362-0-1-0","properties":{"highway":"residential","lanes":"2","lanes:backward":"1","lanes:forward":"1","maxspeed":"50","name":"Tampines Street 33","sidewalk:both":"separate","source":"Yahoo aerial images","surface":"asphalt","startNodeId":"6199990065","endNodeId":"6199990066"},"geometry":{"type":"LineString","coordinates":[[103.9583938,1.352158],[103.9583313,1.3521644]]}},{"type":"Feature","id":"way/674376362-0-2-0","properties":{"highway":"residential","lanes":"2","lanes:backward":"1","lanes:forward":"1","maxspeed":"50","name":"Tampines Street 33","sidewalk:both":"separate","source":"Yahoo aerial images","surface":"asphalt","startNodeId":"6199990066","endNodeId":"6199990067"},"geometry":{"type":"LineString","coordinates":[[103.9583313,1.3521644],[103.9582673,1.3521739]]}},{"type":"Feature","id":"way/676549109-0-0-0","properties":{"highway":"residential","lanes":"4","lanes:backward":"2","lanes:forward":"2","maxspeed":"40","name":"Tampines Street 32","sidewalk:both":"separate","source":"Yahoo aerial images","surface":"asphalt","startNodeId":"6335512186","endNodeId":"5607188657"},"geometry":{"type":"LineString","coordinates":[[103.9559251,1.3537775],[103.9560596,1.3537816]]}},{"type":"Feature","id":"way/695596638-0-0-0","properties":{"highway":"service","lanes":"2","lanes:backward":"1","lanes:forward":"1","sidewalk":"left","turn:lanes:backward":"through","turn:lanes:forward":"through","startNodeId":"6246672858","endNodeId":"8298871331"},"geometry":{"type":"LineString","coordinates":[[103.9569014,1.3537821],[103.9569014,1.3538451]]}},{"type":"Feature","id":"way/695596638-0-1-0","properties":{"highway":"service","lanes":"2","lanes:backward":"1","lanes:forward":"1","sidewalk":"left","turn:lanes:backward":"through","turn:lanes:forward":"through","startNodeId":"8298871331","endNodeId":"6531799643"},"geometry":{"type":"LineString","coordinates":[[103.9569014,1.3538451],[103.9569014,1.3539309]]}},{"type":"Feature","id":"way/696111658-0-0-0","properties":{"highway":"service","lanes":"2","lanes:backward":"1","lanes:forward":"1","turn:lanes:backward":"through","turn:lanes:forward":"through","startNodeId":"6531799643","endNodeId":"6536747194"},"geometry":{"type":"LineString","coordinates":[[103.9569014,1.3539309],[103.9575773,1.3539255]]}},{"type":"Feature","id":"way/696111659-0-0-0","properties":{"highway":"service","lanes":"2","lanes:backward":"1","lanes:forward":"1","turn:lanes:backward":"through","turn:lanes:forward":"through","startNodeId":"6531799643","endNodeId":"6536747195"},"geometry":{"type":"LineString","coordinates":[[103.9569014,1.3539309],[103.9564562,1.3539255]]}},{"type":"Feature","id":"way/696111660-0-0-0","properties":{"highway":"service","startNodeId":"6536747194","endNodeId":"6536747193"},"geometry":{"type":"LineString","coordinates":[[103.9575773,1.3539255],[103.9576095,1.3539389]]}},{"type":"Feature","id":"way/696111660-0-1-0","properties":{"highway":"service","startNodeId":"6536747193","endNodeId":"6536747192"},"geometry":{"type":"LineString","coordinates":[[103.9576095,1.3539389],[103.9576404,1.353963]]}},{"type":"Feature","id":"way/696111660-0-2-0","properties":{"highway":"service","startNodeId":"6536747192","endNodeId":"6536747191"},"geometry":{"type":"LineString","coordinates":[[103.9576404,1.353963],[103.9576511,1.3540113]]}},{"type":"Feature","id":"way/696111660-0-3-0","properties":{"highway":"service","startNodeId":"6536747191","endNodeId":"6536747190"},"geometry":{"type":"LineString","coordinates":[[103.9576511,1.3540113],[103.9576484,1.3545034]]}},{"type":"Feature","id":"way/740424341-0-0-0","properties":{"highway":"service","lanes":"2","lanes:backward":"1","lanes:forward":"1","sidewalk":"both","turn:lanes:backward":"left;right","turn:lanes:forward":"through","startNodeId":"5607518114","endNodeId":"8298804148"},"geometry":{"type":"LineString","coordinates":[[103.9580282,1.3523144],[103.9580002,1.3522826]]}},{"type":"Feature","id":"way/740424341-0-1-0","properties":{"highway":"service","lanes":"2","lanes:backward":"1","lanes:forward":"1","sidewalk":"both","turn:lanes:backward":"left;right","turn:lanes:forward":"through","startNodeId":"8298804148","endNodeId":"13805863822"},"geometry":{"type":"LineString","coordinates":[[103.9580002,1.3522826],[103.957887,1.3521473]]}},{"type":"Feature","id":"way/740424341-0-2-0","properties":{"highway":"service","lanes":"2","lanes:backward":"1","lanes:forward":"1","sidewalk":"both","turn:lanes:backward":"left;right","turn:lanes:forward":"through","startNodeId":"13805863822","endNodeId":"1845246522"},"geometry":{"type":"LineString","coordinates":[[103.957887,1.3521473],[103.9578053,1.3520498]]}},{"type":"Feature","id":"way/740424341-0-3-0","properties":{"highway":"service","lanes":"2","lanes:backward":"1","lanes:forward":"1","sidewalk":"both","turn:lanes:backward":"left;right","turn:lanes:forward":"through","startNodeId":"1845246522","endNodeId":"5187142609"},"geometry":{"type":"LineString","coordinates":[[103.9578053,1.3520498],[103.9577718,1.3520089]]}},{"type":"Feature","id":"way/740424341-0-4-0","properties":{"highway":"service","lanes":"2","lanes:backward":"1","lanes:forward":"1","sidewalk":"both","turn:lanes:backward":"left;right","turn:lanes:forward":"through","startNodeId":"5187142609","endNodeId":"5187142610"},"geometry":{"type":"LineString","coordinates":[[103.9577718,1.3520089],[103.957741,1.3519828]]}},{"type":"Feature","id":"way/740424341-0-5-0","properties":{"highway":"service","lanes":"2","lanes:backward":"1","lanes:forward":"1","sidewalk":"both","turn:lanes:backward":"left;right","turn:lanes:forward":"through","startNodeId":"5187142610","endNodeId":"960392424"},"geometry":{"type":"LineString","coordinates":[[103.957741,1.3519828],[103.9577101,1.3519741]]}},{"type":"Feature","id":"way/740424342-0-0-0","properties":{"highway":"service","sidewalk":"both","startNodeId":"6932177752","endNodeId":"13057942820"},"geometry":{"type":"LineString","coordinates":[[103.9585108,1.3539523],[103.958511,1.3540687]]}},{"type":"Feature","id":"way/740424342-0-1-0","properties":{"highway":"service","sidewalk":"both","startNodeId":"13057942820","endNodeId":"973820457"},"geometry":{"type":"LineString","coordinates":[[103.958511,1.3540687],[103.9585114,1.3542586]]}},{"type":"Feature","id":"way/742168696-0-0-0","properties":{"highway":"service","lanes":"2","lanes:backward":"1","lanes:forward":"1","turn:lanes:forward":"left;right","startNodeId":"6948232543","endNodeId":"973847026"},"geometry":{"type":"LineString","coordinates":[[103.9587173,1.3530058],[103.9585141,1.3530023]]}},{"type":"Feature","id":"way/744659023-0-0-0","properties":{"highway":"secondary","lanes":"2","lit":"yes","maxspeed":"60","name":"Tampines Street 31","oneway":"yes","shoulder":"no","sidewalk":"left","surface":"asphalt","turn:lanes":"left;right|right","startNodeId":"878204959","endNodeId":"6969439921"},"geometry":{"type":"LineString","coordinates":[[103.9553261,1.351768],[103.955268,1.3518139]]}},{"type":"Feature","id":"way/744659023-0-1-0","properties":{"highway":"secondary","lanes":"2","lit":"yes","maxspeed":"60","name":"Tampines Street 31","oneway":"yes","shoulder":"no","sidewalk":"left","surface":"asphalt","turn:lanes":"left;right|right","startNodeId":"6969439921","endNodeId":"6969439919"},"geometry":{"type":"LineString","coordinates":[[103.955268,1.3518139],[103.9552143,1.3518554]]}},{"type":"Feature","id":"way/744659023-0-2-0","properties":{"highway":"secondary","lanes":"2","lit":"yes","maxspeed":"60","name":"Tampines Street 31","oneway":"yes","shoulder":"no","sidewalk":"left","surface":"asphalt","turn:lanes":"left;right|right","startNodeId":"6969439919","endNodeId":"1726694063"},"geometry":{"type":"LineString","coordinates":[[103.9552143,1.3518554],[103.9551204,1.3519136]]}},{"type":"Feature","id":"way/744703612-0-0-0","properties":{"highway":"secondary","lanes":"3","maxspeed":"60","name":"Tampines Avenue 2","oneway":"yes","sidewalk:left":"separate","sidewalk:right":"no","surface":"asphalt","turn:lanes":"left|through|through","startNodeId":"6969846716","endNodeId":"960396198"},"geometry":{"type":"LineString","coordinates":[[103.9549971,1.3530218],[103.9549045,1.3528046]]}},{"type":"Feature","id":"way/744703613-0-0-0","properties":{"highway":"secondary","lanes":"3","maxheight":"4.5","maxspeed":"60","name":"Tampines Avenue 2","oneway":"yes","sidewalk:left":"separate","sidewalk:right":"no","surface":"asphalt","turn:lanes":"left;through|through|through","startNodeId":"6969846717","endNodeId":"960396358"},"geometry":{"type":"LineString","coordinates":[[103.9554842,1.3547541],[103.9554648,1.3544885]]}},{"type":"Feature","id":"way/781985024-0-0-0","properties":{"highway":"service","startNodeId":"6536747190","endNodeId":"6536747189"},"geometry":{"type":"LineString","coordinates":[[103.9576484,1.3545034],[103.9576484,1.354868]]}},{"type":"Feature","id":"way/781985025-0-0-0","properties":{"highway":"service","startNodeId":"6536747190","endNodeId":"7301014450"},"geometry":{"type":"LineString","coordinates":[[103.9576484,1.3545034],[103.9573212,1.354498]]}},{"type":"Feature","id":"way/784988266-0-0-0","properties":{"highway":"service","lanes":"2","lanes:backward":"1","lanes:forward":"1","sidewalk":"both","startNodeId":"7333947178","endNodeId":"960373768"},"geometry":{"type":"LineString","coordinates":[[103.9560619,1.3535508],[103.956063,1.3533369]]}},{"type":"Feature","id":"way/893197372-0-2-0","properties":{"highway":"service","sidewalk":"both","startNodeId":"960392504","endNodeId":"5187142728"},"geometry":{"type":"LineString","coordinates":[[103.9564716,1.3513764],[103.9564609,1.3514023]]}},{"type":"Feature","id":"way/893197372-0-3-0","properties":{"highway":"service","sidewalk":"both","startNodeId":"5187142728","endNodeId":"960392505"},"geometry":{"type":"LineString","coordinates":[[103.9564609,1.3514023],[103.9564579,1.3516241]]}},{"type":"Feature","id":"way/893197372-0-4-0","properties":{"highway":"service","sidewalk":"both","startNodeId":"960392505","endNodeId":"5187142727"},"geometry":{"type":"LineString","coordinates":[[103.9564579,1.3516241],[103.9564545,1.3516443]]}},{"type":"Feature","id":"way/893197372-0-5-0","properties":{"highway":"service","sidewalk":"both","startNodeId":"5187142727","endNodeId":"4602716419"},"geometry":{"type":"LineString","coordinates":[[103.9564545,1.3516443],[103.9564398,1.3516593]]}},{"type":"Feature","id":"way/893197372-0-6-0","properties":{"highway":"service","sidewalk":"both","startNodeId":"4602716419","endNodeId":"4602716420"},"geometry":{"type":"LineString","coordinates":[[103.9564398,1.3516593],[103.9564217,1.3516684]]}},{"type":"Feature","id":"way/893197372-0-7-0","properties":{"highway":"service","sidewalk":"both","startNodeId":"4602716420","endNodeId":"8301576331"},"geometry":{"type":"LineString","coordinates":[[103.9564217,1.3516684],[103.9562657,1.3516691]]}},{"type":"Feature","id":"way/893197373-0-0-0","properties":{"highway":"service","sidewalk":"left","startNodeId":"8301576331","endNodeId":"960392507"},"geometry":{"type":"LineString","coordinates":[[103.9562657,1.3516691],[103.9561645,1.3516681]]}},{"type":"Feature","id":"way/893197374-0-0-0","properties":{"highway":"service","sidewalk":"both","startNodeId":"960392507","endNodeId":"7290195422"},"geometry":{"type":"LineString","coordinates":[[103.9561645,1.3516681],[103.9561586,1.3516645]]}},{"type":"Feature","id":"way/893197374-0-1-0","properties":{"highway":"service","sidewalk":"both","startNodeId":"7290195422","endNodeId":"7290195426"},"geometry":{"type":"LineString","coordinates":[[103.9561586,1.3516645],[103.9561564,1.351659]]}},{"type":"Feature","id":"way/893197374-0-2-0","properties":{"highway":"service","sidewalk":"both","startNodeId":"7290195426","endNodeId":"7290195425"},"geometry":{"type":"LineString","coordinates":[[103.9561564,1.351659],[103.9561625,1.3515363]]}},{"type":"Feature","id":"way/893197374-0-3-0","properties":{"highway":"service","sidewalk":"both","startNodeId":"7290195425","endNodeId":"7290195423"},"geometry":{"type":"LineString","coordinates":[[103.9561625,1.3515363],[103.9561678,1.3515276]]}},{"type":"Feature","id":"way/893197374-0-4-0","properties":{"highway":"service","sidewalk":"both","startNodeId":"7290195423","endNodeId":"7290195424"},"geometry":{"type":"LineString","coordinates":[[103.9561678,1.3515276],[103.9561853,1.3515115]]}},{"type":"Feature","id":"way/893237831-0-0-0","properties":{"highway":"service","sidewalk":"left","startNodeId":"4602716435","endNodeId":"960386993"},"geometry":{"type":"LineString","coordinates":[[103.956657,1.3532293],[103.9566503,1.3532023]]}},{"type":"Feature","id":"way/893237831-0-1-0","properties":{"highway":"service","sidewalk":"left","startNodeId":"960386993","endNodeId":"960386991"},"geometry":{"type":"LineString","coordinates":[[103.9566503,1.3532023],[103.9566483,1.3531132]]}},{"type":"Feature","id":"way/893241117-0-0-0","properties":{"highway":"service","startNodeId":"960387022","endNodeId":"960387024"},"geometry":{"type":"LineString","coordinates":[[103.9573362,1.3534214],[103.9574554,1.3534241]]}},{"type":"Feature","id":"way/893248971-0-0-0","properties":{"highway":"service","startNodeId":"4602716429","endNodeId":"960387073"},"geometry":{"type":"LineString","coordinates":[[103.9558647,1.3525561],[103.9557769,1.3525561]]}},{"type":"Feature","id":"way/893259643-0-0-0","properties":{"highway":"service","startNodeId":"4602716424","endNodeId":"4602716425"},"geometry":{"type":"LineString","coordinates":[[103.9570097,1.3524497],[103.9569899,1.3524417]]}},{"type":"Feature","id":"way/893259643-0-1-0","properties":{"highway":"service","startNodeId":"4602716425","endNodeId":"960387095"},"geometry":{"type":"LineString","coordinates":[[103.9569899,1.3524417],[103.9569776,1.3524248]]}},{"type":"Feature","id":"way/893259643-0-2-0","properties":{"highway":"service","startNodeId":"960387095","endNodeId":"960387098"},"geometry":{"type":"LineString","coordinates":[[103.9569776,1.3524248],[103.9569742,1.3522179]]}},{"type":"Feature","id":"way/1118068252-0-0-0","properties":{"highway":"service","startNodeId":"10225674459","endNodeId":"10225674458"},"geometry":{"type":"LineString","coordinates":[[103.9557246,1.3521149],[103.9557119,1.3523361]]}},{"type":"Feature","id":"way/1454437862-0-0-0","properties":{"highway":"service","service":"driveway","startNodeId":"973820510","endNodeId":"13338492793"},"geometry":{"type":"LineString","coordinates":[[103.9568361,1.355461],[103.9568356,1.3553256]]}},{"type":"Feature","id":"way/1454437862-0-1-0","properties":{"highway":"service","service":"driveway","startNodeId":"13338492793","endNodeId":"13338492794"},"geometry":{"type":"LineString","coordinates":[[103.9568356,1.3553256],[103.9568491,1.3552992]]}},{"type":"Feature","id":"way/1454437862-0-2-0","properties":{"highway":"service","service":"driveway","startNodeId":"13338492794","endNodeId":"13338492795"},"geometry":{"type":"LineString","coordinates":[[103.9568491,1.3552992],[103.9568695,1.3552884]]}},{"type":"Feature","id":"way/1454437862-0-3-0","properties":{"highway":"service","service":"driveway","startNodeId":"13338492795","endNodeId":"13338492796"},"geometry":{"type":"LineString","coordinates":[[103.9568695,1.3552884],[103.9569623,1.3552877]]}},{"type":"Feature","id":"way/1460021763-0-0-0","properties":{"highway":"secondary_link","lanes":"1","oneway":"yes","sidewalk:both":"separate","surface":"asphalt","startNodeId":"13390530325","endNodeId":"13390530326"},"geometry":{"type":"LineString","coordinates":[[103.9553591,1.3540514],[103.9553867,1.3539696]]}},{"type":"Feature","id":"way/1460021763-0-1-0","properties":{"highway":"secondary_link","lanes":"1","oneway":"yes","sidewalk:both":"separate","surface":"asphalt","startNodeId":"13390530326","endNodeId":"13390530327"},"geometry":{"type":"LineString","coordinates":[[103.9553867,1.3539696],[103.9554113,1.3539138]]}},{"type":"Feature","id":"way/1460021763-0-2-0","properties":{"highway":"secondary_link","lanes":"1","oneway":"yes","sidewalk:both":"separate","surface":"asphalt","startNodeId":"13390530327","endNodeId":"13390530330"},"geometry":{"type":"LineString","coordinates":[[103.9554113,1.3539138],[103.9554246,1.3538882]]}},{"type":"Feature","id":"way/1460021763-0-3-0","properties":{"highway":"secondary_link","lanes":"1","oneway":"yes","sidewalk:both":"separate","surface":"asphalt","startNodeId":"13390530330","endNodeId":"13390530328"},"geometry":{"type":"LineString","coordinates":[[103.9554246,1.3538882],[103.9554646,1.3538393]]}},{"type":"Feature","id":"way/1460021763-0-4-0","properties":{"highway":"secondary_link","lanes":"1","oneway":"yes","sidewalk:both":"separate","surface":"asphalt","startNodeId":"13390530328","endNodeId":"13390530329"},"geometry":{"type":"LineString","coordinates":[[103.9554646,1.3538393],[103.9555801,1.3537775]]}},{"type":"Feature","id":"way/1460021765-0-0-0","properties":{"highway":"secondary_link","lanes":"1","oneway":"yes","sidewalk:both":"separate","surface":"asphalt","startNodeId":"13390530333","endNodeId":"13390530334"},"geometry":{"type":"LineString","coordinates":[[103.9547654,1.3537743],[103.9549493,1.3538162]]}},{"type":"Feature","id":"way/1460021765-0-1-0","properties":{"highway":"secondary_link","lanes":"1","oneway":"yes","sidewalk:both":"separate","surface":"asphalt","startNodeId":"13390530334","endNodeId":"13390530335"},"geometry":{"type":"LineString","coordinates":[[103.9549493,1.3538162],[103.9550714,1.3538675]]}},{"type":"Feature","id":"way/1460021765-0-2-0","properties":{"highway":"secondary_link","lanes":"1","oneway":"yes","sidewalk:both":"separate","surface":"asphalt","startNodeId":"13390530335","endNodeId":"13390530338"},"geometry":{"type":"LineString","coordinates":[[103.9550714,1.3538675],[103.9551099,1.3538993]]}},{"type":"Feature","id":"way/1460021765-0-3-0","properties":{"highway":"secondary_link","lanes":"1","oneway":"yes","sidewalk:both":"separate","surface":"asphalt","startNodeId":"13390530338","endNodeId":"13390530336"},"geometry":{"type":"LineString","coordinates":[[103.9551099,1.3538993],[103.9551471,1.3539302]]}},{"type":"Feature","id":"way/1460021765-0-4-0","properties":{"highway":"secondary_link","lanes":"1","oneway":"yes","sidewalk:both":"separate","surface":"asphalt","startNodeId":"13390530336","endNodeId":"13390530337"},"geometry":{"type":"LineString","coordinates":[[103.9551471,1.3539302],[103.9552256,1.3540369]]}},{"type":"Feature","id":"way/1460022385-0-5-0","properties":{"highway":"service","service":"parking_aisle","sidewalk":"no","startNodeId":"898939686","endNodeId":"898939687"},"geometry":{"type":"LineString","coordinates":[[103.9543326,1.3532161],[103.9544831,1.3531191]]}},{"type":"Feature","id":"way/1460022385-0-6-0","properties":{"highway":"service","service":"parking_aisle","sidewalk":"no","startNodeId":"898939687","endNodeId":"5115800060"},"geometry":{"type":"LineString","coordinates":[[103.9544831,1.3531191],[103.9545203,1.3530906]]}},{"type":"Feature","id":"way/1483674974-0-0-0","properties":{"highway":"residential","lanes":"3","lanes:backward":"2","lanes:forward":"1","maxspeed":"50","name":"Tampines Street 23","sidewalk:both":"separate","source":"Yahoo aerial images","surface":"asphalt","turn:lanes:backward":"left;through|right","startNodeId":"13390530333","endNodeId":"4602456645"},"geometry":{"type":"LineString","coordinates":[[103.9547654,1.3537743],[103.9547348,1.3537734]]}}]}