{"type":"FeatureCollection","features":[{"type":"Feature","id":"relation/6728823-0","properties":{"building":"school","type":"multipolygon"},"geometry":{"type":"Polygon","coordinates":[[[103.8652248,1.3311671],[103.8655037,1.3310154],[103.8653576,1.3307468],[103.8645511,1.3311854],[103.8649739,1.3319626],[103.8655015,1.3316757],[103.8652248,1.3311671]],[[103.865141,1.3312034],[103.8651767,1.3312689],[103.8648341,1.3314552],[103.8647985,1.3313896],[103.865141,1.3312034]],[[103.8652276,1.3314482],[103.8653081,1.3315961],[103.8649621,1.3317842],[103.8648816,1.3316363],[103.8652276,1.3314482]]]}},{"type":"Feature","id":"relation/6728862-0","properties":{"building":"school","type":"multipolygon"},"geometry":{"type":"Polygon","coordinates":[[[103.866287,1.3298204],[103.8663281,1.3298128],[103.8662753,1.3295279],[103.8662343,1.3295355],[103.866214,1.3294259],[103.8654603,1.3295653],[103.865497,1.3297635],[103.8654241,1.329777],[103.8654451,1.3298902],[103.8655179,1.3298767],[103.8655535,1.330069],[103.8663072,1.3299295],[103.866287,1.3298204]],[[103.8657159,1.3298434],[103.8656932,1.3297212],[103.8655892,1.3297405],[103.8655771,1.3296747],[103.8661275,1.3295729],[103.8661737,1.3298223],[103.8656232,1.3299242],[103.8656119,1.3298626],[103.8657159,1.3298434]]]}},{"type":"Feature","id":"relation/7900961-0","properties":{"building":"school","type":"multipolygon"},"geometry":{"type":"Polygon","coordinates":[[[103.8665934,1.3306155],[103.8660718,1.3306208],[103.8660714,1.3305793],[103.8657307,1.3305842],[103.8657236,1.330714],[103.866006,1.3307069],[103.866006,1.3308187],[103.8657361,1.3308187],[103.8657254,1.3312021],[103.8660061,1.3312062],[103.8660101,1.3312364],[103.8657686,1.3313916],[103.8658834,1.3315374],[103.8667762,1.3310405],[103.8665934,1.3306155]],[[103.8665454,1.3307591],[103.8666447,1.3309607],[103.8660839,1.3312786],[103.8660322,1.3311915],[103.8660509,1.3307673],[103.8665454,1.3307591]]]}},{"type":"Feature","id":"way/179389329-0","properties":{"building":"train_station","building:levels":"1"},"geometry":{"type":"Polygon","coordinates":[[[103.8686947,1.3312156],[103.8687684,1.3315065],[103.8688434,1.3314875],[103.8688319,1.3314421],[103.868875,1.3314312],[103.8688875,1.3314807],[103.8689026,1.3314769],[103.8689237,1.3314716],[103.8688018,1.3309892],[103.8687883,1.3309926],[103.8687624,1.3309991],[103.8687944,1.3311259],[103.8687453,1.3311383],[103.8687139,1.3310141],[103.868648,1.3310308],[103.8686947,1.3312156]]]}},{"type":"Feature","id":"way/316961419-0","properties":{"addr:city":"Singapore","addr:country":"SG","addr:housename":"Leicester Suites","addr:housenumber":"1","addr:street":"Leicester Road","building":"yes","building:levels":"18","residential":"condominium"},"geometry":{"type":"Polygon","coordinates":[[[103.8671722,1.3296735],[103.8673535,1.3296139],[103.867361,1.3296368],[103.8676744,1.3295339],[103.8676647,1.3295043],[103.8677234,1.329485],[103.8677349,1.32952],[103.8677138,1.329527],[103.867738,1.3296005],[103.8677594,1.3295935],[103.8677698,1.329625],[103.8678247,1.329607],[103.8677979,1.3295256],[103.867813,1.3295206],[103.8677743,1.3294029],[103.867747,1.3294119],[103.8677409,1.3293933],[103.867775,1.3293821],[103.8677576,1.3293291],[103.8677766,1.3293228],[103.8677505,1.3292432],[103.8677052,1.3292581],[103.8677113,1.3292766],[103.8676873,1.3292845],[103.8676984,1.3293181],[103.8673084,1.3294462],[103.8673166,1.3294712],[103.8671194,1.329536],[103.867131,1.3295714],[103.8670515,1.3295975],[103.8670446,1.3295764],[103.8669848,1.329596],[103.8669976,1.3296347],[103.8670128,1.3296298],[103.8670249,1.3296667],[103.8670912,1.3296449],[103.8670972,1.3296631],[103.8671423,1.3296483],[103.8671533,1.3296817],[103.867089,1.3297028],[103.8671192,1.3297946],[103.8671434,1.3297867],[103.8671485,1.3298024],[103.867127,1.3298095],[103.8671367,1.3298392],[103.867218,1.3298125],[103.8671722,1.3296735]]]}},{"type":"Feature","id":"way/316961423-0","properties":{"addr:city":"Singapore","addr:country":"SG","addr:housename":"Leicester Suites","addr:housenumber":"9","addr:street":"Leicester Road","building":"residential","building:levels":"9","residential":"condominium"},"geometry":{"type":"Polygon","coordinates":[[[103.8668112,1.3300465],[103.8668148,1.33007],[103.8668556,1.3300429],[103.8669129,1.3300287],[103.8669409,1.3300132],[103.8669711,1.3299906],[103.8669977,1.3299418],[103.8669742,1.3298565],[103.8668343,1.3299063],[103.8667873,1.3300438],[103.8668112,1.3300465]]]}},{"type":"Feature","id":"way/316961424-0","properties":{"addr:city":"Singapore","addr:housenumber":"8","addr:postcode":"358362","addr:street":"Potong Pasir Avenue 2","amenity":"place_of_worship","building":"yes","name":"Sri Sivadurga Temple","name:ta":"\u0bb8\u0bcd\u0bb0\u0bc0 \u0b9a\u0bbf\u0bb5 \u0ba4\u0bc1\u0bb0\u0bcd\u0b95\u0bbe \u0b95\u0bcb\u0baf\u0bbf\u0bb2\u0bcd","religion":"hindu","wikidata":"Q7586273","wikimedia_commons":"Category:Sri Siva Durga Temple","wikipedia":"en:Sri Siva Durga Temple"},"geometry":{"type":"Polygon","coordinates":[[[103.866404,1.3317715],[103.8664496,1.3317716],[103.8664496,1.3317846],[103.866436,1.3317889],[103.8664239,1.3318026],[103.8664155,1.3318235],[103.8664221,1.3318461],[103.8664346,1.3318588],[103.8664463,1.3318626],[103.8664572,1.3318622],[103.8664571,1.3318915],[103.866471,1.3318915],[103.866471,1.3319179],[103.8665011,1.331918],[103.8665012,1.3319388],[103.866509,1.3319541],[103.8665219,1.3319651],[103.8665451,1.331966],[103.866559,1.3319537],[103.8665667,1.3319386],[103.8665663,1.3319181],[103.866596,1.3319181],[103.8665961,1.3318807],[103.8666172,1.3318807],[103.8666175,1.3316862],[103.8665712,1.3316071],[103.8663933,1.3316153],[103.8663358,1.3316467],[103.866404,1.3317715]]]}},{"type":"Feature","id":"way/316961761-0","properties":{"addr:city":"Singapore","addr:country":"SG","addr:housenumber":"146","addr:street":"Potong Pasir Avenue 2","building":"yes"},"geometry":{"type":"Polygon","coordinates":[[[103.8674796,1.3320215],[103.867493,1.332035],[103.8674765,1.3320513],[103.867462,1.3320367],[103.8673865,1.3321116],[103.8674006,1.3321259],[103.8673902,1.3321362],[103.8674086,1.3321548],[103.8673991,1.3321643],[103.8674179,1.3321832],[103.8674029,1.3321981],[103.8672626,1.3320562],[103.8672448,1.3320373],[103.867133,1.331856],[103.8671498,1.3318448],[103.8671642,1.3318684],[103.8671745,1.3318621],[103.8671883,1.3318854],[103.8672038,1.3318759],[103.8672131,1.3318916],[103.8672911,1.3318436],[103.8672817,1.3318273],[103.8673229,1.331801],[103.8673333,1.3318176],[103.8675437,1.3316881],[103.8675334,1.3316683],[103.8675733,1.3316437],[103.8675843,1.3316631],[103.8676647,1.3316136],[103.8676557,1.3315992],[103.8676683,1.3315915],[103.8676544,1.3315679],[103.8676654,1.3315612],[103.8676521,1.3315376],[103.867671,1.331528],[103.8677151,1.3316023],[103.8677315,1.3315938],[103.8677715,1.3316474],[103.8677569,1.3316633],[103.8678465,1.3317502],[103.8679046,1.3316915],[103.867932,1.3316636],[103.8678328,1.3315628],[103.8677453,1.3314206],[103.8676479,1.3314827],[103.8671233,1.3318018],[103.8670052,1.3318771],[103.8671412,1.332103],[103.86717,1.3321343],[103.8673529,1.3323189],[103.8674372,1.3322326],[103.8676976,1.3319741],[103.867613,1.331889],[103.8674796,1.3320215]]]}},{"type":"Feature","id":"way/316961762-0","properties":{"addr:city":"Singapore","addr:country":"SG","addr:housenumber":"147","addr:street":"Potong Pasir Avenue 2","building":"retail","building:levels":"2","roof:levels":"1","roof:orientation":"across","roof:shape":"gabled"},"geometry":{"type":"Polygon","coordinates":[[[103.8678527,1.3320097],[103.867901,1.3319613],[103.8679256,1.3319858],[103.8678766,1.332035],[103.8679361,1.3320942],[103.8680207,1.3321785],[103.8681807,1.3320179],[103.8681945,1.3320041],[103.8681108,1.3319208],[103.8680528,1.331863],[103.8679751,1.3319411],[103.8679465,1.3319127],[103.8680343,1.3318245],[103.868065,1.3317936],[103.8679505,1.3316797],[103.8679215,1.3317088],[103.8677368,1.3318944],[103.8678527,1.3320097]]]}},{"type":"Feature","id":"way/316961763-0","properties":{"addr:city":"Singapore","addr:country":"SG","addr:housenumber":"148","addr:street":"Potong Pasir Avenue 1","building":"yes"},"geometry":{"type":"Polygon","coordinates":[[[103.8676397,1.3324062],[103.8675388,1.332506],[103.8676533,1.3326253],[103.8677274,1.3326994],[103.8679577,1.332874],[103.8680381,1.3327637],[103.8681961,1.3325548],[103.8682769,1.3324757],[103.8683149,1.3324334],[103.8683356,1.3324519],[103.8684015,1.3323787],[103.8684823,1.3322943],[103.8682124,1.3320189],[103.8681966,1.3320339],[103.8681233,1.3321037],[103.8682119,1.3321933],[103.8682254,1.3321777],[103.8682488,1.3322017],[103.8682367,1.3322168],[103.8683501,1.3323298],[103.8683349,1.332343],[103.8683169,1.3323238],[103.8683075,1.3323326],[103.8682878,1.3323144],[103.8682769,1.3323258],[103.8682645,1.3323128],[103.8681852,1.3323915],[103.8681244,1.332454],[103.8681393,1.3324705],[103.8680991,1.3325146],[103.8680844,1.3325012],[103.8679621,1.3326638],[103.8679752,1.3326759],[103.8679672,1.3326868],[103.8679867,1.3327023],[103.8679793,1.332714],[103.8679994,1.332732],[103.867989,1.3327488],[103.8678208,1.332618],[103.8678061,1.3326377],[103.8677808,1.3326135],[103.8677979,1.3325968],[103.8676564,1.3324588],[103.8676737,1.3324401],[103.8676933,1.3324598],[103.8677011,1.332452],[103.8677198,1.3324706],[103.8677316,1.3324588],[103.8677428,1.3324701],[103.8679672,1.3322461],[103.8678837,1.3321626],[103.8676397,1.3324062]]]}},{"type":"Feature","id":"way/316962362-0","properties":{"building":"yes"},"geometry":{"type":"Polygon","coordinates":[[[103.8688486,1.3326814],[103.8688921,1.3328433],[103.8689087,1.332905],[103.8690431,1.3328689],[103.869037,1.3328464],[103.8689829,1.3326453],[103.8689729,1.332648],[103.868897,1.3326684],[103.8688486,1.3326814]]]}},{"type":"Feature","id":"way/408630599-0","properties":{"addr:city":"Singapore","addr:country":"SG","addr:housenumber":"51","addr:postcode":"347697","addr:street":"Upper Serangoon Road","building":"retail","building:levels":"3","email":"contact@thepoizcentre.com.sg","name":"The Poiz Mall","opening_hours":"10:00-22:00","phone":"+65 88663773","website":"https://thepoizcentre.com.sg/"},"geometry":{"type":"Polygon","coordinates":[[[103.86884,1.332266],[103.8688643,1.3322224],[103.8686596,1.3314171],[103.8686448,1.3314008],[103.8686776,1.3313695],[103.868606,1.3312893],[103.8685924,1.3312706],[103.8685419,1.3310976],[103.8685815,1.3310605],[103.8684321,1.3309112],[103.8679498,1.3310334],[103.8678342,1.3310709],[103.867792,1.3310846],[103.8672987,1.3312449],[103.8669652,1.331353],[103.8668572,1.3314119],[103.8668353,1.3314404],[103.8668208,1.3314789],[103.8668151,1.3315121],[103.8668219,1.3315416],[103.8668705,1.33164],[103.8668973,1.3316704],[103.866932,1.3316876],[103.8669883,1.3316945],[103.867031,1.3316898],[103.8670736,1.3316712],[103.8676465,1.3313268],[103.8678406,1.3312621],[103.8678972,1.3314381],[103.8681691,1.3317097],[103.8681939,1.3317359],[103.8681969,1.3318092],[103.8684404,1.3320566],[103.86846,1.332036],[103.8687119,1.3322986],[103.86884,1.332266]]]}},{"type":"Feature","id":"way/444987174-0","properties":{"addr:city":"Singapore","addr:housenumber":"101","addr:postcode":"350101","addr:street":"Potong Pasir Avenue 1","building":"residential","building:levels":"16","residential":"HDB"},"geometry":{"type":"Polygon","coordinates":[[[103.8682986,1.3332265],[103.8683058,1.3332547],[103.8683088,1.3332665],[103.8683595,1.3332535],[103.868345,1.3331968],[103.8683871,1.3331861],[103.8684018,1.3332439],[103.8685084,1.3332168],[103.8684932,1.3331569],[103.8685378,1.3331455],[103.868553,1.3332054],[103.8686099,1.3331909],[103.8685859,1.3330968],[103.8685627,1.3331027],[103.868558,1.3330842],[103.868523,1.3330931],[103.8685189,1.3330768],[103.8685425,1.3330708],[103.8685284,1.3330152],[103.8686838,1.3329757],[103.8686912,1.3330052],[103.8687234,1.332997],[103.8686979,1.3328962],[103.8686901,1.3328981],[103.8686801,1.3328586],[103.8686325,1.3328707],[103.8686469,1.3329277],[103.8685962,1.3329405],[103.8685811,1.3328813],[103.8684783,1.3329074],[103.8684908,1.3329565],[103.8684466,1.3329677],[103.8684338,1.3329173],[103.8683799,1.332931],[103.8684024,1.3330197],[103.8684263,1.3330137],[103.8684324,1.3330376],[103.8684711,1.3330278],[103.8684789,1.3330585],[103.8684523,1.3330653],[103.8684632,1.3331082],[103.868302,1.3331492],[103.8682945,1.3331196],[103.8682663,1.3331267],[103.868286,1.333204],[103.8682921,1.3332282],[103.8682986,1.3332265]]]}},{"type":"Feature","id":"way/446742927-0","properties":{"addr:city":"Singapore","addr:country":"SG","addr:housenumber":"145","addr:postcode":"350145","addr:street":"Potong Pasir Avenue 2","building":"residential","building:levels":"10","residential":"HDB","roof:direction":"270","roof:levels":"7","roof:shape":"skillion"},"geometry":{"type":"Polygon","coordinates":[[[103.8665987,1.3321584],[103.8664279,1.3323274],[103.8656691,1.3323254],[103.8656691,1.3323401],[103.8656689,1.3324084],[103.8657081,1.3324085],[103.8657079,1.3324511],[103.8658005,1.3324514],[103.8658006,1.3324214],[103.8658708,1.3324215],[103.8658707,1.3324516],[103.8659664,1.3324518],[103.8659665,1.3324222],[103.866038,1.3324223],[103.866038,1.3324518],[103.8661312,1.332452],[103.8661312,1.3324212],[103.8662041,1.3324214],[103.8662041,1.3324519],[103.8662963,1.332452],[103.8662963,1.332422],[103.8663653,1.3324221],[103.8663652,1.3324532],[103.8664164,1.3324533],[103.8664165,1.3324223],[103.8664652,1.3324224],[103.8665079,1.3323802],[103.8665277,1.3324002],[103.86656,1.3323683],[103.8665376,1.3323457],[103.8665702,1.3323135],[103.8665943,1.3323378],[103.8666609,1.332272],[103.8666333,1.3322441],[103.8666339,1.3322314],[103.8666526,1.3322129],[103.8665987,1.3321584]]]}},{"type":"Feature","id":"way/446742928-0","properties":{"addr:city":"Singapore","addr:country":"SG","addr:housenumber":"144","addr:postcode":"350144","addr:street":"Potong Pasir Avenue 2","building":"residential","building:levels":"4","residential":"HDB"},"geometry":{"type":"Polygon","coordinates":[[[103.8654858,1.3322548],[103.865445,1.3322928],[103.865444,1.3329575],[103.8655416,1.3329576],[103.8655416,1.3329217],[103.8656044,1.3329218],[103.8656045,1.3328221],[103.8655422,1.332822],[103.8655422,1.3327548],[103.8656074,1.3327549],[103.8656075,1.3326537],[103.8655402,1.3326536],[103.8655403,1.3325877],[103.8656061,1.3325878],[103.8656062,1.3324889],[103.8655447,1.3324888],[103.8655447,1.3324201],[103.865607,1.3324202],[103.8656071,1.3323205],[103.8655469,1.3323205],[103.8654858,1.3322548]]]}},{"type":"Feature","id":"way/446742929-0","properties":{"addr:city":"Singapore","addr:country":"SG","addr:housenumber":"143","addr:postcode":"350143","addr:street":"Potong Pasir Avenue 2","building":"residential","building:levels":"10","residential":"HDB","roof:direction":"270","roof:levels":"7","roof:shape":"skillion"},"geometry":{"type":"Polygon","coordinates":[[[103.8666634,1.3327471],[103.866618,1.3327019],[103.8665952,1.3327248],[103.8665622,1.3326919],[103.8664921,1.3327622],[103.8665127,1.3327828],[103.8664881,1.3328074],[103.8664664,1.3327857],[103.8664241,1.3328281],[103.8664492,1.3328531],[103.8664327,1.3328697],[103.8664089,1.3328697],[103.8664089,1.3328293],[103.866359,1.3328293],[103.866359,1.3328601],[103.8662853,1.3328601],[103.8662853,1.3328295],[103.8661943,1.3328295],[103.8661943,1.3328619],[103.8661193,1.3328619],[103.8661193,1.3328304],[103.8660296,1.3328305],[103.8660296,1.3328587],[103.8659556,1.3328588],[103.8659555,1.3328285],[103.8658637,1.3328287],[103.8658637,1.332859],[103.8657906,1.3328591],[103.8657905,1.3328284],[103.8656985,1.3328286],[103.8656985,1.3328733],[103.8656607,1.3328734],[103.8656608,1.3329317],[103.8656609,1.3329578],[103.8658921,1.3329572],[103.8664821,1.3329558],[103.8666769,1.3327606],[103.8666634,1.3327471]]]}},{"type":"Feature","id":"way/446742931-0","properties":{"addr:city":"Singapore","addr:country":"SG","addr:housenumber":"142","addr:postcode":"350142","addr:street":"Potong Pasir Avenue 2","building":"residential","building:levels":"10","residential":"HDB","roof:direction":"45","roof:levels":"8","roof:shape":"skillion"},"geometry":{"type":"Polygon","coordinates":[[[103.8675599,1.3337274],[103.8675768,1.3337106],[103.8670183,1.3331487],[103.8668583,1.3329876],[103.866802,1.3330435],[103.8668283,1.33307],[103.8667946,1.3331034],[103.8668624,1.3331716],[103.8668866,1.3331476],[103.8669102,1.3331714],[103.8668878,1.3331937],[103.8669975,1.3333041],[103.8670185,1.3332833],[103.8670677,1.3333328],[103.8670465,1.3333537],[103.8671144,1.3334221],[103.8671356,1.3334011],[103.8671849,1.3334507],[103.8671629,1.3334725],[103.8672312,1.3335412],[103.8672527,1.3335198],[103.8673024,1.3335698],[103.8672824,1.3335895],[103.867348,1.3336556],[103.8673708,1.3336329],[103.8674224,1.3336849],[103.8674,1.3337071],[103.8674635,1.3337711],[103.8674952,1.3337396],[103.8675212,1.3337657],[103.8675599,1.3337274]]]}},{"type":"Feature","id":"way/446742934-0","properties":{"addr:city":"Singapore","addr:country":"SG","addr:housenumber":"139","addr:postcode":"350139","addr:street":"Potong Pasir Avenue 3","building":"residential","building:levels":"10","building:part":"yes","residential":"HDB","roof:direction":"270","roof:levels":"7","roof:shape":"skillion"},"geometry":{"type":"Polygon","coordinates":[[[103.8658976,1.3332272],[103.865635,1.3332272],[103.8656143,1.3332272],[103.8656143,1.3333124],[103.8656521,1.3333125],[103.8656521,1.3333568],[103.8657485,1.3333568],[103.8657485,1.3333254],[103.8658171,1.3333255],[103.8658171,1.3333551],[103.8659143,1.3333553],[103.8659144,1.3333271],[103.8659812,1.3333272],[103.8659811,1.3333596],[103.8660812,1.3333599],[103.8660813,1.3333286],[103.8661448,1.3333288],[103.8661447,1.3333603],[103.8662464,1.3333607],[103.8662465,1.3333271],[103.8663111,1.3333274],[103.8663109,1.3333566],[103.8663634,1.3333568],[103.8663635,1.3333252],[103.8664123,1.3333254],[103.8664422,1.3332961],[103.8664532,1.3332853],[103.8664728,1.3333053],[103.8665077,1.3332712],[103.8664855,1.3332485],[103.8665181,1.3332166],[103.8665379,1.3332368],[103.8666006,1.3331754],[103.8665679,1.3331421],[103.8665853,1.3331251],[103.866595,1.3331156],[103.8665421,1.3330615],[103.8665343,1.3330692],[103.8663728,1.3332272],[103.8658976,1.3332272]]]}},{"type":"Feature","id":"way/455063888-0","properties":{"building":"yes"},"geometry":{"type":"Polygon","coordinates":[[[103.8664559,1.3308853],[103.8664505,1.3308692],[103.8663055,1.3309186],[103.866311,1.3309346],[103.866271,1.3309483],[103.8662995,1.3310317],[103.8663232,1.3310237],[103.8663282,1.3310384],[103.866484,1.3309854],[103.866479,1.3309707],[103.8665516,1.3309459],[103.8665232,1.3308624],[103.8664559,1.3308853]]]}},{"type":"Feature","id":"way/455066668-0","properties":{"addr:city":"Singapore","addr:country":"SG","addr:housenumber":"25","addr:postcode":"358464","addr:street":"Meyappa Chettiar Road","building":"residential","building:levels":"11"},"geometry":{"type":"Polygon","coordinates":[[[103.8669258,1.3307532],[103.8667889,1.330797],[103.8668611,1.3310298],[103.8669988,1.3309842],[103.8669258,1.3307532]]]}},{"type":"Feature","id":"way/455066669-0","properties":{"addr:city":"Singapore","addr:country":"SG","addr:housename":"Platinum Edge","addr:housenumber":"18","addr:postcode":"358847","addr:street":"Leicester Road","building":"residential","building:levels":"18","residential":"condominium"},"geometry":{"type":"Polygon","coordinates":[[[103.8669266,1.3305683],[103.8669132,1.3305401],[103.8669883,1.3305045],[103.8669351,1.3303925],[103.8667582,1.3304765],[103.8668246,1.3306167],[103.8669266,1.3305683]]]}},{"type":"Feature","id":"way/455066670-0","properties":{"addr:city":"Singapore","addr:country":"SG","addr:housename":"Leicester Suites","addr:housenumber":"10","addr:postcode":"358844","addr:street":"Leicester Road","building":"residential","building:levels":"18","residential":"condominium"},"geometry":{"type":"Polygon","coordinates":[[[103.8671912,1.3304611],[103.8670812,1.3302481],[103.8669981,1.330291],[103.867108,1.330504],[103.8671912,1.3304611]]]}},{"type":"Feature","id":"way/455066671-0","properties":{"addr:city":"Singapore","addr:country":"SG","addr:housenumber":"21","addr:postcode":"358461","addr:street":"Meyappa Chettiar Road","building":"residential","building:levels":"8"},"geometry":{"type":"Polygon","coordinates":[[[103.8673261,1.3308677],[103.8672484,1.3306228],[103.8671262,1.3306616],[103.8672039,1.3309065],[103.8673261,1.3308677]]]}},{"type":"Feature","id":"way/455066672-0","properties":{"addr:city":"Singapore","addr:country":"SG","addr:housenumber":"23","addr:postcode":"358463","addr:street":"Meyappa Chettiar Road","building":"residential","building:levels":"7"},"geometry":{"type":"Polygon","coordinates":[[[103.867156,1.3309238],[103.8670771,1.3306682],[103.8669734,1.3307118],[103.8670497,1.3309571],[103.867156,1.3309238]]]}},{"type":"Feature","id":"way/455066673-0","properties":{"building":"residential","building:levels":"14","residential":"condominium"},"geometry":{"type":"Polygon","coordinates":[[[103.8683144,1.3297331],[103.8682275,1.3293802],[103.8681414,1.3294014],[103.868148,1.3294284],[103.8681158,1.3294363],[103.8681095,1.329411],[103.8680438,1.3294272],[103.8681303,1.3297784],[103.8683144,1.3297331]]]}},{"type":"Feature","id":"way/455066674-0","properties":{"building":"residential","building:levels":"18","residential":"condominium"},"geometry":{"type":"Polygon","coordinates":[[[103.8683485,1.3301534],[103.8682804,1.32987],[103.868174,1.3298956],[103.868242,1.330179],[103.8683485,1.3301534]]]}},{"type":"Feature","id":"way/455066675-0","properties":{"building":"residential","building:levels":"18","residential":"condominium"},"geometry":{"type":"Polygon","coordinates":[[[103.868455,1.3305423],[103.8683822,1.330258],[103.8682669,1.3302875],[103.8683396,1.3305718],[103.868455,1.3305423]]]}},{"type":"Feature","id":"way/455066677-0","properties":{"addr:city":"Singapore","addr:country":"SG","addr:housenumber":"43","addr:street":"Woodsville Close","building":"terrace","building:levels":"3"},"geometry":{"type":"Polygon","coordinates":[[[103.8676986,1.3299449],[103.8679202,1.3298859],[103.8679029,1.3298137],[103.8676802,1.3298724],[103.8676986,1.3299449]]]}},{"type":"Feature","id":"way/455066678-0","properties":{"addr:city":"Singapore","addr:country":"SG","addr:housename":"Parc Aston","addr:housenumber":"2","addr:postcode":"358831","addr:street":"Leicester Road","building":"residential","building:levels":"18","residential":"condominium"},"geometry":{"type":"Polygon","coordinates":[[[103.8676836,1.3302554],[103.8676575,1.330139],[103.8675897,1.3299909],[103.8675046,1.3300343],[103.8675135,1.3300534],[103.8675026,1.3300585],[103.8676185,1.3302814],[103.8676836,1.3302554]]]}},{"type":"Feature","id":"way/455066679-0","properties":{"addr:city":"Singapore","addr:country":"SG","addr:housenumber":"19","addr:postcode":"358459","addr:street":"Meyappa Chettiar Road","building":"residential","building:levels":"6"},"geometry":{"type":"Polygon","coordinates":[[[103.8674792,1.3305175],[103.8673431,1.3305629],[103.8674322,1.3308512],[103.8675332,1.3308178],[103.867529,1.3307986],[103.8675624,1.3307894],[103.8674792,1.3305175]]]}},{"type":"Feature","id":"way/455066680-0","properties":{"addr:city":"Singapore","addr:country":"SG","addr:housename":"Intero","addr:housenumber":"8","addr:postcode":"358841","addr:street":"Leicester Road","building":"residential","building:levels":"18","residential":"condominium"},"geometry":{"type":"Polygon","coordinates":[[[103.8672549,1.3303076],[103.8672973,1.3304014],[103.8674785,1.3303173],[103.8674517,1.3302672],[103.867495,1.3302452],[103.8674329,1.3301253],[103.8671874,1.330246],[103.8672248,1.330323],[103.8672549,1.3303076]]]}},{"type":"Feature","id":"way/455066681-0","properties":{"addr:city":"Singapore","addr:housenumber":"13","addr:postcode":"359339","addr:street":"Francis Thomas Drive","amenity":"place_of_worship","building":"yes","name":"Church of the Ascension","religion":"christian"},"geometry":{"type":"Polygon","coordinates":[[[103.8661114,1.3302889],[103.8660904,1.3301675],[103.8657337,1.3302292],[103.8657547,1.3303505],[103.8661114,1.3302889]]]}},{"type":"Feature","id":"way/455066682-0","properties":{"building":"yes"},"geometry":{"type":"Polygon","coordinates":[[[103.8656688,1.3303827],[103.8656464,1.3302258],[103.8655525,1.3302392],[103.865575,1.3303961],[103.8656688,1.3303827]]]}},{"type":"Feature","id":"way/455066683-0","properties":{"addr:city":"Singapore","addr:housenumber":"11","addr:postcode":"359338","addr:street":"Francis Thomas Drive","building":"kindergarten","name":"Ascension Kindergarten"},"geometry":{"type":"Polygon","coordinates":[[[103.8665218,1.3303908],[103.8666858,1.3298128],[103.8665616,1.3297964],[103.8663877,1.3303505],[103.8665218,1.3303908]]]}},{"type":"Feature","id":"way/455066686-0","properties":{"building":"school"},"geometry":{"type":"Polygon","coordinates":[[[103.8654048,1.3301851],[103.8655302,1.3301128],[103.8653517,1.3298033],[103.8654712,1.3297344],[103.865419,1.3296417],[103.8652887,1.3296937],[103.8652686,1.3296588],[103.8651326,1.3297131],[103.8654048,1.3301851]]]}},{"type":"Feature","id":"way/478352690-0","properties":{"addr:street":"Upper Serangoon Road","building":"apartments","building:levels":"9","source":"Kaart Ground Survey 2017"},"geometry":{"type":"Polygon","coordinates":[[[103.8683373,1.3291909],[103.8683258,1.3291472],[103.8683062,1.3291524],[103.8682924,1.3290996],[103.8680588,1.3291608],[103.8680685,1.329198],[103.868052,1.3292023],[103.8680676,1.3292616],[103.8683119,1.3291976],[103.8683373,1.3291909]]]}},{"type":"Feature","id":"way/552957465-0","properties":{"addr:city":"Singapore","addr:country":"SG","addr:housenumber":"59","addr:street":"Woodsville Close","building":"terrace","building:levels":"3"},"geometry":{"type":"Polygon","coordinates":[[[103.8678022,1.3303278],[103.8679877,1.3302782],[103.867984,1.3302593],[103.8680107,1.3302515],[103.8680026,1.3302168],[103.8677891,1.3302737],[103.8678022,1.3303278]]]}},{"type":"Feature","id":"way/552957466-0","properties":{"addr:city":"Singapore","addr:country":"SG","addr:housenumber":"57","addr:street":"Woodsville Close","building":"terrace","building:levels":"3"},"geometry":{"type":"Polygon","coordinates":[[[103.8677891,1.3302737],[103.8680026,1.3302168],[103.867997,1.3301929],[103.867968,1.330201],[103.8679634,1.3301829],[103.8677784,1.33023],[103.8677891,1.3302737]]]}},{"type":"Feature","id":"way/552957467-0","properties":{"addr:city":"Singapore","addr:country":"SG","addr:housenumber":"55","addr:street":"Woodsville Close","building":"terrace","building:levels":"3"},"geometry":{"type":"Polygon","coordinates":[[[103.867865,1.3301798],[103.8677718,1.3302026],[103.8677784,1.33023],[103.8679634,1.3301829],[103.8679869,1.3301769],[103.8679722,1.3301195],[103.8678571,1.3301517],[103.867865,1.3301798]]]}},{"type":"Feature","id":"way/552957468-0","properties":{"addr:city":"Singapore","addr:country":"SG","addr:housenumber":"53","addr:street":"Woodsville Close","building":"terrace","building:levels":"3"},"geometry":{"type":"Polygon","coordinates":[[[103.8677594,1.330131],[103.8677662,1.33016],[103.8678529,1.3301368],[103.8678571,1.3301517],[103.8679722,1.3301195],[103.8679618,1.3300788],[103.8679434,1.3300836],[103.8677789,1.3301259],[103.8677594,1.330131]]]}},{"type":"Feature","id":"way/552957469-0","properties":{"addr:city":"Singapore","addr:country":"SG","addr:housenumber":"51","addr:street":"Woodsville Close","building":"terrace","building:levels":"3"},"geometry":{"type":"Polygon","coordinates":[[[103.8678262,1.3300827],[103.8677714,1.3300963],[103.8677789,1.3301259],[103.8679434,1.3300836],[103.8679387,1.3300619],[103.8679592,1.3300563],[103.8679519,1.3300267],[103.8678209,1.3300598],[103.8678262,1.3300827]]]}},{"type":"Feature","id":"way/552957470-0","properties":{"addr:city":"Singapore","addr:country":"SG","addr:housenumber":"49","addr:street":"Woodsville Close","building":"terrace","building:levels":"3"},"geometry":{"type":"Polygon","coordinates":[[[103.8677617,1.3300575],[103.8678171,1.330043],[103.8678209,1.3300598],[103.8679519,1.3300267],[103.8679452,1.3299993],[103.8679201,1.3300055],[103.8679154,1.3299907],[103.8677554,1.3300325],[103.8677617,1.3300575]]]}},{"type":"Feature","id":"way/552957471-0","properties":{"addr:city":"Singapore","addr:country":"SG","addr:housenumber":"47","addr:street":"Woodsville Close","building":"terrace","building:levels":"3"},"geometry":{"type":"Polygon","coordinates":[[[103.8677229,1.330041],[103.8677554,1.3300325],[103.8679154,1.3299907],[103.8679546,1.3299804],[103.8679411,1.3299243],[103.8677093,1.3299874],[103.8677229,1.330041]]]}},{"type":"Feature","id":"way/552957472-0","properties":{"addr:city":"Singapore","addr:country":"SG","addr:housenumber":"45","addr:street":"Woodsville Close","building":"terrace","building:levels":"3"},"geometry":{"type":"Polygon","coordinates":[[[103.8677093,1.3299874],[103.8679411,1.3299243],[103.8679312,1.329883],[103.8679202,1.3298859],[103.8676986,1.3299449],[103.8677093,1.3299874]]]}},{"type":"Feature","id":"way/552957473-0","properties":{"access":"private","amenity":"parking","building":"yes","building:levels":"4","parking":"multi-storey","roof:levels":"1","roof:material":"grass","roof:shape":"flat"},"geometry":{"type":"Polygon","coordinates":[[[103.867384,1.3292963],[103.8674639,1.3292466],[103.8674923,1.3292058],[103.8674621,1.3290957],[103.867059,1.3291827],[103.8670345,1.3291964],[103.8670154,1.3292171],[103.8670036,1.3292426],[103.8670003,1.3292705],[103.8670057,1.3292981],[103.8670195,1.3293226],[103.8670401,1.3293417],[103.8670657,1.3293535],[103.8670936,1.3293568],[103.8671212,1.3293513],[103.867384,1.3292963]]]}},{"type":"Feature","id":"way/552957475-0","properties":{"building:levels":"4","building:part":"yes","roof:material":"roof_tiles","roof:shape":"hipped"},"geometry":{"type":"Polygon","coordinates":[[[103.8671642,1.3318684],[103.8671745,1.3318621],[103.8671883,1.3318854],[103.8672038,1.3318759],[103.8672131,1.3318916],[103.8672911,1.3318436],[103.8672817,1.3318273],[103.8673229,1.331801],[103.8673333,1.3318176],[103.8675437,1.3316881],[103.8675334,1.3316683],[103.8675733,1.3316437],[103.8675843,1.3316631],[103.8676647,1.3316136],[103.8676557,1.3315992],[103.8676683,1.3315915],[103.8676544,1.3315679],[103.8676654,1.3315612],[103.8676521,1.3315376],[103.867671,1.331528],[103.8676479,1.3314827],[103.8671233,1.3318018],[103.8671498,1.3318448],[103.8671642,1.3318684]]]}},{"type":"Feature","id":"way/552957476-0","properties":{"building:levels":"4","building:part":"yes","roof:material":"roof_tiles","roof:shape":"hipped"},"geometry":{"type":"Polygon","coordinates":[[[103.8677151,1.3316023],[103.8677315,1.3315938],[103.8677715,1.3316474],[103.8677569,1.3316633],[103.8678465,1.3317502],[103.8679046,1.3316915],[103.867932,1.3316636],[103.8678328,1.3315628],[103.8677453,1.3314206],[103.8676479,1.3314827],[103.867671,1.331528],[103.8677151,1.3316023]]]}},{"type":"Feature","id":"way/552957477-0","properties":{"building:levels":"4","building:part":"yes","roof:material":"roof_tiles","roof:shape":"hipped"},"geometry":{"type":"Polygon","coordinates":[[[103.8683349,1.332343],[103.8683169,1.3323238],[103.8683075,1.3323326],[103.8682878,1.3323144],[103.8682769,1.3323258],[103.8682645,1.3323128],[103.8681852,1.3323915],[103.8681244,1.332454],[103.8681393,1.3324705],[103.8680991,1.3325146],[103.8680844,1.3325012],[103.8679621,1.3326638],[103.8679752,1.3326759],[103.8679672,1.3326868],[103.8679867,1.3327023],[103.8679793,1.332714],[103.8679994,1.332732],[103.8680381,1.3327637],[103.8681961,1.3325548],[103.8682769,1.3324757],[103.8683149,1.3324334],[103.8683356,1.3324519],[103.8684015,1.3323787],[103.8683501,1.3323298],[103.8683349,1.332343]]]}},{"type":"Feature","id":"way/552957478-0","properties":{"building:levels":"4","building:part":"yes","roof:material":"roof_tiles","roof:shape":"hipped"},"geometry":{"type":"Polygon","coordinates":[[[103.8684015,1.3323787],[103.8684823,1.3322943],[103.8682124,1.3320189],[103.8681966,1.3320339],[103.8681233,1.3321037],[103.8682119,1.3321933],[103.8682254,1.3321777],[103.8682488,1.3322017],[103.8682367,1.3322168],[103.8683501,1.3323298],[103.8684015,1.3323787]]]}},{"type":"Feature","id":"way/552957479-0","properties":{"building:levels":"2","building:part":"yes","roof:material":"roof_tiles","roof:shape":"hipped"},"geometry":{"type":"Polygon","coordinates":[[[103.8676976,1.3319741],[103.867613,1.331889],[103.8674796,1.3320215],[103.867493,1.332035],[103.8674765,1.3320513],[103.867462,1.3320367],[103.8673865,1.3321116],[103.8674006,1.3321259],[103.8673902,1.3321362],[103.8674086,1.3321548],[103.8673991,1.3321643],[103.8674179,1.3321832],[103.8674029,1.3321981],[103.8674372,1.3322326],[103.8676976,1.3319741]]]}},{"type":"Feature","id":"way/552957480-0","properties":{"building:levels":"4","building:part":"yes","roof:material":"roof_tiles","roof:shape":"hipped"},"geometry":{"type":"Polygon","coordinates":[[[103.8673529,1.3323189],[103.8674372,1.3322326],[103.8674029,1.3321981],[103.8672626,1.3320562],[103.8672448,1.3320373],[103.867133,1.331856],[103.8671498,1.3318448],[103.8671233,1.3318018],[103.8670052,1.3318771],[103.8671412,1.332103],[103.86717,1.3321343],[103.8673529,1.3323189]]]}},{"type":"Feature","id":"way/552957481-0","properties":{"building:levels":"4","building:part":"yes","roof:material":"roof_tiles","roof:shape":"hipped"},"geometry":{"type":"Polygon","coordinates":[[[103.867989,1.3327488],[103.8678208,1.332618],[103.8678061,1.3326377],[103.8677808,1.3326135],[103.8677979,1.3325968],[103.8676564,1.3324588],[103.8676737,1.3324401],[103.8676397,1.3324062],[103.8675388,1.332506],[103.8676533,1.3326253],[103.8677274,1.3326994],[103.8679577,1.332874],[103.8680381,1.3327637],[103.8679994,1.332732],[103.867989,1.3327488]]]}},{"type":"Feature","id":"way/552957482-0","properties":{"building:levels":"2","building:part":"yes","roof:material":"roof_tiles","roof:shape":"hipped"},"geometry":{"type":"Polygon","coordinates":[[[103.8676933,1.3324598],[103.8677011,1.332452],[103.8677198,1.3324706],[103.8677316,1.3324588],[103.8677428,1.3324701],[103.8679672,1.3322461],[103.8678837,1.3321626],[103.8676397,1.3324062],[103.8676737,1.3324401],[103.8676933,1.3324598]]]}},{"type":"Feature","id":"way/552957495-0","properties":{"addr:city":"Singapore","addr:country":"SG","addr:housenumber":"6","addr:postcode":"358361","addr:street":"Potong Pasir Avenue 2","amenity":"community_centre","building":"yes","name":"Potong Pasir Community Club","name:zh":"\u6ce2\u4e1c\u5df4\u897f\u8054\u7edc\u6240","source":"Bing","wheelchair":"yes"},"geometry":{"type":"Polygon","coordinates":[[[103.8667782,1.3326301],[103.8667689,1.3326395],[103.8668024,1.3326728],[103.8669509,1.3325162],[103.8670645,1.3326262],[103.8668873,1.3328042],[103.8669785,1.3328949],[103.8669983,1.332875],[103.8671476,1.3330241],[103.8672983,1.3328736],[103.8673121,1.3328877],[103.8674123,1.3327856],[103.8673166,1.3326917],[103.8672926,1.3327159],[103.8672239,1.3326452],[103.8672358,1.3326338],[103.8670291,1.3324272],[103.8670425,1.3324096],[103.8669458,1.332313],[103.8666938,1.3325481],[103.8667782,1.3326301]]]}},{"type":"Feature","id":"way/552957496-0","properties":{"addr:city":"Singapore","addr:country":"SG","addr:housenumber":"10","addr:neighbourhood":"The Poiz Residences","addr:postcode":"358473","addr:street":"Meyappa Chettiar Road","building":"residential","building:levels":"18","building:min_level":"3","residential":"condominium"},"geometry":{"type":"Polygon","coordinates":[[[103.8677119,1.3312977],[103.8677063,1.33128],[103.8677442,1.331268],[103.8677384,1.3312494],[103.8677969,1.3312309],[103.8677932,1.3312189],[103.8678478,1.3312017],[103.8678657,1.3312583],[103.8680091,1.331213],[103.8679936,1.3311641],[103.8680532,1.3311453],[103.8680673,1.33119],[103.8682038,1.3311468],[103.8681826,1.33108],[103.8681171,1.3311007],[103.8681109,1.3310811],[103.8681721,1.3310617],[103.8681509,1.3309946],[103.86753,1.3311913],[103.8675497,1.3312536],[103.8675789,1.3312444],[103.8675817,1.3312533],[103.8676205,1.331241],[103.8676246,1.331254],[103.8675861,1.3312662],[103.8675886,1.3312743],[103.8675608,1.3312831],[103.8675787,1.3313398],[103.8677119,1.3312977]]]}},{"type":"Feature","id":"way/552957497-0","properties":{"addr:city":"Singapore","addr:country":"SG","addr:housenumber":"12","addr:neighbourhood":"The Poiz Residences","addr:postcode":"358474","addr:street":"Meyappa Chettiar Road","building":"residential","building:levels":"18","building:min_level":"3","residential":"condominium"},"geometry":{"type":"Polygon","coordinates":[[[103.867186,1.331547],[103.8671538,1.3314845],[103.8671975,1.3314619],[103.8672349,1.3315343],[103.8674705,1.331413],[103.8674346,1.3313434],[103.8673839,1.3313694],[103.8673657,1.331334],[103.8674148,1.3313088],[103.8673798,1.3312407],[103.8668429,1.331517],[103.8668769,1.3315829],[103.8669268,1.3315572],[103.8669454,1.3315933],[103.8668948,1.3316193],[103.8669264,1.3316807],[103.867186,1.331547]]]}},{"type":"Feature","id":"way/552957498-0","properties":{"addr:city":"Singapore","addr:country":"SG","addr:housenumber":"2","addr:neighbourhood":"The Poiz Residences","addr:postcode":"358472","addr:street":"Meyappa Chettiar Road","building":"residential","building:levels":"18","building:min_level":"3","residential":"condominium"},"geometry":{"type":"Polygon","coordinates":[[[103.8687979,1.3320938],[103.8687764,1.3320118],[103.8687286,1.3320243],[103.8687212,1.3319962],[103.8687688,1.3319837],[103.8687483,1.3319058],[103.8685233,1.3319648],[103.8685432,1.3320408],[103.8685855,1.3320297],[103.8685928,1.3320574],[103.8685539,1.3320676],[103.868576,1.332152],[103.8687979,1.3320938]]]}},{"type":"Feature","id":"way/552957499-0","properties":{"addr:city":"Singapore","addr:country":"SG","addr:housenumber":"4","addr:neighbourhood":"The Poiz Residences","addr:postcode":"358453","addr:street":"Meyappa Chettiar Road","building":"residential","building:levels":"18","building:min_level":"3","residential":"condominium"},"geometry":{"type":"Polygon","coordinates":[[[103.8685328,1.3319411],[103.8684555,1.3318626],[103.868481,1.3318375],[103.8684153,1.3317709],[103.8683911,1.3317947],[103.8683125,1.3317151],[103.8682497,1.331777],[103.8683249,1.3318532],[103.8683071,1.3318708],[103.868385,1.3319498],[103.8684016,1.3319334],[103.8684701,1.3320028],[103.8685328,1.3319411]]]}},{"type":"Feature","id":"way/552957500-0","properties":{"addr:city":"Singapore","addr:country":"SG","addr:housenumber":"6","addr:neighbourhood":"The Poiz Residences","addr:postcode":"358454","addr:street":"Meyappa Chettiar Road","building":"residential","building:levels":"18","building:min_level":"3","layer":"1","residential":"condominium"},"geometry":{"type":"Polygon","coordinates":[[[103.8682365,1.3315603],[103.8681836,1.3316131],[103.868242,1.3316717],[103.8683231,1.3315907],[103.8683366,1.3316043],[103.8682843,1.3316565],[103.8683361,1.3317083],[103.8683793,1.3316653],[103.8683858,1.3316718],[103.8684943,1.3315634],[103.8684894,1.3315584],[103.8685454,1.3315025],[103.8684856,1.3314426],[103.868446,1.3314821],[103.8684058,1.3314418],[103.8683746,1.331473],[103.8683415,1.3314398],[103.8682287,1.3315524],[103.8682365,1.3315603]]]}},{"type":"Feature","id":"way/552957501-0","properties":{"addr:city":"Singapore","addr:country":"SG","addr:housenumber":"8","addr:neighbourhood":"The Poiz Residences","addr:postcode":"358455","addr:street":"Meyappa Chettiar Road","building":"residential","building:levels":"18","building:min_level":"3","residential":"condominium"},"geometry":{"type":"Polygon","coordinates":[[[103.8683564,1.3313328],[103.868407,1.3313846],[103.8684598,1.331333],[103.8683901,1.3312617],[103.8684084,1.3312438],[103.868452,1.3312883],[103.8685007,1.3312408],[103.8684587,1.3311979],[103.8684686,1.3311882],[103.8683584,1.3310752],[103.8683506,1.3310828],[103.868298,1.3310288],[103.8682354,1.3310899],[103.8683157,1.3311723],[103.8683027,1.331185],[103.8682529,1.331134],[103.868205,1.3311807],[103.868249,1.3312258],[103.8682404,1.3312342],[103.8683463,1.3313427],[103.8683564,1.3313328]]]}},{"type":"Feature","id":"way/767433228-0","properties":{"building":"yes","building:levels":"1"},"geometry":{"type":"Polygon","coordinates":[[[103.8668418,1.3321057],[103.8667464,1.3320087],[103.8666438,1.3321095],[103.8667392,1.3322065],[103.8668418,1.3321057]]]}},{"type":"Feature","id":"way/886430346-0","properties":{"building":"yes"},"geometry":{"type":"Polygon","coordinates":[[[103.8656185,1.3305408],[103.8654303,1.3302131],[103.865153,1.3303723],[103.8653413,1.3307],[103.8656185,1.3305408]]]}},{"type":"Feature","id":"way/1086458020-0","properties":{"building":"yes"},"geometry":{"type":"Polygon","coordinates":[[[103.8688232,1.3332309],[103.8688439,1.3333163],[103.8688572,1.333313],[103.8688728,1.3333776],[103.8689265,1.3333644],[103.8688905,1.3332146],[103.8688232,1.3332309]]]}},{"type":"Feature","id":"way/1086458021-0","properties":{"building":"yes"},"geometry":{"type":"Polygon","coordinates":[[[103.8688516,1.3331062],[103.8687219,1.3331389],[103.8687451,1.3332307],[103.8688748,1.333198],[103.8688516,1.3331062]]]}},{"type":"Feature","id":"way/1218057803-0","properties":{"addr:city":"Singapore","addr:country":"SG","addr:housenumber":"29","addr:street":"Woodsville Close","building":"semidetached_house","building:levels":"2"},"geometry":{"type":"Polygon","coordinates":[[[103.8675274,1.32919],[103.8676727,1.3291502],[103.8676697,1.3291388],[103.8677092,1.3291294],[103.8676947,1.3290698],[103.8675078,1.329117],[103.8675274,1.32919]]]}},{"type":"Feature","id":"way/1218057804-0","properties":{"addr:city":"Singapore","addr:country":"SG","addr:housenumber":"27","addr:street":"Woodsville Close","building":"semidetached_house","building:levels":"2"},"geometry":{"type":"Polygon","coordinates":[[[103.8675078,1.329117],[103.8676947,1.3290698],[103.8676812,1.329014],[103.8676401,1.3290271],[103.8676349,1.3290075],[103.8674895,1.3290486],[103.8675078,1.329117]]]}},{"type":"Feature","id":"way/1218057805-0","properties":{"addr:city":"Singapore","addr:country":"SG","addr:housenumber":"9","addr:postcode":"358456","addr:street":"Meyappa Chettiar Road","building":"residential","building:levels":"12"},"geometry":{"type":"Polygon","coordinates":[[[103.8676411,1.3306376],[103.867603,1.33065],[103.8676255,1.3307217],[103.8677076,1.330695],[103.8677128,1.3307109],[103.8677926,1.3306862],[103.8677689,1.3306135],[103.8678265,1.330594],[103.8678536,1.330677],[103.8678787,1.3306676],[103.8678862,1.330694],[103.8679175,1.3306836],[103.86791,1.3306607],[103.8679341,1.3306539],[103.8679315,1.3306445],[103.8679589,1.3306366],[103.8679491,1.3306041],[103.8679657,1.3305985],[103.8679579,1.3305734],[103.8679999,1.3305607],[103.8679885,1.3305268],[103.867968,1.3305347],[103.8679374,1.3304394],[103.8679102,1.3304482],[103.8679043,1.33043],[103.8678815,1.3304377],[103.8679015,1.3304933],[103.8678885,1.330497],[103.8678761,1.3304618],[103.8678516,1.33047],[103.8678461,1.3304529],[103.8677931,1.3304705],[103.8677969,1.330482],[103.8677674,1.3304915],[103.8677702,1.3305004],[103.8677211,1.3305164],[103.8677182,1.330507],[103.8676445,1.330529],[103.8676479,1.3305397],[103.8676215,1.3305477],[103.8676243,1.3305552],[103.8675968,1.3305645],[103.8676074,1.3305993],[103.8676281,1.3305928],[103.8676411,1.3306376]]]}},{"type":"Feature","id":"way/1507448939-0","properties":{"building":"roof","layer":"1","name":"Town Square @ Potong Pasir"},"geometry":{"type":"Polygon","coordinates":[[[103.86755,1.3332285],[103.8676008,1.3332768],[103.8675743,1.3333046],[103.8676837,1.3334088],[103.8677182,1.3333727],[103.8677636,1.333416],[103.8678665,1.3333081],[103.8676608,1.3331122],[103.86755,1.3332285]]]}},{"type":"Feature","id":"way/1507448940-0","properties":{"building":"yes","building:levels":"1"},"geometry":{"type":"Polygon","coordinates":[[[103.8666992,1.3333408],[103.8668597,1.3335037],[103.8669189,1.3334453],[103.8667584,1.3332825],[103.8666992,1.3333408]]]}},{"type":"Feature","id":"way/22981989-0-0-0","properties":{"highway":"residential","lanes":"4","lanes:backward":"2","lanes:forward":"2","maxspeed":"50","name":"Meyappa Chettiar Road","surface":"asphalt","turn:lanes:forward":"through|right"},"geometry":{"type":"LineString","coordinates":[[103.8672522,1.3310776],[103.8669047,1.3311953]]}},{"type":"Feature","id":"way/22981989-0-1-0","properties":{"highway":"residential","lanes":"4","lanes:backward":"2","lanes:forward":"2","maxspeed":"50","name":"Meyappa Chettiar Road","surface":"asphalt","turn:lanes:forward":"through|right"},"geometry":{"type":"LineString","coordinates":[[103.8669047,1.3311953],[103.8667434,1.3312808]]}},{"type":"Feature","id":"way/22981991-0-0-0","properties":{"highway":"residential","lanes":"1","maxspeed":"50","name":"Potong Pasir Avenue 2","oneway":"yes","surface":"asphalt"},"geometry":{"type":"LineString","coordinates":[[103.8669611,1.332141],[103.8670407,1.3322371]]}},{"type":"Feature","id":"way/22981991-0-1-0","properties":{"highway":"residential","lanes":"1","maxspeed":"50","name":"Potong Pasir Avenue 2","oneway":"yes","surface":"asphalt"},"geometry":{"type":"LineString","coordinates":[[103.8670407,1.3322371],[103.8672121,1.3324217]]}},{"type":"Feature","id":"way/22981992-0-0-0","properties":{"highway":"residential","lanes":"1","maxspeed":"50","name":"Woodsville Close","oneway":"no","surface":"asphalt","turn:lanes":"through;right"},"geometry":{"type":"LineString","coordinates":[[103.868013,1.329929],[103.8679564,1.3296956]]}},{"type":"Feature","id":"way/34123653-0-0-0","properties":{"destination":"City","destination:ref":"CTE","highway":"motorway_link","lanes":"1","lit":"yes","maxspeed":"50","oneway":"yes","surface":"asphalt","toll":"yes"},"geometry":{"type":"LineString","coordinates":[[103.8650386,1.3290223],[103.864777,1.3290678]]}},{"type":"Feature","id":"way/34123653-0-1-0","properties":{"destination":"City","destination:ref":"CTE","highway":"motorway_link","lanes":"1","lit":"yes","maxspeed":"50","oneway":"yes","surface":"asphalt","toll":"yes"},"geometry":{"type":"LineString","coordinates":[[103.864777,1.3290678],[103.8646081,1.3290858]]}},{"type":"Feature","id":"way/34123653-0-2-0","properties":{"destination":"City","destination:ref":"CTE","highway":"motorway_link","lanes":"1","lit":"yes","maxspeed":"50","oneway":"yes","surface":"asphalt","toll":"yes"},"geometry":{"type":"LineString","coordinates":[[103.8646081,1.3290858],[103.8643878,1.3290665]]}},{"type":"Feature","id":"way/37635198-0-0-0","properties":{"bridge":"yes","destination":"Changi","destination:ref":"PIE","highway":"motorway_link","lanes":"2","layer":"1","maxspeed":"80","oneway":"yes","surface":"asphalt"},"geometry":{"type":"LineString","coordinates":[[103.8644666,1.3297811],[103.8647137,1.329661]]}},{"type":"Feature","id":"way/75226970-0-0-0","properties":{"highway":"residential","lanes":"2","lanes:backward":"1","lanes:forward":"1","maxspeed":"40","name":"Potong Pasir Avenue 3","oneway":"no","surface":"asphalt"},"geometry":{"type":"LineString","coordinates":[[103.8652469,1.332739],[103.8652243,1.3333359]]}},{"type":"Feature","id":"way/122258968-0-0-0","properties":{"highway":"service","lanes":"2","lanes:backward":"1","lanes:forward":"1","service":"parking_aisle"},"geometry":{"type":"LineString","coordinates":[[103.8672986,1.3319969],[103.8675906,1.3317999]]}},{"type":"Feature","id":"way/122258969-0-0-0","properties":{"highway":"service","lanes":"1","oneway":"yes","service":"parking_aisle","turn:lanes":"left;right"},"geometry":{"type":"LineString","coordinates":[[103.8674205,1.332412],[103.8673746,1.3324563]]}},{"type":"Feature","id":"way/122258969-0-1-0","properties":{"highway":"service","lanes":"1","oneway":"yes","service":"parking_aisle","turn:lanes":"left;right"},"geometry":{"type":"LineString","coordinates":[[103.8673746,1.3324563],[103.8673489,1.3324832]]}},{"type":"Feature","id":"way/122258971-0-0-0","properties":{"highway":"service","lanes":"2","lanes:backward":"1","lanes:forward":"1","service":"driveway","sidewalk":"both"},"geometry":{"type":"LineString","coordinates":[[103.8680847,1.332302],[103.8679033,1.3321228]]}},{"type":"Feature","id":"way/122258971-0-1-0","properties":{"highway":"service","lanes":"2","lanes:backward":"1","lanes:forward":"1","service":"driveway","sidewalk":"both"},"geometry":{"type":"LineString","coordinates":[[103.8679033,1.3321228],[103.8678191,1.3320428]]}},{"type":"Feature","id":"way/139715168-0-1-0","properties":{"bicycle":"no","highway":"primary","lanes":"2","lit":"yes","maxspeed":"60","name":"Upper Serangoon Road","name:en":"Upper Serangoon Road","name:zh":"\u5b9e\u9f99\u5c97\u8def\u4e0a\u6bb5","oneway":"yes","surface":"asphalt"},"geometry":{"type":"LineString","coordinates":[[103.8689836,1.3307405],[103.8687288,1.3296563]]}},{"type":"Feature","id":"way/139715168-0-2-0","properties":{"bicycle":"no","highway":"primary","lanes":"2","lit":"yes","maxspeed":"60","name":"Upper Serangoon Road","name:en":"Upper Serangoon Road","name:zh":"\u5b9e\u9f99\u5c97\u8def\u4e0a\u6bb5","oneway":"yes","surface":"asphalt"},"geometry":{"type":"LineString","coordinates":[[103.8687288,1.3296563],[103.8686674,1.3293699]]}},{"type":"Feature","id":"way/139715168-0-3-0","properties":{"bicycle":"no","highway":"primary","lanes":"2","lit":"yes","maxspeed":"60","name":"Upper Serangoon Road","name:en":"Upper Serangoon Road","name:zh":"\u5b9e\u9f99\u5c97\u8def\u4e0a\u6bb5","oneway":"yes","surface":"asphalt"},"geometry":{"type":"LineString","coordinates":[[103.8686674,1.3293699],[103.8685995,1.328948]]}},{"type":"Feature","id":"way/139715174-0-0-0","properties":{"highway":"primary","lanes":"2","lit":"yes","maxspeed":"60","name":"Upper Serangoon Road","name:en":"Upper Serangoon Road","name:zh":"\u5b9e\u9f99\u5c97\u8def\u4e0a\u6bb5","oneway":"yes","surface":"asphalt"},"geometry":{"type":"LineString","coordinates":[[103.8685138,1.3289366],[103.868594,1.3293316]]}},{"type":"Feature","id":"way/139715174-0-1-0","properties":{"highway":"primary","lanes":"2","lit":"yes","maxspeed":"60","name":"Upper Serangoon Road","name:en":"Upper Serangoon Road","name:zh":"\u5b9e\u9f99\u5c97\u8def\u4e0a\u6bb5","oneway":"yes","surface":"asphalt"},"geometry":{"type":"LineString","coordinates":[[103.868594,1.3293316],[103.8686774,1.3297273]]}},{"type":"Feature","id":"way/139715174-0-2-0","properties":{"highway":"primary","lanes":"2","lit":"yes","maxspeed":"60","name":"Upper Serangoon Road","name:en":"Upper Serangoon Road","name:zh":"\u5b9e\u9f99\u5c97\u8def\u4e0a\u6bb5","oneway":"yes","surface":"asphalt"},"geometry":{"type":"LineString","coordinates":[[103.8686774,1.3297273],[103.8688977,1.3307698]]}},{"type":"Feature","id":"way/159684313-0-0-0","properties":{"highway":"primary","lanes":"2","maxspeed":"50","name":"Jalan Toa Payoh","name:en":"Jalan Toa Payoh","name:zh":"\u60f9\u5170\u5927\u5df4\u7a91","oneway":"yes","surface":"asphalt"},"geometry":{"type":"LineString","coordinates":[[103.8644933,1.3299185],[103.8650629,1.3296161]]}},{"type":"Feature","id":"way/159684313-0-1-0","properties":{"highway":"primary","lanes":"2","maxspeed":"50","name":"Jalan Toa Payoh","name:en":"Jalan Toa Payoh","name:zh":"\u60f9\u5170\u5927\u5df4\u7a91","oneway":"yes","surface":"asphalt"},"geometry":{"type":"LineString","coordinates":[[103.8650629,1.3296161],[103.8653972,1.3294658]]}},{"type":"Feature","id":"way/159684313-0-2-0","properties":{"highway":"primary","lanes":"2","maxspeed":"50","name":"Jalan Toa Payoh","name:en":"Jalan Toa Payoh","name:zh":"\u60f9\u5170\u5927\u5df4\u7a91","oneway":"yes","surface":"asphalt"},"geometry":{"type":"LineString","coordinates":[[103.8653972,1.3294658],[103.8657942,1.3293378]]}},{"type":"Feature","id":"way/173792005-0-0-0","properties":{"highway":"primary_link","lanes":"2","lit":"yes","maxspeed":"50","name":"Upper Serangoon Road","name:en":"Upper Serangoon Road","name:zh":"\u5b9e\u9f99\u5c97\u8def\u4e0a\u6bb5","oneway":"yes","surface":"asphalt"},"geometry":{"type":"LineString","coordinates":[[103.8688262,1.3307314],[103.8689569,1.3312116]]}},{"type":"Feature","id":"way/173792005-0-1-0","properties":{"highway":"primary_link","lanes":"2","lit":"yes","maxspeed":"50","name":"Upper Serangoon Road","name:en":"Upper Serangoon Road","name:zh":"\u5b9e\u9f99\u5c97\u8def\u4e0a\u6bb5","oneway":"yes","surface":"asphalt"},"geometry":{"type":"LineString","coordinates":[[103.8689569,1.3312116],[103.8689645,1.3312381]]}},{"type":"Feature","id":"way/174552508-0-0-0","properties":{"highway":"motorway","lanes":"5","maxspeed":"80","name":"Pan-Island Expressway","name:en":"Pan-Island Expressway","name:ms":"Lebuhraya Rentas Pulau","name:ta":"\u0ba4\u0bc0\u0bb5\u0bc1 \u0bb5\u0bbf\u0bb0\u0bc8\u0bb5\u0bc1\u0b9a\u0bcd\u0b9a\u0bbe\u0bb2\u0bc8","name:zh":"\u6cdb\u5c9b\u9ad8\u901f\u516c\u8def","oneway":"yes","ref":"PIE","short_name:ta":"\u0baa\u0bbf\u0b90\u0b87","surface":"asphalt","wikidata":"Q1585650","wikipedia":"en:Pan Island Expressway"},"geometry":{"type":"LineString","coordinates":[[103.8664297,1.328986],[103.8668646,1.3288521]]}},{"type":"Feature","id":"way/316961418-0-0-0","properties":{"highway":"residential","lanes":"2","lanes:backward":"1","lanes:forward":"1","maxspeed":"50","name":"Leicester Road","surface":"asphalt","turn:lanes:backward":"right"},"geometry":{"type":"LineString","coordinates":[[103.8679564,1.3296956],[103.8679045,1.3297178]]}},{"type":"Feature","id":"way/316961418-0-1-0","properties":{"highway":"residential","lanes":"2","lanes:backward":"1","lanes:forward":"1","maxspeed":"50","name":"Leicester Road","surface":"asphalt","turn:lanes:backward":"right"},"geometry":{"type":"LineString","coordinates":[[103.8679045,1.3297178],[103.8678391,1.3297458]]}},{"type":"Feature","id":"way/350345285-0-0-0","properties":{"destination":"Changi","destination:ref":"PIE","highway":"motorway_link","lanes":"2","maxspeed":"80","name":"Whampoa Flyover","name:ms":"Jejambat Whampoa","name:zh":"\u9ec4\u57d4\u7acb\u4ea4\u6865","oneway":"yes","surface":"asphalt"},"geometry":{"type":"LineString","coordinates":[[103.8647137,1.329661],[103.8652929,1.3294123]]}},{"type":"Feature","id":"way/350345285-0-1-0","properties":{"destination":"Changi","destination:ref":"PIE","highway":"motorway_link","lanes":"2","maxspeed":"80","name":"Whampoa Flyover","name:ms":"Jejambat Whampoa","name:zh":"\u9ec4\u57d4\u7acb\u4ea4\u6865","oneway":"yes","surface":"asphalt"},"geometry":{"type":"LineString","coordinates":[[103.8652929,1.3294123],[103.8655862,1.3293007]]}},{"type":"Feature","id":"way/350345285-0-2-0","properties":{"destination":"Changi","destination:ref":"PIE","highway":"motorway_link","lanes":"2","maxspeed":"80","name":"Whampoa Flyover","name:ms":"Jejambat Whampoa","name:zh":"\u9ec4\u57d4\u7acb\u4ea4\u6865","oneway":"yes","surface":"asphalt"},"geometry":{"type":"LineString","coordinates":[[103.8655862,1.3293007],[103.8658384,1.3292191]]}},{"type":"Feature","id":"way/439183897-0-0-0","properties":{"destination":"Kallang Way","destination:ref":"PIE","destination:to":"Changi","highway":"primary_link","lanes":"1","maxspeed":"50","name":"Woodsville Flyover","name:en":"Woodsville Flyover","name:ms":"Jejambat Woodsville","name:zh":"\u5140\u58eb\u7ef4\u7acb\u4ea4\u6865","oneway":"yes","surface":"asphalt","turn:lanes":"right"},"geometry":{"type":"LineString","coordinates":[[103.8664084,1.3291711],[103.86665,1.329054]]}},{"type":"Feature","id":"way/439183918-0-2-0","properties":{"destination":"MacPherson Road;Geylang Bahru;Tuas;Changi","destination:ref":"PIE;CTE","highway":"primary_link","lanes":"3","lit":"yes","maxspeed":"50","name":"Upper Serangoon Road","name:en":"Upper Serangoon Road","name:zh":"\u5b9e\u9f99\u5c97\u8def\u4e0a\u6bb5","oneway":"yes","surface":"asphalt"},"geometry":{"type":"LineString","coordinates":[[103.8690712,1.330718],[103.8687868,1.3293318]]}},{"type":"Feature","id":"way/444987178-0-0-0","properties":{"highway":"service","service":"parking_aisle"},"geometry":{"type":"LineString","coordinates":[[103.8688053,1.3332851],[103.8683031,1.3334137]]}},{"type":"Feature","id":"way/446742930-0-0-0","properties":{"highway":"service","lanes":"1","oneway":"yes","service":"parking_aisle","turn:lanes":"right"},"geometry":{"type":"LineString","coordinates":[[103.8657235,1.3325808],[103.8657265,1.3326812]]}},{"type":"Feature","id":"way/446742930-0-1-0","properties":{"highway":"service","lanes":"1","oneway":"yes","service":"parking_aisle","turn:lanes":"right"},"geometry":{"type":"LineString","coordinates":[[103.8657265,1.3326812],[103.8657287,1.3326914]]}},{"type":"Feature","id":"way/446742930-0-2-0","properties":{"highway":"service","lanes":"1","oneway":"yes","service":"parking_aisle","turn:lanes":"right"},"geometry":{"type":"LineString","coordinates":[[103.8657287,1.3326914],[103.8657342,1.3327002]]}},{"type":"Feature","id":"way/446742930-0-3-0","properties":{"highway":"service","lanes":"1","oneway":"yes","service":"parking_aisle","turn:lanes":"right"},"geometry":{"type":"LineString","coordinates":[[103.8657342,1.3327002],[103.8657423,1.3327067]]}},{"type":"Feature","id":"way/446742930-0-4-0","properties":{"highway":"service","lanes":"1","oneway":"yes","service":"parking_aisle","turn:lanes":"right"},"geometry":{"type":"LineString","coordinates":[[103.8657423,1.3327067],[103.8657521,1.3327102]]}},{"type":"Feature","id":"way/446742930-0-5-0","properties":{"highway":"service","lanes":"1","oneway":"yes","service":"parking_aisle","turn:lanes":"right"},"geometry":{"type":"LineString","coordinates":[[103.8657521,1.3327102],[103.8657624,1.3327102]]}},{"type":"Feature","id":"way/464307251-0-0-0","properties":{"destination":"Bendemeer Road;Upper Serangoon Road;MacPherson Road","highway":"primary","lanes":"2","maxspeed":"50","name":"Jalan Toa Payoh","name:en":"Jalan Toa Payoh","name:zh":"\u60f9\u5170\u5927\u5df4\u7a91","oneway":"yes","surface":"asphalt","turn:lanes":"through|through"},"geometry":{"type":"LineString","coordinates":[[103.8667556,1.3290742],[103.866983,1.3290198]]}},{"type":"Feature","id":"way/464307251-0-1-0","properties":{"destination":"Bendemeer Road;Upper Serangoon Road;MacPherson Road","highway":"primary","lanes":"2","maxspeed":"50","name":"Jalan Toa Payoh","name:en":"Jalan Toa Payoh","name:zh":"\u60f9\u5170\u5927\u5df4\u7a91","oneway":"yes","surface":"asphalt","turn:lanes":"through|through"},"geometry":{"type":"LineString","coordinates":[[103.866983,1.3290198],[103.8672311,1.3289539]]}},{"type":"Feature","id":"way/465463717-0-0-0","properties":{"highway":"service","lanes":"2","lanes:backward":"1","lanes:forward":"1","service":"parking_aisle"},"geometry":{"type":"LineString","coordinates":[[103.8675906,1.3317999],[103.8677052,1.3317225]]}},{"type":"Feature","id":"way/465463718-0-0-0","properties":{"highway":"service","service":"parking_aisle"},"geometry":{"type":"LineString","coordinates":[[103.8680847,1.332302],[103.8678682,1.3325541]]}},{"type":"Feature","id":"way/465463723-0-0-0","properties":{"highway":"service","lanes":"2","lanes:backward":"1","lanes:forward":"1","service":"parking_aisle","turn:lanes:backward":"left;right","turn:lanes:forward":"through"},"geometry":{"type":"LineString","coordinates":[[103.8669611,1.332141],[103.8669105,1.3321653]]}},{"type":"Feature","id":"way/465463723-0-1-0","properties":{"highway":"service","lanes":"2","lanes:backward":"1","lanes:forward":"1","service":"parking_aisle","turn:lanes:backward":"left;right","turn:lanes:forward":"through"},"geometry":{"type":"LineString","coordinates":[[103.8669105,1.3321653],[103.8668485,1.3322073]]}},{"type":"Feature","id":"way/465463723-0-2-0","properties":{"highway":"service","lanes":"2","lanes:backward":"1","lanes:forward":"1","service":"parking_aisle","turn:lanes:backward":"left;right","turn:lanes:forward":"through"},"geometry":{"type":"LineString","coordinates":[[103.8668485,1.3322073],[103.8667799,1.3322844]]}},{"type":"Feature","id":"way/465499140-0-0-0","properties":{"highway":"residential","lanes":"1","maxspeed":"50","name":"Potong Pasir Avenue 2","oneway":"yes","surface":"asphalt"},"geometry":{"type":"LineString","coordinates":[[103.8680693,1.3330353],[103.8679611,1.3330068]]}},{"type":"Feature","id":"way/465499140-0-1-0","properties":{"highway":"residential","lanes":"1","maxspeed":"50","name":"Potong Pasir Avenue 2","oneway":"yes","surface":"asphalt"},"geometry":{"type":"LineString","coordinates":[[103.8679611,1.3330068],[103.867921,1.3329964]]}},{"type":"Feature","id":"way/465499140-0-2-0","properties":{"highway":"residential","lanes":"1","maxspeed":"50","name":"Potong Pasir Avenue 2","oneway":"yes","surface":"asphalt"},"geometry":{"type":"LineString","coordinates":[[103.867921,1.3329964],[103.8678359,1.3329649]]}},{"type":"Feature","id":"way/465499140-0-3-0","properties":{"highway":"residential","lanes":"1","maxspeed":"50","name":"Potong Pasir Avenue 2","oneway":"yes","surface":"asphalt"},"geometry":{"type":"LineString","coordinates":[[103.8678359,1.3329649],[103.867772,1.3329155]]}},{"type":"Feature","id":"way/465499140-0-4-0","properties":{"highway":"residential","lanes":"1","maxspeed":"50","name":"Potong Pasir Avenue 2","oneway":"yes","surface":"asphalt"},"geometry":{"type":"LineString","coordinates":[[103.867772,1.3329155],[103.8675701,1.3327089]]}},{"type":"Feature","id":"way/465499140-0-5-0","properties":{"highway":"residential","lanes":"1","maxspeed":"50","name":"Potong Pasir Avenue 2","oneway":"yes","surface":"asphalt"},"geometry":{"type":"LineString","coordinates":[[103.8675701,1.3327089],[103.8675135,1.3326507]]}},{"type":"Feature","id":"way/479175247-0-0-0","properties":{"highway":"motorway","lanes":"4","maxspeed":"80","name":"Pan-Island Expressway","name:en":"Pan-Island Expressway","name:ms":"Lebuhraya Rentas Pulau","name:ta":"\u0ba4\u0bc0\u0bb5\u0bc1 \u0bb5\u0bbf\u0bb0\u0bc8\u0bb5\u0bc1\u0b9a\u0bcd\u0b9a\u0bbe\u0bb2\u0bc8","name:zh":"\u6cdb\u5c9b\u9ad8\u901f\u516c\u8def","oneway":"yes","ref":"PIE","short_name:ta":"\u0baa\u0bbf\u0b90\u0b87","surface":"asphalt","wikidata":"Q1585650","wikipedia":"en:Pan Island Expressway"},"geometry":{"type":"LineString","coordinates":[[103.8657637,1.3289814],[103.8654597,1.3290722]]}},{"type":"Feature","id":"way/479175247-0-1-0","properties":{"highway":"motorway","lanes":"4","maxspeed":"80","name":"Pan-Island Expressway","name:en":"Pan-Island Expressway","name:ms":"Lebuhraya Rentas Pulau","name:ta":"\u0ba4\u0bc0\u0bb5\u0bc1 \u0bb5\u0bbf\u0bb0\u0bc8\u0bb5\u0bc1\u0b9a\u0bcd\u0b9a\u0bbe\u0bb2\u0bc8","name:zh":"\u6cdb\u5c9b\u9ad8\u901f\u516c\u8def","oneway":"yes","ref":"PIE","short_name:ta":"\u0baa\u0bbf\u0b90\u0b87","surface":"asphalt","wikidata":"Q1585650","wikipedia":"en:Pan Island Expressway"},"geometry":{"type":"LineString","coordinates":[[103.8654597,1.3290722],[103.8651525,1.3291648]]}},{"type":"Feature","id":"way/479175247-0-2-0","properties":{"highway":"motorway","lanes":"4","maxspeed":"80","name":"Pan-Island Expressway","name:en":"Pan-Island Expressway","name:ms":"Lebuhraya Rentas Pulau","name:ta":"\u0ba4\u0bc0\u0bb5\u0bc1 \u0bb5\u0bbf\u0bb0\u0bc8\u0bb5\u0bc1\u0b9a\u0bcd\u0b9a\u0bbe\u0bb2\u0bc8","name:zh":"\u6cdb\u5c9b\u9ad8\u901f\u516c\u8def","oneway":"yes","ref":"PIE","short_name:ta":"\u0baa\u0bbf\u0b90\u0b87","surface":"asphalt","wikidata":"Q1585650","wikipedia":"en:Pan Island Expressway"},"geometry":{"type":"LineString","coordinates":[[103.8651525,1.3291648],[103.8649388,1.329242]]}},{"type":"Feature","id":"way/479175247-0-3-0","properties":{"highway":"motorway","lanes":"4","maxspeed":"80","name":"Pan-Island Expressway","name:en":"Pan-Island Expressway","name:ms":"Lebuhraya Rentas Pulau","name:ta":"\u0ba4\u0bc0\u0bb5\u0bc1 \u0bb5\u0bbf\u0bb0\u0bc8\u0bb5\u0bc1\u0b9a\u0bcd\u0b9a\u0bbe\u0bb2\u0bc8","name:zh":"\u6cdb\u5c9b\u9ad8\u901f\u516c\u8def","oneway":"yes","ref":"PIE","short_name:ta":"\u0baa\u0bbf\u0b90\u0b87","surface":"asphalt","wikidata":"Q1585650","wikipedia":"en:Pan Island Expressway"},"geometry":{"type":"LineString","coordinates":[[103.8649388,1.329242],[103.8647314,1.3293259]]}},{"type":"Feature","id":"way/479175247-0-4-0","properties":{"highway":"motorway","lanes":"4","maxspeed":"80","name":"Pan-Island Expressway","name:en":"Pan-Island Expressway","name:ms":"Lebuhraya Rentas Pulau","name:ta":"\u0ba4\u0bc0\u0bb5\u0bc1 \u0bb5\u0bbf\u0bb0\u0bc8\u0bb5\u0bc1\u0b9a\u0bcd\u0b9a\u0bbe\u0bb2\u0bc8","name:zh":"\u6cdb\u5c9b\u9ad8\u901f\u516c\u8def","oneway":"yes","ref":"PIE","short_name:ta":"\u0baa\u0bbf\u0b90\u0b87","surface":"asphalt","wikidata":"Q1585650","wikipedia":"en:Pan Island Expressway"},"geometry":{"type":"LineString","coordinates":[[103.8647314,1.3293259],[103.8642353,1.3295603]]}},{"type":"Feature","id":"way/479175248-0-0-0","properties":{"highway":"motorway","lanes":"4","maxheight":"4.5","maxspeed":"80","name":"Pan-Island Expressway","name:en":"Pan-Island Expressway","name:ms":"Lebuhraya Rentas Pulau","name:ta":"\u0ba4\u0bc0\u0bb5\u0bc1 \u0bb5\u0bbf\u0bb0\u0bc8\u0bb5\u0bc1\u0b9a\u0bcd\u0b9a\u0bbe\u0bb2\u0bc8","name:zh":"\u6cdb\u5c9b\u9ad8\u901f\u516c\u8def","oneway":"yes","ref":"PIE","short_name:ta":"\u0baa\u0bbf\u0b90\u0b87","surface":"asphalt","wikidata":"Q1585650","wikipedia":"en:Pan Island Expressway"},"geometry":{"type":"LineString","coordinates":[[103.8659358,1.3289324],[103.8657637,1.3289814]]}},{"type":"Feature","id":"way/479175249-0-0-0","properties":{"highway":"motorway","lanes":"3","maxheight":"4.5","maxspeed":"80","name":"Pan-Island Expressway","name:en":"Pan-Island Expressway","name:ms":"Lebuhraya Rentas Pulau","name:ta":"\u0ba4\u0bc0\u0bb5\u0bc1 \u0bb5\u0bbf\u0bb0\u0bc8\u0bb5\u0bc1\u0b9a\u0bcd\u0b9a\u0bbe\u0bb2\u0bc8","name:zh":"\u6cdb\u5c9b\u9ad8\u901f\u516c\u8def","oneway":"yes","ref":"PIE","short_name:ta":"\u0baa\u0bbf\u0b90\u0b87","surface":"asphalt","wikidata":"Q1585650","wikipedia":"en:Pan Island Expressway"},"geometry":{"type":"LineString","coordinates":[[103.8658133,1.3291382],[103.8659419,1.329097]]}},{"type":"Feature","id":"way/479175250-0-0-0","properties":{"highway":"motorway","lanes":"3","maxspeed":"80","name":"Pan-Island Expressway","name:en":"Pan-Island Expressway","name:ms":"Lebuhraya Rentas Pulau","name:ta":"\u0ba4\u0bc0\u0bb5\u0bc1 \u0bb5\u0bbf\u0bb0\u0bc8\u0bb5\u0bc1\u0b9a\u0bcd\u0b9a\u0bbe\u0bb2\u0bc8","name:zh":"\u6cdb\u5c9b\u9ad8\u901f\u516c\u8def","oneway":"yes","ref":"PIE","short_name:ta":"\u0baa\u0bbf\u0b90\u0b87","surface":"asphalt","wikidata":"Q1585650","wikipedia":"en:Pan Island Expressway"},"geometry":{"type":"LineString","coordinates":[[103.8659419,1.329097],[103.8660972,1.3290558]]}},{"type":"Feature","id":"way/479175250-0-1-0","properties":{"highway":"motorway","lanes":"3","maxspeed":"80","name":"Pan-Island Expressway","name:en":"Pan-Island Expressway","name:ms":"Lebuhraya Rentas Pulau","name:ta":"\u0ba4\u0bc0\u0bb5\u0bc1 \u0bb5\u0bbf\u0bb0\u0bc8\u0bb5\u0bc1\u0b9a\u0bcd\u0b9a\u0bbe\u0bb2\u0bc8","name:zh":"\u6cdb\u5c9b\u9ad8\u901f\u516c\u8def","oneway":"yes","ref":"PIE","short_name:ta":"\u0baa\u0bbf\u0b90\u0b87","surface":"asphalt","wikidata":"Q1585650","wikipedia":"en:Pan Island Expressway"},"geometry":{"type":"LineString","coordinates":[[103.8660972,1.3290558],[103.8664297,1.328986]]}},{"type":"Feature","id":"way/479175251-0-0-0","properties":{"destination":"Changi","destination:ref":"PIE","highway":"motorway_link","lanes":"2","maxheight":"4.5","maxspeed":"80","name":"Whampoa Flyover","name:ms":"Jejambat Whampoa","name:zh":"\u9ec4\u57d4\u7acb\u4ea4\u6865","oneway":"yes","surface":"asphalt"},"geometry":{"type":"LineString","coordinates":[[103.8658384,1.3292191],[103.8659698,1.3291783]]}},{"type":"Feature","id":"way/479175252-0-0-0","properties":{"destination":"Changi","destination:ref":"PIE","highway":"motorway_link","lanes":"2","maxspeed":"80","name":"Whampoa Flyover","name:ms":"Jejambat Whompoa","oneway":"yes","surface":"asphalt"},"geometry":{"type":"LineString","coordinates":[[103.8659698,1.3291783],[103.8661188,1.329128]]}},{"type":"Feature","id":"way/479175252-0-1-0","properties":{"destination":"Changi","destination:ref":"PIE","highway":"motorway_link","lanes":"2","maxspeed":"80","name":"Whampoa Flyover","name:ms":"Jejambat Whompoa","oneway":"yes","surface":"asphalt"},"geometry":{"type":"LineString","coordinates":[[103.8661188,1.329128],[103.8664297,1.328986]]}},{"type":"Feature","id":"way/479175253-0-0-0","properties":{"highway":"primary","lanes":"2","maxheight":"4.5","maxspeed":"50","name":"Jalan Toa Payoh","name:en":"Jalan Toa Payoh","name:zh":"\u60f9\u5170\u5927\u5df4\u7a91","oneway":"yes","surface":"asphalt","turn:lanes":"none|through;right"},"geometry":{"type":"LineString","coordinates":[[103.8657942,1.3293378],[103.8660417,1.3292657]]}},{"type":"Feature","id":"way/479175254-0-0-0","properties":{"highway":"primary","lanes":"3","maxspeed":"50","name":"Jalan Toa Payoh","name:en":"Jalan Toa Payoh","name:zh":"\u60f9\u5170\u5927\u5df4\u7a91","oneway":"yes","surface":"asphalt","turn:lanes":"through|through|right"},"geometry":{"type":"LineString","coordinates":[[103.8660417,1.3292657],[103.8662044,1.3292231]]}},{"type":"Feature","id":"way/479175254-0-1-0","properties":{"highway":"primary","lanes":"3","maxspeed":"50","name":"Jalan Toa Payoh","name:en":"Jalan Toa Payoh","name:zh":"\u60f9\u5170\u5927\u5df4\u7a91","oneway":"yes","surface":"asphalt","turn:lanes":"through|through|right"},"geometry":{"type":"LineString","coordinates":[[103.8662044,1.3292231],[103.8664084,1.3291711]]}},{"type":"Feature","id":"way/479370603-0-0-0","properties":{"destination":"Tuas","destination:ref":"PIE;CTE","highway":"primary","lanes":"3","lit":"yes","maxspeed":"50","name":"Jalan Toa Payoh","name:en":"Jalan Toa Payoh","name:zh":"\u60f9\u5170\u5927\u5df4\u7a91","oneway":"yes","surface":"asphalt","turn:lanes":"left|through|slight_right"},"geometry":{"type":"LineString","coordinates":[[103.8655588,1.3288646],[103.8650386,1.3290223]]}},{"type":"Feature","id":"way/479370607-0-0-0","properties":{"destination":"Lor 6 Toa Payoh","destination:ref":"PIE;CTE","destination:ref:to":"SLE;TPE","destination:to":"Tuas","highway":"primary","lanes":"2","maxspeed":"50","name":"Jalan Toa Payoh","name:en":"Jalan Toa Payoh","name:zh":"\u60f9\u5170\u5927\u5df4\u7a91","oneway":"yes","surface":"asphalt"},"geometry":{"type":"LineString","coordinates":[[103.8650386,1.3290223],[103.8645686,1.3292092]]}},{"type":"Feature","id":"way/526541407-0-0-0","properties":{"highway":"service","lanes":"1","oneway":"yes","service":"driveway","turn:lanes":"left"},"geometry":{"type":"LineString","coordinates":[[103.8660044,1.3319715],[103.8659851,1.3317839]]}},{"type":"Feature","id":"way/526541407-0-1-0","properties":{"highway":"service","lanes":"1","oneway":"yes","service":"driveway","turn:lanes":"left"},"geometry":{"type":"LineString","coordinates":[[103.8659851,1.3317839],[103.8659838,1.3317225]]}},{"type":"Feature","id":"way/526541408-0-0-0","properties":{"highway":"service","lanes":"1","oneway":"yes","service":"parking_aisle"},"geometry":{"type":"LineString","coordinates":[[103.8658612,1.3325432],[103.8657798,1.3325462]]}},{"type":"Feature","id":"way/526541408-0-1-0","properties":{"highway":"service","lanes":"1","oneway":"yes","service":"parking_aisle"},"geometry":{"type":"LineString","coordinates":[[103.8657798,1.3325462],[103.8657625,1.3325482]]}},{"type":"Feature","id":"way/526541408-0-2-0","properties":{"highway":"service","lanes":"1","oneway":"yes","service":"parking_aisle"},"geometry":{"type":"LineString","coordinates":[[103.8657625,1.3325482],[103.8657464,1.332555]]}},{"type":"Feature","id":"way/526541410-0-0-0","properties":{"highway":"service","lanes":"1","oneway":"yes","service":"parking_aisle","turn:lanes":"through"},"geometry":{"type":"LineString","coordinates":[[103.866444,1.3321635],[103.8664175,1.3321833]]}},{"type":"Feature","id":"way/526541410-0-1-0","properties":{"highway":"service","lanes":"1","oneway":"yes","service":"parking_aisle","turn:lanes":"through"},"geometry":{"type":"LineString","coordinates":[[103.8664175,1.3321833],[103.8663909,1.3321895]]}},{"type":"Feature","id":"way/526541410-0-2-0","properties":{"highway":"service","lanes":"1","oneway":"yes","service":"parking_aisle","turn:lanes":"through"},"geometry":{"type":"LineString","coordinates":[[103.8663909,1.3321895],[103.8657408,1.3321899]]}},{"type":"Feature","id":"way/526541412-0-0-0","properties":{"highway":"service","lanes":"1","oneway":"yes","service":"parking_aisle","turn:lanes":"through;right"},"geometry":{"type":"LineString","coordinates":[[103.8657408,1.3321899],[103.8657243,1.3321758]]}},{"type":"Feature","id":"way/526541412-0-1-0","properties":{"highway":"service","lanes":"1","oneway":"yes","service":"parking_aisle","turn:lanes":"through;right"},"geometry":{"type":"LineString","coordinates":[[103.8657243,1.3321758],[103.8657177,1.3321534]]}},{"type":"Feature","id":"way/526541412-0-2-0","properties":{"highway":"service","lanes":"1","oneway":"yes","service":"parking_aisle","turn:lanes":"through;right"},"geometry":{"type":"LineString","coordinates":[[103.8657177,1.3321534],[103.8657283,1.3321348]]}},{"type":"Feature","id":"way/526541412-0-3-0","properties":{"highway":"service","lanes":"1","oneway":"yes","service":"parking_aisle","turn:lanes":"through;right"},"geometry":{"type":"LineString","coordinates":[[103.8657283,1.3321348],[103.8660044,1.3319715]]}},{"type":"Feature","id":"way/526543324-0-0-0","properties":{"highway":"service","lanes":"1","oneway":"yes","service":"parking_aisle","turn:lanes":"through"},"geometry":{"type":"LineString","coordinates":[[103.8666503,1.3333544],[103.8666624,1.3333821]]}},{"type":"Feature","id":"way/526543325-0-0-0","properties":{"highway":"service","lanes":"1","oneway":"yes","service":"parking_aisle","turn:lanes":"right"},"geometry":{"type":"LineString","coordinates":[[103.8667406,1.3332206],[103.8666548,1.3333259]]}},{"type":"Feature","id":"way/526543325-0-1-0","properties":{"highway":"service","lanes":"1","oneway":"yes","service":"parking_aisle","turn:lanes":"right"},"geometry":{"type":"LineString","coordinates":[[103.8666548,1.3333259],[103.8666503,1.3333544]]}},{"type":"Feature","id":"way/526543327-0-1-0","properties":{"highway":"service","lanes":"1","oneway":"yes","service":"parking_aisle","turn:lanes":"through"},"geometry":{"type":"LineString","coordinates":[[103.8670368,1.3335203],[103.8667406,1.3332206]]}},{"type":"Feature","id":"way/526543328-0-0-0","properties":{"highway":"service","lanes":"1","oneway":"yes","service":"parking_aisle","turn:lanes":"through"},"geometry":{"type":"LineString","coordinates":[[103.8677717,1.3320875],[103.867712,1.3320825]]}},{"type":"Feature","id":"way/526543328-0-1-0","properties":{"highway":"service","lanes":"1","oneway":"yes","service":"parking_aisle","turn:lanes":"through"},"geometry":{"type":"LineString","coordinates":[[103.867712,1.3320825],[103.8674664,1.332337]]}},{"type":"Feature","id":"way/526543328-0-2-0","properties":{"highway":"service","lanes":"1","oneway":"yes","service":"parking_aisle","turn:lanes":"through"},"geometry":{"type":"LineString","coordinates":[[103.8674664,1.332337],[103.8674523,1.3323641]]}},{"type":"Feature","id":"way/526543328-0-3-0","properties":{"highway":"service","lanes":"1","oneway":"yes","service":"parking_aisle","turn:lanes":"through"},"geometry":{"type":"LineString","coordinates":[[103.8674523,1.3323641],[103.8674379,1.3323915]]}},{"type":"Feature","id":"way/526543328-0-4-0","properties":{"highway":"service","lanes":"1","oneway":"yes","service":"parking_aisle","turn:lanes":"through"},"geometry":{"type":"LineString","coordinates":[[103.8674379,1.3323915],[103.8674205,1.332412]]}},{"type":"Feature","id":"way/526543330-0-0-0","properties":{"highway":"service","lanes":"1","oneway":"yes","service":"parking_aisle","turn:lanes":"through"},"geometry":{"type":"LineString","coordinates":[[103.867449,1.3324288],[103.8674816,1.3324122]]}},{"type":"Feature","id":"way/526543330-0-1-0","properties":{"highway":"service","lanes":"1","oneway":"yes","service":"parking_aisle","turn:lanes":"through"},"geometry":{"type":"LineString","coordinates":[[103.8674816,1.3324122],[103.8675041,1.3324053]]}},{"type":"Feature","id":"way/526543330-0-2-0","properties":{"highway":"service","lanes":"1","oneway":"yes","service":"parking_aisle","turn:lanes":"through"},"geometry":{"type":"LineString","coordinates":[[103.8675041,1.3324053],[103.8675247,1.3323936]]}},{"type":"Feature","id":"way/526543330-0-3-0","properties":{"highway":"service","lanes":"1","oneway":"yes","service":"parking_aisle","turn:lanes":"through"},"geometry":{"type":"LineString","coordinates":[[103.8675247,1.3323936],[103.8677683,1.3321509]]}},{"type":"Feature","id":"way/526543330-0-4-0","properties":{"highway":"service","lanes":"1","oneway":"yes","service":"parking_aisle","turn:lanes":"through"},"geometry":{"type":"LineString","coordinates":[[103.8677683,1.3321509],[103.8677717,1.3320875]]}},{"type":"Feature","id":"way/533204674-0-0-0","properties":{"highway":"primary_link","lanes":"1","maxspeed":"50","name":"Meyappa Chettiar Road","oneway":"yes","surface":"asphalt"},"geometry":{"type":"LineString","coordinates":[[103.8687643,1.3305016],[103.8687459,1.3305805]]}},{"type":"Feature","id":"way/533204674-0-1-0","properties":{"highway":"primary_link","lanes":"1","maxspeed":"50","name":"Meyappa Chettiar Road","oneway":"yes","surface":"asphalt"},"geometry":{"type":"LineString","coordinates":[[103.8687459,1.3305805],[103.8686976,1.3306245]]}},{"type":"Feature","id":"way/533204674-0-2-0","properties":{"highway":"primary_link","lanes":"1","maxspeed":"50","name":"Meyappa Chettiar Road","oneway":"yes","surface":"asphalt"},"geometry":{"type":"LineString","coordinates":[[103.8686976,1.3306245],[103.8685885,1.3306951]]}},{"type":"Feature","id":"way/537574830-0-0-0","properties":{"highway":"residential","lanes":"2","maxspeed":"50","name":"Potong Pasir Avenue 2","oneway":"yes","surface":"asphalt","turn:lanes":"left;right|right"},"geometry":{"type":"LineString","coordinates":[[103.8676474,1.3328686],[103.867743,1.3329589]]}},{"type":"Feature","id":"way/537574830-0-1-0","properties":{"highway":"residential","lanes":"2","maxspeed":"50","name":"Potong Pasir Avenue 2","oneway":"yes","surface":"asphalt","turn:lanes":"left;right|right"},"geometry":{"type":"LineString","coordinates":[[103.867743,1.3329589],[103.8678339,1.3330293]]}},{"type":"Feature","id":"way/537574830-0-2-0","properties":{"highway":"residential","lanes":"2","maxspeed":"50","name":"Potong Pasir Avenue 2","oneway":"yes","surface":"asphalt","turn:lanes":"left;right|right"},"geometry":{"type":"LineString","coordinates":[[103.8678339,1.3330293],[103.8678961,1.333061]]}},{"type":"Feature","id":"way/537574830-0-3-0","properties":{"highway":"residential","lanes":"2","maxspeed":"50","name":"Potong Pasir Avenue 2","oneway":"yes","surface":"asphalt","turn:lanes":"left;right|right"},"geometry":{"type":"LineString","coordinates":[[103.8678961,1.333061],[103.8679462,1.33308]]}},{"type":"Feature","id":"way/537574830-0-4-0","properties":{"highway":"residential","lanes":"2","maxspeed":"50","name":"Potong Pasir Avenue 2","oneway":"yes","surface":"asphalt","turn:lanes":"left;right|right"},"geometry":{"type":"LineString","coordinates":[[103.8679462,1.33308],[103.8680553,1.3331096]]}},{"type":"Feature","id":"way/540558350-0-1-0","properties":{"highway":"motorway","lanes":"3","maxspeed":"80","name":"Pan-Island Expressway","name:en":"Pan-Island Expressway","name:ms":"Lebuhraya Rentas Pulau","name:ta":"\u0ba4\u0bc0\u0bb5\u0bc1 \u0bb5\u0bbf\u0bb0\u0bc8\u0bb5\u0bc1\u0b9a\u0bcd\u0b9a\u0bbe\u0bb2\u0bc8","name:zh":"\u6cdb\u5c9b\u9ad8\u901f\u516c\u8def","oneway":"yes","ref":"PIE","short_name:ta":"\u0baa\u0bbf\u0b90\u0b87","surface":"asphalt","wikidata":"Q1585650","wikipedia":"en:Pan Island Expressway"},"geometry":{"type":"LineString","coordinates":[[103.8644249,1.3296581],[103.8648297,1.3294718]]}},{"type":"Feature","id":"way/540558350-0-2-0","properties":{"highway":"motorway","lanes":"3","maxspeed":"80","name":"Pan-Island Expressway","name:en":"Pan-Island Expressway","name:ms":"Lebuhraya Rentas Pulau","name:ta":"\u0ba4\u0bc0\u0bb5\u0bc1 \u0bb5\u0bbf\u0bb0\u0bc8\u0bb5\u0bc1\u0b9a\u0bcd\u0b9a\u0bbe\u0bb2\u0bc8","name:zh":"\u6cdb\u5c9b\u9ad8\u901f\u516c\u8def","oneway":"yes","ref":"PIE","short_name:ta":"\u0baa\u0bbf\u0b90\u0b87","surface":"asphalt","wikidata":"Q1585650","wikipedia":"en:Pan Island Expressway"},"geometry":{"type":"LineString","coordinates":[[103.8648297,1.3294718],[103.865241,1.3293194]]}},{"type":"Feature","id":"way/540558350-0-3-0","properties":{"highway":"motorway","lanes":"3","maxspeed":"80","name":"Pan-Island Expressway","name:en":"Pan-Island Expressway","name:ms":"Lebuhraya Rentas Pulau","name:ta":"\u0ba4\u0bc0\u0bb5\u0bc1 \u0bb5\u0bbf\u0bb0\u0bc8\u0bb5\u0bc1\u0b9a\u0bcd\u0b9a\u0bbe\u0bb2\u0bc8","name:zh":"\u6cdb\u5c9b\u9ad8\u901f\u516c\u8def","oneway":"yes","ref":"PIE","short_name:ta":"\u0baa\u0bbf\u0b90\u0b87","surface":"asphalt","wikidata":"Q1585650","wikipedia":"en:Pan Island Expressway"},"geometry":{"type":"LineString","coordinates":[[103.865241,1.3293194],[103.8656061,1.3292035]]}},{"type":"Feature","id":"way/540558350-0-4-0","properties":{"highway":"motorway","lanes":"3","maxspeed":"80","name":"Pan-Island Expressway","name:en":"Pan-Island Expressway","name:ms":"Lebuhraya Rentas Pulau","name:ta":"\u0ba4\u0bc0\u0bb5\u0bc1 \u0bb5\u0bbf\u0bb0\u0bc8\u0bb5\u0bc1\u0b9a\u0bcd\u0b9a\u0bbe\u0bb2\u0bc8","name:zh":"\u6cdb\u5c9b\u9ad8\u901f\u516c\u8def","oneway":"yes","ref":"PIE","short_name:ta":"\u0baa\u0bbf\u0b90\u0b87","surface":"asphalt","wikidata":"Q1585650","wikipedia":"en:Pan Island Expressway"},"geometry":{"type":"LineString","coordinates":[[103.8656061,1.3292035],[103.8658133,1.3291382]]}},{"type":"Feature","id":"way/546214983-0-1-0","properties":{"destination":"City","destination:ref":"CTE","highway":"motorway_link","lanes":"2","maxspeed":"50","oneway":"yes","surface":"asphalt","toll":"yes"},"geometry":{"type":"LineString","coordinates":[[103.8649124,1.32895],[103.8647476,1.3289972]]}},{"type":"Feature","id":"way/546214983-0-2-0","properties":{"destination":"City","destination:ref":"CTE","highway":"motorway_link","lanes":"2","maxspeed":"50","oneway":"yes","surface":"asphalt","toll":"yes"},"geometry":{"type":"LineString","coordinates":[[103.8647476,1.3289972],[103.8646201,1.3290118]]}},{"type":"Feature","id":"way/546214983-0-3-0","properties":{"destination":"City","destination:ref":"CTE","highway":"motorway_link","lanes":"2","maxspeed":"50","oneway":"yes","surface":"asphalt","toll":"yes"},"geometry":{"type":"LineString","coordinates":[[103.8646201,1.3290118],[103.8645061,1.329015]]}},{"type":"Feature","id":"way/546421918-0-0-0","properties":{"highway":"service","lanes":"2","lanes:backward":"1","lanes:forward":"1","service":"driveway"},"geometry":{"type":"LineString","coordinates":[[103.8681852,1.3323915],[103.8680847,1.332302]]}},{"type":"Feature","id":"way/546421919-0-0-0","properties":{"highway":"service","lanes":"2","lanes:backward":"1","lanes:forward":"1","service":"driveway","sidewalk":"both","tunnel":"building_passage"},"geometry":{"type":"LineString","coordinates":[[103.8682769,1.3324757],[103.8681852,1.3323915]]}},{"type":"Feature","id":"way/552957490-0-0-0","properties":{"highway":"residential","lanes":"2","maxspeed":"50","name":"Potong Pasir Avenue 1","oneway":"yes","surface":"asphalt","turn:lanes":"left;through|through"},"geometry":{"type":"LineString","coordinates":[[103.868373,1.3325736],[103.8682713,1.3326825]]}},{"type":"Feature","id":"way/552957490-0-1-0","properties":{"highway":"residential","lanes":"2","maxspeed":"50","name":"Potong Pasir Avenue 1","oneway":"yes","surface":"asphalt","turn:lanes":"left;through|through"},"geometry":{"type":"LineString","coordinates":[[103.8682713,1.3326825],[103.8681499,1.3328519]]}},{"type":"Feature","id":"way/552957490-0-2-0","properties":{"highway":"residential","lanes":"2","maxspeed":"50","name":"Potong Pasir Avenue 1","oneway":"yes","surface":"asphalt","turn:lanes":"left;through|through"},"geometry":{"type":"LineString","coordinates":[[103.8681499,1.3328519],[103.8680896,1.3329744]]}},{"type":"Feature","id":"way/552957490-0-3-0","properties":{"highway":"residential","lanes":"2","maxspeed":"50","name":"Potong Pasir Avenue 1","oneway":"yes","surface":"asphalt","turn:lanes":"left;through|through"},"geometry":{"type":"LineString","coordinates":[[103.8680896,1.3329744],[103.8680693,1.3330353]]}},{"type":"Feature","id":"way/583446475-0-0-0","properties":{"highway":"residential","lanes":"2","maxspeed":"50","name":"Potong Pasir Avenue 2","oneway":"yes","surface":"asphalt"},"geometry":{"type":"LineString","coordinates":[[103.8680553,1.3331096],[103.868138,1.3331274]]}},{"type":"Feature","id":"way/632344197-0-0-0","properties":{"highway":"residential","lanes":"2","maxspeed":"50","name":"Potong Pasir Avenue 1","oneway":"yes","surface":"asphalt"},"geometry":{"type":"LineString","coordinates":[[103.8680553,1.3331096],[103.8680402,1.3331959]]}},{"type":"Feature","id":"way/632344200-0-1-0","properties":{"highway":"residential","lanes":"2","maxspeed":"50","name":"Potong Pasir Avenue 1","oneway":"yes","surface":"asphalt","turn:lanes":"through|through;right"},"geometry":{"type":"LineString","coordinates":[[103.8681189,1.3332184],[103.868138,1.3331274]]}},{"type":"Feature","id":"way/632466674-0-0-0","properties":{"highway":"service","lanes":"2","lanes:backward":"1","lanes:forward":"1","service":"parking_aisle"},"geometry":{"type":"LineString","coordinates":[[103.8667799,1.3322844],[103.8666501,1.3324246]]}},{"type":"Feature","id":"way/635316240-0-0-0","properties":{"highway":"residential","lanes":"2","maxspeed":"50","name":"Potong Pasir Avenue 1","oneway":"yes","surface":"asphalt"},"geometry":{"type":"LineString","coordinates":[[103.8680693,1.3330353],[103.8680553,1.3331096]]}},{"type":"Feature","id":"way/639299160-0-0-0","properties":{"destination":"Bendemeer Road;Upper Serangoon Road;MacPherson Road","highway":"primary","lanes":"2","maxspeed":"50","name":"Jalan Toa Payoh","name:en":"Jalan Toa Payoh","name:zh":"\u60f9\u5170\u5927\u5df4\u7a91","oneway":"yes","surface":"asphalt","turn:lanes":"through|through"},"geometry":{"type":"LineString","coordinates":[[103.8664084,1.3291711],[103.866556,1.3291335]]}},{"type":"Feature","id":"way/639299160-0-1-0","properties":{"destination":"Bendemeer Road;Upper Serangoon Road;MacPherson Road","highway":"primary","lanes":"2","maxspeed":"50","name":"Jalan Toa Payoh","name:en":"Jalan Toa Payoh","name:zh":"\u60f9\u5170\u5927\u5df4\u7a91","oneway":"yes","surface":"asphalt","turn:lanes":"through|through"},"geometry":{"type":"LineString","coordinates":[[103.866556,1.3291335],[103.8666644,1.329097]]}},{"type":"Feature","id":"way/639299160-0-2-0","properties":{"destination":"Bendemeer Road;Upper Serangoon Road;MacPherson Road","highway":"primary","lanes":"2","maxspeed":"50","name":"Jalan Toa Payoh","name:en":"Jalan Toa Payoh","name:zh":"\u60f9\u5170\u5927\u5df4\u7a91","oneway":"yes","surface":"asphalt","turn:lanes":"through|through"},"geometry":{"type":"LineString","coordinates":[[103.8666644,1.329097],[103.8667556,1.3290742]]}},{"type":"Feature","id":"way/639567017-0-0-0","properties":{"destination":"Upper Serangoon Road","highway":"primary_link","lanes":"3","maxspeed":"50","name":"Upper Serangoon Road","name:en":"Upper Serangoon Road","name:zh":"\u5b9e\u9f99\u5c97\u8def\u4e0a\u6bb5","oneway":"yes","surface":"asphalt","turn:lanes":"none|through|through"},"geometry":{"type":"LineString","coordinates":[[103.8683513,1.3288322],[103.8684549,1.3292135]]}},{"type":"Feature","id":"way/643701729-0-0-0","properties":{"highway":"service","lanes":"2","lanes:backward":"1","lanes:forward":"1"},"geometry":{"type":"LineString","coordinates":[[103.8651906,1.3319132],[103.8649641,1.3320404]]}},{"type":"Feature","id":"way/643701730-0-0-0","properties":{"highway":"service","lanes":"2","lanes:backward":"1","lanes:forward":"1"},"geometry":{"type":"LineString","coordinates":[[103.8651906,1.3319132],[103.8653111,1.3318772]]}},{"type":"Feature","id":"way/643701730-0-1-0","properties":{"highway":"service","lanes":"2","lanes:backward":"1","lanes:forward":"1"},"geometry":{"type":"LineString","coordinates":[[103.8653111,1.3318772],[103.8653938,1.3318304]]}},{"type":"Feature","id":"way/644371513-0-0-0","properties":{"highway":"residential","lanes":"1","maxspeed":"50","name":"Potong Pasir Avenue 2","oneway":"yes","surface":"asphalt"},"geometry":{"type":"LineString","coordinates":[[103.8673033,1.3325214],[103.8673253,1.3325453]]}},{"type":"Feature","id":"way/644371515-0-0-0","properties":{"highway":"residential","lanes":"1","maxspeed":"50","name":"Potong Pasir Avenue 2","oneway":"yes","surface":"asphalt","turn:lanes":"left;through"},"geometry":{"type":"LineString","coordinates":[[103.8668012,1.3318046],[103.8668046,1.3318584]]}},{"type":"Feature","id":"way/644371515-0-1-0","properties":{"highway":"residential","lanes":"1","maxspeed":"50","name":"Potong Pasir Avenue 2","oneway":"yes","surface":"asphalt","turn:lanes":"left;through"},"geometry":{"type":"LineString","coordinates":[[103.8668046,1.3318584],[103.8668538,1.3319579]]}},{"type":"Feature","id":"way/644371515-0-2-0","properties":{"highway":"residential","lanes":"1","maxspeed":"50","name":"Potong Pasir Avenue 2","oneway":"yes","surface":"asphalt","turn:lanes":"left;through"},"geometry":{"type":"LineString","coordinates":[[103.8668538,1.3319579],[103.8669069,1.3320526]]}},{"type":"Feature","id":"way/644371517-0-0-0","properties":{"highway":"residential","lanes":"3","lanes:backward":"2","lanes:forward":"1","maxspeed":"50","name":"Potong Pasir Avenue 2","surface":"asphalt"},"geometry":{"type":"LineString","coordinates":[[103.866566,1.3313342],[103.8665972,1.3313938]]}},{"type":"Feature","id":"way/644662914-0-0-0","properties":{"highway":"residential","lanes":"2","lanes:backward":"1","lanes:forward":"1","maxspeed":"50","name":"Leicester Road","surface":"asphalt"},"geometry":{"type":"LineString","coordinates":[[103.8672066,1.3300521],[103.8667494,1.3302495]]}},{"type":"Feature","id":"way/645387504-0-0-0","properties":{"highway":"residential","lanes":"2","maxspeed":"40","name":"Potong Pasir Avenue 3","oneway":"yes","surface":"asphalt","turn:lanes":"left;through|through"},"geometry":{"type":"LineString","coordinates":[[103.8662197,1.3315267],[103.8659109,1.3317242]]}},{"type":"Feature","id":"way/645387505-0-0-0","properties":{"highway":"residential","lanes":"2","maxspeed":"50","name":"Meyappa Chettiar Road","oneway":"yes","surface":"asphalt"},"geometry":{"type":"LineString","coordinates":[[103.8667434,1.3312808],[103.8666549,1.3312872]]}},{"type":"Feature","id":"way/645387505-0-1-0","properties":{"highway":"residential","lanes":"2","maxspeed":"50","name":"Meyappa Chettiar Road","oneway":"yes","surface":"asphalt"},"geometry":{"type":"LineString","coordinates":[[103.8666549,1.3312872],[103.866566,1.3313342]]}},{"type":"Feature","id":"way/646174108-0-0-0","properties":{"highway":"residential","lanes":"2","maxspeed":"40","name":"Potong Pasir Avenue 3","oneway":"yes","surface":"asphalt"},"geometry":{"type":"LineString","coordinates":[[103.8659109,1.3317242],[103.8656938,1.3318424]]}},{"type":"Feature","id":"way/646262271-0-0-0","properties":{"highway":"residential","lanes":"2","maxspeed":"40","name":"Potong Pasir Avenue 3","oneway":"yes","surface":"asphalt"},"geometry":{"type":"LineString","coordinates":[[103.8656938,1.3318424],[103.8655739,1.3319056]]}},{"type":"Feature","id":"way/646262271-0-1-0","properties":{"highway":"residential","lanes":"2","maxspeed":"40","name":"Potong Pasir Avenue 3","oneway":"yes","surface":"asphalt"},"geometry":{"type":"LineString","coordinates":[[103.8655739,1.3319056],[103.8654731,1.3319747]]}},{"type":"Feature","id":"way/646262271-0-2-0","properties":{"highway":"residential","lanes":"2","maxspeed":"40","name":"Potong Pasir Avenue 3","oneway":"yes","surface":"asphalt"},"geometry":{"type":"LineString","coordinates":[[103.8654731,1.3319747],[103.8653608,1.3320952]]}},{"type":"Feature","id":"way/646297558-0-0-0","properties":{"highway":"service","lanes":"2","lanes:backward":"1","lanes:forward":"1","service":"driveway"},"geometry":{"type":"LineString","coordinates":[[103.8678191,1.3320428],[103.8676306,1.3318569]]}},{"type":"Feature","id":"way/646297558-0-1-0","properties":{"highway":"service","lanes":"2","lanes:backward":"1","lanes:forward":"1","service":"driveway"},"geometry":{"type":"LineString","coordinates":[[103.8676306,1.3318569],[103.8675906,1.3317999]]}},{"type":"Feature","id":"way/646891626-0-0-0","properties":{"highway":"residential","lanes":"3","maxspeed":"50","name":"Potong Pasir Avenue 1","oneway":"yes","surface":"asphalt","turn:lanes":"left|through;right|right"},"geometry":{"type":"LineString","coordinates":[[103.8684533,1.3326132],[103.8685309,1.3325652]]}},{"type":"Feature","id":"way/646891626-0-1-0","properties":{"highway":"residential","lanes":"3","maxspeed":"50","name":"Potong Pasir Avenue 1","oneway":"yes","surface":"asphalt","turn:lanes":"left|through;right|right"},"geometry":{"type":"LineString","coordinates":[[103.8685309,1.3325652],[103.8686062,1.3325349]]}},{"type":"Feature","id":"way/646891626-0-2-0","properties":{"highway":"residential","lanes":"3","maxspeed":"50","name":"Potong Pasir Avenue 1","oneway":"yes","surface":"asphalt","turn:lanes":"left|through;right|right"},"geometry":{"type":"LineString","coordinates":[[103.8686062,1.3325349],[103.8687434,1.3324876]]}},{"type":"Feature","id":"way/646891626-0-3-0","properties":{"highway":"residential","lanes":"3","maxspeed":"50","name":"Potong Pasir Avenue 1","oneway":"yes","surface":"asphalt","turn:lanes":"left|through;right|right"},"geometry":{"type":"LineString","coordinates":[[103.8687434,1.3324876],[103.8689372,1.3324455]]}},{"type":"Feature","id":"way/646920501-0-0-0","properties":{"highway":"service","lanes":"2","lanes:backward":"1","lanes:forward":"1","service":"driveway","turn:lanes:backward":"left","turn:lanes:forward":"through"},"geometry":{"type":"LineString","coordinates":[[103.868373,1.3325736],[103.8683324,1.3325298]]}},{"type":"Feature","id":"way/646920501-0-1-0","properties":{"highway":"service","lanes":"2","lanes:backward":"1","lanes:forward":"1","service":"driveway","turn:lanes:backward":"left","turn:lanes:forward":"through"},"geometry":{"type":"LineString","coordinates":[[103.8683324,1.3325298],[103.8682769,1.3324757]]}},{"type":"Feature","id":"way/646920503-0-0-0","properties":{"highway":"residential","lanes":"2","maxspeed":"50","name":"Potong Pasir Avenue 1","oneway":"yes","surface":"asphalt","turn:lanes":"left;through|through"},"geometry":{"type":"LineString","coordinates":[[103.8690331,1.3323384],[103.8687123,1.332416]]}},{"type":"Feature","id":"way/646920503-0-1-0","properties":{"highway":"residential","lanes":"2","maxspeed":"50","name":"Potong Pasir Avenue 1","oneway":"yes","surface":"asphalt","turn:lanes":"left;through|through"},"geometry":{"type":"LineString","coordinates":[[103.8687123,1.332416],[103.8686064,1.3324469]]}},{"type":"Feature","id":"way/646920503-0-2-0","properties":{"highway":"residential","lanes":"2","maxspeed":"50","name":"Potong Pasir Avenue 1","oneway":"yes","surface":"asphalt","turn:lanes":"left;through|through"},"geometry":{"type":"LineString","coordinates":[[103.8686064,1.3324469],[103.8684948,1.3324977]]}},{"type":"Feature","id":"way/646920503-0-3-0","properties":{"highway":"residential","lanes":"2","maxspeed":"50","name":"Potong Pasir Avenue 1","oneway":"yes","surface":"asphalt","turn:lanes":"left;through|through"},"geometry":{"type":"LineString","coordinates":[[103.8684948,1.3324977],[103.868373,1.3325736]]}},{"type":"Feature","id":"way/651102876-0-0-0","properties":{"highway":"residential","lanes":"4","lanes:backward":"2","lanes:forward":"2","maxspeed":"50","name":"Meyappa Chettiar Road","surface":"asphalt"},"geometry":{"type":"LineString","coordinates":[[103.8676885,1.3309397],[103.8672522,1.3310776]]}},{"type":"Feature","id":"way/651102877-0-0-0","properties":{"highway":"residential","lanes":"4","lanes:backward":"2","lanes:forward":"2","maxspeed":"50","name":"Meyappa Chettiar Road","surface":"asphalt","turn:lanes:backward":"through|right"},"geometry":{"type":"LineString","coordinates":[[103.8682209,1.3307839],[103.867916,1.3308712]]}},{"type":"Feature","id":"way/651102877-0-1-0","properties":{"highway":"residential","lanes":"4","lanes:backward":"2","lanes:forward":"2","maxspeed":"50","name":"Meyappa Chettiar Road","surface":"asphalt","turn:lanes:backward":"through|right"},"geometry":{"type":"LineString","coordinates":[[103.867916,1.3308712],[103.8678564,1.3308893]]}},{"type":"Feature","id":"way/651102877-0-2-0","properties":{"highway":"residential","lanes":"4","lanes:backward":"2","lanes:forward":"2","maxspeed":"50","name":"Meyappa Chettiar Road","surface":"asphalt","turn:lanes:backward":"through|right"},"geometry":{"type":"LineString","coordinates":[[103.8678564,1.3308893],[103.8678215,1.3308982]]}},{"type":"Feature","id":"way/651102877-0-3-0","properties":{"highway":"residential","lanes":"4","lanes:backward":"2","lanes:forward":"2","maxspeed":"50","name":"Meyappa Chettiar Road","surface":"asphalt","turn:lanes:backward":"through|right"},"geometry":{"type":"LineString","coordinates":[[103.8678215,1.3308982],[103.8677358,1.330925]]}},{"type":"Feature","id":"way/651102877-0-4-0","properties":{"highway":"residential","lanes":"4","lanes:backward":"2","lanes:forward":"2","maxspeed":"50","name":"Meyappa Chettiar Road","surface":"asphalt","turn:lanes:backward":"through|right"},"geometry":{"type":"LineString","coordinates":[[103.8677358,1.330925],[103.8676885,1.3309397]]}},{"type":"Feature","id":"way/651108065-0-0-0","properties":{"highway":"residential","lanes":"1","maxspeed":"50","name":"Potong Pasir Avenue 2","oneway":"yes","surface":"asphalt","turn:lanes":"through;right"},"geometry":{"type":"LineString","coordinates":[[103.8672121,1.3324217],[103.8673033,1.3325214]]}},{"type":"Feature","id":"way/651110326-0-0-0","properties":{"highway":"residential","lanes":"2","maxspeed":"50","name":"Woodsville Close","oneway":"yes","surface":"asphalt"},"geometry":{"type":"LineString","coordinates":[[103.8679564,1.3296956],[103.8679263,1.3295521]]}},{"type":"Feature","id":"way/651110326-0-1-0","properties":{"highway":"residential","lanes":"2","maxspeed":"50","name":"Woodsville Close","oneway":"yes","surface":"asphalt"},"geometry":{"type":"LineString","coordinates":[[103.8679263,1.3295521],[103.8679162,1.3295042]]}},{"type":"Feature","id":"way/651110326-0-2-0","properties":{"highway":"residential","lanes":"2","maxspeed":"50","name":"Woodsville Close","oneway":"yes","surface":"asphalt"},"geometry":{"type":"LineString","coordinates":[[103.8679162,1.3295042],[103.8679101,1.3294752]]}},{"type":"Feature","id":"way/651110326-0-3-0","properties":{"highway":"residential","lanes":"2","maxspeed":"50","name":"Woodsville Close","oneway":"yes","surface":"asphalt"},"geometry":{"type":"LineString","coordinates":[[103.8679101,1.3294752],[103.8678325,1.3292032]]}},{"type":"Feature","id":"way/651110326-0-4-0","properties":{"highway":"residential","lanes":"2","maxspeed":"50","name":"Woodsville Close","oneway":"yes","surface":"asphalt"},"geometry":{"type":"LineString","coordinates":[[103.8678325,1.3292032],[103.8677782,1.3289979]]}},{"type":"Feature","id":"way/651110329-0-0-0","properties":{"highway":"residential","lanes":"1","maxspeed":"50","name":"Woodsville Close","oneway":"no","surface":"asphalt"},"geometry":{"type":"LineString","coordinates":[[103.8682209,1.3307839],[103.8681987,1.3306857]]}},{"type":"Feature","id":"way/651110329-0-1-0","properties":{"highway":"residential","lanes":"1","maxspeed":"50","name":"Woodsville Close","oneway":"no","surface":"asphalt"},"geometry":{"type":"LineString","coordinates":[[103.8681987,1.3306857],[103.8680937,1.3302565]]}},{"type":"Feature","id":"way/651110329-0-2-0","properties":{"highway":"residential","lanes":"1","maxspeed":"50","name":"Woodsville Close","oneway":"no","surface":"asphalt"},"geometry":{"type":"LineString","coordinates":[[103.8680937,1.3302565],[103.868013,1.329929]]}},{"type":"Feature","id":"way/655136432-0-0-0","properties":{"destination":"Changi;Tuas;Geylang Bahru;MacPherson Road","destination:ref":"PIE;CTE","highway":"primary_link","lanes":"3","lit":"yes","maxspeed":"50","name":"Upper Serangoon Road","name:en":"Upper Serangoon Road","name:zh":"\u5b9e\u9f99\u5c97\u8def\u4e0a\u6bb5","oneway":"yes","surface":"asphalt","turn:lanes":"left|left;through|through"},"geometry":{"type":"LineString","coordinates":[[103.8687868,1.3293318],[103.8687201,1.3289443]]}},{"type":"Feature","id":"way/687005216-0-0-0","properties":{"highway":"service","lanes":"1","oneway":"yes","service":"parking_aisle","turn:lanes":"right"},"geometry":{"type":"LineString","coordinates":[[103.8666161,1.3329467],[103.8666058,1.3329671]]}},{"type":"Feature","id":"way/687005216-0-1-0","properties":{"highway":"service","lanes":"1","oneway":"yes","service":"parking_aisle","turn:lanes":"right"},"geometry":{"type":"LineString","coordinates":[[103.8666058,1.3329671],[103.866609,1.3329893]]}},{"type":"Feature","id":"way/687005216-0-2-0","properties":{"highway":"service","lanes":"1","oneway":"yes","service":"parking_aisle","turn:lanes":"right"},"geometry":{"type":"LineString","coordinates":[[103.866609,1.3329893],[103.8666418,1.3330373]]}},{"type":"Feature","id":"way/690367384-0-0-0","properties":{"highway":"service","lanes":"2","lanes:backward":"1","lanes:forward":"1","service":"driveway","turn:lanes:backward":"left","turn:lanes:forward":"through"},"geometry":{"type":"LineString","coordinates":[[103.8666418,1.3330373],[103.8667054,1.3331292]]}},{"type":"Feature","id":"way/690367384-0-1-0","properties":{"highway":"service","lanes":"2","lanes:backward":"1","lanes:forward":"1","service":"driveway","turn:lanes:backward":"left","turn:lanes:forward":"through"},"geometry":{"type":"LineString","coordinates":[[103.8667054,1.3331292],[103.8667406,1.3332206]]}},{"type":"Feature","id":"way/697157412-0-0-0","properties":{"highway":"residential","lanes":"2","maxspeed":"50","name":"Meyappa Chettiar Road","oneway":"yes","surface":"asphalt"},"geometry":{"type":"LineString","coordinates":[[103.8665972,1.3313938],[103.8666884,1.3313497]]}},{"type":"Feature","id":"way/697157412-0-1-0","properties":{"highway":"residential","lanes":"2","maxspeed":"50","name":"Meyappa Chettiar Road","oneway":"yes","surface":"asphalt"},"geometry":{"type":"LineString","coordinates":[[103.8666884,1.3313497],[103.8667434,1.3312808]]}},{"type":"Feature","id":"way/697157413-0-0-0","properties":{"highway":"residential","lanes":"1","maxspeed":"40","name":"Potong Pasir Avenue 3","oneway":"yes","surface":"asphalt","turn:lanes":"through"},"geometry":{"type":"LineString","coordinates":[[103.8654078,1.3321131],[103.8654833,1.3320294]]}},{"type":"Feature","id":"way/697157413-0-1-0","properties":{"highway":"residential","lanes":"1","maxspeed":"40","name":"Potong Pasir Avenue 3","oneway":"yes","surface":"asphalt","turn:lanes":"through"},"geometry":{"type":"LineString","coordinates":[[103.8654833,1.3320294],[103.8656035,1.331949]]}},{"type":"Feature","id":"way/697157413-0-2-0","properties":{"highway":"residential","lanes":"1","maxspeed":"40","name":"Potong Pasir Avenue 3","oneway":"yes","surface":"asphalt","turn:lanes":"through"},"geometry":{"type":"LineString","coordinates":[[103.8656035,1.331949],[103.8657668,1.3318548]]}},{"type":"Feature","id":"way/697157413-0-3-0","properties":{"highway":"residential","lanes":"1","maxspeed":"40","name":"Potong Pasir Avenue 3","oneway":"yes","surface":"asphalt","turn:lanes":"through"},"geometry":{"type":"LineString","coordinates":[[103.8657668,1.3318548],[103.8659026,1.3317705]]}},{"type":"Feature","id":"way/697157413-0-4-0","properties":{"highway":"residential","lanes":"1","maxspeed":"40","name":"Potong Pasir Avenue 3","oneway":"yes","surface":"asphalt","turn:lanes":"through"},"geometry":{"type":"LineString","coordinates":[[103.8659026,1.3317705],[103.8659838,1.3317225]]}},{"type":"Feature","id":"way/697157416-0-0-0","properties":{"highway":"residential","lanes":"1","maxspeed":"40","name":"Potong Pasir Avenue 3","oneway":"yes","surface":"asphalt","turn:lanes":"left;through"},"geometry":{"type":"LineString","coordinates":[[103.8659838,1.3317225],[103.8664954,1.3314288]]}},{"type":"Feature","id":"way/697157416-0-1-0","properties":{"highway":"residential","lanes":"1","maxspeed":"40","name":"Potong Pasir Avenue 3","oneway":"yes","surface":"asphalt","turn:lanes":"left;through"},"geometry":{"type":"LineString","coordinates":[[103.8664954,1.3314288],[103.8665972,1.3313938]]}},{"type":"Feature","id":"way/697157417-0-0-0","properties":{"highway":"residential","lanes":"1","maxspeed":"40","name":"Potong Pasir Avenue 3","oneway":"yes","surface":"asphalt","turn:lanes":"through"},"geometry":{"type":"LineString","coordinates":[[103.8652469,1.332739],[103.86527,1.3326603]]}},{"type":"Feature","id":"way/697157417-0-1-0","properties":{"highway":"residential","lanes":"1","maxspeed":"40","name":"Potong Pasir Avenue 3","oneway":"yes","surface":"asphalt","turn:lanes":"through"},"geometry":{"type":"LineString","coordinates":[[103.86527,1.3326603],[103.8652777,1.3323981]]}},{"type":"Feature","id":"way/697157417-0-2-0","properties":{"highway":"residential","lanes":"1","maxspeed":"40","name":"Potong Pasir Avenue 3","oneway":"yes","surface":"asphalt","turn:lanes":"through"},"geometry":{"type":"LineString","coordinates":[[103.8652777,1.3323981],[103.8653084,1.3322861]]}},{"type":"Feature","id":"way/697157417-0-3-0","properties":{"highway":"residential","lanes":"1","maxspeed":"40","name":"Potong Pasir Avenue 3","oneway":"yes","surface":"asphalt","turn:lanes":"through"},"geometry":{"type":"LineString","coordinates":[[103.8653084,1.3322861],[103.8653429,1.3322158]]}},{"type":"Feature","id":"way/697157417-0-4-0","properties":{"highway":"residential","lanes":"1","maxspeed":"40","name":"Potong Pasir Avenue 3","oneway":"yes","surface":"asphalt","turn:lanes":"through"},"geometry":{"type":"LineString","coordinates":[[103.8653429,1.3322158],[103.8654078,1.3321131]]}},{"type":"Feature","id":"way/697159120-0-0-0","properties":{"highway":"primary_link","lanes":"2","maxspeed":"50","name":"Meyappa Chettiar Road","oneway":"yes","surface":"asphalt"},"geometry":{"type":"LineString","coordinates":[[103.8685885,1.3306951],[103.8687155,1.3307025]]}},{"type":"Feature","id":"way/697159120-0-1-0","properties":{"highway":"primary_link","lanes":"2","maxspeed":"50","name":"Meyappa Chettiar Road","oneway":"yes","surface":"asphalt"},"geometry":{"type":"LineString","coordinates":[[103.8687155,1.3307025],[103.8687731,1.3307073]]}},{"type":"Feature","id":"way/697159120-0-2-0","properties":{"highway":"primary_link","lanes":"2","maxspeed":"50","name":"Meyappa Chettiar Road","oneway":"yes","surface":"asphalt"},"geometry":{"type":"LineString","coordinates":[[103.8687731,1.3307073],[103.8688262,1.3307314]]}},{"type":"Feature","id":"way/697159121-0-0-0","properties":{"highway":"residential","lanes":"4","lanes:backward":"2","lanes:forward":"2","maxspeed":"50","name":"Meyappa Chettiar Road","surface":"asphalt"},"geometry":{"type":"LineString","coordinates":[[103.8685885,1.3306951],[103.8684096,1.3307419]]}},{"type":"Feature","id":"way/697166299-0-0-0","properties":{"highway":"service","lanes":"1","oneway":"yes","service":"parking_aisle","turn:lanes":"left"},"geometry":{"type":"LineString","coordinates":[[103.8660044,1.3319715],[103.8662144,1.331852]]}},{"type":"Feature","id":"way/697166299-0-1-0","properties":{"highway":"service","lanes":"1","oneway":"yes","service":"parking_aisle","turn:lanes":"left"},"geometry":{"type":"LineString","coordinates":[[103.8662144,1.331852],[103.8662442,1.3318494]]}},{"type":"Feature","id":"way/697166299-0-2-0","properties":{"highway":"service","lanes":"1","oneway":"yes","service":"parking_aisle","turn:lanes":"left"},"geometry":{"type":"LineString","coordinates":[[103.8662442,1.3318494],[103.8662664,1.3318581]]}},{"type":"Feature","id":"way/697166299-0-3-0","properties":{"highway":"service","lanes":"1","oneway":"yes","service":"parking_aisle","turn:lanes":"left"},"geometry":{"type":"LineString","coordinates":[[103.8662664,1.3318581],[103.8662953,1.3318888]]}},{"type":"Feature","id":"way/697166300-0-0-0","properties":{"highway":"residential","lanes":"3","lanes:backward":"2","lanes:forward":"1","maxspeed":"50","name":"Potong Pasir Avenue 2","surface":"asphalt","turn:lanes:backward":"left|right","turn:lanes:forward":"left;through"},"geometry":{"type":"LineString","coordinates":[[103.8665972,1.3313938],[103.8666379,1.3314836]]}},{"type":"Feature","id":"way/697166300-0-1-0","properties":{"highway":"residential","lanes":"3","lanes:backward":"2","lanes:forward":"1","maxspeed":"50","name":"Potong Pasir Avenue 2","surface":"asphalt","turn:lanes:backward":"left|right","turn:lanes:forward":"left;through"},"geometry":{"type":"LineString","coordinates":[[103.8666379,1.3314836],[103.8666982,1.3316037]]}},{"type":"Feature","id":"way/697167701-0-0-0","properties":{"highway":"residential","lanes":"2","lanes:backward":"1","lanes:forward":"1","maxspeed":"50","name":"Leicester Road","surface":"asphalt"},"geometry":{"type":"LineString","coordinates":[[103.8672638,1.3300254],[103.8672066,1.3300521]]}},{"type":"Feature","id":"way/697773999-0-0-0","properties":{"highway":"service","lanes":"1","oneway":"yes","service":"driveway"},"geometry":{"type":"LineString","coordinates":[[103.8673489,1.3324832],[103.8673033,1.3325214]]}},{"type":"Feature","id":"way/697774000-0-0-0","properties":{"highway":"service","lanes":"2","lanes:backward":"1","lanes:forward":"1","service":"parking_aisle","turn:lanes:forward":"left;right"},"geometry":{"type":"LineString","coordinates":[[103.8677717,1.3320875],[103.8678191,1.3320428]]}},{"type":"Feature","id":"way/697774002-0-0-0","properties":{"highway":"residential","lanes":"1","maxspeed":"50","name":"Potong Pasir Avenue 2","oneway":"yes","surface":"asphalt"},"geometry":{"type":"LineString","coordinates":[[103.8668663,1.3318544],[103.8668012,1.3318046]]}},{"type":"Feature","id":"way/697774003-0-0-0","properties":{"highway":"service","lanes":"2","lanes:backward":"1","lanes:forward":"1","service":"parking_aisle"},"geometry":{"type":"LineString","coordinates":[[103.8670125,1.3321224],[103.8669611,1.332141]]}},{"type":"Feature","id":"way/697774005-0-0-0","properties":{"highway":"residential","lanes":"1","maxspeed":"50","name":"Potong Pasir Avenue 2","oneway":"yes","surface":"asphalt","turn:lanes":"through;right"},"geometry":{"type":"LineString","coordinates":[[103.8672511,1.3323876],[103.8671049,1.3322371]]}},{"type":"Feature","id":"way/697774005-0-1-0","properties":{"highway":"residential","lanes":"1","maxspeed":"50","name":"Potong Pasir Avenue 2","oneway":"yes","surface":"asphalt","turn:lanes":"through;right"},"geometry":{"type":"LineString","coordinates":[[103.8671049,1.3322371],[103.8670125,1.3321224]]}},{"type":"Feature","id":"way/697774006-0-0-0","properties":{"highway":"residential","lanes":"1","maxspeed":"50","name":"Potong Pasir Avenue 2","oneway":"yes","surface":"asphalt"},"geometry":{"type":"LineString","coordinates":[[103.8670125,1.3321224],[103.8669076,1.3319283]]}},{"type":"Feature","id":"way/697774007-0-0-0","properties":{"highway":"residential","maxspeed":"50","name":"Potong Pasir Avenue 2","oneway":"yes","surface":"asphalt"},"geometry":{"type":"LineString","coordinates":[[103.867371,1.3325042],[103.8673489,1.3324832]]}},{"type":"Feature","id":"way/709703204-0-0-0","properties":{"highway":"service","lanes":"1","oneway":"yes","service":"driveway"},"geometry":{"type":"LineString","coordinates":[[103.8673253,1.3325453],[103.867371,1.3325042]]}},{"type":"Feature","id":"way/709703205-0-0-0","properties":{"highway":"service","lanes":"1","oneway":"yes","service":"parking_aisle","turn:lanes":"through"},"geometry":{"type":"LineString","coordinates":[[103.867371,1.3325042],[103.8673959,1.3324801]]}},{"type":"Feature","id":"way/709703205-0-1-0","properties":{"highway":"service","lanes":"1","oneway":"yes","service":"parking_aisle","turn:lanes":"through"},"geometry":{"type":"LineString","coordinates":[[103.8673959,1.3324801],[103.867449,1.3324288]]}},{"type":"Feature","id":"way/711015635-0-0-0","properties":{"highway":"service","lanes":"1","service":"driveway","sidewalk":"left","turn:lanes":"through"},"geometry":{"type":"LineString","coordinates":[[103.866643,1.3319723],[103.8665613,1.3320603]]}},{"type":"Feature","id":"way/753190135-0-0-0","properties":{"highway":"residential","lanes":"2","maxspeed":"50","name":"Potong Pasir Avenue 1","oneway":"yes","surface":"asphalt","turn:lanes":"left;through|right"},"geometry":{"type":"LineString","coordinates":[[103.8681551,1.3330579],[103.8681707,1.3330027]]}},{"type":"Feature","id":"way/753190135-0-1-0","properties":{"highway":"residential","lanes":"2","maxspeed":"50","name":"Potong Pasir Avenue 1","oneway":"yes","surface":"asphalt","turn:lanes":"left;through|right"},"geometry":{"type":"LineString","coordinates":[[103.8681707,1.3330027],[103.8682167,1.3328983]]}},{"type":"Feature","id":"way/753190135-0-2-0","properties":{"highway":"residential","lanes":"2","maxspeed":"50","name":"Potong Pasir Avenue 1","oneway":"yes","surface":"asphalt","turn:lanes":"left;through|right"},"geometry":{"type":"LineString","coordinates":[[103.8682167,1.3328983],[103.8682691,1.3328171]]}},{"type":"Feature","id":"way/753190135-0-3-0","properties":{"highway":"residential","lanes":"2","maxspeed":"50","name":"Potong Pasir Avenue 1","oneway":"yes","surface":"asphalt","turn:lanes":"left;through|right"},"geometry":{"type":"LineString","coordinates":[[103.8682691,1.3328171],[103.8683238,1.3327499]]}},{"type":"Feature","id":"way/753190135-0-4-0","properties":{"highway":"residential","lanes":"2","maxspeed":"50","name":"Potong Pasir Avenue 1","oneway":"yes","surface":"asphalt","turn:lanes":"left;through|right"},"geometry":{"type":"LineString","coordinates":[[103.8683238,1.3327499],[103.8683822,1.3326828]]}},{"type":"Feature","id":"way/753190135-0-5-0","properties":{"highway":"residential","lanes":"2","maxspeed":"50","name":"Potong Pasir Avenue 1","oneway":"yes","surface":"asphalt","turn:lanes":"left;through|right"},"geometry":{"type":"LineString","coordinates":[[103.8683822,1.3326828],[103.8684533,1.3326132]]}},{"type":"Feature","id":"way/753199440-0-0-0","properties":{"highway":"residential","lanes":"2","maxspeed":"50","name":"Potong Pasir Avenue 1","oneway":"yes","surface":"asphalt"},"geometry":{"type":"LineString","coordinates":[[103.868138,1.3331274],[103.8681551,1.3330579]]}},{"type":"Feature","id":"way/753199441-0-0-0","properties":{"highway":"residential","lanes":"1","maxspeed":"50","name":"Potong Pasir Avenue 2","oneway":"yes","surface":"asphalt"},"geometry":{"type":"LineString","coordinates":[[103.8681551,1.3330579],[103.8680693,1.3330353]]}},{"type":"Feature","id":"way/753201619-0-0-0","properties":{"highway":"service","lanes":"2","lanes:backward":"1","lanes:forward":"1","service":"driveway","sidewalk":"left","turn:lanes:forward":"through"},"geometry":{"type":"LineString","coordinates":[[103.8668012,1.3318046],[103.8667609,1.3318505]]}},{"type":"Feature","id":"way/753201619-0-1-0","properties":{"highway":"service","lanes":"2","lanes:backward":"1","lanes:forward":"1","service":"driveway","sidewalk":"left","turn:lanes:forward":"through"},"geometry":{"type":"LineString","coordinates":[[103.8667609,1.3318505],[103.866643,1.3319723]]}},{"type":"Feature","id":"way/753201806-0-0-0","properties":{"highway":"residential","lanes":"3","lanes:backward":"2","lanes:forward":"1","maxspeed":"50","name":"Potong Pasir Avenue 2","surface":"asphalt","turn:lanes:backward":"left|right","turn:lanes:forward":"left;through"},"geometry":{"type":"LineString","coordinates":[[103.8666982,1.3316037],[103.8668012,1.3318046]]}},{"type":"Feature","id":"way/753202039-0-0-0","properties":{"highway":"residential","lanes":"1","maxspeed":"50","name":"Potong Pasir Avenue 2","oneway":"yes","surface":"asphalt","turn:lanes":"through;right"},"geometry":{"type":"LineString","coordinates":[[103.8669076,1.3319283],[103.8668663,1.3318544]]}},{"type":"Feature","id":"way/753202447-0-0-0","properties":{"highway":"residential","lanes":"1","maxspeed":"50","name":"Potong Pasir Avenue 2","oneway":"yes","surface":"asphalt","turn:lanes":"left;through"},"geometry":{"type":"LineString","coordinates":[[103.8675135,1.3326507],[103.8674414,1.3325766]]}},{"type":"Feature","id":"way/753203311-0-0-0","properties":{"highway":"residential","lanes":"1","maxspeed":"50","name":"Potong Pasir Avenue 2","oneway":"yes","surface":"asphalt","turn:lanes":"left;right"},"geometry":{"type":"LineString","coordinates":[[103.8673981,1.3326199],[103.8675279,1.332753]]}},{"type":"Feature","id":"way/753203311-0-1-0","properties":{"highway":"residential","lanes":"1","maxspeed":"50","name":"Potong Pasir Avenue 2","oneway":"yes","surface":"asphalt","turn:lanes":"left;right"},"geometry":{"type":"LineString","coordinates":[[103.8675279,1.332753],[103.8676474,1.3328686]]}},{"type":"Feature","id":"way/753203312-0-0-0","properties":{"highway":"residential","lanes":"1","maxspeed":"50","name":"Potong Pasir Avenue 2","oneway":"yes","surface":"asphalt","turn:lanes":"left;through"},"geometry":{"type":"LineString","coordinates":[[103.8669069,1.3320526],[103.8669611,1.332141]]}},{"type":"Feature","id":"way/753203933-0-0-0","properties":{"highway":"service","lanes":"2","lanes:backward":"1","lanes:forward":"1","service":"parking_aisle","turn:lanes:forward":"left"},"geometry":{"type":"LineString","coordinates":[[103.8666501,1.3324246],[103.866548,1.3325345]]}},{"type":"Feature","id":"way/753204187-0-0-0","properties":{"highway":"service","lanes":"1","oneway":"yes","service":"parking_aisle"},"geometry":{"type":"LineString","coordinates":[[103.8663025,1.3325422],[103.8660858,1.3325436]]}},{"type":"Feature","id":"way/753204188-0-0-0","properties":{"highway":"service","lanes":"1","oneway":"yes","service":"parking_aisle","turn:lanes":"right"},"geometry":{"type":"LineString","coordinates":[[103.8660858,1.3325436],[103.8658612,1.3325432]]}},{"type":"Feature","id":"way/753204189-0-0-0","properties":{"highway":"service","lanes":"1","oneway":"yes","service":"parking_aisle","turn:lanes":"through"},"geometry":{"type":"LineString","coordinates":[[103.866548,1.3325345],[103.8663025,1.3325422]]}},{"type":"Feature","id":"way/753204190-0-0-0","properties":{"highway":"service","lanes":"1","oneway":"yes","service":"parking_aisle"},"geometry":{"type":"LineString","coordinates":[[103.8657331,1.3325662],[103.8657235,1.3325808]]}},{"type":"Feature","id":"way/753204191-0-0-0","properties":{"highway":"service","lanes":"1","oneway":"yes","service":"parking_aisle"},"geometry":{"type":"LineString","coordinates":[[103.8657464,1.332555],[103.8657331,1.3325662]]}},{"type":"Feature","id":"way/753204192-0-0-0","properties":{"highway":"service","lanes":"1","oneway":"yes","service":"parking_aisle"},"geometry":{"type":"LineString","coordinates":[[103.866041,1.3327103],[103.8662745,1.3327103]]}},{"type":"Feature","id":"way/753204193-0-0-0","properties":{"highway":"service","lanes":"1","oneway":"yes","service":"parking_aisle","turn:lanes":"through"},"geometry":{"type":"LineString","coordinates":[[103.8657624,1.3327102],[103.866041,1.3327103]]}},{"type":"Feature","id":"way/753204194-0-0-0","properties":{"highway":"service","lanes":"1","oneway":"yes","service":"parking_aisle","turn:lanes":"through"},"geometry":{"type":"LineString","coordinates":[[103.8662745,1.3327103],[103.8663152,1.3327075]]}},{"type":"Feature","id":"way/753204194-0-1-0","properties":{"highway":"service","lanes":"1","oneway":"yes","service":"parking_aisle","turn:lanes":"through"},"geometry":{"type":"LineString","coordinates":[[103.8663152,1.3327075],[103.8663549,1.3326978]]}},{"type":"Feature","id":"way/753204195-0-0-0","properties":{"highway":"service","lanes":"1","oneway":"yes","service":"parking_aisle","turn:lanes":"through;right"},"geometry":{"type":"LineString","coordinates":[[103.8663549,1.3326978],[103.8663907,1.3326747]]}},{"type":"Feature","id":"way/753204195-0-1-0","properties":{"highway":"service","lanes":"1","oneway":"yes","service":"parking_aisle","turn:lanes":"through;right"},"geometry":{"type":"LineString","coordinates":[[103.8663907,1.3326747],[103.866548,1.3325345]]}},{"type":"Feature","id":"way/753205611-0-0-0","properties":{"highway":"service","lanes":"1","oneway":"yes","service":"parking_aisle","turn:lanes":"through"},"geometry":{"type":"LineString","coordinates":[[103.8667297,1.3328366],[103.8666161,1.3329467]]}},{"type":"Feature","id":"way/753205614-0-0-0","properties":{"highway":"service","lanes":"1","oneway":"yes","service":"parking_aisle","turn:lanes":"through"},"geometry":{"type":"LineString","coordinates":[[103.8666418,1.3330373],[103.8667865,1.332898]]}},{"type":"Feature","id":"way/753207589-0-0-0","properties":{"highway":"service","lanes":"2","lanes:backward":"1","lanes:forward":"1"},"geometry":{"type":"LineString","coordinates":[[103.8653608,1.3320952],[103.8653013,1.3320691]]}},{"type":"Feature","id":"way/753207589-0-1-0","properties":{"highway":"service","lanes":"2","lanes:backward":"1","lanes:forward":"1"},"geometry":{"type":"LineString","coordinates":[[103.8653013,1.3320691],[103.865246,1.3320077]]}},{"type":"Feature","id":"way/753207589-0-2-0","properties":{"highway":"service","lanes":"2","lanes:backward":"1","lanes:forward":"1"},"geometry":{"type":"LineString","coordinates":[[103.865246,1.3320077],[103.8651906,1.3319132]]}},{"type":"Feature","id":"way/753209842-0-0-0","properties":{"highway":"residential","lanes":"1","maxspeed":"40","name":"Potong Pasir Avenue 3","oneway":"yes","surface":"asphalt","turn:lanes":"left;through"},"geometry":{"type":"LineString","coordinates":[[103.866566,1.3313342],[103.8662197,1.3315267]]}},{"type":"Feature","id":"way/753209989-0-0-0","properties":{"check_date:surface":"2026-02-04","highway":"residential","lanes":"4","lanes:backward":"2","lanes:forward":"2","maxspeed":"50","name":"Meyappa Chettiar Road","surface":"asphalt","turn:lanes:forward":"left;through|through"},"geometry":{"type":"LineString","coordinates":[[103.8684096,1.3307419],[103.8682209,1.3307839]]}},{"type":"Feature","id":"way/753212763-0-0-0","properties":{"highway":"service","lanes":"2","lanes:backward":"1","lanes:forward":"1"},"geometry":{"type":"LineString","coordinates":[[103.8655234,1.3317521],[103.8656265,1.3316839]]}},{"type":"Feature","id":"way/753212764-0-0-0","properties":{"highway":"service","lanes":"2","lanes:backward":"1","lanes:forward":"1","turn:lanes:backward":"through","turn:lanes:forward":"through"},"geometry":{"type":"LineString","coordinates":[[103.8653938,1.3318304],[103.8655234,1.3317521]]}},{"type":"Feature","id":"way/753213554-0-0-0","properties":{"highway":"residential","lanes":"2","maxspeed":"50","name":"Woodsville Close","oneway":"yes","sidewalk":"both","surface":"asphalt","turn:lanes":"left|left"},"geometry":{"type":"LineString","coordinates":[[103.8677782,1.3289979],[103.8677543,1.3288677]]}},{"type":"Feature","id":"way/753213765-0-0-0","properties":{"highway":"residential","lanes":"2","lanes:backward":"1","lanes:forward":"1","maxspeed":"50","name":"Leicester Road","surface":"asphalt"},"geometry":{"type":"LineString","coordinates":[[103.8678391,1.3297458],[103.867637,1.3298339]]}},{"type":"Feature","id":"way/753213765-0-1-0","properties":{"highway":"residential","lanes":"2","lanes:backward":"1","lanes:forward":"1","maxspeed":"50","name":"Leicester Road","surface":"asphalt"},"geometry":{"type":"LineString","coordinates":[[103.867637,1.3298339],[103.8672638,1.3300254]]}},{"type":"Feature","id":"way/760088453-0-0-0","properties":{"highway":"residential","lanes":"1","maxspeed":"50","name":"Potong Pasir Avenue 2","oneway":"yes","surface":"asphalt","turn:lanes":"left;through"},"geometry":{"type":"LineString","coordinates":[[103.8674414,1.3325766],[103.867371,1.3325042]]}},{"type":"Feature","id":"way/760088454-0-0-0","properties":{"highway":"residential","lanes":"1","maxspeed":"50","name":"Potong Pasir Avenue 2","oneway":"yes","surface":"asphalt","turn:lanes":"left;right"},"geometry":{"type":"LineString","coordinates":[[103.8673253,1.3325453],[103.8673981,1.3326199]]}},{"type":"Feature","id":"way/760088455-0-0-0","properties":{"highway":"residential","lanes":"1","maxspeed":"50","name":"Potong Pasir Avenue 2","oneway":"yes","surface":"asphalt","turn:lanes":"through;right"},"geometry":{"type":"LineString","coordinates":[[103.8673489,1.3324832],[103.8672511,1.3323876]]}},{"type":"Feature","id":"way/760088456-0-0-0","properties":{"highway":"service","lanes":"1","oneway":"yes","service":"driveway"},"geometry":{"type":"LineString","coordinates":[[103.8673981,1.3326199],[103.8674414,1.3325766]]}},{"type":"Feature","id":"way/760088457-0-0-0","properties":{"highway":"service","lanes":"1","oneway":"yes","service":"driveway"},"geometry":{"type":"LineString","coordinates":[[103.8672511,1.3323876],[103.8672121,1.3324217]]}},{"type":"Feature","id":"way/760088458-0-0-0","properties":{"highway":"service","lanes":"1","oneway":"yes","service":"driveway"},"geometry":{"type":"LineString","coordinates":[[103.8672121,1.3324217],[103.8671828,1.3324538]]}},{"type":"Feature","id":"way/760088458-0-1-0","properties":{"highway":"service","lanes":"1","oneway":"yes","service":"driveway"},"geometry":{"type":"LineString","coordinates":[[103.8671828,1.3324538],[103.8671589,1.332478]]}},{"type":"Feature","id":"way/760088458-0-2-0","properties":{"highway":"service","lanes":"1","oneway":"yes","service":"driveway"},"geometry":{"type":"LineString","coordinates":[[103.8671589,1.332478],[103.8671534,1.3325025]]}},{"type":"Feature","id":"way/760088458-0-3-0","properties":{"highway":"service","lanes":"1","oneway":"yes","service":"driveway"},"geometry":{"type":"LineString","coordinates":[[103.8671534,1.3325025],[103.8671648,1.3325267]]}},{"type":"Feature","id":"way/760088458-0-4-0","properties":{"highway":"service","lanes":"1","oneway":"yes","service":"driveway"},"geometry":{"type":"LineString","coordinates":[[103.8671648,1.3325267],[103.867209,1.3325683]]}},{"type":"Feature","id":"way/760088458-0-5-0","properties":{"highway":"service","lanes":"1","oneway":"yes","service":"driveway"},"geometry":{"type":"LineString","coordinates":[[103.867209,1.3325683],[103.8672794,1.3326346]]}},{"type":"Feature","id":"way/760088458-0-6-0","properties":{"highway":"service","lanes":"1","oneway":"yes","service":"driveway"},"geometry":{"type":"LineString","coordinates":[[103.8672794,1.3326346],[103.867319,1.3326695]]}},{"type":"Feature","id":"way/760088458-0-7-0","properties":{"highway":"service","lanes":"1","oneway":"yes","service":"driveway"},"geometry":{"type":"LineString","coordinates":[[103.867319,1.3326695],[103.8673411,1.3326708]]}},{"type":"Feature","id":"way/760088458-0-8-0","properties":{"highway":"service","lanes":"1","oneway":"yes","service":"driveway"},"geometry":{"type":"LineString","coordinates":[[103.8673411,1.3326708],[103.8673719,1.3326432]]}},{"type":"Feature","id":"way/760088458-0-9-0","properties":{"highway":"service","lanes":"1","oneway":"yes","service":"driveway"},"geometry":{"type":"LineString","coordinates":[[103.8673719,1.3326432],[103.8673981,1.3326199]]}},{"type":"Feature","id":"way/762239655-0-0-0","properties":{"highway":"service","lanes":"1","oneway":"yes","service":"parking_aisle"},"geometry":{"type":"LineString","coordinates":[[103.8667865,1.332898],[103.8667931,1.3328797]]}},{"type":"Feature","id":"way/762239655-0-1-0","properties":{"highway":"service","lanes":"1","oneway":"yes","service":"parking_aisle"},"geometry":{"type":"LineString","coordinates":[[103.8667931,1.3328797],[103.866788,1.3328694]]}},{"type":"Feature","id":"way/762239655-0-2-0","properties":{"highway":"service","lanes":"1","oneway":"yes","service":"parking_aisle"},"geometry":{"type":"LineString","coordinates":[[103.866788,1.3328694],[103.8667558,1.3328353]]}},{"type":"Feature","id":"way/762239655-0-3-0","properties":{"highway":"service","lanes":"1","oneway":"yes","service":"parking_aisle"},"geometry":{"type":"LineString","coordinates":[[103.8667558,1.3328353],[103.8667422,1.3328356]]}},{"type":"Feature","id":"way/762239655-0-4-0","properties":{"highway":"service","lanes":"1","oneway":"yes","service":"parking_aisle"},"geometry":{"type":"LineString","coordinates":[[103.8667422,1.3328356],[103.8667297,1.3328366]]}},{"type":"Feature","id":"way/762240241-0-0-0","properties":{"highway":"service","lanes":"2","lanes:backward":"1","lanes:forward":"1","service":"driveway"},"geometry":{"type":"LineString","coordinates":[[103.8665613,1.3320603],[103.8667063,1.332205]]}},{"type":"Feature","id":"way/762253148-0-0-0","properties":{"highway":"service","lanes":"1","oneway":"yes","service":"parking_aisle","turn:lanes":"left"},"geometry":{"type":"LineString","coordinates":[[103.8662953,1.3318888],[103.866444,1.3321635]]}},{"type":"Feature","id":"way/767433227-0-0-0","properties":{"highway":"service","lanes":"1","oneway":"yes","service":"driveway","turn:lanes":"through"},"geometry":{"type":"LineString","coordinates":[[103.8665613,1.3320603],[103.866444,1.3321635]]}},{"type":"Feature","id":"way/785801777-0-0-0","properties":{"highway":"service","lanes":"2","lanes:backward":"1","lanes:forward":"1","service":"parking_aisle"},"geometry":{"type":"LineString","coordinates":[[103.8678325,1.3292032],[103.8678785,1.3291894]]}},{"type":"Feature","id":"way/785801777-0-1-0","properties":{"highway":"service","lanes":"2","lanes:backward":"1","lanes:forward":"1","service":"parking_aisle"},"geometry":{"type":"LineString","coordinates":[[103.8678785,1.3291894],[103.8682278,1.3290929]]}},{"type":"Feature","id":"way/785834250-0-1-0","properties":{"highway":"residential","lanes":"2","maxspeed":"40","name":"Tai Thong Crescent","oneway":"yes","surface":"asphalt","turn:lanes":"left|left"},"geometry":{"type":"LineString","coordinates":[[103.8689818,1.3293502],[103.8688968,1.3293571]]}},{"type":"Feature","id":"way/785834250-0-2-0","properties":{"highway":"residential","lanes":"2","maxspeed":"40","name":"Tai Thong Crescent","oneway":"yes","surface":"asphalt","turn:lanes":"left|left"},"geometry":{"type":"LineString","coordinates":[[103.8688968,1.3293571],[103.8687868,1.3293318]]}},{"type":"Feature","id":"way/786413393-0-0-0","properties":{"destination":"Kallang Way","destination:ref":"PIE","destination:to":"Changi","highway":"primary_link","lanes":"1","maxspeed":"50","name":"Woodsville Flyover","name:en":"Woodsville Flyover","name:ms":"Jejambat Woodsville","name:zh":"\u5140\u58eb\u7ef4\u7acb\u4ea4\u6865","oneway":"yes","surface":"asphalt"},"geometry":{"type":"LineString","coordinates":[[103.86665,1.329054],[103.8670397,1.3289323]]}},{"type":"Feature","id":"way/817079417-0-0-0","properties":{"destination":"Upper Serangoon Road","highway":"primary_link","lanes":"2","maxspeed":"50","name":"Upper Serangoon Road","name:en":"Upper Serangoon Road","name:zh":"\u5b9e\u9f99\u5c97\u8def\u4e0a\u6bb5","oneway":"yes","surface":"asphalt","turn:lanes":"left;through|through"},"geometry":{"type":"LineString","coordinates":[[103.8684549,1.3292135],[103.8686822,1.3301762]]}},{"type":"Feature","id":"way/817079417-0-1-0","properties":{"destination":"Upper Serangoon Road","highway":"primary_link","lanes":"2","maxspeed":"50","name":"Upper Serangoon Road","name:en":"Upper Serangoon Road","name:zh":"\u5b9e\u9f99\u5c97\u8def\u4e0a\u6bb5","oneway":"yes","surface":"asphalt","turn:lanes":"left;through|through"},"geometry":{"type":"LineString","coordinates":[[103.8686822,1.3301762],[103.8687643,1.3305016]]}},{"type":"Feature","id":"way/1051226181-0-0-0","properties":{"highway":"service","layer":"-1","level":"-1","oneway":"yes","service":"parking_aisle","tunnel":"building_passage"},"geometry":{"type":"LineString","coordinates":[[103.867792,1.3310846],[103.8677639,1.3311993]]}},{"type":"Feature","id":"way/1051226181-0-1-0","properties":{"highway":"service","layer":"-1","level":"-1","oneway":"yes","service":"parking_aisle","tunnel":"building_passage"},"geometry":{"type":"LineString","coordinates":[[103.8677639,1.3311993],[103.8677806,1.3312602]]}},{"type":"Feature","id":"way/1051226181-0-2-0","properties":{"highway":"service","layer":"-1","level":"-1","oneway":"yes","service":"parking_aisle","tunnel":"building_passage"},"geometry":{"type":"LineString","coordinates":[[103.8677806,1.3312602],[103.8678467,1.3312461]]}},{"type":"Feature","id":"way/1051226182-0-0-0","properties":{"highway":"service","layer":"-1","level":"-1","oneway":"yes","service":"parking_aisle","tunnel":"building_passage"},"geometry":{"type":"LineString","coordinates":[[103.867792,1.3310846],[103.8678467,1.3312461]]}},{"type":"Feature","id":"way/1051226183-0-0-0","properties":{"highway":"service","layer":"-1","level":"-1","oneway":"yes","service":"driveway"},"geometry":{"type":"LineString","coordinates":[[103.8677358,1.330925],[103.8677745,1.3310305]]}},{"type":"Feature","id":"way/1051226183-0-1-0","properties":{"highway":"service","layer":"-1","level":"-1","oneway":"yes","service":"driveway"},"geometry":{"type":"LineString","coordinates":[[103.8677745,1.3310305],[103.867792,1.3310846]]}},{"type":"Feature","id":"way/1092118188-0-0-0","properties":{"highway":"service","layer":"-1","service":"driveway"},"geometry":{"type":"LineString","coordinates":[[103.8672522,1.3310776],[103.8672818,1.3311842]]}},{"type":"Feature","id":"way/1092118188-0-1-0","properties":{"highway":"service","layer":"-1","service":"driveway"},"geometry":{"type":"LineString","coordinates":[[103.8672818,1.3311842],[103.8672987,1.3312449]]}},{"type":"Feature","id":"way/1092118191-0-0-0","properties":{"highway":"service","layer":"-1","level":"-1","oneway":"yes","service":"driveway"},"geometry":{"type":"LineString","coordinates":[[103.8678342,1.3310709],[103.8678181,1.3310175]]}},{"type":"Feature","id":"way/1092118191-0-1-0","properties":{"highway":"service","layer":"-1","level":"-1","oneway":"yes","service":"driveway"},"geometry":{"type":"LineString","coordinates":[[103.8678181,1.3310175],[103.8678143,1.3309578]]}},{"type":"Feature","id":"way/1092118191-0-2-0","properties":{"highway":"service","layer":"-1","level":"-1","oneway":"yes","service":"driveway"},"geometry":{"type":"LineString","coordinates":[[103.8678143,1.3309578],[103.8678304,1.3309221]]}},{"type":"Feature","id":"way/1092118191-0-3-0","properties":{"highway":"service","layer":"-1","level":"-1","oneway":"yes","service":"driveway"},"geometry":{"type":"LineString","coordinates":[[103.8678304,1.3309221],[103.8678564,1.3308893]]}},{"type":"Feature","id":"way/1092118192-0-0-0","properties":{"highway":"service","layer":"-1","level":"-1","oneway":"yes","service":"parking_aisle","tunnel":"building_passage"},"geometry":{"type":"LineString","coordinates":[[103.8678467,1.3312461],[103.8679858,1.3311998]]}},{"type":"Feature","id":"way/1092118192-0-1-0","properties":{"highway":"service","layer":"-1","level":"-1","oneway":"yes","service":"parking_aisle","tunnel":"building_passage"},"geometry":{"type":"LineString","coordinates":[[103.8679858,1.3311998],[103.8679995,1.3311299]]}},{"type":"Feature","id":"way/1121161598-0-0-0","properties":{"highway":"service"},"geometry":{"type":"LineString","coordinates":[[103.8679585,1.3294549],[103.8679654,1.3294892]]}},{"type":"Feature","id":"way/1121161599-0-0-0","properties":{"highway":"service","oneway":"yes","service":"driveway"},"geometry":{"type":"LineString","coordinates":[[103.8679162,1.3295042],[103.8679516,1.3294924]]}},{"type":"Feature","id":"way/1121161599-0-1-0","properties":{"highway":"service","oneway":"yes","service":"driveway"},"geometry":{"type":"LineString","coordinates":[[103.8679516,1.3294924],[103.867959,1.3294907]]}},{"type":"Feature","id":"way/1121161599-0-2-0","properties":{"highway":"service","oneway":"yes","service":"driveway"},"geometry":{"type":"LineString","coordinates":[[103.867959,1.3294907],[103.8679654,1.3294892]]}},{"type":"Feature","id":"way/1121161599-0-3-0","properties":{"highway":"service","oneway":"yes","service":"driveway"},"geometry":{"type":"LineString","coordinates":[[103.8679654,1.3294892],[103.8680472,1.3298238]]}},{"type":"Feature","id":"way/1121161599-0-4-0","properties":{"highway":"service","oneway":"yes","service":"driveway"},"geometry":{"type":"LineString","coordinates":[[103.8680472,1.3298238],[103.8683859,1.329744]]}},{"type":"Feature","id":"way/1121161599-0-5-0","properties":{"highway":"service","oneway":"yes","service":"driveway"},"geometry":{"type":"LineString","coordinates":[[103.8683859,1.329744],[103.8682926,1.3293538]]}},{"type":"Feature","id":"way/1121161599-0-6-0","properties":{"highway":"service","oneway":"yes","service":"driveway"},"geometry":{"type":"LineString","coordinates":[[103.8682926,1.3293538],[103.8681015,1.3294014]]}},{"type":"Feature","id":"way/1121161599-0-7-0","properties":{"highway":"service","oneway":"yes","service":"driveway"},"geometry":{"type":"LineString","coordinates":[[103.8681015,1.3294014],[103.8679585,1.3294549]]}},{"type":"Feature","id":"way/1121161599-0-8-0","properties":{"highway":"service","oneway":"yes","service":"driveway"},"geometry":{"type":"LineString","coordinates":[[103.8679585,1.3294549],[103.8679509,1.3294577]]}},{"type":"Feature","id":"way/1121161599-0-9-0","properties":{"highway":"service","oneway":"yes","service":"driveway"},"geometry":{"type":"LineString","coordinates":[[103.8679509,1.3294577],[103.867945,1.3294599]]}},{"type":"Feature","id":"way/1121161599-0-10-0","properties":{"highway":"service","oneway":"yes","service":"driveway"},"geometry":{"type":"LineString","coordinates":[[103.867945,1.3294599],[103.8679101,1.3294752]]}},{"type":"Feature","id":"way/1170312489-0-0-0","properties":{"highway":"residential","lanes":"1","lanes:forward":"1","maxspeed":"40","name":"Potong Pasir Avenue 3","oneway":"yes","surface":"asphalt"},"geometry":{"type":"LineString","coordinates":[[103.8653608,1.3320952],[103.8653012,1.3321875]]}},{"type":"Feature","id":"way/1170312489-0-1-0","properties":{"highway":"residential","lanes":"1","lanes:forward":"1","maxspeed":"40","name":"Potong Pasir Avenue 3","oneway":"yes","surface":"asphalt"},"geometry":{"type":"LineString","coordinates":[[103.8653012,1.3321875],[103.865256,1.3322749]]}},{"type":"Feature","id":"way/1170312489-0-2-0","properties":{"highway":"residential","lanes":"1","lanes:forward":"1","maxspeed":"40","name":"Potong Pasir Avenue 3","oneway":"yes","surface":"asphalt"},"geometry":{"type":"LineString","coordinates":[[103.865256,1.3322749],[103.8652269,1.3323987]]}},{"type":"Feature","id":"way/1170312489-0-3-0","properties":{"highway":"residential","lanes":"1","lanes:forward":"1","maxspeed":"40","name":"Potong Pasir Avenue 3","oneway":"yes","surface":"asphalt"},"geometry":{"type":"LineString","coordinates":[[103.8652269,1.3323987],[103.8652209,1.3326674]]}},{"type":"Feature","id":"way/1170312489-0-4-0","properties":{"highway":"residential","lanes":"1","lanes:forward":"1","maxspeed":"40","name":"Potong Pasir Avenue 3","oneway":"yes","surface":"asphalt"},"geometry":{"type":"LineString","coordinates":[[103.8652209,1.3326674],[103.8652469,1.332739]]}},{"type":"Feature","id":"way/1218057806-0-0-0","properties":{"highway":"service","oneway":"yes","service":"driveway"},"geometry":{"type":"LineString","coordinates":[[103.867916,1.3308712],[103.8678902,1.3307787]]}},{"type":"Feature","id":"way/1218057806-0-1-0","properties":{"highway":"service","oneway":"yes","service":"driveway"},"geometry":{"type":"LineString","coordinates":[[103.8678902,1.3307787],[103.867865,1.3307044]]}},{"type":"Feature","id":"way/1218057806-0-2-0","properties":{"highway":"service","oneway":"yes","service":"driveway"},"geometry":{"type":"LineString","coordinates":[[103.867865,1.3307044],[103.8678448,1.3306894]]}},{"type":"Feature","id":"way/1218057806-0-3-0","properties":{"highway":"service","oneway":"yes","service":"driveway"},"geometry":{"type":"LineString","coordinates":[[103.8678448,1.3306894],[103.8678148,1.3306868]]}},{"type":"Feature","id":"way/1218057806-0-4-0","properties":{"highway":"service","oneway":"yes","service":"driveway"},"geometry":{"type":"LineString","coordinates":[[103.8678148,1.3306868],[103.8677881,1.3307051]]}},{"type":"Feature","id":"way/1218057806-0-5-0","properties":{"highway":"service","oneway":"yes","service":"driveway"},"geometry":{"type":"LineString","coordinates":[[103.8677881,1.3307051],[103.8677757,1.3307279]]}},{"type":"Feature","id":"way/1218057806-0-6-0","properties":{"highway":"service","oneway":"yes","service":"driveway"},"geometry":{"type":"LineString","coordinates":[[103.8677757,1.3307279],[103.867798,1.3308076]]}},{"type":"Feature","id":"way/1218057806-0-7-0","properties":{"highway":"service","oneway":"yes","service":"driveway"},"geometry":{"type":"LineString","coordinates":[[103.867798,1.3308076],[103.8678215,1.3308982]]}},{"type":"Feature","id":"way/1376928692-0-0-0","properties":{"highway":"primary_link","lanes":"2","lit":"yes","maxspeed":"50","name":"Upper Serangoon Road","name:en":"Upper Serangoon Road","name:zh":"\u5b9e\u9f99\u5c97\u8def\u4e0a\u6bb5","oneway":"yes","surface":"asphalt"},"geometry":{"type":"LineString","coordinates":[[103.8687643,1.3305016],[103.8688262,1.3307314]]}},{"type":"Feature","id":"way/1507488125-0-0-0","properties":{"highway":"service","layer":"-1","level":"-1","oneway":"yes","service":"parking_aisle","tunnel":"building_passage"},"geometry":{"type":"LineString","coordinates":[[103.8679995,1.3311299],[103.8679893,1.3310891]]}},{"type":"Feature","id":"way/1507488125-0-1-0","properties":{"highway":"service","layer":"-1","level":"-1","oneway":"yes","service":"parking_aisle","tunnel":"building_passage"},"geometry":{"type":"LineString","coordinates":[[103.8679893,1.3310891],[103.8678718,1.3311044]]}},{"type":"Feature","id":"way/1507488125-0-2-0","properties":{"highway":"service","layer":"-1","level":"-1","oneway":"yes","service":"parking_aisle","tunnel":"building_passage"},"geometry":{"type":"LineString","coordinates":[[103.8678718,1.3311044],[103.8678342,1.3310709]]}},{"type":"Feature","id":"way/1507488126-0-0-0","properties":{"highway":"service","service":"driveway","tunnel":"building_passage"},"geometry":{"type":"LineString","coordinates":[[103.8672987,1.3312449],[103.8673208,1.3313246]]}}]}