{"type":"FeatureCollection","features":[{"type":"Feature","id":"way/140718518-0","properties":{"addr:city":"Singapore","addr:housenumber":"5","addr:street":"Sims Avenue","building":"train_station","building:levels":"3","layer":"1","clearanceGeometry":{"type":"Polygon","coordinates":[[[103.8714886,1.3116948],[103.8715708,1.3117473],[103.8718548,1.3119229],[103.8718648,1.3119059],[103.8718779,1.3118835],[103.871889,1.3118645],[103.8719401,1.3117772],[103.8719506,1.3117593],[103.8719641,1.3117362],[103.871595,1.3115035],[103.8708211,1.3110155],[103.8708078,1.3110364],[103.8707926,1.3110603],[103.8707393,1.3111441],[103.870723,1.3111696],[103.8707089,1.3111918],[103.8713175,1.3115855],[103.8714886,1.3116948]]]},"clearanceHeight":1.7,"clearancePrepared":true},"geometry":{"type":"Polygon","coordinates":[[[103.8713175,1.3115855],[103.8714886,1.3116948],[103.8715708,1.3117473],[103.8718548,1.3119229],[103.8718648,1.3119059],[103.8718779,1.3118835],[103.871889,1.3118645],[103.8719401,1.3117772],[103.8719506,1.3117593],[103.8719641,1.3117362],[103.871595,1.3115035],[103.8708211,1.3110155],[103.8708078,1.3110364],[103.8707926,1.3110603],[103.8707393,1.3111441],[103.870723,1.3111696],[103.8707089,1.3111918],[103.8713175,1.3115855]]]}},{"type":"Feature","id":"way/295367537-0","properties":{"addr:city":"Singapore","addr:country":"SG","addr:housenumber":"11","addr:postcode":"380011","addr:street":"Upper Boon Keng Road","building":"residential","building:levels":"16","residential":"HDB","source":"Bing","clearanceGeometry":{"type":"Polygon","coordinates":[[[103.8714467,1.3145282],[103.8714987,1.3144006],[103.8709565,1.31418],[103.8709756,1.3141331],[103.8709114,1.314107],[103.8708922,1.314154],[103.870375910659,1.3139439289204935],[103.87037573495013,1.3139443092626237],[103.87033398996972,1.3140517382880583],[103.87030819822716,1.3140417211147934],[103.8703079333471,1.3140423713213625],[103.87033312805261,1.3140537875877494],[103.87032499373167,1.3140717303115275],[103.8714467,1.3145282]]]},"clearanceHeight":1.7,"clearancePrepared":true},"geometry":{"type":"Polygon","coordinates":[[[103.8703001,1.3140616],[103.8714467,1.3145282],[103.8714987,1.3144006],[103.8709565,1.31418],[103.8709756,1.3141331],[103.8709114,1.314107],[103.8708922,1.314154],[103.870352,1.3139342],[103.8703001,1.3140616]]]}},{"type":"Feature","id":"way/295367538-0","properties":{"addr:city":"Singapore","addr:country":"SG","addr:housenumber":"12","addr:postcode":"380012","addr:street":"Upper Boon Keng Road","building":"residential","building:levels":"12","residential":"HDB","clearanceGeometry":{"type":"Polygon","coordinates":[[[103.8702613,1.3139253],[103.8701307,1.3138758],[103.8698401,1.3146419],[103.8699707,1.3146914],[103.8702613,1.3139253]]]},"clearanceHeight":1.7,"clearancePrepared":true},"geometry":{"type":"Polygon","coordinates":[[[103.8699707,1.3146914],[103.8702613,1.3139253],[103.8701307,1.3138758],[103.8698401,1.3146419],[103.8699707,1.3146914]]]}},{"type":"Feature","id":"way/295367539-0","properties":{"addr:city":"Singapore","addr:country":"SG","addr:housenumber":"13A","addr:postcode":"381013","addr:street":"Upper Boon Keng Road","amenity":"parking","building":"garage","parking":"multi-storey","clearanceGeometry":{"type":"Polygon","coordinates":[[[103.8706713,1.3150205],[103.8709327,1.3151183],[103.8711258,1.3146024],[103.8708643,1.3145046],[103.8706713,1.3150205]]]},"clearanceHeight":1.7,"clearancePrepared":true},"geometry":{"type":"Polygon","coordinates":[[[103.8708643,1.3145046],[103.8706713,1.3150205],[103.8709327,1.3151183],[103.8711258,1.3146024],[103.8708643,1.3145046]]]}},{"type":"Feature","id":"way/295367540-0","properties":{"addr:city":"Singapore","addr:country":"SG","addr:housenumber":"13","addr:postcode":"380013","addr:street":"Upper Boon Keng Road","building":"residential","height":"0","residential":"HDB","clearanceGeometry":{"type":"Polygon","coordinates":[[[103.8706562,1.3147047],[103.870681,1.314714],[103.8707621,1.314497],[103.8707304,1.3144852],[103.8707392,1.3144614],[103.8707021,1.3144476],[103.8706847,1.3144942],[103.8706683,1.3144881],[103.8706602,1.3145098],[103.8706441,1.3145038],[103.8706539,1.3144776],[103.8703903,1.3143792],[103.8703841,1.3143958],[103.8703572,1.3143858],[103.8703735,1.3143422],[103.8703265,1.3143247],[103.8703199,1.3143424],[103.8702946,1.3143329],[103.8702022,1.3145802],[103.8702338,1.314592],[103.8702275,1.3146088],[103.870267,1.3146236],[103.8702865,1.3145714],[103.8703188,1.3145834],[103.8702934,1.3146515],[103.8703087,1.3146572],[103.8703314,1.3146657],[103.8703409,1.3146404],[103.8703921,1.3146595],[103.8704008,1.3146362],[103.8704232,1.3146446],[103.8704419,1.3145948],[103.8704141,1.3145844],[103.8704219,1.3145635],[103.8703338,1.3145305],[103.8703552,1.3144731],[103.8706366,1.3145782],[103.8706056,1.314661],[103.8706254,1.3146684],[103.8706091,1.3147121],[103.870648,1.3147266],[103.8706562,1.3147047]]]},"clearanceHeight":1.7,"clearancePrepared":true},"geometry":{"type":"Polygon","coordinates":[[[103.870648,1.3147266],[103.8706562,1.3147047],[103.870681,1.314714],[103.8707621,1.314497],[103.8707304,1.3144852],[103.8707392,1.3144614],[103.8707021,1.3144476],[103.8706847,1.3144942],[103.8706683,1.3144881],[103.8706602,1.3145098],[103.8706441,1.3145038],[103.8706539,1.3144776],[103.8703903,1.3143792],[103.8703841,1.3143958],[103.8703572,1.3143858],[103.8703735,1.3143422],[103.8703265,1.3143247],[103.8703199,1.3143424],[103.8702946,1.3143329],[103.8702022,1.3145802],[103.8702338,1.314592],[103.8702275,1.3146088],[103.870267,1.3146236],[103.8702865,1.3145714],[103.8703188,1.3145834],[103.8702934,1.3146515],[103.8703087,1.3146572],[103.8703314,1.3146657],[103.8703409,1.3146404],[103.8703921,1.3146595],[103.8704008,1.3146362],[103.8704232,1.3146446],[103.8704419,1.3145948],[103.8704141,1.3145844],[103.8704219,1.3145635],[103.8703338,1.3145305],[103.8703552,1.3144731],[103.8706366,1.3145782],[103.8706056,1.314661],[103.8706254,1.3146684],[103.8706091,1.3147121],[103.870648,1.3147266]]]}},{"type":"Feature","id":"way/295367541-0","properties":{"addr:city":"Singapore","addr:country":"SG","addr:housenumber":"14A","addr:postcode":"381014","addr:street":"Upper Boon Keng Road","building":"residential","height":"0","residential":"HDB","clearanceGeometry":{"type":"Polygon","coordinates":[[[103.8705123,1.3153956],[103.8704913,1.3153877],[103.8705017,1.3153601],[103.8704518,1.3153414],[103.8704433,1.315364],[103.8704202,1.3153553],[103.870401,1.3154065],[103.8703758,1.315397],[103.8703673,1.3154198],[103.8703616,1.315435],[103.8704297,1.3154605],[103.8704176,1.3154927],[103.8703655,1.3154732],[103.8703507,1.3155127],[103.8703676,1.3155191],[103.8703559,1.3155504],[103.8706031,1.315643],[103.8706127,1.3156174],[103.8706303,1.315624],[103.8706479,1.315577],[103.8706043,1.3155607],[103.8706074,1.3155526],[103.8706345,1.3155628],[103.8706646,1.3154809],[103.8707358,1.3152938],[103.8707181,1.3152871],[103.8707237,1.3152724],[103.8707475,1.3152815],[103.8707572,1.3152558],[103.8708066,1.3152745],[103.8708196,1.3152403],[103.8707965,1.3152316],[103.870806,1.3152066],[103.8705866,1.3151233],[103.8705759,1.3151515],[103.8705573,1.3151444],[103.8705453,1.315176],[103.870589,1.3151927],[103.8705799,1.3152166],[103.8706549,1.3152451],[103.8705778,1.3154479],[103.8705579,1.3155026],[103.8704828,1.3154744],[103.8705123,1.3153956]]]},"clearanceHeight":1.7,"clearancePrepared":true},"geometry":{"type":"Polygon","coordinates":[[[103.8704828,1.3154744],[103.8705123,1.3153956],[103.8704913,1.3153877],[103.8705017,1.3153601],[103.8704518,1.3153414],[103.8704433,1.315364],[103.8704202,1.3153553],[103.870401,1.3154065],[103.8703758,1.315397],[103.8703673,1.3154198],[103.8703616,1.315435],[103.8704297,1.3154605],[103.8704176,1.3154927],[103.8703655,1.3154732],[103.8703507,1.3155127],[103.8703676,1.3155191],[103.8703559,1.3155504],[103.8706031,1.315643],[103.8706127,1.3156174],[103.8706303,1.315624],[103.8706479,1.315577],[103.8706043,1.3155607],[103.8706074,1.3155526],[103.8706345,1.3155628],[103.8706646,1.3154809],[103.8707358,1.3152938],[103.8707181,1.3152871],[103.8707237,1.3152724],[103.8707475,1.3152815],[103.8707572,1.3152558],[103.8708066,1.3152745],[103.8708196,1.3152403],[103.8707965,1.3152316],[103.870806,1.3152066],[103.8705866,1.3151233],[103.8705759,1.3151515],[103.8705573,1.3151444],[103.8705453,1.315176],[103.870589,1.3151927],[103.8705799,1.3152166],[103.8706549,1.3152451],[103.8705778,1.3154479],[103.8705579,1.3155026],[103.8704828,1.3154744]]]}},{"type":"Feature","id":"way/295367542-0","properties":{"addr:city":"Singapore","addr:country":"SG","addr:housenumber":"14","addr:postcode":"380014","addr:street":"Upper Boon Keng Road","building":"residential","height":"0","residential":"HDB","clearanceGeometry":{"type":"Polygon","coordinates":[[[103.8702379,1.3149077],[103.8702179,1.314899],[103.8702354,1.314856],[103.8701864,1.3148365],[103.8701681,1.3148781],[103.8701446,1.3148702],[103.8701439,1.3147824],[103.8699873,1.3147061],[103.8699394,1.3147291],[103.8699045,1.3147742],[103.869893,1.3147912],[103.8698757,1.3149083],[103.8700426,1.3149686],[103.8700798,1.3150296],[103.8700969,1.3150354],[103.870086,1.3150674],[103.870336,1.3151521],[103.8703447,1.3151266],[103.8703626,1.3151327],[103.8703787,1.3150852],[103.8703347,1.3150703],[103.8703375,1.315062],[103.8703637,1.3150709],[103.8703924,1.314987],[103.8704171,1.3149131],[103.8703987,1.314907],[103.8704037,1.3148922],[103.870428,1.3149003],[103.8704366,1.3148746],[103.8704871,1.3148915],[103.8704986,1.314857],[103.8704755,1.3148493],[103.8704837,1.3148247],[103.8703671,1.3147821],[103.8703045,1.3149576],[103.8702854,1.3150129],[103.8702108,1.3149876],[103.8702379,1.3149077]]]},"clearanceHeight":1.7,"clearancePrepared":true},"geometry":{"type":"Polygon","coordinates":[[[103.8702108,1.3149876],[103.8702379,1.3149077],[103.8702179,1.314899],[103.8702354,1.314856],[103.8701864,1.3148365],[103.8701681,1.3148781],[103.8701446,1.3148702],[103.8701439,1.3147824],[103.8699873,1.3147061],[103.8699394,1.3147291],[103.8699045,1.3147742],[103.869893,1.3147912],[103.8698757,1.3149083],[103.8700426,1.3149686],[103.8700798,1.3150296],[103.8700969,1.3150354],[103.870086,1.3150674],[103.870336,1.3151521],[103.8703447,1.3151266],[103.8703626,1.3151327],[103.8703787,1.3150852],[103.8703347,1.3150703],[103.8703375,1.315062],[103.8703637,1.3150709],[103.8703924,1.314987],[103.8704171,1.3149131],[103.8703987,1.314907],[103.8704037,1.3148922],[103.870428,1.3149003],[103.8704366,1.3148746],[103.8704871,1.3148915],[103.8704986,1.314857],[103.8704755,1.3148493],[103.8704837,1.3148247],[103.8703671,1.3147821],[103.8703045,1.3149576],[103.8702854,1.3150129],[103.8702108,1.3149876]]]}},{"type":"Feature","id":"way/295367545-0","properties":{"addr:city":"Singapore","addr:country":"SG","addr:housenumber":"17","addr:postcode":"380017","addr:street":"Upper Boon Keng Road","building":"yes","building:levels":"1","source":"Bing","clearanceGeometry":{"type":"Polygon","coordinates":[[[103.8720984,1.3150074],[103.8713206,1.3146959],[103.8711697,1.3150724],[103.8719476,1.3153839],[103.8720984,1.3150074]]]},"clearanceHeight":1.7,"clearancePrepared":true},"geometry":{"type":"Polygon","coordinates":[[[103.8719476,1.3153839],[103.8720984,1.3150074],[103.8713206,1.3146959],[103.8711697,1.3150724],[103.8719476,1.3153839]]]}},{"type":"Feature","id":"way/295367547-0","properties":{"addr:city":"Singapore","addr:country":"SG","addr:housenumber":"2A","addr:neighbourhood":"Kallang Heights","addr:postcode":"381002","addr:street":"Upper Boon Keng Road","building":"residential","building:levels":"27","building:levels:underground":"0","residential":"HDB","wheelchair":"yes","clearanceGeometry":{"type":"Polygon","coordinates":[[[103.8722249,1.3137752],[103.8722666,1.3137623],[103.8722598,1.3137414],[103.8722918,1.3137313],[103.8722744,1.3136767],[103.8722442,1.3136864],[103.8722283,1.3136365],[103.8722616,1.3136259],[103.8722446,1.3135729],[103.8722161,1.313582],[103.8722098,1.3135622],[103.8721707,1.3135746],[103.8721768,1.3135937],[103.8721255,1.3136101],[103.8721158,1.3135796],[103.8720695,1.3135944],[103.8720799,1.3136267],[103.8720566,1.3136342],[103.872069,1.3136731],[103.8721189,1.3136572],[103.8721274,1.3136835],[103.8721052,1.3137387],[103.872096,1.31371],[103.8720528,1.3137239],[103.872066,1.3137646],[103.872053,1.3137688],[103.872028,1.313758],[103.8720466,1.3137148],[103.8720282,1.3137069],[103.8719909,1.3136907],[103.8720075,1.3136523],[103.8719548,1.3136295],[103.8719383,1.313668],[103.8719218,1.3136609],[103.8719089,1.3136906],[103.8719575,1.3137116],[103.871942,1.3137475],[103.8718872,1.3137238],[103.8718723,1.3137581],[103.8718889,1.3137653],[103.8718745,1.3137988],[103.8719209,1.313819],[103.8719345,1.3137876],[103.87202,1.3138246],[103.8719914,1.3138337],[103.8720142,1.3139045],[103.872229,1.3138353],[103.872206,1.3137639],[103.8721945,1.3137675],[103.8722136,1.3137477],[103.8722249,1.3137752]]]},"clearanceHeight":1.7,"clearancePrepared":true},"geometry":{"type":"Polygon","coordinates":[[[103.8722136,1.3137477],[103.8722249,1.3137752],[103.8722666,1.3137623],[103.8722598,1.3137414],[103.8722918,1.3137313],[103.8722744,1.3136767],[103.8722442,1.3136864],[103.8722283,1.3136365],[103.8722616,1.3136259],[103.8722446,1.3135729],[103.8722161,1.313582],[103.8722098,1.3135622],[103.8721707,1.3135746],[103.8721768,1.3135937],[103.8721255,1.3136101],[103.8721158,1.3135796],[103.8720695,1.3135944],[103.8720799,1.3136267],[103.8720566,1.3136342],[103.872069,1.3136731],[103.8721189,1.3136572],[103.8721274,1.3136835],[103.8721052,1.3137387],[103.872096,1.31371],[103.8720528,1.3137239],[103.872066,1.3137646],[103.872053,1.3137688],[103.872028,1.313758],[103.8720466,1.3137148],[103.8720282,1.3137069],[103.8719909,1.3136907],[103.8720075,1.3136523],[103.8719548,1.3136295],[103.8719383,1.313668],[103.8719218,1.3136609],[103.8719089,1.3136906],[103.8719575,1.3137116],[103.871942,1.3137475],[103.8718872,1.3137238],[103.8718723,1.3137581],[103.8718889,1.3137653],[103.8718745,1.3137988],[103.8719209,1.313819],[103.8719345,1.3137876],[103.87202,1.3138246],[103.8719914,1.3138337],[103.8720142,1.3139045],[103.872229,1.3138353],[103.872206,1.3137639],[103.8721945,1.3137675],[103.8722136,1.3137477]]]}},{"type":"Feature","id":"way/295367548-0","properties":{"addr:city":"Singapore","addr:country":"SG","addr:housenumber":"2B","addr:neighbourhood":"Kallang Heights","addr:postcode":"382002","addr:street":"Upper Boon Keng Road","building":"residential","building:levels":"29","residential":"HDB","clearanceGeometry":{"type":"Polygon","coordinates":[[[103.8717636,1.3137725],[103.8717813,1.3137396],[103.8717285,1.3137114],[103.871747,1.3136769],[103.8717937,1.3137019],[103.8718089,1.3136733],[103.8717932,1.3136649],[103.8718129,1.313628],[103.8717624,1.313601],[103.8717426,1.3136378],[103.871689,1.3136092],[103.8716668,1.3136507],[103.8716428,1.3136379],[103.871638,1.3136251],[103.8716781,1.31361],[103.8716621,1.3135676],[103.8716244,1.3135818],[103.8716217,1.3135747],[103.8716446,1.3135338],[103.8716866,1.3135551],[103.8717141,1.3135009],[103.8717514,1.3135198],[103.8717773,1.3134687],[103.87174,1.3134497],[103.871748,1.3134338],[103.8717191,1.3134191],[103.8716952,1.3134663],[103.8716603,1.3134487],[103.8716874,1.3133953],[103.871654,1.3133785],[103.8716459,1.3133947],[103.8716132,1.3133781],[103.8715903,1.3134233],[103.8716208,1.3134388],[103.8715632,1.313546],[103.8715515,1.313515],[103.8714812,1.3135414],[103.8715607,1.3137526],[103.8716303,1.3137264],[103.8716196,1.3136982],[103.8717018,1.3137422],[103.8716857,1.3137724],[103.8717304,1.3137962],[103.8717476,1.313764],[103.8717636,1.3137725]]]},"clearanceHeight":1.7,"clearancePrepared":true},"geometry":{"type":"Polygon","coordinates":[[[103.8717476,1.313764],[103.8717636,1.3137725],[103.8717813,1.3137396],[103.8717285,1.3137114],[103.871747,1.3136769],[103.8717937,1.3137019],[103.8718089,1.3136733],[103.8717932,1.3136649],[103.8718129,1.313628],[103.8717624,1.313601],[103.8717426,1.3136378],[103.871689,1.3136092],[103.8716668,1.3136507],[103.8716428,1.3136379],[103.871638,1.3136251],[103.8716781,1.31361],[103.8716621,1.3135676],[103.8716244,1.3135818],[103.8716217,1.3135747],[103.8716446,1.3135338],[103.8716866,1.3135551],[103.8717141,1.3135009],[103.8717514,1.3135198],[103.8717773,1.3134687],[103.87174,1.3134497],[103.871748,1.3134338],[103.8717191,1.3134191],[103.8716952,1.3134663],[103.8716603,1.3134487],[103.8716874,1.3133953],[103.871654,1.3133785],[103.8716459,1.3133947],[103.8716132,1.3133781],[103.8715903,1.3134233],[103.8716208,1.3134388],[103.8715632,1.313546],[103.8715515,1.313515],[103.8714812,1.3135414],[103.8715607,1.3137526],[103.8716303,1.3137264],[103.8716196,1.3136982],[103.8717018,1.3137422],[103.8716857,1.3137724],[103.8717304,1.3137962],[103.8717476,1.313764]]]}},{"type":"Feature","id":"way/295367549-0","properties":{"addr:city":"Singapore","addr:country":"SG","addr:housenumber":"2C","addr:neighbourhood":"Kallang Heights","addr:postcode":"383002","addr:street":"Upper Boon Keng Road","building":"residential","height":"0","residential":"HDB","clearanceGeometry":{"type":"Polygon","coordinates":[[[103.87193393809265,1.313075290213825],[103.87191450890161,1.31307343641945],[103.87188657914619,1.3130707020378007],[103.8718399927593,1.3130825061628808],[103.87183888561633,1.3130866922947344],[103.87175923340266,1.3131170207929217],[103.87172626526764,1.3131113225967468],[103.87171536028931,1.3131140857156927],[103.87170989525798,1.313122601255051],[103.8717252,1.3131831],[103.871769,1.313172],[103.8717109,1.313261],[103.871682,1.3132427],[103.8716548,1.3132855],[103.8716858,1.3133051],[103.871676,1.3133204],[103.8717076,1.3133404],[103.8717346,1.3133124],[103.8717594,1.3133299],[103.8717386,1.3133567],[103.8717782,1.3133808],[103.8717902,1.3133614],[103.8718166,1.3133802],[103.8718473,1.3133318],[103.871813,1.3133098],[103.8718419,1.3132581],[103.8718048,1.3132329],[103.8718185,1.31321],[103.8718417,1.3132041],[103.8718522,1.3132453],[103.8718967,1.313234],[103.8718863,1.3131928],[103.871909,1.3131871],[103.8719522,1.3132102],[103.8719686,1.3132568],[103.8718864,1.31328],[103.871898,1.3133192],[103.8719216,1.3133123],[103.8719312,1.3133448],[103.8719777,1.3133311],[103.8719687,1.3133003],[103.8720337,1.3132809],[103.872041,1.3133071],[103.872092,1.3132923],[103.8720826,1.3132642],[103.8721135,1.3132555],[103.8720994,1.3132105],[103.8720672,1.3132186],[103.872048,1.3131632],[103.8720783,1.3131542],[103.8720621,1.3130993],[103.8720299,1.3131089],[103.8720237,1.3130879],[103.871984,1.3130999],[103.8719907,1.3131261],[103.8719619,1.3131375],[103.8719681,1.3131693],[103.871897,1.3131396],[103.871947,1.313127],[103.87193393809265,1.313075290213825]]]},"clearanceHeight":1.7,"clearancePrepared":true},"geometry":{"type":"Polygon","coordinates":[[[103.871947,1.313127],[103.87193,1.3130597],[103.8717082,1.3131159],[103.8717252,1.3131831],[103.871769,1.313172],[103.8717109,1.313261],[103.871682,1.3132427],[103.8716548,1.3132855],[103.8716858,1.3133051],[103.871676,1.3133204],[103.8717076,1.3133404],[103.8717346,1.3133124],[103.8717594,1.3133299],[103.8717386,1.3133567],[103.8717782,1.3133808],[103.8717902,1.3133614],[103.8718166,1.3133802],[103.8718473,1.3133318],[103.871813,1.3133098],[103.8718419,1.3132581],[103.8718048,1.3132329],[103.8718185,1.31321],[103.8718417,1.3132041],[103.8718522,1.3132453],[103.8718967,1.313234],[103.8718863,1.3131928],[103.871909,1.3131871],[103.8719522,1.3132102],[103.8719686,1.3132568],[103.8718864,1.31328],[103.871898,1.3133192],[103.8719216,1.3133123],[103.8719312,1.3133448],[103.8719777,1.3133311],[103.8719687,1.3133003],[103.8720337,1.3132809],[103.872041,1.3133071],[103.872092,1.3132923],[103.8720826,1.3132642],[103.8721135,1.3132555],[103.8720994,1.3132105],[103.8720672,1.3132186],[103.872048,1.3131632],[103.8720783,1.3131542],[103.8720621,1.3130993],[103.8720299,1.3131089],[103.8720237,1.3130879],[103.871984,1.3130999],[103.8719907,1.3131261],[103.8719619,1.3131375],[103.8719681,1.3131693],[103.871897,1.3131396],[103.871947,1.313127]]]}},{"type":"Feature","id":"way/295367550-0","properties":{"addr:city":"Singapore","addr:country":"SG","addr:housenumber":"2D","addr:neighbourhood":"Kallang Heights","addr:postcode":"384002","addr:street":"Upper Boon Keng Road","building":"residential","building:levels":"27","residential":"HDB","clearanceGeometry":{"type":"Polygon","coordinates":[[[103.8723179,1.3131351],[103.8722754,1.3131451],[103.8722807,1.3131663],[103.8722481,1.3131745],[103.8722619,1.31323],[103.8722926,1.3132224],[103.8723053,1.3132731],[103.8722712,1.3132815],[103.8722846,1.3133355],[103.8723138,1.3133283],[103.8723188,1.3133486],[103.8723586,1.3133387],[103.8723537,1.3133193],[103.872406,1.3133063],[103.8724137,1.3133374],[103.8724608,1.3133257],[103.8724527,1.3132928],[103.8724764,1.3132869],[103.8724666,1.3132472],[103.8724158,1.3132598],[103.872409,1.313233],[103.8724348,1.3131793],[103.8724421,1.3132087],[103.8724861,1.3131976],[103.8724758,1.3131562],[103.8724889,1.3131528],[103.8725131,1.3131652],[103.8724916,1.3132071],[103.8725456,1.3132349],[103.8725266,1.3132721],[103.8725776,1.3132983],[103.8725967,1.3132611],[103.8726126,1.3132692],[103.8726274,1.3132404],[103.8725803,1.3132162],[103.8725982,1.3131814],[103.8726514,1.3132088],[103.8726685,1.3131755],[103.8726523,1.3131673],[103.8726682437937,1.3131361761871572],[103.87266816410836,1.3131342690514203],[103.872624,1.3131115],[103.8726084,1.313142],[103.8725255,1.3130994],[103.8725547,1.3130921],[103.87253778199965,1.3130243340097298],[103.87253083913423,1.3130214665545399],[103.8723177,1.3130748],[103.8723359,1.3131476],[103.8723476,1.3131447],[103.8723272,1.3131633],[103.8723179,1.3131351]]]},"clearanceHeight":1.7,"clearancePrepared":true},"geometry":{"type":"Polygon","coordinates":[[[103.8723272,1.3131633],[103.8723179,1.3131351],[103.8722754,1.3131451],[103.8722807,1.3131663],[103.8722481,1.3131745],[103.8722619,1.31323],[103.8722926,1.3132224],[103.8723053,1.3132731],[103.8722712,1.3132815],[103.8722846,1.3133355],[103.8723138,1.3133283],[103.8723188,1.3133486],[103.8723586,1.3133387],[103.8723537,1.3133193],[103.872406,1.3133063],[103.8724137,1.3133374],[103.8724608,1.3133257],[103.8724527,1.3132928],[103.8724764,1.3132869],[103.8724666,1.3132472],[103.8724158,1.3132598],[103.872409,1.313233],[103.8724348,1.3131793],[103.8724421,1.3132087],[103.8724861,1.3131976],[103.8724758,1.3131562],[103.8724889,1.3131528],[103.8725131,1.3131652],[103.8724916,1.3132071],[103.8725456,1.3132349],[103.8725266,1.3132721],[103.8725776,1.3132983],[103.8725967,1.3132611],[103.8726126,1.3132692],[103.8726274,1.3132404],[103.8725803,1.3132162],[103.8725982,1.3131814],[103.8726514,1.3132088],[103.8726685,1.3131755],[103.8726523,1.3131673],[103.872669,1.3131347],[103.872624,1.3131115],[103.8726084,1.313142],[103.8725255,1.3130994],[103.8725547,1.3130921],[103.8725367,1.31302],[103.8723177,1.3130748],[103.8723359,1.3131476],[103.8723476,1.3131447],[103.8723272,1.3131633]]]}},{"type":"Feature","id":"way/295367553-0","properties":{"addr:city":"Singapore","addr:country":"SG","addr:housenumber":"3A","addr:neighbourhood":"Kallang Heights","addr:postcode":"381003","addr:street":"Upper Boon Keng Road","building":"residential","building:levels":"25","residential":"HDB","clearanceGeometry":{"type":"Polygon","coordinates":[[[103.872285,1.3138964],[103.8723428,1.3141144],[103.8724147,1.3140955],[103.8724069,1.3140663],[103.8724843,1.3141183],[103.8724652,1.3141466],[103.8725072,1.314175],[103.8725277,1.3141446],[103.8725427,1.3141547],[103.8725636,1.3141238],[103.8725139,1.3140904],[103.8725357,1.3140579],[103.8725797,1.3140874],[103.8725978,1.3140605],[103.8725829,1.3140506],[103.8726063,1.3140159],[103.8725587,1.3139839],[103.8725354,1.3140186],[103.8724849,1.3139846],[103.8724587,1.3140237],[103.8724361,1.3140086],[103.8724326,1.3139953],[103.872474,1.3139844],[103.8724624,1.3139406],[103.8724332,1.3139483],[103.8724677,1.3138999],[103.8724944,1.3138927],[103.872508,1.3139434],[103.8725475,1.3139328],[103.8725412,1.3139092],[103.872574,1.3139004],[103.8725614,1.3138535],[103.8725305,1.3138617],[103.8725166,1.3138098],[103.8725359,1.3138046],[103.8725254,1.313765],[103.8725052,1.3137704],[103.8724974,1.3137414],[103.8724437,1.3137558],[103.8724527,1.3137896],[103.8724022,1.3138031],[103.872394,1.3137725],[103.8723387,1.3137872],[103.8723474,1.3138197],[103.8723263,1.3138254],[103.8723379,1.3138673],[103.8723671,1.3138619],[103.8723607,1.3138887],[103.8723576,1.3138771],[103.872285,1.3138964]]]},"clearanceHeight":1.7,"clearancePrepared":true},"geometry":{"type":"Polygon","coordinates":[[[103.8723576,1.3138771],[103.872285,1.3138964],[103.8723428,1.3141144],[103.8724147,1.3140955],[103.8724069,1.3140663],[103.8724843,1.3141183],[103.8724652,1.3141466],[103.8725072,1.314175],[103.8725277,1.3141446],[103.8725427,1.3141547],[103.8725636,1.3141238],[103.8725139,1.3140904],[103.8725357,1.3140579],[103.8725797,1.3140874],[103.8725978,1.3140605],[103.8725829,1.3140506],[103.8726063,1.3140159],[103.8725587,1.3139839],[103.8725354,1.3140186],[103.8724849,1.3139846],[103.8724587,1.3140237],[103.8724361,1.3140086],[103.8724326,1.3139953],[103.872474,1.3139844],[103.8724624,1.3139406],[103.8724332,1.3139483],[103.8724677,1.3138999],[103.8724944,1.3138927],[103.872508,1.3139434],[103.8725475,1.3139328],[103.8725412,1.3139092],[103.872574,1.3139004],[103.8725614,1.3138535],[103.8725305,1.3138617],[103.8725166,1.3138098],[103.8725359,1.3138046],[103.8725254,1.313765],[103.8725052,1.3137704],[103.8724974,1.3137414],[103.8724437,1.3137558],[103.8724527,1.3137896],[103.8724022,1.3138031],[103.872394,1.3137725],[103.8723387,1.3137872],[103.8723474,1.3138197],[103.8723263,1.3138254],[103.8723379,1.3138673],[103.8723671,1.3138619],[103.8723607,1.3138887],[103.8723576,1.3138771]]]}},{"type":"Feature","id":"way/295367565-0","properties":{"addr:city":"Singapore","addr:country":"SG","addr:housenumber":"3B","addr:neighbourhood":"Kallang Heights","addr:postcode":"382003","addr:street":"Upper Boon Keng Road","building":"residential","building:levels":"25","residential":"HDB","clearanceGeometry":{"type":"Polygon","coordinates":[[[103.8729794,1.314063],[103.8729461,1.3140462],[103.8729191,1.3140995],[103.8728841,1.3140818],[103.872908,1.3140346],[103.8728792,1.31402],[103.8728711,1.3140359],[103.8728338,1.314017],[103.8728079,1.3140682],[103.8728452,1.314087],[103.8728177,1.3141412],[103.8728597,1.3141625],[103.8728474,1.3141868],[103.8728348,1.3141919],[103.8728188,1.3141522],[103.8727767,1.3141691],[103.8727918,1.3142064],[103.8727847,1.3142093],[103.8727433,1.3141873],[103.8727637,1.3141449],[103.8727089,1.3141186],[103.872727,1.3140809],[103.8726752,1.3140561],[103.8726571,1.3140939],[103.872641,1.3140862],[103.872627,1.3141153],[103.8726748,1.3141382],[103.8726578,1.3141736],[103.8726039,1.3141477],[103.8725878,1.3141814],[103.8726041,1.3141892],[103.8725883,1.3142222],[103.872634,1.3142441],[103.8726488,1.3142133],[103.8727574,1.3142684],[103.8727266,1.3142808],[103.87275186273929,1.3143439115745157],[103.87275953939363,1.3143484746207954],[103.87283796192146,1.314316955876908],[103.8728476016438,1.3143093691676555],[103.87286949123524,1.3143032030855581],[103.87287866397173,1.3143005973440596],[103.872964,1.3142663],[103.8729363,1.3141974],[103.8729083,1.3142086],[103.8729505,1.3141254],[103.872981,1.3141409],[103.8730039,1.3140957],[103.8729712,1.3140792],[103.8729794,1.314063]]]},"clearanceHeight":1.7,"clearancePrepared":true},"geometry":{"type":"Polygon","coordinates":[[[103.8729712,1.3140792],[103.8729794,1.314063],[103.8729461,1.3140462],[103.8729191,1.3140995],[103.8728841,1.3140818],[103.872908,1.3140346],[103.8728792,1.31402],[103.8728711,1.3140359],[103.8728338,1.314017],[103.8728079,1.3140682],[103.8728452,1.314087],[103.8728177,1.3141412],[103.8728597,1.3141625],[103.8728474,1.3141868],[103.8728348,1.3141919],[103.8728188,1.3141522],[103.8727767,1.3141691],[103.8727918,1.3142064],[103.8727847,1.3142093],[103.8727433,1.3141873],[103.8727637,1.3141449],[103.8727089,1.3141186],[103.872727,1.3140809],[103.8726752,1.3140561],[103.8726571,1.3140939],[103.872641,1.3140862],[103.872627,1.3141153],[103.8726748,1.3141382],[103.8726578,1.3141736],[103.8726039,1.3141477],[103.8725878,1.3141814],[103.8726041,1.3141892],[103.8725883,1.3142222],[103.872634,1.3142441],[103.8726488,1.3142133],[103.8727574,1.3142684],[103.8727266,1.3142808],[103.8727545,1.3143505],[103.872964,1.3142663],[103.8729363,1.3141974],[103.8729083,1.3142086],[103.8729505,1.3141254],[103.872981,1.3141409],[103.8730039,1.3140957],[103.8729712,1.3140792]]]}},{"type":"Feature","id":"way/295367566-0","properties":{"addr:city":"Singapore","addr:country":"SG","addr:housenumber":"3C","addr:neighbourhood":"Kallang Heights","addr:postcode":"383003","addr:street":"Upper Boon Keng Road","building":"residential","building:levels":"26","residential":"HDB","clearanceGeometry":{"type":"Polygon","coordinates":[[[103.8730095,1.3136369],[103.8730001,1.3136051],[103.8729452,1.3136214],[103.8729544,1.3136522],[103.8729043,1.313667],[103.8728945,1.313634],[103.872841,1.3136499],[103.8728497,1.313679],[103.87283,1.3136848],[103.8728416,1.3137241],[103.8728613,1.3137183],[103.8728766,1.31377],[103.8728463,1.3137789],[103.8728601,1.3138254],[103.8728931,1.3138156],[103.8729,1.3138388],[103.8729413,1.3138265],[103.8729233,1.313766],[103.8729672,1.3137531],[103.8730073,1.3137817],[103.873014,1.3137979],[103.8729738,1.3138125],[103.8729892,1.3138551],[103.8730271,1.3138413],[103.8730297,1.3138485],[103.8730063,1.3138891],[103.8729645,1.3138673],[103.8729364,1.3139211],[103.8728993,1.3139018],[103.8728728,1.3139526],[103.8729099,1.3139719],[103.8729016,1.3139878],[103.8729303,1.3140028],[103.8729548,1.3139559],[103.8729896,1.313974],[103.8729618,1.314027],[103.8729949,1.3140442],[103.8730033,1.3140282],[103.8730357,1.3140452],[103.8730593,1.3140002],[103.8730289,1.3139845],[103.8730527,1.3139368],[103.8730448,1.3139332],[103.8730656,1.313895],[103.8730482,1.3138849],[103.873067,1.3138487],[103.8730851,1.3138434],[103.8731059,1.3139091],[103.8731407,1.3138997],[103.8731354,1.3138843],[103.8731635,1.3138769],[103.87314901086226,1.3138346657048685],[103.87314683559784,1.31383306914287],[103.8731231354403,1.313799382126486],[103.87310687017141,1.3137413212932338],[103.87311446387001,1.3137339648977115],[103.873093,1.3136714],[103.8730388,1.3136899],[103.8730529,1.3137308],[103.8730395,1.3137348],[103.8729851,1.313708],[103.8729628,1.313697],[103.8730433,1.3136732],[103.8730307,1.3136306],[103.8730095,1.3136369]]]},"clearanceHeight":1.7,"clearancePrepared":true},"geometry":{"type":"Polygon","coordinates":[[[103.8730307,1.3136306],[103.8730095,1.3136369],[103.8730001,1.3136051],[103.8729452,1.3136214],[103.8729544,1.3136522],[103.8729043,1.313667],[103.8728945,1.313634],[103.872841,1.3136499],[103.8728497,1.313679],[103.87283,1.3136848],[103.8728416,1.3137241],[103.8728613,1.3137183],[103.8728766,1.31377],[103.8728463,1.3137789],[103.8728601,1.3138254],[103.8728931,1.3138156],[103.8729,1.3138388],[103.8729413,1.3138265],[103.8729233,1.313766],[103.8729672,1.3137531],[103.8730073,1.3137817],[103.873014,1.3137979],[103.8729738,1.3138125],[103.8729892,1.3138551],[103.8730271,1.3138413],[103.8730297,1.3138485],[103.8730063,1.3138891],[103.8729645,1.3138673],[103.8729364,1.3139211],[103.8728993,1.3139018],[103.8728728,1.3139526],[103.8729099,1.3139719],[103.8729016,1.3139878],[103.8729303,1.3140028],[103.8729548,1.3139559],[103.8729896,1.313974],[103.8729618,1.314027],[103.8729949,1.3140442],[103.8730033,1.3140282],[103.8730357,1.3140452],[103.8730593,1.3140002],[103.8730289,1.3139845],[103.8730527,1.3139368],[103.8730448,1.3139332],[103.8730656,1.313895],[103.8730482,1.3138849],[103.873067,1.3138487],[103.8730851,1.3138434],[103.8731059,1.3139091],[103.8731407,1.3138997],[103.8731354,1.3138843],[103.8731635,1.3138769],[103.873093,1.3136714],[103.8730388,1.3136899],[103.8730529,1.3137308],[103.8730395,1.3137348],[103.8729851,1.313708],[103.8729628,1.313697],[103.8730433,1.3136732],[103.8730307,1.3136306]]]}},{"type":"Feature","id":"way/295367567-0","properties":{"addr:city":"Singapore","addr:country":"SG","addr:housenumber":"3D","addr:neighbourhood":"Kallang Heights","addr:postcode":"384003","addr:street":"Upper Boon Keng Road","building":"residential","building:levels":"26","residential":"HDB","clearanceGeometry":{"type":"Polygon","coordinates":[[[103.87266,1.3133318],[103.8726176,1.313342],[103.8726229,1.3133632],[103.8725903,1.3133712],[103.872604,1.3134268],[103.8726349,1.3134191],[103.8726474,1.31347],[103.8726135,1.3134784],[103.8726268,1.3135324],[103.872656,1.3135252],[103.8726609,1.3135455],[103.8727007,1.3135355],[103.872696,1.3135161],[103.8727482,1.3135031],[103.8727559,1.3135342],[103.8728029,1.3135226],[103.8727948,1.3134896],[103.8728186,1.3134837],[103.8728088,1.313444],[103.8727579,1.3134566],[103.8727513,1.3134297],[103.872777,1.3133762],[103.8727843,1.3134055],[103.8728283,1.3133945],[103.8728179,1.3133529],[103.8728312,1.3133496],[103.8728554,1.3133621],[103.8728338,1.3134039],[103.8728879,1.3134317],[103.8728687,1.3134688],[103.8729198,1.3134951],[103.8729389,1.3134578],[103.8729548,1.313466],[103.8729696,1.3134372],[103.8729225,1.3134131],[103.8729405,1.3133782],[103.8729936,1.3134055],[103.8730106,1.3133723],[103.8729946,1.3133641],[103.8730113,1.3133315],[103.8729662,1.3133083],[103.8729506,1.3133388],[103.8728677,1.3132962],[103.8728968,1.3132889],[103.8728788,1.3132168],[103.8726599,1.3132715],[103.8726781,1.3133444],[103.8726897,1.3133415],[103.8726694,1.3133601],[103.87266,1.3133318]]]},"clearanceHeight":1.7,"clearancePrepared":true},"geometry":{"type":"Polygon","coordinates":[[[103.8726694,1.3133601],[103.87266,1.3133318],[103.8726176,1.313342],[103.8726229,1.3133632],[103.8725903,1.3133712],[103.872604,1.3134268],[103.8726349,1.3134191],[103.8726474,1.31347],[103.8726135,1.3134784],[103.8726268,1.3135324],[103.872656,1.3135252],[103.8726609,1.3135455],[103.8727007,1.3135355],[103.872696,1.3135161],[103.8727482,1.3135031],[103.8727559,1.3135342],[103.8728029,1.3135226],[103.8727948,1.3134896],[103.8728186,1.3134837],[103.8728088,1.313444],[103.8727579,1.3134566],[103.8727513,1.3134297],[103.872777,1.3133762],[103.8727843,1.3134055],[103.8728283,1.3133945],[103.8728179,1.3133529],[103.8728312,1.3133496],[103.8728554,1.3133621],[103.8728338,1.3134039],[103.8728879,1.3134317],[103.8728687,1.3134688],[103.8729198,1.3134951],[103.8729389,1.3134578],[103.8729548,1.313466],[103.8729696,1.3134372],[103.8729225,1.3134131],[103.8729405,1.3133782],[103.8729936,1.3134055],[103.8730106,1.3133723],[103.8729946,1.3133641],[103.8730113,1.3133315],[103.8729662,1.3133083],[103.8729506,1.3133388],[103.8728677,1.3132962],[103.8728968,1.3132889],[103.8728788,1.3132168],[103.8726599,1.3132715],[103.8726781,1.3133444],[103.8726897,1.3133415],[103.8726694,1.3133601]]]}},{"type":"Feature","id":"way/295367619-0","properties":{"addr:city":"Singapore","addr:country":"SG","addr:housenumber":"5","addr:neighbourhood":"Kallang Heights","addr:postcode":"380005","addr:street":"Upper Boon Keng Road","amenity":"parking","building":"garage","height":"0","parking":"multi-storey","source":"Bing","clearanceGeometry":{"type":"Polygon","coordinates":[[[103.8722699,1.3123563],[103.8722396,1.3123471],[103.8722081,1.3123502],[103.8721802,1.312365],[103.87216,1.3123894],[103.8721507,1.3124197],[103.8721528,1.3124411],[103.8721298,1.3124461],[103.8719505,1.312779],[103.8718963,1.3128828],[103.8720728,1.3129751],[103.8721271,1.3128713],[103.87222785546881,1.3129247735728309],[103.8722322563124,1.3129222053925198],[103.87223851175149,1.3129210656303125],[103.8723377,1.3127422],[103.8724396,1.3127978],[103.8724126,1.3128463],[103.87268077167732,1.312995914629848],[103.87272007960384,1.313012149096599],[103.87278878874136,1.3130385719120317],[103.8728103,1.313],[103.8729976,1.3131022],[103.8731512,1.3128209],[103.8723556,1.3123945],[103.8723094,1.312407],[103.8722942,1.3123765],[103.8722699,1.3123563]]]},"clearanceHeight":1.7,"clearancePrepared":true},"geometry":{"type":"Polygon","coordinates":[[[103.8722942,1.3123765],[103.8722699,1.3123563],[103.8722396,1.3123471],[103.8722081,1.3123502],[103.8721802,1.312365],[103.87216,1.3123894],[103.8721507,1.3124197],[103.8721528,1.3124411],[103.8721298,1.3124461],[103.8719505,1.312779],[103.8718963,1.3128828],[103.8720728,1.3129751],[103.8721271,1.3128713],[103.8722345,1.3129283],[103.8723377,1.3127422],[103.8724396,1.3127978],[103.8724126,1.3128463],[103.8727813,1.313052],[103.8728103,1.313],[103.8729976,1.3131022],[103.8731512,1.3128209],[103.8723556,1.3123945],[103.8723094,1.312407],[103.8722942,1.3123765]]]}},{"type":"Feature","id":"way/295367657-0","properties":{"building":"yes","source":"Bing","clearanceGeometry":{"type":"Polygon","coordinates":[[[103.8730846,1.3145273],[103.8730576,1.3145949],[103.8731298,1.3146237],[103.8731569,1.3145562],[103.8730846,1.3145273]]]},"clearanceHeight":1.7,"clearancePrepared":true},"geometry":{"type":"Polygon","coordinates":[[[103.8731569,1.3145562],[103.8730846,1.3145273],[103.8730576,1.3145949],[103.8731298,1.3146237],[103.8731569,1.3145562]]]}},{"type":"Feature","id":"way/295367662-0","properties":{"addr:city":"Singapore","addr:country":"SG","addr:housenumber":"75","addr:postcode":"388869","addr:street":"Lorong 3 Geylang","building":"residential","building:levels":"12","name":"Canne Lodge","roof:levels":"1","roof:material":"roof_tiles","roof:orientation":"along","roof:shape":"gabled","source":"Bing","clearanceGeometry":{"type":"Polygon","coordinates":[[[103.8734168,1.3140355],[103.8733265,1.313987],[103.8731602,1.3142965],[103.8732505,1.314345],[103.8734168,1.3140355]]]},"clearanceHeight":1.7,"clearancePrepared":true},"geometry":{"type":"Polygon","coordinates":[[[103.8732505,1.314345],[103.8734168,1.3140355],[103.8733265,1.313987],[103.8731602,1.3142965],[103.8732505,1.314345]]]}},{"type":"Feature","id":"way/295367669-0","properties":{"addr:city":"Singapore","addr:country":"SG","addr:housenumber":"18","addr:postcode":"380018","addr:street":"Upper Boon Keng Road","building":"residential","height":"0","residential":"HDB","clearanceGeometry":{"type":"Polygon","coordinates":[[[103.8721441,1.315444],[103.8722577,1.3154903],[103.8724702,1.3149698],[103.872398,1.3149403],[103.8724254,1.314873],[103.8723841,1.3148561],[103.8724123,1.3147869],[103.8718797,1.3145696],[103.8718336,1.3146825],[103.8723662,1.3148998],[103.8723566,1.3149235],[103.8721441,1.315444]]]},"clearanceHeight":1.7,"clearancePrepared":true},"geometry":{"type":"Polygon","coordinates":[[[103.8723566,1.3149235],[103.8721441,1.315444],[103.8722577,1.3154903],[103.8724702,1.3149698],[103.872398,1.3149403],[103.8724254,1.314873],[103.8723841,1.3148561],[103.8724123,1.3147869],[103.8718797,1.3145696],[103.8718336,1.3146825],[103.8723662,1.3148998],[103.8723566,1.3149235]]]}},{"type":"Feature","id":"way/503930978-0","properties":{"addr:city":"Singapore","addr:country":"SG","addr:housenumber":"8C","addr:neighbourhood":"Kallang Trivista","addr:postcode":"382008","addr:street":"Upper Boon Keng Road","building":"residential","building:levels":"26","residential":"HDB","clearanceGeometry":{"type":"Polygon","coordinates":[[[103.8709577,1.3131858],[103.870979,1.3131794],[103.8709855,1.3132012],[103.8710022,1.3131963],[103.8710085,1.3132175],[103.8710516,1.3132048],[103.8710234,1.313109],[103.8709817,1.3129672],[103.8709355,1.3129795],[103.8709454,1.3130131],[103.8709299,1.3130177],[103.8709372,1.3130425],[103.8709163,1.3130487],[103.8709313,1.3130997],[103.8709159,1.3131043],[103.8709242,1.3131323],[103.8709093,1.3131367],[103.8709003,1.3131629],[103.8708659,1.3131511],[103.8708714,1.3131352],[103.8708102,1.313114],[103.8708179,1.3130918],[103.8707907,1.3130823],[103.8707749,1.313128],[103.8707615,1.3131233],[103.870757,1.3131364],[103.8707274,1.3131262],[103.8707384,1.3131195],[103.8707309,1.3131073],[103.8707729,1.3130819],[103.8707287,1.3130089],[103.8707403,1.3130018],[103.870696,1.3129288],[103.8706606,1.3129502],[103.8706722,1.3129694],[103.8706575,1.3129783],[103.8706695,1.3129981],[103.8706488,1.3130107],[103.8706726,1.31305],[103.8706579,1.3130589],[103.8707081,1.3131419],[103.8707057,1.3131505],[103.8706187,1.3131675],[103.8706265,1.3132074],[103.8706028,1.313212],[103.8706068,1.3132323],[103.8705856,1.3132364],[103.8705937,1.3132781],[103.8706768,1.3132619],[103.8706743,1.3132489],[103.8707597,1.3132323],[103.8707503,1.3131835],[103.8707633,1.313181],[103.8707606,1.3131668],[103.8707935,1.3131779],[103.8707748,1.3132333],[103.8708031,1.3132429],[103.8708069,1.3132316],[103.8708248,1.3132377],[103.8708151,1.3132661],[103.8708372,1.3132996],[103.8707936,1.3133283],[103.8708055,1.3133463],[103.8707868,1.3133587],[103.8707962,1.313373],[103.8707797,1.3133839],[103.870804,1.3134209],[103.870994,1.3132959],[103.87097,1.3132594],[103.8709519,1.3132713],[103.8709423,1.3132567],[103.8709223,1.3132699],[103.8709113,1.3132531],[103.8708987,1.3132614],[103.8708944,1.3132548],[103.8709297,1.3131597],[103.8709484,1.3131542],[103.8709577,1.3131858]]]},"clearanceHeight":1.7,"clearancePrepared":true},"geometry":{"type":"Polygon","coordinates":[[[103.8709484,1.3131542],[103.8709577,1.3131858],[103.870979,1.3131794],[103.8709855,1.3132012],[103.8710022,1.3131963],[103.8710085,1.3132175],[103.8710516,1.3132048],[103.8710234,1.313109],[103.8709817,1.3129672],[103.8709355,1.3129795],[103.8709454,1.3130131],[103.8709299,1.3130177],[103.8709372,1.3130425],[103.8709163,1.3130487],[103.8709313,1.3130997],[103.8709159,1.3131043],[103.8709242,1.3131323],[103.8709093,1.3131367],[103.8709003,1.3131629],[103.8708659,1.3131511],[103.8708714,1.3131352],[103.8708102,1.313114],[103.8708179,1.3130918],[103.8707907,1.3130823],[103.8707749,1.313128],[103.8707615,1.3131233],[103.870757,1.3131364],[103.8707274,1.3131262],[103.8707384,1.3131195],[103.8707309,1.3131073],[103.8707729,1.3130819],[103.8707287,1.3130089],[103.8707403,1.3130018],[103.870696,1.3129288],[103.8706606,1.3129502],[103.8706722,1.3129694],[103.8706575,1.3129783],[103.8706695,1.3129981],[103.8706488,1.3130107],[103.8706726,1.31305],[103.8706579,1.3130589],[103.8707081,1.3131419],[103.8707057,1.3131505],[103.8706187,1.3131675],[103.8706265,1.3132074],[103.8706028,1.313212],[103.8706068,1.3132323],[103.8705856,1.3132364],[103.8705937,1.3132781],[103.8706768,1.3132619],[103.8706743,1.3132489],[103.8707597,1.3132323],[103.8707503,1.3131835],[103.8707633,1.313181],[103.8707606,1.3131668],[103.8707935,1.3131779],[103.8707748,1.3132333],[103.8708031,1.3132429],[103.8708069,1.3132316],[103.8708248,1.3132377],[103.8708151,1.3132661],[103.8708372,1.3132996],[103.8707936,1.3133283],[103.8708055,1.3133463],[103.8707868,1.3133587],[103.8707962,1.313373],[103.8707797,1.3133839],[103.870804,1.3134209],[103.870994,1.3132959],[103.87097,1.3132594],[103.8709519,1.3132713],[103.8709423,1.3132567],[103.8709223,1.3132699],[103.8709113,1.3132531],[103.8708987,1.3132614],[103.8708944,1.3132548],[103.8709297,1.3131597],[103.8709484,1.3131542]]]}},{"type":"Feature","id":"way/503930980-0","properties":{"addr:city":"Singapore","addr:country":"SG","addr:housenumber":"8A","addr:neighbourhood":"Kallang Trivista","addr:postcode":"381008","addr:street":"Upper Boon Keng Road","building":"residential","building:levels":"28","residential":"HDB","clearanceGeometry":{"type":"Polygon","coordinates":[[[103.8698352,1.312902],[103.8698238,1.3128854],[103.8698374,1.312876],[103.8698276,1.3128619],[103.8698479,1.3128479],[103.8698174,1.3128037],[103.8696163,1.3129423],[103.8696458,1.3129849],[103.869672,1.3129669],[103.8696825,1.3129821],[103.8697033,1.3129678],[103.8697138,1.312983],[103.8697576,1.3129528],[103.8697768,1.3129804],[103.8697737,1.3129968],[103.8697311,1.3129888],[103.8697167,1.3130655],[103.8697591,1.3130734],[103.8697168,1.3131001],[103.8696923,1.3130614],[103.8696752,1.3130722],[103.8696643,1.3130549],[103.8696489,1.3130647],[103.8696364,1.313045],[103.8695963,1.3130703],[103.8696595,1.3131702],[103.8696805,1.3131569],[103.8696942,1.3131786],[103.8696815,1.3131867],[103.8697138,1.3132378],[103.869756,1.3132112],[103.8697428,1.3131903],[103.8697702,1.313173],[103.869747,1.3131363],[103.8697677,1.313123],[103.8697707,1.3131075],[103.8697904,1.3131113],[103.8697866,1.3131307],[103.8698986,1.3131527],[103.8699072,1.3131088],[103.8698857,1.3131046],[103.8698892,1.3130872],[103.8698679,1.313083],[103.8698711,1.3130667],[103.8700188,1.3130957],[103.8700153,1.3131136],[103.8699983,1.3131247],[103.8699865,1.3131067],[103.8699757,1.3131137],[103.8699664,1.3130996],[103.8699268,1.3131255],[103.8700483,1.3133112],[103.8700859,1.3132866],[103.8700751,1.3132701],[103.8700898,1.3132605],[103.8700779,1.3132422],[103.87010763001152,1.313222692610743],[103.87010843026565,1.3132196115501655],[103.8700353,1.3131078],[103.8700433,1.3130664],[103.8701594,1.3129902],[103.8701261,1.3129396],[103.8700957,1.3128933],[103.8700625,1.3129151],[103.8700744,1.3129333],[103.870061,1.3129421],[103.8700734,1.312961],[103.8700381,1.3129842],[103.8700296,1.3129714],[103.8700061,1.3129868],[103.8700012,1.3129794],[103.8699509,1.3130124],[103.86998,1.3130568],[103.8699975,1.3130453],[103.8700152,1.3130723],[103.8698711,1.3130442],[103.8698757,1.3130204],[103.8698974,1.3130246],[103.8699077,1.3129717],[103.8698496,1.3129603],[103.8698469,1.3129742],[103.869819,1.3129688],[103.869793,1.3129311],[103.8698352,1.312902]]]},"clearanceHeight":1.7,"clearancePrepared":true},"geometry":{"type":"Polygon","coordinates":[[[103.869793,1.3129311],[103.8698352,1.312902],[103.8698238,1.3128854],[103.8698374,1.312876],[103.8698276,1.3128619],[103.8698479,1.3128479],[103.8698174,1.3128037],[103.8696163,1.3129423],[103.8696458,1.3129849],[103.869672,1.3129669],[103.8696825,1.3129821],[103.8697033,1.3129678],[103.8697138,1.312983],[103.8697576,1.3129528],[103.8697768,1.3129804],[103.8697737,1.3129968],[103.8697311,1.3129888],[103.8697167,1.3130655],[103.8697591,1.3130734],[103.8697168,1.3131001],[103.8696923,1.3130614],[103.8696752,1.3130722],[103.8696643,1.3130549],[103.8696489,1.3130647],[103.8696364,1.313045],[103.8695963,1.3130703],[103.8696595,1.3131702],[103.8696805,1.3131569],[103.8696942,1.3131786],[103.8696815,1.3131867],[103.8697138,1.3132378],[103.869756,1.3132112],[103.8697428,1.3131903],[103.8697702,1.313173],[103.869747,1.3131363],[103.8697677,1.313123],[103.8697707,1.3131075],[103.8697904,1.3131113],[103.8697866,1.3131307],[103.8698986,1.3131527],[103.8699072,1.3131088],[103.8698857,1.3131046],[103.8698892,1.3130872],[103.8698679,1.313083],[103.8698711,1.3130667],[103.8700188,1.3130957],[103.8700153,1.3131136],[103.8699983,1.3131247],[103.8699865,1.3131067],[103.8699757,1.3131137],[103.8699664,1.3130996],[103.8699268,1.3131255],[103.8700483,1.3133112],[103.8700859,1.3132866],[103.8700751,1.3132701],[103.8700898,1.3132605],[103.8700779,1.3132422],[103.8701096,1.3132214],[103.8700353,1.3131078],[103.8700433,1.3130664],[103.8701594,1.3129902],[103.8701261,1.3129396],[103.8700957,1.3128933],[103.8700625,1.3129151],[103.8700744,1.3129333],[103.870061,1.3129421],[103.8700734,1.312961],[103.8700381,1.3129842],[103.8700296,1.3129714],[103.8700061,1.3129868],[103.8700012,1.3129794],[103.8699509,1.3130124],[103.86998,1.3130568],[103.8699975,1.3130453],[103.8700152,1.3130723],[103.8698711,1.3130442],[103.8698757,1.3130204],[103.8698974,1.3130246],[103.8699077,1.3129717],[103.8698496,1.3129603],[103.8698469,1.3129742],[103.869819,1.3129688],[103.869793,1.3129311]]]}},{"type":"Feature","id":"way/503930981-0","properties":{"addr:city":"Singapore","addr:country":"SG","addr:housenumber":"8B","addr:neighbourhood":"Kallang Trivista","addr:postcode":"382008","addr:street":"Upper Boon Keng Road","building":"residential","building:levels":"30","residential":"HDB","clearanceGeometry":{"type":"Polygon","coordinates":[[[103.87025880495622,1.3125442372076923],[103.87027195937061,1.3125248874884694],[103.8702701,1.31252],[103.87027956726766,1.3125164442187212],[103.87030699128958,1.3124889071080477],[103.8703054,1.3124847],[103.87031466050973,1.3124812062622349],[103.87032520197656,1.3124706213254567],[103.8703212,1.3124601],[103.8703437,1.3124517],[103.8703277,1.3124092],[103.8702171,1.3124509],[103.8702207,1.3124604],[103.8701973,1.3124692],[103.8701938,1.31246],[103.8701186,1.3124883],[103.8701341,1.3125294],[103.8701497,1.3125235],[103.8701551,1.3125379],[103.8701741,1.3125308],[103.8701799,1.3125462],[103.870172,1.3125638],[103.870025,1.3124985],[103.870032,1.3124828],[103.8700515,1.3124914],[103.8700577,1.3124776],[103.8700756,1.3124856],[103.8700931,1.3124464],[103.8699919,1.3124014],[103.8699862,1.3124142],[103.8699618,1.3124034],[103.8699802,1.3123952],[103.8699691,1.3123699],[103.8700061,1.3123537],[103.8699949,1.3123281],[103.8700166,1.3123187],[103.8699946,1.3122683],[103.8699428,1.312291],[103.869948,1.3123028],[103.8699265,1.3123122],[103.8699167,1.3122896],[103.8698084,1.312337],[103.8698246,1.3123741],[103.869844,1.3123656],[103.8698528,1.3123856],[103.8698673,1.3123792],[103.8698756,1.3123981],[103.8699216,1.3123779],[103.8699401,1.3124201],[103.8699372,1.3124272],[103.8698943,1.3124097],[103.8698658,1.3124792],[103.869904,1.3124948],[103.869897,1.3125121],[103.8698637,1.3125242],[103.8698458,1.3124754],[103.869831,1.3124809],[103.8698226,1.3124581],[103.869808,1.3124635],[103.8697963,1.3124317],[103.8697466,1.31245],[103.8698382,1.3126987],[103.8698852,1.3126814],[103.8698729,1.3126479],[103.8698899,1.3126416],[103.8698808,1.312617],[103.8698984,1.3126106],[103.8698815,1.3125646],[103.8699004,1.3125578],[103.869936,1.3124819],[103.8699643,1.3124952],[103.8699376,1.3125522],[103.8699639,1.3125645],[103.8699575,1.3125781],[103.8700084,1.3126019],[103.8700302,1.3125553],[103.8700145,1.3125479],[103.8700259,1.3125236],[103.8701563,1.3125849],[103.870122,1.3125979],[103.8701154,1.3125805],[103.8700696,1.3125979],[103.8700895,1.3126503],[103.8701011,1.3126459],[103.8701123,1.3126754],[103.8701229,1.3126714],[103.8701365,1.3127072],[103.870115,1.3127153],[103.8701213,1.3127318],[103.8701015,1.3127393],[103.8701182,1.3127834],[103.8701737,1.3127624],[103.87022552028654,1.3127427343876665],[103.87022227800493,1.312722761933008],[103.8701768,1.3126027],[103.8701925,1.3125692],[103.87025880495622,1.3125442372076923]]]},"clearanceHeight":1.7,"clearancePrepared":true},"geometry":{"type":"Polygon","coordinates":[[[103.8701925,1.3125692],[103.8702767,1.3125375],[103.8702736,1.3125292],[103.8702701,1.31252],[103.8703127,1.312504],[103.8703054,1.3124847],[103.8703274,1.3124764],[103.8703212,1.3124601],[103.8703437,1.3124517],[103.8703277,1.3124092],[103.8702171,1.3124509],[103.8702207,1.3124604],[103.8701973,1.3124692],[103.8701938,1.31246],[103.8701186,1.3124883],[103.8701341,1.3125294],[103.8701497,1.3125235],[103.8701551,1.3125379],[103.8701741,1.3125308],[103.8701799,1.3125462],[103.870172,1.3125638],[103.870025,1.3124985],[103.870032,1.3124828],[103.8700515,1.3124914],[103.8700577,1.3124776],[103.8700756,1.3124856],[103.8700931,1.3124464],[103.8699919,1.3124014],[103.8699862,1.3124142],[103.8699618,1.3124034],[103.8699802,1.3123952],[103.8699691,1.3123699],[103.8700061,1.3123537],[103.8699949,1.3123281],[103.8700166,1.3123187],[103.8699946,1.3122683],[103.8699428,1.312291],[103.869948,1.3123028],[103.8699265,1.3123122],[103.8699167,1.3122896],[103.8698084,1.312337],[103.8698246,1.3123741],[103.869844,1.3123656],[103.8698528,1.3123856],[103.8698673,1.3123792],[103.8698756,1.3123981],[103.8699216,1.3123779],[103.8699401,1.3124201],[103.8699372,1.3124272],[103.8698943,1.3124097],[103.8698658,1.3124792],[103.869904,1.3124948],[103.869897,1.3125121],[103.8698637,1.3125242],[103.8698458,1.3124754],[103.869831,1.3124809],[103.8698226,1.3124581],[103.869808,1.3124635],[103.8697963,1.3124317],[103.8697466,1.31245],[103.8698382,1.3126987],[103.8698852,1.3126814],[103.8698729,1.3126479],[103.8698899,1.3126416],[103.8698808,1.312617],[103.8698984,1.3126106],[103.8698815,1.3125646],[103.8699004,1.3125578],[103.869936,1.3124819],[103.8699643,1.3124952],[103.8699376,1.3125522],[103.8699639,1.3125645],[103.8699575,1.3125781],[103.8700084,1.3126019],[103.8700302,1.3125553],[103.8700145,1.3125479],[103.8700259,1.3125236],[103.8701563,1.3125849],[103.870122,1.3125979],[103.8701154,1.3125805],[103.8700696,1.3125979],[103.8700895,1.3126503],[103.8701011,1.3126459],[103.8701123,1.3126754],[103.8701229,1.3126714],[103.8701365,1.3127072],[103.870115,1.3127153],[103.8701213,1.3127318],[103.8701015,1.3127393],[103.8701182,1.3127834],[103.8701737,1.3127624],[103.8702293,1.3127413],[103.8701768,1.3126027],[103.8701925,1.3125692]]]}},{"type":"Feature","id":"way/528461134-0","properties":{"amenity":"shelter","building":"roof","layer":"1","shelter_type":"public_transport","clearanceGeometry":{"type":"Polygon","coordinates":[[[103.8727041,1.314944],[103.872728,1.3149223],[103.8726746,1.3148635],[103.8726507,1.3148853],[103.8727041,1.314944]]]},"clearanceHeight":1.7,"clearancePrepared":true},"geometry":{"type":"Polygon","coordinates":[[[103.8726507,1.3148853],[103.8727041,1.314944],[103.872728,1.3149223],[103.8726746,1.3148635],[103.8726507,1.3148853]]]}},{"type":"Feature","id":"way/541941367-0","properties":{"addr:city":"Singapore","addr:country":"SG","addr:housenumber":"8","addr:postcode":"389144","addr:street":"Jalan Ayer","building":"residential","building:levels":"7","name":"Studio 8","clearanceGeometry":{"type":"Polygon","coordinates":[[[103.8730469,1.3112057],[103.8730485,1.3111994],[103.8731023,1.3112154],[103.8731054,1.3112076],[103.8731174,1.311206],[103.8731293,1.3111536],[103.873134,1.3110967],[103.8731062,1.3110894],[103.8731233,1.3110431],[103.8729825,1.3109874],[103.8729194,1.3111404],[103.8729001,1.3111939],[103.8730202,1.3112036],[103.8730469,1.3112057]]]},"clearanceHeight":1.7,"clearancePrepared":true},"geometry":{"type":"Polygon","coordinates":[[[103.8730202,1.3112036],[103.8730469,1.3112057],[103.8730485,1.3111994],[103.8731023,1.3112154],[103.8731054,1.3112076],[103.8731174,1.311206],[103.8731293,1.3111536],[103.873134,1.3110967],[103.8731062,1.3110894],[103.8731233,1.3110431],[103.8729825,1.3109874],[103.8729194,1.3111404],[103.8729001,1.3111939],[103.8730202,1.3112036]]]}},{"type":"Feature","id":"way/682426817-0","properties":{"building:levels":"27","building:part":"yes","clearanceGeometry":{"type":"Polygon","coordinates":[[[103.8719686,1.3132568],[103.8718864,1.31328],[103.871898,1.3133192],[103.8719216,1.3133123],[103.8719312,1.3133448],[103.8719777,1.3133311],[103.8719687,1.3133003],[103.8720337,1.3132809],[103.872041,1.3133071],[103.872092,1.3132923],[103.8720826,1.3132642],[103.8721135,1.3132555],[103.8720994,1.3132105],[103.8720672,1.3132186],[103.872048,1.3131632],[103.8720783,1.3131542],[103.8720621,1.3130993],[103.8720299,1.3131089],[103.8720237,1.3130879],[103.871984,1.3130999],[103.8719907,1.3131261],[103.8719619,1.3131375],[103.8719681,1.3131693],[103.871897,1.3131396],[103.871909,1.3131871],[103.8719522,1.3132102],[103.8719686,1.3132568]]]},"clearanceHeight":1.7,"clearancePrepared":true},"geometry":{"type":"Polygon","coordinates":[[[103.8719522,1.3132102],[103.8719686,1.3132568],[103.8718864,1.31328],[103.871898,1.3133192],[103.8719216,1.3133123],[103.8719312,1.3133448],[103.8719777,1.3133311],[103.8719687,1.3133003],[103.8720337,1.3132809],[103.872041,1.3133071],[103.872092,1.3132923],[103.8720826,1.3132642],[103.8721135,1.3132555],[103.8720994,1.3132105],[103.8720672,1.3132186],[103.872048,1.3131632],[103.8720783,1.3131542],[103.8720621,1.3130993],[103.8720299,1.3131089],[103.8720237,1.3130879],[103.871984,1.3130999],[103.8719907,1.3131261],[103.8719619,1.3131375],[103.8719681,1.3131693],[103.871897,1.3131396],[103.871909,1.3131871],[103.8719522,1.3132102]]]}},{"type":"Feature","id":"way/682426818-0","properties":{"building:levels":"29","building:part":"yes","clearanceGeometry":{"type":"Polygon","coordinates":[[[103.8718522,1.3132453],[103.8718967,1.313234],[103.8718863,1.3131928],[103.871909,1.3131871],[103.871897,1.3131396],[103.871947,1.313127],[103.87193393809265,1.313075290213825],[103.87191450890161,1.31307343641945],[103.87188657914619,1.3130707020378007],[103.8718399927593,1.3130825061628808],[103.87183888561633,1.3130866922947344],[103.87175923340266,1.3131170207929217],[103.87172626526764,1.3131113225967468],[103.87171536028931,1.3131140857156927],[103.87170989525798,1.313122601255051],[103.8717252,1.3131831],[103.871769,1.313172],[103.8717109,1.313261],[103.871682,1.3132427],[103.8716548,1.3132855],[103.8716858,1.3133051],[103.871676,1.3133204],[103.8717076,1.3133404],[103.8717346,1.3133124],[103.8717594,1.3133299],[103.8717386,1.3133567],[103.8717782,1.3133808],[103.8717902,1.3133614],[103.8718166,1.3133802],[103.8718473,1.3133318],[103.871813,1.3133098],[103.8718419,1.3132581],[103.8718048,1.3132329],[103.8718185,1.31321],[103.8718417,1.3132041],[103.8718522,1.3132453]]]},"clearanceHeight":1.7,"clearancePrepared":true},"geometry":{"type":"Polygon","coordinates":[[[103.8718417,1.3132041],[103.8718522,1.3132453],[103.8718967,1.313234],[103.8718863,1.3131928],[103.871909,1.3131871],[103.871897,1.3131396],[103.871947,1.313127],[103.87193,1.3130597],[103.8717082,1.3131159],[103.8717252,1.3131831],[103.871769,1.313172],[103.8717109,1.313261],[103.871682,1.3132427],[103.8716548,1.3132855],[103.8716858,1.3133051],[103.871676,1.3133204],[103.8717076,1.3133404],[103.8717346,1.3133124],[103.8717594,1.3133299],[103.8717386,1.3133567],[103.8717782,1.3133808],[103.8717902,1.3133614],[103.8718166,1.3133802],[103.8718473,1.3133318],[103.871813,1.3133098],[103.8718419,1.3132581],[103.8718048,1.3132329],[103.8718185,1.31321],[103.8718417,1.3132041]]]}},{"type":"Feature","id":"way/682426819-0","properties":{"building:levels":"1","building:part":"yes","clearanceGeometry":{"type":"Polygon","coordinates":[[[103.8718963,1.3128828],[103.8720728,1.3129751],[103.8721271,1.3128713],[103.8719505,1.312779],[103.8718963,1.3128828]]]},"clearanceHeight":1.7,"clearancePrepared":true},"geometry":{"type":"Polygon","coordinates":[[[103.8719505,1.312779],[103.8718963,1.3128828],[103.8720728,1.3129751],[103.8721271,1.3128713],[103.8719505,1.312779]]]}},{"type":"Feature","id":"way/682426820-0","properties":{"building:levels":"7","building:part":"yes","clearanceGeometry":{"type":"Polygon","coordinates":[[[103.8724396,1.3127978],[103.8724126,1.3128463],[103.87268077167732,1.312995914629848],[103.87272007960384,1.313012149096599],[103.87278878874136,1.3130385719120317],[103.8728103,1.313],[103.8729976,1.3131022],[103.8731512,1.3128209],[103.8723556,1.3123945],[103.8723094,1.312407],[103.8722942,1.3123765],[103.8722699,1.3123563],[103.8722396,1.3123471],[103.8722081,1.3123502],[103.8721802,1.312365],[103.87216,1.3123894],[103.8721507,1.3124197],[103.8721528,1.3124411],[103.8721298,1.3124461],[103.8719505,1.312779],[103.8721271,1.3128713],[103.87222785546881,1.3129247735728309],[103.8722322563124,1.3129222053925198],[103.87223851175149,1.3129210656303125],[103.8723377,1.3127422],[103.8724396,1.3127978]]]},"clearanceHeight":1.7,"clearancePrepared":true},"geometry":{"type":"Polygon","coordinates":[[[103.8723377,1.3127422],[103.8724396,1.3127978],[103.8724126,1.3128463],[103.8727813,1.313052],[103.8728103,1.313],[103.8729976,1.3131022],[103.8731512,1.3128209],[103.8723556,1.3123945],[103.8723094,1.312407],[103.8722942,1.3123765],[103.8722699,1.3123563],[103.8722396,1.3123471],[103.8722081,1.3123502],[103.8721802,1.312365],[103.87216,1.3123894],[103.8721507,1.3124197],[103.8721528,1.3124411],[103.8721298,1.3124461],[103.8719505,1.312779],[103.8721271,1.3128713],[103.8722345,1.3129283],[103.8723377,1.3127422]]]}},{"type":"Feature","id":"way/682430561-0","properties":{"addr:city":"Singapore","addr:country":"SG","addr:housenumber":"8","addr:neighbourhood":"Kallang Trivista","addr:postcode":"380008","addr:street":"Upper Boon Keng Road","amenity":"parking","building":"garage","building:levels":"6","parking":"multi-storey","clearanceGeometry":{"type":"Polygon","coordinates":[[[103.8709909,1.3126703],[103.8709329,1.3126464],[103.8708626,1.3126328],[103.8706608,1.3126365],[103.8706155,1.31263],[103.8705744,1.3126171],[103.8705391,1.3125975],[103.8705081,1.3125725],[103.8705015,1.312566],[103.870532,1.3125343],[103.8705003,1.312495],[103.870482,1.3125059],[103.870474,1.3124909],[103.8704009,1.3125305],[103.8704042,1.3125402],[103.87033420759906,1.3125771507754946],[103.87033053832265,1.3125825481627338],[103.8703509,1.3126176],[103.8703482,1.3126286],[103.8703149,1.3127696],[103.87030713612126,1.3128092718094153],[103.87030559094025,1.3128089695652172],[103.8701853,1.3133177],[103.8704777,1.313393],[103.8706097,1.3128731],[103.87058911453761,1.3128678114696049],[103.87046411608333,1.3128393877648998],[103.8704531,1.3128884],[103.8704395,1.3128839],[103.8704609,1.3127972],[103.87046986769168,1.312757782733542],[103.8704706038427,1.312757950128729],[103.8704743,1.312743],[103.8704766,1.3127336],[103.8705262,1.3127582],[103.870579,1.3127746],[103.870658,1.3127869],[103.8708503,1.3127872],[103.8709028,1.3127996],[103.8709493,1.3128223],[103.8710686,1.312909],[103.8710965,1.3129205],[103.8711285,1.3129233],[103.8711613,1.3129183],[103.8711831,1.3129107],[103.8712032,1.3128959],[103.8711786,1.3128614],[103.8711928,1.3128453],[103.8712043,1.3128197],[103.8712069,1.3127956],[103.871205,1.3127711],[103.8711927,1.3127462],[103.8711715,1.3127239],[103.8711452,1.3127145],[103.8711225,1.312711],[103.8710959,1.3127155],[103.8710818,1.3127212],[103.8710731,1.3127264],[103.8710349,1.3126958],[103.8709909,1.3126703]]]},"clearanceHeight":1.7,"clearancePrepared":true},"geometry":{"type":"Polygon","coordinates":[[[103.8710349,1.3126958],[103.8709909,1.3126703],[103.8709329,1.3126464],[103.8708626,1.3126328],[103.8706608,1.3126365],[103.8706155,1.31263],[103.8705744,1.3126171],[103.8705391,1.3125975],[103.8705081,1.3125725],[103.8705015,1.312566],[103.870532,1.3125343],[103.8705003,1.312495],[103.870482,1.3125059],[103.870474,1.3124909],[103.8704009,1.3125305],[103.8704042,1.3125402],[103.870329,1.3125799],[103.8703509,1.3126176],[103.8703482,1.3126286],[103.8703149,1.3127696],[103.8701853,1.3133177],[103.8704777,1.313393],[103.8706097,1.3128731],[103.8704649,1.3128359],[103.8704531,1.3128884],[103.8704395,1.3128839],[103.8704609,1.3127972],[103.8704743,1.312743],[103.8704766,1.3127336],[103.8705262,1.3127582],[103.870579,1.3127746],[103.870658,1.3127869],[103.8708503,1.3127872],[103.8709028,1.3127996],[103.8709493,1.3128223],[103.8710686,1.312909],[103.8710965,1.3129205],[103.8711285,1.3129233],[103.8711613,1.3129183],[103.8711831,1.3129107],[103.8712032,1.3128959],[103.8711786,1.3128614],[103.8711928,1.3128453],[103.8712043,1.3128197],[103.8712069,1.3127956],[103.871205,1.3127711],[103.8711927,1.3127462],[103.8711715,1.3127239],[103.8711452,1.3127145],[103.8711225,1.312711],[103.8710959,1.3127155],[103.8710818,1.3127212],[103.8710731,1.3127264],[103.8710349,1.3126958]]]}},{"type":"Feature","id":"way/682431226-0","properties":{"addr:city":"Singapore","addr:country":"SG","addr:housenumber":"9","addr:neighbourhood":"Kallang Trivista","addr:postcode":"380009","addr:street":"Upper Boon Keng Road","building":"yes","building:levels":"1","power":"substation","clearanceGeometry":{"type":"Polygon","coordinates":[[[103.8707166,1.3134916],[103.8707342,1.3134189],[103.8704892,1.3133597],[103.87047852034173,1.3134037535903393],[103.87067154399841,1.3134521922920628],[103.87066479780106,1.3134790617534817],[103.8707166,1.3134916]]]},"clearanceHeight":1.7,"clearancePrepared":true},"geometry":{"type":"Polygon","coordinates":[[[103.8704716,1.3134323],[103.8707166,1.3134916],[103.8707342,1.3134189],[103.8704892,1.3133597],[103.8704716,1.3134323]]]}},{"type":"Feature","id":"way/682437153-0","properties":{"building":"yes","clearanceGeometry":{"type":"Polygon","coordinates":[[[103.873294,1.314296],[103.8732477,1.3143784],[103.873293,1.3144038],[103.8733392,1.3143214],[103.873294,1.314296]]]},"clearanceHeight":1.7,"clearancePrepared":true},"geometry":{"type":"Polygon","coordinates":[[[103.8733392,1.3143214],[103.873294,1.314296],[103.8732477,1.3143784],[103.873293,1.3144038],[103.8733392,1.3143214]]]}},{"type":"Feature","id":"way/682437165-0","properties":{"building:levels":"1","building:material":"brick","building:part":"yes","roof:levels":"1","roof:material":"roof_tiles","roof:orientation":"along","roof:shape":"flat","clearanceGeometry":{"type":"Polygon","coordinates":[[[103.8723662,1.3148998],[103.8723566,1.3149235],[103.872398,1.3149403],[103.8724254,1.314873],[103.8723841,1.3148561],[103.8723662,1.3148998]]]},"clearanceHeight":1.7,"clearancePrepared":true},"geometry":{"type":"Polygon","coordinates":[[[103.8723841,1.3148561],[103.8723662,1.3148998],[103.8723566,1.3149235],[103.872398,1.3149403],[103.8724254,1.314873],[103.8723841,1.3148561]]]}},{"type":"Feature","id":"way/682437168-0","properties":{"building:levels":"2","building:material":"brick","building:part":"yes","roof:levels":"1","roof:material":"roof_tiles","roof:orientation":"along","roof:shape":"gabled","clearanceGeometry":{"type":"Polygon","coordinates":[[[103.8723566,1.3149235],[103.8721441,1.315444],[103.8722577,1.3154903],[103.8724702,1.3149698],[103.872398,1.3149403],[103.8723566,1.3149235]]]},"clearanceHeight":1.7,"clearancePrepared":true},"geometry":{"type":"Polygon","coordinates":[[[103.872398,1.3149403],[103.8723566,1.3149235],[103.8721441,1.315444],[103.8722577,1.3154903],[103.8724702,1.3149698],[103.872398,1.3149403]]]}},{"type":"Feature","id":"way/682437171-0","properties":{"building:levels":"2","building:material":"brick","building:part":"yes","roof:levels":"1","roof:material":"roof_tiles","roof:orientation":"along","roof:shape":"gabled","clearanceGeometry":{"type":"Polygon","coordinates":[[[103.8718336,1.3146825],[103.8723662,1.3148998],[103.8723841,1.3148561],[103.8724123,1.3147869],[103.8718797,1.3145696],[103.8718336,1.3146825]]]},"clearanceHeight":1.7,"clearancePrepared":true},"geometry":{"type":"Polygon","coordinates":[[[103.8718797,1.3145696],[103.8718336,1.3146825],[103.8723662,1.3148998],[103.8723841,1.3148561],[103.8724123,1.3147869],[103.8718797,1.3145696]]]}},{"type":"Feature","id":"way/682437175-0","properties":{"building:levels":"16","building:part":"yes","clearanceGeometry":{"type":"Polygon","coordinates":[[[103.8707181,1.3152871],[103.8707237,1.3152724],[103.8707475,1.3152815],[103.8707572,1.3152558],[103.8708066,1.3152745],[103.8708196,1.3152403],[103.8707965,1.3152316],[103.870806,1.3152066],[103.8705866,1.3151233],[103.8705759,1.3151515],[103.8705573,1.3151444],[103.8705453,1.315176],[103.870589,1.3151927],[103.8705799,1.3152166],[103.8706549,1.3152451],[103.8705778,1.3154479],[103.8706646,1.3154809],[103.8707358,1.3152938],[103.8707181,1.3152871]]]},"clearanceHeight":1.7,"clearancePrepared":true},"geometry":{"type":"Polygon","coordinates":[[[103.8707358,1.3152938],[103.8707181,1.3152871],[103.8707237,1.3152724],[103.8707475,1.3152815],[103.8707572,1.3152558],[103.8708066,1.3152745],[103.8708196,1.3152403],[103.8707965,1.3152316],[103.870806,1.3152066],[103.8705866,1.3151233],[103.8705759,1.3151515],[103.8705573,1.3151444],[103.8705453,1.315176],[103.870589,1.3151927],[103.8705799,1.3152166],[103.8706549,1.3152451],[103.8705778,1.3154479],[103.8706646,1.3154809],[103.8707358,1.3152938]]]}},{"type":"Feature","id":"way/682437176-0","properties":{"building:levels":"16","building:part":"yes","clearanceGeometry":{"type":"Polygon","coordinates":[[[103.8706056,1.314661],[103.8706254,1.3146684],[103.8706091,1.3147121],[103.870648,1.3147266],[103.8706562,1.3147047],[103.870681,1.314714],[103.8707621,1.314497],[103.8707304,1.3144852],[103.8707392,1.3144614],[103.8707021,1.3144476],[103.8706847,1.3144942],[103.8706683,1.3144881],[103.8706602,1.3145098],[103.8706441,1.3145038],[103.8706539,1.3144776],[103.8703903,1.3143792],[103.8703841,1.3143958],[103.8703552,1.3144731],[103.8706366,1.3145782],[103.8706056,1.314661]]]},"clearanceHeight":1.7,"clearancePrepared":true},"geometry":{"type":"Polygon","coordinates":[[[103.8706366,1.3145782],[103.8706056,1.314661],[103.8706254,1.3146684],[103.8706091,1.3147121],[103.870648,1.3147266],[103.8706562,1.3147047],[103.870681,1.314714],[103.8707621,1.314497],[103.8707304,1.3144852],[103.8707392,1.3144614],[103.8707021,1.3144476],[103.8706847,1.3144942],[103.8706683,1.3144881],[103.8706602,1.3145098],[103.8706441,1.3145038],[103.8706539,1.3144776],[103.8703903,1.3143792],[103.8703841,1.3143958],[103.8703552,1.3144731],[103.8706366,1.3145782]]]}},{"type":"Feature","id":"way/682437177-0","properties":{"building:levels":"20","building:part":"yes","clearanceGeometry":{"type":"Polygon","coordinates":[[[103.8703735,1.3143422],[103.8703265,1.3143247],[103.8703199,1.3143424],[103.8702946,1.3143329],[103.8702022,1.3145802],[103.8702338,1.314592],[103.8702275,1.3146088],[103.870267,1.3146236],[103.8702865,1.3145714],[103.8703188,1.3145834],[103.8702934,1.3146515],[103.8703087,1.3146572],[103.8703314,1.3146657],[103.8703409,1.3146404],[103.8703921,1.3146595],[103.8704008,1.3146362],[103.8704232,1.3146446],[103.8704419,1.3145948],[103.8704141,1.3145844],[103.8704219,1.3145635],[103.8703338,1.3145305],[103.8703552,1.3144731],[103.8703841,1.3143958],[103.8703572,1.3143858],[103.8703735,1.3143422]]]},"clearanceHeight":1.7,"clearancePrepared":true},"geometry":{"type":"Polygon","coordinates":[[[103.8703572,1.3143858],[103.8703735,1.3143422],[103.8703265,1.3143247],[103.8703199,1.3143424],[103.8702946,1.3143329],[103.8702022,1.3145802],[103.8702338,1.314592],[103.8702275,1.3146088],[103.870267,1.3146236],[103.8702865,1.3145714],[103.8703188,1.3145834],[103.8702934,1.3146515],[103.8703087,1.3146572],[103.8703314,1.3146657],[103.8703409,1.3146404],[103.8703921,1.3146595],[103.8704008,1.3146362],[103.8704232,1.3146446],[103.8704419,1.3145948],[103.8704141,1.3145844],[103.8704219,1.3145635],[103.8703338,1.3145305],[103.8703552,1.3144731],[103.8703841,1.3143958],[103.8703572,1.3143858]]]}},{"type":"Feature","id":"way/682437178-0","properties":{"building:levels":"20","building:part":"yes","clearanceGeometry":{"type":"Polygon","coordinates":[[[103.8702854,1.3150129],[103.8702108,1.3149876],[103.8702379,1.3149077],[103.8702179,1.314899],[103.8702354,1.314856],[103.8701864,1.3148365],[103.8701681,1.3148781],[103.8701446,1.3148702],[103.8701439,1.3147824],[103.8699873,1.3147061],[103.8699394,1.3147291],[103.8699045,1.3147742],[103.869893,1.3147912],[103.8698757,1.3149083],[103.8700426,1.3149686],[103.8700798,1.3150296],[103.8700969,1.3150354],[103.870086,1.3150674],[103.870336,1.3151521],[103.8703447,1.3151266],[103.8703626,1.3151327],[103.8703787,1.3150852],[103.8703347,1.3150703],[103.8703375,1.315062],[103.8703637,1.3150709],[103.8703924,1.314987],[103.8703045,1.3149576],[103.8702854,1.3150129]]]},"clearanceHeight":1.7,"clearancePrepared":true},"geometry":{"type":"Polygon","coordinates":[[[103.8703045,1.3149576],[103.8702854,1.3150129],[103.8702108,1.3149876],[103.8702379,1.3149077],[103.8702179,1.314899],[103.8702354,1.314856],[103.8701864,1.3148365],[103.8701681,1.3148781],[103.8701446,1.3148702],[103.8701439,1.3147824],[103.8699873,1.3147061],[103.8699394,1.3147291],[103.8699045,1.3147742],[103.869893,1.3147912],[103.8698757,1.3149083],[103.8700426,1.3149686],[103.8700798,1.3150296],[103.8700969,1.3150354],[103.870086,1.3150674],[103.870336,1.3151521],[103.8703447,1.3151266],[103.8703626,1.3151327],[103.8703787,1.3150852],[103.8703347,1.3150703],[103.8703375,1.315062],[103.8703637,1.3150709],[103.8703924,1.314987],[103.8703045,1.3149576]]]}},{"type":"Feature","id":"way/682437179-0","properties":{"building:levels":"16","building:part":"yes","clearanceGeometry":{"type":"Polygon","coordinates":[[[103.8703987,1.314907],[103.8704037,1.3148922],[103.870428,1.3149003],[103.8704366,1.3148746],[103.8704871,1.3148915],[103.8704986,1.314857],[103.8704755,1.3148493],[103.8704837,1.3148247],[103.8703671,1.3147821],[103.8703045,1.3149576],[103.8703924,1.314987],[103.8704171,1.3149131],[103.8703987,1.314907]]]},"clearanceHeight":1.7,"clearancePrepared":true},"geometry":{"type":"Polygon","coordinates":[[[103.8704171,1.3149131],[103.8703987,1.314907],[103.8704037,1.3148922],[103.870428,1.3149003],[103.8704366,1.3148746],[103.8704871,1.3148915],[103.8704986,1.314857],[103.8704755,1.3148493],[103.8704837,1.3148247],[103.8703671,1.3147821],[103.8703045,1.3149576],[103.8703924,1.314987],[103.8704171,1.3149131]]]}},{"type":"Feature","id":"way/682445616-0","properties":{"building:levels":"5","building:part":"yes","roof:levels":"2","roof:material":"grass","roof:shape":"flat","clearanceGeometry":{"type":"Polygon","coordinates":[[[103.8729966,1.3117921],[103.872971,1.3117738],[103.8729643,1.3117841],[103.8729228,1.3117536],[103.8729096,1.311772],[103.8728765,1.3117474],[103.8728395,1.3117955],[103.872906,1.3118446],[103.8729125,1.3118353],[103.8729612,1.3118713],[103.8729538,1.3118799],[103.8730019,1.3119154],[103.873034,1.3118702],[103.8730136,1.3118525],[103.8730271,1.3118349],[103.8730202,1.3118296],[103.8729876,1.3118044],[103.8729966,1.3117921]]]},"clearanceHeight":1.7,"clearancePrepared":true},"geometry":{"type":"Polygon","coordinates":[[[103.8729876,1.3118044],[103.8729966,1.3117921],[103.872971,1.3117738],[103.8729643,1.3117841],[103.8729228,1.3117536],[103.8729096,1.311772],[103.8728765,1.3117474],[103.8728395,1.3117955],[103.872906,1.3118446],[103.8729125,1.3118353],[103.8729612,1.3118713],[103.8729538,1.3118799],[103.8730019,1.3119154],[103.873034,1.3118702],[103.8730136,1.3118525],[103.8730271,1.3118349],[103.8730202,1.3118296],[103.8729876,1.3118044]]]}},{"type":"Feature","id":"way/682445617-0","properties":{"building:levels":"26","building:part":"yes","clearanceGeometry":{"type":"Polygon","coordinates":[[[103.8731316,1.3118258],[103.8731113,1.3118566],[103.8731236,1.3118647],[103.8731131,1.3118811],[103.8730886,1.3118676],[103.8730793,1.3118778],[103.8730682,1.3118708],[103.8730421,1.311908],[103.8731124,1.3119562],[103.8731186,1.311946],[103.8731372,1.3119593],[103.8731861,1.311994],[103.8731808,1.312003],[103.8732487,1.3120495],[103.8732755,1.3120139],[103.8732632,1.3120058],[103.873273,1.3119921],[103.8732486,1.3119754],[103.8732611,1.3119569],[103.8732708,1.3119643],[103.8732964,1.3119287],[103.8732721,1.3119118],[103.8732836,1.3118945],[103.8733073,1.31191],[103.8733164,1.3118976],[103.873328,1.3119048],[103.873354,1.3118685],[103.8732855,1.3118189],[103.8732761,1.3118318],[103.873251,1.3118137],[103.8732156,1.3118631],[103.8731493,1.311818],[103.8731634,1.3117987],[103.8731831,1.3118129],[103.8732154,1.3117682],[103.873168,1.3117339],[103.873161,1.3117445],[103.873112,1.3117084],[103.8731192,1.3116986],[103.8730652,1.31166],[103.8730502,1.3116492],[103.873024,1.311686],[103.8730363,1.311695],[103.8730272,1.3117086],[103.8730457,1.3117216],[103.8730301,1.311744],[103.8729966,1.3117921],[103.8729876,1.3118044],[103.8730202,1.3118296],[103.8730615,1.3117752],[103.8731316,1.3118258]]]},"clearanceHeight":1.7,"clearancePrepared":true},"geometry":{"type":"Polygon","coordinates":[[[103.8730615,1.3117752],[103.8731316,1.3118258],[103.8731113,1.3118566],[103.8731236,1.3118647],[103.8731131,1.3118811],[103.8730886,1.3118676],[103.8730793,1.3118778],[103.8730682,1.3118708],[103.8730421,1.311908],[103.8731124,1.3119562],[103.8731186,1.311946],[103.8731372,1.3119593],[103.8731861,1.311994],[103.8731808,1.312003],[103.8732487,1.3120495],[103.8732755,1.3120139],[103.8732632,1.3120058],[103.873273,1.3119921],[103.8732486,1.3119754],[103.8732611,1.3119569],[103.8732708,1.3119643],[103.8732964,1.3119287],[103.8732721,1.3119118],[103.8732836,1.3118945],[103.8733073,1.31191],[103.8733164,1.3118976],[103.873328,1.3119048],[103.873354,1.3118685],[103.8732855,1.3118189],[103.8732761,1.3118318],[103.873251,1.3118137],[103.8732156,1.3118631],[103.8731493,1.311818],[103.8731634,1.3117987],[103.8731831,1.3118129],[103.8732154,1.3117682],[103.873168,1.3117339],[103.873161,1.3117445],[103.873112,1.3117084],[103.8731192,1.3116986],[103.8730652,1.31166],[103.8730502,1.3116492],[103.873024,1.311686],[103.8730363,1.311695],[103.8730272,1.3117086],[103.8730457,1.3117216],[103.8730301,1.311744],[103.8729966,1.3117921],[103.8729876,1.3118044],[103.8730202,1.3118296],[103.8730615,1.3117752]]]}},{"type":"Feature","id":"way/682445618-0","properties":{"building:levels":"5","building:part":"yes","roof:levels":"2","roof:material":"grass","roof:shape":"flat","clearanceGeometry":{"type":"Polygon","coordinates":[[[103.872746,1.311629],[103.8727333,1.3116466],[103.8727112,1.3116305],[103.8726778,1.311676],[103.8727234,1.3117097],[103.8727317,1.3117014],[103.87278,1.3117372],[103.8727734,1.3117466],[103.8728395,1.3117955],[103.8728765,1.3117474],[103.8728423,1.311722],[103.8728548,1.3117036],[103.8728134,1.3116732],[103.8728238,1.3116588],[103.8727931,1.3116372],[103.8727792,1.3116535],[103.872746,1.311629]]]},"clearanceHeight":1.7,"clearancePrepared":true},"geometry":{"type":"Polygon","coordinates":[[[103.8727792,1.3116535],[103.872746,1.311629],[103.8727333,1.3116466],[103.8727112,1.3116305],[103.8726778,1.311676],[103.8727234,1.3117097],[103.8727317,1.3117014],[103.87278,1.3117372],[103.8727734,1.3117466],[103.8728395,1.3117955],[103.8728765,1.3117474],[103.8728423,1.311722],[103.8728548,1.3117036],[103.8728134,1.3116732],[103.8728238,1.3116588],[103.8727931,1.3116372],[103.8727792,1.3116535]]]}},{"type":"Feature","id":"way/682445619-0","properties":{"building:levels":"28","building:part":"yes","clearanceGeometry":{"type":"Polygon","coordinates":[[[103.8728299,1.3115686],[103.8728476,1.311583],[103.8728578,1.3115692],[103.8728687,1.3115781],[103.8728979,1.3115426],[103.8728318,1.3114888],[103.8728233,1.3114996],[103.8727998,1.3114809],[103.872767,1.3115202],[103.872727,1.3114927],[103.8727408,1.3114763],[103.8727156,1.3114567],[103.8727221,1.3114451],[103.8726774,1.3114108],[103.8726435,1.3114558],[103.8726621,1.3114714],[103.8726487,1.3114885],[103.8726095,1.311458],[103.8726058,1.3114622],[103.8726015,1.3114671],[103.8725602,1.311436],[103.8725469,1.3114527],[103.8725234,1.3114351],[103.8725146,1.3114467],[103.8725032,1.3114391],[103.8724754,1.3114735],[103.8725412,1.311526],[103.8725492,1.311518],[103.8726062,1.3115622],[103.872615,1.311569],[103.8726086,1.3115775],[103.8726524,1.3116132],[103.8726865,1.3115707],[103.8726674,1.3115534],[103.8726802,1.3115357],[103.8727513,1.3115914],[103.8727315,1.3116183],[103.872746,1.311629],[103.8727792,1.3116535],[103.8727931,1.3116372],[103.872804,1.3116245],[103.8728122,1.3116149],[103.8727995,1.3116035],[103.8728299,1.3115686]]]},"clearanceHeight":1.7,"clearancePrepared":true},"geometry":{"type":"Polygon","coordinates":[[[103.8727995,1.3116035],[103.8728299,1.3115686],[103.8728476,1.311583],[103.8728578,1.3115692],[103.8728687,1.3115781],[103.8728979,1.3115426],[103.8728318,1.3114888],[103.8728233,1.3114996],[103.8727998,1.3114809],[103.872767,1.3115202],[103.872727,1.3114927],[103.8727408,1.3114763],[103.8727156,1.3114567],[103.8727221,1.3114451],[103.8726774,1.3114108],[103.8726435,1.3114558],[103.8726621,1.3114714],[103.8726487,1.3114885],[103.8726095,1.311458],[103.8726058,1.3114622],[103.8726015,1.3114671],[103.8725602,1.311436],[103.8725469,1.3114527],[103.8725234,1.3114351],[103.8725146,1.3114467],[103.8725032,1.3114391],[103.8724754,1.3114735],[103.8725412,1.311526],[103.8725492,1.311518],[103.8726062,1.3115622],[103.872615,1.311569],[103.8726086,1.3115775],[103.8726524,1.3116132],[103.8726865,1.3115707],[103.8726674,1.3115534],[103.8726802,1.3115357],[103.8727513,1.3115914],[103.8727315,1.3116183],[103.872746,1.311629],[103.8727792,1.3116535],[103.8727931,1.3116372],[103.872804,1.3116245],[103.8728122,1.3116149],[103.8727995,1.3116035]]]}},{"type":"Feature","id":"way/682445620-0","properties":{"addr:city":"Singapore","addr:country":"SG","addr:housenumber":"115","addr:neighbourhood":"Kallang Residences","addr:postcode":"381115","addr:street":"Jalan Ayer","amenity":"parking","building":"garage","building:levels":"6","parking":"multi-storey","clearanceGeometry":{"type":"MultiPolygon","coordinates":[[[[103.8734428,1.3115702000000011],[103.8734428,1.3115702],[103.8734388917793,1.3115798127921479],[103.8734389599587,1.3115798409547672],[103.8734428,1.3115702000000011]]],[[[103.873535,1.3113382],[103.8735578,1.3113476],[103.8735801,1.3112939],[103.8733835,1.3112135],[103.8733955,1.3111853],[103.8732011,1.3111009],[103.873179,1.3111605],[103.8732518,1.3111865],[103.8731951,1.3113234],[103.8732138,1.3113335],[103.8732004,1.3113617],[103.8732024,1.3113885],[103.8731937,1.31141],[103.8732077,1.3114154],[103.8732026920632,1.311428339288452],[103.87320512681269,1.3114296264640755],[103.87335169917627,1.3114893813697135],[103.87340147796363,1.3115097726801968],[103.87345773028146,1.31153263139592],[103.873535,1.3113382]]],[[[103.8731002,1.3115477],[103.8731436,1.3115633],[103.8731412,1.3115717],[103.873139,1.3115793],[103.8731682,1.3116003],[103.8732601,1.3116358],[103.8732286,1.3117136],[103.8733734,1.3118168],[103.8734341329413,1.3116657369910343],[103.87340830601732,1.3116546558446007],[103.87331362490656,1.3116155462603811],[103.87330181393668,1.3116106417051],[103.87320044965047,1.3115687018031372],[103.87315880541698,1.311496593684552],[103.87312169579596,1.3114769749927786],[103.8731002,1.3115477]]]]},"clearanceHeight":1.7,"clearancePrepared":true},"geometry":{"type":"Polygon","coordinates":[[[103.873424,1.3116174],[103.8734428,1.3115702],[103.873535,1.3113382],[103.8735578,1.3113476],[103.8735801,1.3112939],[103.8733835,1.3112135],[103.8733955,1.3111853],[103.8732011,1.3111009],[103.873179,1.3111605],[103.8732518,1.3111865],[103.8731951,1.3113234],[103.8732138,1.3113335],[103.8732004,1.3113617],[103.8732024,1.3113885],[103.8731937,1.31141],[103.8732077,1.3114154],[103.873188,1.3114663],[103.8731769,1.311495],[103.8731226,1.311474],[103.8731002,1.3115477],[103.8731436,1.3115633],[103.8731412,1.3115717],[103.873139,1.3115793],[103.8731682,1.3116003],[103.8732601,1.3116358],[103.8732286,1.3117136],[103.8733734,1.3118168],[103.8734405,1.3116499],[103.8734146,1.311641],[103.873424,1.3116174]]]}},{"type":"Feature","id":"way/682445621-0","properties":{"addr:city":"Singapore","addr:country":"SG","addr:housenumber":"115B","addr:neighbourhood":"Kallang Residences","addr:postcode":"383115","addr:street":"Jalan Ayer","building":"residential","height":"0","residential":"HDB","clearanceGeometry":{"type":"Polygon","coordinates":[[[103.8729125,1.3118353],[103.8729612,1.3118713],[103.8729538,1.3118799],[103.8730019,1.3119154],[103.873034,1.3118702],[103.8730136,1.3118525],[103.8730271,1.3118349],[103.8730202,1.3118296],[103.8730615,1.3117752],[103.8731316,1.3118258],[103.8731113,1.3118566],[103.8731236,1.3118647],[103.8731131,1.3118811],[103.8730886,1.3118676],[103.8730793,1.3118778],[103.8730682,1.3118708],[103.8730421,1.311908],[103.8731124,1.3119562],[103.8731186,1.311946],[103.8731372,1.3119593],[103.8731861,1.311994],[103.8731808,1.312003],[103.8732487,1.3120495],[103.8732755,1.3120139],[103.8732632,1.3120058],[103.873273,1.3119921],[103.8732486,1.3119754],[103.8732611,1.3119569],[103.8732708,1.3119643],[103.8732964,1.3119287],[103.8732721,1.3119118],[103.8732836,1.3118945],[103.8733073,1.31191],[103.8733164,1.3118976],[103.873328,1.3119048],[103.873354,1.3118685],[103.8732855,1.3118189],[103.8732761,1.3118318],[103.873251,1.3118137],[103.8732156,1.3118631],[103.8731493,1.311818],[103.8731634,1.3117987],[103.8731831,1.3118129],[103.8732154,1.3117682],[103.873168,1.3117339],[103.873161,1.3117445],[103.873112,1.3117084],[103.8731192,1.3116986],[103.8730652,1.31166],[103.8730502,1.3116492],[103.873024,1.311686],[103.8730363,1.311695],[103.8730272,1.3117086],[103.8730457,1.3117216],[103.8730301,1.311744],[103.8729966,1.3117921],[103.872971,1.3117738],[103.8729643,1.3117841],[103.8729228,1.3117536],[103.8729096,1.311772],[103.8728765,1.3117474],[103.8728395,1.3117955],[103.872906,1.3118446],[103.8729125,1.3118353]]]},"clearanceHeight":1.7,"clearancePrepared":true},"geometry":{"type":"Polygon","coordinates":[[[103.872906,1.3118446],[103.8729125,1.3118353],[103.8729612,1.3118713],[103.8729538,1.3118799],[103.8730019,1.3119154],[103.873034,1.3118702],[103.8730136,1.3118525],[103.8730271,1.3118349],[103.8730202,1.3118296],[103.8730615,1.3117752],[103.8731316,1.3118258],[103.8731113,1.3118566],[103.8731236,1.3118647],[103.8731131,1.3118811],[103.8730886,1.3118676],[103.8730793,1.3118778],[103.8730682,1.3118708],[103.8730421,1.311908],[103.8731124,1.3119562],[103.8731186,1.311946],[103.8731372,1.3119593],[103.8731861,1.311994],[103.8731808,1.312003],[103.8732487,1.3120495],[103.8732755,1.3120139],[103.8732632,1.3120058],[103.873273,1.3119921],[103.8732486,1.3119754],[103.8732611,1.3119569],[103.8732708,1.3119643],[103.8732964,1.3119287],[103.8732721,1.3119118],[103.8732836,1.3118945],[103.8733073,1.31191],[103.8733164,1.3118976],[103.873328,1.3119048],[103.873354,1.3118685],[103.8732855,1.3118189],[103.8732761,1.3118318],[103.873251,1.3118137],[103.8732156,1.3118631],[103.8731493,1.311818],[103.8731634,1.3117987],[103.8731831,1.3118129],[103.8732154,1.3117682],[103.873168,1.3117339],[103.873161,1.3117445],[103.873112,1.3117084],[103.8731192,1.3116986],[103.8730652,1.31166],[103.8730502,1.3116492],[103.873024,1.311686],[103.8730363,1.311695],[103.8730272,1.3117086],[103.8730457,1.3117216],[103.8730301,1.311744],[103.8729966,1.3117921],[103.872971,1.3117738],[103.8729643,1.3117841],[103.8729228,1.3117536],[103.8729096,1.311772],[103.8728765,1.3117474],[103.8728395,1.3117955],[103.872906,1.3118446]]]}},{"type":"Feature","id":"way/682445622-0","properties":{"addr:city":"Singapore","addr:country":"SG","addr:housenumber":"115A","addr:neighbourhood":"Kallang Residences","addr:postcode":"382115","addr:street":"Jalan Ayer","building":"residential","height":"0","residential":"HDB","clearanceGeometry":{"type":"Polygon","coordinates":[[[103.8726674,1.3115534],[103.8726802,1.3115357],[103.8727513,1.3115914],[103.8727315,1.3116183],[103.872746,1.311629],[103.8727333,1.3116466],[103.8727112,1.3116305],[103.8726778,1.311676],[103.8727234,1.3117097],[103.8727317,1.3117014],[103.87278,1.3117372],[103.8727734,1.3117466],[103.8728395,1.3117955],[103.8728765,1.3117474],[103.8728423,1.311722],[103.8728548,1.3117036],[103.8728134,1.3116732],[103.8728238,1.3116588],[103.8727931,1.3116372],[103.872804,1.3116245],[103.8728122,1.3116149],[103.8727995,1.3116035],[103.8728299,1.3115686],[103.8728476,1.311583],[103.8728578,1.3115692],[103.8728687,1.3115781],[103.8728979,1.3115426],[103.8728318,1.3114888],[103.8728233,1.3114996],[103.8727998,1.3114809],[103.872767,1.3115202],[103.872727,1.3114927],[103.8727408,1.3114763],[103.8727156,1.3114567],[103.8727221,1.3114451],[103.8726774,1.3114108],[103.8726435,1.3114558],[103.8726621,1.3114714],[103.8726487,1.3114885],[103.8726095,1.311458],[103.8726058,1.3114622],[103.8726015,1.3114671],[103.8725602,1.311436],[103.8725469,1.3114527],[103.8725234,1.3114351],[103.8725146,1.3114467],[103.8725032,1.3114391],[103.8724754,1.3114735],[103.8725412,1.311526],[103.8725492,1.311518],[103.8726062,1.3115622],[103.872615,1.311569],[103.8726086,1.3115775],[103.8726524,1.3116132],[103.8726865,1.3115707],[103.8726674,1.3115534]]]},"clearanceHeight":1.7,"clearancePrepared":true},"geometry":{"type":"Polygon","coordinates":[[[103.8726865,1.3115707],[103.8726674,1.3115534],[103.8726802,1.3115357],[103.8727513,1.3115914],[103.8727315,1.3116183],[103.872746,1.311629],[103.8727333,1.3116466],[103.8727112,1.3116305],[103.8726778,1.311676],[103.8727234,1.3117097],[103.8727317,1.3117014],[103.87278,1.3117372],[103.8727734,1.3117466],[103.8728395,1.3117955],[103.8728765,1.3117474],[103.8728423,1.311722],[103.8728548,1.3117036],[103.8728134,1.3116732],[103.8728238,1.3116588],[103.8727931,1.3116372],[103.872804,1.3116245],[103.8728122,1.3116149],[103.8727995,1.3116035],[103.8728299,1.3115686],[103.8728476,1.311583],[103.8728578,1.3115692],[103.8728687,1.3115781],[103.8728979,1.3115426],[103.8728318,1.3114888],[103.8728233,1.3114996],[103.8727998,1.3114809],[103.872767,1.3115202],[103.872727,1.3114927],[103.8727408,1.3114763],[103.8727156,1.3114567],[103.8727221,1.3114451],[103.8726774,1.3114108],[103.8726435,1.3114558],[103.8726621,1.3114714],[103.8726487,1.3114885],[103.8726095,1.311458],[103.8726058,1.3114622],[103.8726015,1.3114671],[103.8725602,1.311436],[103.8725469,1.3114527],[103.8725234,1.3114351],[103.8725146,1.3114467],[103.8725032,1.3114391],[103.8724754,1.3114735],[103.8725412,1.311526],[103.8725492,1.311518],[103.8726062,1.3115622],[103.872615,1.311569],[103.8726086,1.3115775],[103.8726524,1.3116132],[103.8726865,1.3115707]]]}},{"type":"Feature","id":"way/682461439-0","properties":{"addr:city":"Singapore","addr:country":"SG","addr:housenumber":"2","addr:street":"Jalan Ayer","building":"yes","clearanceGeometry":{"type":"Polygon","coordinates":[[[103.8727287,1.3111123],[103.8727883,1.3111356],[103.8728635,1.3109409],[103.8728039,1.3109177],[103.8727287,1.3111123]]]},"clearanceHeight":1.7,"clearancePrepared":true},"geometry":{"type":"Polygon","coordinates":[[[103.8728039,1.3109177],[103.8727287,1.3111123],[103.8727883,1.3111356],[103.8728635,1.3109409],[103.8728039,1.3109177]]]}},{"type":"Feature","id":"way/682461440-0","properties":{"addr:city":"Singapore","addr:country":"SG","addr:housenumber":"4","addr:street":"Jalan Ayer","building":"yes","clearanceGeometry":{"type":"Polygon","coordinates":[[[103.8727883,1.3111356],[103.8728599,1.3111373],[103.872923,1.3109641],[103.8728635,1.3109409],[103.8727883,1.3111356]]]},"clearanceHeight":1.7,"clearancePrepared":true},"geometry":{"type":"Polygon","coordinates":[[[103.8728635,1.3109409],[103.8727883,1.3111356],[103.8728599,1.3111373],[103.872923,1.3109641],[103.8728635,1.3109409]]]}},{"type":"Feature","id":"way/682461441-0","properties":{"addr:city":"Singapore","addr:country":"SG","addr:housenumber":"6","addr:street":"Jalan Ayer","building":"yes","clearanceGeometry":{"type":"Polygon","coordinates":[[[103.8728599,1.3111373],[103.8729194,1.3111404],[103.8729825,1.3109874],[103.872923,1.3109641],[103.8728599,1.3111373]]]},"clearanceHeight":1.7,"clearancePrepared":true},"geometry":{"type":"Polygon","coordinates":[[[103.872923,1.3109641],[103.8728599,1.3111373],[103.8729194,1.3111404],[103.8729825,1.3109874],[103.872923,1.3109641]]]}},{"type":"Feature","id":"way/682461442-0","properties":{"addr:city":"Singapore","addr:country":"SG","addr:housenumber":"12","addr:postcode":"389120","addr:street":"Lorong 1 Geylang","building":"yes","clearanceGeometry":{"type":"Polygon","coordinates":[[[103.8726732,1.3111933],[103.8726933,1.3111426],[103.87252,1.3110737],[103.8724998,1.3111244],[103.8726732,1.3111933]]]},"clearanceHeight":1.7,"clearancePrepared":true},"geometry":{"type":"Polygon","coordinates":[[[103.8724998,1.3111244],[103.8726732,1.3111933],[103.8726933,1.3111426],[103.87252,1.3110737],[103.8724998,1.3111244]]]}},{"type":"Feature","id":"way/682461443-0","properties":{"addr:city":"Singapore","addr:country":"SG","addr:housenumber":"10","addr:postcode":"389120","addr:street":"Lorong 1 Geylang","building":"yes","clearanceGeometry":{"type":"Polygon","coordinates":[[[103.8726933,1.3111426],[103.8727135,1.3110919],[103.8725402,1.311023],[103.87252,1.3110737],[103.8726933,1.3111426]]]},"clearanceHeight":1.7,"clearancePrepared":true},"geometry":{"type":"Polygon","coordinates":[[[103.87252,1.3110737],[103.8726933,1.3111426],[103.8727135,1.3110919],[103.8725402,1.311023],[103.87252,1.3110737]]]}},{"type":"Feature","id":"way/682461444-0","properties":{"addr:city":"Singapore","addr:country":"SG","addr:housenumber":"8","addr:postcode":"389120","addr:street":"Lorong 1 Geylang","building":"yes","clearanceGeometry":{"type":"Polygon","coordinates":[[[103.8727135,1.3110919],[103.8727337,1.3110412],[103.8725603,1.3109723],[103.8725402,1.311023],[103.8727135,1.3110919]]]},"clearanceHeight":1.7,"clearancePrepared":true},"geometry":{"type":"Polygon","coordinates":[[[103.8725402,1.311023],[103.8727135,1.3110919],[103.8727337,1.3110412],[103.8725603,1.3109723],[103.8725402,1.311023]]]}},{"type":"Feature","id":"way/682461445-0","properties":{"addr:city":"Singapore","addr:country":"SG","addr:housenumber":"6","addr:postcode":"389120","addr:street":"Lorong 1 Geylang","building":"yes","clearanceGeometry":{"type":"Polygon","coordinates":[[[103.8727337,1.3110412],[103.8727539,1.3109905],[103.8725805,1.3109216],[103.8725603,1.3109723],[103.8727337,1.3110412]]]},"clearanceHeight":1.7,"clearancePrepared":true},"geometry":{"type":"Polygon","coordinates":[[[103.8725603,1.3109723],[103.8727337,1.3110412],[103.8727539,1.3109905],[103.8725805,1.3109216],[103.8725603,1.3109723]]]}},{"type":"Feature","id":"way/702577542-0","properties":{"addr:city":"Singapore","addr:housenumber":"801","addr:postcode":"387310","addr:street":"Upper Boon Keng Road","amenity":"place_of_worship","building":"temple","name":"Chwee Kang Beo","name:zh":"\u6c34\u6c5f\u5e99","religion":"chinese_folk","clearanceGeometry":{"type":"Polygon","coordinates":[[[103.8700883,1.3153633],[103.870065,1.3153272],[103.8700733,1.3153219],[103.8700116,1.3152266],[103.8700017,1.315233],[103.8699797,1.315199],[103.8698997,1.3152507],[103.8699221,1.3152852],[103.8699111,1.3152922],[103.8699719,1.315386],[103.8699784,1.3153817],[103.8700025,1.3154189],[103.8700883,1.3153633]]]},"clearanceHeight":1.7,"clearancePrepared":true},"geometry":{"type":"Polygon","coordinates":[[[103.8700025,1.3154189],[103.8700883,1.3153633],[103.870065,1.3153272],[103.8700733,1.3153219],[103.8700116,1.3152266],[103.8700017,1.315233],[103.8699797,1.315199],[103.8698997,1.3152507],[103.8699221,1.3152852],[103.8699111,1.3152922],[103.8699719,1.315386],[103.8699784,1.3153817],[103.8700025,1.3154189]]]}},{"type":"Feature","id":"way/1212970690-0","properties":{"building":"construction","building:levels":"3","building:min_level":"2","check_date":"2026-02-06","layer":"1","clearanceGeometry":{"type":"Polygon","coordinates":[[[103.8704309,1.3118531],[103.8704334,1.3118637],[103.8706825,1.3118048],[103.8707498,1.3120913],[103.8707625,1.3120883],[103.8707761,1.312085],[103.8707471,1.3119629],[103.8711967,1.3122404],[103.8710698,1.3122694],[103.871073,1.3122825],[103.8710761,1.3122951],[103.871228,1.3122597],[103.8714041,1.3123684],[103.8716875,1.3119154],[103.8716675,1.311903],[103.871397,1.312334],[103.8707381,1.3119249],[103.8707019,1.3117729],[103.8705575,1.3118072],[103.8704545,1.3118316],[103.8704274,1.311838],[103.8704309,1.3118531]]]},"clearanceHeight":1.7,"clearancePrepared":true},"geometry":{"type":"Polygon","coordinates":[[[103.8704274,1.311838],[103.8704309,1.3118531],[103.8704334,1.3118637],[103.8706825,1.3118048],[103.8707498,1.3120913],[103.8707625,1.3120883],[103.8707761,1.312085],[103.8707471,1.3119629],[103.8711967,1.3122404],[103.8710698,1.3122694],[103.871073,1.3122825],[103.8710761,1.3122951],[103.871228,1.3122597],[103.8714041,1.3123684],[103.8716875,1.3119154],[103.8716675,1.311903],[103.871397,1.312334],[103.8707381,1.3119249],[103.8707019,1.3117729],[103.8705575,1.3118072],[103.8704545,1.3118316],[103.8704274,1.311838]]]}},{"type":"Feature","id":"way/1212970696-0","properties":{"building:levels":"29","building:part":"yes","clearanceGeometry":{"type":"Polygon","coordinates":[[[103.8707051,1.3121175],[103.8706518,1.3121297],[103.8706597,1.3121612],[103.8706124,1.3121708],[103.8706409,1.3121249],[103.8705431,1.3120641],[103.8705158,1.3121079],[103.8705283,1.3121158],[103.8705151,1.3121365],[103.8705368,1.3121502],[103.8705229,1.3121706],[103.8705017,1.3121574],[103.8704884,1.3121783],[103.8704765,1.3121707],[103.8704498,1.3122134],[103.870546,1.312273],[103.8705512,1.3122657],[103.87057,1.3122786],[103.8705983,1.3122346],[103.8706166,1.3122303],[103.8706299,1.3123024],[103.8705797,1.3122975],[103.8705789,1.3123101],[103.8705532,1.3123072],[103.8705524,1.3123325],[103.8705368,1.3123307],[103.8705316,1.3123796],[103.8707541,1.3124043],[103.8707549,1.3123923],[103.8707576,1.3123558],[103.870746,1.3123545],[103.870746,1.3123285],[103.8707238,1.312326],[103.8707234,1.3123116],[103.8706578,1.3123051],[103.8706402,1.3122248],[103.8707244,1.3122048],[103.8707082,1.3121313],[103.8707051,1.3121175]]]},"clearanceHeight":1.7,"clearancePrepared":true},"geometry":{"type":"Polygon","coordinates":[[[103.8707082,1.3121313],[103.8707051,1.3121175],[103.8706518,1.3121297],[103.8706597,1.3121612],[103.8706124,1.3121708],[103.8706409,1.3121249],[103.8705431,1.3120641],[103.8705158,1.3121079],[103.8705283,1.3121158],[103.8705151,1.3121365],[103.8705368,1.3121502],[103.8705229,1.3121706],[103.8705017,1.3121574],[103.8704884,1.3121783],[103.8704765,1.3121707],[103.8704498,1.3122134],[103.870546,1.312273],[103.8705512,1.3122657],[103.87057,1.3122786],[103.8705983,1.3122346],[103.8706166,1.3122303],[103.8706299,1.3123024],[103.8705797,1.3122975],[103.8705789,1.3123101],[103.8705532,1.3123072],[103.8705524,1.3123325],[103.8705368,1.3123307],[103.8705316,1.3123796],[103.8707541,1.3124043],[103.8707549,1.3123923],[103.8707576,1.3123558],[103.870746,1.3123545],[103.870746,1.3123285],[103.8707238,1.312326],[103.8707234,1.3123116],[103.8706578,1.3123051],[103.8706402,1.3122248],[103.8707244,1.3122048],[103.8707082,1.3121313]]]}},{"type":"Feature","id":"way/1212970697-0","properties":{"building:levels":"26","building:part":"yes","roof:levels":"1","roof:material":"grass","roof:shape":"flat","clearanceGeometry":{"type":"Polygon","coordinates":[[[103.8707355,1.3122553],[103.8707489,1.3122519],[103.8707536,1.3122757],[103.8707777,1.3122712],[103.8707811,1.3122853],[103.8708314,1.3122735],[103.8708092,1.3121894],[103.8707752,1.3121966],[103.8707702,1.3121723],[103.8707987,1.3121669],[103.8707946,1.312145],[103.8707831,1.3120833],[103.8707761,1.312085],[103.8707625,1.3120883],[103.8707498,1.3120913],[103.8707143,1.3120999],[103.8707214,1.3121287],[103.8707082,1.3121313],[103.8707244,1.3122048],[103.8707355,1.3122553]]]},"clearanceHeight":1.7,"clearancePrepared":true},"geometry":{"type":"Polygon","coordinates":[[[103.8707244,1.3122048],[103.8707355,1.3122553],[103.8707489,1.3122519],[103.8707536,1.3122757],[103.8707777,1.3122712],[103.8707811,1.3122853],[103.8708314,1.3122735],[103.8708092,1.3121894],[103.8707752,1.3121966],[103.8707702,1.3121723],[103.8707987,1.3121669],[103.8707946,1.312145],[103.8707831,1.3120833],[103.8707761,1.312085],[103.8707625,1.3120883],[103.8707498,1.3120913],[103.8707143,1.3120999],[103.8707214,1.3121287],[103.8707082,1.3121313],[103.8707244,1.3122048]]]}},{"type":"Feature","id":"way/1212970698-0","properties":{"addr:city":"Singapore","addr:country":"SG","addr:housenumber":"7C","addr:street":"Lorong 1 Geylang","building":"construction","building:levels":"30","check_date":"2026-02-06","construction":"residential","clearanceGeometry":{"type":"Polygon","coordinates":[[[103.8702048,1.3119664],[103.8701818,1.311972],[103.8701785,1.3119575],[103.8701439,1.3119659],[103.8701279,1.3119698],[103.870179,1.3121874],[103.8702274,1.312175],[103.8702243,1.3121611],[103.8702482,1.3121551],[103.8702426,1.3121307],[103.8702575,1.3121272],[103.8702433,1.3120709],[103.8703385,1.3120478],[103.8703569,1.3121222],[103.870307,1.3121341],[103.8703105,1.3121473],[103.8702855,1.312154],[103.8702922,1.3121768],[103.8702768,1.3121809],[103.8702892,1.3122293],[103.8703999,1.3122033],[103.870394,1.3121787],[103.8704158,1.3121731],[103.8704022,1.3121147],[103.8703833,1.3121192],[103.870375,1.3120857],[103.8703987,1.3120795],[103.8704452,1.3121097],[103.870453,1.3120975],[103.8704736,1.3121104],[103.8704874,1.31209],[103.8704992,1.3120974],[103.870527,1.3120541],[103.8704294,1.3119935],[103.8704002,1.3120404],[103.8703873,1.3119851],[103.8704225,1.3119764],[103.8704112,1.311938],[103.8704037,1.3119127],[103.8704284,1.311907],[103.8704228,1.3118842],[103.8704375,1.3118809],[103.8704334,1.3118637],[103.8704309,1.3118531],[103.8704274,1.311838],[103.8704255,1.3118297],[103.8702077,1.3118802],[103.8702131,1.3119028],[103.8702195,1.31193],[103.8702331,1.3119269],[103.8702388,1.311951],[103.8702639,1.3119452],[103.8702666,1.3119591],[103.870315,1.3119472],[103.8703331,1.312022],[103.8702369,1.3120454],[103.8702239,1.3119873],[103.8702105,1.3119911],[103.8702048,1.3119664]]]},"clearanceHeight":1.7,"clearancePrepared":true},"geometry":{"type":"Polygon","coordinates":[[[103.8702105,1.3119911],[103.8702048,1.3119664],[103.8701818,1.311972],[103.8701785,1.3119575],[103.8701439,1.3119659],[103.8701279,1.3119698],[103.870179,1.3121874],[103.8702274,1.312175],[103.8702243,1.3121611],[103.8702482,1.3121551],[103.8702426,1.3121307],[103.8702575,1.3121272],[103.8702433,1.3120709],[103.8703385,1.3120478],[103.8703569,1.3121222],[103.870307,1.3121341],[103.8703105,1.3121473],[103.8702855,1.312154],[103.8702922,1.3121768],[103.8702768,1.3121809],[103.8702892,1.3122293],[103.8703999,1.3122033],[103.870394,1.3121787],[103.8704158,1.3121731],[103.8704022,1.3121147],[103.8703833,1.3121192],[103.870375,1.3120857],[103.8703987,1.3120795],[103.8704452,1.3121097],[103.870453,1.3120975],[103.8704736,1.3121104],[103.8704874,1.31209],[103.8704992,1.3120974],[103.870527,1.3120541],[103.8704294,1.3119935],[103.8704002,1.3120404],[103.8703873,1.3119851],[103.8704225,1.3119764],[103.8704112,1.311938],[103.8704037,1.3119127],[103.8704284,1.311907],[103.8704228,1.3118842],[103.8704375,1.3118809],[103.8704334,1.3118637],[103.8704309,1.3118531],[103.8704274,1.311838],[103.8704255,1.3118297],[103.8702077,1.3118802],[103.8702131,1.3119028],[103.8702195,1.31193],[103.8702331,1.3119269],[103.8702388,1.311951],[103.8702639,1.3119452],[103.8702666,1.3119591],[103.870315,1.3119472],[103.8703331,1.312022],[103.8702369,1.3120454],[103.8702239,1.3119873],[103.8702105,1.3119911]]]}},{"type":"Feature","id":"way/1212970699-0","properties":{"addr:city":"Singapore","addr:country":"SG","addr:housenumber":"7B","addr:street":"Lorong 1 Geylang","building":"construction","check_date":"2026-02-06","construction":"residential","clearanceGeometry":{"type":"Polygon","coordinates":[[[103.8707549,1.3123923],[103.8707576,1.3123558],[103.870746,1.3123545],[103.870746,1.3123285],[103.8707238,1.312326],[103.8707234,1.3123116],[103.8706578,1.3123051],[103.8706402,1.3122248],[103.8707244,1.3122048],[103.8707355,1.3122553],[103.8707489,1.3122519],[103.8707536,1.3122757],[103.8707777,1.3122712],[103.8707811,1.3122853],[103.8708314,1.3122735],[103.8708092,1.3121894],[103.8707752,1.3121966],[103.8707702,1.3121723],[103.8707987,1.3121669],[103.8707946,1.312145],[103.8707831,1.3120833],[103.8707761,1.312085],[103.8707625,1.3120883],[103.8707498,1.3120913],[103.8707143,1.3120999],[103.8707214,1.3121287],[103.8707082,1.3121313],[103.8707051,1.3121175],[103.8706518,1.3121297],[103.8706597,1.3121612],[103.8706124,1.3121708],[103.8706409,1.3121249],[103.8705431,1.3120641],[103.8705158,1.3121079],[103.8705283,1.3121158],[103.8705151,1.3121365],[103.8705368,1.3121502],[103.8705229,1.3121706],[103.8705017,1.3121574],[103.8704884,1.3121783],[103.8704765,1.3121707],[103.8704498,1.3122134],[103.870546,1.312273],[103.8705512,1.3122657],[103.87057,1.3122786],[103.8705983,1.3122346],[103.8706166,1.3122303],[103.8706299,1.3123024],[103.8705797,1.3122975],[103.8705789,1.3123101],[103.8705532,1.3123072],[103.8705524,1.3123325],[103.8705368,1.3123307],[103.8705316,1.3123796],[103.8707541,1.3124043],[103.8707549,1.3123923]]]},"clearanceHeight":1.7,"clearancePrepared":true},"geometry":{"type":"Polygon","coordinates":[[[103.8707541,1.3124043],[103.8707549,1.3123923],[103.8707576,1.3123558],[103.870746,1.3123545],[103.870746,1.3123285],[103.8707238,1.312326],[103.8707234,1.3123116],[103.8706578,1.3123051],[103.8706402,1.3122248],[103.8707244,1.3122048],[103.8707355,1.3122553],[103.8707489,1.3122519],[103.8707536,1.3122757],[103.8707777,1.3122712],[103.8707811,1.3122853],[103.8708314,1.3122735],[103.8708092,1.3121894],[103.8707752,1.3121966],[103.8707702,1.3121723],[103.8707987,1.3121669],[103.8707946,1.312145],[103.8707831,1.3120833],[103.8707761,1.312085],[103.8707625,1.3120883],[103.8707498,1.3120913],[103.8707143,1.3120999],[103.8707214,1.3121287],[103.8707082,1.3121313],[103.8707051,1.3121175],[103.8706518,1.3121297],[103.8706597,1.3121612],[103.8706124,1.3121708],[103.8706409,1.3121249],[103.8705431,1.3120641],[103.8705158,1.3121079],[103.8705283,1.3121158],[103.8705151,1.3121365],[103.8705368,1.3121502],[103.8705229,1.3121706],[103.8705017,1.3121574],[103.8704884,1.3121783],[103.8704765,1.3121707],[103.8704498,1.3122134],[103.870546,1.312273],[103.8705512,1.3122657],[103.87057,1.3122786],[103.8705983,1.3122346],[103.8706166,1.3122303],[103.8706299,1.3123024],[103.8705797,1.3122975],[103.8705789,1.3123101],[103.8705532,1.3123072],[103.8705524,1.3123325],[103.8705368,1.3123307],[103.8705316,1.3123796],[103.8707541,1.3124043]]]}},{"type":"Feature","id":"way/1212970700-0","properties":{"building:levels":"26","building:part":"yes","roof:levels":"1","roof:material":"grass","roof:shape":"flat","clearanceGeometry":{"type":"Polygon","coordinates":[[[103.8710602,1.3123355],[103.8710847,1.3123297],[103.8710761,1.3122951],[103.871073,1.3122825],[103.8710698,1.3122694],[103.8710679,1.3122616],[103.8710098,1.3122772],[103.8709883,1.3122829],[103.870995,1.3123096],[103.8709722,1.3123169],[103.8709643,1.3122841],[103.8708761,1.3123044],[103.8708873,1.3123515],[103.8709016,1.3123483],[103.8709076,1.3123714],[103.8709319,1.3123659],[103.8709353,1.3123801],[103.870984,1.3123678],[103.8710638,1.3123477],[103.8710602,1.3123355]]]},"clearanceHeight":1.7,"clearancePrepared":true},"geometry":{"type":"Polygon","coordinates":[[[103.8710638,1.3123477],[103.8710602,1.3123355],[103.8710847,1.3123297],[103.8710761,1.3122951],[103.871073,1.3122825],[103.8710698,1.3122694],[103.8710679,1.3122616],[103.8710098,1.3122772],[103.8709883,1.3122829],[103.870995,1.3123096],[103.8709722,1.3123169],[103.8709643,1.3122841],[103.8708761,1.3123044],[103.8708873,1.3123515],[103.8709016,1.3123483],[103.8709076,1.3123714],[103.8709319,1.3123659],[103.8709353,1.3123801],[103.870984,1.3123678],[103.8710638,1.3123477]]]}},{"type":"Feature","id":"way/1212970701-0","properties":{"building:levels":"29","building:part":"yes","clearanceGeometry":{"type":"Polygon","coordinates":[[[103.870984,1.3123678],[103.871005,1.3124607],[103.8709534,1.3124735],[103.8708987,1.3124098],[103.8708867,1.3124188],[103.8708801,1.3124116],[103.8708704,1.3124011],[103.8708528,1.3124156],[103.8708426,1.3124058],[103.8708148,1.3124302],[103.8708042,1.3124396],[103.8708699,1.3125143],[103.8708783,1.3125239],[103.8708847,1.3125187],[103.8709026,1.3125358],[103.8709408,1.312501],[103.8710111,1.3124835],[103.8710136,1.3124959],[103.8709857,1.3125023],[103.8710008,1.3125695],[103.8710986,1.3125449],[103.8711123,1.3126079],[103.8711253,1.312605],[103.8711308,1.312629],[103.8711552,1.3126231],[103.8711586,1.3126377],[103.8712075,1.3126256],[103.8711579,1.3124094],[103.8711076,1.3124202],[103.871111,1.3124347],[103.8710879,1.3124409],[103.8710933,1.3124644],[103.8710845,1.3124666],[103.8710791,1.3124433],[103.871064,1.3124473],[103.8710543,1.3124046],[103.8710899,1.3123967],[103.8710754,1.3123448],[103.8710638,1.3123477],[103.870984,1.3123678]]]},"clearanceHeight":1.7,"clearancePrepared":true},"geometry":{"type":"Polygon","coordinates":[[[103.8710638,1.3123477],[103.870984,1.3123678],[103.871005,1.3124607],[103.8709534,1.3124735],[103.8708987,1.3124098],[103.8708867,1.3124188],[103.8708801,1.3124116],[103.8708704,1.3124011],[103.8708528,1.3124156],[103.8708426,1.3124058],[103.8708148,1.3124302],[103.8708042,1.3124396],[103.8708699,1.3125143],[103.8708783,1.3125239],[103.8708847,1.3125187],[103.8709026,1.3125358],[103.8709408,1.312501],[103.8710111,1.3124835],[103.8710136,1.3124959],[103.8709857,1.3125023],[103.8710008,1.3125695],[103.8710986,1.3125449],[103.8711123,1.3126079],[103.8711253,1.312605],[103.8711308,1.312629],[103.8711552,1.3126231],[103.8711586,1.3126377],[103.8712075,1.3126256],[103.8711579,1.3124094],[103.8711076,1.3124202],[103.871111,1.3124347],[103.8710879,1.3124409],[103.8710933,1.3124644],[103.8710845,1.3124666],[103.8710791,1.3124433],[103.871064,1.3124473],[103.8710543,1.3124046],[103.8710899,1.3123967],[103.8710754,1.3123448],[103.8710638,1.3123477]]]}},{"type":"Feature","id":"way/1212970702-0","properties":{"addr:city":"Singapore","addr:country":"SG","addr:housenumber":"7A","addr:street":"Lorong 1 Geylang","building":"construction","check_date":"2026-02-06","construction":"residential","clearanceGeometry":{"type":"Polygon","coordinates":[[[103.8708783,1.3125239],[103.8708847,1.3125187],[103.8709026,1.3125358],[103.8709408,1.312501],[103.8710111,1.3124835],[103.8710136,1.3124959],[103.8709857,1.3125023],[103.8710008,1.3125695],[103.8710986,1.3125449],[103.8711123,1.3126079],[103.8711253,1.312605],[103.8711308,1.312629],[103.8711552,1.3126231],[103.8711586,1.3126377],[103.8712075,1.3126256],[103.8711579,1.3124094],[103.8711076,1.3124202],[103.871111,1.3124347],[103.8710879,1.3124409],[103.8710933,1.3124644],[103.8710845,1.3124666],[103.8710791,1.3124433],[103.871064,1.3124473],[103.8710543,1.3124046],[103.8710899,1.3123967],[103.8710754,1.3123448],[103.8710638,1.3123477],[103.8710602,1.3123355],[103.8710847,1.3123297],[103.8710761,1.3122951],[103.871073,1.3122825],[103.8710698,1.3122694],[103.8710679,1.3122616],[103.8710098,1.3122772],[103.8709883,1.3122829],[103.870995,1.3123096],[103.8709722,1.3123169],[103.8709643,1.3122841],[103.8708761,1.3123044],[103.8708873,1.3123515],[103.8709016,1.3123483],[103.8709076,1.3123714],[103.8709319,1.3123659],[103.8709353,1.3123801],[103.870984,1.3123678],[103.871005,1.3124607],[103.8709534,1.3124735],[103.8708987,1.3124098],[103.8708867,1.3124188],[103.8708801,1.3124116],[103.8708704,1.3124011],[103.8708528,1.3124156],[103.8708426,1.3124058],[103.8708148,1.3124302],[103.8708042,1.3124396],[103.8708699,1.3125143],[103.8708783,1.3125239]]]},"clearanceHeight":1.7,"clearancePrepared":true},"geometry":{"type":"Polygon","coordinates":[[[103.8708699,1.3125143],[103.8708783,1.3125239],[103.8708847,1.3125187],[103.8709026,1.3125358],[103.8709408,1.312501],[103.8710111,1.3124835],[103.8710136,1.3124959],[103.8709857,1.3125023],[103.8710008,1.3125695],[103.8710986,1.3125449],[103.8711123,1.3126079],[103.8711253,1.312605],[103.8711308,1.312629],[103.8711552,1.3126231],[103.8711586,1.3126377],[103.8712075,1.3126256],[103.8711579,1.3124094],[103.8711076,1.3124202],[103.871111,1.3124347],[103.8710879,1.3124409],[103.8710933,1.3124644],[103.8710845,1.3124666],[103.8710791,1.3124433],[103.871064,1.3124473],[103.8710543,1.3124046],[103.8710899,1.3123967],[103.8710754,1.3123448],[103.8710638,1.3123477],[103.8710602,1.3123355],[103.8710847,1.3123297],[103.8710761,1.3122951],[103.871073,1.3122825],[103.8710698,1.3122694],[103.8710679,1.3122616],[103.8710098,1.3122772],[103.8709883,1.3122829],[103.870995,1.3123096],[103.8709722,1.3123169],[103.8709643,1.3122841],[103.8708761,1.3123044],[103.8708873,1.3123515],[103.8709016,1.3123483],[103.8709076,1.3123714],[103.8709319,1.3123659],[103.8709353,1.3123801],[103.870984,1.3123678],[103.871005,1.3124607],[103.8709534,1.3124735],[103.8708987,1.3124098],[103.8708867,1.3124188],[103.8708801,1.3124116],[103.8708704,1.3124011],[103.8708528,1.3124156],[103.8708426,1.3124058],[103.8708148,1.3124302],[103.8708042,1.3124396],[103.8708699,1.3125143]]]}},{"type":"Feature","id":"way/1212970703-0","properties":{"addr:city":"Singapore","addr:country":"SG","addr:housenumber":"7D","addr:street":"Lorong 1 Geylang","building":"construction","building:levels":"1","check_date":"2026-02-06","construction":"roof","layer":"1","clearanceGeometry":{"type":"Polygon","coordinates":[[[103.8705575,1.3118072],[103.8705008,1.3115732],[103.8704136,1.3116613],[103.8704545,1.3118316],[103.8705575,1.3118072]]]},"clearanceHeight":1.7,"clearancePrepared":true},"geometry":{"type":"Polygon","coordinates":[[[103.8704545,1.3118316],[103.8705575,1.3118072],[103.8705008,1.3115732],[103.8704136,1.3116613],[103.8704545,1.3118316]]]}},{"type":"Feature","id":"way/1212970704-0","properties":{"addr:city":"Singapore","addr:country":"SG","addr:housenumber":"7E","addr:street":"Lorong 1 Geylang","building":"construction","building:levels":"3","check_date":"2026-02-06","clearanceGeometry":{"type":"Polygon","coordinates":[[[103.871396,1.3123814],[103.871342,1.3124678],[103.8713423,1.3124839],[103.8714489,1.3125499],[103.8714593,1.3125506],[103.8714674,1.3125462],[103.8715773,1.3123717],[103.8716654,1.3122819],[103.8718201,1.312005],[103.8718134,1.3119931],[103.8716875,1.3119154],[103.8714041,1.3123684],[103.871396,1.3123814]]]},"clearanceHeight":1.7,"clearancePrepared":true},"geometry":{"type":"Polygon","coordinates":[[[103.8714041,1.3123684],[103.871396,1.3123814],[103.871342,1.3124678],[103.8713423,1.3124839],[103.8714489,1.3125499],[103.8714593,1.3125506],[103.8714674,1.3125462],[103.8715773,1.3123717],[103.8716654,1.3122819],[103.8718201,1.312005],[103.8718134,1.3119931],[103.8716875,1.3119154],[103.8714041,1.3123684]]]}},{"type":"Feature","id":"way/1212970705-0","properties":{"addr:city":"Singapore","addr:country":"SG","addr:housenumber":"7","addr:street":"Lorong 1 Geylang","building":"construction","building:levels":"2","check_date":"2026-02-06","roof:levels":"1","roof:material":"grass","roof:shape":"flat","clearanceGeometry":{"type":"Polygon","coordinates":[[[103.8706684,1.3119308],[103.8707366,1.311973],[103.8711894,1.3122535],[103.871396,1.3123814],[103.8714041,1.3123684],[103.8716875,1.3119154],[103.8716675,1.311903],[103.8707814,1.3113556],[103.8705819,1.311548],[103.8706394,1.3118022],[103.8706684,1.3119308]]]},"clearanceHeight":1.7,"clearancePrepared":true},"geometry":{"type":"Polygon","coordinates":[[[103.8706394,1.3118022],[103.8706684,1.3119308],[103.8707366,1.311973],[103.8711894,1.3122535],[103.871396,1.3123814],[103.8714041,1.3123684],[103.8716875,1.3119154],[103.8716675,1.311903],[103.8707814,1.3113556],[103.8705819,1.311548],[103.8706394,1.3118022]]]}},{"type":"Feature","id":"node/240713113","properties":{"highway":"traffic_signals"},"geometry":{"type":"Point","coordinates":[103.8722478,1.3116621]}},{"type":"Feature","id":"node/373099134","properties":{"highway":"traffic_signals"},"geometry":{"type":"Point","coordinates":[103.8729829,1.3151316]}},{"type":"Feature","id":"node/373099687","properties":{"highway":"traffic_signals"},"geometry":{"type":"Point","coordinates":[103.8710179,1.3139364]}},{"type":"Feature","id":"node/2990753208","properties":{"highway":"traffic_signals"},"geometry":{"type":"Point","coordinates":[103.873034,1.3150472]}},{"type":"Feature","id":"node/3960050727","properties":{"highway":"traffic_signals"},"geometry":{"type":"Point","coordinates":[103.8710565,1.313833]}},{"type":"Feature","id":"node/5241830701","properties":{"highway":"traffic_signals"},"geometry":{"type":"Point","coordinates":[103.8709691,1.3138027]}},{"type":"Feature","id":"node/5241830702","properties":{"highway":"traffic_signals"},"geometry":{"type":"Point","coordinates":[103.8709285,1.3139028]}},{"type":"Feature","id":"node/5241830705","properties":{"highway":"traffic_signals"},"geometry":{"type":"Point","coordinates":[103.8721651,1.3116046]}},{"type":"Feature","id":"node/12206223902","properties":{"highway":"traffic_signals","traffic_signals":"signal"},"geometry":{"type":"Point","coordinates":[103.8698398,1.3134641]}},{"type":"Feature","id":"node/2011842690","properties":{"crossing":"traffic_signals","highway":"crossing","tactile_paving":"yes"},"geometry":{"type":"Point","coordinates":[103.8723224,1.3114635]}},{"type":"Feature","id":"node/2011842691","properties":{"button_operated":"yes","crossing":"traffic_signals","crossing:island":"no","highway":"crossing","tactile_paving":"yes"},"geometry":{"type":"Point","coordinates":[103.8720588,1.311523]}},{"type":"Feature","id":"node/2011842692","properties":{"button_operated":"yes","crossing":"traffic_signals","highway":"crossing","tactile_paving":"yes"},"geometry":{"type":"Point","coordinates":[103.8722081,1.3117711]}},{"type":"Feature","id":"node/2101668008","properties":{"bicycle":"designated","button_operated":"yes","crossing":"traffic_signals","highway":"crossing","tactile_paving":"yes","traffic_signals:sound":"yes"},"geometry":{"type":"Point","coordinates":[103.8696878,1.3134324]}},{"type":"Feature","id":"node/2101668017","properties":{"bicycle":"designated","button_operated":"yes","crossing":"traffic_signals","highway":"crossing","tactile_paving":"yes","traffic_signals:sound":"yes"},"geometry":{"type":"Point","coordinates":[103.8696657,1.3135246]}},{"type":"Feature","id":"node/4604543770","properties":{"crossing":"marked","crossing:island":"no","highway":"crossing","tactile_paving":"yes","traffic_calming":"table"},"geometry":{"type":"Point","coordinates":[103.8721369,1.3130276]}},{"type":"Feature","id":"node/5284827555","properties":{"highway":"crossing"},"geometry":{"type":"Point","coordinates":[103.8710822,1.3129806]}},{"type":"Feature","id":"node/6107308633","properties":{"button_operated":"yes","crossing":"traffic_signals","highway":"crossing","tactile_paving":"yes"},"geometry":{"type":"Point","coordinates":[103.8721147,1.3117211]}},{"type":"Feature","id":"node/6107308635","properties":{"highway":"crossing"},"geometry":{"type":"Point","coordinates":[103.8712654,1.3130866]}},{"type":"Feature","id":"node/6771397294","properties":{"crossing:markings":"no","highway":"crossing","tactile_paving":"yes"},"geometry":{"type":"Point","coordinates":[103.8704035,1.3137878]}},{"type":"Feature","id":"node/6771397308","properties":{"crossing:markings":"no","highway":"crossing","tactile_paving":"yes"},"geometry":{"type":"Point","coordinates":[103.871871,1.3143355]}},{"type":"Feature","id":"node/6969825291","properties":{"highway":"crossing"},"geometry":{"type":"Point","coordinates":[103.8722187,1.3122392]}},{"type":"Feature","id":"node/7764917642","properties":{"highway":"crossing"},"geometry":{"type":"Point","coordinates":[103.8701059,1.3134672]}},{"type":"Feature","id":"node/8193044082","properties":{"button_operated":"yes","crossing":"traffic_signals","crossing:island":"no","crossing:signals":"yes","highway":"crossing","tactile_paving":"yes","traffic_signals:sound":"no"},"geometry":{"type":"Point","coordinates":[103.8730928,1.3149603]}},{"type":"Feature","id":"node/8193083174","properties":{"button_operated":"yes","crossing":"traffic_signals","crossing:signals":"yes","highway":"crossing","tactile_paving":"yes"},"geometry":{"type":"Point","coordinates":[103.8730293,1.3152266]}},{"type":"Feature","id":"node/8193083175","properties":{"button_operated":"yes","crossing":"traffic_signals","crossing:signals":"yes","highway":"crossing","tactile_paving":"yes"},"geometry":{"type":"Point","coordinates":[103.8730889,1.3151335]}},{"type":"Feature","id":"node/8208437877","properties":{"button_operated":"yes","crossing":"traffic_signals","highway":"crossing","tactile_paving":"yes"},"geometry":{"type":"Point","coordinates":[103.8723365,1.3117231]}},{"type":"Feature","id":"node/8208437879","properties":{"button_operated":"no","crossing":"traffic_signals","highway":"crossing","tactile_paving":"yes"},"geometry":{"type":"Point","coordinates":[103.8723027,1.3118935]}},{"type":"Feature","id":"node/8208437884","properties":{"crossing":"traffic_signals","highway":"crossing","tactile_paving":"yes"},"geometry":{"type":"Point","coordinates":[103.8722329,1.3114239]}},{"type":"Feature","id":"node/8208472037","properties":{"highway":"crossing"},"geometry":{"type":"Point","coordinates":[103.8716594,1.3129235]}},{"type":"Feature","id":"node/8211845436","properties":{"button_operated":"yes","crossing:signals":"yes","highway":"crossing","tactile_paving":"yes","traffic_signals:sound":"yes"},"geometry":{"type":"Point","coordinates":[103.8715909,1.3129232]}},{"type":"Feature","id":"node/8211845437","properties":{"button_operated":"yes","crossing:signals":"yes","highway":"crossing","tactile_paving":"yes","traffic_signals:sound":"yes"},"geometry":{"type":"Point","coordinates":[103.8714998,1.3128647]}},{"type":"Feature","id":"node/8218215242","properties":{"crossing:markings":"yes","crossing:signals":"no","highway":"crossing","tactile_paving":"yes"},"geometry":{"type":"Point","coordinates":[103.8711909,1.3137702]}},{"type":"Feature","id":"node/8218215244","properties":{"crossing:markings":"yes","crossing:signals":"no","highway":"crossing","tactile_paving":"yes"},"geometry":{"type":"Point","coordinates":[103.8709074,1.3136653]}},{"type":"Feature","id":"node/8218215246","properties":{"button_operated":"yes","crossing":"traffic_signals","crossing:island":"no","highway":"crossing","tactile_paving":"yes","traffic_calming":"no","traffic_signals:sound":"yes"},"geometry":{"type":"Point","coordinates":[103.8710684,1.3139558]}},{"type":"Feature","id":"node/8218215247","properties":{"button_operated":"yes","crossing":"traffic_signals","crossing:island":"no","highway":"crossing","tactile_paving":"yes","traffic_calming":"no","traffic_signals:sound":"yes"},"geometry":{"type":"Point","coordinates":[103.8711086,1.3138489]}},{"type":"Feature","id":"node/8218215249","properties":{"button_operated":"no","crossing:signals":"yes","highway":"crossing","tactile_paving":"yes","traffic_signals:sound":"no"},"geometry":{"type":"Point","coordinates":[103.871084,1.313779]}},{"type":"Feature","id":"node/8218215250","properties":{"button_operated":"no","crossing:signals":"yes","highway":"crossing","tactile_paving":"yes","traffic_signals:sound":"no"},"geometry":{"type":"Point","coordinates":[103.8709975,1.3137472]}},{"type":"Feature","id":"node/8218215252","properties":{"button_operated":"yes","crossing":"traffic_signals","crossing:island":"no","highway":"crossing","tactile_paving":"yes","traffic_calming":"no","traffic_signals:sound":"yes"},"geometry":{"type":"Point","coordinates":[103.8709028,1.3137764]}},{"type":"Feature","id":"node/8218215253","properties":{"button_operated":"yes","crossing":"traffic_signals","crossing:island":"no","highway":"crossing","tactile_paving":"yes","traffic_calming":"no","traffic_signals:sound":"yes"},"geometry":{"type":"Point","coordinates":[103.8708653,1.3138811]}},{"type":"Feature","id":"node/9978841657","properties":{"highway":"crossing"},"geometry":{"type":"Point","coordinates":[103.8731304,1.3127425]}},{"type":"Feature","id":"node/9978841658","properties":{"crossing:markings":"no","highway":"crossing","tactile_paving":"yes"},"geometry":{"type":"Point","coordinates":[103.8732464,1.3129982]}},{"type":"Feature","id":"node/9978841659","properties":{"highway":"crossing"},"geometry":{"type":"Point","coordinates":[103.8733314,1.3128597]}},{"type":"Feature","id":"node/9981719671","properties":{"crossing":"marked","crossing:island":"no","highway":"crossing","tactile_paving":"yes","traffic_calming":"table"},"geometry":{"type":"Point","coordinates":[103.8715507,1.3132958]}},{"type":"Feature","id":"node/9984561696","properties":{"crossing":"marked","crossing:island":"no","highway":"crossing","tactile_paving":"no","traffic_calming":"table"},"geometry":{"type":"Point","coordinates":[103.872208,1.313946]}},{"type":"Feature","id":"node/9984616509","properties":{"crossing":"marked","highway":"crossing","tactile_paving":"no","traffic_calming":"table"},"geometry":{"type":"Point","coordinates":[103.8721286,1.3140696]}},{"type":"Feature","id":"node/10312691660","properties":{"crossing":"marked","highway":"crossing","traffic_calming":"yes"},"geometry":{"type":"Point","coordinates":[103.8728798,1.3131169]}},{"type":"Feature","id":"node/11926392994","properties":{"crossing":"unmarked","crossing:island":"yes","crossing:markings":"no","highway":"crossing","tactile_paving":"yes","traffic_calming":"no"},"geometry":{"type":"Point","coordinates":[103.8717648,1.3142227]}},{"type":"Feature","id":"node/11926392997","properties":{"crossing":"unmarked","crossing:island":"yes","crossing:markings":"no","highway":"crossing","tactile_paving":"yes","traffic_calming":"no"},"geometry":{"type":"Point","coordinates":[103.8718234,1.314101]}},{"type":"Feature","id":"node/13338597408","properties":{"crossing":"traffic_signals","highway":"crossing"},"geometry":{"type":"Point","coordinates":[103.8729127,1.3150359]}},{"type":"Feature","id":"node/13338597409","properties":{"crossing":"traffic_signals","highway":"crossing"},"geometry":{"type":"Point","coordinates":[103.8729615,1.31495]}},{"type":"Feature","id":"node/13705849640","properties":{"crossing":"uncontrolled","crossing:markings":"yes","highway":"crossing"},"geometry":{"type":"Point","coordinates":[103.8729103,1.314451]}},{"type":"Feature","id":"way/22928583-0-0-0","properties":{"highway":"residential","lanes":"2","maxspeed":"50","name":"Lorong 1 Geylang","oneway":"yes","sidewalk:left":"separate","sidewalk:right":"no","surface":"asphalt","turn:lanes":"through|through;right","startNodeId":"4690945415","endNodeId":"4427371462"},"geometry":{"type":"LineString","coordinates":[[103.8723556,1.3113663],[103.8724126,1.3111994]]}},{"type":"Feature","id":"way/33070815-0-0-0","properties":{"highway":"residential","lanes":"3","maxspeed":"50","name":"Lorong 1 Geylang","oneway":"yes","surface":"asphalt","turn:lanes":"left;none|none|none","startNodeId":"4604543757","endNodeId":"8211845436"},"geometry":{"type":"LineString","coordinates":[[103.8711706,1.313609],[103.8715909,1.3129232]]}},{"type":"Feature","id":"way/33070815-0-1-0","properties":{"highway":"residential","lanes":"3","maxspeed":"50","name":"Lorong 1 Geylang","oneway":"yes","surface":"asphalt","turn:lanes":"left;none|none|none","startNodeId":"8211845436","endNodeId":"2990752280"},"geometry":{"type":"LineString","coordinates":[[103.8715909,1.3129232],[103.8716093,1.3128932]]}},{"type":"Feature","id":"way/33070903-0-0-0","properties":{"highway":"service","lanes":"2","lanes:backward":"1","lanes:forward":"1","service":"parking_aisle","turn:lanes:backward":"left","turn:lanes:forward":"through","startNodeId":"373098465","endNodeId":"6972976588"},"geometry":{"type":"LineString","coordinates":[[103.8702205,1.3142043],[103.8704096,1.3142778]]}},{"type":"Feature","id":"way/33070946-0-0-0","properties":{"highway":"service","lanes":"2","lanes:backward":"1","lanes:forward":"1","service":"parking_aisle","turn:lanes:backward":"left","turn:lanes:forward":"through","startNodeId":"373098877","endNodeId":"6771397294"},"geometry":{"type":"LineString","coordinates":[[103.8704278,1.3137311],[103.8704035,1.3137878]]}},{"type":"Feature","id":"way/33070946-0-1-0","properties":{"highway":"service","lanes":"2","lanes:backward":"1","lanes:forward":"1","service":"parking_aisle","turn:lanes:backward":"left","turn:lanes:forward":"through","startNodeId":"6771397294","endNodeId":"7122213889"},"geometry":{"type":"LineString","coordinates":[[103.8704035,1.3137878],[103.8703385,1.3139285]]}},{"type":"Feature","id":"way/33070980-0-0-0","properties":{"highway":"service","lanes":"2","lanes:backward":"1","lanes:forward":"1","name":"Boon King Ville","service":"parking_aisle","surface":"asphalt","turn:lanes:backward":"left","startNodeId":"373098657","endNodeId":"6771397308"},"geometry":{"type":"LineString","coordinates":[[103.8718995,1.3142743],[103.871871,1.3143355]]}},{"type":"Feature","id":"way/33070980-0-1-0","properties":{"highway":"service","lanes":"2","lanes:backward":"1","lanes:forward":"1","name":"Boon King Ville","service":"parking_aisle","surface":"asphalt","turn:lanes:backward":"left","startNodeId":"6771397308","endNodeId":"6277643676"},"geometry":{"type":"LineString","coordinates":[[103.871871,1.3143355],[103.8718244,1.3144353]]}},{"type":"Feature","id":"way/33071127-0-0-0","properties":{"bridge":"yes","highway":"secondary","lanes":"3","layer":"1","maxspeed":"50","maxweight:signed":"no","name":"Upper Boon Keng Road","name:zh":"\u6587\u6176\u8def\u4e0a\u6bb5","oneway":"yes","sidewalk:left":"separate","sidewalk:right":"no","surface":"asphalt","startNodeId":"246957120","endNodeId":"246957117"},"geometry":{"type":"LineString","coordinates":[[103.8695485,1.3133946],[103.8684435,1.3131546]]}},{"type":"Feature","id":"way/33071228-0-0-0","properties":{"bridge":"yes","highway":"secondary","lanes":"3","layer":"1","maxspeed":"50","maxweight:signed":"no","name":"Upper Boon Keng Road","name:zh":"\u6587\u6176\u8def\u4e0a\u6bb5","oneway":"yes","surface":"asphalt","turn:lanes":"through|through|through","startNodeId":"373101185","endNodeId":"373101186"},"geometry":{"type":"LineString","coordinates":[[103.8684345,1.3132468],[103.8695399,1.3134976]]}},{"type":"Feature","id":"way/33071231-0-0-0","properties":{"highway":"secondary","lanes":"3","maxspeed":"50","name":"Upper Boon Keng Road","name:zh":"\u6587\u6176\u8def\u4e0a\u6bb5","oneway":"yes","surface":"asphalt","startNodeId":"373101186","endNodeId":"2101668017"},"geometry":{"type":"LineString","coordinates":[[103.8695399,1.3134976],[103.8696657,1.3135246]]}},{"type":"Feature","id":"way/33071231-0-1-0","properties":{"highway":"secondary","lanes":"3","maxspeed":"50","name":"Upper Boon Keng Road","name:zh":"\u6587\u6176\u8def\u4e0a\u6bb5","oneway":"yes","surface":"asphalt","startNodeId":"2101668017","endNodeId":"6093167720"},"geometry":{"type":"LineString","coordinates":[[103.8696657,1.3135246],[103.8700414,1.3136141]]}},{"type":"Feature","id":"way/74542182-0-0-0","properties":{"highway":"secondary","lanes":"3","maxspeed":"50","name":"Upper Boon Keng Road","name:zh":"\u6587\u6176\u8def\u4e0a\u6bb5","oneway":"yes","surface":"asphalt","turn:lanes":"through|through|right","startNodeId":"1863993072","endNodeId":"5131966140"},"geometry":{"type":"LineString","coordinates":[[103.8721795,1.3144002],[103.8725259,1.3146009]]}},{"type":"Feature","id":"way/74542182-0-1-0","properties":{"highway":"secondary","lanes":"3","maxspeed":"50","name":"Upper Boon Keng Road","name:zh":"\u6587\u6176\u8def\u4e0a\u6bb5","oneway":"yes","surface":"asphalt","turn:lanes":"through|through|right","startNodeId":"5131966140","endNodeId":"373099133"},"geometry":{"type":"LineString","coordinates":[[103.8725259,1.3146009],[103.8726389,1.3147002]]}},{"type":"Feature","id":"way/74542183-0-0-0","properties":{"highway":"secondary","lanes":"3","maxspeed":"50","name":"Upper Boon Keng Road","name:zh":"\u6587\u6176\u8def\u4e0a\u6bb5","oneway":"yes","surface":"asphalt","turn:lanes":"through|through|through","startNodeId":"5284827551","endNodeId":"12206223902"},"geometry":{"type":"LineString","coordinates":[[103.870091,1.3135256],[103.8698398,1.3134641]]}},{"type":"Feature","id":"way/74542183-0-1-0","properties":{"highway":"secondary","lanes":"3","maxspeed":"50","name":"Upper Boon Keng Road","name:zh":"\u6587\u6176\u8def\u4e0a\u6bb5","oneway":"yes","surface":"asphalt","turn:lanes":"through|through|through","startNodeId":"12206223902","endNodeId":"2101668008"},"geometry":{"type":"LineString","coordinates":[[103.8698398,1.3134641],[103.8696878,1.3134324]]}},{"type":"Feature","id":"way/74542183-0-2-0","properties":{"highway":"secondary","lanes":"3","maxspeed":"50","name":"Upper Boon Keng Road","name:zh":"\u6587\u6176\u8def\u4e0a\u6bb5","oneway":"yes","surface":"asphalt","turn:lanes":"through|through|through","startNodeId":"2101668008","endNodeId":"246957120"},"geometry":{"type":"LineString","coordinates":[[103.8696878,1.3134324],[103.8695485,1.3133946]]}},{"type":"Feature","id":"way/74542193-0-0-0","properties":{"busway:left":"lane","highway":"primary","lanes":"6","lanes:bus":"1","lanes:bus:conditional":"1 @ (Mo-Sa 07:30-23:00)","lit":"yes","maxspeed":"60","name":"Sims Avenue","name:zh":"\u6c88\u6c0f\u9053","oneway":"yes","sidewalk":"left","source":"Yahoo aerial images","surface":"asphalt","turn:lanes":"through|through|through|through|through|through","startNodeId":"240713119","endNodeId":"3960054278"},"geometry":{"type":"LineString","coordinates":[[103.8732232,1.3123538],[103.8732541,1.3123706]]}},{"type":"Feature","id":"way/74542193-0-1-0","properties":{"busway:left":"lane","highway":"primary","lanes":"6","lanes:bus":"1","lanes:bus:conditional":"1 @ (Mo-Sa 07:30-23:00)","lit":"yes","maxspeed":"60","name":"Sims Avenue","name:zh":"\u6c88\u6c0f\u9053","oneway":"yes","sidewalk":"left","source":"Yahoo aerial images","surface":"asphalt","turn:lanes":"through|through|through|through|through|through","startNodeId":"3960054278","endNodeId":"240713125"},"geometry":{"type":"LineString","coordinates":[[103.8732541,1.3123706],[103.8734009,1.312467]]}},{"type":"Feature","id":"way/159698181-0-0-0","properties":{"highway":"secondary","lanes":"3","maxspeed":"50","name":"Upper Boon Keng Road","name:zh":"\u6587\u6176\u8def\u4e0a\u6bb5","oneway":"yes","sidewalk:left":"separate","sidewalk:right":"no","surface":"asphalt","turn:lanes":"left|through|right","startNodeId":"5131966141","endNodeId":"2990752952"},"geometry":{"type":"LineString","coordinates":[[103.8725741,1.3145205],[103.8723573,1.3143707]]}},{"type":"Feature","id":"way/159698181-0-1-0","properties":{"highway":"secondary","lanes":"3","maxspeed":"50","name":"Upper Boon Keng Road","name:zh":"\u6587\u6176\u8def\u4e0a\u6bb5","oneway":"yes","sidewalk:left":"separate","sidewalk:right":"no","surface":"asphalt","turn:lanes":"left|through|right","startNodeId":"2990752952","endNodeId":"4105403090"},"geometry":{"type":"LineString","coordinates":[[103.8723573,1.3143707],[103.8719549,1.3141545]]}},{"type":"Feature","id":"way/260426005-0-0-0","properties":{"highway":"residential","lanes":"2","lanes:backward":"1","lanes:forward":"1","maxspeed":"50","name":"Jalan Ayer","parking:condition:left:vehicles":"motorcar","parking:lane:left":"parallel","surface":"asphalt","startNodeId":"5241816687","endNodeId":"5241816686"},"geometry":{"type":"LineString","coordinates":[[103.8726084,1.3112633],[103.8726668,1.311266]]}},{"type":"Feature","id":"way/260426005-0-1-0","properties":{"highway":"residential","lanes":"2","lanes:backward":"1","lanes:forward":"1","maxspeed":"50","name":"Jalan Ayer","parking:condition:left:vehicles":"motorcar","parking:lane:left":"parallel","surface":"asphalt","startNodeId":"5241816686","endNodeId":"10605866061"},"geometry":{"type":"LineString","coordinates":[[103.8726668,1.311266],[103.8730139,1.3112822]]}},{"type":"Feature","id":"way/260426005-0-2-0","properties":{"highway":"residential","lanes":"2","lanes:backward":"1","lanes:forward":"1","maxspeed":"50","name":"Jalan Ayer","parking:condition:left:vehicles":"motorcar","parking:lane:left":"parallel","surface":"asphalt","startNodeId":"10605866061","endNodeId":"4427371464"},"geometry":{"type":"LineString","coordinates":[[103.8730139,1.3112822],[103.8730893,1.3112858]]}},{"type":"Feature","id":"way/287903590-0-0-0","properties":{"highway":"residential","lanes":"3","maxspeed":"50","name":"Lorong 1 Geylang","oneway":"yes","surface":"asphalt","startNodeId":"373099687","endNodeId":"3960050727"},"geometry":{"type":"LineString","coordinates":[[103.8710179,1.3139364],[103.8710565,1.313833]]}},{"type":"Feature","id":"way/295367710-0-0-0","properties":{"highway":"service","lanes":"2","lanes:backward":"1","lanes:forward":"1","service":"parking_aisle","startNodeId":"373098443","endNodeId":"5171743458"},"geometry":{"type":"LineString","coordinates":[[103.8712761,1.3145777],[103.8710086,1.3152106]]}},{"type":"Feature","id":"way/432971983-0-0-0","properties":{"highway":"service","lanes":"1","name":"Upper Boon Keng Road","oneway":"yes","surface":"asphalt","startNodeId":"4105403090","endNodeId":"373098657"},"geometry":{"type":"LineString","coordinates":[[103.8719549,1.3141545],[103.8718995,1.3142743]]}},{"type":"Feature","id":"way/445282935-0-0-0","properties":{"highway":"residential","lanes":"3","lit":"yes","maxspeed":"50","name":"Lorong 1 Geylang","oneway":"yes","surface":"asphalt","startNodeId":"5242892723","endNodeId":"5241830703"},"geometry":{"type":"LineString","coordinates":[[103.8719705,1.312026],[103.8718827,1.3122108]]}},{"type":"Feature","id":"way/445282935-0-1-0","properties":{"highway":"residential","lanes":"3","lit":"yes","maxspeed":"50","name":"Lorong 1 Geylang","oneway":"yes","surface":"asphalt","startNodeId":"5241830703","endNodeId":"8211845437"},"geometry":{"type":"LineString","coordinates":[[103.8718827,1.3122108],[103.8714998,1.3128647]]}},{"type":"Feature","id":"way/445282935-0-2-0","properties":{"highway":"residential","lanes":"3","lit":"yes","maxspeed":"50","name":"Lorong 1 Geylang","oneway":"yes","surface":"asphalt","startNodeId":"8211845437","endNodeId":"5284827556"},"geometry":{"type":"LineString","coordinates":[[103.8714998,1.3128647],[103.8713504,1.3131199]]}},{"type":"Feature","id":"way/445282935-0-3-0","properties":{"highway":"residential","lanes":"3","lit":"yes","maxspeed":"50","name":"Lorong 1 Geylang","oneway":"yes","surface":"asphalt","startNodeId":"5284827556","endNodeId":"5241830700"},"geometry":{"type":"LineString","coordinates":[[103.8713504,1.3131199],[103.8710957,1.313555]]}},{"type":"Feature","id":"way/465498183-0-0-0","properties":{"highway":"secondary_link","lanes":"2","maxspeed":"50","oneway":"yes","surface":"asphalt","startNodeId":"4604543756","endNodeId":"8218215244"},"geometry":{"type":"LineString","coordinates":[[103.8709569,1.3136476],[103.8709074,1.3136653]]}},{"type":"Feature","id":"way/465498183-0-1-0","properties":{"highway":"secondary_link","lanes":"2","maxspeed":"50","oneway":"yes","surface":"asphalt","startNodeId":"8218215244","endNodeId":"4604543755"},"geometry":{"type":"LineString","coordinates":[[103.8709074,1.3136653],[103.8708945,1.3136699]]}},{"type":"Feature","id":"way/465498183-0-2-0","properties":{"highway":"secondary_link","lanes":"2","maxspeed":"50","oneway":"yes","surface":"asphalt","startNodeId":"4604543755","endNodeId":"4604543754"},"geometry":{"type":"LineString","coordinates":[[103.8708945,1.3136699],[103.8708047,1.3136745]]}},{"type":"Feature","id":"way/465498183-0-3-0","properties":{"highway":"secondary_link","lanes":"2","maxspeed":"50","oneway":"yes","surface":"asphalt","startNodeId":"4604543754","endNodeId":"4604543753"},"geometry":{"type":"LineString","coordinates":[[103.8708047,1.3136745],[103.8706439,1.3136735]]}},{"type":"Feature","id":"way/465498184-0-0-0","properties":{"highway":"secondary_link","lanes":"1","maxspeed":"50","oneway":"yes","surface":"asphalt","turn:lanes":"left","startNodeId":"4604543761","endNodeId":"5131966143"},"geometry":{"type":"LineString","coordinates":[[103.8713432,1.3139206],[103.8712411,1.3138434]]}},{"type":"Feature","id":"way/465498184-0-1-0","properties":{"highway":"secondary_link","lanes":"1","maxspeed":"50","oneway":"yes","surface":"asphalt","turn:lanes":"left","startNodeId":"5131966143","endNodeId":"5131966142"},"geometry":{"type":"LineString","coordinates":[[103.8712411,1.3138434],[103.8712062,1.3138012]]}},{"type":"Feature","id":"way/465498184-0-2-0","properties":{"highway":"secondary_link","lanes":"1","maxspeed":"50","oneway":"yes","surface":"asphalt","turn:lanes":"left","startNodeId":"5131966142","endNodeId":"8218215242"},"geometry":{"type":"LineString","coordinates":[[103.8712062,1.3138012],[103.8711909,1.3137702]]}},{"type":"Feature","id":"way/465498184-0-3-0","properties":{"highway":"secondary_link","lanes":"1","maxspeed":"50","oneway":"yes","surface":"asphalt","turn:lanes":"left","startNodeId":"8218215242","endNodeId":"4604543758"},"geometry":{"type":"LineString","coordinates":[[103.8711909,1.3137702],[103.8711716,1.313731]]}},{"type":"Feature","id":"way/465498184-0-4-0","properties":{"highway":"secondary_link","lanes":"1","maxspeed":"50","oneway":"yes","surface":"asphalt","turn:lanes":"left","startNodeId":"4604543758","endNodeId":"4604543757"},"geometry":{"type":"LineString","coordinates":[[103.8711716,1.313731],[103.8711706,1.313609]]}},{"type":"Feature","id":"way/465498186-0-0-0","properties":{"highway":"service","lanes":"1","oneway":"yes","service":"driveway","turn:lanes":"through","startNodeId":"4604543762","endNodeId":"9978841657"},"geometry":{"type":"LineString","coordinates":[[103.873267,1.3128225],[103.8731304,1.3127425]]}},{"type":"Feature","id":"way/465498186-0-1-0","properties":{"highway":"service","lanes":"1","oneway":"yes","service":"driveway","turn:lanes":"through","startNodeId":"9978841657","endNodeId":"4604543776"},"geometry":{"type":"LineString","coordinates":[[103.8731304,1.3127425],[103.8722944,1.312253]]}},{"type":"Feature","id":"way/465498186-0-2-0","properties":{"highway":"service","lanes":"1","oneway":"yes","service":"driveway","turn:lanes":"through","startNodeId":"4604543776","endNodeId":"8211875151"},"geometry":{"type":"LineString","coordinates":[[103.8722944,1.312253],[103.8722744,1.3122449]]}},{"type":"Feature","id":"way/465498186-0-3-0","properties":{"highway":"service","lanes":"1","oneway":"yes","service":"driveway","turn:lanes":"through","startNodeId":"8211875151","endNodeId":"4604543775"},"geometry":{"type":"LineString","coordinates":[[103.8722744,1.3122449],[103.8722605,1.3122392]]}},{"type":"Feature","id":"way/465498186-0-4-0","properties":{"highway":"service","lanes":"1","oneway":"yes","service":"driveway","turn:lanes":"through","startNodeId":"4604543775","endNodeId":"6969825291"},"geometry":{"type":"LineString","coordinates":[[103.8722605,1.3122392],[103.8722187,1.3122392]]}},{"type":"Feature","id":"way/465498186-0-5-0","properties":{"highway":"service","lanes":"1","oneway":"yes","service":"driveway","turn:lanes":"through","startNodeId":"6969825291","endNodeId":"4604543774"},"geometry":{"type":"LineString","coordinates":[[103.8722187,1.3122392],[103.8721844,1.3122543]]}},{"type":"Feature","id":"way/465498186-0-6-0","properties":{"highway":"service","lanes":"1","oneway":"yes","service":"driveway","turn:lanes":"through","startNodeId":"4604543774","endNodeId":"4604543773"},"geometry":{"type":"LineString","coordinates":[[103.8721844,1.3122543],[103.8721629,1.3122771]]}},{"type":"Feature","id":"way/465498186-0-7-0","properties":{"highway":"service","lanes":"1","oneway":"yes","service":"driveway","turn:lanes":"through","startNodeId":"4604543773","endNodeId":"8211875155"},"geometry":{"type":"LineString","coordinates":[[103.8721629,1.3122771],[103.8721405,1.3123145]]}},{"type":"Feature","id":"way/465498186-0-8-0","properties":{"highway":"service","lanes":"1","oneway":"yes","service":"driveway","turn:lanes":"through","startNodeId":"8211875155","endNodeId":"8211875157"},"geometry":{"type":"LineString","coordinates":[[103.8721405,1.3123145],[103.872038,1.3124861]]}},{"type":"Feature","id":"way/465498186-0-9-0","properties":{"highway":"service","lanes":"1","oneway":"yes","service":"driveway","turn:lanes":"through","startNodeId":"8211875157","endNodeId":"8211875159"},"geometry":{"type":"LineString","coordinates":[[103.872038,1.3124861],[103.8719087,1.3127028]]}},{"type":"Feature","id":"way/465498186-0-10-0","properties":{"highway":"service","lanes":"1","oneway":"yes","service":"driveway","turn:lanes":"through","startNodeId":"8211875159","endNodeId":"7321320734"},"geometry":{"type":"LineString","coordinates":[[103.8719087,1.3127028],[103.871862,1.3127795]]}},{"type":"Feature","id":"way/465498187-0-0-0","properties":{"highway":"service","lanes":"2","lanes:backward":"1","lanes:forward":"1","oneway":"no","service":"driveway","startNodeId":"4604544198","endNodeId":"10538289520"},"geometry":{"type":"LineString","coordinates":[[103.8717546,1.3129811],[103.8718188,1.3130045]]}},{"type":"Feature","id":"way/465498187-0-1-0","properties":{"highway":"service","lanes":"2","lanes:backward":"1","lanes:forward":"1","oneway":"no","service":"driveway","startNodeId":"10538289520","endNodeId":"4604543772"},"geometry":{"type":"LineString","coordinates":[[103.8718188,1.3130045],[103.8718898,1.3130304]]}},{"type":"Feature","id":"way/465498187-0-2-0","properties":{"highway":"service","lanes":"2","lanes:backward":"1","lanes:forward":"1","oneway":"no","service":"driveway","startNodeId":"4604543772","endNodeId":"11484422691"},"geometry":{"type":"LineString","coordinates":[[103.8718898,1.3130304],[103.8719184,1.3130332]]}},{"type":"Feature","id":"way/465498187-0-3-0","properties":{"highway":"service","lanes":"2","lanes:backward":"1","lanes:forward":"1","oneway":"no","service":"driveway","startNodeId":"11484422691","endNodeId":"4604543771"},"geometry":{"type":"LineString","coordinates":[[103.8719184,1.3130332],[103.8719729,1.3130384]]}},{"type":"Feature","id":"way/465498187-0-4-0","properties":{"highway":"service","lanes":"2","lanes:backward":"1","lanes:forward":"1","oneway":"no","service":"driveway","startNodeId":"4604543771","endNodeId":"4604543770"},"geometry":{"type":"LineString","coordinates":[[103.8719729,1.3130384],[103.8721369,1.3130276]]}},{"type":"Feature","id":"way/465498187-0-5-0","properties":{"highway":"service","lanes":"2","lanes:backward":"1","lanes:forward":"1","oneway":"no","service":"driveway","startNodeId":"4604543770","endNodeId":"4604543769"},"geometry":{"type":"LineString","coordinates":[[103.8721369,1.3130276],[103.8721747,1.3130026]]}},{"type":"Feature","id":"way/465498187-0-6-0","properties":{"highway":"service","lanes":"2","lanes:backward":"1","lanes:forward":"1","oneway":"no","service":"driveway","startNodeId":"4604543769","endNodeId":"4604543768"},"geometry":{"type":"LineString","coordinates":[[103.8721747,1.3130026],[103.8722465,1.3129607]]}},{"type":"Feature","id":"way/465498187-0-7-0","properties":{"highway":"service","lanes":"2","lanes:backward":"1","lanes:forward":"1","oneway":"no","service":"driveway","startNodeId":"4604543768","endNodeId":"4604543767"},"geometry":{"type":"LineString","coordinates":[[103.8722465,1.3129607],[103.8723645,1.3129392]]}},{"type":"Feature","id":"way/465498187-0-8-0","properties":{"highway":"service","lanes":"2","lanes:backward":"1","lanes:forward":"1","oneway":"no","service":"driveway","startNodeId":"4604543767","endNodeId":"4604543766"},"geometry":{"type":"LineString","coordinates":[[103.8723645,1.3129392],[103.8724637,1.31295]]}},{"type":"Feature","id":"way/465498187-0-9-0","properties":{"highway":"service","lanes":"2","lanes:backward":"1","lanes:forward":"1","oneway":"no","service":"driveway","startNodeId":"4604543766","endNodeId":"10312691655"},"geometry":{"type":"LineString","coordinates":[[103.8724637,1.31295],[103.8727051,1.3130497]]}},{"type":"Feature","id":"way/465498187-0-10-0","properties":{"highway":"service","lanes":"2","lanes:backward":"1","lanes:forward":"1","oneway":"no","service":"driveway","startNodeId":"10312691655","endNodeId":"10312691656"},"geometry":{"type":"LineString","coordinates":[[103.8727051,1.3130497],[103.872845,1.3131035]]}},{"type":"Feature","id":"way/465498187-0-11-0","properties":{"highway":"service","lanes":"2","lanes:backward":"1","lanes:forward":"1","oneway":"no","service":"driveway","startNodeId":"10312691656","endNodeId":"10312691660"},"geometry":{"type":"LineString","coordinates":[[103.872845,1.3131035],[103.8728798,1.3131169]]}},{"type":"Feature","id":"way/465498187-0-12-0","properties":{"highway":"service","lanes":"2","lanes:backward":"1","lanes:forward":"1","oneway":"no","service":"driveway","startNodeId":"10312691660","endNodeId":"4604543765"},"geometry":{"type":"LineString","coordinates":[[103.8728798,1.3131169],[103.8729231,1.3131336]]}},{"type":"Feature","id":"way/465498189-0-0-0","properties":{"highway":"service","lanes":"2","lanes:backward":"1","lanes:forward":"1","service":"driveway","startNodeId":"9984616509","endNodeId":"9979392875"},"geometry":{"type":"LineString","coordinates":[[103.8721286,1.3140696],[103.8722374,1.3141149]]}},{"type":"Feature","id":"way/465498189-0-1-0","properties":{"highway":"service","lanes":"2","lanes:backward":"1","lanes:forward":"1","service":"driveway","startNodeId":"9979392875","endNodeId":"4604544192"},"geometry":{"type":"LineString","coordinates":[[103.8722374,1.3141149],[103.8722964,1.3141395]]}},{"type":"Feature","id":"way/465498189-0-2-0","properties":{"highway":"service","lanes":"2","lanes:backward":"1","lanes:forward":"1","service":"driveway","startNodeId":"4604544192","endNodeId":"4604544191"},"geometry":{"type":"LineString","coordinates":[[103.8722964,1.3141395],[103.8726988,1.3143594]]}},{"type":"Feature","id":"way/465498189-0-3-0","properties":{"highway":"service","lanes":"2","lanes:backward":"1","lanes:forward":"1","service":"driveway","startNodeId":"4604544191","endNodeId":"4604544190"},"geometry":{"type":"LineString","coordinates":[[103.8726988,1.3143594],[103.8727846,1.3144104]]}},{"type":"Feature","id":"way/465498189-0-4-0","properties":{"highway":"service","lanes":"2","lanes:backward":"1","lanes:forward":"1","service":"driveway","startNodeId":"4604544190","endNodeId":"4604544189"},"geometry":{"type":"LineString","coordinates":[[103.8727846,1.3144104],[103.87287,1.3144503]]}},{"type":"Feature","id":"way/465498189-0-5-0","properties":{"highway":"service","lanes":"2","lanes:backward":"1","lanes:forward":"1","service":"driveway","startNodeId":"4604544189","endNodeId":"13705849640"},"geometry":{"type":"LineString","coordinates":[[103.87287,1.3144503],[103.8729103,1.314451]]}},{"type":"Feature","id":"way/465498189-0-6-0","properties":{"highway":"service","lanes":"2","lanes:backward":"1","lanes:forward":"1","service":"driveway","startNodeId":"13705849640","endNodeId":"4604543788"},"geometry":{"type":"LineString","coordinates":[[103.8729103,1.314451],[103.8729245,1.3144512]]}},{"type":"Feature","id":"way/465498189-0-7-0","properties":{"highway":"service","lanes":"2","lanes:backward":"1","lanes:forward":"1","service":"driveway","startNodeId":"4604543788","endNodeId":"4604543787"},"geometry":{"type":"LineString","coordinates":[[103.8729245,1.3144512],[103.8729621,1.3144306]]}},{"type":"Feature","id":"way/465498189-0-8-0","properties":{"highway":"service","lanes":"2","lanes:backward":"1","lanes:forward":"1","service":"driveway","startNodeId":"4604543787","endNodeId":"4604543786"},"geometry":{"type":"LineString","coordinates":[[103.8729621,1.3144306],[103.8730173,1.3143544]]}},{"type":"Feature","id":"way/465498189-0-9-0","properties":{"highway":"service","lanes":"2","lanes:backward":"1","lanes:forward":"1","service":"driveway","startNodeId":"4604543786","endNodeId":"4604543785"},"geometry":{"type":"LineString","coordinates":[[103.8730173,1.3143544],[103.8732652,1.3138622]]}},{"type":"Feature","id":"way/465498189-0-10-0","properties":{"highway":"service","lanes":"2","lanes:backward":"1","lanes:forward":"1","service":"driveway","startNodeId":"4604543785","endNodeId":"5241816689"},"geometry":{"type":"LineString","coordinates":[[103.8732652,1.3138622],[103.873279,1.3138455]]}},{"type":"Feature","id":"way/465498189-0-11-0","properties":{"highway":"service","lanes":"2","lanes:backward":"1","lanes:forward":"1","service":"driveway","startNodeId":"5241816689","endNodeId":"5241816690"},"geometry":{"type":"LineString","coordinates":[[103.873279,1.3138455],[103.8733045,1.3138353]]}},{"type":"Feature","id":"way/465498189-0-12-0","properties":{"highway":"service","lanes":"2","lanes:backward":"1","lanes:forward":"1","service":"driveway","startNodeId":"5241816690","endNodeId":"5241816688"},"geometry":{"type":"LineString","coordinates":[[103.8733045,1.3138353],[103.8733256,1.3138333]]}},{"type":"Feature","id":"way/465498189-0-13-0","properties":{"highway":"service","lanes":"2","lanes:backward":"1","lanes:forward":"1","service":"driveway","startNodeId":"5241816688","endNodeId":"4604543784"},"geometry":{"type":"LineString","coordinates":[[103.8733256,1.3138333],[103.8733534,1.3138381]]}},{"type":"Feature","id":"way/465498189-0-14-0","properties":{"highway":"service","lanes":"2","lanes:backward":"1","lanes:forward":"1","service":"driveway","startNodeId":"4604543784","endNodeId":"11505430900"},"geometry":{"type":"LineString","coordinates":[[103.8733534,1.3138381],[103.8734779,1.3139048]]}},{"type":"Feature","id":"way/465498190-0-0-0","properties":{"highway":"service","lanes":"2","lanes:backward":"1","lanes:forward":"1","service":"driveway","turn:lanes:backward":"left","startNodeId":"2990752280","endNodeId":"8208472037"},"geometry":{"type":"LineString","coordinates":[[103.8716093,1.3128932],[103.8716594,1.3129235]]}},{"type":"Feature","id":"way/465498190-0-1-0","properties":{"highway":"service","lanes":"2","lanes:backward":"1","lanes:forward":"1","service":"driveway","turn:lanes:backward":"left","startNodeId":"8208472037","endNodeId":"4604544198"},"geometry":{"type":"LineString","coordinates":[[103.8716594,1.3129235],[103.8717546,1.3129811]]}},{"type":"Feature","id":"way/465523713-0-0-0","properties":{"highway":"service","lanes":"2","lanes:backward":"1","lanes:forward":"1","service":"parking_aisle","startNodeId":"373098499","endNodeId":"5129147924"},"geometry":{"type":"LineString","coordinates":[[103.8716946,1.3147443],[103.8722065,1.3149252]]}},{"type":"Feature","id":"way/465523713-0-1-0","properties":{"highway":"service","lanes":"2","lanes:backward":"1","lanes:forward":"1","service":"parking_aisle","startNodeId":"5129147924","endNodeId":"373098442"},"geometry":{"type":"LineString","coordinates":[[103.8722065,1.3149252],[103.872231,1.3149444]]}},{"type":"Feature","id":"way/465523713-0-2-0","properties":{"highway":"service","lanes":"2","lanes:backward":"1","lanes:forward":"1","service":"parking_aisle","startNodeId":"373098442","endNodeId":"5129147925"},"geometry":{"type":"LineString","coordinates":[[103.872231,1.3149444],[103.8722288,1.3149859]]}},{"type":"Feature","id":"way/465523713-0-3-0","properties":{"highway":"service","lanes":"2","lanes:backward":"1","lanes:forward":"1","service":"parking_aisle","startNodeId":"5129147925","endNodeId":"373098441"},"geometry":{"type":"LineString","coordinates":[[103.8722288,1.3149859],[103.8720598,1.315425]]}},{"type":"Feature","id":"way/475334596-0-0-0","properties":{"highway":"residential","lanes":"2","lit":"yes","maxspeed":"50","name":"Lorong 1 Geylang","oneway":"yes","sidewalk:left":"separate","sidewalk:right":"no","surface":"asphalt","turn:lanes":"through|right","startNodeId":"240713113","endNodeId":"2011842690"},"geometry":{"type":"LineString","coordinates":[[103.8722478,1.3116621],[103.8723224,1.3114635]]}},{"type":"Feature","id":"way/481884808-0-0-0","properties":{"bus":"no","highway":"secondary_link","lanes":"1","maxspeed":"50","oneway":"yes","surface":"asphalt","startNodeId":"1863993075","endNodeId":"4747820260"},"geometry":{"type":"LineString","coordinates":[[103.8732165,1.315399],[103.8731649,1.3153358]]}},{"type":"Feature","id":"way/481884808-0-1-0","properties":{"bus":"no","highway":"secondary_link","lanes":"1","maxspeed":"50","oneway":"yes","surface":"asphalt","startNodeId":"4747820260","endNodeId":"4747820261"},"geometry":{"type":"LineString","coordinates":[[103.8731649,1.3153358],[103.8731392,1.3153291]]}},{"type":"Feature","id":"way/481884808-0-2-0","properties":{"bus":"no","highway":"secondary_link","lanes":"1","maxspeed":"50","oneway":"yes","surface":"asphalt","startNodeId":"4747820261","endNodeId":"4747820262"},"geometry":{"type":"LineString","coordinates":[[103.8731392,1.3153291],[103.8731091,1.3153347]]}},{"type":"Feature","id":"way/481884808-0-3-0","properties":{"bus":"no","highway":"secondary_link","lanes":"1","maxspeed":"50","oneway":"yes","surface":"asphalt","startNodeId":"4747820262","endNodeId":"4747820263"},"geometry":{"type":"LineString","coordinates":[[103.8731091,1.3153347],[103.8730885,1.3153421]]}},{"type":"Feature","id":"way/527945554-0-0-0","properties":{"highway":"primary_link","lanes":"2","maxheight":"4.5","maxspeed":"50","oneway":"yes","surface":"asphalt","startNodeId":"2990751834","endNodeId":"5131641889"},"geometry":{"type":"LineString","coordinates":[[103.8720882,1.3120971],[103.8721807,1.3119961]]}},{"type":"Feature","id":"way/527945554-0-1-0","properties":{"highway":"primary_link","lanes":"2","maxheight":"4.5","maxspeed":"50","oneway":"yes","surface":"asphalt","startNodeId":"5131641889","endNodeId":"6107308631"},"geometry":{"type":"LineString","coordinates":[[103.8721807,1.3119961],[103.8722293,1.3119474]]}},{"type":"Feature","id":"way/527945554-0-2-0","properties":{"highway":"primary_link","lanes":"2","maxheight":"4.5","maxspeed":"50","oneway":"yes","surface":"asphalt","startNodeId":"6107308631","endNodeId":"6107308632"},"geometry":{"type":"LineString","coordinates":[[103.8722293,1.3119474],[103.872266,1.311916]]}},{"type":"Feature","id":"way/527945554-0-3-0","properties":{"highway":"primary_link","lanes":"2","maxheight":"4.5","maxspeed":"50","oneway":"yes","surface":"asphalt","startNodeId":"6107308632","endNodeId":"8208437879"},"geometry":{"type":"LineString","coordinates":[[103.872266,1.311916],[103.8723027,1.3118935]]}},{"type":"Feature","id":"way/527945554-0-4-0","properties":{"highway":"primary_link","lanes":"2","maxheight":"4.5","maxspeed":"50","oneway":"yes","surface":"asphalt","startNodeId":"8208437879","endNodeId":"5131641887"},"geometry":{"type":"LineString","coordinates":[[103.8723027,1.3118935],[103.8723342,1.3118793]]}},{"type":"Feature","id":"way/527945554-0-5-0","properties":{"highway":"primary_link","lanes":"2","maxheight":"4.5","maxspeed":"50","oneway":"yes","surface":"asphalt","startNodeId":"5131641887","endNodeId":"6107308630"},"geometry":{"type":"LineString","coordinates":[[103.8723342,1.3118793],[103.8723746,1.3118726]]}},{"type":"Feature","id":"way/527945554-0-6-0","properties":{"highway":"primary_link","lanes":"2","maxheight":"4.5","maxspeed":"50","oneway":"yes","surface":"asphalt","startNodeId":"6107308630","endNodeId":"6107308629"},"geometry":{"type":"LineString","coordinates":[[103.8723746,1.3118726],[103.87243,1.3118703]]}},{"type":"Feature","id":"way/527945554-0-7-0","properties":{"highway":"primary_link","lanes":"2","maxheight":"4.5","maxspeed":"50","oneway":"yes","surface":"asphalt","startNodeId":"6107308629","endNodeId":"6107308628"},"geometry":{"type":"LineString","coordinates":[[103.87243,1.3118703],[103.8724727,1.3118748]]}},{"type":"Feature","id":"way/527945554-0-8-0","properties":{"highway":"primary_link","lanes":"2","maxheight":"4.5","maxspeed":"50","oneway":"yes","surface":"asphalt","startNodeId":"6107308628","endNodeId":"6107308627"},"geometry":{"type":"LineString","coordinates":[[103.8724727,1.3118748],[103.8725154,1.311886]]}},{"type":"Feature","id":"way/527945554-0-9-0","properties":{"highway":"primary_link","lanes":"2","maxheight":"4.5","maxspeed":"50","oneway":"yes","surface":"asphalt","startNodeId":"6107308627","endNodeId":"5131641885"},"geometry":{"type":"LineString","coordinates":[[103.8725154,1.311886],[103.8725681,1.3119035]]}},{"type":"Feature","id":"way/533009970-0-0-0","properties":{"highway":"service","lanes":"2","lanes:backward":"1","lanes:forward":"1","service":"parking_aisle","turn:lanes:forward":"left;right","startNodeId":"5171743459","endNodeId":"5171743458"},"geometry":{"type":"LineString","coordinates":[[103.8705303,1.3150279],[103.8710086,1.3152106]]}},{"type":"Feature","id":"way/538624604-0-0-0","properties":{"busway:left":"lane","highway":"primary","lanes":"6","lanes:bus":"1","lanes:bus:conditional":"1 @ (Mo-Sa 07:30-23:00)","maxspeed":"60","name":"Sims Avenue","name:zh":"\u6c88\u6c0f\u9053","oneway":"yes","source":"Yahoo aerial images","surface":"asphalt","startNodeId":"240713113","endNodeId":"8208437877"},"geometry":{"type":"LineString","coordinates":[[103.8722478,1.3116621],[103.8723365,1.3117231]]}},{"type":"Feature","id":"way/538624604-0-1-0","properties":{"busway:left":"lane","highway":"primary","lanes":"6","lanes:bus":"1","lanes:bus:conditional":"1 @ (Mo-Sa 07:30-23:00)","maxspeed":"60","name":"Sims Avenue","name:zh":"\u6c88\u6c0f\u9053","oneway":"yes","source":"Yahoo aerial images","surface":"asphalt","startNodeId":"8208437877","endNodeId":"5131641885"},"geometry":{"type":"LineString","coordinates":[[103.8723365,1.3117231],[103.8725681,1.3119035]]}},{"type":"Feature","id":"way/538624610-0-0-0","properties":{"highway":"residential","lanes":"3","maxspeed":"50","name":"Lorong 1 Geylang","oneway":"yes","surface":"asphalt","startNodeId":"3960050727","endNodeId":"8218215249"},"geometry":{"type":"LineString","coordinates":[[103.8710565,1.313833],[103.871084,1.313779]]}},{"type":"Feature","id":"way/538624610-0-1-0","properties":{"highway":"residential","lanes":"3","maxspeed":"50","name":"Lorong 1 Geylang","oneway":"yes","surface":"asphalt","startNodeId":"8218215249","endNodeId":"4604543757"},"geometry":{"type":"LineString","coordinates":[[103.871084,1.313779],[103.8711706,1.313609]]}},{"type":"Feature","id":"way/538624612-0-0-0","properties":{"highway":"secondary","lanes":"2","maxspeed":"50","name":"Upper Boon Keng Road","name:zh":"\u6587\u6176\u8def\u4e0a\u6bb5","oneway":"yes","sidewalk:left":"separate","sidewalk:right":"no","surface":"asphalt","turn:lanes":"left|through","startNodeId":"4105403090","endNodeId":"11926392997"},"geometry":{"type":"LineString","coordinates":[[103.8719549,1.3141545],[103.8718234,1.314101]]}},{"type":"Feature","id":"way/538624612-0-1-0","properties":{"highway":"secondary","lanes":"2","maxspeed":"50","name":"Upper Boon Keng Road","name:zh":"\u6587\u6176\u8def\u4e0a\u6bb5","oneway":"yes","sidewalk:left":"separate","sidewalk:right":"no","surface":"asphalt","turn:lanes":"left|through","startNodeId":"11926392997","endNodeId":"6137297378"},"geometry":{"type":"LineString","coordinates":[[103.8718234,1.314101],[103.8717882,1.3140867]]}},{"type":"Feature","id":"way/538624616-0-0-0","properties":{"highway":"secondary","lanes":"2","maxspeed":"50","name":"Upper Boon Keng Road","name:zh":"\u6587\u6176\u8def\u4e0a\u6bb5","oneway":"yes","surface":"asphalt","turn:lanes":"left;through|through","startNodeId":"373099687","endNodeId":"8218215246"},"geometry":{"type":"LineString","coordinates":[[103.8710179,1.3139364],[103.8710684,1.3139558]]}},{"type":"Feature","id":"way/538624616-0-1-0","properties":{"highway":"secondary","lanes":"2","maxspeed":"50","name":"Upper Boon Keng Road","name:zh":"\u6587\u6176\u8def\u4e0a\u6bb5","oneway":"yes","surface":"asphalt","turn:lanes":"left;through|through","startNodeId":"8218215246","endNodeId":"11926392994"},"geometry":{"type":"LineString","coordinates":[[103.8710684,1.3139558],[103.8717648,1.3142227]]}},{"type":"Feature","id":"way/538624616-0-2-0","properties":{"highway":"secondary","lanes":"2","maxspeed":"50","name":"Upper Boon Keng Road","name:zh":"\u6587\u6176\u8def\u4e0a\u6bb5","oneway":"yes","surface":"asphalt","turn:lanes":"left;through|through","startNodeId":"11926392994","endNodeId":"373098657"},"geometry":{"type":"LineString","coordinates":[[103.8717648,1.3142227],[103.8718995,1.3142743]]}},{"type":"Feature","id":"way/538624620-0-0-0","properties":{"highway":"secondary","lanes":"2","maxspeed":"50","name":"Upper Boon Keng Road","name:zh":"\u6587\u6176\u8def\u4e0a\u6bb5","oneway":"yes","surface":"asphalt","startNodeId":"373099134","endNodeId":"8193083174"},"geometry":{"type":"LineString","coordinates":[[103.8729829,1.3151316],[103.8730293,1.3152266]]}},{"type":"Feature","id":"way/538624620-0-1-0","properties":{"highway":"secondary","lanes":"2","maxspeed":"50","name":"Upper Boon Keng Road","name:zh":"\u6587\u6176\u8def\u4e0a\u6bb5","oneway":"yes","surface":"asphalt","startNodeId":"8193083174","endNodeId":"4747820263"},"geometry":{"type":"LineString","coordinates":[[103.8730293,1.3152266],[103.8730885,1.3153421]]}},{"type":"Feature","id":"way/538624623-0-0-0","properties":{"highway":"secondary","lanes":"2","maxspeed":"50","name":"Upper Boon Keng Road","name:zh":"\u6587\u6176\u8def\u4e0a\u6bb5","oneway":"yes","surface":"asphalt","turn:lanes":"through|through","startNodeId":"373099133","endNodeId":"1863993074"},"geometry":{"type":"LineString","coordinates":[[103.8726389,1.3147002],[103.8727984,1.3148801]]}},{"type":"Feature","id":"way/538624623-0-1-0","properties":{"highway":"secondary","lanes":"2","maxspeed":"50","name":"Upper Boon Keng Road","name:zh":"\u6587\u6176\u8def\u4e0a\u6bb5","oneway":"yes","surface":"asphalt","turn:lanes":"through|through","startNodeId":"1863993074","endNodeId":"13338597408"},"geometry":{"type":"LineString","coordinates":[[103.8727984,1.3148801],[103.8729127,1.3150359]]}},{"type":"Feature","id":"way/538624623-0-2-0","properties":{"highway":"secondary","lanes":"2","maxspeed":"50","name":"Upper Boon Keng Road","name:zh":"\u6587\u6176\u8def\u4e0a\u6bb5","oneway":"yes","surface":"asphalt","turn:lanes":"through|through","startNodeId":"13338597408","endNodeId":"373099134"},"geometry":{"type":"LineString","coordinates":[[103.8729127,1.3150359],[103.8729829,1.3151316]]}},{"type":"Feature","id":"way/538624627-0-0-0","properties":{"highway":"secondary","lanes":"2","maxspeed":"50","name":"Upper Boon Keng Road","name:zh":"\u6587\u6176\u8def\u4e0a\u6bb5","oneway":"yes","sidewalk:left":"separate","sidewalk:right":"no","surface":"asphalt","startNodeId":"2990753208","endNodeId":"13338597409"},"geometry":{"type":"LineString","coordinates":[[103.873034,1.3150472],[103.8729615,1.31495]]}},{"type":"Feature","id":"way/538624627-0-1-0","properties":{"highway":"secondary","lanes":"2","maxspeed":"50","name":"Upper Boon Keng Road","name:zh":"\u6587\u6176\u8def\u4e0a\u6bb5","oneway":"yes","sidewalk:left":"separate","sidewalk:right":"no","surface":"asphalt","startNodeId":"13338597409","endNodeId":"6391254317"},"geometry":{"type":"LineString","coordinates":[[103.8729615,1.31495],[103.8728232,1.3147643]]}},{"type":"Feature","id":"way/538624627-0-2-0","properties":{"highway":"secondary","lanes":"2","maxspeed":"50","name":"Upper Boon Keng Road","name:zh":"\u6587\u6176\u8def\u4e0a\u6bb5","oneway":"yes","sidewalk:left":"separate","sidewalk:right":"no","surface":"asphalt","startNodeId":"6391254317","endNodeId":"2990747824"},"geometry":{"type":"LineString","coordinates":[[103.8728232,1.3147643],[103.8727508,1.3146934]]}},{"type":"Feature","id":"way/538624630-0-0-0","properties":{"highway":"secondary","lanes":"2","maxspeed":"50","name":"Upper Boon Keng Road","name:zh":"\u6587\u6176\u8def\u4e0a\u6bb5","oneway":"yes","sidewalk:left":"separate","sidewalk:right":"no","surface":"asphalt","turn:lanes":"through|through","startNodeId":"1863993075","endNodeId":"8193083175"},"geometry":{"type":"LineString","coordinates":[[103.8732165,1.315399],[103.8730889,1.3151335]]}},{"type":"Feature","id":"way/538624630-0-1-0","properties":{"highway":"secondary","lanes":"2","maxspeed":"50","name":"Upper Boon Keng Road","name:zh":"\u6587\u6176\u8def\u4e0a\u6bb5","oneway":"yes","sidewalk:left":"separate","sidewalk:right":"no","surface":"asphalt","turn:lanes":"through|through","startNodeId":"8193083175","endNodeId":"2990753208"},"geometry":{"type":"LineString","coordinates":[[103.8730889,1.3151335],[103.873034,1.3150472]]}},{"type":"Feature","id":"way/538624634-0-0-0","properties":{"highway":"residential","lanes":"2","maxheight":"4.5","maxspeed":"40","name":"Lorong 3 Geylang","surface":"asphalt","startNodeId":"2990753208","endNodeId":"373099134"},"geometry":{"type":"LineString","coordinates":[[103.873034,1.3150472],[103.8729829,1.3151316]]}},{"type":"Feature","id":"way/538624640-0-0-0","properties":{"highway":"secondary","lanes":"2","maxspeed":"50","name":"Upper Boon Keng Road","name:zh":"\u6587\u6176\u8def\u4e0a\u6bb5","oneway":"yes","surface":"asphalt","turn:lanes":"left;through|through","startNodeId":"4747820263","endNodeId":"1863993076"},"geometry":{"type":"LineString","coordinates":[[103.8730885,1.3153421],[103.8731483,1.3154815]]}},{"type":"Feature","id":"way/542158614-0-0-0","properties":{"highway":"residential","lanes":"2","maxspeed":"50","name":"Lorong 1 Geylang","oneway":"yes","surface":"asphalt","turn:lanes":"right|right","startNodeId":"5241830700","endNodeId":"8218215250"},"geometry":{"type":"LineString","coordinates":[[103.8710957,1.313555],[103.8709975,1.3137472]]}},{"type":"Feature","id":"way/542158614-0-1-0","properties":{"highway":"residential","lanes":"2","maxspeed":"50","name":"Lorong 1 Geylang","oneway":"yes","surface":"asphalt","turn:lanes":"right|right","startNodeId":"8218215250","endNodeId":"5241830701"},"geometry":{"type":"LineString","coordinates":[[103.8709975,1.3137472],[103.8709691,1.3138027]]}},{"type":"Feature","id":"way/542158615-0-0-0","properties":{"highway":"residential","lanes":"2","maxspeed":"50","name":"Lorong 1 Geylang","oneway":"yes","surface":"asphalt","startNodeId":"5241830701","endNodeId":"5241830702"},"geometry":{"type":"LineString","coordinates":[[103.8709691,1.3138027],[103.8709285,1.3139028]]}},{"type":"Feature","id":"way/542158616-0-0-0","properties":{"highway":"secondary","lanes":"3","maxspeed":"50","name":"Upper Boon Keng Road","name:zh":"\u6587\u6176\u8def\u4e0a\u6bb5","oneway":"yes","surface":"asphalt","turn:lanes":"through|right|right","startNodeId":"5241830702","endNodeId":"373099687"},"geometry":{"type":"LineString","coordinates":[[103.8709285,1.3139028],[103.8710179,1.3139364]]}},{"type":"Feature","id":"way/542158617-0-0-0","properties":{"highway":"secondary","lanes":"2","maxspeed":"50","name":"Upper Boon Keng Road","name:zh":"\u6587\u6176\u8def\u4e0a\u6bb5","oneway":"yes","surface":"asphalt","startNodeId":"5241830701","endNodeId":"8218215252"},"geometry":{"type":"LineString","coordinates":[[103.8709691,1.3138027],[103.8709028,1.3137764]]}},{"type":"Feature","id":"way/542158617-0-1-0","properties":{"highway":"secondary","lanes":"2","maxspeed":"50","name":"Upper Boon Keng Road","name:zh":"\u6587\u6176\u8def\u4e0a\u6bb5","oneway":"yes","surface":"asphalt","startNodeId":"8218215252","endNodeId":"4604543753"},"geometry":{"type":"LineString","coordinates":[[103.8709028,1.3137764],[103.8706439,1.3136735]]}},{"type":"Feature","id":"way/542158618-0-0-0","properties":{"highway":"secondary","lanes":"2","maxspeed":"50","name":"Upper Boon Keng Road","name:zh":"\u6587\u6176\u8def\u4e0a\u6bb5","oneway":"yes","surface":"asphalt","startNodeId":"3960050727","endNodeId":"5241830701"},"geometry":{"type":"LineString","coordinates":[[103.8710565,1.313833],[103.8709691,1.3138027]]}},{"type":"Feature","id":"way/542161962-0-0-0","properties":{"highway":"secondary","lanes":"2","maxspeed":"50","name":"Upper Boon Keng Road","name:zh":"\u6587\u6176\u8def\u4e0a\u6bb5","oneway":"yes","surface":"asphalt","turn:lanes":"through|through","startNodeId":"4604543761","endNodeId":"8218215247"},"geometry":{"type":"LineString","coordinates":[[103.8713432,1.3139206],[103.8711086,1.3138489]]}},{"type":"Feature","id":"way/542161962-0-1-0","properties":{"highway":"secondary","lanes":"2","maxspeed":"50","name":"Upper Boon Keng Road","name:zh":"\u6587\u6176\u8def\u4e0a\u6bb5","oneway":"yes","surface":"asphalt","turn:lanes":"through|through","startNodeId":"8218215247","endNodeId":"3960050727"},"geometry":{"type":"LineString","coordinates":[[103.8711086,1.3138489],[103.8710565,1.313833]]}},{"type":"Feature","id":"way/546918827-0-0-0","properties":{"highway":"service","lanes":"2","lanes:backward":"1","lanes:forward":"1","service":"driveway","startNodeId":"11237800518","endNodeId":"11237800505"},"geometry":{"type":"LineString","coordinates":[[103.8704662,1.3123562],[103.8704652,1.3123813]]}},{"type":"Feature","id":"way/546918827-0-1-0","properties":{"highway":"service","lanes":"2","lanes:backward":"1","lanes:forward":"1","service":"driveway","startNodeId":"11237800505","endNodeId":"11237800519"},"geometry":{"type":"LineString","coordinates":[[103.8704652,1.3123813],[103.8704505,1.3124021]]}},{"type":"Feature","id":"way/546918827-0-2-0","properties":{"highway":"service","lanes":"2","lanes:backward":"1","lanes:forward":"1","service":"driveway","startNodeId":"11237800519","endNodeId":"11237800520"},"geometry":{"type":"LineString","coordinates":[[103.8704505,1.3124021],[103.870305,1.3125482]]}},{"type":"Feature","id":"way/546918827-0-3-0","properties":{"highway":"service","lanes":"2","lanes:backward":"1","lanes:forward":"1","service":"driveway","startNodeId":"11237800520","endNodeId":"11237800521"},"geometry":{"type":"LineString","coordinates":[[103.870305,1.3125482],[103.8702895,1.312571]]}},{"type":"Feature","id":"way/546918827-0-4-0","properties":{"highway":"service","lanes":"2","lanes:backward":"1","lanes:forward":"1","service":"driveway","startNodeId":"11237800521","endNodeId":"11237800522"},"geometry":{"type":"LineString","coordinates":[[103.8702895,1.312571],[103.8702594,1.3126991]]}},{"type":"Feature","id":"way/546918827-0-5-0","properties":{"highway":"service","lanes":"2","lanes:backward":"1","lanes:forward":"1","service":"driveway","startNodeId":"11237800522","endNodeId":"11237800523"},"geometry":{"type":"LineString","coordinates":[[103.8702594,1.3126991],[103.8702694,1.3127607]]}},{"type":"Feature","id":"way/546918827-0-6-0","properties":{"highway":"service","lanes":"2","lanes:backward":"1","lanes:forward":"1","service":"driveway","startNodeId":"11237800523","endNodeId":"5284827552"},"geometry":{"type":"LineString","coordinates":[[103.8702694,1.3127607],[103.8701233,1.3133232]]}},{"type":"Feature","id":"way/546918827-0-7-0","properties":{"highway":"service","lanes":"2","lanes:backward":"1","lanes:forward":"1","service":"driveway","startNodeId":"5284827552","endNodeId":"6046663979"},"geometry":{"type":"LineString","coordinates":[[103.8701233,1.3133232],[103.8701337,1.3133589]]}},{"type":"Feature","id":"way/546918828-0-0-0","properties":{"highway":"service","lanes":"2","lanes:backward":"1","lanes:forward":"1","service":"driveway","turn:lanes:backward":"left","startNodeId":"5284827556","endNodeId":"6107308635"},"geometry":{"type":"LineString","coordinates":[[103.8713504,1.3131199],[103.8712654,1.3130866]]}},{"type":"Feature","id":"way/585630268-0-0-0","properties":{"highway":"residential","lanes":"2","lit":"yes","maxheight":"4.5","maxspeed":"50","name":"Lorong 1 Geylang","oneway":"yes","surface":"asphalt","startNodeId":"2990751834","endNodeId":"2011842692"},"geometry":{"type":"LineString","coordinates":[[103.8720882,1.3120971],[103.8722081,1.3117711]]}},{"type":"Feature","id":"way/585630268-0-1-0","properties":{"highway":"residential","lanes":"2","lit":"yes","maxheight":"4.5","maxspeed":"50","name":"Lorong 1 Geylang","oneway":"yes","surface":"asphalt","startNodeId":"2011842692","endNodeId":"240713113"},"geometry":{"type":"LineString","coordinates":[[103.8722081,1.3117711],[103.8722478,1.3116621]]}},{"type":"Feature","id":"way/585630270-0-0-0","properties":{"busway:left":"lane","highway":"primary","lanes":"5","lit":"yes","maxspeed":"60","name":"Sims Avenue","name:zh":"\u6c88\u6c0f\u9053","oneway":"yes","sidewalk":"separate","source":"Yahoo aerial images","surface":"asphalt","startNodeId":"5241830705","endNodeId":"240713113"},"geometry":{"type":"LineString","coordinates":[[103.8721651,1.3116046],[103.8722478,1.3116621]]}},{"type":"Feature","id":"way/585630274-0-0-0","properties":{"highway":"residential","lanes":"4","maxspeed":"50","name":"Lorong 1 Geylang","oneway":"yes","sidewalk:left":"separate","sidewalk:right":"no","surface":"asphalt","turn:lanes":"through|through|through;right|right","startNodeId":"5241830704","endNodeId":"7226564939"},"geometry":{"type":"LineString","coordinates":[[103.8724145,1.3108965],[103.8723012,1.3112309]]}},{"type":"Feature","id":"way/585630274-0-1-0","properties":{"highway":"residential","lanes":"4","maxspeed":"50","name":"Lorong 1 Geylang","oneway":"yes","sidewalk:left":"separate","sidewalk:right":"no","surface":"asphalt","turn:lanes":"through|through|through;right|right","startNodeId":"7226564939","endNodeId":"8208437884"},"geometry":{"type":"LineString","coordinates":[[103.8723012,1.3112309],[103.8722329,1.3114239]]}},{"type":"Feature","id":"way/627317332-0-0-0","properties":{"highway":"secondary","lanes":"3","maxspeed":"50","name":"Upper Boon Keng Road","oneway":"yes","surface":"asphalt","toll":"yes","startNodeId":"4604543753","endNodeId":"3669869068"},"geometry":{"type":"LineString","coordinates":[[103.8706439,1.3136735],[103.8705111,1.3136329]]}},{"type":"Feature","id":"way/627317332-0-1-0","properties":{"highway":"secondary","lanes":"3","maxspeed":"50","name":"Upper Boon Keng Road","oneway":"yes","surface":"asphalt","toll":"yes","startNodeId":"3669869068","endNodeId":"246957123"},"geometry":{"type":"LineString","coordinates":[[103.8705111,1.3136329],[103.8704366,1.3136101]]}},{"type":"Feature","id":"way/630395501-0-0-0","properties":{"highway":"residential","lanes":"2","maxspeed":"50","name":"Lorong 1 Geylang","oneway":"yes","sidewalk:left":"separate","sidewalk:right":"no","surface":"asphalt","turn:lanes":"through|right","startNodeId":"2011842690","endNodeId":"4690945415"},"geometry":{"type":"LineString","coordinates":[[103.8723224,1.3114635],[103.8723556,1.3113663]]}},{"type":"Feature","id":"way/630395502-0-0-0","properties":{"highway":"residential","lanes":"4","lit":"yes","maxspeed":"50","name":"Lorong 1 Geylang","oneway":"yes","sidewalk:left":"separate","sidewalk:right":"no","surface":"asphalt","turn:lanes":"through|through|through;right|right","startNodeId":"8208437884","endNodeId":"5241830705"},"geometry":{"type":"LineString","coordinates":[[103.8722329,1.3114239],[103.8721651,1.3116046]]}},{"type":"Feature","id":"way/630428364-0-0-0","properties":{"busway:left":"lane","highway":"primary","lanes":"7","lanes:bus":"2","lanes:bus:conditional":"2 @ (Mo-Sa 07:30-23:00)","lit":"yes","maxspeed":"60","name":"Sims Avenue","name:zh":"\u6c88\u6c0f\u9053","oneway":"yes","sidewalk":"separate","source":"Yahoo aerial images","surface":"asphalt","turn:lanes":"left|left|through|through|through|through|right","startNodeId":"5952975205","endNodeId":"2011842691"},"geometry":{"type":"LineString","coordinates":[[103.871888,1.3113931],[103.8720588,1.311523]]}},{"type":"Feature","id":"way/630428364-0-1-0","properties":{"busway:left":"lane","highway":"primary","lanes":"7","lanes:bus":"2","lanes:bus:conditional":"2 @ (Mo-Sa 07:30-23:00)","lit":"yes","maxspeed":"60","name":"Sims Avenue","name:zh":"\u6c88\u6c0f\u9053","oneway":"yes","sidewalk":"separate","source":"Yahoo aerial images","surface":"asphalt","turn:lanes":"left|left|through|through|through|through|right","startNodeId":"2011842691","endNodeId":"5241830705"},"geometry":{"type":"LineString","coordinates":[[103.8720588,1.311523],[103.8721651,1.3116046]]}},{"type":"Feature","id":"way/633178245-0-0-0","properties":{"highway":"residential","lanes":"3","maxspeed":"50","name":"Lorong 1 Geylang","oneway":"yes","surface":"asphalt","turn:lanes":"through|through;right|right","startNodeId":"4427371462","endNodeId":"3658466339"},"geometry":{"type":"LineString","coordinates":[[103.8724126,1.3111994],[103.8724932,1.3109348]]}},{"type":"Feature","id":"way/633848059-0-0-0","properties":{"highway":"secondary_link","lanes":"2","maxspeed":"50","oneway":"yes","surface":"asphalt","turn:lanes":"left|left","startNodeId":"5241830700","endNodeId":"4604543756"},"geometry":{"type":"LineString","coordinates":[[103.8710957,1.313555],[103.8709569,1.3136476]]}},{"type":"Feature","id":"way/638166429-0-0-0","properties":{"highway":"secondary","lanes":"2","maxspeed":"50","name":"Upper Boon Keng Road","name:zh":"\u6587\u6176\u8def\u4e0a\u6bb5","oneway":"yes","sidewalk:left":"separate","sidewalk:right":"no","surface":"asphalt","startNodeId":"2990747824","endNodeId":"5131966141"},"geometry":{"type":"LineString","coordinates":[[103.8727508,1.3146934],[103.8725741,1.3145205]]}},{"type":"Feature","id":"way/642225282-0-0-0","properties":{"highway":"service","lanes":"2","lanes:backward":"1","lanes:forward":"1","service":"driveway","startNodeId":"6046663979","endNodeId":"6046663978"},"geometry":{"type":"LineString","coordinates":[[103.8701337,1.3133589],[103.8706617,1.3134914]]}},{"type":"Feature","id":"way/642233827-0-0-0","properties":{"highway":"service","lanes":"2","lanes:backward":"1","lanes:forward":"1","service":"driveway","startNodeId":"6046714419","endNodeId":"6046714413"},"geometry":{"type":"LineString","coordinates":[[103.8715642,1.3108643],[103.8721637,1.3110861]]}},{"type":"Feature","id":"way/644730596-0-0-0","properties":{"highway":"service","lanes":"2","lanes:backward":"1","lanes:forward":"1","service":"parking_aisle","startNodeId":"373098444","endNodeId":"1820739406"},"geometry":{"type":"LineString","coordinates":[[103.8709587,1.3153443],[103.8708916,1.3155045]]}},{"type":"Feature","id":"way/644825404-0-0-0","properties":{"highway":"service","lanes":"1","oneway":"yes","service":"driveway","turn:lanes:backward":"right","turn:lanes:forward":"through","startNodeId":"5284827551","endNodeId":"7764917642"},"geometry":{"type":"LineString","coordinates":[[103.870091,1.3135256],[103.8701059,1.3134672]]}},{"type":"Feature","id":"way/644825404-0-1-0","properties":{"highway":"service","lanes":"1","oneway":"yes","service":"driveway","turn:lanes:backward":"right","turn:lanes:forward":"through","startNodeId":"7764917642","endNodeId":"11782719169"},"geometry":{"type":"LineString","coordinates":[[103.8701059,1.3134672],[103.8701127,1.3134406]]}},{"type":"Feature","id":"way/644825404-0-2-0","properties":{"highway":"service","lanes":"1","oneway":"yes","service":"driveway","turn:lanes:backward":"right","turn:lanes:forward":"through","startNodeId":"11782719169","endNodeId":"6046663979"},"geometry":{"type":"LineString","coordinates":[[103.8701127,1.3134406],[103.8701337,1.3133589]]}},{"type":"Feature","id":"way/646170037-0-0-0","properties":{"highway":"service","lanes":"2","lanes:backward":"1","lanes:forward":"1","service":"parking_aisle","startNodeId":"373098443","endNodeId":"373098499"},"geometry":{"type":"LineString","coordinates":[[103.8712761,1.3145777],[103.8716946,1.3147443]]}},{"type":"Feature","id":"way/646170042-0-0-0","properties":{"highway":"service","lanes":"2","lanes:backward":"1","lanes:forward":"1","service":"parking_aisle","startNodeId":"5171743458","endNodeId":"373098444"},"geometry":{"type":"LineString","coordinates":[[103.8710086,1.3152106],[103.8709587,1.3153443]]}},{"type":"Feature","id":"way/646170258-0-0-0","properties":{"highway":"service","lanes":"2","lanes:backward":"1","lanes:forward":"1","service":"parking_aisle","startNodeId":"373098465","endNodeId":"373098878"},"geometry":{"type":"LineString","coordinates":[[103.8702205,1.3142043],[103.8700556,1.3146571]]}},{"type":"Feature","id":"way/647756295-0-0-0","properties":{"highway":"secondary","lanes":"2","maxspeed":"50","name":"Upper Boon Keng Road","name:zh":"\u6587\u6176\u8def\u4e0a\u6bb5","oneway":"yes","surface":"asphalt","turn:lanes":"through|through","startNodeId":"373098657","endNodeId":"1863993072"},"geometry":{"type":"LineString","coordinates":[[103.8718995,1.3142743],[103.8721795,1.3144002]]}},{"type":"Feature","id":"way/649207323-0-0-0","properties":{"highway":"secondary","lanes":"3","maxspeed":"50","name":"Upper Boon Keng Road","name:zh":"\u6587\u6176\u8def\u4e0a\u6bb5","oneway":"yes","surface":"asphalt","turn:lanes":"through|right|right","startNodeId":"373098877","endNodeId":"8218215253"},"geometry":{"type":"LineString","coordinates":[[103.8704278,1.3137311],[103.8708653,1.3138811]]}},{"type":"Feature","id":"way/649207323-0-1-0","properties":{"highway":"secondary","lanes":"3","maxspeed":"50","name":"Upper Boon Keng Road","name:zh":"\u6587\u6176\u8def\u4e0a\u6bb5","oneway":"yes","surface":"asphalt","turn:lanes":"through|right|right","startNodeId":"8218215253","endNodeId":"5241830702"},"geometry":{"type":"LineString","coordinates":[[103.8708653,1.3138811],[103.8709285,1.3139028]]}},{"type":"Feature","id":"way/649207324-0-0-0","properties":{"highway":"secondary","lanes":"3","maxspeed":"50","name":"Upper Boon Keng Road","name:zh":"\u6587\u6176\u8def\u4e0a\u6bb5","oneway":"yes","surface":"asphalt","turn:lanes":"left;through|right|right","startNodeId":"6093167720","endNodeId":"373098877"},"geometry":{"type":"LineString","coordinates":[[103.8700414,1.3136141],[103.8704278,1.3137311]]}},{"type":"Feature","id":"way/654997450-0-0-0","properties":{"busway:left":"lane","highway":"primary","lanes":"7","lanes:bus":"2","lanes:bus:conditional":"2 @ (Mo-Sa 07:30-23:00)","lit":"yes","maxspeed":"60","name":"Sims Avenue","name:zh":"\u6c88\u6c0f\u9053","oneway":"yes","sidewalk":"separate","source":"Yahoo aerial images","surface":"asphalt","turn:lanes":"left|left|through|through|through|through|right","startNodeId":"6137230734","endNodeId":"5952975205"},"geometry":{"type":"LineString","coordinates":[[103.8718325,1.3113462],[103.871888,1.3113931]]}},{"type":"Feature","id":"way/654997451-0-1-0","properties":{"busway:left":"lane","highway":"primary","lanes":"6","lanes:bus":"2","lanes:bus:conditional":"2 @ (Mo-Sa 07:30-23:00)","lit":"yes","maxspeed":"60","name":"Sims Avenue","name:zh":"\u6c88\u6c0f\u9053","oneway":"yes","sidewalk":"separate","source":"Yahoo aerial images","surface":"asphalt","turn:lanes":"left|through|through|through|through|right","startNodeId":"240713080","endNodeId":"6046714420"},"geometry":{"type":"LineString","coordinates":[[103.871397,1.3109897],[103.87148,1.3110557]]}},{"type":"Feature","id":"way/654997451-0-2-0","properties":{"busway:left":"lane","highway":"primary","lanes":"6","lanes:bus":"2","lanes:bus:conditional":"2 @ (Mo-Sa 07:30-23:00)","lit":"yes","maxspeed":"60","name":"Sims Avenue","name:zh":"\u6c88\u6c0f\u9053","oneway":"yes","sidewalk":"separate","source":"Yahoo aerial images","surface":"asphalt","turn:lanes":"left|through|through|through|through|right","startNodeId":"6046714420","endNodeId":"2381945335"},"geometry":{"type":"LineString","coordinates":[[103.87148,1.3110557],[103.8715209,1.3110882]]}},{"type":"Feature","id":"way/654997451-0-3-0","properties":{"busway:left":"lane","highway":"primary","lanes":"6","lanes:bus":"2","lanes:bus:conditional":"2 @ (Mo-Sa 07:30-23:00)","lit":"yes","maxspeed":"60","name":"Sims Avenue","name:zh":"\u6c88\u6c0f\u9053","oneway":"yes","sidewalk":"separate","source":"Yahoo aerial images","surface":"asphalt","turn:lanes":"left|through|through|through|through|right","startNodeId":"2381945335","endNodeId":"6137230734"},"geometry":{"type":"LineString","coordinates":[[103.8715209,1.3110882],[103.8718325,1.3113462]]}},{"type":"Feature","id":"way/655003324-0-0-0","properties":{"highway":"secondary","lanes":"3","maxspeed":"50","name":"Upper Boon Keng Road","name:zh":"\u6587\u6176\u8def\u4e0a\u6bb5","oneway":"yes","sidewalk:left":"separate","sidewalk:right":"no","surface":"asphalt","turn:lanes":"left|through|through","startNodeId":"6137297378","endNodeId":"4604543761"},"geometry":{"type":"LineString","coordinates":[[103.8717882,1.3140867],[103.8713432,1.3139206]]}},{"type":"Feature","id":"way/659861094-0-0-0","properties":{"busway:left":"lane","highway":"primary","lanes":"6","lanes:bus":"1","lanes:bus:conditional":"1 @ (Mo-Sa 07:30-23:00)","lit":"yes","maxspeed":"60","name":"Sims Avenue","name:zh":"\u6c88\u6c0f\u9053","oneway":"yes","source":"Yahoo aerial images","surface":"asphalt","startNodeId":"5131641885","endNodeId":"240713119"},"geometry":{"type":"LineString","coordinates":[[103.8725681,1.3119035],[103.8732232,1.3123538]]}},{"type":"Feature","id":"way/666033238-0-0-0","properties":{"highway":"residential","lanes":"2","lanes:backward":"1","lanes:forward":"1","maxspeed":"50","name":"Jalan Ayer","surface":"asphalt","startNodeId":"4427371462","endNodeId":"8208437885"},"geometry":{"type":"LineString","coordinates":[[103.8724126,1.3111994],[103.8724674,1.3112204]]}},{"type":"Feature","id":"way/666033238-0-1-0","properties":{"highway":"residential","lanes":"2","lanes:backward":"1","lanes:forward":"1","maxspeed":"50","name":"Jalan Ayer","surface":"asphalt","startNodeId":"8208437885","endNodeId":"5241816687"},"geometry":{"type":"LineString","coordinates":[[103.8724674,1.3112204],[103.8726084,1.3112633]]}},{"type":"Feature","id":"way/670348979-0-0-0","properties":{"highway":"service","lanes":"2","lanes:backward":"1","lanes:forward":"1","name":"Boon King Ville","service":"parking_aisle","surface":"asphalt","turn:lanes:forward":"left;right","startNodeId":"6277643675","endNodeId":"373098499"},"geometry":{"type":"LineString","coordinates":[[103.8717426,1.3146311],[103.8716946,1.3147443]]}},{"type":"Feature","id":"way/670348980-0-0-0","properties":{"highway":"service","lanes":"2","name":"Boon King Ville","service":"parking_aisle","surface":"asphalt","startNodeId":"6277643676","endNodeId":"6277643675"},"geometry":{"type":"LineString","coordinates":[[103.8718244,1.3144353],[103.8717426,1.3146311]]}},{"type":"Feature","id":"way/744676043-0-0-0","properties":{"highway":"residential","lanes":"2","maxheight":"4.5","maxspeed":"40","name":"Lorong 3 Geylang","sidewalk":"left","surface":"asphalt","turn:lanes":"left|left;right","startNodeId":"2990753208","endNodeId":"8193044082"},"geometry":{"type":"LineString","coordinates":[[103.873034,1.3150472],[103.8730928,1.3149603]]}},{"type":"Feature","id":"way/744676043-0-1-0","properties":{"highway":"residential","lanes":"2","maxheight":"4.5","maxspeed":"40","name":"Lorong 3 Geylang","sidewalk":"left","surface":"asphalt","turn:lanes":"left|left;right","startNodeId":"8193044082","endNodeId":"10910880946"},"geometry":{"type":"LineString","coordinates":[[103.8730928,1.3149603],[103.8732538,1.3147018]]}},{"type":"Feature","id":"way/744702744-0-0-0","properties":{"highway":"service","lanes":"2","lanes:backward":"1","lanes:forward":"1","service":"driveway","startNodeId":"6107308635","endNodeId":"11237800499"},"geometry":{"type":"LineString","coordinates":[[103.8712654,1.3130866],[103.871203,1.3130505]]}},{"type":"Feature","id":"way/744702744-0-1-0","properties":{"highway":"service","lanes":"2","lanes:backward":"1","lanes:forward":"1","service":"driveway","startNodeId":"11237800499","endNodeId":"11237800497"},"geometry":{"type":"LineString","coordinates":[[103.871203,1.3130505],[103.8711772,1.3130356]]}},{"type":"Feature","id":"way/744702744-0-2-0","properties":{"highway":"service","lanes":"2","lanes:backward":"1","lanes:forward":"1","service":"driveway","startNodeId":"11237800497","endNodeId":"5284827555"},"geometry":{"type":"LineString","coordinates":[[103.8711772,1.3130356],[103.8710822,1.3129806]]}},{"type":"Feature","id":"way/744702745-0-0-0","properties":{"highway":"service","lanes":"2","lanes:backward":"1","lanes:forward":"1","service":"driveway","startNodeId":"5284827555","endNodeId":"6969825290"},"geometry":{"type":"LineString","coordinates":[[103.8710822,1.3129806],[103.8710057,1.312929]]}},{"type":"Feature","id":"way/744702745-0-1-0","properties":{"highway":"service","lanes":"2","lanes:backward":"1","lanes:forward":"1","service":"driveway","startNodeId":"6969825290","endNodeId":"5284827554"},"geometry":{"type":"LineString","coordinates":[[103.8710057,1.312929],[103.8709165,1.3129008]]}},{"type":"Feature","id":"way/744702745-0-2-0","properties":{"highway":"service","lanes":"2","lanes:backward":"1","lanes:forward":"1","service":"driveway","startNodeId":"5284827554","endNodeId":"11237800525"},"geometry":{"type":"LineString","coordinates":[[103.8709165,1.3129008],[103.8704609,1.3127972]]}},{"type":"Feature","id":"way/744702747-0-0-0","properties":{"highway":"service","lanes":"2","lanes:backward":"1","lanes:forward":"1","service":"driveway","surface":"asphalt","turn:lanes:backward":"through","turn:lanes:forward":"through","startNodeId":"6969825294","endNodeId":"9978841659"},"geometry":{"type":"LineString","coordinates":[[103.8734398,1.3129223],[103.8733314,1.3128597]]}},{"type":"Feature","id":"way/744702747-0-1-0","properties":{"highway":"service","lanes":"2","lanes:backward":"1","lanes:forward":"1","service":"driveway","surface":"asphalt","turn:lanes:backward":"through","turn:lanes:forward":"through","startNodeId":"9978841659","endNodeId":"4604543762"},"geometry":{"type":"LineString","coordinates":[[103.8733314,1.3128597],[103.873267,1.3128225]]}},{"type":"Feature","id":"way/744909810-0-0-0","properties":{"highway":"service","lanes":"2","lanes:backward":"1","lanes:forward":"1","service":"parking_aisle","startNodeId":"6972976588","endNodeId":"373098443"},"geometry":{"type":"LineString","coordinates":[[103.8704096,1.3142778],[103.8712761,1.3145777]]}},{"type":"Feature","id":"way/762241249-0-0-0","properties":{"highway":"service","lanes":"2","lanes:backward":"1","lanes:forward":"1","service":"parking_aisle","sidewalk":"left","turn:lanes:backward":"through","turn:lanes:forward":"through","startNodeId":"7122213889","endNodeId":"7122225977"},"geometry":{"type":"LineString","coordinates":[[103.8703385,1.3139285],[103.8702963,1.3140371]]}},{"type":"Feature","id":"way/762243125-0-0-0","properties":{"highway":"service","lanes":"2","lanes:backward":"1","lanes:forward":"1","service":"parking_aisle","sidewalk":"left","turn:lanes:forward":"right","startNodeId":"7122225977","endNodeId":"373098465"},"geometry":{"type":"LineString","coordinates":[[103.8702963,1.3140371],[103.8702205,1.3142043]]}},{"type":"Feature","id":"way/763127049-0-2-0","properties":{"highway":"service","lanes":"2","lanes:backward":"1","lanes:forward":"1","service":"parking_aisle","surface":"asphalt","startNodeId":"10605874011","endNodeId":"4604429172"},"geometry":{"type":"LineString","coordinates":[[103.8735424,1.3116682],[103.8733635,1.3121409]]}},{"type":"Feature","id":"way/763937608-0-0-0","properties":{"highway":"secondary","lanes":"3","maxspeed":"50","name":"Upper Boon Keng Road","name:zh":"\u6587\u6176\u8def\u4e0a\u6bb5","oneway":"yes","surface":"asphalt","turn:lanes":"left;through|through|through","startNodeId":"246957123","endNodeId":"5284827551"},"geometry":{"type":"LineString","coordinates":[[103.8704366,1.3136101],[103.870091,1.3135256]]}},{"type":"Feature","id":"way/783831316-0-0-0","properties":{"highway":"service","lanes":"1","oneway":"yes","turn:lanes":"left;right","startNodeId":"7321335578","endNodeId":"7321335577"},"geometry":{"type":"LineString","coordinates":[[103.8733298,1.3130329],[103.873305,1.3130329]]}},{"type":"Feature","id":"way/783831316-0-1-0","properties":{"highway":"service","lanes":"1","oneway":"yes","turn:lanes":"left;right","startNodeId":"7321335577","endNodeId":"9978841658"},"geometry":{"type":"LineString","coordinates":[[103.873305,1.3130329],[103.8732464,1.3129982]]}},{"type":"Feature","id":"way/783831316-0-2-0","properties":{"highway":"service","lanes":"1","oneway":"yes","turn:lanes":"left;right","startNodeId":"9978841658","endNodeId":"7321335581"},"geometry":{"type":"LineString","coordinates":[[103.8732464,1.3129982],[103.8731964,1.3129685]]}},{"type":"Feature","id":"way/783831317-0-0-0","properties":{"highway":"service","lanes":"1","oneway":"yes","surface":"paving_stones","turn:lanes":"through","startNodeId":"6969825294","endNodeId":"7321335580"},"geometry":{"type":"LineString","coordinates":[[103.8734398,1.3129223],[103.8733882,1.3129907]]}},{"type":"Feature","id":"way/783831317-0-1-0","properties":{"highway":"service","lanes":"1","oneway":"yes","surface":"paving_stones","turn:lanes":"through","startNodeId":"7321335580","endNodeId":"7321335579"},"geometry":{"type":"LineString","coordinates":[[103.8733882,1.3129907],[103.8733613,1.3130215]]}},{"type":"Feature","id":"way/783831317-0-2-0","properties":{"highway":"service","lanes":"1","oneway":"yes","surface":"paving_stones","turn:lanes":"through","startNodeId":"7321335579","endNodeId":"7321335578"},"geometry":{"type":"LineString","coordinates":[[103.8733613,1.3130215],[103.8733298,1.3130329]]}},{"type":"Feature","id":"way/783831318-0-0-0","properties":{"highway":"service","lanes":"2","lanes:backward":"1","lanes:forward":"1","service":"driveway","turn:lanes:backward":"through","turn:lanes:forward":"through","startNodeId":"4604543765","endNodeId":"6969825293"},"geometry":{"type":"LineString","coordinates":[[103.8729231,1.3131336],[103.8729691,1.3131522]]}},{"type":"Feature","id":"way/783831318-0-1-0","properties":{"highway":"service","lanes":"2","lanes:backward":"1","lanes:forward":"1","service":"driveway","turn:lanes:backward":"through","turn:lanes:forward":"through","startNodeId":"6969825293","endNodeId":"6969825292"},"geometry":{"type":"LineString","coordinates":[[103.8729691,1.3131522],[103.8730106,1.3131556]]}},{"type":"Feature","id":"way/783831318-0-2-0","properties":{"highway":"service","lanes":"2","lanes:backward":"1","lanes:forward":"1","service":"driveway","turn:lanes:backward":"through","turn:lanes:forward":"through","startNodeId":"6969825292","endNodeId":"4604543764"},"geometry":{"type":"LineString","coordinates":[[103.8730106,1.3131556],[103.8730491,1.3131491]]}},{"type":"Feature","id":"way/783831318-0-3-0","properties":{"highway":"service","lanes":"2","lanes:backward":"1","lanes:forward":"1","service":"driveway","turn:lanes:backward":"through","turn:lanes:forward":"through","startNodeId":"4604543764","endNodeId":"4604543763"},"geometry":{"type":"LineString","coordinates":[[103.8730491,1.3131491],[103.8730968,1.3131269]]}},{"type":"Feature","id":"way/783831318-0-4-0","properties":{"highway":"service","lanes":"2","lanes:backward":"1","lanes:forward":"1","service":"driveway","turn:lanes:backward":"through","turn:lanes:forward":"through","startNodeId":"4604543763","endNodeId":"7321335581"},"geometry":{"type":"LineString","coordinates":[[103.8730968,1.3131269],[103.8731964,1.3129685]]}},{"type":"Feature","id":"way/783831319-0-0-0","properties":{"highway":"service","lanes":"2","lanes:backward":"1","lanes:forward":"1","service":"driveway","turn:lanes:backward":"through","turn:lanes:forward":"left;right","startNodeId":"7321335581","endNodeId":"4604543762"},"geometry":{"type":"LineString","coordinates":[[103.8731964,1.3129685],[103.873267,1.3128225]]}},{"type":"Feature","id":"way/783832052-0-0-0","properties":{"highway":"service","lanes":"1","oneway":"yes","service":"driveway","turn:lanes":"left;right","startNodeId":"7321320734","endNodeId":"4604544198"},"geometry":{"type":"LineString","coordinates":[[103.871862,1.3127795],[103.8717546,1.3129811]]}},{"type":"Feature","id":"way/819295252-0-0-0","properties":{"highway":"residential","lanes":"3","lit":"yes","maxspeed":"50","name":"Lorong 1 Geylang","oneway":"yes","surface":"asphalt","startNodeId":"2990752280","endNodeId":"7673037919"},"geometry":{"type":"LineString","coordinates":[[103.8716093,1.3128932],[103.8717849,1.3125931]]}},{"type":"Feature","id":"way/819667485-0-0-0","properties":{"highway":"service","lanes":"2","lanes:backward":"1","lanes:forward":"1","service":"driveway","turn:lanes:backward":"right","turn:lanes:forward":"right","startNodeId":"10910880946","endNodeId":"5171622458"},"geometry":{"type":"LineString","coordinates":[[103.8732538,1.3147018],[103.8733219,1.314738]]}},{"type":"Feature","id":"way/821771468-0-0-0","properties":{"highway":"residential","lanes":"3","maxspeed":"50","name":"Lorong 1 Geylang","oneway":"yes","surface":"asphalt","turn:lanes":"left|left|left;slight_right","startNodeId":"7673037919","endNodeId":"2990751834"},"geometry":{"type":"LineString","coordinates":[[103.8717849,1.3125931],[103.8720882,1.3120971]]}},{"type":"Feature","id":"way/882648948-0-0-0","properties":{"highway":"residential","lanes":"3","lit":"yes","maxheight":"4.5","maxspeed":"50","name":"Lorong 1 Geylang","oneway":"yes","sidewalk":"separate","surface":"asphalt","startNodeId":"5241830705","endNodeId":"6107308633"},"geometry":{"type":"LineString","coordinates":[[103.8721651,1.3116046],[103.8721147,1.3117211]]}},{"type":"Feature","id":"way/882648948-0-1-0","properties":{"highway":"residential","lanes":"3","lit":"yes","maxheight":"4.5","maxspeed":"50","name":"Lorong 1 Geylang","oneway":"yes","sidewalk":"separate","surface":"asphalt","startNodeId":"6107308633","endNodeId":"5242892723"},"geometry":{"type":"LineString","coordinates":[[103.8721147,1.3117211],[103.8719705,1.312026]]}},{"type":"Feature","id":"way/1089411625-0-0-0","properties":{"highway":"service","oneway":"yes","service":"driveway","surface":"asphalt","startNodeId":"9979392875","endNodeId":"9979392877"},"geometry":{"type":"LineString","coordinates":[[103.8722374,1.3141149],[103.8722679,1.3140256]]}},{"type":"Feature","id":"way/1089411625-0-1-0","properties":{"highway":"service","oneway":"yes","service":"driveway","surface":"asphalt","startNodeId":"9979392877","endNodeId":"9979392876"},"geometry":{"type":"LineString","coordinates":[[103.8722679,1.3140256],[103.8722235,1.31395]]}},{"type":"Feature","id":"way/1089411625-0-2-0","properties":{"highway":"service","oneway":"yes","service":"driveway","surface":"asphalt","startNodeId":"9979392876","endNodeId":"9984561696"},"geometry":{"type":"LineString","coordinates":[[103.8722235,1.31395],[103.872208,1.313946]]}},{"type":"Feature","id":"way/1089411625-0-3-0","properties":{"highway":"service","oneway":"yes","service":"driveway","surface":"asphalt","startNodeId":"9984561696","endNodeId":"9979392873"},"geometry":{"type":"LineString","coordinates":[[103.872208,1.313946],[103.8721519,1.3139315]]}},{"type":"Feature","id":"way/1089411625-0-4-0","properties":{"highway":"service","oneway":"yes","service":"driveway","surface":"asphalt","startNodeId":"9979392873","endNodeId":"9979392878"},"geometry":{"type":"LineString","coordinates":[[103.8721519,1.3139315],[103.8720712,1.3139458]]}},{"type":"Feature","id":"way/1089411625-0-5-0","properties":{"highway":"service","oneway":"yes","service":"driveway","surface":"asphalt","startNodeId":"9979392878","endNodeId":"9979392874"},"geometry":{"type":"LineString","coordinates":[[103.8720712,1.3139458],[103.871982,1.3140085]]}},{"type":"Feature","id":"way/1089432561-0-0-0","properties":{"highway":"service","oneway":"yes","service":"driveway","startNodeId":"4604543784","endNodeId":"9979583053"},"geometry":{"type":"LineString","coordinates":[[103.8733534,1.3138381],[103.8732256,1.3137449]]}},{"type":"Feature","id":"way/1089432561-0-1-0","properties":{"highway":"service","oneway":"yes","service":"driveway","startNodeId":"9979583053","endNodeId":"9979583048"},"geometry":{"type":"LineString","coordinates":[[103.8732256,1.3137449],[103.8731747,1.3137319]]}},{"type":"Feature","id":"way/1089432561-0-2-0","properties":{"highway":"service","oneway":"yes","service":"driveway","startNodeId":"9979583048","endNodeId":"9979583051"},"geometry":{"type":"LineString","coordinates":[[103.8731747,1.3137319],[103.8731523,1.3137536]]}},{"type":"Feature","id":"way/1089432561-0-3-0","properties":{"highway":"service","oneway":"yes","service":"driveway","startNodeId":"9979583051","endNodeId":"9979583052"},"geometry":{"type":"LineString","coordinates":[[103.8731523,1.3137536],[103.8731602,1.3137818]]}},{"type":"Feature","id":"way/1089432561-0-4-0","properties":{"highway":"service","oneway":"yes","service":"driveway","startNodeId":"9979583052","endNodeId":"9979583050"},"geometry":{"type":"LineString","coordinates":[[103.8731602,1.3137818],[103.8731761,1.3138044]]}},{"type":"Feature","id":"way/1089432561-0-5-0","properties":{"highway":"service","oneway":"yes","service":"driveway","startNodeId":"9979583050","endNodeId":"9979583049"},"geometry":{"type":"LineString","coordinates":[[103.8731761,1.3138044],[103.8732291,1.3138433]]}},{"type":"Feature","id":"way/1089432561-0-6-0","properties":{"highway":"service","oneway":"yes","service":"driveway","startNodeId":"9979583049","endNodeId":"4604543785"},"geometry":{"type":"LineString","coordinates":[[103.8732291,1.3138433],[103.8732652,1.3138622]]}},{"type":"Feature","id":"way/1089998670-0-0-0","properties":{"highway":"service","lanes":"2","lanes:backward":"1","lanes:forward":"1","service":"driveway","startNodeId":"4604544198","endNodeId":"10538289521"},"geometry":{"type":"LineString","coordinates":[[103.8717546,1.3129811],[103.8716985,1.3130655]]}},{"type":"Feature","id":"way/1089998670-0-1-0","properties":{"highway":"service","lanes":"2","lanes:backward":"1","lanes:forward":"1","service":"driveway","startNodeId":"10538289521","endNodeId":"9981719671"},"geometry":{"type":"LineString","coordinates":[[103.8716985,1.3130655],[103.8715507,1.3132958]]}},{"type":"Feature","id":"way/1089998670-0-2-0","properties":{"highway":"service","lanes":"2","lanes:backward":"1","lanes:forward":"1","service":"driveway","startNodeId":"9981719671","endNodeId":"4604544197"},"geometry":{"type":"LineString","coordinates":[[103.8715507,1.3132958],[103.8713753,1.3135666]]}},{"type":"Feature","id":"way/1089998670-0-3-0","properties":{"highway":"service","lanes":"2","lanes:backward":"1","lanes:forward":"1","service":"driveway","startNodeId":"4604544197","endNodeId":"4604544196"},"geometry":{"type":"LineString","coordinates":[[103.8713753,1.3135666],[103.8713619,1.3136363]]}},{"type":"Feature","id":"way/1089998670-0-4-0","properties":{"highway":"service","lanes":"2","lanes:backward":"1","lanes:forward":"1","service":"driveway","startNodeId":"4604544196","endNodeId":"4604544195"},"geometry":{"type":"LineString","coordinates":[[103.8713619,1.3136363],[103.8713726,1.3136899]]}},{"type":"Feature","id":"way/1089998670-0-5-0","properties":{"highway":"service","lanes":"2","lanes:backward":"1","lanes:forward":"1","service":"driveway","startNodeId":"4604544195","endNodeId":"4604544194"},"geometry":{"type":"LineString","coordinates":[[103.8713726,1.3136899],[103.8714075,1.3137462]]}},{"type":"Feature","id":"way/1089998670-0-6-0","properties":{"highway":"service","lanes":"2","lanes:backward":"1","lanes:forward":"1","service":"driveway","startNodeId":"4604544194","endNodeId":"4604544193"},"geometry":{"type":"LineString","coordinates":[[103.8714075,1.3137462],[103.8714557,1.3137891]]}},{"type":"Feature","id":"way/1089998670-0-7-0","properties":{"highway":"service","lanes":"2","lanes:backward":"1","lanes:forward":"1","service":"driveway","startNodeId":"4604544193","endNodeId":"9979392874"},"geometry":{"type":"LineString","coordinates":[[103.8714557,1.3137891],[103.871982,1.3140085]]}},{"type":"Feature","id":"way/1089998670-0-8-0","properties":{"highway":"service","lanes":"2","lanes:backward":"1","lanes:forward":"1","service":"driveway","startNodeId":"9979392874","endNodeId":"9984616509"},"geometry":{"type":"LineString","coordinates":[[103.871982,1.3140085],[103.8721286,1.3140696]]}},{"type":"Feature","id":"way/1127977400-0-0-0","properties":{"highway":"service","oneway":"yes","service":"driveway","startNodeId":"10312691655","endNodeId":"10312691665"},"geometry":{"type":"LineString","coordinates":[[103.8727051,1.3130497],[103.8727081,1.3131215]]}},{"type":"Feature","id":"way/1127977400-0-1-0","properties":{"highway":"service","oneway":"yes","service":"driveway","startNodeId":"10312691665","endNodeId":"10312691664"},"geometry":{"type":"LineString","coordinates":[[103.8727081,1.3131215],[103.8727954,1.3131707]]}},{"type":"Feature","id":"way/1127977400-0-2-0","properties":{"highway":"service","oneway":"yes","service":"driveway","startNodeId":"10312691664","endNodeId":"10312691656"},"geometry":{"type":"LineString","coordinates":[[103.8727954,1.3131707],[103.872845,1.3131035]]}},{"type":"Feature","id":"way/1130770706-0-0-0","properties":{"covered":"yes","highway":"service","lit":"yes","oneway":"yes","service":"driveway","surface":"asphalt","startNodeId":"4604543786","endNodeId":"10538289530"},"geometry":{"type":"LineString","coordinates":[[103.8730173,1.3143544],[103.8729502,1.3143223]]}},{"type":"Feature","id":"way/1130770706-0-1-0","properties":{"covered":"yes","highway":"service","lit":"yes","oneway":"yes","service":"driveway","surface":"asphalt","startNodeId":"10538289530","endNodeId":"13705849641"},"geometry":{"type":"LineString","coordinates":[[103.8729502,1.3143223],[103.8728805,1.3143421]]}},{"type":"Feature","id":"way/1130770706-0-2-0","properties":{"covered":"yes","highway":"service","lit":"yes","oneway":"yes","service":"driveway","surface":"asphalt","startNodeId":"13705849641","endNodeId":"10538289528"},"geometry":{"type":"LineString","coordinates":[[103.8728805,1.3143421],[103.8728663,1.3143461]]}},{"type":"Feature","id":"way/1130770706-0-3-0","properties":{"covered":"yes","highway":"service","lit":"yes","oneway":"yes","service":"driveway","surface":"asphalt","startNodeId":"10538289528","endNodeId":"4604544190"},"geometry":{"type":"LineString","coordinates":[[103.8728663,1.3143461],[103.8727846,1.3144104]]}},{"type":"Feature","id":"way/1130770707-0-0-0","properties":{"covered":"yes","highway":"service","oneway":"yes","service":"driveway","startNodeId":"10538289521","endNodeId":"10538289531"},"geometry":{"type":"LineString","coordinates":[[103.8716985,1.3130655],[103.8717552,1.3130753]]}},{"type":"Feature","id":"way/1130770707-0-1-0","properties":{"covered":"yes","highway":"service","oneway":"yes","service":"driveway","startNodeId":"10538289531","endNodeId":"10538289529"},"geometry":{"type":"LineString","coordinates":[[103.8717552,1.3130753],[103.8718051,1.3130563]]}},{"type":"Feature","id":"way/1130770707-0-2-0","properties":{"covered":"yes","highway":"service","oneway":"yes","service":"driveway","startNodeId":"10538289529","endNodeId":"10538289520"},"geometry":{"type":"LineString","coordinates":[[103.8718051,1.3130563],[103.8718188,1.3130045]]}},{"type":"Feature","id":"way/1137805571-0-0-0","properties":{"covered":"yes","highway":"service","service":"driveway","startNodeId":"10605866020","endNodeId":"10605866019"},"geometry":{"type":"LineString","coordinates":[[103.8733862,1.3115472],[103.8733962,1.3115205]]}},{"type":"Feature","id":"way/1137805572-0-0-0","properties":{"covered":"yes","highway":"service","oneway":"yes","service":"driveway","startNodeId":"10605866022","endNodeId":"10605866021"},"geometry":{"type":"LineString","coordinates":[[103.8733291,1.3115782],[103.8733748,1.3115735]]}},{"type":"Feature","id":"way/1137805572-0-1-0","properties":{"covered":"yes","highway":"service","oneway":"yes","service":"driveway","startNodeId":"10605866021","endNodeId":"10605866020"},"geometry":{"type":"LineString","coordinates":[[103.8733748,1.3115735],[103.8733862,1.3115472]]}},{"type":"Feature","id":"way/1137805577-0-0-0","properties":{"highway":"service","service":"driveway","startNodeId":"10605866061","endNodeId":"10605866060"},"geometry":{"type":"LineString","coordinates":[[103.8730139,1.3112822],[103.8730202,1.3112036]]}},{"type":"Feature","id":"way/1137805587-0-0-0","properties":{"highway":"service","service":"driveway","startNodeId":"10605874009","endNodeId":"10605866064"},"geometry":{"type":"LineString","coordinates":[[103.8730851,1.3114119],[103.8730873,1.3113456]]}},{"type":"Feature","id":"way/1137805587-0-1-0","properties":{"highway":"service","service":"driveway","startNodeId":"10605866064","endNodeId":"4427371464"},"geometry":{"type":"LineString","coordinates":[[103.8730873,1.3113456],[103.8730893,1.3112858]]}},{"type":"Feature","id":"way/1137805588-0-0-0","properties":{"highway":"service","service":"driveway","startNodeId":"10605866100","endNodeId":"10605874009"},"geometry":{"type":"LineString","coordinates":[[103.873188,1.3114663],[103.8730851,1.3114119]]}},{"type":"Feature","id":"way/1137805588-0-1-0","properties":{"highway":"service","service":"driveway","startNodeId":"10605874009","endNodeId":"10605874008"},"geometry":{"type":"LineString","coordinates":[[103.8730851,1.3114119],[103.8727364,1.3113945]]}},{"type":"Feature","id":"way/1137805589-0-0-0","properties":{"covered":"yes","highway":"service","oneway":"yes","service":"driveway","startNodeId":"10605866101","endNodeId":"10605866020"},"geometry":{"type":"LineString","coordinates":[[103.8734428,1.3115702],[103.8733862,1.3115472]]}},{"type":"Feature","id":"way/1137805589-0-1-0","properties":{"covered":"yes","highway":"service","oneway":"yes","service":"driveway","startNodeId":"10605866020","endNodeId":"10605866099"},"geometry":{"type":"LineString","coordinates":[[103.8733862,1.3115472],[103.8733364,1.3115268]]}},{"type":"Feature","id":"way/1137805589-0-2-0","properties":{"covered":"yes","highway":"service","oneway":"yes","service":"driveway","startNodeId":"10605866099","endNodeId":"10605866100"},"geometry":{"type":"LineString","coordinates":[[103.8733364,1.3115268],[103.873188,1.3114663]]}},{"type":"Feature","id":"way/1137805589-0-3-0","properties":{"covered":"yes","highway":"service","oneway":"yes","service":"driveway","startNodeId":"10605866100","endNodeId":"10605874012"},"geometry":{"type":"LineString","coordinates":[[103.873188,1.3114663],[103.8732286,1.3115366]]}},{"type":"Feature","id":"way/1137805589-0-4-0","properties":{"covered":"yes","highway":"service","oneway":"yes","service":"driveway","startNodeId":"10605874012","endNodeId":"10605866098"},"geometry":{"type":"LineString","coordinates":[[103.8732286,1.3115366],[103.8733173,1.3115733]]}},{"type":"Feature","id":"way/1137805589-0-5-0","properties":{"covered":"yes","highway":"service","oneway":"yes","service":"driveway","startNodeId":"10605866098","endNodeId":"10605866022"},"geometry":{"type":"LineString","coordinates":[[103.8733173,1.3115733],[103.8733291,1.3115782]]}},{"type":"Feature","id":"way/1137805589-0-6-0","properties":{"covered":"yes","highway":"service","oneway":"yes","service":"driveway","startNodeId":"10605866022","endNodeId":"10605866102"},"geometry":{"type":"LineString","coordinates":[[103.8733291,1.3115782],[103.873424,1.3116174]]}},{"type":"Feature","id":"way/1212970707-0-0-0","properties":{"highway":"service","oneway":"yes","service":"driveway","startNodeId":"5284827555","endNodeId":"11237800504"},"geometry":{"type":"LineString","coordinates":[[103.8710822,1.3129806],[103.8710593,1.3130295]]}},{"type":"Feature","id":"way/1212970707-0-1-0","properties":{"highway":"service","oneway":"yes","service":"driveway","startNodeId":"11237800504","endNodeId":"11237800503"},"geometry":{"type":"LineString","coordinates":[[103.8710593,1.3130295],[103.8710593,1.3130584]]}},{"type":"Feature","id":"way/1212970707-0-2-0","properties":{"highway":"service","oneway":"yes","service":"driveway","startNodeId":"11237800503","endNodeId":"11237800498"},"geometry":{"type":"LineString","coordinates":[[103.8710593,1.3130584],[103.8710749,1.3130861]]}},{"type":"Feature","id":"way/1212970707-0-3-0","properties":{"highway":"service","oneway":"yes","service":"driveway","startNodeId":"11237800498","endNodeId":"11237800502"},"geometry":{"type":"LineString","coordinates":[[103.8710749,1.3130861],[103.8710922,1.313104]]}},{"type":"Feature","id":"way/1212970707-0-4-0","properties":{"highway":"service","oneway":"yes","service":"driveway","startNodeId":"11237800502","endNodeId":"11237800501"},"geometry":{"type":"LineString","coordinates":[[103.8710922,1.313104],[103.8711338,1.313112]]}},{"type":"Feature","id":"way/1212970707-0-5-0","properties":{"highway":"service","oneway":"yes","service":"driveway","startNodeId":"11237800501","endNodeId":"11237800500"},"geometry":{"type":"LineString","coordinates":[[103.8711338,1.313112],[103.871172,1.3130939]]}},{"type":"Feature","id":"way/1212970707-0-6-0","properties":{"highway":"service","oneway":"yes","service":"driveway","startNodeId":"11237800500","endNodeId":"11237800499"},"geometry":{"type":"LineString","coordinates":[[103.871172,1.3130939],[103.871203,1.3130505]]}},{"type":"Feature","id":"way/1212970710-0-0-0","properties":{"highway":"service","lanes":"2","lanes:backward":"1","lanes:forward":"1","service":"driveway","startNodeId":"11237800524","endNodeId":"11237800523"},"geometry":{"type":"LineString","coordinates":[[103.8703149,1.3127696],[103.8702694,1.3127607]]}},{"type":"Feature","id":"way/1212970711-0-0-0","properties":{"highway":"service","lanes":"2","lanes:backward":"1","lanes:forward":"1","maxheight":"4.5","service":"driveway","sidewalk":"right","tunnel":"building_passage","turn:lanes:backward":"left;through","startNodeId":"11237800525","endNodeId":"11237800524"},"geometry":{"type":"LineString","coordinates":[[103.8704609,1.3127972],[103.8703149,1.3127696]]}},{"type":"Feature","id":"way/1237216000-0-0-0","properties":{"highway":"residential","lanes":"1","maxheight":"4.5","name":"Lorong 3 Geylang","oneway":"yes","surface":"asphalt","startNodeId":"10910880946","endNodeId":"13338597405"},"geometry":{"type":"LineString","coordinates":[[103.8732538,1.3147018],[103.8732999,1.3146554]]}},{"type":"Feature","id":"way/1237216000-0-1-0","properties":{"highway":"residential","lanes":"1","maxheight":"4.5","name":"Lorong 3 Geylang","oneway":"yes","surface":"asphalt","startNodeId":"13338597405","endNodeId":"2990753200"},"geometry":{"type":"LineString","coordinates":[[103.8732999,1.3146554],[103.873378,1.3145204]]}},{"type":"Feature","id":"way/1349457160-0-0-0","properties":{"highway":"residential","lanes":"1","name":"Lorong 3 Geylang","oneway":"yes","surface":"asphalt","startNodeId":"12483457229","endNodeId":"12483457230"},"geometry":{"type":"LineString","coordinates":[[103.8733344,1.3144985],[103.8732537,1.3146381]]}},{"type":"Feature","id":"way/1349457160-0-1-0","properties":{"highway":"residential","lanes":"1","name":"Lorong 3 Geylang","oneway":"yes","surface":"asphalt","startNodeId":"12483457230","endNodeId":"10910880946"},"geometry":{"type":"LineString","coordinates":[[103.8732537,1.3146381],[103.8732538,1.3147018]]}},{"type":"Feature","id":"way/1349457166-0-0-0","properties":{"highway":"residential","lanes":"1","name":"Lorong 3 Geylang","oneway":"yes","surface":"asphalt","startNodeId":"12483457236","endNodeId":"12483457229"},"geometry":{"type":"LineString","coordinates":[[103.8735263,1.3141464],[103.8733344,1.3144985]]}},{"type":"Feature","id":"way/1353112757-0-0-0","properties":{"highway":"service","lanes":"2","lanes:backward":"1","lanes:forward":"1","service":"parking_aisle","startNodeId":"5171622458","endNodeId":"13362901192"},"geometry":{"type":"LineString","coordinates":[[103.8733219,1.314738],[103.8733867,1.3147725]]}},{"type":"Feature","id":"way/1354783948-0-0-0","properties":{"highway":"service","lanes":"2","lanes:backward":"1","lanes:forward":"1","oneway":"yes","service":"driveway","startNodeId":"2990753200","endNodeId":"10773047465"},"geometry":{"type":"LineString","coordinates":[[103.873378,1.3145204],[103.8734288,1.3145464]]}},{"type":"Feature","id":"way/1354783948-0-1-0","properties":{"highway":"service","lanes":"2","lanes:backward":"1","lanes:forward":"1","oneway":"yes","service":"driveway","startNodeId":"10773047465","endNodeId":"5171622459"},"geometry":{"type":"LineString","coordinates":[[103.8734288,1.3145464],[103.8734893,1.3145775]]}},{"type":"Feature","id":"way/1457053757-0-0-0","properties":{"highway":"service","oneway":"yes","startNodeId":"12483457229","endNodeId":"2990753200"},"geometry":{"type":"LineString","coordinates":[[103.8733344,1.3144985],[103.873378,1.3145204]]}},{"type":"Feature","id":"way/1457053758-0-0-0","properties":{"highway":"service","oneway":"yes","service":"driveway","startNodeId":"5171622459","endNodeId":"13362901192"},"geometry":{"type":"LineString","coordinates":[[103.8734893,1.3145775],[103.8733867,1.3147725]]}},{"type":"Feature","id":"way/1457053759-0-0-0","properties":{"highway":"service","lanes":"2","lanes:backward":"1","lanes:forward":"1","service":"parking_aisle","startNodeId":"13362901192","endNodeId":"5171622457"},"geometry":{"type":"LineString","coordinates":[[103.8733867,1.3147725],[103.8734268,1.3147939]]}}]}