{"type":"FeatureCollection","features":[{"type":"Feature","id":"way/295367685-0","properties":{"building":"grandstand","source":"Bing","clearanceGeometry":{"type":"Polygon","coordinates":[[[103.8865537,1.3951999],[103.8865478,1.39515],[103.8864283,1.3952035],[103.886455,1.3954279],[103.8864687,1.3954263],[103.8864709,1.3954455],[103.8864885,1.3954434],[103.886493,1.3954815],[103.8865595,1.3954737],[103.886562,1.3954943],[103.8866849,1.3954798],[103.8866506,1.3951884],[103.8865537,1.3951999]]]},"clearanceHeight":1.7,"clearancePrepared":true},"geometry":{"type":"Polygon","coordinates":[[[103.8866506,1.3951884],[103.8865537,1.3951999],[103.8865478,1.39515],[103.8864283,1.3952035],[103.886455,1.3954279],[103.8864687,1.3954263],[103.8864709,1.3954455],[103.8864885,1.3954434],[103.886493,1.3954815],[103.8865595,1.3954737],[103.886562,1.3954943],[103.8866849,1.3954798],[103.8866506,1.3951884]]]}},{"type":"Feature","id":"way/302094301-0","properties":{"addr:housenumber":"31","addr:street":"Anchorvale Road","amenity":"place_of_worship","building":"yes","name":"Sengkang Methodist Church","religion":"christian","clearanceGeometry":{"type":"Polygon","coordinates":[[[103.8863359,1.3924761],[103.8866272,1.3922959],[103.8865314,1.3921072],[103.8863857,1.3921043],[103.8863004,1.3921235],[103.886217,1.3921714],[103.8861634,1.3922145],[103.8861375,1.3922643],[103.8861634,1.3922739],[103.886149,1.392318],[103.886149,1.3923678],[103.8861624,1.3924243],[103.88618475018083,1.3924595934817587],[103.88627319101077,1.3924044073574215],[103.88627935107593,1.3924142744702634],[103.8862937,1.3924042],[103.8863359,1.3924761]]]},"clearanceHeight":1.7,"clearancePrepared":true},"geometry":{"type":"Polygon","coordinates":[[[103.8862937,1.3924042],[103.8863359,1.3924761],[103.8866272,1.3922959],[103.8865314,1.3921072],[103.8863857,1.3921043],[103.8863004,1.3921235],[103.886217,1.3921714],[103.8861634,1.3922145],[103.8861375,1.3922643],[103.8861634,1.3922739],[103.886149,1.392318],[103.886149,1.3923678],[103.8861624,1.3924243],[103.886194,1.3924742],[103.8862937,1.3924042]]]}},{"type":"Feature","id":"way/302094638-0","properties":{"addr:city":"Singapore","addr:housenumber":"312","addr:postcode":"540312","addr:street":"Anchorvale Lane","amenity":"parking","building":"yes","building:levels":"6","parking":"multi-storey","source":"Bing","clearanceGeometry":{"type":"Polygon","coordinates":[[[103.8856209,1.3921904],[103.8855475,1.3920709],[103.8848552,1.3920709],[103.88483582624437,1.392083876760844],[103.88483677578773,1.3920854425384712],[103.8848022,1.3921064],[103.8847361,1.3921507],[103.8849213,1.3924533],[103.8851902,1.392451],[103.8856209,1.3921904]]]},"clearanceHeight":1.7,"clearancePrepared":true},"geometry":{"type":"Polygon","coordinates":[[[103.8851902,1.392451],[103.8856209,1.3921904],[103.8855475,1.3920709],[103.8848552,1.3920709],[103.8848022,1.3921064],[103.8847361,1.3921507],[103.8849213,1.3924533],[103.8851902,1.392451]]]}},{"type":"Feature","id":"way/302094660-0","properties":{"addr:city":"Singapore","addr:housenumber":"311D","addr:postcode":"544311","addr:street":"Anchorvale Lane","building":"residential","building:levels":"18","residential":"hdb","source":"Bing","clearanceGeometry":{"type":"Polygon","coordinates":[[[103.8846494,1.3918206],[103.8846357,1.3918764],[103.884547,1.3918503],[103.8845417,1.3918715],[103.8845236,1.3918867],[103.8845671,1.3919527],[103.8845868,1.3919419],[103.884617,1.3919936],[103.8846023,1.392003],[103.884634,1.3920501],[103.8846474,1.3920411],[103.8846666,1.3920745],[103.8847064,1.3920553],[103.8846927,1.3920285],[103.8847087,1.3920196],[103.8847222,1.3920486],[103.88476617623631,1.3920256772638446],[103.88476687039233,1.3920252539979872],[103.8847548,1.3920065],[103.8847739,1.3919954],[103.884747,1.3919492],[103.8847328,1.3919575],[103.8847122,1.3919181],[103.8847283,1.3918613],[103.8847139,1.3918279],[103.8847297,1.3918206],[103.8847692,1.3919069],[103.8848437,1.3918696],[103.8848103,1.391803],[103.884799,1.3918081],[103.8847678,1.391747],[103.8847941,1.3917339],[103.884774,1.3916883],[103.8847571,1.3916956],[103.8847456,1.3916756],[103.8846814,1.3917084],[103.884673,1.3916934],[103.8845985,1.3917368],[103.8846494,1.3918206]]]},"clearanceHeight":1.7,"clearancePrepared":true},"geometry":{"type":"Polygon","coordinates":[[[103.8845985,1.3917368],[103.8846494,1.3918206],[103.8846357,1.3918764],[103.884547,1.3918503],[103.8845417,1.3918715],[103.8845236,1.3918867],[103.8845671,1.3919527],[103.8845868,1.3919419],[103.884617,1.3919936],[103.8846023,1.392003],[103.884634,1.3920501],[103.8846474,1.3920411],[103.8846666,1.3920745],[103.8847064,1.3920553],[103.8846927,1.3920285],[103.8847087,1.3920196],[103.8847222,1.3920486],[103.8847669,1.3920253],[103.8847548,1.3920065],[103.8847739,1.3919954],[103.884747,1.3919492],[103.8847328,1.3919575],[103.8847122,1.3919181],[103.8847283,1.3918613],[103.8847139,1.3918279],[103.8847297,1.3918206],[103.8847692,1.3919069],[103.8848437,1.3918696],[103.8848103,1.391803],[103.884799,1.3918081],[103.8847678,1.391747],[103.8847941,1.3917339],[103.884774,1.3916883],[103.8847571,1.3916956],[103.8847456,1.3916756],[103.8846814,1.3917084],[103.884673,1.3916934],[103.8845985,1.3917368]]]}},{"type":"Feature","id":"way/507688179-0","properties":{"addr:city":"Singapore","addr:housenumber":"350","addr:postcode":"540350","addr:street":"Anchorvale Road","building":"residential","building:levels":"17","residential":"HDB","clearanceGeometry":{"type":"Polygon","coordinates":[[[103.8865722,1.3929036],[103.8865546,1.3929056],[103.8865558,1.3929563],[103.886276,1.3929849],[103.8862758,1.3929653],[103.8862025,1.3929693],[103.8862082,1.3930081],[103.8861916,1.3930098],[103.8861983,1.393086],[103.8867971,1.3930174],[103.8867962,1.3929503],[103.8867858,1.3929506],[103.8867878,1.3929129],[103.8867343,1.3929145],[103.886735,1.3929268],[103.8866034,1.3929417],[103.8865987,1.3928666],[103.886582,1.39284],[103.88682419460228,1.392719296191307],[103.88677401039136,1.392629209982647],[103.8864607,1.3928162],[103.8865137,1.392905],[103.8865695,1.3928717],[103.8865722,1.3929036]]]},"clearanceHeight":1.7,"clearancePrepared":true},"geometry":{"type":"Polygon","coordinates":[[[103.8865695,1.3928717],[103.8865722,1.3929036],[103.8865546,1.3929056],[103.8865558,1.3929563],[103.886276,1.3929849],[103.8862758,1.3929653],[103.8862025,1.3929693],[103.8862082,1.3930081],[103.8861916,1.3930098],[103.8861983,1.393086],[103.8867971,1.3930174],[103.8867962,1.3929503],[103.8867858,1.3929506],[103.8867878,1.3929129],[103.8867343,1.3929145],[103.886735,1.3929268],[103.8866034,1.3929417],[103.8865987,1.3928666],[103.886582,1.39284],[103.8868282,1.3927173],[103.8867752,1.3926285],[103.8864607,1.3928162],[103.8865137,1.392905],[103.8865695,1.3928717]]]}},{"type":"Feature","id":"way/545048016-0","properties":{"addr:city":"Singapore","addr:housenumber":"351A","addr:postcode":"541351","addr:street":"Anchorvale Road","building":"residential","building:levels":"17","residential":"hdb","clearanceGeometry":{"type":"Polygon","coordinates":[[[103.8863155,1.3943164],[103.8863075,1.3942516],[103.8864062,1.3942395],[103.8864075,1.3942504],[103.8863847,1.3942532],[103.8863873,1.3942749],[103.8863762,1.3942763],[103.8863805,1.3943114],[103.886381,1.3943113],[103.8864367,1.3943045],[103.8864941,1.3942974],[103.8865514,1.3942904],[103.8866064,1.3942836],[103.8866087,1.3942833],[103.8866048,1.3942516],[103.8865899,1.3942534],[103.8865872,1.3942311],[103.8865642,1.3942339],[103.886563,1.3942242],[103.8866583,1.3942125],[103.8866548,1.3941838],[103.8866348,1.3941863],[103.8866316,1.3941603],[103.8866875,1.3941534],[103.8866847,1.3941311],[103.8867066,1.3941285],[103.8867041,1.3941084],[103.8867211,1.3941063],[103.8867159,1.3940641],[103.8864789,1.3940932],[103.8864844,1.3941383],[103.8864973,1.3941367],[103.8864997,1.3941563],[103.8865315,1.3941524],[103.886533,1.3941644],[103.8865171,1.3941664],[103.8865209,1.3941972],[103.8863812,1.3942144],[103.8863797,1.3942026],[103.8864037,1.3941997],[103.886401,1.3941775],[103.8864109,1.3941763],[103.8864065,1.3941409],[103.8863973,1.394142],[103.8863447,1.3941485],[103.8862872,1.3941555],[103.8862299,1.3941625],[103.8861741,1.3941694],[103.886178,1.3942014],[103.8861931,1.3941996],[103.8861959,1.3942223],[103.8862234,1.394219],[103.8862254,1.3942352],[103.886272,1.3942295],[103.8862748,1.3942521],[103.8862264,1.3942581],[103.8862281,1.3942725],[103.8862056,1.3942753],[103.886208,1.3942946],[103.8861907,1.3942967],[103.8861931,1.3943167],[103.886195,1.3943312],[103.8862469,1.3943248],[103.8863044,1.3943178],[103.8863155,1.3943164]]]},"clearanceHeight":1.7,"clearancePrepared":true},"geometry":{"type":"Polygon","coordinates":[[[103.8863044,1.3943178],[103.8863155,1.3943164],[103.8863075,1.3942516],[103.8864062,1.3942395],[103.8864075,1.3942504],[103.8863847,1.3942532],[103.8863873,1.3942749],[103.8863762,1.3942763],[103.8863805,1.3943114],[103.886381,1.3943113],[103.8864367,1.3943045],[103.8864941,1.3942974],[103.8865514,1.3942904],[103.8866064,1.3942836],[103.8866087,1.3942833],[103.8866048,1.3942516],[103.8865899,1.3942534],[103.8865872,1.3942311],[103.8865642,1.3942339],[103.886563,1.3942242],[103.8866583,1.3942125],[103.8866548,1.3941838],[103.8866348,1.3941863],[103.8866316,1.3941603],[103.8866875,1.3941534],[103.8866847,1.3941311],[103.8867066,1.3941285],[103.8867041,1.3941084],[103.8867211,1.3941063],[103.8867159,1.3940641],[103.8864789,1.3940932],[103.8864844,1.3941383],[103.8864973,1.3941367],[103.8864997,1.3941563],[103.8865315,1.3941524],[103.886533,1.3941644],[103.8865171,1.3941664],[103.8865209,1.3941972],[103.8863812,1.3942144],[103.8863797,1.3942026],[103.8864037,1.3941997],[103.886401,1.3941775],[103.8864109,1.3941763],[103.8864065,1.3941409],[103.8863973,1.394142],[103.8863447,1.3941485],[103.8862872,1.3941555],[103.8862299,1.3941625],[103.8861741,1.3941694],[103.886178,1.3942014],[103.8861931,1.3941996],[103.8861959,1.3942223],[103.8862234,1.394219],[103.8862254,1.3942352],[103.886272,1.3942295],[103.8862748,1.3942521],[103.8862264,1.3942581],[103.8862281,1.3942725],[103.8862056,1.3942753],[103.886208,1.3942946],[103.8861907,1.3942967],[103.8861931,1.3943167],[103.886195,1.3943312],[103.8862469,1.3943248],[103.8863044,1.3943178]]]}},{"type":"Feature","id":"way/545048017-0","properties":{"addr:city":"Singapore","addr:housenumber":"351","addr:postcode":"540351","addr:street":"Anchorvale Road","amenity":"parking","building":"yes","building:levels":"5","parking":"multi-storey","clearanceGeometry":{"type":"Polygon","coordinates":[[[103.8870371,1.3931116],[103.8862081,1.3931989],[103.8862447,1.3935303],[103.8867136061055,1.3934786291445322],[103.88671355702098,1.3934781263009564],[103.8867538,1.3934742],[103.8870081,1.3934462],[103.8870077,1.3934427],[103.8870259,1.3934407],[103.8870191,1.3933789],[103.8871066,1.3933687],[103.887066,1.3931086],[103.8870371,1.3931116]]]},"clearanceHeight":1.7,"clearancePrepared":true},"geometry":{"type":"Polygon","coordinates":[[[103.887066,1.3931086],[103.8870371,1.3931116],[103.8862081,1.3931989],[103.8862447,1.3935303],[103.8867538,1.3934742],[103.8870081,1.3934462],[103.8870077,1.3934427],[103.8870259,1.3934407],[103.8870191,1.3933789],[103.8871066,1.3933687],[103.887066,1.3931086]]]}},{"type":"Feature","id":"way/545048019-0","properties":{"addr:city":"Singapore","addr:housenumber":"351D","addr:postcode":"544351","addr:street":"Anchorvale Road","building":"residential","building:levels":"17","residential":"hdb","clearanceGeometry":{"type":"Polygon","coordinates":[[[103.8865905,1.3936381],[103.8865435,1.3936392],[103.8865444,1.3936475],[103.8865303,1.393649],[103.8865313,1.3936579],[103.8865175,1.3936594],[103.8865225,1.3937064],[103.8864525,1.3937139],[103.8864515,1.3937045],[103.8864731,1.3937021],[103.8864706,1.3936791],[103.8864814,1.3936779],[103.8864774,1.3936401],[103.886423,1.3936602],[103.886366,1.3936711],[103.8863081,1.3936725],[103.8862474,1.3936645],[103.8862457,1.3936639],[103.88625,1.393704],[103.8862658,1.3937023],[103.8862681,1.3937241],[103.8862917,1.3937216],[103.8862932,1.3937356],[103.8862618,1.3937389],[103.8862648,1.3937666],[103.8861855,1.3937751],[103.88619,1.3938173],[103.8861678,1.3938197],[103.88617,1.3938399],[103.8861491,1.3938422],[103.8861519,1.3938681],[103.8861543,1.3938907],[103.8862087,1.3938706],[103.8862656,1.3938597],[103.8863236,1.3938583],[103.886381,1.3938664],[103.8863758,1.3938179],[103.8863742,1.3938181],[103.8863721,1.3937978],[103.8863531,1.3937998],[103.8863499,1.3937701],[103.8863609,1.3937689],[103.886359,1.3937506],[103.8864862,1.3937369],[103.8864875,1.3937489],[103.8864626,1.3937516],[103.8864653,1.393777],[103.8864591,1.3937777],[103.8864633,1.3938166],[103.886488,1.3938139],[103.8864887,1.3938213],[103.8865539,1.3938143],[103.8865531,1.393807],[103.8865998,1.393802],[103.8866007,1.3938106],[103.8866673,1.3938034],[103.8866664,1.3937948],[103.8866887,1.3937925],[103.8866846,1.3937536],[103.8866747,1.3937546],[103.8866719,1.3937292],[103.8866464,1.3937319],[103.8866443,1.3937127],[103.8866035,1.3937171],[103.8866019,1.3937022],[103.8866263,1.3936996],[103.8866247,1.3936846],[103.8866443,1.3936825],[103.8866417,1.3936583],[103.8866537,1.393657],[103.8866504,1.3936261],[103.8866405,1.3936285],[103.8865905,1.3936381]]]},"clearanceHeight":1.7,"clearancePrepared":true},"geometry":{"type":"Polygon","coordinates":[[[103.8866405,1.3936285],[103.8865905,1.3936381],[103.8865435,1.3936392],[103.8865444,1.3936475],[103.8865303,1.393649],[103.8865313,1.3936579],[103.8865175,1.3936594],[103.8865225,1.3937064],[103.8864525,1.3937139],[103.8864515,1.3937045],[103.8864731,1.3937021],[103.8864706,1.3936791],[103.8864814,1.3936779],[103.8864774,1.3936401],[103.886423,1.3936602],[103.886366,1.3936711],[103.8863081,1.3936725],[103.8862474,1.3936645],[103.8862457,1.3936639],[103.88625,1.393704],[103.8862658,1.3937023],[103.8862681,1.3937241],[103.8862917,1.3937216],[103.8862932,1.3937356],[103.8862618,1.3937389],[103.8862648,1.3937666],[103.8861855,1.3937751],[103.88619,1.3938173],[103.8861678,1.3938197],[103.88617,1.3938399],[103.8861491,1.3938422],[103.8861519,1.3938681],[103.8861543,1.3938907],[103.8862087,1.3938706],[103.8862656,1.3938597],[103.8863236,1.3938583],[103.886381,1.3938664],[103.8863758,1.3938179],[103.8863742,1.3938181],[103.8863721,1.3937978],[103.8863531,1.3937998],[103.8863499,1.3937701],[103.8863609,1.3937689],[103.886359,1.3937506],[103.8864862,1.3937369],[103.8864875,1.3937489],[103.8864626,1.3937516],[103.8864653,1.393777],[103.8864591,1.3937777],[103.8864633,1.3938166],[103.886488,1.3938139],[103.8864887,1.3938213],[103.8865539,1.3938143],[103.8865531,1.393807],[103.8865998,1.393802],[103.8866007,1.3938106],[103.8866673,1.3938034],[103.8866664,1.3937948],[103.8866887,1.3937925],[103.8866846,1.3937536],[103.8866747,1.3937546],[103.8866719,1.3937292],[103.8866464,1.3937319],[103.8866443,1.3937127],[103.8866035,1.3937171],[103.8866019,1.3937022],[103.8866263,1.3936996],[103.8866247,1.3936846],[103.8866443,1.3936825],[103.8866417,1.3936583],[103.8866537,1.393657],[103.8866504,1.3936261],[103.8866405,1.3936285]]]}},{"type":"Feature","id":"way/694956143-0","properties":{"addr:city":"Singapore","addr:housenumber":"353","addr:postcode":"540353","addr:street":"Anchorvale Lane","amenity":"parking","building":"garage","building:levels":"7","parking":"multi-storey","clearanceGeometry":{"type":"Polygon","coordinates":[[[103.8858856,1.3935588],[103.8859297,1.393522],[103.8859075,1.3932292],[103.8859059,1.3932085],[103.8857801,1.3929662],[103.8857601149972,1.3929310588528918],[103.88576145638325,1.3929302963808172],[103.88573912260277,1.3928872862953854],[103.88569832164075,1.3928153299883914],[103.88562833229537,1.3926918540485327],[103.88533337096997,1.3928461484074979],[103.8853169423867,1.3928694817576597],[103.8853121312774,1.3928705465113556],[103.8855551,1.3933392],[103.8855704,1.3935853],[103.8857577,1.3935695],[103.8858856,1.3935588]]]},"clearanceHeight":1.7,"clearancePrepared":true},"geometry":{"type":"Polygon","coordinates":[[[103.8857577,1.3935695],[103.8858856,1.3935588],[103.8859297,1.393522],[103.8859075,1.3932292],[103.8859059,1.3932085],[103.8857801,1.3929662],[103.8857006,1.3928131],[103.8856357,1.392688],[103.8853067,1.3928601],[103.8853105,1.3928674],[103.8855551,1.3933392],[103.8855704,1.3935853],[103.8857577,1.3935695]]]}},{"type":"Feature","id":"way/694956144-0","properties":{"addr:city":"Singapore","addr:housenumber":"353A","addr:postcode":"541353","addr:street":"Anchorvale Lane","building":"residential","building:levels":"17","residential":"hdb","clearanceGeometry":{"type":"Polygon","coordinates":[[[103.8853699,1.3938896],[103.885413,1.3939125],[103.8854071,1.3939256],[103.8854966,1.3939673],[103.8855055,1.3939515],[103.8855161,1.3939324],[103.8855024,1.3939259],[103.8855064,1.3939149],[103.8854875,1.3939059],[103.8854928,1.3938933],[103.8855058,1.3938991],[103.8855161,1.3938769],[103.8855368,1.3938752],[103.8855382,1.3939212],[103.8856465,1.3939174],[103.8856459,1.3938578],[103.8856861,1.3938554],[103.8856878,1.393913],[103.8858099,1.3939059],[103.8858099,1.3938493],[103.8858647,1.393847],[103.885863,1.3938917],[103.8859709,1.3938829],[103.8859699,1.3938227],[103.8859696,1.3938051],[103.8859385,1.393807],[103.8859381,1.3937903],[103.8859661,1.3937888],[103.8859618,1.3937231],[103.885868,1.3937304],[103.8858692,1.3937915],[103.8858237,1.3937946],[103.8858229,1.3937484],[103.8857992,1.3937503],[103.8857984,1.3937305],[103.8857622,1.3937323],[103.8857314,1.3937339],[103.8857326,1.3937678],[103.8857128,1.393769],[103.8857138,1.3937866],[103.8856789,1.3937876],[103.8856796,1.3937346],[103.8855781,1.3937389],[103.8855835,1.3938234],[103.8855178,1.393825],[103.8855513,1.3937491],[103.8855155,1.3937252],[103.8854747,1.3938057],[103.8854372,1.3937888],[103.8854384,1.3937491],[103.8854664,1.3937468],[103.8854653,1.3937328],[103.8854816,1.3937316],[103.8854816,1.3936802],[103.8853076,1.3936884],[103.8853083,1.393741],[103.8853389,1.3937403],[103.8853383,1.3937516],[103.8853646,1.393751],[103.8853633,1.3937604],[103.8853915,1.3937604],[103.8853908,1.3938015],[103.8853631,1.3937861],[103.8853492,1.3938192],[103.8853138,1.3938038],[103.8852895,1.3938651],[103.8853653,1.3939025],[103.8853699,1.3938896]]]},"clearanceHeight":1.7,"clearancePrepared":true},"geometry":{"type":"Polygon","coordinates":[[[103.8853653,1.3939025],[103.8853699,1.3938896],[103.885413,1.3939125],[103.8854071,1.3939256],[103.8854966,1.3939673],[103.8855055,1.3939515],[103.8855161,1.3939324],[103.8855024,1.3939259],[103.8855064,1.3939149],[103.8854875,1.3939059],[103.8854928,1.3938933],[103.8855058,1.3938991],[103.8855161,1.3938769],[103.8855368,1.3938752],[103.8855382,1.3939212],[103.8856465,1.3939174],[103.8856459,1.3938578],[103.8856861,1.3938554],[103.8856878,1.393913],[103.8858099,1.3939059],[103.8858099,1.3938493],[103.8858647,1.393847],[103.885863,1.3938917],[103.8859709,1.3938829],[103.8859699,1.3938227],[103.8859696,1.3938051],[103.8859385,1.393807],[103.8859381,1.3937903],[103.8859661,1.3937888],[103.8859618,1.3937231],[103.885868,1.3937304],[103.8858692,1.3937915],[103.8858237,1.3937946],[103.8858229,1.3937484],[103.8857992,1.3937503],[103.8857984,1.3937305],[103.8857622,1.3937323],[103.8857314,1.3937339],[103.8857326,1.3937678],[103.8857128,1.393769],[103.8857138,1.3937866],[103.8856789,1.3937876],[103.8856796,1.3937346],[103.8855781,1.3937389],[103.8855835,1.3938234],[103.8855178,1.393825],[103.8855513,1.3937491],[103.8855155,1.3937252],[103.8854747,1.3938057],[103.8854372,1.3937888],[103.8854384,1.3937491],[103.8854664,1.3937468],[103.8854653,1.3937328],[103.8854816,1.3937316],[103.8854816,1.3936802],[103.8853076,1.3936884],[103.8853083,1.393741],[103.8853389,1.3937403],[103.8853383,1.3937516],[103.8853646,1.393751],[103.8853633,1.3937604],[103.8853915,1.3937604],[103.8853908,1.3938015],[103.8853631,1.3937861],[103.8853492,1.3938192],[103.8853138,1.3938038],[103.8852895,1.3938651],[103.8853653,1.3939025]]]}},{"type":"Feature","id":"way/698153966-0","properties":{"addr:city":"Singapore","addr:housenumber":"356A","addr:postcode":"541356","addr:street":"Anchorvale Lane","building":"residential","building:levels":"17","residential":"hdb","clearanceGeometry":{"type":"Polygon","coordinates":[[[103.8845665,1.3934346],[103.8846239,1.3934662],[103.8846168,1.3934814],[103.8845944,1.3934723],[103.8845873,1.3934844],[103.8845782,1.3934804],[103.8845507,1.3935231],[103.8846347,1.3935732],[103.8846778,1.3934929],[103.884708,1.3935079],[103.8847404,1.3934854],[103.8847554,1.3935092],[103.8846966,1.3935505],[103.8847041,1.3935667],[103.8846929,1.393573],[103.8847254,1.393633],[103.8850069,1.3934729],[103.8849807,1.3934154],[103.8849656,1.3934241],[103.8849556,1.3934054],[103.8849381,1.3934129],[103.8849312,1.3933982],[103.8849138,1.3934073],[103.8849096,1.3934002],[103.8848891,1.393366],[103.8849023,1.3933586],[103.8848527,1.3932728],[103.8848029,1.3932981],[103.8848146,1.3933195],[103.8847932,1.3933324],[103.8847761,1.3933426],[103.8848045,1.3933926],[103.8847937,1.3933989],[103.8848052,1.3934183],[103.8847087,1.3934827],[103.8846071,1.39343],[103.8846121,1.3934152],[103.8846418,1.39343],[103.8846476,1.3934135],[103.8846732,1.3934234],[103.884702,1.3933673],[103.8844866,1.3932626],[103.8844612,1.3933094],[103.8844784,1.3933185],[103.8844693,1.3933398],[103.8844937,1.39335],[103.8844632,1.3934181],[103.8844469,1.39341],[103.8844378,1.3934262],[103.8844215,1.393416],[103.8843961,1.3934699],[103.8844878,1.3935178],[103.8845411,1.3934206],[103.8845665,1.3934346]]]},"clearanceHeight":1.7,"clearancePrepared":true},"geometry":{"type":"Polygon","coordinates":[[[103.8845411,1.3934206],[103.8845665,1.3934346],[103.8846239,1.3934662],[103.8846168,1.3934814],[103.8845944,1.3934723],[103.8845873,1.3934844],[103.8845782,1.3934804],[103.8845507,1.3935231],[103.8846347,1.3935732],[103.8846778,1.3934929],[103.884708,1.3935079],[103.8847404,1.3934854],[103.8847554,1.3935092],[103.8846966,1.3935505],[103.8847041,1.3935667],[103.8846929,1.393573],[103.8847254,1.393633],[103.8850069,1.3934729],[103.8849807,1.3934154],[103.8849656,1.3934241],[103.8849556,1.3934054],[103.8849381,1.3934129],[103.8849312,1.3933982],[103.8849138,1.3934073],[103.8849096,1.3934002],[103.8848891,1.393366],[103.8849023,1.3933586],[103.8848527,1.3932728],[103.8848029,1.3932981],[103.8848146,1.3933195],[103.8847932,1.3933324],[103.8847761,1.3933426],[103.8848045,1.3933926],[103.8847937,1.3933989],[103.8848052,1.3934183],[103.8847087,1.3934827],[103.8846071,1.39343],[103.8846121,1.3934152],[103.8846418,1.39343],[103.8846476,1.3934135],[103.8846732,1.3934234],[103.884702,1.3933673],[103.8844866,1.3932626],[103.8844612,1.3933094],[103.8844784,1.3933185],[103.8844693,1.3933398],[103.8844937,1.39335],[103.8844632,1.3934181],[103.8844469,1.39341],[103.8844378,1.3934262],[103.8844215,1.393416],[103.8843961,1.3934699],[103.8844878,1.3935178],[103.8845411,1.3934206]]]}},{"type":"Feature","id":"way/698153967-0","properties":{"addr:city":"Singapore","addr:housenumber":"355A","addr:postcode":"541355","addr:street":"Anchorvale Lane","building":"residential","building:levels":"17","residential":"hdb","clearanceGeometry":{"type":"Polygon","coordinates":[[[103.8852788,1.393029],[103.8852672,1.3930044],[103.8851696,1.3930481],[103.8851615,1.3930278],[103.8852153,1.3930034],[103.8852082,1.3929861],[103.885256,1.3929638],[103.8852377,1.3929181],[103.8852529,1.3929099],[103.885245,1.3928892],[103.88523812303706,1.392871248447372],[103.88522655690628,1.3928673232898703],[103.8852174205962,1.3928600722501354],[103.88519764165048,1.392864642291879],[103.8850541,1.3929349],[103.8850711,1.3929847],[103.8850924,1.392976],[103.8851035,1.3930075],[103.8849612,1.3930786],[103.8848928,1.3930488],[103.8849083,1.3930266],[103.8848866,1.3930149],[103.884903,1.3929861],[103.8849145,1.3929935],[103.8849301,1.39297],[103.8848488,1.3929229],[103.8848318,1.3929512],[103.8848481,1.3929599],[103.8848363,1.39298],[103.8848132,1.3929688],[103.884802,1.3929882],[103.8847888,1.3929824],[103.8847976,1.3929638],[103.8847722,1.3929506],[103.8847835,1.3929281],[103.8848003,1.3929367],[103.8848159,1.3929079],[103.88479353273377,1.3928948993464012],[103.88472352466151,1.3928662312094473],[103.8847115,1.3928883],[103.8847255,1.3928979],[103.884705,1.3929307],[103.8846614,1.3929045],[103.8846353,1.3929502],[103.8846463,1.3929566],[103.8846533,1.3929607],[103.8846458,1.392977],[103.8846683,1.3929895],[103.8846583,1.3930131],[103.884715,1.393042],[103.8846896,1.393082],[103.8847779,1.3931288],[103.884802,1.3930886],[103.8847781,1.3930742],[103.8847931,1.3930492],[103.8848432,1.3930792],[103.8848548,1.3930549],[103.8848674,1.3930612],[103.8848788,1.3930669],[103.8849052,1.3931243],[103.8848696,1.3931393],[103.8848978,1.3932103],[103.8850048,1.3931603],[103.8849702,1.3930952],[103.8849966,1.393081],[103.8850068,1.3931034],[103.8850627,1.3930759],[103.8850708,1.3930973],[103.885017,1.3931247],[103.8850555,1.3932114],[103.8851977,1.393142],[103.8853308,1.393077],[103.8853048,1.3930176],[103.8852788,1.393029]]]},"clearanceHeight":1.7,"clearancePrepared":true},"geometry":{"type":"Polygon","coordinates":[[[103.8853048,1.3930176],[103.8852788,1.393029],[103.8852672,1.3930044],[103.8851696,1.3930481],[103.8851615,1.3930278],[103.8852153,1.3930034],[103.8852082,1.3929861],[103.885256,1.3929638],[103.8852377,1.3929181],[103.8852529,1.3929099],[103.885245,1.3928892],[103.8852296,1.392849],[103.8850541,1.3929349],[103.8850711,1.3929847],[103.8850924,1.392976],[103.8851035,1.3930075],[103.8849612,1.3930786],[103.8848928,1.3930488],[103.8849083,1.3930266],[103.8848866,1.3930149],[103.884903,1.3929861],[103.8849145,1.3929935],[103.8849301,1.39297],[103.8848488,1.3929229],[103.8848318,1.3929512],[103.8848481,1.3929599],[103.8848363,1.39298],[103.8848132,1.3929688],[103.884802,1.3929882],[103.8847888,1.3929824],[103.8847976,1.3929638],[103.8847722,1.3929506],[103.8847835,1.3929281],[103.8848003,1.3929367],[103.8848159,1.3929079],[103.8847285,1.3928571],[103.8847115,1.3928883],[103.8847255,1.3928979],[103.884705,1.3929307],[103.8846614,1.3929045],[103.8846353,1.3929502],[103.8846463,1.3929566],[103.8846533,1.3929607],[103.8846458,1.392977],[103.8846683,1.3929895],[103.8846583,1.3930131],[103.884715,1.393042],[103.8846896,1.393082],[103.8847779,1.3931288],[103.884802,1.3930886],[103.8847781,1.3930742],[103.8847931,1.3930492],[103.8848432,1.3930792],[103.8848548,1.3930549],[103.8848674,1.3930612],[103.8848788,1.3930669],[103.8849052,1.3931243],[103.8848696,1.3931393],[103.8848978,1.3932103],[103.8850048,1.3931603],[103.8849702,1.3930952],[103.8849966,1.393081],[103.8850068,1.3931034],[103.8850627,1.3930759],[103.8850708,1.3930973],[103.885017,1.3931247],[103.8850555,1.3932114],[103.8851977,1.393142],[103.8853308,1.393077],[103.8853048,1.3930176]]]}},{"type":"Feature","id":"way/701866020-0","properties":{"addr:city":"Singapore","addr:housenumber":"356B","addr:postcode":"542356","addr:street":"Anchorvale Lane","building":"residential","building:levels":"18","residential":"hdb","clearanceGeometry":{"type":"Polygon","coordinates":[[[103.8842614,1.393735],[103.8842424,1.3937738],[103.8842571,1.3937808],[103.8842297,1.393838],[103.8842519,1.3938512],[103.8842452,1.3938645],[103.8842225,1.3938545],[103.884218,1.3938641],[103.8841805,1.3938464],[103.8841491,1.3939107],[103.8841729,1.3939221],[103.8842267,1.3939478],[103.8842317,1.3939387],[103.8843139,1.3939793],[103.8843089,1.3939894],[103.8844123,1.3940404],[103.8844344,1.3939985],[103.8844166,1.3939903],[103.8844204,1.3939821],[103.8843965,1.3939701],[103.8844187,1.3939237],[103.884499,1.3939643],[103.8844811,1.3939996],[103.8844631,1.393991],[103.8844427,1.3940306],[103.8845157,1.3940695],[103.8845209,1.3940597],[103.8845566,1.3940787],[103.8845948,1.3940096],[103.8846216,1.3940233],[103.8846301,1.3940202],[103.8846384,1.3940376],[103.8846088,1.394053],[103.8846155,1.3940664],[103.8846001,1.3940751],[103.8846108,1.3940939],[103.8846047,1.3940959],[103.8846182,1.3941254],[103.8848716,1.3939987],[103.8848428,1.3939558],[103.8848254,1.3939625],[103.8848133,1.3939383],[103.8848012,1.393943],[103.8847885,1.3939189],[103.8848012,1.3939122],[103.8847952,1.3939001],[103.8848119,1.3938908],[103.884758,1.3938105],[103.8847414,1.3938209],[103.8847275,1.3938296],[103.8847439,1.393853],[103.8847221,1.3938677],[103.8847307,1.3938822],[103.8847051,1.3938985],[103.8847296,1.3939388],[103.8846267,1.3940003],[103.8845374,1.3939573],[103.8845417,1.3939486],[103.8845602,1.3939584],[103.884564,1.3939497],[103.884582,1.3939584],[103.8846071,1.3939078],[103.8844139,1.3938122],[103.8843914,1.3938669],[103.88442,1.3938814],[103.8844143,1.3938917],[103.8844363,1.3939033],[103.8844308,1.3939122],[103.884312,1.393853],[103.8843557,1.3937668],[103.8843689,1.3937407],[103.8842664,1.3936912],[103.8842474,1.3937284],[103.8842614,1.393735]]]},"clearanceHeight":1.7,"clearancePrepared":true},"geometry":{"type":"Polygon","coordinates":[[[103.8842474,1.3937284],[103.8842614,1.393735],[103.8842424,1.3937738],[103.8842571,1.3937808],[103.8842297,1.393838],[103.8842519,1.3938512],[103.8842452,1.3938645],[103.8842225,1.3938545],[103.884218,1.3938641],[103.8841805,1.3938464],[103.8841491,1.3939107],[103.8841729,1.3939221],[103.8842267,1.3939478],[103.8842317,1.3939387],[103.8843139,1.3939793],[103.8843089,1.3939894],[103.8844123,1.3940404],[103.8844344,1.3939985],[103.8844166,1.3939903],[103.8844204,1.3939821],[103.8843965,1.3939701],[103.8844187,1.3939237],[103.884499,1.3939643],[103.8844811,1.3939996],[103.8844631,1.393991],[103.8844427,1.3940306],[103.8845157,1.3940695],[103.8845209,1.3940597],[103.8845566,1.3940787],[103.8845948,1.3940096],[103.8846216,1.3940233],[103.8846301,1.3940202],[103.8846384,1.3940376],[103.8846088,1.394053],[103.8846155,1.3940664],[103.8846001,1.3940751],[103.8846108,1.3940939],[103.8846047,1.3940959],[103.8846182,1.3941254],[103.8848716,1.3939987],[103.8848428,1.3939558],[103.8848254,1.3939625],[103.8848133,1.3939383],[103.8848012,1.393943],[103.8847885,1.3939189],[103.8848012,1.3939122],[103.8847952,1.3939001],[103.8848119,1.3938908],[103.884758,1.3938105],[103.8847414,1.3938209],[103.8847275,1.3938296],[103.8847439,1.393853],[103.8847221,1.3938677],[103.8847307,1.3938822],[103.8847051,1.3938985],[103.8847296,1.3939388],[103.8846267,1.3940003],[103.8845374,1.3939573],[103.8845417,1.3939486],[103.8845602,1.3939584],[103.884564,1.3939497],[103.884582,1.3939584],[103.8846071,1.3939078],[103.8844139,1.3938122],[103.8843914,1.3938669],[103.88442,1.3938814],[103.8844143,1.3938917],[103.8844363,1.3939033],[103.8844308,1.3939122],[103.884312,1.393853],[103.8843557,1.3937668],[103.8843689,1.3937407],[103.8842664,1.3936912],[103.8842474,1.3937284]]]}},{"type":"Feature","id":"way/727930686-0","properties":{"addr:city":"Singapore","addr:housenumber":"353B","addr:postcode":"542353","addr:street":"Anchorvale Lane","building":"residential","building:levels":"18","residential":"hdb","clearanceGeometry":{"type":"Polygon","coordinates":[[[103.8853224,1.3943292],[103.885371,1.3943527],[103.8853764,1.3943394],[103.8854347,1.3943646],[103.8854281,1.3943774],[103.8854763,1.3944018],[103.885483,1.3943965],[103.8855069,1.3944071],[103.8855241,1.3943682],[103.8855117,1.3943629],[103.8855179,1.3943496],[103.8854971,1.3943412],[103.8855073,1.3943208],[103.8855192,1.394327],[103.8855343,1.3942965],[103.8855799,1.3943182],[103.8855431,1.394396],[103.8855914,1.3944177],[103.8856272,1.3943372],[103.8856427,1.394346],[103.8856428,1.3943531],[103.8856299,1.3943543],[103.885631,1.3943717],[103.8856464,1.3943725],[103.8856559,1.3943706],[103.8856589,1.3943934],[103.8856503,1.3943944],[103.8856526,1.3944266],[103.8857627,1.3944153],[103.8857587,1.3943823],[103.8857476,1.394383],[103.8857454,1.3943629],[103.8857713,1.3943574],[103.8857699,1.394341],[103.8857851,1.3943396],[103.8857934,1.3943441],[103.8857934,1.3943566],[103.885819,1.3943547],[103.8858223,1.394377],[103.8858119,1.3943763],[103.8858169,1.3944088],[103.8858721,1.3944045],[103.8858685,1.3943825],[103.8858918,1.3943796],[103.8858887,1.3943358],[103.8858941,1.3943287],[103.8859036,1.3943273],[103.885906,1.3943469],[103.8859288,1.3943441],[103.8859302,1.3943645],[103.8859214,1.3943649],[103.8859233,1.3943962],[103.88597928709883,1.3943916051622725],[103.88603299601668,1.3943804264247959],[103.88603158268997,1.3943660986630904],[103.8860293,1.3943536],[103.8860196,1.3943545],[103.8860205,1.3943325],[103.88602819356244,1.3943317409938403],[103.8860265182161,1.394314756978107],[103.8860103,1.3943164],[103.8860039,1.3943107],[103.8860034,1.3943038],[103.88602503367211,1.3942997032581057],[103.88602326977872,1.3942818103783012],[103.8860098,1.3942822],[103.8860079,1.3942628],[103.8860158,1.3942602],[103.8860139,1.3942296],[103.8859041,1.3942398],[103.8859069,1.3942711],[103.8859179,1.3942716],[103.8859195,1.3942917],[103.8858951,1.3942955],[103.885897,1.3943123],[103.8858576,1.3943175],[103.8858541,1.3942936],[103.885846,1.3942943],[103.8858434,1.3942777],[103.8858524,1.3942772],[103.8858498,1.3942483],[103.8857467,1.3942569],[103.8857502,1.3942893],[103.8857609,1.3942886],[103.8857626,1.3943043],[103.8857555,1.3943043],[103.8857555,1.3943254],[103.8856673,1.3943374],[103.8856395,1.3943265],[103.8856485,1.3943052],[103.8856708,1.3943168],[103.8856952,1.3942668],[103.885645,1.3942407],[103.8856402,1.3942514],[103.8855833,1.3942244],[103.8855862,1.3942189],[103.8855376,1.3941952],[103.8855134,1.3942424],[103.8855385,1.3942547],[103.8855302,1.3942739],[103.8854787,1.3942499],[103.8854565,1.3942396],[103.8854726,1.3942028],[103.8854416,1.3941888],[103.8854463,1.3941779],[103.8853975,1.3941545],[103.8853944,1.3941604],[103.885369,1.3941493],[103.8853524,1.3941855],[103.8853662,1.3941903],[103.8853593,1.3942057],[103.8853802,1.3942125],[103.8853683,1.3942355],[103.8853837,1.3942415],[103.8853747,1.3942597],[103.88536,1.394255],[103.8853517,1.3942756],[103.8853313,1.3942656],[103.885324,1.3942787],[103.8853138,1.3942746],[103.8852967,1.3943133],[103.8853197,1.3943222],[103.8853224,1.3943292]]]},"clearanceHeight":1.7,"clearancePrepared":true},"geometry":{"type":"Polygon","coordinates":[[[103.8853197,1.3943222],[103.8853224,1.3943292],[103.885371,1.3943527],[103.8853764,1.3943394],[103.8854347,1.3943646],[103.8854281,1.3943774],[103.8854763,1.3944018],[103.885483,1.3943965],[103.8855069,1.3944071],[103.8855241,1.3943682],[103.8855117,1.3943629],[103.8855179,1.3943496],[103.8854971,1.3943412],[103.8855073,1.3943208],[103.8855192,1.394327],[103.8855343,1.3942965],[103.8855799,1.3943182],[103.8855431,1.394396],[103.8855914,1.3944177],[103.8856272,1.3943372],[103.8856427,1.394346],[103.8856428,1.3943531],[103.8856299,1.3943543],[103.885631,1.3943717],[103.8856464,1.3943725],[103.8856559,1.3943706],[103.8856589,1.3943934],[103.8856503,1.3943944],[103.8856526,1.3944266],[103.8857627,1.3944153],[103.8857587,1.3943823],[103.8857476,1.394383],[103.8857454,1.3943629],[103.8857713,1.3943574],[103.8857699,1.394341],[103.8857851,1.3943396],[103.8857934,1.3943441],[103.8857934,1.3943566],[103.885819,1.3943547],[103.8858223,1.394377],[103.8858119,1.3943763],[103.8858169,1.3944088],[103.8858721,1.3944045],[103.8858685,1.3943825],[103.8858918,1.3943796],[103.8858887,1.3943358],[103.8858941,1.3943287],[103.8859036,1.3943273],[103.885906,1.3943469],[103.8859288,1.3943441],[103.8859302,1.3943645],[103.8859214,1.3943649],[103.8859233,1.3943962],[103.8860354,1.394387],[103.8860293,1.3943536],[103.8860196,1.3943545],[103.8860205,1.3943325],[103.8860428,1.3943303],[103.8860409,1.3943133],[103.8860103,1.3943164],[103.8860039,1.3943107],[103.8860034,1.3943038],[103.8860335,1.3942981],[103.886034,1.3942815],[103.8860098,1.3942822],[103.8860079,1.3942628],[103.8860158,1.3942602],[103.8860139,1.3942296],[103.8859041,1.3942398],[103.8859069,1.3942711],[103.8859179,1.3942716],[103.8859195,1.3942917],[103.8858951,1.3942955],[103.885897,1.3943123],[103.8858576,1.3943175],[103.8858541,1.3942936],[103.885846,1.3942943],[103.8858434,1.3942777],[103.8858524,1.3942772],[103.8858498,1.3942483],[103.8857467,1.3942569],[103.8857502,1.3942893],[103.8857609,1.3942886],[103.8857626,1.3943043],[103.8857555,1.3943043],[103.8857555,1.3943254],[103.8856673,1.3943374],[103.8856395,1.3943265],[103.8856485,1.3943052],[103.8856708,1.3943168],[103.8856952,1.3942668],[103.885645,1.3942407],[103.8856402,1.3942514],[103.8855833,1.3942244],[103.8855862,1.3942189],[103.8855376,1.3941952],[103.8855134,1.3942424],[103.8855385,1.3942547],[103.8855302,1.3942739],[103.8854787,1.3942499],[103.8854565,1.3942396],[103.8854726,1.3942028],[103.8854416,1.3941888],[103.8854463,1.3941779],[103.8853975,1.3941545],[103.8853944,1.3941604],[103.885369,1.3941493],[103.8853524,1.3941855],[103.8853662,1.3941903],[103.8853593,1.3942057],[103.8853802,1.3942125],[103.8853683,1.3942355],[103.8853837,1.3942415],[103.8853747,1.3942597],[103.88536,1.394255],[103.8853517,1.3942756],[103.8853313,1.3942656],[103.885324,1.3942787],[103.8853138,1.3942746],[103.8852967,1.3943133],[103.8853197,1.3943222]]]}},{"type":"Feature","id":"way/727930687-0","properties":{"addr:city":"Singapore","addr:housenumber":"356","addr:postcode":"540356","addr:street":"Anchorvale Lane","building":"yes","building:levels":"2","clearanceGeometry":{"type":"Polygon","coordinates":[[[103.8846809,1.3930681],[103.8846089,1.3930312],[103.8846011,1.3930272],[103.884512,1.3931901],[103.8845911,1.3932337],[103.8846809,1.3930681]]]},"clearanceHeight":1.7,"clearancePrepared":true},"geometry":{"type":"Polygon","coordinates":[[[103.8845911,1.3932337],[103.8846809,1.3930681],[103.8846089,1.3930312],[103.8846011,1.3930272],[103.884512,1.3931901],[103.8845911,1.3932337]]]}},{"type":"Feature","id":"way/808060933-0","properties":{"addr:city":"Singapore","addr:housenumber":"20","addr:street":"Anchorvale Lane","building":"residential","building:levels":"16","residential":"condominium","clearanceGeometry":{"type":"Polygon","coordinates":[[[103.8839044,1.3919901],[103.8839045,1.392007],[103.8839308,1.3920069],[103.8839308,1.3920176],[103.8839648,1.3920175],[103.8839649,1.3920377],[103.8839407,1.3920378],[103.8839407,1.3920521],[103.8839246,1.3920521],[103.8839247,1.3920622],[103.8839154,1.3920622],[103.8839155,1.3920784],[103.8839086,1.3920784],[103.8839087,1.3921058],[103.88394,1.3921057],[103.8839401,1.3921126],[103.8839903,1.3921124],[103.8839903,1.3921214],[103.8840177,1.3921213],[103.8840175,1.3920626],[103.8840361,1.3920625],[103.8840361,1.3920861],[103.8840459,1.3920861],[103.884046,1.3921205],[103.8840884,1.3921204],[103.8840884,1.3921073],[103.8841448,1.3921071],[103.8841448,1.3920989],[103.8841767,1.3920989],[103.8841767,1.3920677],[103.8841685,1.3920677],[103.8841685,1.3920533],[103.8841476,1.3920533],[103.8841476,1.3920351],[103.884099,1.3920352],[103.884099,1.3920167],[103.8841257,1.3920166],[103.8841257,1.3920032],[103.8841342,1.3920032],[103.8841342,1.3919769],[103.8841453,1.3919768],[103.8841452,1.3919349],[103.8841072,1.391935],[103.8841072,1.3919279],[103.8840577,1.3919281],[103.8840577,1.3919195],[103.8840274,1.3919196],[103.8840276,1.3919612],[103.8840073,1.3919613],[103.8840072,1.39192],[103.8839673,1.3919201],[103.8839673,1.3919371],[103.8839157,1.3919372],[103.8839158,1.3919496],[103.8838958,1.3919496],[103.8838959,1.3919902],[103.8839044,1.3919901]]]},"clearanceHeight":1.7,"clearancePrepared":true},"geometry":{"type":"Polygon","coordinates":[[[103.8838959,1.3919902],[103.8839044,1.3919901],[103.8839045,1.392007],[103.8839308,1.3920069],[103.8839308,1.3920176],[103.8839648,1.3920175],[103.8839649,1.3920377],[103.8839407,1.3920378],[103.8839407,1.3920521],[103.8839246,1.3920521],[103.8839247,1.3920622],[103.8839154,1.3920622],[103.8839155,1.3920784],[103.8839086,1.3920784],[103.8839087,1.3921058],[103.88394,1.3921057],[103.8839401,1.3921126],[103.8839903,1.3921124],[103.8839903,1.3921214],[103.8840177,1.3921213],[103.8840175,1.3920626],[103.8840361,1.3920625],[103.8840361,1.3920861],[103.8840459,1.3920861],[103.884046,1.3921205],[103.8840884,1.3921204],[103.8840884,1.3921073],[103.8841448,1.3921071],[103.8841448,1.3920989],[103.8841767,1.3920989],[103.8841767,1.3920677],[103.8841685,1.3920677],[103.8841685,1.3920533],[103.8841476,1.3920533],[103.8841476,1.3920351],[103.884099,1.3920352],[103.884099,1.3920167],[103.8841257,1.3920166],[103.8841257,1.3920032],[103.8841342,1.3920032],[103.8841342,1.3919769],[103.8841453,1.3919768],[103.8841452,1.3919349],[103.8841072,1.391935],[103.8841072,1.3919279],[103.8840577,1.3919281],[103.8840577,1.3919195],[103.8840274,1.3919196],[103.8840276,1.3919612],[103.8840073,1.3919613],[103.8840072,1.39192],[103.8839673,1.3919201],[103.8839673,1.3919371],[103.8839157,1.3919372],[103.8839158,1.3919496],[103.8838958,1.3919496],[103.8838959,1.3919902]]]}},{"type":"Feature","id":"way/808060934-0","properties":{"addr:city":"Singapore","addr:housenumber":"28","addr:street":"Anchorvale Lane","building":"residential","building:levels":"16","residential":"condominium","clearanceGeometry":{"type":"Polygon","coordinates":[[[103.88415,1.392534],[103.8841924,1.3925335],[103.8841917,1.3924673],[103.884216,1.392467],[103.8842167,1.3925304],[103.8842873,1.3925297],[103.8842871,1.3925097],[103.8843626,1.3925089],[103.8843624,1.3924921],[103.8843902,1.3924918],[103.8843893,1.3924152],[103.8842757,1.3924165],[103.8842754,1.3923924],[103.8843025,1.3923921],[103.8843025,1.3923867],[103.8843308,1.3923863],[103.8843298,1.3923185],[103.8842622,1.3923195],[103.8842621,1.3923089],[103.8842004,1.3923097],[103.8842009,1.3923501],[103.8841814,1.3923504],[103.8841808,1.392309],[103.8841275,1.3923097],[103.8841277,1.3923222],[103.8840781,1.3923228],[103.8840782,1.3923349],[103.8840537,1.3923352],[103.8840543,1.3923867],[103.8840818,1.3923863],[103.884082,1.3924003],[103.8841584,1.3923994],[103.8841586,1.3924213],[103.8840943,1.392422],[103.8840945,1.3924399],[103.884069,1.3924401],[103.8840696,1.3925019],[103.8841118,1.3925014],[103.884112,1.3925152],[103.8841498,1.3925148],[103.88415,1.392534]]]},"clearanceHeight":1.7,"clearancePrepared":true},"geometry":{"type":"Polygon","coordinates":[[[103.8841498,1.3925148],[103.88415,1.392534],[103.8841924,1.3925335],[103.8841917,1.3924673],[103.884216,1.392467],[103.8842167,1.3925304],[103.8842873,1.3925297],[103.8842871,1.3925097],[103.8843626,1.3925089],[103.8843624,1.3924921],[103.8843902,1.3924918],[103.8843893,1.3924152],[103.8842757,1.3924165],[103.8842754,1.3923924],[103.8843025,1.3923921],[103.8843025,1.3923867],[103.8843308,1.3923863],[103.8843298,1.3923185],[103.8842622,1.3923195],[103.8842621,1.3923089],[103.8842004,1.3923097],[103.8842009,1.3923501],[103.8841814,1.3923504],[103.8841808,1.392309],[103.8841275,1.3923097],[103.8841277,1.3923222],[103.8840781,1.3923228],[103.8840782,1.3923349],[103.8840537,1.3923352],[103.8840543,1.3923867],[103.8840818,1.3923863],[103.884082,1.3924003],[103.8841584,1.3923994],[103.8841586,1.3924213],[103.8840943,1.392422],[103.8840945,1.3924399],[103.884069,1.3924401],[103.8840696,1.3925019],[103.8841118,1.3925014],[103.884112,1.3925152],[103.8841498,1.3925148]]]}},{"type":"Feature","id":"way/808060935-0","properties":{"addr:city":"Singapore","addr:housenumber":"32","addr:street":"Anchorvale Lane","building":"residential","building:levels":"16","residential":"condominium","clearanceGeometry":{"type":"Polygon","coordinates":[[[103.8839502,1.3927024],[103.8839422,1.3927165],[103.8839616,1.3927274],[103.8839569,1.3927356],[103.8839947,1.3927569],[103.8839802,1.3927826],[103.8839571,1.3927696],[103.8839508,1.3927809],[103.8839362,1.3927727],[103.8839282,1.3927868],[103.8839107,1.3927769],[103.8838943,1.3928061],[103.883912,1.3928161],[103.8839076,1.392824],[103.8839512,1.3928485],[103.8839455,1.3928586],[103.8839978,1.3928881],[103.8840216,1.3928461],[103.8840295,1.3928506],[103.8840058,1.3928925],[103.8840661,1.3929266],[103.8840736,1.3929134],[103.8841147,1.3929366],[103.8841185,1.3929299],[103.8841439,1.3929443],[103.8841666,1.3929043],[103.8841565,1.3928985],[103.8841652,1.3928832],[103.8841349,1.3928659],[103.8841384,1.3928597],[103.8840984,1.3928369],[103.8841097,1.3928171],[103.8841466,1.3928381],[103.8841507,1.392831],[103.8841585,1.3928355],[103.884166,1.3928223],[103.8841823,1.3928316],[103.8841863,1.3928247],[103.8841915,1.3928277],[103.8842058,1.3928025],[103.8841745,1.3927847],[103.8841792,1.3927765],[103.8841412,1.3927549],[103.8841465,1.3927456],[103.8841079,1.3927237],[103.8840843,1.3927654],[103.884062,1.3927527],[103.8840836,1.3927144],[103.8840352,1.3926871],[103.8840291,1.3926978],[103.8839864,1.3926737],[103.8839814,1.3926825],[103.8839615,1.3926713],[103.8839454,1.3926997],[103.8839502,1.3927024]]]},"clearanceHeight":1.7,"clearancePrepared":true},"geometry":{"type":"Polygon","coordinates":[[[103.8839454,1.3926997],[103.8839502,1.3927024],[103.8839422,1.3927165],[103.8839616,1.3927274],[103.8839569,1.3927356],[103.8839947,1.3927569],[103.8839802,1.3927826],[103.8839571,1.3927696],[103.8839508,1.3927809],[103.8839362,1.3927727],[103.8839282,1.3927868],[103.8839107,1.3927769],[103.8838943,1.3928061],[103.883912,1.3928161],[103.8839076,1.392824],[103.8839512,1.3928485],[103.8839455,1.3928586],[103.8839978,1.3928881],[103.8840216,1.3928461],[103.8840295,1.3928506],[103.8840058,1.3928925],[103.8840661,1.3929266],[103.8840736,1.3929134],[103.8841147,1.3929366],[103.8841185,1.3929299],[103.8841439,1.3929443],[103.8841666,1.3929043],[103.8841565,1.3928985],[103.8841652,1.3928832],[103.8841349,1.3928659],[103.8841384,1.3928597],[103.8840984,1.3928369],[103.8841097,1.3928171],[103.8841466,1.3928381],[103.8841507,1.392831],[103.8841585,1.3928355],[103.884166,1.3928223],[103.8841823,1.3928316],[103.8841863,1.3928247],[103.8841915,1.3928277],[103.8842058,1.3928025],[103.8841745,1.3927847],[103.8841792,1.3927765],[103.8841412,1.3927549],[103.8841465,1.3927456],[103.8841079,1.3927237],[103.8840843,1.3927654],[103.884062,1.3927527],[103.8840836,1.3927144],[103.8840352,1.3926871],[103.8840291,1.3926978],[103.8839864,1.3926737],[103.8839814,1.3926825],[103.8839615,1.3926713],[103.8839454,1.3926997]]]}},{"type":"Feature","id":"way/808060936-0","properties":{"addr:city":"Singapore","addr:housenumber":"30","addr:street":"Anchorvale Lane","building":"residential","building:levels":"16","residential":"condominium","clearanceGeometry":{"type":"Polygon","coordinates":[[[103.8841737,1.392965],[103.8842133,1.3929867],[103.8842099,1.392993],[103.8842476,1.3930138],[103.8842669,1.3929789],[103.8842767,1.3929843],[103.8842582,1.3930177],[103.8843079,1.3930454],[103.884314,1.3930345],[103.8843546,1.3930571],[103.8843599,1.3930476],[103.8843783,1.3930579],[103.8843979,1.393023],[103.8843895,1.3930183],[103.8843947,1.3930092],[103.8843662,1.3929932],[103.8843704,1.3929857],[103.8843589,1.3929793],[103.8843625,1.3929728],[103.8843526,1.3929673],[103.8843625,1.3929497],[103.8843675,1.3929525],[103.8843702,1.3929476],[103.8843961,1.3929622],[103.8843982,1.3929585],[103.8844034,1.3929614],[103.8844083,1.3929528],[103.8844253,1.3929624],[103.884428,1.3929577],[103.884437,1.3929628],[103.8844578,1.3929264],[103.884424,1.3929072],[103.8844286,1.3928992],[103.8843857,1.3928748],[103.8843908,1.3928659],[103.8843507,1.3928431],[103.884327,1.3928847],[103.8843074,1.3928735],[103.884326,1.3928408],[103.8842998,1.392826],[103.8842958,1.3928329],[103.8842595,1.3928124],[103.884253,1.3928239],[103.8842324,1.3928123],[103.8842204,1.392832],[103.8842285,1.3928365],[103.8842223,1.3928492],[103.8842279,1.3928523],[103.8842235,1.3928602],[103.8842377,1.392868],[103.8842318,1.3928787],[103.8842415,1.3928841],[103.8842298,1.3929054],[103.8842182,1.3928991],[103.8842146,1.3929057],[103.8842043,1.3929002],[103.8842,1.392908],[103.884189,1.392902],[103.8841825,1.3929139],[103.8841724,1.3929084],[103.884152,1.3929459],[103.8841768,1.3929594],[103.8841737,1.392965]]]},"clearanceHeight":1.7,"clearancePrepared":true},"geometry":{"type":"Polygon","coordinates":[[[103.8841768,1.3929594],[103.8841737,1.392965],[103.8842133,1.3929867],[103.8842099,1.392993],[103.8842476,1.3930138],[103.8842669,1.3929789],[103.8842767,1.3929843],[103.8842582,1.3930177],[103.8843079,1.3930454],[103.884314,1.3930345],[103.8843546,1.3930571],[103.8843599,1.3930476],[103.8843783,1.3930579],[103.8843979,1.393023],[103.8843895,1.3930183],[103.8843947,1.3930092],[103.8843662,1.3929932],[103.8843704,1.3929857],[103.8843589,1.3929793],[103.8843625,1.3929728],[103.8843526,1.3929673],[103.8843625,1.3929497],[103.8843675,1.3929525],[103.8843702,1.3929476],[103.8843961,1.3929622],[103.8843982,1.3929585],[103.8844034,1.3929614],[103.8844083,1.3929528],[103.8844253,1.3929624],[103.884428,1.3929577],[103.884437,1.3929628],[103.8844578,1.3929264],[103.884424,1.3929072],[103.8844286,1.3928992],[103.8843857,1.3928748],[103.8843908,1.3928659],[103.8843507,1.3928431],[103.884327,1.3928847],[103.8843074,1.3928735],[103.884326,1.3928408],[103.8842998,1.392826],[103.8842958,1.3928329],[103.8842595,1.3928124],[103.884253,1.3928239],[103.8842324,1.3928123],[103.8842204,1.392832],[103.8842285,1.3928365],[103.8842223,1.3928492],[103.8842279,1.3928523],[103.8842235,1.3928602],[103.8842377,1.392868],[103.8842318,1.3928787],[103.8842415,1.3928841],[103.8842298,1.3929054],[103.8842182,1.3928991],[103.8842146,1.3929057],[103.8842043,1.3929002],[103.8842,1.392908],[103.884189,1.392902],[103.8841825,1.3929139],[103.8841724,1.3929084],[103.884152,1.3929459],[103.8841768,1.3929594]]]}},{"type":"Feature","id":"way/808060937-0","properties":{"addr:city":"Singapore","addr:housenumber":"36","addr:street":"Anchorvale Lane","building":"residential","building:levels":"16","residential":"condominium","clearanceGeometry":{"type":"Polygon","coordinates":[[[103.883969,1.3933401],[103.8840173,1.3933642],[103.8840143,1.3933702],[103.8840424,1.3933842],[103.8840645,1.3933401],[103.8840716,1.3933437],[103.8840533,1.3933801],[103.884091,1.3933989],[103.8840982,1.3933844],[103.8841341,1.3934024],[103.8841393,1.393392],[103.884175,1.3934098],[103.8841843,1.3933912],[103.8841783,1.3933882],[103.8841848,1.3933751],[103.8841649,1.3933653],[103.8841684,1.3933581],[103.8841368,1.3933427],[103.8841417,1.3933327],[103.8841263,1.3933252],[103.884133,1.3933115],[103.8841136,1.3933021],[103.8841215,1.3932858],[103.8841754,1.3933119],[103.8841813,1.3932999],[103.8842079,1.3933128],[103.8842118,1.3933047],[103.884229,1.393313],[103.8842329,1.3933051],[103.8842451,1.393311],[103.8842627,1.3932744],[103.8842327,1.3932599],[103.884237,1.393251],[103.8841965,1.3932316],[103.8842028,1.3932185],[103.8841412,1.3931889],[103.8841231,1.3932265],[103.8841189,1.3932244],[103.8841353,1.3931904],[103.8840991,1.3931728],[103.8840949,1.3931815],[103.8840611,1.3931651],[103.8840564,1.3931748],[103.88403,1.3931619],[103.8840153,1.393192],[103.8840218,1.3931952],[103.8840143,1.3932104],[103.884024,1.3932151],[103.8840195,1.3932242],[103.8840303,1.3932295],[103.8840263,1.3932376],[103.8840448,1.3932467],[103.8840363,1.3932639],[103.8840163,1.393254],[103.8840109,1.3932648],[103.884,1.3932594],[103.8839981,1.3932634],[103.8839816,1.3932552],[103.883977,1.3932645],[103.883968,1.39326],[103.8839406,1.3933148],[103.8839734,1.3933312],[103.883969,1.3933401]]]},"clearanceHeight":1.7,"clearancePrepared":true},"geometry":{"type":"Polygon","coordinates":[[[103.8839734,1.3933312],[103.883969,1.3933401],[103.8840173,1.3933642],[103.8840143,1.3933702],[103.8840424,1.3933842],[103.8840645,1.3933401],[103.8840716,1.3933437],[103.8840533,1.3933801],[103.884091,1.3933989],[103.8840982,1.3933844],[103.8841341,1.3934024],[103.8841393,1.393392],[103.884175,1.3934098],[103.8841843,1.3933912],[103.8841783,1.3933882],[103.8841848,1.3933751],[103.8841649,1.3933653],[103.8841684,1.3933581],[103.8841368,1.3933427],[103.8841417,1.3933327],[103.8841263,1.3933252],[103.884133,1.3933115],[103.8841136,1.3933021],[103.8841215,1.3932858],[103.8841754,1.3933119],[103.8841813,1.3932999],[103.8842079,1.3933128],[103.8842118,1.3933047],[103.884229,1.393313],[103.8842329,1.3933051],[103.8842451,1.393311],[103.8842627,1.3932744],[103.8842327,1.3932599],[103.884237,1.393251],[103.8841965,1.3932316],[103.8842028,1.3932185],[103.8841412,1.3931889],[103.8841231,1.3932265],[103.8841189,1.3932244],[103.8841353,1.3931904],[103.8840991,1.3931728],[103.8840949,1.3931815],[103.8840611,1.3931651],[103.8840564,1.3931748],[103.88403,1.3931619],[103.8840153,1.393192],[103.8840218,1.3931952],[103.8840143,1.3932104],[103.884024,1.3932151],[103.8840195,1.3932242],[103.8840303,1.3932295],[103.8840263,1.3932376],[103.8840448,1.3932467],[103.8840363,1.3932639],[103.8840163,1.393254],[103.8840109,1.3932648],[103.884,1.3932594],[103.8839981,1.3932634],[103.8839816,1.3932552],[103.883977,1.3932645],[103.883968,1.39326],[103.8839406,1.3933148],[103.8839734,1.3933312]]]}},{"type":"Feature","id":"way/1005712341-0","properties":{"addr:city":"Singapore","addr:housenumber":"355","addr:street":"Anchorvale Lane","building":"yes","power":"substation","clearanceGeometry":{"type":"Polygon","coordinates":[[[103.8848634,1.392744],[103.8847157,1.3926837],[103.8846888,1.3927497],[103.8848365,1.3928099],[103.8848634,1.392744]]]},"clearanceHeight":1.7,"clearancePrepared":true},"geometry":{"type":"Polygon","coordinates":[[[103.8848365,1.3928099],[103.8848634,1.392744],[103.8847157,1.3926837],[103.8846888,1.3927497],[103.8848365,1.3928099]]]}},{"type":"Feature","id":"way/1005712342-0","properties":{"addr:city":"Singapore","addr:housenumber":"354","addr:street":"Anchorvale Lane","building":"yes","power":"substation","clearanceGeometry":{"type":"Polygon","coordinates":[[[103.8854874,1.3926057],[103.8853052,1.3926974],[103.88532472079993,1.3927361824742088],[103.88550798646406,1.392646599656472],[103.8854874,1.3926057]]]},"clearanceHeight":1.7,"clearancePrepared":true},"geometry":{"type":"Polygon","coordinates":[[[103.88551,1.3926506],[103.8854874,1.3926057],[103.8853052,1.3926974],[103.8853278,1.3927423],[103.88551,1.3926506]]]}},{"type":"Feature","id":"way/1008398585-0","properties":{"addr:city":"Singapore","addr:housenumber":"34","addr:street":"Anchorvale Lane","building":"residential","building:levels":"16","residential":"condominium","clearanceGeometry":{"type":"Polygon","coordinates":[[[103.883755,1.393235],[103.8838039,1.3932594],[103.8838395,1.3931882],[103.883851,1.393194],[103.8838215,1.3932529],[103.8838411,1.3932627],[103.8838487,1.3932476],[103.8838968,1.3932717],[103.8839036,1.3932581],[103.8839313,1.393272],[103.8839456,1.3932434],[103.8839311,1.3932362],[103.8839381,1.3932221],[103.8839249,1.3932155],[103.883933,1.3931995],[103.8839112,1.3931886],[103.8839266,1.3931579],[103.8839468,1.393168],[103.8839558,1.3931502],[103.8839724,1.3931585],[103.8839781,1.3931472],[103.8839921,1.3931542],[103.8839999,1.3931386],[103.8839609,1.393119],[103.8839695,1.3931018],[103.8839151,1.3930745],[103.883878,1.3931484],[103.8838676,1.3931432],[103.8839008,1.393077],[103.8838548,1.393054],[103.8838487,1.3930662],[103.8837836,1.3930336],[103.8837738,1.3930534],[103.8837533,1.3930431],[103.8837409,1.393068],[103.8837673,1.3930812],[103.8837576,1.3931006],[103.8837759,1.3931097],[103.8837666,1.3931282],[103.8837975,1.3931436],[103.8837867,1.3931652],[103.8837173,1.3931304],[103.8836976,1.3931698],[103.883716,1.393179],[103.8837106,1.3931898],[103.8837642,1.3932166],[103.883755,1.393235]]]},"clearanceHeight":1.7,"clearancePrepared":true},"geometry":{"type":"Polygon","coordinates":[[[103.8837642,1.3932166],[103.883755,1.393235],[103.8838039,1.3932594],[103.8838395,1.3931882],[103.883851,1.393194],[103.8838215,1.3932529],[103.8838411,1.3932627],[103.8838487,1.3932476],[103.8838968,1.3932717],[103.8839036,1.3932581],[103.8839313,1.393272],[103.8839456,1.3932434],[103.8839311,1.3932362],[103.8839381,1.3932221],[103.8839249,1.3932155],[103.883933,1.3931995],[103.8839112,1.3931886],[103.8839266,1.3931579],[103.8839468,1.393168],[103.8839558,1.3931502],[103.8839724,1.3931585],[103.8839781,1.3931472],[103.8839921,1.3931542],[103.8839999,1.3931386],[103.8839609,1.393119],[103.8839695,1.3931018],[103.8839151,1.3930745],[103.883878,1.3931484],[103.8838676,1.3931432],[103.8839008,1.393077],[103.8838548,1.393054],[103.8838487,1.3930662],[103.8837836,1.3930336],[103.8837738,1.3930534],[103.8837533,1.3930431],[103.8837409,1.393068],[103.8837673,1.3930812],[103.8837576,1.3931006],[103.8837759,1.3931097],[103.8837666,1.3931282],[103.8837975,1.3931436],[103.8837867,1.3931652],[103.8837173,1.3931304],[103.8836976,1.3931698],[103.883716,1.393179],[103.8837106,1.3931898],[103.8837642,1.3932166]]]}},{"type":"Feature","id":"way/1008398586-0","properties":{"addr:city":"Singapore","addr:housenumber":"38","addr:street":"Anchorvale Lane","building":"residential","building:levels":"16","residential":"condominium","clearanceGeometry":{"type":"Polygon","coordinates":[[[103.8839137,1.3937502],[103.8839222,1.3937325],[103.8840035,1.3937713],[103.8840206,1.3937355],[103.8840071,1.3937291],[103.8840138,1.393715],[103.8839815,1.3936996],[103.8839899,1.393682],[103.883967,1.3936711],[103.8839814,1.393641],[103.8840099,1.3936547],[103.8840172,1.3936396],[103.8840552,1.3936578],[103.8840709,1.3936252],[103.8840383,1.3936095],[103.8840405,1.3935959],[103.8839976,1.3935728],[103.8840112,1.3935478],[103.8839791,1.3935305],[103.8839363,1.3936097],[103.8839204,1.3936011],[103.8839623,1.3935235],[103.8839179,1.3934995],[103.883904,1.3935252],[103.8838687,1.3935061],[103.8838593,1.3935235],[103.8838303,1.3935078],[103.8838119,1.3935418],[103.8838321,1.3935528],[103.8838229,1.3935697],[103.8838426,1.3935804],[103.8838384,1.3935882],[103.8838639,1.393602],[103.8838431,1.3936402],[103.8838256,1.3936307],[103.8838158,1.3936486],[103.8837955,1.3936376],[103.883786,1.3936549],[103.8838243,1.3936757],[103.8838161,1.3936906],[103.883853,1.3937107],[103.8838455,1.3937244],[103.8838588,1.3937265],[103.8838963,1.3936479],[103.8839175,1.393658],[103.8838809,1.3937345],[103.8839137,1.3937502]]]},"clearanceHeight":1.7,"clearancePrepared":true},"geometry":{"type":"Polygon","coordinates":[[[103.8838809,1.3937345],[103.8839137,1.3937502],[103.8839222,1.3937325],[103.8840035,1.3937713],[103.8840206,1.3937355],[103.8840071,1.3937291],[103.8840138,1.393715],[103.8839815,1.3936996],[103.8839899,1.393682],[103.883967,1.3936711],[103.8839814,1.393641],[103.8840099,1.3936547],[103.8840172,1.3936396],[103.8840552,1.3936578],[103.8840709,1.3936252],[103.8840383,1.3936095],[103.8840405,1.3935959],[103.8839976,1.3935728],[103.8840112,1.3935478],[103.8839791,1.3935305],[103.8839363,1.3936097],[103.8839204,1.3936011],[103.8839623,1.3935235],[103.8839179,1.3934995],[103.883904,1.3935252],[103.8838687,1.3935061],[103.8838593,1.3935235],[103.8838303,1.3935078],[103.8838119,1.3935418],[103.8838321,1.3935528],[103.8838229,1.3935697],[103.8838426,1.3935804],[103.8838384,1.3935882],[103.8838639,1.393602],[103.8838431,1.3936402],[103.8838256,1.3936307],[103.8838158,1.3936486],[103.8837955,1.3936376],[103.883786,1.3936549],[103.8838243,1.3936757],[103.8838161,1.3936906],[103.883853,1.3937107],[103.8838455,1.3937244],[103.8838588,1.3937265],[103.8838963,1.3936479],[103.8839175,1.393658],[103.8838809,1.3937345]]]}},{"type":"Feature","id":"way/1008398587-0","properties":{"addr:city":"Singapore","addr:housenumber":"40","addr:street":"Anchorvale Lane","building":"residential","building:levels":"16","residential":"condominium","clearanceGeometry":{"type":"Polygon","coordinates":[[[103.8836922,1.3934821],[103.8837309,1.3933958],[103.8836648,1.3933662],[103.8836582,1.3933809],[103.8836155,1.3933617],[103.8836077,1.393379],[103.883569,1.3933615],[103.883554,1.3933947],[103.883584,1.3934082],[103.8835775,1.3934227],[103.8835955,1.3934308],[103.8835895,1.3934443],[103.8836139,1.3934492],[103.8836063,1.3934658],[103.8836319,1.3934775],[103.8836219,1.3934993],[103.8835621,1.393472],[103.8835553,1.3934868],[103.8835284,1.3934745],[103.8835043,1.3935271],[103.8835511,1.3935485],[103.8835428,1.3935666],[103.8835837,1.3935853],[103.8835777,1.3935984],[103.883615,1.3936155],[103.8836398,1.3935614],[103.8836629,1.393572],[103.8836402,1.3936216],[103.8836469,1.3936246],[103.8836538,1.3936096],[103.8836886,1.3936255],[103.8836959,1.3936095],[103.8837284,1.3936244],[103.8837492,1.3935788],[103.8837295,1.3935698],[103.8837357,1.3935561],[103.8837221,1.3935499],[103.8837274,1.3935382],[103.8837518,1.3935492],[103.8837586,1.3935341],[103.8837728,1.3935405],[103.8837805,1.3935235],[103.883803,1.3935337],[103.8838218,1.3934919],[103.8837777,1.3934721],[103.8837829,1.3934606],[103.8837488,1.3934452],[103.8837577,1.3934254],[103.8837416,1.3934182],[103.8837095,1.3934898],[103.8836922,1.3934821]]]},"clearanceHeight":1.7,"clearancePrepared":true},"geometry":{"type":"Polygon","coordinates":[[[103.8837095,1.3934898],[103.8836922,1.3934821],[103.8837309,1.3933958],[103.8836648,1.3933662],[103.8836582,1.3933809],[103.8836155,1.3933617],[103.8836077,1.393379],[103.883569,1.3933615],[103.883554,1.3933947],[103.883584,1.3934082],[103.8835775,1.3934227],[103.8835955,1.3934308],[103.8835895,1.3934443],[103.8836139,1.3934492],[103.8836063,1.3934658],[103.8836319,1.3934775],[103.8836219,1.3934993],[103.8835621,1.393472],[103.8835553,1.3934868],[103.8835284,1.3934745],[103.8835043,1.3935271],[103.8835511,1.3935485],[103.8835428,1.3935666],[103.8835837,1.3935853],[103.8835777,1.3935984],[103.883615,1.3936155],[103.8836398,1.3935614],[103.8836629,1.393572],[103.8836402,1.3936216],[103.8836469,1.3936246],[103.8836538,1.3936096],[103.8836886,1.3936255],[103.8836959,1.3936095],[103.8837284,1.3936244],[103.8837492,1.3935788],[103.8837295,1.3935698],[103.8837357,1.3935561],[103.8837221,1.3935499],[103.8837274,1.3935382],[103.8837518,1.3935492],[103.8837586,1.3935341],[103.8837728,1.3935405],[103.8837805,1.3935235],[103.883803,1.3935337],[103.8838218,1.3934919],[103.8837777,1.3934721],[103.8837829,1.3934606],[103.8837488,1.3934452],[103.8837577,1.3934254],[103.8837416,1.3934182],[103.8837095,1.3934898]]]}},{"type":"Feature","id":"way/1008398588-0","properties":{"addr:city":"Singapore","addr:housenumber":"26","addr:street":"Anchorvale Lane","building":"residential","building:levels":"16","residential":"condominium","clearanceGeometry":{"type":"Polygon","coordinates":[[[103.8838159,1.3925217],[103.883816,1.3925417],[103.8838626,1.3925413],[103.8838628,1.392563],[103.8839034,1.3925627],[103.8839031,1.392531],[103.8839166,1.3925309],[103.8839162,1.3924861],[103.8839528,1.3924858],[103.8839535,1.392559],[103.8839894,1.3925587],[103.8839892,1.3925338],[103.8840399,1.3925334],[103.8840396,1.3924964],[103.8840141,1.3924966],[103.884014,1.3924843],[103.8839987,1.3924844],[103.8839985,1.3924715],[103.8839847,1.3924717],[103.8839844,1.3924318],[103.8840255,1.3924314],[103.8840253,1.3924156],[103.8840496,1.3924154],[103.8840492,1.39237],[103.8840251,1.3923702],[103.8840248,1.3923473],[103.8839782,1.3923477],[103.8839779,1.3923149],[103.883938,1.3923153],[103.8839386,1.3923899],[103.8839178,1.3923901],[103.8839172,1.392321],[103.8838721,1.3923214],[103.8838723,1.3923476],[103.8838105,1.3923482],[103.8838106,1.3923658],[103.883771,1.3923661],[103.8837713,1.3923974],[103.8837931,1.3923972],[103.8837932,1.3924114],[103.8838189,1.3924112],[103.8838192,1.3924372],[103.8838628,1.3924368],[103.8838631,1.392471],[103.883778,1.3924717],[103.8837785,1.392522],[103.8838159,1.3925217]]]},"clearanceHeight":1.7,"clearancePrepared":true},"geometry":{"type":"Polygon","coordinates":[[[103.8837785,1.392522],[103.8838159,1.3925217],[103.883816,1.3925417],[103.8838626,1.3925413],[103.8838628,1.392563],[103.8839034,1.3925627],[103.8839031,1.392531],[103.8839166,1.3925309],[103.8839162,1.3924861],[103.8839528,1.3924858],[103.8839535,1.392559],[103.8839894,1.3925587],[103.8839892,1.3925338],[103.8840399,1.3925334],[103.8840396,1.3924964],[103.8840141,1.3924966],[103.884014,1.3924843],[103.8839987,1.3924844],[103.8839985,1.3924715],[103.8839847,1.3924717],[103.8839844,1.3924318],[103.8840255,1.3924314],[103.8840253,1.3924156],[103.8840496,1.3924154],[103.8840492,1.39237],[103.8840251,1.3923702],[103.8840248,1.3923473],[103.8839782,1.3923477],[103.8839779,1.3923149],[103.883938,1.3923153],[103.8839386,1.3923899],[103.8839178,1.3923901],[103.8839172,1.392321],[103.8838721,1.3923214],[103.8838723,1.3923476],[103.8838105,1.3923482],[103.8838106,1.3923658],[103.883771,1.3923661],[103.8837713,1.3923974],[103.8837931,1.3923972],[103.8837932,1.3924114],[103.8838189,1.3924112],[103.8838192,1.3924372],[103.8838628,1.3924368],[103.8838631,1.392471],[103.883778,1.3924717],[103.8837785,1.392522]]]}},{"type":"Feature","id":"way/1099381780-0","properties":{"amenity":"shelter","building":"yes","height":"0.1","name":"Mangosteen shelter","roof:colour":"#55429a","roof:levels":"1","roof:shape":"dome","shelter_type":"gazebo","clearanceGeometry":{"type":"Polygon","coordinates":[[[103.8848731,1.3957946],[103.8848747,1.3958064],[103.8848802,1.395817],[103.8848889,1.3958251],[103.8848998,1.3958299],[103.884911,1.3958308],[103.8849219,1.3958282],[103.8849315,1.3958222],[103.8849386,1.3958136],[103.8849427,1.3958031],[103.8849433,1.3957918],[103.8849403,1.395781],[103.8849359,1.3957746],[103.884934,1.3957717],[103.8849251,1.3957648],[103.8849138,1.395761],[103.8849019,1.3957611],[103.8848962,1.3957632],[103.8848907,1.3957652],[103.8848816,1.3957728],[103.8848754,1.395783],[103.8848731,1.3957946]]]},"clearanceHeight":0.1,"clearancePrepared":true},"geometry":{"type":"Polygon","coordinates":[[[103.8848754,1.395783],[103.8848731,1.3957946],[103.8848747,1.3958064],[103.8848802,1.395817],[103.8848889,1.3958251],[103.8848998,1.3958299],[103.884911,1.3958308],[103.8849219,1.3958282],[103.8849315,1.3958222],[103.8849386,1.3958136],[103.8849427,1.3958031],[103.8849433,1.3957918],[103.8849403,1.395781],[103.8849359,1.3957746],[103.884934,1.3957717],[103.8849251,1.3957648],[103.8849138,1.395761],[103.8849019,1.3957611],[103.8848962,1.3957632],[103.8848907,1.3957652],[103.8848816,1.3957728],[103.8848754,1.395783]]]}},{"type":"Feature","id":"way/1106536132-0","properties":{"building":"yes","clearanceGeometry":{"type":"Polygon","coordinates":[[[103.8866405,1.3959204],[103.8866947,1.3959143],[103.886688,1.3958546],[103.8867168,1.3958514],[103.8867373,1.3958334],[103.8867328,1.3957936],[103.8866455,1.3958033],[103.8866478,1.3958239],[103.8865895,1.3958304],[103.8866013,1.3959356],[103.8865764,1.3959384],[103.8865882,1.3960433],[103.8866535,1.396036],[103.8866405,1.3959204]]]},"clearanceHeight":1.7,"clearancePrepared":true},"geometry":{"type":"Polygon","coordinates":[[[103.8866535,1.396036],[103.8866405,1.3959204],[103.8866947,1.3959143],[103.886688,1.3958546],[103.8867168,1.3958514],[103.8867373,1.3958334],[103.8867328,1.3957936],[103.8866455,1.3958033],[103.8866478,1.3958239],[103.8865895,1.3958304],[103.8866013,1.3959356],[103.8865764,1.3959384],[103.8865882,1.3960433],[103.8866535,1.396036]]]}},{"type":"Feature","id":"way/1106536133-0","properties":{"building":"grandstand","clearanceGeometry":{"type":"Polygon","coordinates":[[[103.8857388,1.3950991],[103.8857221,1.3952123],[103.8857185,1.3953247],[103.8857232,1.3954151],[103.8857031,1.3954207],[103.8857242,1.3956178],[103.8857493,1.3956163],[103.8857714,1.3957159],[103.8858028,1.395816],[103.8858413,1.3959074],[103.8858883,1.3959028],[103.8857789,1.3950943],[103.8857388,1.3950991]]]},"clearanceHeight":1.7,"clearancePrepared":true},"geometry":{"type":"Polygon","coordinates":[[[103.8857789,1.3950943],[103.8857388,1.3950991],[103.8857221,1.3952123],[103.8857185,1.3953247],[103.8857232,1.3954151],[103.8857031,1.3954207],[103.8857242,1.3956178],[103.8857493,1.3956163],[103.8857714,1.3957159],[103.8858028,1.395816],[103.8858413,1.3959074],[103.8858883,1.3959028],[103.8857789,1.3950943]]]}},{"type":"Feature","id":"way/1172652087-0","properties":{"addr:city":"Singapore","addr:housenumber":"22","addr:street":"Anchorvale Lane","building":"residential","building:levels":"16","residential":"condominium","clearanceGeometry":{"type":"Polygon","coordinates":[[[103.8835901,1.3920049],[103.8835907,1.3920211],[103.8836129,1.3920202],[103.8836132,1.3920297],[103.8836566,1.392028],[103.8836577,1.3920575],[103.8836313,1.3920585],[103.8836318,1.3920714],[103.8836151,1.3920721],[103.8836157,1.3920883],[103.8835956,1.3920891],[103.8835969,1.3921225],[103.8836173,1.3921218],[103.8836177,1.3921308],[103.8836676,1.3921288],[103.8836681,1.3921404],[103.8837281,1.3921381],[103.8837263,1.3920898],[103.8837354,1.3920895],[103.8837372,1.3921376],[103.8838064,1.392135],[103.8838059,1.3921198],[103.8838531,1.392118],[103.8838528,1.3921103],[103.883882,1.3921093],[103.8838803,1.3920633],[103.8838687,1.3920637],[103.883868,1.3920461],[103.8838332,1.3920472],[103.8838329,1.3920401],[103.8837869,1.3920417],[103.8837861,1.3920189],[103.8838285,1.3920174],[103.8838283,1.3920092],[103.8838373,1.392009],[103.8838368,1.3919938],[103.8838555,1.3919932],[103.8838553,1.3919852],[103.8838613,1.391985],[103.8838602,1.3919561],[103.8838243,1.3919574],[103.883824,1.3919479],[103.8837803,1.3919494],[103.8837799,1.3919387],[103.8837355,1.3919404],[103.8837373,1.3919882],[103.8837117,1.3919891],[103.88371,1.3919452],[103.8836544,1.3919473],[103.8836549,1.3919596],[103.8836059,1.3919615],[103.8836062,1.3919716],[103.8835834,1.3919725],[103.8835846,1.3920052],[103.8835901,1.3920049]]]},"clearanceHeight":1.7,"clearancePrepared":true},"geometry":{"type":"Polygon","coordinates":[[[103.8835846,1.3920052],[103.8835901,1.3920049],[103.8835907,1.3920211],[103.8836129,1.3920202],[103.8836132,1.3920297],[103.8836566,1.392028],[103.8836577,1.3920575],[103.8836313,1.3920585],[103.8836318,1.3920714],[103.8836151,1.3920721],[103.8836157,1.3920883],[103.8835956,1.3920891],[103.8835969,1.3921225],[103.8836173,1.3921218],[103.8836177,1.3921308],[103.8836676,1.3921288],[103.8836681,1.3921404],[103.8837281,1.3921381],[103.8837263,1.3920898],[103.8837354,1.3920895],[103.8837372,1.3921376],[103.8838064,1.392135],[103.8838059,1.3921198],[103.8838531,1.392118],[103.8838528,1.3921103],[103.883882,1.3921093],[103.8838803,1.3920633],[103.8838687,1.3920637],[103.883868,1.3920461],[103.8838332,1.3920472],[103.8838329,1.3920401],[103.8837869,1.3920417],[103.8837861,1.3920189],[103.8838285,1.3920174],[103.8838283,1.3920092],[103.8838373,1.392009],[103.8838368,1.3919938],[103.8838555,1.3919932],[103.8838553,1.3919852],[103.8838613,1.391985],[103.8838602,1.3919561],[103.8838243,1.3919574],[103.883824,1.3919479],[103.8837803,1.3919494],[103.8837799,1.3919387],[103.8837355,1.3919404],[103.8837373,1.3919882],[103.8837117,1.3919891],[103.88371,1.3919452],[103.8836544,1.3919473],[103.8836549,1.3919596],[103.8836059,1.3919615],[103.8836062,1.3919716],[103.8835834,1.3919725],[103.8835846,1.3920052]]]}},{"type":"Feature","id":"node/5015085321","properties":{"crossing":"traffic_signals","highway":"traffic_signals"},"geometry":{"type":"Point","coordinates":[103.8866011,1.3918144]}},{"type":"Feature","id":"node/5015083999","properties":{"highway":"crossing"},"geometry":{"type":"Point","coordinates":[103.8865303,1.3919387]}},{"type":"Feature","id":"node/5278671004","properties":{"highway":"crossing"},"geometry":{"type":"Point","coordinates":[103.8868228,1.391823]}},{"type":"Feature","id":"node/5278671005","properties":{"highway":"crossing"},"geometry":{"type":"Point","coordinates":[103.8866905,1.3918203]}},{"type":"Feature","id":"node/5278671006","properties":{"highway":"crossing"},"geometry":{"type":"Point","coordinates":[103.8866248,1.3918571]}},{"type":"Feature","id":"node/5278671007","properties":{"highway":"crossing"},"geometry":{"type":"Point","coordinates":[103.8865184,1.3918577]}},{"type":"Feature","id":"node/5278671008","properties":{"highway":"crossing"},"geometry":{"type":"Point","coordinates":[103.8864886,1.3918017]}},{"type":"Feature","id":"node/8153795879","properties":{"highway":"crossing"},"geometry":{"type":"Point","coordinates":[103.8867987,1.3923448]}},{"type":"Feature","id":"node/8219832367","properties":{"highway":"crossing"},"geometry":{"type":"Point","coordinates":[103.8843512,1.3918896]}},{"type":"Feature","id":"node/8219832388","properties":{"highway":"crossing"},"geometry":{"type":"Point","coordinates":[103.8855487,1.3924751]}},{"type":"Feature","id":"node/8219871591","properties":{"highway":"crossing"},"geometry":{"type":"Point","coordinates":[103.885475,1.3924488]}},{"type":"Feature","id":"way/32727366-0-0-0","properties":{"highway":"service","lanes":"2","lanes:backward":"1","lanes:forward":"1","startNodeId":"3063316980","endNodeId":"370709256"},"geometry":{"type":"LineString","coordinates":[[103.8862946,1.3924387],[103.8862204,1.392485]]}},{"type":"Feature","id":"way/32727366-0-1-0","properties":{"highway":"service","lanes":"2","lanes:backward":"1","lanes:forward":"1","startNodeId":"370709256","endNodeId":"368258031"},"geometry":{"type":"LineString","coordinates":[[103.8862204,1.392485],[103.8863031,1.3926336]]}},{"type":"Feature","id":"way/32728039-0-1-0","properties":{"highway":"residential","lanes":"1","maxspeed":"50","name":"Anchorvale Lane","oneway":"yes","sidewalk":"left","surface":"asphalt","startNodeId":"5278671008","endNodeId":"5015084001"},"geometry":{"type":"LineString","coordinates":[[103.8864886,1.3918017],[103.8863419,1.391923]]}},{"type":"Feature","id":"way/32854628-0-0-0","properties":{"highway":"secondary","lanes":"3","maxspeed":"60","name":"Sengkang East Way","oneway":"yes","sidewalk":"left","surface":"asphalt","startNodeId":"369142741","endNodeId":"369142565"},"geometry":{"type":"LineString","coordinates":[[103.8856918,1.3948466],[103.8865747,1.3947093]]}},{"type":"Feature","id":"way/32918966-0-0-0","properties":{"highway":"service","lanes":"2","lanes:backward":"1","lanes:forward":"1","name":"Anchorvale Close","surface":"asphalt","startNodeId":"368258031","endNodeId":"8153795879"},"geometry":{"type":"LineString","coordinates":[[103.8863031,1.3926336],[103.8867987,1.3923448]]}},{"type":"Feature","id":"way/32918966-0-1-0","properties":{"highway":"service","lanes":"2","lanes:backward":"1","lanes:forward":"1","name":"Anchorvale Close","surface":"asphalt","startNodeId":"8153795879","endNodeId":"368258032"},"geometry":{"type":"LineString","coordinates":[[103.8867987,1.3923448],[103.8868526,1.3923134]]}},{"type":"Feature","id":"way/175959522-0-0-0","properties":{"highway":"secondary","lanes":"3","maxspeed":"60","name":"Sengkang East Way","oneway":"yes","sidewalk":"left","surface":"asphalt","startNodeId":"4430972610","endNodeId":"1712346005"},"geometry":{"type":"LineString","coordinates":[[103.8871163,1.3945023],[103.8862635,1.3946062]]}},{"type":"Feature","id":"way/175959522-0-1-0","properties":{"highway":"secondary","lanes":"3","maxspeed":"60","name":"Sengkang East Way","oneway":"yes","sidewalk":"left","surface":"asphalt","startNodeId":"1712346005","endNodeId":"369142704"},"geometry":{"type":"LineString","coordinates":[[103.8862635,1.3946062],[103.8856657,1.394707]]}},{"type":"Feature","id":"way/302094693-0-0-0","properties":{"highway":"service","lanes":"2","lanes:backward":"1","lanes:forward":"1","service":"driveway","startNodeId":"3063314655","endNodeId":"3063314662"},"geometry":{"type":"LineString","coordinates":[[103.8855377,1.3919903],[103.8849173,1.3919914]]}},{"type":"Feature","id":"way/302094693-0-1-0","properties":{"highway":"service","lanes":"2","lanes:backward":"1","lanes:forward":"1","service":"driveway","startNodeId":"3063314662","endNodeId":"3063315567"},"geometry":{"type":"LineString","coordinates":[[103.8849173,1.3919914],[103.8848802,1.3920035]]}},{"type":"Feature","id":"way/302094693-0-2-0","properties":{"highway":"service","lanes":"2","lanes:backward":"1","lanes:forward":"1","service":"driveway","startNodeId":"3063315567","endNodeId":"12018255581"},"geometry":{"type":"LineString","coordinates":[[103.8848802,1.3920035],[103.8847777,1.392066]]}},{"type":"Feature","id":"way/302094693-0-3-0","properties":{"highway":"service","lanes":"2","lanes:backward":"1","lanes:forward":"1","service":"driveway","startNodeId":"12018255581","endNodeId":"3063316396"},"geometry":{"type":"LineString","coordinates":[[103.8847777,1.392066],[103.8846754,1.3921283]]}},{"type":"Feature","id":"way/302094693-0-4-0","properties":{"highway":"service","lanes":"2","lanes:backward":"1","lanes:forward":"1","service":"driveway","startNodeId":"3063316396","endNodeId":"12018255580"},"geometry":{"type":"LineString","coordinates":[[103.8846754,1.3921283],[103.8846406,1.3921299]]}},{"type":"Feature","id":"way/302094693-0-5-0","properties":{"highway":"service","lanes":"2","lanes:backward":"1","lanes:forward":"1","service":"driveway","startNodeId":"12018255580","endNodeId":"3063316390"},"geometry":{"type":"LineString","coordinates":[[103.8846406,1.3921299],[103.8846059,1.3921265]]}},{"type":"Feature","id":"way/479324762-0-0-0","properties":{"highway":"secondary","lanes":"3","maxspeed":"60","name":"Sengkang East Way","oneway":"yes","sidewalk":"left","surface":"asphalt","startNodeId":"4724462527","endNodeId":"12480412379"},"geometry":{"type":"LineString","coordinates":[[103.8826094,1.3952411],[103.8823355,1.3952881]]}},{"type":"Feature","id":"way/512918086-0-3-0","properties":{"highway":"tertiary_link","lanes":"1","maxspeed":"50","oneway":"yes","sidewalk":"both","surface":"asphalt","startNodeId":"5015083988","endNodeId":"5015084001"},"geometry":{"type":"LineString","coordinates":[[103.8864315,1.3917978],[103.8863419,1.391923]]}},{"type":"Feature","id":"way/512918087-0-0-0","properties":{"highway":"tertiary_link","lanes":"1","maxspeed":"40","oneway":"yes","sidewalk":"both","surface":"asphalt","turn:lanes":"left","startNodeId":"5015083996","endNodeId":"5015083995"},"geometry":{"type":"LineString","coordinates":[[103.8868219,1.3920448],[103.8868111,1.3919335]]}},{"type":"Feature","id":"way/512918087-0-1-0","properties":{"highway":"tertiary_link","lanes":"1","maxspeed":"40","oneway":"yes","sidewalk":"both","surface":"asphalt","turn:lanes":"left","startNodeId":"5015083995","endNodeId":"5278671004"},"geometry":{"type":"LineString","coordinates":[[103.8868111,1.3919335],[103.8868228,1.391823]]}},{"type":"Feature","id":"way/512918088-0-0-0","properties":{"highway":"tertiary_link","lanes":"1","maxspeed":"50","oneway":"yes","sidewalk":"both","surface":"asphalt","startNodeId":"5015084001","endNodeId":"5015084000"},"geometry":{"type":"LineString","coordinates":[[103.8863419,1.391923],[103.8864518,1.3919324]]}},{"type":"Feature","id":"way/512918088-0-1-0","properties":{"highway":"tertiary_link","lanes":"1","maxspeed":"50","oneway":"yes","sidewalk":"both","surface":"asphalt","startNodeId":"5015084000","endNodeId":"5015083999"},"geometry":{"type":"LineString","coordinates":[[103.8864518,1.3919324],[103.8865303,1.3919387]]}},{"type":"Feature","id":"way/512918088-0-2-0","properties":{"highway":"tertiary_link","lanes":"1","maxspeed":"50","oneway":"yes","sidewalk":"both","surface":"asphalt","startNodeId":"5015083999","endNodeId":"5015083997"},"geometry":{"type":"LineString","coordinates":[[103.8865303,1.3919387],[103.8865899,1.3919539]]}},{"type":"Feature","id":"way/512918088-0-3-0","properties":{"highway":"tertiary_link","lanes":"1","maxspeed":"50","oneway":"yes","sidewalk":"both","surface":"asphalt","startNodeId":"5015083997","endNodeId":"5015083998"},"geometry":{"type":"LineString","coordinates":[[103.8865899,1.3919539],[103.8866934,1.3919972]]}},{"type":"Feature","id":"way/543768266-0-0-0","properties":{"highway":"service","lanes":"2","lanes:backward":"1","lanes:forward":"1","service":"parking_aisle","turn:lanes:backward":"through","turn:lanes:forward":"through","startNodeId":"5256544294","endNodeId":"5256544295"},"geometry":{"type":"LineString","coordinates":[[103.8867362,1.392565],[103.8867711,1.3925731]]}},{"type":"Feature","id":"way/543768266-0-1-0","properties":{"highway":"service","lanes":"2","lanes:backward":"1","lanes:forward":"1","service":"parking_aisle","turn:lanes:backward":"through","turn:lanes:forward":"through","startNodeId":"5256544295","endNodeId":"5256544296"},"geometry":{"type":"LineString","coordinates":[[103.8867711,1.3925731],[103.8867965,1.3925865]]}},{"type":"Feature","id":"way/543768266-0-2-0","properties":{"highway":"service","lanes":"2","lanes:backward":"1","lanes:forward":"1","service":"parking_aisle","turn:lanes:backward":"through","turn:lanes:forward":"through","startNodeId":"5256544296","endNodeId":"5256544297"},"geometry":{"type":"LineString","coordinates":[[103.8867965,1.3925865],[103.8868824,1.3927407]]}},{"type":"Feature","id":"way/546165938-0-0-0","properties":{"highway":"service","service":"driveway","startNodeId":"3063314824","endNodeId":"8219832367"},"geometry":{"type":"LineString","coordinates":[[103.8843156,1.3919095],[103.8843512,1.3918896]]}},{"type":"Feature","id":"way/546165938-0-1-0","properties":{"highway":"service","service":"driveway","startNodeId":"8219832367","endNodeId":"3063315285"},"geometry":{"type":"LineString","coordinates":[[103.8843512,1.3918896],[103.8844334,1.3918418]]}},{"type":"Feature","id":"way/585739684-0-1-0","properties":{"highway":"secondary","lanes":"3","maxspeed":"60","name":"Sengkang East Way","oneway":"yes","sidewalk":"left","surface":"asphalt","startNodeId":"12480412378","endNodeId":"6228623632"},"geometry":{"type":"LineString","coordinates":[[103.8823575,1.3954175],[103.8825665,1.3953831]]}},{"type":"Feature","id":"way/627307961-0-0-0","properties":{"highway":"residential","lanes":"2","maxspeed":"50","name":"Anchorvale Lane","oneway":"yes","sidewalk":"left","surface":"asphalt","turn:lanes":"through|right","startNodeId":"5015084001","endNodeId":"5278671007"},"geometry":{"type":"LineString","coordinates":[[103.8863419,1.391923],[103.8865184,1.3918577]]}},{"type":"Feature","id":"way/627307961-0-1-0","properties":{"highway":"residential","lanes":"2","maxspeed":"50","name":"Anchorvale Lane","oneway":"yes","sidewalk":"left","surface":"asphalt","turn:lanes":"through|right","startNodeId":"5278671007","endNodeId":"5015085321"},"geometry":{"type":"LineString","coordinates":[[103.8865184,1.3918577],[103.8866011,1.3918144]]}},{"type":"Feature","id":"way/627307962-0-0-0","properties":{"highway":"tertiary","lanes":"2","maxspeed":"50","name":"Anchorvale Road","oneway":"yes","sidewalk":"left","surface":"asphalt","turn:lanes":"left;through|through","startNodeId":"5015083998","endNodeId":"368258032"},"geometry":{"type":"LineString","coordinates":[[103.8866934,1.3919972],[103.8868526,1.3923134]]}},{"type":"Feature","id":"way/627307963-0-0-0","properties":{"highway":"tertiary","lanes":"2","maxspeed":"50","name":"Anchorvale Road","oneway":"yes","sidewalk":"left","surface":"asphalt","startNodeId":"5015085321","endNodeId":"5278671006"},"geometry":{"type":"LineString","coordinates":[[103.8866011,1.3918144],[103.8866248,1.3918571]]}},{"type":"Feature","id":"way/627307963-0-1-0","properties":{"highway":"tertiary","lanes":"2","maxspeed":"50","name":"Anchorvale Road","oneway":"yes","sidewalk":"left","surface":"asphalt","startNodeId":"5278671006","endNodeId":"5015083998"},"geometry":{"type":"LineString","coordinates":[[103.8866248,1.3918571],[103.8866934,1.3919972]]}},{"type":"Feature","id":"way/627307964-0-0-0","properties":{"highway":"tertiary","lanes":"3","maxspeed":"50","name":"Anchorvale Road","oneway":"yes","sidewalk":"left","surface":"asphalt","turn:lanes":"through|through|right","startNodeId":"5015083996","endNodeId":"5278671005"},"geometry":{"type":"LineString","coordinates":[[103.8868219,1.3920448],[103.8866905,1.3918203]]}},{"type":"Feature","id":"way/627307964-0-1-0","properties":{"highway":"tertiary","lanes":"3","maxspeed":"50","name":"Anchorvale Road","oneway":"yes","sidewalk":"left","surface":"asphalt","turn:lanes":"through|through|right","startNodeId":"5278671005","endNodeId":"369148109"},"geometry":{"type":"LineString","coordinates":[[103.8866905,1.3918203],[103.886666,1.3917784]]}},{"type":"Feature","id":"way/627307965-0-0-0","properties":{"highway":"tertiary","lanes":"4","maxspeed":"50","name":"Anchorvale Road","oneway":"yes","sidewalk":"left","surface":"asphalt","turn:lanes":"left|through|through|right","startNodeId":"369149715","endNodeId":"5015083996"},"geometry":{"type":"LineString","coordinates":[[103.8869079,1.3922196],[103.8868219,1.3920448]]}},{"type":"Feature","id":"way/627325345-0-0-0","properties":{"highway":"secondary","lanes":"4","maxspeed":"60","name":"Sengkang East Way","oneway":"yes","sidewalk":"left","surface":"asphalt","turn:lanes":"through|through|through|right","startNodeId":"5922018595","endNodeId":"6734793007"},"geometry":{"type":"LineString","coordinates":[[103.8867027,1.3946901],[103.8868488,1.3946726]]}},{"type":"Feature","id":"way/627666631-0-0-0","properties":{"highway":"service","lanes":"2","lanes:backward":"1","lanes:forward":"1","service":"driveway","turn:lanes:backward":"left;right","startNodeId":"8419773592","endNodeId":"5925435880"},"geometry":{"type":"LineString","coordinates":[[103.8867538,1.3934742],[103.8867583,1.3935203]]}},{"type":"Feature","id":"way/627666631-0-1-0","properties":{"highway":"service","lanes":"2","lanes:backward":"1","lanes:forward":"1","service":"driveway","turn:lanes:backward":"left;right","startNodeId":"5925435880","endNodeId":"5930399755"},"geometry":{"type":"LineString","coordinates":[[103.8867583,1.3935203],[103.8869695,1.3934955]]}},{"type":"Feature","id":"way/627720801-0-0-0","properties":{"highway":"tertiary","lanes":"2","maxspeed":"50","name":"Anchorvale Road","oneway":"yes","sidewalk":"left","surface":"asphalt","startNodeId":"368258032","endNodeId":"7378715275"},"geometry":{"type":"LineString","coordinates":[[103.8868526,1.3923134],[103.8869713,1.3925619]]}},{"type":"Feature","id":"way/627727803-0-0-0","properties":{"highway":"service","lanes":"2","lanes:backward":"1","lanes:forward":"1","service":"parking_aisle","turn:lanes:backward":"through;right","turn:lanes:forward":"through","startNodeId":"5926070785","endNodeId":"5256544293"},"geometry":{"type":"LineString","coordinates":[[103.8862923,1.3928372],[103.8867013,1.3925691]]}},{"type":"Feature","id":"way/627727803-0-1-0","properties":{"highway":"service","lanes":"2","lanes:backward":"1","lanes:forward":"1","service":"parking_aisle","turn:lanes:backward":"through;right","turn:lanes:forward":"through","startNodeId":"5256544293","endNodeId":"5256544294"},"geometry":{"type":"LineString","coordinates":[[103.8867013,1.3925691],[103.8867362,1.392565]]}},{"type":"Feature","id":"way/627727805-0-0-0","properties":{"highway":"service","lanes":"2","lanes:backward":"1","lanes:forward":"1","service":"parking_aisle","turn:lanes:backward":"through","turn:lanes:forward":"left","startNodeId":"5256544297","endNodeId":"5256544298"},"geometry":{"type":"LineString","coordinates":[[103.8868824,1.3927407],[103.8869038,1.3927621]]}},{"type":"Feature","id":"way/627727805-0-1-0","properties":{"highway":"service","lanes":"2","lanes:backward":"1","lanes:forward":"1","service":"parking_aisle","turn:lanes:backward":"through","turn:lanes:forward":"left","startNodeId":"5256544298","endNodeId":"5256544299"},"geometry":{"type":"LineString","coordinates":[[103.8869038,1.3927621],[103.8869306,1.3927742]]}},{"type":"Feature","id":"way/627727808-0-0-0","properties":{"highway":"service","lanes":"2","lanes:backward":"1","lanes:forward":"1","service":"parking_aisle","turn:lanes:backward":"through","turn:lanes:forward":"left","startNodeId":"5926043683","endNodeId":"5926070787"},"geometry":{"type":"LineString","coordinates":[[103.886075,1.3930611],[103.8860797,1.3929961]]}},{"type":"Feature","id":"way/627727808-0-1-0","properties":{"highway":"service","lanes":"2","lanes:backward":"1","lanes:forward":"1","service":"parking_aisle","turn:lanes:backward":"through","turn:lanes:forward":"left","startNodeId":"5926070787","endNodeId":"5926070786"},"geometry":{"type":"LineString","coordinates":[[103.8860797,1.3929961],[103.8861065,1.3929599]]}},{"type":"Feature","id":"way/627727808-0-2-0","properties":{"highway":"service","lanes":"2","lanes:backward":"1","lanes:forward":"1","service":"parking_aisle","turn:lanes:backward":"through","turn:lanes:forward":"left","startNodeId":"5926070786","endNodeId":"5256544292"},"geometry":{"type":"LineString","coordinates":[[103.8861065,1.3929599],[103.8861313,1.3929431]]}},{"type":"Feature","id":"way/627727808-0-3-0","properties":{"highway":"service","lanes":"2","lanes:backward":"1","lanes:forward":"1","service":"parking_aisle","turn:lanes:backward":"through","turn:lanes:forward":"left","startNodeId":"5256544292","endNodeId":"5926043680"},"geometry":{"type":"LineString","coordinates":[[103.8861313,1.3929431],[103.8861729,1.3929177]]}},{"type":"Feature","id":"way/627727811-0-0-0","properties":{"highway":"service","lanes":"2","lanes:backward":"1","lanes:forward":"1","service":"parking_aisle","startNodeId":"5926043681","endNodeId":"5926043682"},"geometry":{"type":"LineString","coordinates":[[103.8861394,1.3932024],[103.8861005,1.3931087]]}},{"type":"Feature","id":"way/627727811-0-1-0","properties":{"highway":"service","lanes":"2","lanes:backward":"1","lanes:forward":"1","service":"parking_aisle","startNodeId":"5926043682","endNodeId":"5926043683"},"geometry":{"type":"LineString","coordinates":[[103.8861005,1.3931087],[103.886075,1.3930611]]}},{"type":"Feature","id":"way/627732357-0-0-0","properties":{"highway":"service","lanes":"2","lanes:backward":"1","lanes:forward":"1","turn:lanes:backward":"through","turn:lanes:forward":"left;right","startNodeId":"5926068784","endNodeId":"5926070785"},"geometry":{"type":"LineString","coordinates":[[103.8863265,1.3929163],[103.8862923,1.3928372]]}},{"type":"Feature","id":"way/627732358-0-0-0","properties":{"highway":"service","lanes":"2","lanes:backward":"1","lanes:forward":"1","service":"parking_aisle","turn:lanes:backward":"through","turn:lanes:forward":"left;through","startNodeId":"5926043680","endNodeId":"5926070785"},"geometry":{"type":"LineString","coordinates":[[103.8861729,1.3929177],[103.8862923,1.3928372]]}},{"type":"Feature","id":"way/627940440-0-0-0","properties":{"highway":"service","lanes":"2","lanes:backward":"1","lanes:forward":"1","service":"driveway","turn:lanes:backward":"through","turn:lanes:forward":"left;through","startNodeId":"3063316390","endNodeId":"12018232361"},"geometry":{"type":"LineString","coordinates":[[103.8846059,1.3921265],[103.8845773,1.3920947]]}},{"type":"Feature","id":"way/627940440-0-1-0","properties":{"highway":"service","lanes":"2","lanes:backward":"1","lanes:forward":"1","service":"driveway","turn:lanes:backward":"through","turn:lanes:forward":"left;through","startNodeId":"12018232361","endNodeId":"3063315285"},"geometry":{"type":"LineString","coordinates":[[103.8845773,1.3920947],[103.8844334,1.3918418]]}},{"type":"Feature","id":"way/627940441-0-0-0","properties":{"highway":"service","lanes":"2","lanes:backward":"1","lanes:forward":"1","service":"driveway","startNodeId":"3063316390","endNodeId":"5928040665"},"geometry":{"type":"LineString","coordinates":[[103.8846059,1.3921265],[103.8847667,1.3923889]]}},{"type":"Feature","id":"way/628170554-0-5-0","properties":{"highway":"service","lanes":"2","lanes:backward":"1","lanes:forward":"1","service":"driveway","turn:lanes:backward":"through","turn:lanes:forward":"through","startNodeId":"6527898289","endNodeId":"6527898290"},"geometry":{"type":"LineString","coordinates":[[103.886996,1.3943473],[103.8864311,1.3943746]]}},{"type":"Feature","id":"way/628170554-0-6-0","properties":{"highway":"service","lanes":"2","lanes:backward":"1","lanes:forward":"1","service":"driveway","turn:lanes:backward":"through","turn:lanes:forward":"through","startNodeId":"6527898290","endNodeId":"8419773595"},"geometry":{"type":"LineString","coordinates":[[103.8864311,1.3943746],[103.88617,1.3944026]]}},{"type":"Feature","id":"way/628170554-0-7-0","properties":{"highway":"service","lanes":"2","lanes:backward":"1","lanes:forward":"1","service":"driveway","turn:lanes:backward":"through","turn:lanes:forward":"through","startNodeId":"8419773595","endNodeId":"6527898291"},"geometry":{"type":"LineString","coordinates":[[103.88617,1.3944026],[103.8860768,1.3944126]]}},{"type":"Feature","id":"way/649803266-0-0-0","properties":{"highway":"service","lanes":"2","lanes:backward":"1","lanes:forward":"1","service":"driveway","turn:lanes:backward":"through","turn:lanes:forward":"left;through","startNodeId":"3063314706","endNodeId":"3063315574"},"geometry":{"type":"LineString","coordinates":[[103.8857794,1.3920441],[103.8857534,1.3920389]]}},{"type":"Feature","id":"way/649803266-0-1-0","properties":{"highway":"service","lanes":"2","lanes:backward":"1","lanes:forward":"1","service":"driveway","turn:lanes:backward":"through","turn:lanes:forward":"left;through","startNodeId":"3063315574","endNodeId":"6906348934"},"geometry":{"type":"LineString","coordinates":[[103.8857534,1.3920389],[103.8857317,1.3920274]]}},{"type":"Feature","id":"way/649803266-0-2-0","properties":{"highway":"service","lanes":"2","lanes:backward":"1","lanes:forward":"1","service":"driveway","turn:lanes:backward":"through","turn:lanes:forward":"left;through","startNodeId":"6906348934","endNodeId":"3063314668"},"geometry":{"type":"LineString","coordinates":[[103.8857317,1.3920274],[103.885707,1.3920066]]}},{"type":"Feature","id":"way/649803266-0-3-0","properties":{"highway":"service","lanes":"2","lanes:backward":"1","lanes:forward":"1","service":"driveway","turn:lanes:backward":"through","turn:lanes:forward":"left;through","startNodeId":"3063314668","endNodeId":"6906348935"},"geometry":{"type":"LineString","coordinates":[[103.885707,1.3920066],[103.8856717,1.3919909]]}},{"type":"Feature","id":"way/649803266-0-4-0","properties":{"highway":"service","lanes":"2","lanes:backward":"1","lanes:forward":"1","service":"driveway","turn:lanes:backward":"through","turn:lanes:forward":"left;through","startNodeId":"6906348935","endNodeId":"3063314655"},"geometry":{"type":"LineString","coordinates":[[103.8856717,1.3919909],[103.8855377,1.3919903]]}},{"type":"Feature","id":"way/649803267-0-4-0","properties":{"highway":"service","lanes":"2","lanes:backward":"1","lanes:forward":"1","service":"driveway","startNodeId":"3063314609","endNodeId":"10901198525"},"geometry":{"type":"LineString","coordinates":[[103.8862684,1.3918129],[103.8859815,1.3919842]]}},{"type":"Feature","id":"way/649803267-0-5-0","properties":{"highway":"service","lanes":"2","lanes:backward":"1","lanes:forward":"1","service":"driveway","startNodeId":"10901198525","endNodeId":"3063314710"},"geometry":{"type":"LineString","coordinates":[[103.8859815,1.3919842],[103.8859405,1.3920114]]}},{"type":"Feature","id":"way/649803267-0-6-0","properties":{"highway":"service","lanes":"2","lanes:backward":"1","lanes:forward":"1","service":"driveway","startNodeId":"3063314710","endNodeId":"6906348933"},"geometry":{"type":"LineString","coordinates":[[103.8859405,1.3920114],[103.8859144,1.3920228]]}},{"type":"Feature","id":"way/649803267-0-7-0","properties":{"highway":"service","lanes":"2","lanes:backward":"1","lanes:forward":"1","service":"driveway","startNodeId":"6906348933","endNodeId":"3063314719"},"geometry":{"type":"LineString","coordinates":[[103.8859144,1.3920228],[103.8858822,1.3920351]]}},{"type":"Feature","id":"way/649803267-0-8-0","properties":{"highway":"service","lanes":"2","lanes:backward":"1","lanes:forward":"1","service":"driveway","startNodeId":"3063314719","endNodeId":"3063314706"},"geometry":{"type":"LineString","coordinates":[[103.8858822,1.3920351],[103.8857794,1.3920441]]}},{"type":"Feature","id":"way/663304933-0-0-0","properties":{"highway":"residential","lanes":"2","lanes:backward":"1","lanes:forward":"1","maxspeed":"50","name":"Anchorvale Lane","oneway":"no","sidewalk":"both","surface":"asphalt","startNodeId":"242966212","endNodeId":"7027659522"},"geometry":{"type":"LineString","coordinates":[[103.8857342,1.3922931],[103.8855196,1.3924209]]}},{"type":"Feature","id":"way/665471135-0-0-0","properties":{"highway":"secondary","lanes":"3","maxspeed":"60","name":"Sengkang East Way","oneway":"yes","sidewalk":"left","surface":"asphalt","startNodeId":"6228623632","endNodeId":"5681062003"},"geometry":{"type":"LineString","coordinates":[[103.8825665,1.3953831],[103.8826222,1.3953713]]}},{"type":"Feature","id":"way/670823577-0-0-0","properties":{"highway":"residential","lanes":"2","lanes:backward":"1","lanes:forward":"1","maxspeed":"50","name":"Anchorvale Lane","startNodeId":"5683991743","endNodeId":"9303507903"},"geometry":{"type":"LineString","coordinates":[[103.8834855,1.3918411],[103.8833431,1.3919277]]}},{"type":"Feature","id":"way/670823577-0-1-0","properties":{"highway":"residential","lanes":"2","lanes:backward":"1","lanes:forward":"1","maxspeed":"50","name":"Anchorvale Lane","startNodeId":"9303507903","endNodeId":"6281964609"},"geometry":{"type":"LineString","coordinates":[[103.8833431,1.3919277],[103.8830735,1.3920868]]}},{"type":"Feature","id":"way/677004514-0-0-0","properties":{"highway":"residential","lanes":"2","lanes:backward":"1","lanes:forward":"1","maxspeed":"50","name":"Anchorvale Lane","oneway":"no","sidewalk":"both","surface":"asphalt","turn:lanes:backward":"left;through;right","startNodeId":"6339447144","endNodeId":"242966212"},"geometry":{"type":"LineString","coordinates":[[103.8860026,1.3921347],[103.8857342,1.3922931]]}},{"type":"Feature","id":"way/677004515-0-0-0","properties":{"highway":"residential","lanes":"3","lanes:backward":"2","lanes:forward":"1","maxspeed":"50","name":"Anchorvale Lane","oneway":"no","sidewalk":"both","surface":"asphalt","turn:lanes:backward":"left;through|right","startNodeId":"5015084001","endNodeId":"6339447144"},"geometry":{"type":"LineString","coordinates":[[103.8863419,1.391923],[103.8860026,1.3921347]]}},{"type":"Feature","id":"way/677004516-0-0-0","properties":{"highway":"residential","lanes":"2","lanes:backward":"1","lanes:forward":"1","maxspeed":"50","name":"Anchorvale Lane","oneway":"no","surface":"asphalt","turn:lanes:forward":"left;through","startNodeId":"6339447145","endNodeId":"3063314824"},"geometry":{"type":"LineString","coordinates":[[103.8844568,1.3921441],[103.8843156,1.3919095]]}},{"type":"Feature","id":"way/717076870-0-0-0","properties":{"highway":"secondary","lanes":"5","maxspeed":"60","name":"Sengkang East Way","oneway":"yes","sidewalk":"left","surface":"asphalt","turn:lanes":"left|through|through|through|right","startNodeId":"6734793007","endNodeId":"4430972613"},"geometry":{"type":"LineString","coordinates":[[103.8868488,1.3946726],[103.8870302,1.3946505]]}},{"type":"Feature","id":"way/728269483-0-0-0","properties":{"highway":"residential","lanes":"1","maxspeed":"50","name":"Anchorvale Crescent","oneway":"yes","surface":"asphalt","startNodeId":"6281964609","endNodeId":"6824630528"},"geometry":{"type":"LineString","coordinates":[[103.8830735,1.3920868],[103.882961,1.3920812]]}},{"type":"Feature","id":"way/728269483-0-1-0","properties":{"highway":"residential","lanes":"1","maxspeed":"50","name":"Anchorvale Crescent","oneway":"yes","surface":"asphalt","startNodeId":"6824630528","endNodeId":"6824630529"},"geometry":{"type":"LineString","coordinates":[[103.882961,1.3920812],[103.8828946,1.3921051]]}},{"type":"Feature","id":"way/728269483-0-2-0","properties":{"highway":"residential","lanes":"1","maxspeed":"50","name":"Anchorvale Crescent","oneway":"yes","surface":"asphalt","startNodeId":"6824630529","endNodeId":"6824630530"},"geometry":{"type":"LineString","coordinates":[[103.8828946,1.3921051],[103.8828579,1.3921532]]}},{"type":"Feature","id":"way/728269483-0-3-0","properties":{"highway":"residential","lanes":"1","maxspeed":"50","name":"Anchorvale Crescent","oneway":"yes","surface":"asphalt","startNodeId":"6824630530","endNodeId":"6824630531"},"geometry":{"type":"LineString","coordinates":[[103.8828579,1.3921532],[103.8828582,1.392208]]}},{"type":"Feature","id":"way/728269483-0-4-0","properties":{"highway":"residential","lanes":"1","maxspeed":"50","name":"Anchorvale Crescent","oneway":"yes","surface":"asphalt","startNodeId":"6824630531","endNodeId":"6824630532"},"geometry":{"type":"LineString","coordinates":[[103.8828582,1.392208],[103.8828856,1.3922564]]}},{"type":"Feature","id":"way/728269484-0-0-0","properties":{"highway":"residential","lanes":"1","maxspeed":"50","name":"Anchorvale Crescent","oneway":"yes","surface":"asphalt","startNodeId":"6824630532","endNodeId":"6824630533"},"geometry":{"type":"LineString","coordinates":[[103.8828856,1.3922564],[103.8829403,1.3922926]]}},{"type":"Feature","id":"way/728269484-0-1-0","properties":{"highway":"residential","lanes":"1","maxspeed":"50","name":"Anchorvale Crescent","oneway":"yes","surface":"asphalt","startNodeId":"6824630533","endNodeId":"6824630534"},"geometry":{"type":"LineString","coordinates":[[103.8829403,1.3922926],[103.8830092,1.3922795]]}},{"type":"Feature","id":"way/728269484-0-2-0","properties":{"highway":"residential","lanes":"1","maxspeed":"50","name":"Anchorvale Crescent","oneway":"yes","surface":"asphalt","startNodeId":"6824630534","endNodeId":"6824630535"},"geometry":{"type":"LineString","coordinates":[[103.8830092,1.3922795],[103.8830573,1.3922283]]}},{"type":"Feature","id":"way/728269484-0-3-0","properties":{"highway":"residential","lanes":"1","maxspeed":"50","name":"Anchorvale Crescent","oneway":"yes","surface":"asphalt","startNodeId":"6824630535","endNodeId":"6824630536"},"geometry":{"type":"LineString","coordinates":[[103.8830573,1.3922283],[103.8830684,1.3921918]]}},{"type":"Feature","id":"way/728269484-0-4-0","properties":{"highway":"residential","lanes":"1","maxspeed":"50","name":"Anchorvale Crescent","oneway":"yes","surface":"asphalt","startNodeId":"6824630536","endNodeId":"6281964609"},"geometry":{"type":"LineString","coordinates":[[103.8830684,1.3921918],[103.8830735,1.3920868]]}},{"type":"Feature","id":"way/751767557-0-0-0","properties":{"highway":"service","horse":"no","service":"driveway","startNodeId":"6527898291","endNodeId":"13974367702"},"geometry":{"type":"LineString","coordinates":[[103.8860768,1.3944126],[103.8854868,1.3945354]]}},{"type":"Feature","id":"way/751767558-0-0-0","properties":{"highway":"service","horse":"no","service":"driveway","startNodeId":"6527898291","endNodeId":"9279189829"},"geometry":{"type":"LineString","coordinates":[[103.8860768,1.3944126],[103.8860659,1.3943021]]}},{"type":"Feature","id":"way/751767558-0-1-0","properties":{"highway":"service","horse":"no","service":"driveway","startNodeId":"9279189829","endNodeId":"9279189862"},"geometry":{"type":"LineString","coordinates":[[103.8860659,1.3943021],[103.8860402,1.3940414]]}},{"type":"Feature","id":"way/751767558-0-2-0","properties":{"highway":"service","horse":"no","service":"driveway","startNodeId":"9279189862","endNodeId":"8419773597"},"geometry":{"type":"LineString","coordinates":[[103.8860402,1.3940414],[103.8860183,1.393819]]}},{"type":"Feature","id":"way/751767558-0-3-0","properties":{"highway":"service","horse":"no","service":"driveway","startNodeId":"8419773597","endNodeId":"7027659518"},"geometry":{"type":"LineString","coordinates":[[103.8860183,1.393819],[103.8859991,1.3936239]]}},{"type":"Feature","id":"way/751767559-0-0-0","properties":{"highway":"service","horse":"no","service":"driveway","startNodeId":"7027659518","endNodeId":"9279189879"},"geometry":{"type":"LineString","coordinates":[[103.8859991,1.3936239],[103.8857609,1.3936491]]}},{"type":"Feature","id":"way/751767559-0-1-0","properties":{"highway":"service","horse":"no","service":"driveway","startNodeId":"9279189879","endNodeId":"7027659519"},"geometry":{"type":"LineString","coordinates":[[103.8857609,1.3936491],[103.8856583,1.39366]]}},{"type":"Feature","id":"way/751767560-0-0-0","properties":{"highway":"service","horse":"no","service":"driveway","startNodeId":"7027659518","endNodeId":"7027659520"},"geometry":{"type":"LineString","coordinates":[[103.8859991,1.3936239],[103.8859727,1.3932174]]}},{"type":"Feature","id":"way/751767561-0-0-0","properties":{"highway":"service","horse":"no","service":"driveway","startNodeId":"7027659521","endNodeId":"8219832388"},"geometry":{"type":"LineString","coordinates":[[103.8855628,1.3925011],[103.8855487,1.3924751]]}},{"type":"Feature","id":"way/751767561-0-1-0","properties":{"highway":"service","horse":"no","service":"driveway","startNodeId":"8219832388","endNodeId":"7027659522"},"geometry":{"type":"LineString","coordinates":[[103.8855487,1.3924751],[103.8855196,1.3924209]]}},{"type":"Feature","id":"way/751767562-0-0-0","properties":{"highway":"residential","lanes":"2","lanes:backward":"1","lanes:forward":"1","maxspeed":"50","name":"Anchorvale Lane","oneway":"no","surface":"asphalt","startNodeId":"7027659522","endNodeId":"8219871591"},"geometry":{"type":"LineString","coordinates":[[103.8855196,1.3924209],[103.885475,1.3924488]]}},{"type":"Feature","id":"way/751767562-0-1-0","properties":{"highway":"residential","lanes":"2","lanes:backward":"1","lanes:forward":"1","maxspeed":"50","name":"Anchorvale Lane","oneway":"no","surface":"asphalt","startNodeId":"8219871591","endNodeId":"3063317189"},"geometry":{"type":"LineString","coordinates":[[103.885475,1.3924488],[103.8853257,1.3925456]]}},{"type":"Feature","id":"way/751767562-0-2-0","properties":{"highway":"residential","lanes":"2","lanes:backward":"1","lanes:forward":"1","maxspeed":"50","name":"Anchorvale Lane","oneway":"no","surface":"asphalt","startNodeId":"3063317189","endNodeId":"242966264"},"geometry":{"type":"LineString","coordinates":[[103.8853257,1.3925456],[103.8852237,1.3925979]]}},{"type":"Feature","id":"way/751767562-0-3-0","properties":{"highway":"residential","lanes":"2","lanes:backward":"1","lanes:forward":"1","maxspeed":"50","name":"Anchorvale Lane","oneway":"no","surface":"asphalt","startNodeId":"242966264","endNodeId":"3063317742"},"geometry":{"type":"LineString","coordinates":[[103.8852237,1.3925979],[103.8851,1.3926267]]}},{"type":"Feature","id":"way/751767562-0-4-0","properties":{"highway":"residential","lanes":"2","lanes:backward":"1","lanes:forward":"1","maxspeed":"50","name":"Anchorvale Lane","oneway":"no","surface":"asphalt","startNodeId":"3063317742","endNodeId":"242966276"},"geometry":{"type":"LineString","coordinates":[[103.8851,1.3926267],[103.8849529,1.3926182]]}},{"type":"Feature","id":"way/751767562-0-5-0","properties":{"highway":"residential","lanes":"2","lanes:backward":"1","lanes:forward":"1","maxspeed":"50","name":"Anchorvale Lane","oneway":"no","surface":"asphalt","startNodeId":"242966276","endNodeId":"3063317057"},"geometry":{"type":"LineString","coordinates":[[103.8849529,1.3926182],[103.8848247,1.3925765]]}},{"type":"Feature","id":"way/751767562-0-6-0","properties":{"highway":"residential","lanes":"2","lanes:backward":"1","lanes:forward":"1","maxspeed":"50","name":"Anchorvale Lane","oneway":"no","surface":"asphalt","startNodeId":"3063317057","endNodeId":"3063316793"},"geometry":{"type":"LineString","coordinates":[[103.8848247,1.3925765],[103.8847013,1.39251]]}},{"type":"Feature","id":"way/751767562-0-7-0","properties":{"highway":"residential","lanes":"2","lanes:backward":"1","lanes:forward":"1","maxspeed":"50","name":"Anchorvale Lane","oneway":"no","surface":"asphalt","startNodeId":"3063316793","endNodeId":"242966327"},"geometry":{"type":"LineString","coordinates":[[103.8847013,1.39251],[103.8846115,1.3924175]]}},{"type":"Feature","id":"way/751767562-0-8-0","properties":{"highway":"residential","lanes":"2","lanes:backward":"1","lanes:forward":"1","maxspeed":"50","name":"Anchorvale Lane","oneway":"no","surface":"asphalt","startNodeId":"242966327","endNodeId":"6339447145"},"geometry":{"type":"LineString","coordinates":[[103.8846115,1.3924175],[103.8844568,1.3921441]]}},{"type":"Feature","id":"way/751767563-0-0-0","properties":{"highway":"service","horse":"no","service":"driveway","startNodeId":"7027659523","endNodeId":"9279189836"},"geometry":{"type":"LineString","coordinates":[[103.8856385,1.3926278],[103.8853122,1.3927873]]}},{"type":"Feature","id":"way/751767563-0-1-0","properties":{"highway":"service","horse":"no","service":"driveway","startNodeId":"9279189836","endNodeId":"7027659524"},"geometry":{"type":"LineString","coordinates":[[103.8853122,1.3927873],[103.8852757,1.3928051]]}},{"type":"Feature","id":"way/751767563-0-2-0","properties":{"highway":"service","horse":"no","service":"driveway","startNodeId":"7027659524","endNodeId":"9279189831"},"geometry":{"type":"LineString","coordinates":[[103.8852757,1.3928051],[103.8852273,1.3928163]]}},{"type":"Feature","id":"way/751767563-0-3-0","properties":{"highway":"service","horse":"no","service":"driveway","startNodeId":"9279189831","endNodeId":"13893409653"},"geometry":{"type":"LineString","coordinates":[[103.8852273,1.3928163],[103.8851468,1.3928349]]}},{"type":"Feature","id":"way/751767563-0-4-0","properties":{"highway":"service","horse":"no","service":"driveway","startNodeId":"13893409653","endNodeId":"7027659525"},"geometry":{"type":"LineString","coordinates":[[103.8851468,1.3928349],[103.8849752,1.3928745]]}},{"type":"Feature","id":"way/751767563-0-5-0","properties":{"highway":"service","horse":"no","service":"driveway","startNodeId":"7027659525","endNodeId":"7027659526"},"geometry":{"type":"LineString","coordinates":[[103.8849752,1.3928745],[103.8848101,1.392858]]}},{"type":"Feature","id":"way/751767563-0-6-0","properties":{"highway":"service","horse":"no","service":"driveway","startNodeId":"7027659526","endNodeId":"7027659527"},"geometry":{"type":"LineString","coordinates":[[103.8848101,1.392858],[103.8846648,1.3927985]]}},{"type":"Feature","id":"way/751767564-0-0-0","properties":{"highway":"service","horse":"no","service":"driveway","startNodeId":"7027659523","endNodeId":"7027659521"},"geometry":{"type":"LineString","coordinates":[[103.8856385,1.3926278],[103.8855628,1.3925011]]}},{"type":"Feature","id":"way/751767565-0-0-0","properties":{"highway":"service","horse":"no","service":"driveway","startNodeId":"7027659519","endNodeId":"7027659530"},"geometry":{"type":"LineString","coordinates":[[103.8856583,1.39366],[103.88546,1.3936057]]}},{"type":"Feature","id":"way/751767566-0-0-0","properties":{"highway":"service","horse":"no","service":"driveway","startNodeId":"5926043681","endNodeId":"7027659531"},"geometry":{"type":"LineString","coordinates":[[103.8861394,1.3932024],[103.8861814,1.3936028]]}},{"type":"Feature","id":"way/751767567-0-0-0","properties":{"highway":"service","horse":"no","lanes":"2","service":"driveway","surface":"paved","startNodeId":"7027659528","endNodeId":"9279183261"},"geometry":{"type":"LineString","coordinates":[[103.8843775,1.3933333],[103.884466,1.3931685]]}},{"type":"Feature","id":"way/751767567-0-1-0","properties":{"highway":"service","horse":"no","lanes":"2","service":"driveway","surface":"paved","startNodeId":"9279183261","endNodeId":"7027659527"},"geometry":{"type":"LineString","coordinates":[[103.884466,1.3931685],[103.8846648,1.3927985]]}},{"type":"Feature","id":"way/751767568-0-0-0","properties":{"highway":"service","horse":"no","service":"driveway","startNodeId":"7027659528","endNodeId":"9279183273"},"geometry":{"type":"LineString","coordinates":[[103.8843775,1.3933333],[103.8843178,1.3934621]]}},{"type":"Feature","id":"way/751767568-0-1-0","properties":{"highway":"service","horse":"no","service":"driveway","startNodeId":"9279183273","endNodeId":"9279183267"},"geometry":{"type":"LineString","coordinates":[[103.8843178,1.3934621],[103.8842319,1.3936409]]}},{"type":"Feature","id":"way/751767568-0-2-0","properties":{"highway":"service","horse":"no","service":"driveway","startNodeId":"9279183267","endNodeId":"7027659529"},"geometry":{"type":"LineString","coordinates":[[103.8842319,1.3936409],[103.8841199,1.3938681]]}},{"type":"Feature","id":"way/751767569-0-0-0","properties":{"highway":"service","horse":"no","service":"driveway","startNodeId":"7027659531","endNodeId":"7027659532"},"geometry":{"type":"LineString","coordinates":[[103.8861814,1.3936028],[103.8860903,1.3936134]]}},{"type":"Feature","id":"way/751767569-0-1-0","properties":{"highway":"service","horse":"no","service":"driveway","startNodeId":"7027659532","endNodeId":"7027659518"},"geometry":{"type":"LineString","coordinates":[[103.8860903,1.3936134],[103.8859991,1.3936239]]}},{"type":"Feature","id":"way/751767570-0-0-0","properties":{"highway":"service","horse":"no","service":"driveway","startNodeId":"7027659520","endNodeId":"9279189888"},"geometry":{"type":"LineString","coordinates":[[103.8859727,1.3932174],[103.8858181,1.3929446]]}},{"type":"Feature","id":"way/751767570-0-1-0","properties":{"highway":"service","horse":"no","service":"driveway","startNodeId":"9279189888","endNodeId":"9279189886"},"geometry":{"type":"LineString","coordinates":[[103.8858181,1.3929446],[103.8857335,1.3927954]]}},{"type":"Feature","id":"way/751767570-0-2-0","properties":{"highway":"service","horse":"no","service":"driveway","startNodeId":"9279189886","endNodeId":"7027659523"},"geometry":{"type":"LineString","coordinates":[[103.8857335,1.3927954],[103.8856385,1.3926278]]}},{"type":"Feature","id":"way/754426915-0-0-0","properties":{"highway":"secondary","lanes":"3","maxspeed":"60","name":"Sengkang East Way","oneway":"yes","sidewalk":"left","surface":"asphalt","turn:lanes":"through|through|through","startNodeId":"369142565","endNodeId":"5922018595"},"geometry":{"type":"LineString","coordinates":[[103.8865747,1.3947093],[103.8867027,1.3946901]]}},{"type":"Feature","id":"way/810732670-0-0-0","properties":{"bridge":"yes","highway":"secondary","lanes":"3","layer":"1","maxspeed":"60","name":"Sengkang East Way","oneway":"yes","sidewalk":"left","surface":"asphalt","startNodeId":"369142704","endNodeId":"way/810732670-0:0:1"},"geometry":{"type":"LineString","coordinates":[[103.8856657,1.394707],[103.8841376,1.3949741]]}},{"type":"Feature","id":"way/810732670-0-0-1","properties":{"bridge":"yes","highway":"secondary","lanes":"3","layer":"1","maxspeed":"60","name":"Sengkang East Way","oneway":"yes","sidewalk":"left","surface":"asphalt","startNodeId":"way/810732670-0:0:1","endNodeId":"4724462527"},"geometry":{"type":"LineString","coordinates":[[103.8841376,1.3949741],[103.8826094,1.3952411]]}},{"type":"Feature","id":"way/810732671-0-0-0","properties":{"bridge":"yes","highway":"secondary","lanes":"3","layer":"1","maxspeed":"60","name":"Sengkang East Way","oneway":"yes","sidewalk":"left","surface":"asphalt","startNodeId":"5681062003","endNodeId":"way/810732671-0:0:1"},"geometry":{"type":"LineString","coordinates":[[103.8826222,1.3953713],[103.884157,1.395109]]}},{"type":"Feature","id":"way/810732671-0-0-1","properties":{"bridge":"yes","highway":"secondary","lanes":"3","layer":"1","maxspeed":"60","name":"Sengkang East Way","oneway":"yes","sidewalk":"left","surface":"asphalt","startNodeId":"way/810732671-0:0:1","endNodeId":"369142741"},"geometry":{"type":"LineString","coordinates":[[103.884157,1.395109],[103.8856918,1.3948466]]}},{"type":"Feature","id":"way/1005712337-0-0-0","properties":{"covered":"no","highway":"service","lanes":"2","oneway":"yes","service":"driveway","surface":"paved","startNodeId":"9279183267","endNodeId":"9279183268"},"geometry":{"type":"LineString","coordinates":[[103.8842319,1.3936409],[103.8842809,1.3936478]]}},{"type":"Feature","id":"way/1005712337-0-1-0","properties":{"covered":"no","highway":"service","lanes":"2","oneway":"yes","service":"driveway","surface":"paved","startNodeId":"9279183268","endNodeId":"9279183269"},"geometry":{"type":"LineString","coordinates":[[103.8842809,1.3936478],[103.8843353,1.3936377]]}},{"type":"Feature","id":"way/1005712337-0-2-0","properties":{"covered":"no","highway":"service","lanes":"2","oneway":"yes","service":"driveway","surface":"paved","startNodeId":"9279183269","endNodeId":"9279183270"},"geometry":{"type":"LineString","coordinates":[[103.8843353,1.3936377],[103.88437,1.3936048]]}},{"type":"Feature","id":"way/1005712337-0-3-0","properties":{"covered":"no","highway":"service","lanes":"2","oneway":"yes","service":"driveway","surface":"paved","startNodeId":"9279183270","endNodeId":"9279183271"},"geometry":{"type":"LineString","coordinates":[[103.88437,1.3936048],[103.8843764,1.3935606]]}},{"type":"Feature","id":"way/1005712337-0-4-0","properties":{"covered":"no","highway":"service","lanes":"2","oneway":"yes","service":"driveway","surface":"paved","startNodeId":"9279183271","endNodeId":"9279183272"},"geometry":{"type":"LineString","coordinates":[[103.8843764,1.3935606],[103.8843599,1.39351]]}},{"type":"Feature","id":"way/1005712337-0-5-0","properties":{"covered":"no","highway":"service","lanes":"2","oneway":"yes","service":"driveway","surface":"paved","startNodeId":"9279183272","endNodeId":"9279183273"},"geometry":{"type":"LineString","coordinates":[[103.8843599,1.39351],[103.8843178,1.3934621]]}},{"type":"Feature","id":"way/1005712347-0-0-0","properties":{"highway":"service","lanes":"1","oneway":"yes","service":"driveway","surface":"paved","startNodeId":"9279189831","endNodeId":"9279189832"},"geometry":{"type":"LineString","coordinates":[[103.8852273,1.3928163],[103.8852462,1.3928313]]}},{"type":"Feature","id":"way/1005712347-0-1-0","properties":{"highway":"service","lanes":"1","oneway":"yes","service":"driveway","surface":"paved","startNodeId":"9279189832","endNodeId":"9279189833"},"geometry":{"type":"LineString","coordinates":[[103.8852462,1.3928313],[103.8852683,1.3928388]]}},{"type":"Feature","id":"way/1005712347-0-2-0","properties":{"highway":"service","lanes":"1","oneway":"yes","service":"driveway","surface":"paved","startNodeId":"9279189833","endNodeId":"9279189847"},"geometry":{"type":"LineString","coordinates":[[103.8852683,1.3928388],[103.8852807,1.3928361]]}},{"type":"Feature","id":"way/1005712347-0-3-0","properties":{"highway":"service","lanes":"1","oneway":"yes","service":"driveway","surface":"paved","startNodeId":"9279189847","endNodeId":"9279189834"},"geometry":{"type":"LineString","coordinates":[[103.8852807,1.3928361],[103.8852929,1.3928334]]}},{"type":"Feature","id":"way/1005712347-0-4-0","properties":{"highway":"service","lanes":"1","oneway":"yes","service":"driveway","surface":"paved","startNodeId":"9279189834","endNodeId":"9279189835"},"geometry":{"type":"LineString","coordinates":[[103.8852929,1.3928334],[103.8853067,1.3928138]]}},{"type":"Feature","id":"way/1005712347-0-5-0","properties":{"highway":"service","lanes":"1","oneway":"yes","service":"driveway","surface":"paved","startNodeId":"9279189835","endNodeId":"9279189836"},"geometry":{"type":"LineString","coordinates":[[103.8853067,1.3928138],[103.8853122,1.3927873]]}},{"type":"Feature","id":"way/1005712360-0-0-0","properties":{"highway":"service","service":"driveway","startNodeId":"9279189885","endNodeId":"9279189886"},"geometry":{"type":"LineString","coordinates":[[103.8857006,1.3928131],[103.8857335,1.3927954]]}},{"type":"Feature","id":"way/1005712361-0-0-0","properties":{"highway":"service","service":"driveway","startNodeId":"9279189887","endNodeId":"9279189888"},"geometry":{"type":"LineString","coordinates":[[103.8857801,1.3929662],[103.8858181,1.3929446]]}},{"type":"Feature","id":"way/1297141445-0-0-0","properties":{"highway":"service","service":"driveway","startNodeId":"12018255581","endNodeId":"12018255582"},"geometry":{"type":"LineString","coordinates":[[103.8847777,1.392066],[103.8848022,1.3921064]]}},{"type":"Feature","id":"way/1304032698-0-3-0","properties":{"highway":"secondary_link","oneway":"yes","sidewalk":"both","startNodeId":"12076505784","endNodeId":"12076505785"},"geometry":{"type":"LineString","coordinates":[[103.8824337,1.3955532],[103.8824874,1.3954782]]}},{"type":"Feature","id":"way/1304032698-0-4-0","properties":{"highway":"secondary_link","oneway":"yes","sidewalk":"both","startNodeId":"12076505785","endNodeId":"6228623632"},"geometry":{"type":"LineString","coordinates":[[103.8824874,1.3954782],[103.8825665,1.3953831]]}},{"type":"Feature","id":"way/1533483814-0-0-0","properties":{"highway":"service","horse":"no","oneway":"yes","service":"driveway","startNodeId":"7027659517","endNodeId":"13974367702"},"geometry":{"type":"LineString","coordinates":[[103.8854466,1.3945438],[103.8854868,1.3945354]]}},{"type":"Feature","id":"way/1533483814-0-1-0","properties":{"highway":"service","horse":"no","oneway":"yes","service":"driveway","startNodeId":"13974367702","endNodeId":"13974367701"},"geometry":{"type":"LineString","coordinates":[[103.8854868,1.3945354],[103.885449,1.3944748]]}},{"type":"Feature","id":"way/1533483814-0-2-0","properties":{"highway":"service","horse":"no","oneway":"yes","service":"driveway","startNodeId":"13974367701","endNodeId":"13974367710"},"geometry":{"type":"LineString","coordinates":[[103.885449,1.3944748],[103.8854338,1.3944642]]}},{"type":"Feature","id":"way/1533483814-0-3-0","properties":{"highway":"service","horse":"no","oneway":"yes","service":"driveway","startNodeId":"13974367710","endNodeId":"13974367709"},"geometry":{"type":"LineString","coordinates":[[103.8854338,1.3944642],[103.8854136,1.3944587]]}},{"type":"Feature","id":"way/1533483814-0-4-0","properties":{"highway":"service","horse":"no","oneway":"yes","service":"driveway","startNodeId":"13974367709","endNodeId":"13974367708"},"geometry":{"type":"LineString","coordinates":[[103.8854136,1.3944587],[103.8853973,1.3944543]]}},{"type":"Feature","id":"way/1533483814-0-5-0","properties":{"highway":"service","horse":"no","oneway":"yes","service":"driveway","startNodeId":"13974367708","endNodeId":"13974362800"},"geometry":{"type":"LineString","coordinates":[[103.8853973,1.3944543],[103.8853812,1.394459]]}},{"type":"Feature","id":"way/1533483814-0-6-0","properties":{"highway":"service","horse":"no","oneway":"yes","service":"driveway","startNodeId":"13974362800","endNodeId":"13974367707"},"geometry":{"type":"LineString","coordinates":[[103.8853812,1.394459],[103.8853686,1.3944626]]}},{"type":"Feature","id":"way/1533483814-0-7-0","properties":{"highway":"service","horse":"no","oneway":"yes","service":"driveway","startNodeId":"13974367707","endNodeId":"13974367706"},"geometry":{"type":"LineString","coordinates":[[103.8853686,1.3944626],[103.885358,1.394472]]}},{"type":"Feature","id":"way/1533483814-0-8-0","properties":{"highway":"service","horse":"no","oneway":"yes","service":"driveway","startNodeId":"13974367706","endNodeId":"13974367705"},"geometry":{"type":"LineString","coordinates":[[103.885358,1.394472],[103.8853475,1.3944851]]}},{"type":"Feature","id":"way/1533483814-0-9-0","properties":{"highway":"service","horse":"no","oneway":"yes","service":"driveway","startNodeId":"13974367705","endNodeId":"13974362799"},"geometry":{"type":"LineString","coordinates":[[103.8853475,1.3944851],[103.8853395,1.3945074]]}},{"type":"Feature","id":"way/1533483814-0-10-0","properties":{"highway":"service","horse":"no","oneway":"yes","service":"driveway","startNodeId":"13974362799","endNodeId":"13974367704"},"geometry":{"type":"LineString","coordinates":[[103.8853395,1.3945074],[103.8853421,1.3945279]]}},{"type":"Feature","id":"way/1533483814-0-11-0","properties":{"highway":"service","horse":"no","oneway":"yes","service":"driveway","startNodeId":"13974367704","endNodeId":"13974367703"},"geometry":{"type":"LineString","coordinates":[[103.8853421,1.3945279],[103.8853516,1.3945441]]}},{"type":"Feature","id":"way/1533483814-0-12-0","properties":{"highway":"service","horse":"no","oneway":"yes","service":"driveway","startNodeId":"13974367703","endNodeId":"13974362798"},"geometry":{"type":"LineString","coordinates":[[103.8853516,1.3945441],[103.8853709,1.3945528]]}},{"type":"Feature","id":"way/1533483814-0-13-0","properties":{"highway":"service","horse":"no","oneway":"yes","service":"driveway","startNodeId":"13974362798","endNodeId":"7027659517"},"geometry":{"type":"LineString","coordinates":[[103.8853709,1.3945528],[103.8854466,1.3945438]]}}]}