{"type":"FeatureCollection","features":[{"type":"Feature","id":"relation/15521864-1","properties":{"building":"yes","building:levels":"2","name":"Block G","name:zh":"G\u5ea7","source":"Bing","type":"multipolygon"},"geometry":{"type":"Polygon","coordinates":[[[103.7805279,1.2930556],[103.7805156,1.2930303],[103.7804954,1.2929887],[103.7803313,1.2930683],[103.7800657,1.293197],[103.7800981,1.2932639],[103.7803658,1.2931342],[103.7805279,1.2930556]]]}},{"type":"Feature","id":"way/109013190-0","properties":{"building":"yes"},"geometry":{"type":"Polygon","coordinates":[[[103.7829534,1.2935745],[103.7829543,1.2934127],[103.782618,1.2934107],[103.7826173,1.2935348],[103.7826551,1.293535],[103.7826549,1.2935728],[103.7829534,1.2935745]]]}},{"type":"Feature","id":"way/109013191-0","properties":{"addr:housenumber":"5","addr:street":"Lower Kent Ridge Road","building":"hospital","name":"Kent Ridge Wing","name:en":"Kent Ridge Wing","name:zh":"\u80af\u7279\u5c97\u7ffc"},"geometry":{"type":"Polygon","coordinates":[[[103.7831331,1.2938199],[103.7832324,1.2938172],[103.7832941,1.2938682],[103.7834917,1.2938681],[103.7837715,1.2938655],[103.7838493,1.2937877],[103.783683,1.2936295],[103.7835831,1.2936284],[103.7834872,1.2936295],[103.7833772,1.2935249],[103.7833768,1.2933238],[103.7831487,1.2933255],[103.7831252,1.2933031],[103.7831331,1.2938199]]]}},{"type":"Feature","id":"way/109013192-0","properties":{"addr:housenumber":"5","addr:street":"Lower Kent Ridge Road","building":"hospital"},"geometry":{"type":"Polygon","coordinates":[[[103.7825253,1.2936086],[103.7825259,1.2933669],[103.7823583,1.2933665],[103.7823577,1.2936081],[103.7825253,1.2936086]]]}},{"type":"Feature","id":"way/109013196-0","properties":{"addr:housenumber":"5","addr:street":"Lower Kent Ridge Road","building":"hospital"},"geometry":{"type":"Polygon","coordinates":[[[103.7823776,1.2938235],[103.7825278,1.2938252],[103.7829478,1.2938301],[103.7829503,1.2936143],[103.7825253,1.2936086],[103.7823577,1.2936081],[103.7818876,1.2936019],[103.781885,1.2938178],[103.7823776,1.2938235]]]}},{"type":"Feature","id":"way/109013197-0","properties":{"addr:housenumber":"5","addr:street":"Ayer Rajah Expressway","building":"hospital"},"geometry":{"type":"Polygon","coordinates":[[[103.7823515,1.2942884],[103.7825452,1.2942871],[103.7828639,1.294285],[103.7830024,1.2942841],[103.7830037,1.294479],[103.7833835,1.2944764],[103.7833822,1.2942833],[103.7835324,1.2942823],[103.7839017,1.2942798],[103.7839003,1.2940713],[103.7834966,1.294074],[103.7825316,1.2940804],[103.7823814,1.2940814],[103.7819902,1.294084],[103.7819916,1.2942908],[103.7823515,1.2942884]]]}},{"type":"Feature","id":"way/109013198-0","properties":{"building":"yes"},"geometry":{"type":"Polygon","coordinates":[[[103.7832097,1.2930897],[103.7835945,1.2930905],[103.7836367,1.2930465],[103.7836562,1.2930262],[103.783601,1.2929682],[103.783581,1.2929471],[103.7831895,1.2929484],[103.7831222,1.2930249],[103.7831246,1.2931772],[103.7832097,1.2930897]]]}},{"type":"Feature","id":"way/109013201-0","properties":{"addr:housenumber":"5","addr:street":"Lower Kent Ridge Road","building":"hospital"},"geometry":{"type":"Polygon","coordinates":[[[103.7823583,1.2933665],[103.7825259,1.2933669],[103.7829343,1.2933624],[103.7829337,1.2931518],[103.7828595,1.293152],[103.782515,1.2931531],[103.7824244,1.2931534],[103.782358,1.2931536],[103.7823418,1.2931537],[103.7818904,1.2931551],[103.7818905,1.293179],[103.7818911,1.2933657],[103.7823583,1.2933665]]]}},{"type":"Feature","id":"way/109013203-0","properties":{"addr:housenumber":"5","addr:street":"Lower Kent Ridge Road","building":"hospital"},"geometry":{"type":"Polygon","coordinates":[[[103.7825316,1.2940804],[103.7825278,1.2938252],[103.7823776,1.2938235],[103.7823814,1.2940814],[103.7825316,1.2940804]]]}},{"type":"Feature","id":"way/109013205-0","properties":{"building":"hospital","name":"Main Building","name:zh":"\u4e3b\u697c"},"geometry":{"type":"Polygon","coordinates":[[[103.7823101,1.294752],[103.7823136,1.2948429],[103.7823173,1.2952173],[103.7826237,1.2952142],[103.7826748,1.2952106],[103.7827143,1.2952093],[103.7828732,1.2952054],[103.7835986,1.2952072],[103.7836318,1.2952069],[103.7836315,1.2951779],[103.7836538,1.2951777],[103.7836932,1.2951773],[103.7836912,1.2949717],[103.7836511,1.2949721],[103.7836295,1.2949723],[103.7836282,1.2948413],[103.7837937,1.2948396],[103.783794,1.2948734],[103.7839029,1.2948724],[103.7839713,1.2948717],[103.7839701,1.2947563],[103.7840538,1.2947554],[103.7840491,1.2942844],[103.784047,1.2940695],[103.7839003,1.2940713],[103.7839017,1.2942798],[103.7839045,1.2945263],[103.7835348,1.29453],[103.7835324,1.2942823],[103.7833822,1.2942833],[103.7833835,1.2944764],[103.7833843,1.2945314],[103.7830046,1.2945351],[103.7830037,1.294479],[103.7830024,1.2942841],[103.7828639,1.294285],[103.7828663,1.2945306],[103.7825476,1.2945338],[103.7825452,1.2942871],[103.7823515,1.2942884],[103.7823538,1.2945207],[103.7819943,1.2945243],[103.7819916,1.2942908],[103.7819902,1.294084],[103.7818141,1.2940845],[103.7818208,1.2947568],[103.7823101,1.294752]]]}},{"type":"Feature","id":"way/140087728-0","properties":{"addr:housenumber":"1","addr:street":"Lower Kent Ridge Road","building":"school","building:levels":"5","height":"4.57406","name":"S14"},"geometry":{"type":"Polygon","coordinates":[[[103.7799411,1.2970415],[103.7799736,1.2970674],[103.780019,1.2969732],[103.7799764,1.2969526],[103.7799404,1.2969353],[103.7799738,1.2968661],[103.7795512,1.2966623],[103.7795302,1.2967058],[103.7794993,1.2966902],[103.7794738,1.2967457],[103.7794416,1.2968109],[103.7799411,1.2970415]]]}},{"type":"Feature","id":"way/141905403-0","properties":{"addr:housenumber":"2","addr:street":"Lower Kent Ridge Road","building":"school","building:levels":"5","height":"43.18277","name":"S13"},"geometry":{"type":"Polygon","coordinates":[[[103.7794436,1.2967878],[103.7794258,1.2967392],[103.7794446,1.2967323],[103.7794738,1.2967457],[103.7794993,1.2966902],[103.7794642,1.2966741],[103.7795247,1.2966518],[103.7794883,1.2965529],[103.7793727,1.2965954],[103.7789825,1.2967389],[103.7790093,1.2968117],[103.7790361,1.2968848],[103.7790533,1.2969313],[103.7794436,1.2967878]]]}},{"type":"Feature","id":"way/141905474-0","properties":{"building":"yes","building:levels":"5","height":"45.49153","name":"S8"},"geometry":{"type":"Polygon","coordinates":[[[103.7796067,1.2960857],[103.7795939,1.2960505],[103.7795545,1.2959424],[103.7790597,1.2961226],[103.7790771,1.2961702],[103.7791276,1.2963089],[103.779215,1.296277],[103.7792045,1.296248],[103.7796118,1.2960996],[103.7796067,1.2960857]]]}},{"type":"Feature","id":"way/141905829-0","properties":{"building":"yes","building:levels":"5","height":"53.02057","name":"S4"},"geometry":{"type":"Polygon","coordinates":[[[103.7793722,1.295629],[103.7793652,1.2956101],[103.7794555,1.2955769],[103.7794209,1.2954801],[103.779333,1.2955126],[103.7793175,1.2954706],[103.7789284,1.2956144],[103.7789488,1.2956693],[103.7789543,1.295684],[103.7789865,1.2957716],[103.7793722,1.295629]]]}},{"type":"Feature","id":"way/141905922-0","properties":{"building":"yes","building:levels":"3","name":"S4A"},"geometry":{"type":"Polygon","coordinates":[[[103.7789979,1.2958108],[103.7790496,1.2959543],[103.7791093,1.2959328],[103.7791171,1.2959546],[103.7793799,1.2958602],[103.7793725,1.2958396],[103.7794369,1.2958164],[103.7793848,1.2956717],[103.7789979,1.2958108]]]}},{"type":"Feature","id":"way/141905956-0","properties":{"building":"yes","building:levels":"6","height":"51.13172","name":"S5"},"geometry":{"type":"Polygon","coordinates":[[[103.7795795,1.2956815],[103.7799745,1.2955419],[103.7799989,1.2954908],[103.7800107,1.2954662],[103.7799756,1.2953677],[103.7799992,1.2953593],[103.7799549,1.2952331],[103.7798563,1.2952682],[103.7798659,1.2952952],[103.7795477,1.2954088],[103.7794239,1.2954527],[103.7794126,1.2954569],[103.7794209,1.2954801],[103.7794555,1.2955769],[103.7794982,1.2955617],[103.7795447,1.2956943],[103.7795795,1.2956815]]]}},{"type":"Feature","id":"way/141906024-0","properties":{"alt_name":"LT21","building":"yes","full_name":"Lecture Theatre 21","height":"38.62433","name":"LT 21"},"geometry":{"type":"Polygon","coordinates":[[[103.7793703,1.2953014],[103.7794239,1.2954527],[103.7795477,1.2954088],[103.7794941,1.2952576],[103.7793703,1.2953014]]]}},{"type":"Feature","id":"way/141906100-0","properties":{"building":"yes"},"geometry":{"type":"Polygon","coordinates":[[[103.7796141,1.295798],[103.779604,1.2957703],[103.7796313,1.2957603],[103.7796219,1.2957341],[103.7796016,1.2957416],[103.7795795,1.2956815],[103.7795447,1.2956943],[103.7795647,1.2957486],[103.7794816,1.2957792],[103.7795035,1.2958388],[103.7796141,1.295798]]]}},{"type":"Feature","id":"way/141906130-0","properties":{"addr:housenumber":"4","addr:street":"Science Drive 2","building":"yes","building:levels":"9","building:levels:underground":"1","height":"107.84114","name":"S9 - Wet Science Building"},"geometry":{"type":"Polygon","coordinates":[[[103.7798163,1.296131],[103.7798372,1.2961621],[103.7798719,1.2961919],[103.7799136,1.2962087],[103.7799549,1.2962116],[103.7801621,1.2961372],[103.780123,1.2960246],[103.7802959,1.2959646],[103.7802263,1.2957643],[103.7801649,1.2957856],[103.7800745,1.295817],[103.7800194,1.2956584],[103.7796916,1.2957722],[103.7797596,1.2959679],[103.7798163,1.296131]]]}},{"type":"Feature","id":"way/141906238-0","properties":{"building":"yes","height":"30.11277","name":"S10"},"geometry":{"type":"Polygon","coordinates":[[[103.7796961,1.2964041],[103.7798431,1.2963506],[103.7797522,1.2961009],[103.7796945,1.2961221],[103.7797327,1.2962271],[103.7795682,1.2962869],[103.7796208,1.2964314],[103.7796961,1.2964041]]]}},{"type":"Feature","id":"way/141906506-0","properties":{"building":"yes","name":"S16"},"geometry":{"type":"Polygon","coordinates":[[[103.7803284,1.2969352],[103.7804373,1.2969864],[103.7804828,1.2968896],[103.7805175,1.2968159],[103.7805951,1.2968523],[103.7806513,1.2968787],[103.7806894,1.2968966],[103.7807434,1.2967816],[103.7805248,1.2966794],[103.7805074,1.2966713],[103.7804967,1.2966663],[103.7804488,1.2966439],[103.7804305,1.2966348],[103.7802404,1.2965453],[103.7802176,1.2965938],[103.7800989,1.2968465],[103.7800591,1.2969313],[103.7802178,1.2970058],[103.7802576,1.2969212],[103.780265,1.2969054],[103.7803284,1.2969352]]]}},{"type":"Feature","id":"way/141906507-0","properties":{"addr:city":"Singapore","addr:housenumber":"3","addr:postcode":"117543","addr:street":"Science Drive 2","building":"school","building:levels":"6","height":"44.85992","name":"S15"},"geometry":{"type":"Polygon","coordinates":[[[103.7805576,1.297246],[103.7805115,1.2972238],[103.780532,1.2971812],[103.7803631,1.2970998],[103.7803721,1.2970812],[103.7802178,1.2970058],[103.7800591,1.2969313],[103.7800434,1.2969227],[103.780019,1.2969732],[103.7799736,1.2970674],[103.7799393,1.2971384],[103.7799505,1.2971438],[103.779981,1.2971585],[103.7799924,1.2971349],[103.7800254,1.2971508],[103.7804446,1.2973529],[103.7804537,1.2973339],[103.7804832,1.2973481],[103.7805036,1.297358],[103.7805576,1.297246]]]}},{"type":"Feature","id":"way/141906611-0","properties":{"building:part":"yes","full_name":"Lecture Theatre 31","name":"Science Auditorium (LT 31)","name:zh":"\u79d1\u5b66\u793c\u5802 \uff08LT31\uff09"},"geometry":{"type":"Polygon","coordinates":[[[103.780265,1.2969054],[103.7803284,1.2969352],[103.7804373,1.2969864],[103.7804828,1.2968896],[103.7805175,1.2968159],[103.7804527,1.2967853],[103.7803988,1.2967598],[103.7803224,1.296788],[103.780265,1.2969054]]]}},{"type":"Feature","id":"way/141907010-0","properties":{"alt_name":"LT29","building":"yes","full_name":"Lecture Theatre 29","height":"28.60120","name":"LT 29"},"geometry":{"type":"Polygon","coordinates":[[[103.7813803,1.2972077],[103.7813053,1.2970017],[103.7812987,1.2969837],[103.7812156,1.2970127],[103.7811834,1.2970239],[103.781203,1.2970786],[103.7812638,1.2972493],[103.7813803,1.2972077]]]}},{"type":"Feature","id":"way/141907104-0","properties":{"alt_name":"LT28","building":"yes","full_name":"Lecture Theatre 28","height":"28.56117","name":"LT 28"},"geometry":{"type":"Polygon","coordinates":[[[103.7812875,1.2973124],[103.7812638,1.2972493],[103.781203,1.2970786],[103.7810385,1.2971419],[103.7811204,1.2973725],[103.7812875,1.2973124]]]}},{"type":"Feature","id":"way/141907258-0","properties":{"alt_name":"LT27","building":"university","building:levels":"2","height":"29.68096","name":"Lim Seng Tjoe Lecture Theatre (LT 27)","name:zh":"\u6797\u751f\u73e0\u5927\u697c (LT27)","nohousenumber":"yes","note:name:zh":"fixme","roof:levels":"0","source:name:zh":"https://books.google.com.sg/books?id=FsjACwAAQBAJ&pg=PA104&lpg=PA104&dq=lee+wee+kheng+nus&source=bl&ots=b98VIlp9EJ&sig=ACfU3U3AAIR9n5Nuyq9qckx9Zka0FB5Uqg&hl=en&sa=X&ved=2ahUKEwj9sKSs2cn-AhVmUGwGHUwTDs04ChDoAXoECAcQAw#v=onepage&q=lee%20wee%20kheng%20nus&f="},"geometry":{"type":"Polygon","coordinates":[[[103.7809675,1.297032],[103.7810305,1.2970119],[103.7810213,1.2969859],[103.7809895,1.2968959],[103.7809822,1.2968751],[103.7809259,1.2968952],[103.7808825,1.296876],[103.7807717,1.2968268],[103.7807371,1.2969061],[103.7807231,1.2969034],[103.7807221,1.296918],[103.7806861,1.296931],[103.7807636,1.2971553],[103.7808025,1.2971392],[103.7808093,1.2971548],[103.7808206,1.2971419],[103.7809018,1.2971821],[103.7809527,1.2970682],[103.7809675,1.297032]]]}},{"type":"Feature","id":"way/141907703-0","properties":{"building":"university","height":"19.89058","nohousenumber":"yes"},"geometry":{"type":"Polygon","coordinates":[[[103.7810144,1.2970802],[103.7810306,1.2971215],[103.7810385,1.2971419],[103.781203,1.2970786],[103.7811834,1.2970239],[103.7812156,1.2970127],[103.7812987,1.2969837],[103.7813053,1.2970017],[103.781351,1.2969851],[103.7813215,1.2968966],[103.7812062,1.2969368],[103.7811861,1.2968765],[103.7811284,1.2968979],[103.7811056,1.2968376],[103.7810412,1.2968577],[103.7810169,1.2967907],[103.7809983,1.2967398],[103.7809756,1.2967476],[103.7809498,1.2967565],[103.7809018,1.2967732],[103.7809339,1.296851],[103.7808825,1.296876],[103.7809259,1.2968952],[103.7809822,1.2968751],[103.7809895,1.2968959],[103.7810213,1.2969859],[103.7810305,1.2970119],[103.7809675,1.297032],[103.7809527,1.2970682],[103.7809742,1.297095],[103.7810144,1.2970802]]]}},{"type":"Feature","id":"way/141908093-0","properties":{"alt_name":"MD 9","building":"yes","full_name":"Medicine 9","height":"36.13684","name":"MD9"},"geometry":{"type":"Polygon","coordinates":[[[103.7815237,1.296668],[103.7814825,1.2965547],[103.7813776,1.2965925],[103.7810922,1.2966955],[103.7810801,1.2966619],[103.7810318,1.296678],[103.7810466,1.2967236],[103.7810104,1.2967357],[103.7809983,1.2967398],[103.7810169,1.2967907],[103.781064,1.2967746],[103.7810815,1.2968175],[103.7811324,1.2967987],[103.7811525,1.2968483],[103.7815374,1.2967089],[103.7815237,1.296668]]]}},{"type":"Feature","id":"way/141908489-0","properties":{"alt_name":"MD 10","building":"yes","full_name":"Medicine 10","height":"35.32807","name":"MD10"},"geometry":{"type":"Polygon","coordinates":[[[103.7815938,1.2965372],[103.7815616,1.2965493],[103.7815361,1.2964782],[103.7815017,1.2964903],[103.7814882,1.2964503],[103.7814667,1.2964596],[103.7814976,1.296544],[103.7814825,1.2965547],[103.7815237,1.296668],[103.781623,1.2966333],[103.7816385,1.2966775],[103.7820339,1.2965306],[103.7820162,1.296485],[103.782067,1.2964649],[103.7820515,1.2964186],[103.7820852,1.2964079],[103.7820661,1.2963483],[103.7820296,1.2963616],[103.7820122,1.29632],[103.7819532,1.2963442],[103.7819384,1.2963066],[103.7816769,1.2964005],[103.7816769,1.2964273],[103.7816608,1.2964461],[103.781638,1.2964608],[103.7816501,1.296489],[103.7815844,1.2965131],[103.7815938,1.2965372]]]}},{"type":"Feature","id":"way/141910213-0","properties":{"alt_name":"NUS Science Canteen","amenity":"food_court","building":"yes","capacity":"700","height":"26.44582","name":"Frontier Phase 2","note:name:zh":"no need for manual chinese name"},"geometry":{"type":"Polygon","coordinates":[[[103.7803605,1.2964542],[103.7803511,1.2964812],[103.7803264,1.2965319],[103.780452,1.2965915],[103.7804703,1.2966005],[103.7805189,1.2966233],[103.7805309,1.296629],[103.7805469,1.2966365],[103.7807381,1.2967263],[103.7807542,1.2967208],[103.780839,1.2966921],[103.7809004,1.2966713],[103.7808749,1.2965909],[103.7808905,1.2965854],[103.7809181,1.2965758],[103.780949,1.296565],[103.7810399,1.2965332],[103.7809903,1.2963951],[103.7809149,1.2964238],[103.7808776,1.296438],[103.7808267,1.2963026],[103.780541,1.2963039],[103.7803868,1.2962235],[103.7803635,1.2962719],[103.7802918,1.2964202],[103.7803605,1.2964542]]]}},{"type":"Feature","id":"way/141910214-0","properties":{"alt_name":"LT26","building":"yes","full_name":"Lecture Theatre 26","height":"31.90106","name":"LT 26"},"geometry":{"type":"Polygon","coordinates":[[[103.7812135,1.2963004],[103.7810659,1.2963548],[103.7810483,1.2963118],[103.7810015,1.2963257],[103.781021,1.2963831],[103.7809903,1.2963951],[103.7810399,1.2965332],[103.7810439,1.296548],[103.7810962,1.2965288],[103.7812706,1.2964648],[103.7812135,1.2963004]]]}},{"type":"Feature","id":"way/141910272-0","properties":{"building":"yes","height":"93.30852","name":"DSO @ Kent Ridge","name:zh":"DSO\u80af\u7279\u5c97\u533a","note:name:zh":"fixme"},"geometry":{"type":"Polygon","coordinates":[[[103.781402,1.2964858],[103.7814667,1.2964596],[103.7814882,1.2964503],[103.7815844,1.2964219],[103.7816058,1.2964085],[103.7816219,1.2963938],[103.7816327,1.2963737],[103.7816367,1.2963469],[103.781626,1.2963133],[103.7816058,1.2962892],[103.7815871,1.2962785],[103.7815964,1.2962597],[103.7815093,1.2960264],[103.7813998,1.296062],[103.7812183,1.2961283],[103.7813223,1.2964425],[103.7813443,1.2965091],[103.781402,1.2964858]]]}},{"type":"Feature","id":"way/141910273-0","properties":{"alt_name":"MD 7","building":"yes","full_name":"Medicine 7","height":"44.88118","name":"MD7"},"geometry":{"type":"Polygon","coordinates":[[[103.7809154,1.2961948],[103.7809296,1.2962336],[103.7812183,1.2961283],[103.7813998,1.296062],[103.7813554,1.2959403],[103.7814074,1.2959213],[103.7813939,1.2958863],[103.781377,1.29584],[103.7813559,1.2957823],[103.7813355,1.2957898],[103.781324,1.2957585],[103.7812646,1.2957808],[103.7812713,1.2958007],[103.7813024,1.2958856],[103.7812611,1.2959007],[103.7812707,1.2959269],[103.7808708,1.2960728],[103.7809154,1.2961948]]]}},{"type":"Feature","id":"way/141910336-0","properties":{"alt_name":"MD 11","building":"yes","full_name":"Medicine 11","height":"56.79249","name":"MD11"},"geometry":{"type":"Polygon","coordinates":[[[103.7818874,1.2962489],[103.7818699,1.2962015],[103.7820356,1.2961403],[103.7819287,1.2958513],[103.7818765,1.2957101],[103.7818421,1.2957227],[103.7815287,1.2958371],[103.7815181,1.2958409],[103.7816952,1.29632],[103.7818874,1.2962489]]]}},{"type":"Feature","id":"way/141910523-0","properties":{"alt_name":"MD 4","building":"yes","full_name":"Medicine 4","height":"47.05176","name":"MD4"},"geometry":{"type":"Polygon","coordinates":[[[103.7807321,1.2958414],[103.7806751,1.2958626],[103.7806778,1.2958709],[103.7806875,1.2958965],[103.7807144,1.2958864],[103.7807442,1.2958749],[103.780763,1.2959285],[103.7807965,1.2959165],[103.7807864,1.2958856],[103.7811928,1.2957361],[103.7811856,1.2957164],[103.7811344,1.2955753],[103.7810746,1.2955965],[103.7807433,1.2957148],[103.7807542,1.2957452],[103.780763,1.2957683],[103.7807133,1.2957864],[103.7807321,1.2958414]]]}},{"type":"Feature","id":"way/141910524-0","properties":{"addr:housenumber":"5","addr:street":"Science Drive 1","building":"university"},"geometry":{"type":"Polygon","coordinates":[[[103.7809353,1.2967169],[103.7809498,1.2967565],[103.7809756,1.2967476],[103.7809983,1.2967398],[103.7810104,1.2967357],[103.780949,1.296565],[103.7809181,1.2965758],[103.7808905,1.2965854],[103.7809192,1.2966686],[103.7809004,1.2966713],[103.780839,1.2966921],[103.7807542,1.2967208],[103.7807744,1.2967732],[103.7809353,1.2967169]]]}},{"type":"Feature","id":"way/141910559-0","properties":{"alt_name":"MD 4A","building":"yes","full_name":"Medicine 4A","height":"47.05176","name":"MD4A"},"geometry":{"type":"Polygon","coordinates":[[[103.7806481,1.2956106],[103.7806572,1.2956358],[103.7806127,1.2956517],[103.7806212,1.2956757],[103.7806136,1.2956784],[103.7806351,1.2957386],[103.7806885,1.2957195],[103.780704,1.2957631],[103.7807542,1.2957452],[103.7807433,1.2957148],[103.7810746,1.2955965],[103.7810308,1.2954738],[103.7806481,1.2956106]]]}},{"type":"Feature","id":"way/141910561-0","properties":{"alt_name":"MD 5","building":"yes","full_name":"Medicine 5","height":"26.46879","name":"MD5"},"geometry":{"type":"Polygon","coordinates":[[[103.7815871,1.2954742],[103.7814953,1.2955078],[103.7812355,1.2955992],[103.7812162,1.2955461],[103.78117,1.295563],[103.7811344,1.2955753],[103.7811856,1.2957164],[103.7811988,1.2957116],[103.7812179,1.2957644],[103.7812539,1.2957514],[103.7812646,1.2957808],[103.781324,1.2957585],[103.7814332,1.2957186],[103.7814445,1.2957496],[103.7815887,1.2956968],[103.7815758,1.2956616],[103.7816463,1.2956358],[103.7815871,1.2954742]]]}},{"type":"Feature","id":"way/141912739-0","properties":{"GFA":"38888sqm","alt_name":"MD 1","building":"yes","building:levels":"17","full_name":"Medicine 1","height":"112.386766","name":"MD1 - Tahir Foundation Building","name:zh":"MD1 - \u7fc1\u4fca\u6c11 \u57fa\u91d1\u4f1a\u5927\u697c"},"geometry":{"type":"Polygon","coordinates":[[[103.7807175,1.2950735],[103.7807315,1.2951116],[103.780433,1.2952216],[103.7804394,1.295239],[103.7804115,1.2952492],[103.7804187,1.2952687],[103.7803851,1.2952811],[103.7803998,1.2953211],[103.7803689,1.2953325],[103.7803816,1.295367],[103.7802031,1.2954327],[103.7801968,1.2954155],[103.7800909,1.2954545],[103.7801166,1.2955244],[103.7801695,1.2956679],[103.7801776,1.2956897],[103.7801984,1.295682],[103.7808846,1.2954293],[103.7808374,1.295301],[103.7808683,1.2952897],[103.7808541,1.2952511],[103.7809331,1.295222],[103.7808592,1.2950213],[103.7807175,1.2950735]]]}},{"type":"Feature","id":"way/141912946-0","properties":{"alt_name":"MD 3","building":"yes","full_name":"Medicine 3","height":"51.37676","name":"MD3"},"geometry":{"type":"Polygon","coordinates":[[[103.7811617,1.2955402],[103.78117,1.295563],[103.7812162,1.2955461],[103.7812321,1.2955402],[103.7812205,1.2955085],[103.7813306,1.295468],[103.781304,1.2953957],[103.7812697,1.2954083],[103.7811542,1.2950941],[103.7810264,1.295141],[103.78096,1.2951655],[103.7809858,1.2952357],[103.7809679,1.2952422],[103.7810494,1.2954638],[103.7810595,1.2954911],[103.7810853,1.2954816],[103.7811134,1.295558],[103.7811617,1.2955402]]]}},{"type":"Feature","id":"way/141912951-0","properties":{"alt_name":"MD 2","building":"yes","full_name":"Medicine 2","height":"44.89176","name":"MD2"},"geometry":{"type":"Polygon","coordinates":[[[103.7810734,1.2948707],[103.7810707,1.2948546],[103.7808723,1.2946816],[103.7807878,1.2947125],[103.7808106,1.2947755],[103.780883,1.2947473],[103.7810104,1.2948506],[103.7809916,1.2948707],[103.7808629,1.2949203],[103.7809044,1.2950383],[103.7809205,1.2950302],[103.7809514,1.2951187],[103.781009,1.2950959],[103.7810264,1.295141],[103.7811542,1.2950941],[103.7815629,1.2949431],[103.7815301,1.2948486],[103.7814865,1.2947232],[103.7810734,1.2948707]]]}},{"type":"Feature","id":"way/141912974-0","properties":{"alt_name":"MD 6","building":"yes","full_name":"Medicine 6","height":"111.45249","name":"MD6"},"geometry":{"type":"Polygon","coordinates":[[[103.7818112,1.2956136],[103.7818424,1.2956022],[103.781925,1.2955719],[103.7819062,1.2955183],[103.7819411,1.2955075],[103.7819344,1.29547],[103.7819813,1.2954512],[103.7820068,1.2954043],[103.7820045,1.2953223],[103.7820028,1.2951697],[103.7819304,1.294998],[103.7816876,1.2950839],[103.7816528,1.294986],[103.7814436,1.2950611],[103.7815079,1.2952421],[103.7814131,1.2952786],[103.7814716,1.2954431],[103.7816195,1.2953888],[103.7817149,1.2956489],[103.7818112,1.2956136]]]}},{"type":"Feature","id":"way/141913009-0","properties":{"building":"yes","building:levels":"6","height":"58.90334","name":"S6"},"geometry":{"type":"Polygon","coordinates":[[[103.7799097,1.2951067],[103.7799289,1.2951613],[103.7798649,1.2951837],[103.7798816,1.2952313],[103.7799463,1.2952086],[103.7799549,1.2952331],[103.7799992,1.2953593],[103.7800099,1.2953897],[103.7802771,1.295296],[103.7802695,1.2952742],[103.780347,1.295247],[103.7803115,1.2951458],[103.7805379,1.2950664],[103.78053,1.295044],[103.7805898,1.295023],[103.7805602,1.2949385],[103.7805128,1.2949551],[103.7804996,1.2949597],[103.7804369,1.294781],[103.7803201,1.294822],[103.7802679,1.2948403],[103.7802465,1.2947792],[103.7801113,1.2948267],[103.7801351,1.2948946],[103.7801741,1.2948809],[103.7802157,1.2949994],[103.7799097,1.2951067]]]}},{"type":"Feature","id":"way/141913023-0","properties":{"addr:housenumber":"28","addr:street":"Medical Drive","building":"university","height":"63.79172","name":"Centre for Life Sciences","name:en":"Centre for Life Sciences","name:zh":"\u751f\u547d\u79d1\u5b66\u4e2d\u5fc3","note:name:zh":"check"},"geometry":{"type":"Polygon","coordinates":[[[103.7803237,1.2947648],[103.7803036,1.2947728],[103.7803201,1.294822],[103.7804369,1.294781],[103.7804485,1.2947755],[103.7805128,1.2949551],[103.7805602,1.2949385],[103.7807784,1.2948613],[103.7807851,1.2948398],[103.7807811,1.2947822],[103.7807583,1.29475],[103.7807301,1.2947219],[103.7807006,1.2947125],[103.7806899,1.294742],[103.7806282,1.2947621],[103.7805853,1.2946454],[103.7810843,1.2944709],[103.7813175,1.2943893],[103.781178,1.2939952],[103.7810748,1.2939536],[103.7810023,1.2939791],[103.7809932,1.2939539],[103.7809862,1.2939348],[103.7809541,1.2939442],[103.7809903,1.2940582],[103.780879,1.2940997],[103.7809259,1.2942338],[103.780832,1.2942673],[103.7808106,1.2942057],[103.7806939,1.2942486],[103.7807153,1.2943062],[103.7802299,1.2944832],[103.7803237,1.2947648]]]}},{"type":"Feature","id":"way/141913116-0","properties":{"addr:housenumber":"11","addr:street":"Lower Kent Ridge Road","amenity":"library","building":"yes","building:levels":"5","height":"30.52852","name":"Medicine+Science Library","name:ms":"Perpustakaan Perubatan dan Sains","name:zh":"\u533b\u5b66+\u79d1\u5b66\u56fe\u4e66\u9986","short_name":"Medsci","short_name:en":"Medsci Library"},"geometry":{"type":"Polygon","coordinates":[[[103.7816568,1.2968858],[103.7816593,1.2968919],[103.7816689,1.2969153],[103.7816018,1.2969408],[103.7816129,1.2969695],[103.7816273,1.2970065],[103.7816984,1.2969824],[103.7817091,1.2970105],[103.7814972,1.2971728],[103.78152,1.2972344],[103.7815482,1.2972291],[103.7815643,1.297272],[103.7817668,1.2971379],[103.7817762,1.2971473],[103.7819116,1.2970508],[103.7819666,1.2969998],[103.7820162,1.2969515],[103.7820712,1.2968644],[103.7820994,1.2968698],[103.782102,1.2968496],[103.7821022,1.2967945],[103.7820873,1.2967491],[103.7820712,1.2967223],[103.7820377,1.2966861],[103.7820001,1.2966619],[103.7819518,1.2966458],[103.7819009,1.2966432],[103.7813887,1.2968285],[103.7813698,1.2968523],[103.7813658,1.2968791],[103.781402,1.2969797],[103.7816568,1.2968858]]]}},{"type":"Feature","id":"way/142075681-0","properties":{"building":"yes","layer":"1"},"geometry":{"type":"Polygon","coordinates":[[[103.7795939,1.2960505],[103.7796067,1.2960857],[103.7796364,1.2960749],[103.7796586,1.2961353],[103.7796945,1.2961221],[103.7797522,1.2961009],[103.779758,1.2960988],[103.7797364,1.2960401],[103.7797763,1.2960254],[103.7797649,1.2959946],[103.779723,1.29601],[103.7796313,1.2957603],[103.779604,1.2957703],[103.7796141,1.295798],[103.7796751,1.2959638],[103.7796256,1.295982],[103.7796438,1.2960315],[103.7796238,1.2960389],[103.779624,1.2960394],[103.7795939,1.2960505]]]}},{"type":"Feature","id":"way/238933473-0","properties":{"building":"yes","building:levels":"2","name":"Block F","name:zh":"F\u5ea7","source":"Bing"},"geometry":{"type":"Polygon","coordinates":[[[103.7800895,1.2934345],[103.7804399,1.2932621],[103.7806423,1.2931625],[103.7806263,1.2931299],[103.7806099,1.2930966],[103.7804002,1.2931998],[103.780057,1.2933686],[103.7800895,1.2934345]]]}},{"type":"Feature","id":"way/238933477-0","properties":{"building":"yes","building:levels":"2","name":"Block E","name:zh":"E\u5ea7","source":"Bing"},"geometry":{"type":"Polygon","coordinates":[[[103.7802857,1.2935229],[103.7807802,1.2932649],[103.7807592,1.2932247],[103.7807459,1.2931992],[103.7804778,1.2933391],[103.7802514,1.2934572],[103.7802857,1.2935229]]]}},{"type":"Feature","id":"way/238933479-0","properties":{"building":"yes","building:levels":"2","name":"Block E","name:zh":"E\u5ea7","source":"Bing"},"geometry":{"type":"Polygon","coordinates":[[[103.7807887,1.2931821],[103.7808186,1.2931917],[103.780919,1.2928798],[103.7808549,1.2928592],[103.7808196,1.292969],[103.7807545,1.2931711],[103.7807887,1.2931821]]]}},{"type":"Feature","id":"way/238933488-0","properties":{"building":"yes","building:levels":"2","name":"Block H","name:zh":"H\u5ea7","source":"Bing"},"geometry":{"type":"Polygon","coordinates":[[[103.7800664,1.293106],[103.7802951,1.2929946],[103.7803736,1.2929563],[103.7804075,1.2929398],[103.7803777,1.2928786],[103.7800365,1.2930448],[103.7800664,1.293106]]]}},{"type":"Feature","id":"way/425242348-0","properties":{"addr:housenumber":"9","addr:street":"Lower Kent Ridge Road","building":"hospital","name":"National University Centre for Oral Health, Singapore","name:zh":"\u56fd\u5927\u53e3\u8154\u536b\u751f\u4e2d\u5fc3","short_name":"NUCOHS","website":"https://www.nucohs.com.sg/"},"geometry":{"type":"Polygon","coordinates":[[[103.7831466,1.2964223],[103.7833002,1.2963633],[103.7834322,1.2962185],[103.783687,1.2959262],[103.7838748,1.2955897],[103.7839271,1.2954891],[103.7837292,1.2954553],[103.783656,1.2954565],[103.7834276,1.2954601],[103.7830433,1.2954663],[103.7830473,1.2964182],[103.7831466,1.2964223]]]}},{"type":"Feature","id":"way/453911871-0","properties":{"building":"hospital","name":"Service Block","name:en":"Service Block","name:zh":"\u670d\u52a1\u697c"},"geometry":{"type":"Polygon","coordinates":[[[103.7825653,1.2965368],[103.7825638,1.29634],[103.7826292,1.2963395],[103.7826307,1.2965367],[103.7827623,1.2965357],[103.7827617,1.2964591],[103.7830204,1.2964571],[103.7830136,1.2958912],[103.7830142,1.2956353],[103.7830128,1.2956133],[103.7830129,1.2954557],[103.7828801,1.2954567],[103.7828813,1.2956224],[103.7828601,1.2956226],[103.7828592,1.2955016],[103.7824705,1.2955045],[103.7824783,1.2965375],[103.7825653,1.2965368]]]}},{"type":"Feature","id":"way/453911875-0","properties":{"addr:housenumber":"3","addr:street":"Kent Ridge Road","building":"yes"},"geometry":{"type":"Polygon","coordinates":[[[103.780172,1.2941248],[103.7801177,1.2940814],[103.7800105,1.2942155],[103.7800648,1.2942589],[103.780172,1.2941248]]]}},{"type":"Feature","id":"way/453911876-0","properties":{"addr:housenumber":"5","addr:street":"Kent Ridge Road","building":"yes"},"geometry":{"type":"Polygon","coordinates":[[[103.779776,1.2945905],[103.779762,1.2945078],[103.779657,1.2945256],[103.7795829,1.2945382],[103.7795969,1.2946208],[103.779776,1.2945905]]]}},{"type":"Feature","id":"way/453911882-0","properties":{"addr:housenumber":"2","addr:street":"Kent Ridge Road","building":"yes"},"geometry":{"type":"Polygon","coordinates":[[[103.7804215,1.2938862],[103.7805181,1.2937897],[103.7804832,1.2937548],[103.7803866,1.2938513],[103.7804215,1.2938862]]]}},{"type":"Feature","id":"way/453911885-0","properties":{"addr:housenumber":"3","addr:street":"Kent Ridge Road","building":"yes"},"geometry":{"type":"Polygon","coordinates":[[[103.780255,1.2939954],[103.7803569,1.2938533],[103.7802793,1.2937977],[103.7801774,1.2939398],[103.780255,1.2939954]]]}},{"type":"Feature","id":"way/453911887-0","properties":{"building":"yes","building:levels":"2","power":"substation"},"geometry":{"type":"Polygon","coordinates":[[[103.7811247,1.2932674],[103.7811595,1.2931903],[103.7810522,1.293142],[103.7810174,1.2932192],[103.7811247,1.2932674]]]}},{"type":"Feature","id":"way/453911890-0","properties":{"addr:housenumber":"4","addr:street":"Kent Ridge Road","building":"yes"},"geometry":{"type":"Polygon","coordinates":[[[103.7800517,1.294429],[103.7800115,1.2943716],[103.7798877,1.2944585],[103.7799281,1.2945158],[103.7800517,1.294429]]]}},{"type":"Feature","id":"way/453911894-0","properties":{"addr:housenumber":"1","addr:street":"Kent Ridge Road","building":"yes"},"geometry":{"type":"Polygon","coordinates":[[[103.7806441,1.2936475],[103.7806275,1.293608],[103.780429,1.2936911],[103.7804456,1.2937307],[103.7806441,1.2936475]]]}},{"type":"Feature","id":"way/453911896-0","properties":{"building":"yes","building:levels":"2"},"geometry":{"type":"Polygon","coordinates":[[[103.7811725,1.293122],[103.7812058,1.2930376],[103.7811039,1.2929974],[103.7810706,1.2930817],[103.7811725,1.293122]]]}},{"type":"Feature","id":"way/543398232-0","properties":{"building":"yes"},"geometry":{"type":"Polygon","coordinates":[[[103.7826593,1.2966523],[103.7826553,1.2967609],[103.7827443,1.2967642],[103.7827483,1.2966556],[103.7826593,1.2966523]]]}},{"type":"Feature","id":"way/874067395-0","properties":{"building":"roof","layer":"1"},"geometry":{"type":"Polygon","coordinates":[[[103.7809004,1.2966713],[103.7808749,1.2965909],[103.7803635,1.2962719],[103.7802988,1.2962334],[103.7802937,1.2962303],[103.7802856,1.2962255],[103.7802476,1.2962029],[103.7801518,1.2962379],[103.7798431,1.2963506],[103.7797621,1.296379],[103.7798126,1.2964524],[103.7799656,1.2964521],[103.7800138,1.2963874],[103.7800209,1.2963852],[103.7800815,1.2963667],[103.7801581,1.2963433],[103.7802007,1.2963733],[103.7802094,1.2963795],[103.7802204,1.2963849],[103.7802371,1.2963929],[103.7802918,1.2964202],[103.7803605,1.2964542],[103.780839,1.2966921],[103.7809004,1.2966713]]]}},{"type":"Feature","id":"way/877717635-0","properties":{"building":"yes","power":"substation"},"geometry":{"type":"Polygon","coordinates":[[[103.7794715,1.2969235],[103.7794298,1.2968105],[103.7792391,1.2968809],[103.7792586,1.2969337],[103.779322,1.2969104],[103.7793442,1.2969705],[103.7794715,1.2969235]]]}},{"type":"Feature","id":"way/1086101786-0","properties":{"building":"yes"},"geometry":{"type":"Polygon","coordinates":[[[103.7802079,1.29571],[103.7801984,1.295682],[103.7801776,1.2956897],[103.7801695,1.2956679],[103.7801296,1.2956814],[103.7801334,1.2956926],[103.7801649,1.2957856],[103.7802263,1.2957643],[103.7802079,1.29571]]]}},{"type":"Feature","id":"way/1086101788-0","properties":{"building":"yes","height":"29.27676"},"geometry":{"type":"Polygon","coordinates":[[[103.7807502,1.2960854],[103.7808267,1.2963026],[103.7808776,1.296438],[103.7809149,1.2964238],[103.780836,1.2962248],[103.7809154,1.2961948],[103.7808708,1.2960728],[103.7808602,1.2960465],[103.7808119,1.2960653],[103.780832,1.2961176],[103.7808039,1.296127],[103.7807537,1.2959922],[103.7807144,1.2958864],[103.7806875,1.2958965],[103.7807502,1.2960854]]]}},{"type":"Feature","id":"way/1136596820-0","properties":{"building":"yes"},"geometry":{"type":"Polygon","coordinates":[[[103.781103,1.2932853],[103.7810354,1.2932499],[103.7810094,1.2933176],[103.7810803,1.2933485],[103.781103,1.2932853]]]}},{"type":"Feature","id":"way/1150363318-0","properties":{"building":"grandstand"},"geometry":{"type":"Polygon","coordinates":[[[103.7799637,1.2930758],[103.7800596,1.2930133],[103.7800359,1.292977],[103.7798386,1.2931059],[103.7798623,1.2931421],[103.7799637,1.2930758]]]}},{"type":"Feature","id":"way/1151101075-0","properties":{"building":"roof","layer":"1","shelter_type":"public_transport"},"geometry":{"type":"Polygon","coordinates":[[[103.7810228,1.2974145],[103.7810259,1.2973833],[103.7808696,1.2973684],[103.7808676,1.2974007],[103.7810228,1.2974145]]]}},{"type":"Feature","id":"way/1151101076-0","properties":{"building":"roof","layer":"1","shelter_type":"public_transport"},"geometry":{"type":"Polygon","coordinates":[[[103.7832386,1.296798],[103.7832254,1.2967718],[103.7831399,1.2968147],[103.7831531,1.296841],[103.7832386,1.296798]]]}},{"type":"Feature","id":"way/1151101077-0","properties":{"building":"roof","layer":"1"},"geometry":{"type":"Polygon","coordinates":[[[103.7834835,1.2962777],[103.7834612,1.2962585],[103.7833987,1.2963309],[103.783421,1.2963502],[103.7834835,1.2962777]]]}},{"type":"Feature","id":"way/1166294005-0","properties":{"building":"yes"},"geometry":{"type":"Polygon","coordinates":[[[103.7813608,1.2931785],[103.7812698,1.2931498],[103.7812069,1.2933491],[103.7812979,1.2933778],[103.7813608,1.2931785]]]}},{"type":"Feature","id":"way/1186359925-0","properties":{"building":"yes","layer":"1","level:ref":"3","note":"level:ref for S16"},"geometry":{"type":"Polygon","coordinates":[[[103.7804703,1.2966005],[103.780452,1.2965915],[103.7804305,1.2966348],[103.7804488,1.2966439],[103.7804703,1.2966005]]]}},{"type":"Feature","id":"way/1186508985-0","properties":{"building":"roof","layer":"1"},"geometry":{"type":"Polygon","coordinates":[[[103.7818765,1.2957101],[103.7818424,1.2956022],[103.7818112,1.2956136],[103.7818421,1.2957227],[103.7818765,1.2957101]]]}},{"type":"Feature","id":"way/1203132426-0","properties":{"building":"roof","fixme":"check","layer":"1"},"geometry":{"type":"Polygon","coordinates":[[[103.7817091,1.2970105],[103.7816984,1.2969824],[103.7816273,1.2970065],[103.7816129,1.2969695],[103.7816018,1.2969408],[103.7816689,1.2969153],[103.7816593,1.2968919],[103.7816568,1.2968858],[103.781402,1.2969797],[103.7814972,1.2971728],[103.7817091,1.2970105]]]}},{"type":"Feature","id":"way/1207742839-0","properties":{"building":"roof","layer":"1"},"geometry":{"type":"Polygon","coordinates":[[[103.7805469,1.2966365],[103.7805189,1.2966233],[103.7804967,1.2966663],[103.7805074,1.2966713],[103.7805248,1.2966794],[103.7805469,1.2966365]]]}},{"type":"Feature","id":"way/1315974376-0","properties":{"building":"roof","layer":"1"},"geometry":{"type":"Polygon","coordinates":[[[103.7823396,1.2929236],[103.7823418,1.2931537],[103.7824244,1.2931534],[103.782426,1.2928967],[103.7823396,1.2929236]]]}},{"type":"Feature","id":"way/1317379891-0","properties":{"amenity":"parking","building":"yes","parking":"multi-storey"},"geometry":{"type":"Polygon","coordinates":[[[103.7817036,1.2947462],[103.7817925,1.2947423],[103.781772,1.2939283],[103.7815523,1.2939338],[103.7815557,1.2944813],[103.7816358,1.2947492],[103.7817036,1.2947462]]]}},{"type":"Feature","id":"way/1552906210-0","properties":{"building:levels":"9","building:part":"yes"},"geometry":{"type":"Polygon","coordinates":[[[103.7805248,1.2966794],[103.7805074,1.2966713],[103.7804967,1.2966663],[103.7804488,1.2966439],[103.7804305,1.2966348],[103.7802404,1.2965453],[103.7802176,1.2965938],[103.7800989,1.2968465],[103.7800591,1.2969313],[103.7802178,1.2970058],[103.7802576,1.2969212],[103.780265,1.2969054],[103.7803224,1.296788],[103.7803988,1.2967598],[103.7804527,1.2967853],[103.7805175,1.2968159],[103.7805951,1.2968523],[103.7806513,1.2968787],[103.7806894,1.2968966],[103.7807434,1.2967816],[103.7805248,1.2966794]]]}},{"type":"Feature","id":"way/34879186-0-0-0","properties":{"destination":"North Buona Vista Road;South Buona Vista Road","highway":"motorway_link","lanes":"1","maxheight":"4.5","maxspeed":"50","oneway":"yes","surface":"asphalt"},"geometry":{"type":"LineString","coordinates":[[103.7835041,1.297224],[103.7836355,1.2971897]]}},{"type":"Feature","id":"way/40840226-0-0-0","properties":{"highway":"residential","lanes":"2","lanes:backward":"1","lanes:forward":"1","lit":"yes","maxspeed":"40","name":"Kent Ridge Road","name:ta":"\u0b95\u0bc6\u0ba3\u0bcd\u0b9f\u0bcd \u0bb0\u0bbf\u0b9c\u0bcd \u0bb0\u0bcb\u0b9f\u0bc1","name:zh":"\u80af\u7279\u5c97\u8def","surface":"asphalt"},"geometry":{"type":"LineString","coordinates":[[103.7797093,1.2947499],[103.7798142,1.2947159]]}},{"type":"Feature","id":"way/40840226-0-1-0","properties":{"highway":"residential","lanes":"2","lanes:backward":"1","lanes:forward":"1","lit":"yes","maxspeed":"40","name":"Kent Ridge Road","name:ta":"\u0b95\u0bc6\u0ba3\u0bcd\u0b9f\u0bcd \u0bb0\u0bbf\u0b9c\u0bcd \u0bb0\u0bcb\u0b9f\u0bc1","name:zh":"\u80af\u7279\u5c97\u8def","surface":"asphalt"},"geometry":{"type":"LineString","coordinates":[[103.7798142,1.2947159],[103.7799066,1.2946721]]}},{"type":"Feature","id":"way/40840226-0-2-0","properties":{"highway":"residential","lanes":"2","lanes:backward":"1","lanes:forward":"1","lit":"yes","maxspeed":"40","name":"Kent Ridge Road","name:ta":"\u0b95\u0bc6\u0ba3\u0bcd\u0b9f\u0bcd \u0bb0\u0bbf\u0b9c\u0bcd \u0bb0\u0bcb\u0b9f\u0bc1","name:zh":"\u80af\u7279\u5c97\u8def","surface":"asphalt"},"geometry":{"type":"LineString","coordinates":[[103.7799066,1.2946721],[103.7799608,1.2946323]]}},{"type":"Feature","id":"way/40840226-0-3-0","properties":{"highway":"residential","lanes":"2","lanes:backward":"1","lanes:forward":"1","lit":"yes","maxspeed":"40","name":"Kent Ridge Road","name:ta":"\u0b95\u0bc6\u0ba3\u0bcd\u0b9f\u0bcd \u0bb0\u0bbf\u0b9c\u0bcd \u0bb0\u0bcb\u0b9f\u0bc1","name:zh":"\u80af\u7279\u5c97\u8def","surface":"asphalt"},"geometry":{"type":"LineString","coordinates":[[103.7799608,1.2946323],[103.7800058,1.2945913]]}},{"type":"Feature","id":"way/40840226-0-4-0","properties":{"highway":"residential","lanes":"2","lanes:backward":"1","lanes:forward":"1","lit":"yes","maxspeed":"40","name":"Kent Ridge Road","name:ta":"\u0b95\u0bc6\u0ba3\u0bcd\u0b9f\u0bcd \u0bb0\u0bbf\u0b9c\u0bcd \u0bb0\u0bcb\u0b9f\u0bc1","name:zh":"\u80af\u7279\u5c97\u8def","surface":"asphalt"},"geometry":{"type":"LineString","coordinates":[[103.7800058,1.2945913],[103.7800978,1.2944799]]}},{"type":"Feature","id":"way/40840226-0-5-0","properties":{"highway":"residential","lanes":"2","lanes:backward":"1","lanes:forward":"1","lit":"yes","maxspeed":"40","name":"Kent Ridge Road","name:ta":"\u0b95\u0bc6\u0ba3\u0bcd\u0b9f\u0bcd \u0bb0\u0bbf\u0b9c\u0bcd \u0bb0\u0bcb\u0b9f\u0bc1","name:zh":"\u80af\u7279\u5c97\u8def","surface":"asphalt"},"geometry":{"type":"LineString","coordinates":[[103.7800978,1.2944799],[103.7803652,1.2941452]]}},{"type":"Feature","id":"way/40840226-0-6-0","properties":{"highway":"residential","lanes":"2","lanes:backward":"1","lanes:forward":"1","lit":"yes","maxspeed":"40","name":"Kent Ridge Road","name:ta":"\u0b95\u0bc6\u0ba3\u0bcd\u0b9f\u0bcd \u0bb0\u0bbf\u0b9c\u0bcd \u0bb0\u0bcb\u0b9f\u0bc1","name:zh":"\u80af\u7279\u5c97\u8def","surface":"asphalt"},"geometry":{"type":"LineString","coordinates":[[103.7803652,1.2941452],[103.7805,1.2940021]]}},{"type":"Feature","id":"way/40840226-0-7-0","properties":{"highway":"residential","lanes":"2","lanes:backward":"1","lanes:forward":"1","lit":"yes","maxspeed":"40","name":"Kent Ridge Road","name:ta":"\u0b95\u0bc6\u0ba3\u0bcd\u0b9f\u0bcd \u0bb0\u0bbf\u0b9c\u0bcd \u0bb0\u0bcb\u0b9f\u0bc1","name:zh":"\u80af\u7279\u5c97\u8def","surface":"asphalt"},"geometry":{"type":"LineString","coordinates":[[103.7805,1.2940021],[103.7806185,1.293892]]}},{"type":"Feature","id":"way/40840226-0-8-0","properties":{"highway":"residential","lanes":"2","lanes:backward":"1","lanes:forward":"1","lit":"yes","maxspeed":"40","name":"Kent Ridge Road","name:ta":"\u0b95\u0bc6\u0ba3\u0bcd\u0b9f\u0bcd \u0bb0\u0bbf\u0b9c\u0bcd \u0bb0\u0bcb\u0b9f\u0bc1","name:zh":"\u80af\u7279\u5c97\u8def","surface":"asphalt"},"geometry":{"type":"LineString","coordinates":[[103.7806185,1.293892],[103.7807774,1.2937728]]}},{"type":"Feature","id":"way/40840226-0-9-0","properties":{"highway":"residential","lanes":"2","lanes:backward":"1","lanes:forward":"1","lit":"yes","maxspeed":"40","name":"Kent Ridge Road","name:ta":"\u0b95\u0bc6\u0ba3\u0bcd\u0b9f\u0bcd \u0bb0\u0bbf\u0b9c\u0bcd \u0bb0\u0bcb\u0b9f\u0bc1","name:zh":"\u80af\u7279\u5c97\u8def","surface":"asphalt"},"geometry":{"type":"LineString","coordinates":[[103.7807774,1.2937728],[103.7809262,1.2936545]]}},{"type":"Feature","id":"way/40840226-0-10-0","properties":{"highway":"residential","lanes":"2","lanes:backward":"1","lanes:forward":"1","lit":"yes","maxspeed":"40","name":"Kent Ridge Road","name:ta":"\u0b95\u0bc6\u0ba3\u0bcd\u0b9f\u0bcd \u0bb0\u0bbf\u0b9c\u0bcd \u0bb0\u0bcb\u0b9f\u0bc1","name:zh":"\u80af\u7279\u5c97\u8def","surface":"asphalt"},"geometry":{"type":"LineString","coordinates":[[103.7809262,1.2936545],[103.7809843,1.2935927]]}},{"type":"Feature","id":"way/40840226-0-11-0","properties":{"highway":"residential","lanes":"2","lanes:backward":"1","lanes:forward":"1","lit":"yes","maxspeed":"40","name":"Kent Ridge Road","name:ta":"\u0b95\u0bc6\u0ba3\u0bcd\u0b9f\u0bcd \u0bb0\u0bbf\u0b9c\u0bcd \u0bb0\u0bcb\u0b9f\u0bc1","name:zh":"\u80af\u7279\u5c97\u8def","surface":"asphalt"},"geometry":{"type":"LineString","coordinates":[[103.7809843,1.2935927],[103.781036,1.2935302]]}},{"type":"Feature","id":"way/40840226-0-12-0","properties":{"highway":"residential","lanes":"2","lanes:backward":"1","lanes:forward":"1","lit":"yes","maxspeed":"40","name":"Kent Ridge Road","name:ta":"\u0b95\u0bc6\u0ba3\u0bcd\u0b9f\u0bcd \u0bb0\u0bbf\u0b9c\u0bcd \u0bb0\u0bcb\u0b9f\u0bc1","name:zh":"\u80af\u7279\u5c97\u8def","surface":"asphalt"},"geometry":{"type":"LineString","coordinates":[[103.781036,1.2935302],[103.7810766,1.2934599]]}},{"type":"Feature","id":"way/40840226-0-13-0","properties":{"highway":"residential","lanes":"2","lanes:backward":"1","lanes:forward":"1","lit":"yes","maxspeed":"40","name":"Kent Ridge Road","name:ta":"\u0b95\u0bc6\u0ba3\u0bcd\u0b9f\u0bcd \u0bb0\u0bbf\u0b9c\u0bcd \u0bb0\u0bcb\u0b9f\u0bc1","name:zh":"\u80af\u7279\u5c97\u8def","surface":"asphalt"},"geometry":{"type":"LineString","coordinates":[[103.7810766,1.2934599],[103.7811002,1.2934025]]}},{"type":"Feature","id":"way/40840226-0-14-0","properties":{"highway":"residential","lanes":"2","lanes:backward":"1","lanes:forward":"1","lit":"yes","maxspeed":"40","name":"Kent Ridge Road","name:ta":"\u0b95\u0bc6\u0ba3\u0bcd\u0b9f\u0bcd \u0bb0\u0bbf\u0b9c\u0bcd \u0bb0\u0bcb\u0b9f\u0bc1","name:zh":"\u80af\u7279\u5c97\u8def","surface":"asphalt"},"geometry":{"type":"LineString","coordinates":[[103.7811002,1.2934025],[103.7811118,1.2933744]]}},{"type":"Feature","id":"way/40840226-0-15-0","properties":{"highway":"residential","lanes":"2","lanes:backward":"1","lanes:forward":"1","lit":"yes","maxspeed":"40","name":"Kent Ridge Road","name:ta":"\u0b95\u0bc6\u0ba3\u0bcd\u0b9f\u0bcd \u0bb0\u0bbf\u0b9c\u0bcd \u0bb0\u0bcb\u0b9f\u0bc1","name:zh":"\u80af\u7279\u5c97\u8def","surface":"asphalt"},"geometry":{"type":"LineString","coordinates":[[103.7811118,1.2933744],[103.781163,1.2932306]]}},{"type":"Feature","id":"way/46648082-0-0-0","properties":{"highway":"service","lanes":"2","lanes:backward":"1","lanes:forward":"1","surface":"asphalt"},"geometry":{"type":"LineString","coordinates":[[103.7813302,1.2968502],[103.7813761,1.2969761]]}},{"type":"Feature","id":"way/46648082-0-1-0","properties":{"highway":"service","lanes":"2","lanes:backward":"1","lanes:forward":"1","surface":"asphalt"},"geometry":{"type":"LineString","coordinates":[[103.7813761,1.2969761],[103.7813913,1.297019]]}},{"type":"Feature","id":"way/46648084-0-0-0","properties":{"highway":"residential","junction":"roundabout","lanes":"1","maxspeed":"50","name":"Lower Kent Ridge Road","name:ta":"\u0b95\u0bc0\u0bb4\u0bcd \u0b95\u0bc6\u0ba3\u0bcd\u0b9f\u0bcd \u0bb0\u0bbf\u0b9c\u0bcd \u0bb0\u0bcb\u0b9f\u0bc1","name:zh":"\u80af\u7279\u5c97\u8def\u4e0b\u6bb5","note:ta":"check name","surface":"asphalt"},"geometry":{"type":"LineString","coordinates":[[103.7828898,1.2967866],[103.7828785,1.2968097]]}},{"type":"Feature","id":"way/46648084-0-1-0","properties":{"highway":"residential","junction":"roundabout","lanes":"1","maxspeed":"50","name":"Lower Kent Ridge Road","name:ta":"\u0b95\u0bc0\u0bb4\u0bcd \u0b95\u0bc6\u0ba3\u0bcd\u0b9f\u0bcd \u0bb0\u0bbf\u0b9c\u0bcd \u0bb0\u0bcb\u0b9f\u0bc1","name:zh":"\u80af\u7279\u5c97\u8def\u4e0b\u6bb5","note:ta":"check name","surface":"asphalt"},"geometry":{"type":"LineString","coordinates":[[103.7828785,1.2968097],[103.7828721,1.2968448]]}},{"type":"Feature","id":"way/46648084-0-2-0","properties":{"highway":"residential","junction":"roundabout","lanes":"1","maxspeed":"50","name":"Lower Kent Ridge Road","name:ta":"\u0b95\u0bc0\u0bb4\u0bcd \u0b95\u0bc6\u0ba3\u0bcd\u0b9f\u0bcd \u0bb0\u0bbf\u0b9c\u0bcd \u0bb0\u0bcb\u0b9f\u0bc1","name:zh":"\u80af\u7279\u5c97\u8def\u4e0b\u6bb5","note:ta":"check name","surface":"asphalt"},"geometry":{"type":"LineString","coordinates":[[103.7828721,1.2968448],[103.7828801,1.2968767]]}},{"type":"Feature","id":"way/46648084-0-3-0","properties":{"highway":"residential","junction":"roundabout","lanes":"1","maxspeed":"50","name":"Lower Kent Ridge Road","name:ta":"\u0b95\u0bc0\u0bb4\u0bcd \u0b95\u0bc6\u0ba3\u0bcd\u0b9f\u0bcd \u0bb0\u0bbf\u0b9c\u0bcd \u0bb0\u0bcb\u0b9f\u0bc1","name:zh":"\u80af\u7279\u5c97\u8def\u4e0b\u6bb5","note:ta":"check name","surface":"asphalt"},"geometry":{"type":"LineString","coordinates":[[103.7828801,1.2968767],[103.7829039,1.2969082]]}},{"type":"Feature","id":"way/46648084-0-4-0","properties":{"highway":"residential","junction":"roundabout","lanes":"1","maxspeed":"50","name":"Lower Kent Ridge Road","name:ta":"\u0b95\u0bc0\u0bb4\u0bcd \u0b95\u0bc6\u0ba3\u0bcd\u0b9f\u0bcd \u0bb0\u0bbf\u0b9c\u0bcd \u0bb0\u0bcb\u0b9f\u0bc1","name:zh":"\u80af\u7279\u5c97\u8def\u4e0b\u6bb5","note:ta":"check name","surface":"asphalt"},"geometry":{"type":"LineString","coordinates":[[103.7829039,1.2969082],[103.7829297,1.2969238]]}},{"type":"Feature","id":"way/46648190-0-0-0","properties":{"highway":"residential","lanes":"1","maxspeed":"40","name":"Lower Kent Ridge Road","name:ta":"\u0b95\u0bc0\u0bb4\u0bcd \u0b95\u0bc6\u0ba3\u0bcd\u0b9f\u0bcd \u0bb0\u0bbf\u0b9c\u0bcd \u0bb0\u0bcb\u0b9f\u0bc1","name:zh":"\u80af\u7279\u5c97\u8def\u4e0b\u6bb5","note:ta":"check name","oneway":"yes","sidewalk":"left","surface":"asphalt"},"geometry":{"type":"LineString","coordinates":[[103.7827122,1.2969775],[103.7827536,1.2969747]]}},{"type":"Feature","id":"way/46648190-0-1-0","properties":{"highway":"residential","lanes":"1","maxspeed":"40","name":"Lower Kent Ridge Road","name:ta":"\u0b95\u0bc0\u0bb4\u0bcd \u0b95\u0bc6\u0ba3\u0bcd\u0b9f\u0bcd \u0bb0\u0bbf\u0b9c\u0bcd \u0bb0\u0bcb\u0b9f\u0bc1","name:zh":"\u80af\u7279\u5c97\u8def\u4e0b\u6bb5","note:ta":"check name","oneway":"yes","sidewalk":"left","surface":"asphalt"},"geometry":{"type":"LineString","coordinates":[[103.7827536,1.2969747],[103.7828583,1.2969572]]}},{"type":"Feature","id":"way/46648190-0-2-0","properties":{"highway":"residential","lanes":"1","maxspeed":"40","name":"Lower Kent Ridge Road","name:ta":"\u0b95\u0bc0\u0bb4\u0bcd \u0b95\u0bc6\u0ba3\u0bcd\u0b9f\u0bcd \u0bb0\u0bbf\u0b9c\u0bcd \u0bb0\u0bcb\u0b9f\u0bc1","name:zh":"\u80af\u7279\u5c97\u8def\u4e0b\u6bb5","note:ta":"check name","oneway":"yes","sidewalk":"left","surface":"asphalt"},"geometry":{"type":"LineString","coordinates":[[103.7828583,1.2969572],[103.7829297,1.2969238]]}},{"type":"Feature","id":"way/46648191-0-0-0","properties":{"highway":"residential","lanes":"1","maxspeed":"40","name":"Lower Kent Ridge Road","name:ta":"\u0b95\u0bc0\u0bb4\u0bcd \u0b95\u0bc6\u0ba3\u0bcd\u0b9f\u0bcd \u0bb0\u0bbf\u0b9c\u0bcd \u0bb0\u0bcb\u0b9f\u0bc1","name:zh":"\u80af\u7279\u5c97\u8def\u4e0b\u6bb5","note:ta":"check name","oneway":"yes","surface":"asphalt","turn:lanes":"through"},"geometry":{"type":"LineString","coordinates":[[103.7828898,1.2967866],[103.7827126,1.2968977]]}},{"type":"Feature","id":"way/46648191-0-1-0","properties":{"highway":"residential","lanes":"1","maxspeed":"40","name":"Lower Kent Ridge Road","name:ta":"\u0b95\u0bc0\u0bb4\u0bcd \u0b95\u0bc6\u0ba3\u0bcd\u0b9f\u0bcd \u0bb0\u0bbf\u0b9c\u0bcd \u0bb0\u0bcb\u0b9f\u0bc1","name:zh":"\u80af\u7279\u5c97\u8def\u4e0b\u6bb5","note:ta":"check name","oneway":"yes","surface":"asphalt","turn:lanes":"through"},"geometry":{"type":"LineString","coordinates":[[103.7827126,1.2968977],[103.7826751,1.2969073]]}},{"type":"Feature","id":"way/46648192-0-0-0","properties":{"highway":"service","lanes":"2","lanes:backward":"1","lanes:forward":"1","service":"parking_aisle","surface":"asphalt"},"geometry":{"type":"LineString","coordinates":[[103.7819302,1.2975076],[103.7821912,1.2973343]]}},{"type":"Feature","id":"way/46648192-0-1-0","properties":{"highway":"service","lanes":"2","lanes:backward":"1","lanes:forward":"1","service":"parking_aisle","surface":"asphalt"},"geometry":{"type":"LineString","coordinates":[[103.7821912,1.2973343],[103.7823317,1.2972557]]}},{"type":"Feature","id":"way/75044392-0-0-0","properties":{"highway":"motorway","lanes":"4","maxspeed":"90","name":"Ayer Rajah Expressway","name:ms":"Lebuhraya Ayer Rajah","name:ta":"\u0b86\u0baf\u0bb0\u0bcd \u0bb0\u0bbe\u0b9c\u0bbe \u0bb5\u0bbf\u0bb0\u0bb5\u0bc1\u0b9a\u0bcd\u0b9a\u0bbe\u0bb2\u0bc8","name:zh":"\u4e9a\u9038\u62c9\u60f9\u9ad8\u901f\u516c\u8def","oneway":"yes","ref":"AYE","surface":"asphalt","wikidata":"Q2657325","wikipedia":"en:Ayer Rajah Expressway"},"geometry":{"type":"LineString","coordinates":[[103.7835041,1.297224],[103.7835726,1.2971602]]}},{"type":"Feature","id":"way/109013189-0-0-0","properties":{"highway":"service","junction":"roundabout","lanes":"1","surface":"asphalt"},"geometry":{"type":"LineString","coordinates":[[103.7823028,1.2953721],[103.7823242,1.2953915]]}},{"type":"Feature","id":"way/109013189-0-1-0","properties":{"highway":"service","junction":"roundabout","lanes":"1","surface":"asphalt"},"geometry":{"type":"LineString","coordinates":[[103.7823242,1.2953915],[103.7823512,1.2954019]]}},{"type":"Feature","id":"way/109013189-0-2-0","properties":{"highway":"service","junction":"roundabout","lanes":"1","surface":"asphalt"},"geometry":{"type":"LineString","coordinates":[[103.7823512,1.2954019],[103.7823802,1.2954018]]}},{"type":"Feature","id":"way/109013189-0-3-0","properties":{"highway":"service","junction":"roundabout","lanes":"1","surface":"asphalt"},"geometry":{"type":"LineString","coordinates":[[103.7823802,1.2954018],[103.7824072,1.2953912]]}},{"type":"Feature","id":"way/109013189-0-4-0","properties":{"highway":"service","junction":"roundabout","lanes":"1","surface":"asphalt"},"geometry":{"type":"LineString","coordinates":[[103.7824072,1.2953912],[103.7824285,1.2953716]]}},{"type":"Feature","id":"way/109013189-0-5-0","properties":{"highway":"service","junction":"roundabout","lanes":"1","surface":"asphalt"},"geometry":{"type":"LineString","coordinates":[[103.7824285,1.2953716],[103.7824413,1.2953456]]}},{"type":"Feature","id":"way/109013189-0-6-0","properties":{"highway":"service","junction":"roundabout","lanes":"1","surface":"asphalt"},"geometry":{"type":"LineString","coordinates":[[103.7824413,1.2953456],[103.7824438,1.2953168]]}},{"type":"Feature","id":"way/109013189-0-7-0","properties":{"highway":"service","junction":"roundabout","lanes":"1","surface":"asphalt"},"geometry":{"type":"LineString","coordinates":[[103.7824438,1.2953168],[103.7824375,1.2952928]]}},{"type":"Feature","id":"way/109013189-0-8-0","properties":{"highway":"service","junction":"roundabout","lanes":"1","surface":"asphalt"},"geometry":{"type":"LineString","coordinates":[[103.7824375,1.2952928],[103.7824241,1.295272]]}},{"type":"Feature","id":"way/109013189-0-9-0","properties":{"highway":"service","junction":"roundabout","lanes":"1","surface":"asphalt"},"geometry":{"type":"LineString","coordinates":[[103.7824241,1.295272],[103.7824049,1.2952564]]}},{"type":"Feature","id":"way/109013189-0-10-0","properties":{"highway":"service","junction":"roundabout","lanes":"1","surface":"asphalt"},"geometry":{"type":"LineString","coordinates":[[103.7824049,1.2952564],[103.7823817,1.2952475]]}},{"type":"Feature","id":"way/109013189-0-11-0","properties":{"highway":"service","junction":"roundabout","lanes":"1","surface":"asphalt"},"geometry":{"type":"LineString","coordinates":[[103.7823817,1.2952475],[103.782357,1.2952463]]}},{"type":"Feature","id":"way/109013189-0-12-0","properties":{"highway":"service","junction":"roundabout","lanes":"1","surface":"asphalt"},"geometry":{"type":"LineString","coordinates":[[103.782357,1.2952463],[103.7823331,1.2952528]]}},{"type":"Feature","id":"way/109013189-0-13-0","properties":{"highway":"service","junction":"roundabout","lanes":"1","surface":"asphalt"},"geometry":{"type":"LineString","coordinates":[[103.7823331,1.2952528],[103.7823124,1.2952664]]}},{"type":"Feature","id":"way/109044019-0-0-0","properties":{"highway":"service","lanes":"2","oneway":"yes","surface":"asphalt"},"geometry":{"type":"LineString","coordinates":[[103.7833839,1.2953247],[103.7829865,1.2953182]]}},{"type":"Feature","id":"way/109044019-0-1-0","properties":{"highway":"service","lanes":"2","oneway":"yes","surface":"asphalt"},"geometry":{"type":"LineString","coordinates":[[103.7829865,1.2953182],[103.7825991,1.2953159]]}},{"type":"Feature","id":"way/109044020-0-0-0","properties":{"highway":"service","lanes":"2","lanes:backward":"1","lanes:forward":"1","name":"Medical Drive","name:en":"Medical Drive","name:zh":"\u533b\u5b66\u901a\u9053","sidewalk":"right","surface":"asphalt"},"geometry":{"type":"LineString","coordinates":[[103.782188,1.2964398],[103.7822008,1.2963651]]}},{"type":"Feature","id":"way/109044020-0-1-0","properties":{"highway":"service","lanes":"2","lanes:backward":"1","lanes:forward":"1","name":"Medical Drive","name:en":"Medical Drive","name:zh":"\u533b\u5b66\u901a\u9053","sidewalk":"right","surface":"asphalt"},"geometry":{"type":"LineString","coordinates":[[103.7822008,1.2963651],[103.7821929,1.296309]]}},{"type":"Feature","id":"way/109044020-0-2-0","properties":{"highway":"service","lanes":"2","lanes:backward":"1","lanes:forward":"1","name":"Medical Drive","name:en":"Medical Drive","name:zh":"\u533b\u5b66\u901a\u9053","sidewalk":"right","surface":"asphalt"},"geometry":{"type":"LineString","coordinates":[[103.7821929,1.296309],[103.7821776,1.2962413]]}},{"type":"Feature","id":"way/109044020-0-3-0","properties":{"highway":"service","lanes":"2","lanes:backward":"1","lanes:forward":"1","name":"Medical Drive","name:en":"Medical Drive","name:zh":"\u533b\u5b66\u901a\u9053","sidewalk":"right","surface":"asphalt"},"geometry":{"type":"LineString","coordinates":[[103.7821776,1.2962413],[103.782161,1.2961448]]}},{"type":"Feature","id":"way/109044020-0-4-0","properties":{"highway":"service","lanes":"2","lanes:backward":"1","lanes:forward":"1","name":"Medical Drive","name:en":"Medical Drive","name:zh":"\u533b\u5b66\u901a\u9053","sidewalk":"right","surface":"asphalt"},"geometry":{"type":"LineString","coordinates":[[103.782161,1.2961448],[103.7821564,1.2960604]]}},{"type":"Feature","id":"way/109044020-0-5-0","properties":{"highway":"service","lanes":"2","lanes:backward":"1","lanes:forward":"1","name":"Medical Drive","name:en":"Medical Drive","name:zh":"\u533b\u5b66\u901a\u9053","sidewalk":"right","surface":"asphalt"},"geometry":{"type":"LineString","coordinates":[[103.7821564,1.2960604],[103.7821583,1.2959598]]}},{"type":"Feature","id":"way/109044020-0-6-0","properties":{"highway":"service","lanes":"2","lanes:backward":"1","lanes:forward":"1","name":"Medical Drive","name:en":"Medical Drive","name:zh":"\u533b\u5b66\u901a\u9053","sidewalk":"right","surface":"asphalt"},"geometry":{"type":"LineString","coordinates":[[103.7821583,1.2959598],[103.7821502,1.2958606]]}},{"type":"Feature","id":"way/109044020-0-7-0","properties":{"highway":"service","lanes":"2","lanes:backward":"1","lanes:forward":"1","name":"Medical Drive","name:en":"Medical Drive","name:zh":"\u533b\u5b66\u901a\u9053","sidewalk":"right","surface":"asphalt"},"geometry":{"type":"LineString","coordinates":[[103.7821502,1.2958606],[103.7821288,1.2957587]]}},{"type":"Feature","id":"way/109044020-0-8-0","properties":{"highway":"service","lanes":"2","lanes:backward":"1","lanes:forward":"1","name":"Medical Drive","name:en":"Medical Drive","name:zh":"\u533b\u5b66\u901a\u9053","sidewalk":"right","surface":"asphalt"},"geometry":{"type":"LineString","coordinates":[[103.7821288,1.2957587],[103.7821232,1.2956988]]}},{"type":"Feature","id":"way/109044020-0-9-0","properties":{"highway":"service","lanes":"2","lanes:backward":"1","lanes:forward":"1","name":"Medical Drive","name:en":"Medical Drive","name:zh":"\u533b\u5b66\u901a\u9053","sidewalk":"right","surface":"asphalt"},"geometry":{"type":"LineString","coordinates":[[103.7821232,1.2956988],[103.7821212,1.2956778]]}},{"type":"Feature","id":"way/109044021-0-0-0","properties":{"highway":"residential","lanes":"2","maxspeed":"50","name":"Lower Kent Ridge Road","name:ta":"\u0b95\u0bc0\u0bb4\u0bcd \u0b95\u0bc6\u0ba3\u0bcd\u0b9f\u0bcd \u0bb0\u0bbf\u0b9c\u0bcd \u0bb0\u0bcb\u0b9f\u0bc1","name:zh":"\u80af\u7279\u5c97\u8def\u4e0b\u6bb5","note:ta":"check name","oneway":"yes","sidewalk":"left","surface":"asphalt"},"geometry":{"type":"LineString","coordinates":[[103.7830548,1.2968317],[103.7832335,1.296673]]}},{"type":"Feature","id":"way/109044021-0-1-0","properties":{"highway":"residential","lanes":"2","maxspeed":"50","name":"Lower Kent Ridge Road","name:ta":"\u0b95\u0bc0\u0bb4\u0bcd \u0b95\u0bc6\u0ba3\u0bcd\u0b9f\u0bcd \u0bb0\u0bbf\u0b9c\u0bcd \u0bb0\u0bcb\u0b9f\u0bc1","name:zh":"\u80af\u7279\u5c97\u8def\u4e0b\u6bb5","note:ta":"check name","oneway":"yes","sidewalk":"left","surface":"asphalt"},"geometry":{"type":"LineString","coordinates":[[103.7832335,1.296673],[103.7833574,1.2965731]]}},{"type":"Feature","id":"way/109044021-0-2-0","properties":{"highway":"residential","lanes":"2","maxspeed":"50","name":"Lower Kent Ridge Road","name:ta":"\u0b95\u0bc0\u0bb4\u0bcd \u0b95\u0bc6\u0ba3\u0bcd\u0b9f\u0bcd \u0bb0\u0bbf\u0b9c\u0bcd \u0bb0\u0bcb\u0b9f\u0bc1","name:zh":"\u80af\u7279\u5c97\u8def\u4e0b\u6bb5","note:ta":"check name","oneway":"yes","sidewalk":"left","surface":"asphalt"},"geometry":{"type":"LineString","coordinates":[[103.7833574,1.2965731],[103.7834744,1.2964668]]}},{"type":"Feature","id":"way/109044021-0-3-0","properties":{"highway":"residential","lanes":"2","maxspeed":"50","name":"Lower Kent Ridge Road","name:ta":"\u0b95\u0bc0\u0bb4\u0bcd \u0b95\u0bc6\u0ba3\u0bcd\u0b9f\u0bcd \u0bb0\u0bbf\u0b9c\u0bcd \u0bb0\u0bcb\u0b9f\u0bc1","name:zh":"\u80af\u7279\u5c97\u8def\u4e0b\u6bb5","note:ta":"check name","oneway":"yes","sidewalk":"left","surface":"asphalt"},"geometry":{"type":"LineString","coordinates":[[103.7834744,1.2964668],[103.7835733,1.2963631]]}},{"type":"Feature","id":"way/109044021-0-4-0","properties":{"highway":"residential","lanes":"2","maxspeed":"50","name":"Lower Kent Ridge Road","name:ta":"\u0b95\u0bc0\u0bb4\u0bcd \u0b95\u0bc6\u0ba3\u0bcd\u0b9f\u0bcd \u0bb0\u0bbf\u0b9c\u0bcd \u0bb0\u0bcb\u0b9f\u0bc1","name:zh":"\u80af\u7279\u5c97\u8def\u4e0b\u6bb5","note:ta":"check name","oneway":"yes","sidewalk":"left","surface":"asphalt"},"geometry":{"type":"LineString","coordinates":[[103.7835733,1.2963631],[103.7836174,1.2963174]]}},{"type":"Feature","id":"way/109044022-0-0-0","properties":{"highway":"service","name":"Medical Drive","name:en":"Medical Drive","name:zh":"\u533b\u5b66\u901a\u9053","sidewalk":"right","surface":"asphalt"},"geometry":{"type":"LineString","coordinates":[[103.7815048,1.294604],[103.7814813,1.2945584]]}},{"type":"Feature","id":"way/109044469-0-8-0","properties":{"highway":"service","lanes":"1","oneway":"yes","service":"parking_aisle","surface":"asphalt","turn:lanes":"through"},"geometry":{"type":"LineString","coordinates":[[103.7836102,1.2938875],[103.7833506,1.2938937]]}},{"type":"Feature","id":"way/121762755-0-0-0","properties":{"covered":"yes","highway":"service","lanes":"1","oneway":"yes","surface":"asphalt"},"geometry":{"type":"LineString","coordinates":[[103.7834276,1.2954601],[103.7834404,1.2954652]]}},{"type":"Feature","id":"way/121762755-0-1-0","properties":{"covered":"yes","highway":"service","lanes":"1","oneway":"yes","surface":"asphalt"},"geometry":{"type":"LineString","coordinates":[[103.7834404,1.2954652],[103.7835458,1.2954646]]}},{"type":"Feature","id":"way/121762755-0-2-0","properties":{"covered":"yes","highway":"service","lanes":"1","oneway":"yes","surface":"asphalt"},"geometry":{"type":"LineString","coordinates":[[103.7835458,1.2954646],[103.7836429,1.295464]]}},{"type":"Feature","id":"way/121762757-0-1-0","properties":{"highway":"service","lanes":"2","lanes:backward":"1","lanes:forward":"1","oneway":"yes","service":"parking_aisle","surface":"asphalt","turn:lanes:backward":"left","turn:lanes:forward":"left;through;right"},"geometry":{"type":"LineString","coordinates":[[103.7815707,1.2974889],[103.7815597,1.2974552]]}},{"type":"Feature","id":"way/121762757-0-2-0","properties":{"highway":"service","lanes":"2","lanes:backward":"1","lanes:forward":"1","oneway":"yes","service":"parking_aisle","surface":"asphalt","turn:lanes:backward":"left","turn:lanes:forward":"left;through;right"},"geometry":{"type":"LineString","coordinates":[[103.7815597,1.2974552],[103.7815485,1.2974397]]}},{"type":"Feature","id":"way/121762759-0-0-0","properties":{"highway":"service","lanes":"2","lanes:backward":"1","lanes:forward":"1","service":"parking_aisle","surface":"asphalt","turn:lanes:backward":"through","turn:lanes:forward":"left"},"geometry":{"type":"LineString","coordinates":[[103.7830203,1.2954515],[103.7828762,1.2954538]]}},{"type":"Feature","id":"way/121762759-0-1-0","properties":{"highway":"service","lanes":"2","lanes:backward":"1","lanes:forward":"1","service":"parking_aisle","surface":"asphalt","turn:lanes:backward":"through","turn:lanes:forward":"left"},"geometry":{"type":"LineString","coordinates":[[103.7828762,1.2954538],[103.7825913,1.2954693]]}},{"type":"Feature","id":"way/121762759-0-2-0","properties":{"highway":"service","lanes":"2","lanes:backward":"1","lanes:forward":"1","service":"parking_aisle","surface":"asphalt","turn:lanes:backward":"through","turn:lanes:forward":"left"},"geometry":{"type":"LineString","coordinates":[[103.7825913,1.2954693],[103.7825273,1.2954759]]}},{"type":"Feature","id":"way/121762759-0-3-0","properties":{"highway":"service","lanes":"2","lanes:backward":"1","lanes:forward":"1","service":"parking_aisle","surface":"asphalt","turn:lanes:backward":"through","turn:lanes:forward":"left"},"geometry":{"type":"LineString","coordinates":[[103.7825273,1.2954759],[103.7824613,1.2955014]]}},{"type":"Feature","id":"way/121762759-0-4-0","properties":{"highway":"service","lanes":"2","lanes:backward":"1","lanes:forward":"1","service":"parking_aisle","surface":"asphalt","turn:lanes:backward":"through","turn:lanes:forward":"left"},"geometry":{"type":"LineString","coordinates":[[103.7824613,1.2955014],[103.7824054,1.2955298]]}},{"type":"Feature","id":"way/121762759-0-5-0","properties":{"highway":"service","lanes":"2","lanes:backward":"1","lanes:forward":"1","service":"parking_aisle","surface":"asphalt","turn:lanes:backward":"through","turn:lanes:forward":"left"},"geometry":{"type":"LineString","coordinates":[[103.7824054,1.2955298],[103.7823265,1.2955988]]}},{"type":"Feature","id":"way/121762763-0-0-0","properties":{"highway":"service","lanes":"2","lanes:backward":"1","lanes:forward":"1","service":"parking_aisle","surface":"asphalt"},"geometry":{"type":"LineString","coordinates":[[103.7824165,1.2968532],[103.7824091,1.2967909]]}},{"type":"Feature","id":"way/121762763-0-1-0","properties":{"highway":"service","lanes":"2","lanes:backward":"1","lanes:forward":"1","service":"parking_aisle","surface":"asphalt"},"geometry":{"type":"LineString","coordinates":[[103.7824091,1.2967909],[103.7823878,1.296697]]}},{"type":"Feature","id":"way/121762763-0-2-0","properties":{"highway":"service","lanes":"2","lanes:backward":"1","lanes:forward":"1","service":"parking_aisle","surface":"asphalt"},"geometry":{"type":"LineString","coordinates":[[103.7823878,1.296697],[103.7823573,1.2965827]]}},{"type":"Feature","id":"way/121762763-0-3-0","properties":{"highway":"service","lanes":"2","lanes:backward":"1","lanes:forward":"1","service":"parking_aisle","surface":"asphalt"},"geometry":{"type":"LineString","coordinates":[[103.7823573,1.2965827],[103.7823306,1.2964085]]}},{"type":"Feature","id":"way/121762763-0-4-0","properties":{"highway":"service","lanes":"2","lanes:backward":"1","lanes:forward":"1","service":"parking_aisle","surface":"asphalt"},"geometry":{"type":"LineString","coordinates":[[103.7823306,1.2964085],[103.7823249,1.2963238]]}},{"type":"Feature","id":"way/121762763-0-5-0","properties":{"highway":"service","lanes":"2","lanes:backward":"1","lanes:forward":"1","service":"parking_aisle","surface":"asphalt"},"geometry":{"type":"LineString","coordinates":[[103.7823249,1.2963238],[103.7823183,1.2961277]]}},{"type":"Feature","id":"way/121762763-0-6-0","properties":{"highway":"service","lanes":"2","lanes:backward":"1","lanes:forward":"1","service":"parking_aisle","surface":"asphalt"},"geometry":{"type":"LineString","coordinates":[[103.7823183,1.2961277],[103.7823249,1.2956995]]}},{"type":"Feature","id":"way/121762764-0-0-0","properties":{"highway":"service","lanes":"1","oneway":"yes","service":"parking_aisle"},"geometry":{"type":"LineString","coordinates":[[103.7833088,1.296502],[103.7832738,1.2964826]]}},{"type":"Feature","id":"way/121762764-0-1-0","properties":{"highway":"service","lanes":"1","oneway":"yes","service":"parking_aisle"},"geometry":{"type":"LineString","coordinates":[[103.7832738,1.2964826],[103.7832479,1.2964683]]}},{"type":"Feature","id":"way/121762764-0-2-0","properties":{"highway":"service","lanes":"1","oneway":"yes","service":"parking_aisle"},"geometry":{"type":"LineString","coordinates":[[103.7832479,1.2964683],[103.7831846,1.2964469]]}},{"type":"Feature","id":"way/121762764-0-3-0","properties":{"highway":"service","lanes":"1","oneway":"yes","service":"parking_aisle"},"geometry":{"type":"LineString","coordinates":[[103.7831846,1.2964469],[103.7831446,1.2964648]]}},{"type":"Feature","id":"way/121762764-0-4-0","properties":{"highway":"service","lanes":"1","oneway":"yes","service":"parking_aisle"},"geometry":{"type":"LineString","coordinates":[[103.7831446,1.2964648],[103.7831047,1.296482]]}},{"type":"Feature","id":"way/121762764-0-5-0","properties":{"highway":"service","lanes":"1","oneway":"yes","service":"parking_aisle"},"geometry":{"type":"LineString","coordinates":[[103.7831047,1.296482],[103.7830609,1.2965136]]}},{"type":"Feature","id":"way/121762764-0-6-0","properties":{"highway":"service","lanes":"1","oneway":"yes","service":"parking_aisle"},"geometry":{"type":"LineString","coordinates":[[103.7830609,1.2965136],[103.7828821,1.2966378]]}},{"type":"Feature","id":"way/141906074-0-0-0","properties":{"highway":"service","lanes":"2","lanes:backward":"1","lanes:forward":"1","name":"Science Drive 2","name:zh":"\u79d1\u5b662\u901a\u9053","surface":"asphalt"},"geometry":{"type":"LineString","coordinates":[[103.7809165,1.2948425],[103.7806563,1.2949417]]}},{"type":"Feature","id":"way/141906074-0-1-0","properties":{"highway":"service","lanes":"2","lanes:backward":"1","lanes:forward":"1","name":"Science Drive 2","name:zh":"\u79d1\u5b662\u901a\u9053","surface":"asphalt"},"geometry":{"type":"LineString","coordinates":[[103.7806563,1.2949417],[103.7806402,1.2950074]]}},{"type":"Feature","id":"way/141906074-0-2-0","properties":{"highway":"service","lanes":"2","lanes:backward":"1","lanes:forward":"1","name":"Science Drive 2","name:zh":"\u79d1\u5b662\u901a\u9053","surface":"asphalt"},"geometry":{"type":"LineString","coordinates":[[103.7806402,1.2950074],[103.7806,1.2950611]]}},{"type":"Feature","id":"way/141906074-0-3-0","properties":{"highway":"service","lanes":"2","lanes:backward":"1","lanes:forward":"1","name":"Science Drive 2","name:zh":"\u79d1\u5b662\u901a\u9053","surface":"asphalt"},"geometry":{"type":"LineString","coordinates":[[103.7806,1.2950611],[103.7805584,1.2950852]]}},{"type":"Feature","id":"way/141906074-0-4-0","properties":{"highway":"service","lanes":"2","lanes:backward":"1","lanes:forward":"1","name":"Science Drive 2","name:zh":"\u79d1\u5b662\u901a\u9053","surface":"asphalt"},"geometry":{"type":"LineString","coordinates":[[103.7805584,1.2950852],[103.7804912,1.2951217]]}},{"type":"Feature","id":"way/141906074-0-5-0","properties":{"highway":"service","lanes":"2","lanes:backward":"1","lanes:forward":"1","name":"Science Drive 2","name:zh":"\u79d1\u5b662\u901a\u9053","surface":"asphalt"},"geometry":{"type":"LineString","coordinates":[[103.7804912,1.2951217],[103.7804365,1.2951682]]}},{"type":"Feature","id":"way/141906074-0-6-0","properties":{"highway":"service","lanes":"2","lanes:backward":"1","lanes:forward":"1","name":"Science Drive 2","name:zh":"\u79d1\u5b662\u901a\u9053","surface":"asphalt"},"geometry":{"type":"LineString","coordinates":[[103.7804365,1.2951682],[103.780364,1.2952649]]}},{"type":"Feature","id":"way/141906074-0-7-0","properties":{"highway":"service","lanes":"2","lanes:backward":"1","lanes:forward":"1","name":"Science Drive 2","name:zh":"\u79d1\u5b662\u901a\u9053","surface":"asphalt"},"geometry":{"type":"LineString","coordinates":[[103.780364,1.2952649],[103.7803393,1.2952965]]}},{"type":"Feature","id":"way/141906074-0-8-0","properties":{"highway":"service","lanes":"2","lanes:backward":"1","lanes:forward":"1","name":"Science Drive 2","name:zh":"\u79d1\u5b662\u901a\u9053","surface":"asphalt"},"geometry":{"type":"LineString","coordinates":[[103.7803393,1.2952965],[103.7802818,1.2953565]]}},{"type":"Feature","id":"way/141906081-0-0-0","properties":{"highway":"service","lanes":"2","lanes:backward":"1","lanes:forward":"1","service":"parking_aisle"},"geometry":{"type":"LineString","coordinates":[[103.7796586,1.2966346],[103.7797799,1.2966945]]}},{"type":"Feature","id":"way/141906081-0-1-0","properties":{"highway":"service","lanes":"2","lanes:backward":"1","lanes:forward":"1","service":"parking_aisle"},"geometry":{"type":"LineString","coordinates":[[103.7797799,1.2966945],[103.7800223,1.2968109]]}},{"type":"Feature","id":"way/141906081-0-2-0","properties":{"highway":"service","lanes":"2","lanes:backward":"1","lanes:forward":"1","service":"parking_aisle"},"geometry":{"type":"LineString","coordinates":[[103.7800223,1.2968109],[103.7800361,1.2968178]]}},{"type":"Feature","id":"way/141907431-0-0-0","properties":{"highway":"service","lanes":"1","name":"Science Drive 1","name:zh":"\u79d1\u5b661\u901a\u9053","oneway":"yes","service":"parking_aisle","surface":"asphalt"},"geometry":{"type":"LineString","coordinates":[[103.7803198,1.2969512],[103.7803648,1.2969758]]}},{"type":"Feature","id":"way/141907431-0-1-0","properties":{"highway":"service","lanes":"1","name":"Science Drive 1","name:zh":"\u79d1\u5b661\u901a\u9053","oneway":"yes","service":"parking_aisle","surface":"asphalt"},"geometry":{"type":"LineString","coordinates":[[103.7803648,1.2969758],[103.7804086,1.2969988]]}},{"type":"Feature","id":"way/141907431-0-2-0","properties":{"highway":"service","lanes":"1","name":"Science Drive 1","name:zh":"\u79d1\u5b661\u901a\u9053","oneway":"yes","service":"parking_aisle","surface":"asphalt"},"geometry":{"type":"LineString","coordinates":[[103.7804086,1.2969988],[103.7804397,1.297014]]}},{"type":"Feature","id":"way/141907431-0-3-0","properties":{"highway":"service","lanes":"1","name":"Science Drive 1","name:zh":"\u79d1\u5b661\u901a\u9053","oneway":"yes","service":"parking_aisle","surface":"asphalt"},"geometry":{"type":"LineString","coordinates":[[103.7804397,1.297014],[103.7804668,1.2970274]]}},{"type":"Feature","id":"way/141907431-0-4-0","properties":{"highway":"service","lanes":"1","name":"Science Drive 1","name:zh":"\u79d1\u5b661\u901a\u9053","oneway":"yes","service":"parking_aisle","surface":"asphalt"},"geometry":{"type":"LineString","coordinates":[[103.7804668,1.2970274],[103.7804804,1.297033]]}},{"type":"Feature","id":"way/141907431-0-5-0","properties":{"highway":"service","lanes":"1","name":"Science Drive 1","name:zh":"\u79d1\u5b661\u901a\u9053","oneway":"yes","service":"parking_aisle","surface":"asphalt"},"geometry":{"type":"LineString","coordinates":[[103.7804804,1.297033],[103.780494,1.2970382]]}},{"type":"Feature","id":"way/141907431-0-6-0","properties":{"highway":"service","lanes":"1","name":"Science Drive 1","name:zh":"\u79d1\u5b661\u901a\u9053","oneway":"yes","service":"parking_aisle","surface":"asphalt"},"geometry":{"type":"LineString","coordinates":[[103.780494,1.2970382],[103.7805327,1.2970516]]}},{"type":"Feature","id":"way/141907431-0-7-0","properties":{"highway":"service","lanes":"1","name":"Science Drive 1","name:zh":"\u79d1\u5b661\u901a\u9053","oneway":"yes","service":"parking_aisle","surface":"asphalt"},"geometry":{"type":"LineString","coordinates":[[103.7805327,1.2970516],[103.7805907,1.2970722]]}},{"type":"Feature","id":"way/141907432-0-0-0","properties":{"highway":"service","lanes":"2","lanes:backward":"1","lanes:forward":"1","name":"Science Drive 1","name:zh":"\u79d1\u5b661\u901a\u9053","oneway":"no","service":"parking_aisle","surface":"asphalt","turn:lanes:backward":"through","turn:lanes:forward":"through"},"geometry":{"type":"LineString","coordinates":[[103.780623,1.2971092],[103.780654,1.29716]]}},{"type":"Feature","id":"way/141908786-0-0-0","properties":{"highway":"service","lanes":"2","lanes:backward":"1","lanes:forward":"1","layer":"-2","sidewalk":"left"},"geometry":{"type":"LineString","coordinates":[[103.7820263,1.2962785],[103.7820598,1.2962804]]}},{"type":"Feature","id":"way/141908786-0-1-0","properties":{"highway":"service","lanes":"2","lanes:backward":"1","lanes:forward":"1","layer":"-2","sidewalk":"left"},"geometry":{"type":"LineString","coordinates":[[103.7820598,1.2962804],[103.7820833,1.2962892]]}},{"type":"Feature","id":"way/141908786-0-2-0","properties":{"highway":"service","lanes":"2","lanes:backward":"1","lanes:forward":"1","layer":"-2","sidewalk":"left"},"geometry":{"type":"LineString","coordinates":[[103.7820833,1.2962892],[103.7821136,1.2963413]]}},{"type":"Feature","id":"way/141908786-0-3-0","properties":{"highway":"service","lanes":"2","lanes:backward":"1","lanes:forward":"1","layer":"-2","sidewalk":"left"},"geometry":{"type":"LineString","coordinates":[[103.7821136,1.2963413],[103.7821463,1.2963855]]}},{"type":"Feature","id":"way/141908786-0-4-0","properties":{"highway":"service","lanes":"2","lanes:backward":"1","lanes:forward":"1","layer":"-2","sidewalk":"left"},"geometry":{"type":"LineString","coordinates":[[103.7821463,1.2963855],[103.782188,1.2964398]]}},{"type":"Feature","id":"way/141910344-0-0-0","properties":{"highway":"service","lanes":"2","lanes:backward":"1","lanes:forward":"1"},"geometry":{"type":"LineString","coordinates":[[103.7814382,1.2960023],[103.7814933,1.2959806]]}},{"type":"Feature","id":"way/141910344-0-1-0","properties":{"highway":"service","lanes":"2","lanes:backward":"1","lanes:forward":"1"},"geometry":{"type":"LineString","coordinates":[[103.7814933,1.2959806],[103.7815066,1.2959849]]}},{"type":"Feature","id":"way/141910344-0-2-0","properties":{"highway":"service","lanes":"2","lanes:backward":"1","lanes:forward":"1"},"geometry":{"type":"LineString","coordinates":[[103.7815066,1.2959849],[103.7815232,1.2960019]]}},{"type":"Feature","id":"way/141910344-0-3-0","properties":{"highway":"service","lanes":"2","lanes:backward":"1","lanes:forward":"1"},"geometry":{"type":"LineString","coordinates":[[103.7815232,1.2960019],[103.7815449,1.2960662]]}},{"type":"Feature","id":"way/141910352-0-0-0","properties":{"highway":"service","lanes":"1","oneway":"yes"},"geometry":{"type":"LineString","coordinates":[[103.7821042,1.2955679],[103.7820594,1.2955937]]}},{"type":"Feature","id":"way/141910352-0-1-0","properties":{"highway":"service","lanes":"1","oneway":"yes"},"geometry":{"type":"LineString","coordinates":[[103.7820594,1.2955937],[103.7820125,1.2956151]]}},{"type":"Feature","id":"way/141910352-0-2-0","properties":{"highway":"service","lanes":"1","oneway":"yes"},"geometry":{"type":"LineString","coordinates":[[103.7820125,1.2956151],[103.7819813,1.2956282]]}},{"type":"Feature","id":"way/141910352-0-3-0","properties":{"highway":"service","lanes":"1","oneway":"yes"},"geometry":{"type":"LineString","coordinates":[[103.7819813,1.2956282],[103.7819699,1.2956406]]}},{"type":"Feature","id":"way/141910352-0-4-0","properties":{"highway":"service","lanes":"1","oneway":"yes"},"geometry":{"type":"LineString","coordinates":[[103.7819699,1.2956406],[103.781971,1.2956601]]}},{"type":"Feature","id":"way/141910352-0-5-0","properties":{"highway":"service","lanes":"1","oneway":"yes"},"geometry":{"type":"LineString","coordinates":[[103.781971,1.2956601],[103.781976,1.2956782]]}},{"type":"Feature","id":"way/141910352-0-6-0","properties":{"highway":"service","lanes":"1","oneway":"yes"},"geometry":{"type":"LineString","coordinates":[[103.781976,1.2956782],[103.7819857,1.2957016]]}},{"type":"Feature","id":"way/141910352-0-7-0","properties":{"highway":"service","lanes":"1","oneway":"yes"},"geometry":{"type":"LineString","coordinates":[[103.7819857,1.2957016],[103.7820004,1.2957117]]}},{"type":"Feature","id":"way/141910352-0-8-0","properties":{"highway":"service","lanes":"1","oneway":"yes"},"geometry":{"type":"LineString","coordinates":[[103.7820004,1.2957117],[103.7820229,1.295714]]}},{"type":"Feature","id":"way/141910352-0-9-0","properties":{"highway":"service","lanes":"1","oneway":"yes"},"geometry":{"type":"LineString","coordinates":[[103.7820229,1.295714],[103.782038,1.29571]]}},{"type":"Feature","id":"way/141910352-0-10-0","properties":{"highway":"service","lanes":"1","oneway":"yes"},"geometry":{"type":"LineString","coordinates":[[103.782038,1.29571],[103.7820551,1.2957027]]}},{"type":"Feature","id":"way/141910352-0-11-0","properties":{"highway":"service","lanes":"1","oneway":"yes"},"geometry":{"type":"LineString","coordinates":[[103.7820551,1.2957027],[103.7820872,1.2956866]]}},{"type":"Feature","id":"way/141910352-0-12-0","properties":{"highway":"service","lanes":"1","oneway":"yes"},"geometry":{"type":"LineString","coordinates":[[103.7820872,1.2956866],[103.7821212,1.2956778]]}},{"type":"Feature","id":"way/141913041-0-0-0","properties":{"highway":"service","lanes":"2","lanes:backward":"1","lanes:forward":"1","sidewalk":"both","surface":"asphalt","turn:lanes:backward":"through","turn:lanes:forward":"through"},"geometry":{"type":"LineString","coordinates":[[103.7808991,1.2946119],[103.7809335,1.2946831]]}},{"type":"Feature","id":"way/141913041-0-1-0","properties":{"highway":"service","lanes":"2","lanes:backward":"1","lanes:forward":"1","sidewalk":"both","surface":"asphalt","turn:lanes:backward":"through","turn:lanes:forward":"through"},"geometry":{"type":"LineString","coordinates":[[103.7809335,1.2946831],[103.780938,1.2946924]]}},{"type":"Feature","id":"way/141913041-0-2-0","properties":{"highway":"service","lanes":"2","lanes:backward":"1","lanes:forward":"1","sidewalk":"both","surface":"asphalt","turn:lanes:backward":"through","turn:lanes:forward":"through"},"geometry":{"type":"LineString","coordinates":[[103.780938,1.2946924],[103.7809702,1.2947366]]}},{"type":"Feature","id":"way/141913041-0-3-0","properties":{"highway":"service","lanes":"2","lanes:backward":"1","lanes:forward":"1","sidewalk":"both","surface":"asphalt","turn:lanes:backward":"through","turn:lanes:forward":"through"},"geometry":{"type":"LineString","coordinates":[[103.7809702,1.2947366],[103.7810211,1.2947715]]}},{"type":"Feature","id":"way/141913041-0-4-0","properties":{"highway":"service","lanes":"2","lanes:backward":"1","lanes:forward":"1","sidewalk":"both","surface":"asphalt","turn:lanes:backward":"through","turn:lanes:forward":"through"},"geometry":{"type":"LineString","coordinates":[[103.7810211,1.2947715],[103.7810828,1.2947849]]}},{"type":"Feature","id":"way/141913041-0-5-0","properties":{"highway":"service","lanes":"2","lanes:backward":"1","lanes:forward":"1","sidewalk":"both","surface":"asphalt","turn:lanes:backward":"through","turn:lanes:forward":"through"},"geometry":{"type":"LineString","coordinates":[[103.7810828,1.2947849],[103.7811445,1.2947755]]}},{"type":"Feature","id":"way/141913041-0-6-0","properties":{"highway":"service","lanes":"2","lanes:backward":"1","lanes:forward":"1","sidewalk":"both","surface":"asphalt","turn:lanes:backward":"through","turn:lanes:forward":"through"},"geometry":{"type":"LineString","coordinates":[[103.7811445,1.2947755],[103.7811926,1.2947582]]}},{"type":"Feature","id":"way/141913041-0-7-0","properties":{"highway":"service","lanes":"2","lanes:backward":"1","lanes:forward":"1","sidewalk":"both","surface":"asphalt","turn:lanes:backward":"through","turn:lanes:forward":"through"},"geometry":{"type":"LineString","coordinates":[[103.7811926,1.2947582],[103.7812786,1.2947272]]}},{"type":"Feature","id":"way/141913041-0-8-0","properties":{"highway":"service","lanes":"2","lanes:backward":"1","lanes:forward":"1","sidewalk":"both","surface":"asphalt","turn:lanes:backward":"through","turn:lanes:forward":"through"},"geometry":{"type":"LineString","coordinates":[[103.7812786,1.2947272],[103.7813577,1.2946964]]}},{"type":"Feature","id":"way/141913041-0-9-0","properties":{"highway":"service","lanes":"2","lanes:backward":"1","lanes:forward":"1","sidewalk":"both","surface":"asphalt","turn:lanes:backward":"through","turn:lanes:forward":"through"},"geometry":{"type":"LineString","coordinates":[[103.7813577,1.2946964],[103.7814516,1.2946615]]}},{"type":"Feature","id":"way/141913041-0-10-0","properties":{"highway":"service","lanes":"2","lanes:backward":"1","lanes:forward":"1","sidewalk":"both","surface":"asphalt","turn:lanes:backward":"through","turn:lanes:forward":"through"},"geometry":{"type":"LineString","coordinates":[[103.7814516,1.2946615],[103.7814945,1.2946602]]}},{"type":"Feature","id":"way/141913041-0-11-0","properties":{"highway":"service","lanes":"2","lanes:backward":"1","lanes:forward":"1","sidewalk":"both","surface":"asphalt","turn:lanes:backward":"through","turn:lanes:forward":"through"},"geometry":{"type":"LineString","coordinates":[[103.7814945,1.2946602],[103.7815456,1.2946713]]}},{"type":"Feature","id":"way/141913042-0-0-0","properties":{"highway":"service","surface":"asphalt"},"geometry":{"type":"LineString","coordinates":[[103.7806496,1.2946816],[103.7807808,1.2946443]]}},{"type":"Feature","id":"way/141913042-0-1-0","properties":{"highway":"service","surface":"asphalt"},"geometry":{"type":"LineString","coordinates":[[103.7807808,1.2946443],[103.7808991,1.2946119]]}},{"type":"Feature","id":"way/141913129-0-0-0","properties":{"highway":"service","lanes":"1","oneway":"yes","service":"parking_aisle"},"geometry":{"type":"LineString","coordinates":[[103.7814389,1.2971793],[103.7814774,1.2971524]]}},{"type":"Feature","id":"way/141913129-0-1-0","properties":{"highway":"service","lanes":"1","oneway":"yes","service":"parking_aisle"},"geometry":{"type":"LineString","coordinates":[[103.7814774,1.2971524],[103.7815093,1.2971256]]}},{"type":"Feature","id":"way/141913129-0-2-0","properties":{"highway":"service","lanes":"1","oneway":"yes","service":"parking_aisle"},"geometry":{"type":"LineString","coordinates":[[103.7815093,1.2971256],[103.7815509,1.297095]]}},{"type":"Feature","id":"way/141913129-0-3-0","properties":{"highway":"service","lanes":"1","oneway":"yes","service":"parking_aisle"},"geometry":{"type":"LineString","coordinates":[[103.7815509,1.297095],[103.7816005,1.2970601]]}},{"type":"Feature","id":"way/141913129-0-4-0","properties":{"highway":"service","lanes":"1","oneway":"yes","service":"parking_aisle"},"geometry":{"type":"LineString","coordinates":[[103.7816005,1.2970601],[103.7816179,1.297028]]}},{"type":"Feature","id":"way/141913129-0-5-0","properties":{"highway":"service","lanes":"1","oneway":"yes","service":"parking_aisle"},"geometry":{"type":"LineString","coordinates":[[103.7816179,1.297028],[103.7816112,1.2969985]]}},{"type":"Feature","id":"way/141913129-0-6-0","properties":{"highway":"service","lanes":"1","oneway":"yes","service":"parking_aisle"},"geometry":{"type":"LineString","coordinates":[[103.7816112,1.2969985],[103.7815938,1.296969]]}},{"type":"Feature","id":"way/141913129-0-7-0","properties":{"highway":"service","lanes":"1","oneway":"yes","service":"parking_aisle"},"geometry":{"type":"LineString","coordinates":[[103.7815938,1.296969],[103.7815696,1.2969515]]}},{"type":"Feature","id":"way/141913129-0-8-0","properties":{"highway":"service","lanes":"1","oneway":"yes","service":"parking_aisle"},"geometry":{"type":"LineString","coordinates":[[103.7815696,1.2969515],[103.7815401,1.2969569]]}},{"type":"Feature","id":"way/141913129-0-9-0","properties":{"highway":"service","lanes":"1","oneway":"yes","service":"parking_aisle"},"geometry":{"type":"LineString","coordinates":[[103.7815401,1.2969569],[103.7814945,1.2969743]]}},{"type":"Feature","id":"way/141913129-0-10-0","properties":{"highway":"service","lanes":"1","oneway":"yes","service":"parking_aisle"},"geometry":{"type":"LineString","coordinates":[[103.7814945,1.2969743],[103.7814503,1.2969944]]}},{"type":"Feature","id":"way/141913129-0-11-0","properties":{"highway":"service","lanes":"1","oneway":"yes","service":"parking_aisle"},"geometry":{"type":"LineString","coordinates":[[103.7814503,1.2969944],[103.7813913,1.297019]]}},{"type":"Feature","id":"way/142075300-0-0-0","properties":{"highway":"service","lanes":"1","oneway":"yes","service":"parking_aisle","surface":"asphalt"},"geometry":{"type":"LineString","coordinates":[[103.7792163,1.2965573],[103.7792271,1.2965239]]}},{"type":"Feature","id":"way/142075300-0-1-0","properties":{"highway":"service","lanes":"1","oneway":"yes","service":"parking_aisle","surface":"asphalt"},"geometry":{"type":"LineString","coordinates":[[103.7792271,1.2965239],[103.7792245,1.2965151]]}},{"type":"Feature","id":"way/142075300-0-2-0","properties":{"highway":"service","lanes":"1","oneway":"yes","service":"parking_aisle","surface":"asphalt"},"geometry":{"type":"LineString","coordinates":[[103.7792245,1.2965151],[103.7792137,1.296491]]}},{"type":"Feature","id":"way/142075300-0-3-0","properties":{"highway":"service","lanes":"1","oneway":"yes","service":"parking_aisle","surface":"asphalt"},"geometry":{"type":"LineString","coordinates":[[103.7792137,1.296491],[103.7791802,1.2964749]]}},{"type":"Feature","id":"way/142075300-0-4-0","properties":{"highway":"service","lanes":"1","oneway":"yes","service":"parking_aisle","surface":"asphalt"},"geometry":{"type":"LineString","coordinates":[[103.7791802,1.2964749],[103.7791319,1.2964669]]}},{"type":"Feature","id":"way/161888206-0-0-0","properties":{"highway":"residential","junction":"roundabout","lanes":"1","maxspeed":"50","name":"Lower Kent Ridge Road","name:ta":"\u0b95\u0bc0\u0bb4\u0bcd \u0b95\u0bc6\u0ba3\u0bcd\u0b9f\u0bcd \u0bb0\u0bbf\u0b9c\u0bcd \u0bb0\u0bcb\u0b9f\u0bc1","name:zh":"\u80af\u7279\u5c97\u8def\u4e0b\u6bb5","note:ta":"check name","surface":"asphalt"},"geometry":{"type":"LineString","coordinates":[[103.7830376,1.2967848],[103.7830239,1.2967698]]}},{"type":"Feature","id":"way/161888206-0-1-0","properties":{"highway":"residential","junction":"roundabout","lanes":"1","maxspeed":"50","name":"Lower Kent Ridge Road","name:ta":"\u0b95\u0bc0\u0bb4\u0bcd \u0b95\u0bc6\u0ba3\u0bcd\u0b9f\u0bcd \u0bb0\u0bbf\u0b9c\u0bcd \u0bb0\u0bcb\u0b9f\u0bc1","name:zh":"\u80af\u7279\u5c97\u8def\u4e0b\u6bb5","note:ta":"check name","surface":"asphalt"},"geometry":{"type":"LineString","coordinates":[[103.7830239,1.2967698],[103.7830066,1.2967579]]}},{"type":"Feature","id":"way/161888206-0-2-0","properties":{"highway":"residential","junction":"roundabout","lanes":"1","maxspeed":"50","name":"Lower Kent Ridge Road","name:ta":"\u0b95\u0bc0\u0bb4\u0bcd \u0b95\u0bc6\u0ba3\u0bcd\u0b9f\u0bcd \u0bb0\u0bbf\u0b9c\u0bcd \u0bb0\u0bcb\u0b9f\u0bc1","name:zh":"\u80af\u7279\u5c97\u8def\u4e0b\u6bb5","note:ta":"check name","surface":"asphalt"},"geometry":{"type":"LineString","coordinates":[[103.7830066,1.2967579],[103.7829813,1.2967488]]}},{"type":"Feature","id":"way/161888206-0-3-0","properties":{"highway":"residential","junction":"roundabout","lanes":"1","maxspeed":"50","name":"Lower Kent Ridge Road","name:ta":"\u0b95\u0bc0\u0bb4\u0bcd \u0b95\u0bc6\u0ba3\u0bcd\u0b9f\u0bcd \u0bb0\u0bbf\u0b9c\u0bcd \u0bb0\u0bcb\u0b9f\u0bc1","name:zh":"\u80af\u7279\u5c97\u8def\u4e0b\u6bb5","note:ta":"check name","surface":"asphalt"},"geometry":{"type":"LineString","coordinates":[[103.7829813,1.2967488],[103.7829424,1.2967495]]}},{"type":"Feature","id":"way/161888208-0-0-0","properties":{"highway":"residential","junction":"roundabout","lanes":"1","maxspeed":"50","name":"Lower Kent Ridge Road","name:ta":"\u0b95\u0bc0\u0bb4\u0bcd \u0b95\u0bc6\u0ba3\u0bcd\u0b9f\u0bcd \u0bb0\u0bbf\u0b9c\u0bcd \u0bb0\u0bcb\u0b9f\u0bc1","name:zh":"\u80af\u7279\u5c97\u8def\u4e0b\u6bb5","note:ta":"check name","sidewalk":"left","surface":"asphalt"},"geometry":{"type":"LineString","coordinates":[[103.7829297,1.2969238],[103.7829747,1.2969295]]}},{"type":"Feature","id":"way/161888208-0-1-0","properties":{"highway":"residential","junction":"roundabout","lanes":"1","maxspeed":"50","name":"Lower Kent Ridge Road","name:ta":"\u0b95\u0bc0\u0bb4\u0bcd \u0b95\u0bc6\u0ba3\u0bcd\u0b9f\u0bcd \u0bb0\u0bbf\u0b9c\u0bcd \u0bb0\u0bcb\u0b9f\u0bc1","name:zh":"\u80af\u7279\u5c97\u8def\u4e0b\u6bb5","note:ta":"check name","sidewalk":"left","surface":"asphalt"},"geometry":{"type":"LineString","coordinates":[[103.7829747,1.2969295],[103.7830027,1.2969214]]}},{"type":"Feature","id":"way/161888208-0-2-0","properties":{"highway":"residential","junction":"roundabout","lanes":"1","maxspeed":"50","name":"Lower Kent Ridge Road","name:ta":"\u0b95\u0bc0\u0bb4\u0bcd \u0b95\u0bc6\u0ba3\u0bcd\u0b9f\u0bcd \u0bb0\u0bbf\u0b9c\u0bcd \u0bb0\u0bcb\u0b9f\u0bc1","name:zh":"\u80af\u7279\u5c97\u8def\u4e0b\u6bb5","note:ta":"check name","sidewalk":"left","surface":"asphalt"},"geometry":{"type":"LineString","coordinates":[[103.7830027,1.2969214],[103.7830277,1.2969039]]}},{"type":"Feature","id":"way/161888208-0-3-0","properties":{"highway":"residential","junction":"roundabout","lanes":"1","maxspeed":"50","name":"Lower Kent Ridge Road","name:ta":"\u0b95\u0bc0\u0bb4\u0bcd \u0b95\u0bc6\u0ba3\u0bcd\u0b9f\u0bcd \u0bb0\u0bbf\u0b9c\u0bcd \u0bb0\u0bcb\u0b9f\u0bc1","name:zh":"\u80af\u7279\u5c97\u8def\u4e0b\u6bb5","note:ta":"check name","sidewalk":"left","surface":"asphalt"},"geometry":{"type":"LineString","coordinates":[[103.7830277,1.2969039],[103.7830461,1.2968781]]}},{"type":"Feature","id":"way/161888208-0-4-0","properties":{"highway":"residential","junction":"roundabout","lanes":"1","maxspeed":"50","name":"Lower Kent Ridge Road","name:ta":"\u0b95\u0bc0\u0bb4\u0bcd \u0b95\u0bc6\u0ba3\u0bcd\u0b9f\u0bcd \u0bb0\u0bbf\u0b9c\u0bcd \u0bb0\u0bcb\u0b9f\u0bc1","name:zh":"\u80af\u7279\u5c97\u8def\u4e0b\u6bb5","note:ta":"check name","sidewalk":"left","surface":"asphalt"},"geometry":{"type":"LineString","coordinates":[[103.7830461,1.2968781],[103.7830529,1.2968586]]}},{"type":"Feature","id":"way/161888208-0-5-0","properties":{"highway":"residential","junction":"roundabout","lanes":"1","maxspeed":"50","name":"Lower Kent Ridge Road","name:ta":"\u0b95\u0bc0\u0bb4\u0bcd \u0b95\u0bc6\u0ba3\u0bcd\u0b9f\u0bcd \u0bb0\u0bbf\u0b9c\u0bcd \u0bb0\u0bcb\u0b9f\u0bc1","name:zh":"\u80af\u7279\u5c97\u8def\u4e0b\u6bb5","note:ta":"check name","sidewalk":"left","surface":"asphalt"},"geometry":{"type":"LineString","coordinates":[[103.7830529,1.2968586],[103.7830548,1.2968317]]}},{"type":"Feature","id":"way/464985767-0-0-0","properties":{"highway":"service","lanes":"2","lanes:backward":"1","lanes:forward":"1","oneway":"yes","service":"parking_aisle","surface":"asphalt","turn:lanes:backward":"left","turn:lanes:forward":"left;through"},"geometry":{"type":"LineString","coordinates":[[103.7822528,1.2971022],[103.7822782,1.2971731]]}},{"type":"Feature","id":"way/464985771-0-0-0","properties":{"highway":"service","lanes":"1","oneway":"yes","service":"parking_aisle","surface":"asphalt"},"geometry":{"type":"LineString","coordinates":[[103.7820027,1.2973266],[103.7818454,1.2974251]]}},{"type":"Feature","id":"way/464985771-0-1-0","properties":{"highway":"service","lanes":"1","oneway":"yes","service":"parking_aisle","surface":"asphalt"},"geometry":{"type":"LineString","coordinates":[[103.7818454,1.2974251],[103.7817125,1.297503]]}},{"type":"Feature","id":"way/465013270-0-0-0","properties":{"highway":"service","lanes":"2","lanes:backward":"1","lanes:forward":"1","service":"parking_aisle","surface":"asphalt"},"geometry":{"type":"LineString","coordinates":[[103.7830581,1.2931642],[103.7830547,1.2938321]]}},{"type":"Feature","id":"way/465013270-0-1-0","properties":{"highway":"service","lanes":"2","lanes:backward":"1","lanes:forward":"1","service":"parking_aisle","surface":"asphalt"},"geometry":{"type":"LineString","coordinates":[[103.7830547,1.2938321],[103.7830579,1.2938598]]}},{"type":"Feature","id":"way/465013270-0-2-0","properties":{"highway":"service","lanes":"2","lanes:backward":"1","lanes:forward":"1","service":"parking_aisle","surface":"asphalt"},"geometry":{"type":"LineString","coordinates":[[103.7830579,1.2938598],[103.783064,1.2938775]]}},{"type":"Feature","id":"way/465013270-0-3-0","properties":{"highway":"service","lanes":"2","lanes:backward":"1","lanes:forward":"1","service":"parking_aisle","surface":"asphalt"},"geometry":{"type":"LineString","coordinates":[[103.783064,1.2938775],[103.7830779,1.2938921]]}},{"type":"Feature","id":"way/465013270-0-4-0","properties":{"highway":"service","lanes":"2","lanes:backward":"1","lanes:forward":"1","service":"parking_aisle","surface":"asphalt"},"geometry":{"type":"LineString","coordinates":[[103.7830779,1.2938921],[103.7830887,1.293896]]}},{"type":"Feature","id":"way/465013270-0-5-0","properties":{"highway":"service","lanes":"2","lanes:backward":"1","lanes:forward":"1","service":"parking_aisle","surface":"asphalt"},"geometry":{"type":"LineString","coordinates":[[103.7830887,1.293896],[103.7831133,1.2938983]]}},{"type":"Feature","id":"way/465013331-0-0-0","properties":{"highway":"service","lanes":"2","lanes:backward":"1","lanes:forward":"1","surface":"asphalt"},"geometry":{"type":"LineString","coordinates":[[103.7812515,1.2944816],[103.7808991,1.2946119]]}},{"type":"Feature","id":"way/465013333-0-0-0","properties":{"highway":"service","lanes":"2","lanes:backward":"1","lanes:forward":"1","name":"Science Drive 2","name:zh":"\u79d1\u5b662\u901a\u9053","oneway":"no","surface":"asphalt"},"geometry":{"type":"LineString","coordinates":[[103.7801334,1.2956926],[103.7800858,1.2956769]]}},{"type":"Feature","id":"way/465013333-0-1-0","properties":{"highway":"service","lanes":"2","lanes:backward":"1","lanes:forward":"1","name":"Science Drive 2","name:zh":"\u79d1\u5b662\u901a\u9053","oneway":"no","surface":"asphalt"},"geometry":{"type":"LineString","coordinates":[[103.7800858,1.2956769],[103.7800383,1.2956468]]}},{"type":"Feature","id":"way/465013333-0-2-0","properties":{"highway":"service","lanes":"2","lanes:backward":"1","lanes:forward":"1","name":"Science Drive 2","name:zh":"\u79d1\u5b662\u901a\u9053","oneway":"no","surface":"asphalt"},"geometry":{"type":"LineString","coordinates":[[103.7800383,1.2956468],[103.7800156,1.2956057]]}},{"type":"Feature","id":"way/465013333-0-3-0","properties":{"highway":"service","lanes":"2","lanes:backward":"1","lanes:forward":"1","name":"Science Drive 2","name:zh":"\u79d1\u5b662\u901a\u9053","oneway":"no","surface":"asphalt"},"geometry":{"type":"LineString","coordinates":[[103.7800156,1.2956057],[103.780008,1.295573]]}},{"type":"Feature","id":"way/479167590-0-3-0","properties":{"highway":"motorway","lanes":"4","maxspeed":"90","name":"Ayer Rajah Expressway","name:ms":"Lebuhraya Ayer Rajah","name:ta":"\u0b86\u0baf\u0bb0\u0bcd \u0bb0\u0bbe\u0b9c\u0bbe \u0bb5\u0bbf\u0bb0\u0bb5\u0bc1\u0b9a\u0bcd\u0b9a\u0bbe\u0bb2\u0bc8","name:zh":"\u4e9a\u9038\u62c9\u60f9\u9ad8\u901f\u516c\u8def","oneway":"yes","ref":"AYE","surface":"asphalt","wikidata":"Q2657325","wikipedia":"en:Ayer Rajah Expressway"},"geometry":{"type":"LineString","coordinates":[[103.7833939,1.2970416],[103.7831114,1.2972687]]}},{"type":"Feature","id":"way/479167590-0-4-0","properties":{"highway":"motorway","lanes":"4","maxspeed":"90","name":"Ayer Rajah Expressway","name:ms":"Lebuhraya Ayer Rajah","name:ta":"\u0b86\u0baf\u0bb0\u0bcd \u0bb0\u0bbe\u0b9c\u0bbe \u0bb5\u0bbf\u0bb0\u0bb5\u0bc1\u0b9a\u0bcd\u0b9a\u0bbe\u0bb2\u0bc8","name:zh":"\u4e9a\u9038\u62c9\u60f9\u9ad8\u901f\u516c\u8def","oneway":"yes","ref":"AYE","surface":"asphalt","wikidata":"Q2657325","wikipedia":"en:Ayer Rajah Expressway"},"geometry":{"type":"LineString","coordinates":[[103.7831114,1.2972687],[103.7828113,1.2974824]]}},{"type":"Feature","id":"way/479167603-0-3-0","properties":{"destination":"Tuas","destination:ref":"AYE","highway":"motorway_link","lanes":"1","maxspeed":"90","oneway":"yes","surface":"asphalt"},"geometry":{"type":"LineString","coordinates":[[103.7835313,1.2967993],[103.7828113,1.2974824]]}},{"type":"Feature","id":"way/526619595-0-0-0","properties":{"highway":"service"},"geometry":{"type":"LineString","coordinates":[[103.779589,1.2946604],[103.7795737,1.294581]]}},{"type":"Feature","id":"way/526619597-0-0-0","properties":{"highway":"service"},"geometry":{"type":"LineString","coordinates":[[103.779589,1.2946604],[103.7793338,1.294707]]}},{"type":"Feature","id":"way/526619597-0-1-0","properties":{"highway":"service"},"geometry":{"type":"LineString","coordinates":[[103.7793338,1.294707],[103.7792377,1.2947241]]}},{"type":"Feature","id":"way/526619597-0-2-0","properties":{"highway":"service"},"geometry":{"type":"LineString","coordinates":[[103.7792377,1.2947241],[103.7791367,1.2947342]]}},{"type":"Feature","id":"way/526855212-0-0-0","properties":{"highway":"service","lanes":"1","service":"parking_aisle"},"geometry":{"type":"LineString","coordinates":[[103.7817448,1.2945466],[103.7817455,1.2947103]]}},{"type":"Feature","id":"way/540531842-0-2-0","properties":{"highway":"service","lanes":"2","lanes:backward":"1","lanes:forward":"1","name":"Science Drive 4","name:zh":"\u79d1\u5b664\u901a\u9053","surface":"asphalt"},"geometry":{"type":"LineString","coordinates":[[103.7789436,1.2960723],[103.7793187,1.2959378]]}},{"type":"Feature","id":"way/540531842-0-3-0","properties":{"highway":"service","lanes":"2","lanes:backward":"1","lanes:forward":"1","name":"Science Drive 4","name:zh":"\u79d1\u5b664\u901a\u9053","surface":"asphalt"},"geometry":{"type":"LineString","coordinates":[[103.7793187,1.2959378],[103.7795082,1.2958699]]}},{"type":"Feature","id":"way/540531842-0-4-0","properties":{"highway":"service","lanes":"2","lanes:backward":"1","lanes:forward":"1","name":"Science Drive 4","name:zh":"\u79d1\u5b664\u901a\u9053","surface":"asphalt"},"geometry":{"type":"LineString","coordinates":[[103.7795082,1.2958699],[103.7796244,1.2958281]]}},{"type":"Feature","id":"way/540531842-0-5-0","properties":{"highway":"service","lanes":"2","lanes:backward":"1","lanes:forward":"1","name":"Science Drive 4","name:zh":"\u79d1\u5b664\u901a\u9053","surface":"asphalt"},"geometry":{"type":"LineString","coordinates":[[103.7796244,1.2958281],[103.7796418,1.2958026]]}},{"type":"Feature","id":"way/540531842-0-6-0","properties":{"highway":"service","lanes":"2","lanes:backward":"1","lanes:forward":"1","name":"Science Drive 4","name:zh":"\u79d1\u5b664\u901a\u9053","surface":"asphalt"},"geometry":{"type":"LineString","coordinates":[[103.7796418,1.2958026],[103.7796458,1.2957709]]}},{"type":"Feature","id":"way/540531842-0-7-0","properties":{"highway":"service","lanes":"2","lanes:backward":"1","lanes:forward":"1","name":"Science Drive 4","name:zh":"\u79d1\u5b664\u901a\u9053","surface":"asphalt"},"geometry":{"type":"LineString","coordinates":[[103.7796458,1.2957709],[103.7796467,1.2957318]]}},{"type":"Feature","id":"way/540531842-0-8-0","properties":{"highway":"service","lanes":"2","lanes:backward":"1","lanes:forward":"1","name":"Science Drive 4","name:zh":"\u79d1\u5b664\u901a\u9053","surface":"asphalt"},"geometry":{"type":"LineString","coordinates":[[103.7796467,1.2957318],[103.7796595,1.2957028]]}},{"type":"Feature","id":"way/540531842-0-9-0","properties":{"highway":"service","lanes":"2","lanes:backward":"1","lanes:forward":"1","name":"Science Drive 4","name:zh":"\u79d1\u5b664\u901a\u9053","surface":"asphalt"},"geometry":{"type":"LineString","coordinates":[[103.7796595,1.2957028],[103.7796894,1.2956845]]}},{"type":"Feature","id":"way/540531843-0-0-0","properties":{"highway":"service","lanes":"2","lanes:backward":"1","lanes:forward":"1","name":"Medical Drive","name:en":"Medical Drive","name:zh":"\u533b\u5b66\u901a\u9053","surface":"asphalt"},"geometry":{"type":"LineString","coordinates":[[103.7823124,1.2952664],[103.7822742,1.2952176]]}},{"type":"Feature","id":"way/540531843-0-1-0","properties":{"highway":"service","lanes":"2","lanes:backward":"1","lanes:forward":"1","name":"Medical Drive","name:en":"Medical Drive","name:zh":"\u533b\u5b66\u901a\u9053","surface":"asphalt"},"geometry":{"type":"LineString","coordinates":[[103.7822742,1.2952176],[103.7822546,1.2951527]]}},{"type":"Feature","id":"way/540531845-0-0-0","properties":{"highway":"service","lanes":"2","lanes:backward":"1","lanes:forward":"1","name":"Medical Drive","name:en":"Medical Drive","name:zh":"\u533b\u5b66\u901a\u9053","surface":"asphalt","turn:lanes:backward":"through;right"},"geometry":{"type":"LineString","coordinates":[[103.7820847,1.2950019],[103.782142,1.2950109]]}},{"type":"Feature","id":"way/540531845-0-1-0","properties":{"highway":"service","lanes":"2","lanes:backward":"1","lanes:forward":"1","name":"Medical Drive","name:en":"Medical Drive","name:zh":"\u533b\u5b66\u901a\u9053","surface":"asphalt","turn:lanes:backward":"through;right"},"geometry":{"type":"LineString","coordinates":[[103.782142,1.2950109],[103.7822049,1.2950196]]}},{"type":"Feature","id":"way/540531845-0-2-0","properties":{"highway":"service","lanes":"2","lanes:backward":"1","lanes:forward":"1","name":"Medical Drive","name:en":"Medical Drive","name:zh":"\u533b\u5b66\u901a\u9053","surface":"asphalt","turn:lanes:backward":"through;right"},"geometry":{"type":"LineString","coordinates":[[103.7822049,1.2950196],[103.7822509,1.295024]]}},{"type":"Feature","id":"way/540531848-0-0-0","properties":{"highway":"service","lanes":"2","oneway":"yes","surface":"asphalt"},"geometry":{"type":"LineString","coordinates":[[103.7824285,1.2953716],[103.7825313,1.2953855]]}},{"type":"Feature","id":"way/540531848-0-1-0","properties":{"highway":"service","lanes":"2","oneway":"yes","surface":"asphalt"},"geometry":{"type":"LineString","coordinates":[[103.7825313,1.2953855],[103.7831748,1.2953891]]}},{"type":"Feature","id":"way/540531849-0-0-0","properties":{"highway":"service","lanes":"2","oneway":"yes","surface":"asphalt"},"geometry":{"type":"LineString","coordinates":[[103.7825991,1.2953159],[103.782498,1.2953087]]}},{"type":"Feature","id":"way/540531849-0-1-0","properties":{"highway":"service","lanes":"2","oneway":"yes","surface":"asphalt"},"geometry":{"type":"LineString","coordinates":[[103.782498,1.2953087],[103.7824375,1.2952928]]}},{"type":"Feature","id":"way/541917265-0-0-0","properties":{"highway":"service","lanes":"1","oneway":"yes","service":"parking_aisle","surface":"asphalt","turn:lanes":"left;through"},"geometry":{"type":"LineString","coordinates":[[103.7824524,1.2971907],[103.7823317,1.2972557]]}},{"type":"Feature","id":"way/541976211-0-0-0","properties":{"highway":"service","lanes":"2","lanes:backward":"1","lanes:forward":"1","name":"Science Drive 2","name:zh":"\u79d1\u5b662\u901a\u9053","oneway":"no","sidewalk":"both","surface":"asphalt","tunnel":"building_passage"},"geometry":{"type":"LineString","coordinates":[[103.7799411,1.2970415],[103.7799764,1.2969526]]}},{"type":"Feature","id":"way/541976212-0-0-0","properties":{"highway":"service","lanes":"2","lanes:backward":"1","lanes:forward":"1","name":"Science Drive 2","name:zh":"\u79d1\u5b662\u901a\u9053","oneway":"no","sidewalk":"both","surface":"asphalt"},"geometry":{"type":"LineString","coordinates":[[103.779885,1.297177],[103.7799091,1.2971194]]}},{"type":"Feature","id":"way/541976212-0-1-0","properties":{"highway":"service","lanes":"2","lanes:backward":"1","lanes:forward":"1","name":"Science Drive 2","name:zh":"\u79d1\u5b662\u901a\u9053","oneway":"no","sidewalk":"both","surface":"asphalt"},"geometry":{"type":"LineString","coordinates":[[103.7799091,1.2971194],[103.7799411,1.2970415]]}},{"type":"Feature","id":"way/573272648-0-1-0","properties":{"highway":"residential","lanes":"2","maxspeed":"50","name":"Lower Kent Ridge Road","name:ta":"\u0b95\u0bc0\u0bb4\u0bcd \u0b95\u0bc6\u0ba3\u0bcd\u0b9f\u0bcd \u0bb0\u0bbf\u0b9c\u0bcd \u0bb0\u0bcb\u0b9f\u0bc1","name:zh":"\u80af\u7279\u5c97\u8def\u4e0b\u6bb5","note:ta":"check name","oneway":"yes","surface":"asphalt"},"geometry":{"type":"LineString","coordinates":[[103.7836295,1.2961467],[103.7835743,1.2962316]]}},{"type":"Feature","id":"way/573272648-0-2-0","properties":{"highway":"residential","lanes":"2","maxspeed":"50","name":"Lower Kent Ridge Road","name:ta":"\u0b95\u0bc0\u0bb4\u0bcd \u0b95\u0bc6\u0ba3\u0bcd\u0b9f\u0bcd \u0bb0\u0bbf\u0b9c\u0bcd \u0bb0\u0bcb\u0b9f\u0bc1","name:zh":"\u80af\u7279\u5c97\u8def\u4e0b\u6bb5","note:ta":"check name","oneway":"yes","surface":"asphalt"},"geometry":{"type":"LineString","coordinates":[[103.7835743,1.2962316],[103.7834476,1.2963609]]}},{"type":"Feature","id":"way/573272648-0-3-0","properties":{"highway":"residential","lanes":"2","maxspeed":"50","name":"Lower Kent Ridge Road","name:ta":"\u0b95\u0bc0\u0bb4\u0bcd \u0b95\u0bc6\u0ba3\u0bcd\u0b9f\u0bcd \u0bb0\u0bbf\u0b9c\u0bcd \u0bb0\u0bcb\u0b9f\u0bc1","name:zh":"\u80af\u7279\u5c97\u8def\u4e0b\u6bb5","note:ta":"check name","oneway":"yes","surface":"asphalt"},"geometry":{"type":"LineString","coordinates":[[103.7834476,1.2963609],[103.7833635,1.2964523]]}},{"type":"Feature","id":"way/573272648-0-4-0","properties":{"highway":"residential","lanes":"2","maxspeed":"50","name":"Lower Kent Ridge Road","name:ta":"\u0b95\u0bc0\u0bb4\u0bcd \u0b95\u0bc6\u0ba3\u0bcd\u0b9f\u0bcd \u0bb0\u0bbf\u0b9c\u0bcd \u0bb0\u0bcb\u0b9f\u0bc1","name:zh":"\u80af\u7279\u5c97\u8def\u4e0b\u6bb5","note:ta":"check name","oneway":"yes","surface":"asphalt"},"geometry":{"type":"LineString","coordinates":[[103.7833635,1.2964523],[103.7833088,1.296502]]}},{"type":"Feature","id":"way/573272648-0-5-0","properties":{"highway":"residential","lanes":"2","maxspeed":"50","name":"Lower Kent Ridge Road","name:ta":"\u0b95\u0bc0\u0bb4\u0bcd \u0b95\u0bc6\u0ba3\u0bcd\u0b9f\u0bcd \u0bb0\u0bbf\u0b9c\u0bcd \u0bb0\u0bcb\u0b9f\u0bc1","name:zh":"\u80af\u7279\u5c97\u8def\u4e0b\u6bb5","note:ta":"check name","oneway":"yes","surface":"asphalt"},"geometry":{"type":"LineString","coordinates":[[103.7833088,1.296502],[103.7831253,1.2966435]]}},{"type":"Feature","id":"way/573272648-0-6-0","properties":{"highway":"residential","lanes":"2","maxspeed":"50","name":"Lower Kent Ridge Road","name:ta":"\u0b95\u0bc0\u0bb4\u0bcd \u0b95\u0bc6\u0ba3\u0bcd\u0b9f\u0bcd \u0bb0\u0bbf\u0b9c\u0bcd \u0bb0\u0bcb\u0b9f\u0bc1","name:zh":"\u80af\u7279\u5c97\u8def\u4e0b\u6bb5","note:ta":"check name","oneway":"yes","surface":"asphalt"},"geometry":{"type":"LineString","coordinates":[[103.7831253,1.2966435],[103.7829424,1.2967495]]}},{"type":"Feature","id":"way/632362051-0-0-0","properties":{"highway":"residential","lanes":"1","maxspeed":"25","name":"Lower Kent Ridge Road","name:ta":"\u0b95\u0bc0\u0bb4\u0bcd \u0b95\u0bc6\u0ba3\u0bcd\u0b9f\u0bcd \u0bb0\u0bbf\u0b9c\u0bcd \u0bb0\u0bcb\u0b9f\u0bc1","name:zh":"\u80af\u7279\u5c97\u8def\u4e0b\u6bb5","note:ta":"check name","oneway":"yes","sidewalk":"left","surface":"asphalt","turn:lanes":"through"},"geometry":{"type":"LineString","coordinates":[[103.7815186,1.2973807],[103.7815085,1.2973837]]}},{"type":"Feature","id":"way/632362051-0-1-0","properties":{"highway":"residential","lanes":"1","maxspeed":"25","name":"Lower Kent Ridge Road","name:ta":"\u0b95\u0bc0\u0bb4\u0bcd \u0b95\u0bc6\u0ba3\u0bcd\u0b9f\u0bcd \u0bb0\u0bbf\u0b9c\u0bcd \u0bb0\u0bcb\u0b9f\u0bc1","name:zh":"\u80af\u7279\u5c97\u8def\u4e0b\u6bb5","note:ta":"check name","oneway":"yes","sidewalk":"left","surface":"asphalt","turn:lanes":"through"},"geometry":{"type":"LineString","coordinates":[[103.7815085,1.2973837],[103.7813971,1.2974164]]}},{"type":"Feature","id":"way/632362051-0-2-0","properties":{"highway":"residential","lanes":"1","maxspeed":"25","name":"Lower Kent Ridge Road","name:ta":"\u0b95\u0bc0\u0bb4\u0bcd \u0b95\u0bc6\u0ba3\u0bcd\u0b9f\u0bcd \u0bb0\u0bbf\u0b9c\u0bcd \u0bb0\u0bcb\u0b9f\u0bc1","name:zh":"\u80af\u7279\u5c97\u8def\u4e0b\u6bb5","note:ta":"check name","oneway":"yes","sidewalk":"left","surface":"asphalt","turn:lanes":"through"},"geometry":{"type":"LineString","coordinates":[[103.7813971,1.2974164],[103.7812524,1.2974401]]}},{"type":"Feature","id":"way/634934091-0-3-0","properties":{"highway":"residential","lanes":"2","lanes:backward":"1","lanes:forward":"1","lit":"yes","maxspeed":"40","name":"Kent Ridge Road","name:ta":"\u0b95\u0bc6\u0ba3\u0bcd\u0b9f\u0bcd \u0bb0\u0bbf\u0b9c\u0bcd \u0bb0\u0bcb\u0b9f\u0bc1","name:zh":"\u80af\u7279\u5c97\u8def","surface":"asphalt"},"geometry":{"type":"LineString","coordinates":[[103.779039,1.2948504],[103.7792888,1.294818]]}},{"type":"Feature","id":"way/634934091-0-4-0","properties":{"highway":"residential","lanes":"2","lanes:backward":"1","lanes:forward":"1","lit":"yes","maxspeed":"40","name":"Kent Ridge Road","name:ta":"\u0b95\u0bc6\u0ba3\u0bcd\u0b9f\u0bcd \u0bb0\u0bbf\u0b9c\u0bcd \u0bb0\u0bcb\u0b9f\u0bc1","name:zh":"\u80af\u7279\u5c97\u8def","surface":"asphalt"},"geometry":{"type":"LineString","coordinates":[[103.7792888,1.294818],[103.7797093,1.2947499]]}},{"type":"Feature","id":"way/635749559-0-0-0","properties":{"highway":"residential","junction":"roundabout","lanes":"1","maxspeed":"50","name":"Lower Kent Ridge Road","name:ta":"\u0b95\u0bc0\u0bb4\u0bcd \u0b95\u0bc6\u0ba3\u0bcd\u0b9f\u0bcd \u0bb0\u0bbf\u0b9c\u0bcd \u0bb0\u0bcb\u0b9f\u0bc1","name:zh":"\u80af\u7279\u5c97\u8def\u4e0b\u6bb5","note:ta":"check name"},"geometry":{"type":"LineString","coordinates":[[103.7829424,1.2967495],[103.7829052,1.296768]]}},{"type":"Feature","id":"way/635749559-0-1-0","properties":{"highway":"residential","junction":"roundabout","lanes":"1","maxspeed":"50","name":"Lower Kent Ridge Road","name:ta":"\u0b95\u0bc0\u0bb4\u0bcd \u0b95\u0bc6\u0ba3\u0bcd\u0b9f\u0bcd \u0bb0\u0bbf\u0b9c\u0bcd \u0bb0\u0bcb\u0b9f\u0bc1","name:zh":"\u80af\u7279\u5c97\u8def\u4e0b\u6bb5","note:ta":"check name"},"geometry":{"type":"LineString","coordinates":[[103.7829052,1.296768],[103.7828898,1.2967866]]}},{"type":"Feature","id":"way/639906027-0-0-0","properties":{"highway":"service"},"geometry":{"type":"LineString","coordinates":[[103.7797093,1.2947499],[103.779589,1.2946604]]}},{"type":"Feature","id":"way/643425147-0-0-0","properties":{"highway":"service","lanes":"1","oneway":"yes","service":"parking_aisle","surface":"asphalt"},"geometry":{"type":"LineString","coordinates":[[103.7815485,1.2974397],[103.7815498,1.2974591]]}},{"type":"Feature","id":"way/643425149-0-0-0","properties":{"highway":"service","lanes":"2","lanes:backward":"1","lanes:forward":"1","oneway":"yes","service":"parking_aisle","surface":"asphalt","turn:lanes:backward":"left;through;right","turn:lanes:forward":"left"},"geometry":{"type":"LineString","coordinates":[[103.7822782,1.2971731],[103.7823022,1.2972192]]}},{"type":"Feature","id":"way/643425149-0-1-0","properties":{"highway":"service","lanes":"2","lanes:backward":"1","lanes:forward":"1","oneway":"yes","service":"parking_aisle","surface":"asphalt","turn:lanes:backward":"left;through;right","turn:lanes:forward":"left"},"geometry":{"type":"LineString","coordinates":[[103.7823022,1.2972192],[103.7823317,1.2972557]]}},{"type":"Feature","id":"way/644393012-0-0-0","properties":{"highway":"service","lanes":"2","lanes:backward":"1","lanes:forward":"1","name":"Science Drive 2","name:zh":"\u79d1\u5b662\u901a\u9053","oneway":"yes","sidewalk":"both","surface":"asphalt","turn:lanes:backward":"left;right","turn:lanes:forward":"through"},"geometry":{"type":"LineString","coordinates":[[103.7798695,1.297264],[103.7798912,1.2972049]]}},{"type":"Feature","id":"way/644393012-0-1-0","properties":{"highway":"service","lanes":"2","lanes:backward":"1","lanes:forward":"1","name":"Science Drive 2","name:zh":"\u79d1\u5b662\u901a\u9053","oneway":"yes","sidewalk":"both","surface":"asphalt","turn:lanes:backward":"left;right","turn:lanes:forward":"through"},"geometry":{"type":"LineString","coordinates":[[103.7798912,1.2972049],[103.779885,1.297177]]}},{"type":"Feature","id":"way/644393012-0-2-0","properties":{"highway":"service","lanes":"2","lanes:backward":"1","lanes:forward":"1","name":"Science Drive 2","name:zh":"\u79d1\u5b662\u901a\u9053","oneway":"yes","sidewalk":"both","surface":"asphalt","turn:lanes:backward":"left;right","turn:lanes:forward":"through"},"geometry":{"type":"LineString","coordinates":[[103.779885,1.297177],[103.7798588,1.2971972]]}},{"type":"Feature","id":"way/644393012-0-3-0","properties":{"highway":"service","lanes":"2","lanes:backward":"1","lanes:forward":"1","name":"Science Drive 2","name:zh":"\u79d1\u5b662\u901a\u9053","oneway":"yes","sidewalk":"both","surface":"asphalt","turn:lanes:backward":"left;right","turn:lanes:forward":"through"},"geometry":{"type":"LineString","coordinates":[[103.7798588,1.2971972],[103.7798359,1.2972515]]}},{"type":"Feature","id":"way/644394107-0-0-0","properties":{"highway":"service","lanes":"2","lanes:backward":"1","lanes:forward":"1","sidewalk":"left","surface":"asphalt","turn:lanes:backward":"left;right","turn:lanes:forward":"left;through"},"geometry":{"type":"LineString","coordinates":[[103.7815186,1.2973807],[103.7814389,1.2971793]]}},{"type":"Feature","id":"way/646234319-0-0-0","properties":{"highway":"service","lanes":"2","lanes:backward":"1","lanes:forward":"1","surface":"asphalt","turn:lanes:forward":"through;right"},"geometry":{"type":"LineString","coordinates":[[103.7813913,1.297019],[103.7814389,1.2971793]]}},{"type":"Feature","id":"way/646704010-0-0-0","properties":{"highway":"service","lanes":"2","lanes:backward":"1","lanes:forward":"1","name":"Science Drive 4","name:zh":"\u79d1\u5b664\u901a\u9053","oneway":"no","surface":"asphalt"},"geometry":{"type":"LineString","coordinates":[[103.780008,1.295573],[103.7798276,1.2956371]]}},{"type":"Feature","id":"way/646704010-0-1-0","properties":{"highway":"service","lanes":"2","lanes:backward":"1","lanes:forward":"1","name":"Science Drive 4","name:zh":"\u79d1\u5b664\u901a\u9053","oneway":"no","surface":"asphalt"},"geometry":{"type":"LineString","coordinates":[[103.7798276,1.2956371],[103.7796894,1.2956845]]}},{"type":"Feature","id":"way/647085175-0-0-0","properties":{"highway":"service","lanes":"2","lanes:backward":"1","lanes:forward":"1","name":"Science Drive 2","name:zh":"\u79d1\u5b662\u901a\u9053","oneway":"no","sidewalk":"both","surface":"asphalt","turn:lanes:backward":"through;right"},"geometry":{"type":"LineString","coordinates":[[103.7800361,1.2968178],[103.7799764,1.2969526]]}},{"type":"Feature","id":"way/647085890-0-0-0","properties":{"highway":"service","lanes":"2","lanes:backward":"1","lanes:forward":"1","layer":"-2","turn:lanes:backward":"through","turn:lanes:forward":"through"},"geometry":{"type":"LineString","coordinates":[[103.781402,1.2964858],[103.7814221,1.2965332]]}},{"type":"Feature","id":"way/647085890-0-1-0","properties":{"highway":"service","lanes":"2","lanes:backward":"1","lanes:forward":"1","layer":"-2","turn:lanes:backward":"through","turn:lanes:forward":"through"},"geometry":{"type":"LineString","coordinates":[[103.7814221,1.2965332],[103.7815133,1.2964702]]}},{"type":"Feature","id":"way/647085890-0-2-0","properties":{"highway":"service","lanes":"2","lanes:backward":"1","lanes:forward":"1","layer":"-2","turn:lanes:backward":"through","turn:lanes:forward":"through"},"geometry":{"type":"LineString","coordinates":[[103.7815133,1.2964702],[103.7815642,1.2964541]]}},{"type":"Feature","id":"way/647085890-0-3-0","properties":{"highway":"service","lanes":"2","lanes:backward":"1","lanes:forward":"1","layer":"-2","turn:lanes:backward":"through","turn:lanes:forward":"through"},"geometry":{"type":"LineString","coordinates":[[103.7815642,1.2964541],[103.7816407,1.2963924]]}},{"type":"Feature","id":"way/647085890-0-4-0","properties":{"highway":"service","lanes":"2","lanes:backward":"1","lanes:forward":"1","layer":"-2","turn:lanes:backward":"through","turn:lanes:forward":"through"},"geometry":{"type":"LineString","coordinates":[[103.7816407,1.2963924],[103.7816769,1.2963589]]}},{"type":"Feature","id":"way/647086219-0-0-0","properties":{"highway":"service","lanes":"2","lanes:backward":"1","lanes:forward":"1","name":"Medical Drive","name:en":"Medical Drive","name:zh":"\u533b\u5b66\u901a\u9053","surface":"asphalt"},"geometry":{"type":"LineString","coordinates":[[103.7821212,1.2956778],[103.7821042,1.2955679]]}},{"type":"Feature","id":"way/647086220-0-0-0","properties":{"highway":"service","lanes":"2","lanes:backward":"1","lanes:forward":"1","name":"Medical Drive","name:en":"Medical Drive","name:zh":"\u533b\u5b66\u901a\u9053","sidewalk":"right","surface":"asphalt"},"geometry":{"type":"LineString","coordinates":[[103.7821042,1.2955679],[103.7820967,1.29553]]}},{"type":"Feature","id":"way/647086220-0-1-0","properties":{"highway":"service","lanes":"2","lanes:backward":"1","lanes:forward":"1","name":"Medical Drive","name:en":"Medical Drive","name:zh":"\u533b\u5b66\u901a\u9053","sidewalk":"right","surface":"asphalt"},"geometry":{"type":"LineString","coordinates":[[103.7820967,1.29553],[103.7820944,1.2955186]]}},{"type":"Feature","id":"way/647086220-0-2-0","properties":{"highway":"service","lanes":"2","lanes:backward":"1","lanes:forward":"1","name":"Medical Drive","name:en":"Medical Drive","name:zh":"\u533b\u5b66\u901a\u9053","sidewalk":"right","surface":"asphalt"},"geometry":{"type":"LineString","coordinates":[[103.7820944,1.2955186],[103.7820842,1.2954375]]}},{"type":"Feature","id":"way/647086220-0-3-0","properties":{"highway":"service","lanes":"2","lanes:backward":"1","lanes:forward":"1","name":"Medical Drive","name:en":"Medical Drive","name:zh":"\u533b\u5b66\u901a\u9053","sidewalk":"right","surface":"asphalt"},"geometry":{"type":"LineString","coordinates":[[103.7820842,1.2954375],[103.7820825,1.2953664]]}},{"type":"Feature","id":"way/647086220-0-4-0","properties":{"highway":"service","lanes":"2","lanes:backward":"1","lanes:forward":"1","name":"Medical Drive","name:en":"Medical Drive","name:zh":"\u533b\u5b66\u901a\u9053","sidewalk":"right","surface":"asphalt"},"geometry":{"type":"LineString","coordinates":[[103.7820825,1.2953664],[103.7820772,1.2952728]]}},{"type":"Feature","id":"way/647086579-0-0-0","properties":{"highway":"service","lanes":"2","lanes:backward":"1","lanes:forward":"1","name":"Medical Drive","name:en":"Medical Drive","name:zh":"\u533b\u5b66\u901a\u9053","sidewalk":"right","surface":"asphalt"},"geometry":{"type":"LineString","coordinates":[[103.7815456,1.2946713],[103.7815048,1.294604]]}},{"type":"Feature","id":"way/647086580-0-0-0","properties":{"highway":"service","lanes":"2","lanes:backward":"1","lanes:forward":"1","name":"Medical Drive","name:en":"Medical Drive","name:zh":"\u533b\u5b66\u901a\u9053","sidewalk":"right","surface":"asphalt"},"geometry":{"type":"LineString","coordinates":[[103.7820847,1.2950019],[103.781834,1.2949038]]}},{"type":"Feature","id":"way/647086580-0-1-0","properties":{"highway":"service","lanes":"2","lanes:backward":"1","lanes:forward":"1","name":"Medical Drive","name:en":"Medical Drive","name:zh":"\u533b\u5b66\u901a\u9053","sidewalk":"right","surface":"asphalt"},"geometry":{"type":"LineString","coordinates":[[103.781834,1.2949038],[103.7817399,1.2948818]]}},{"type":"Feature","id":"way/647086580-0-2-0","properties":{"highway":"service","lanes":"2","lanes:backward":"1","lanes:forward":"1","name":"Medical Drive","name:en":"Medical Drive","name:zh":"\u533b\u5b66\u901a\u9053","sidewalk":"right","surface":"asphalt"},"geometry":{"type":"LineString","coordinates":[[103.7817399,1.2948818],[103.7817172,1.2948669]]}},{"type":"Feature","id":"way/647086580-0-3-0","properties":{"highway":"service","lanes":"2","lanes:backward":"1","lanes:forward":"1","name":"Medical Drive","name:en":"Medical Drive","name:zh":"\u533b\u5b66\u901a\u9053","sidewalk":"right","surface":"asphalt"},"geometry":{"type":"LineString","coordinates":[[103.7817172,1.2948669],[103.7817039,1.2948582]]}},{"type":"Feature","id":"way/647086580-0-4-0","properties":{"highway":"service","lanes":"2","lanes:backward":"1","lanes:forward":"1","name":"Medical Drive","name:en":"Medical Drive","name:zh":"\u533b\u5b66\u901a\u9053","sidewalk":"right","surface":"asphalt"},"geometry":{"type":"LineString","coordinates":[[103.7817039,1.2948582],[103.7816621,1.2948309]]}},{"type":"Feature","id":"way/647086580-0-5-0","properties":{"highway":"service","lanes":"2","lanes:backward":"1","lanes:forward":"1","name":"Medical Drive","name:en":"Medical Drive","name:zh":"\u533b\u5b66\u901a\u9053","sidewalk":"right","surface":"asphalt"},"geometry":{"type":"LineString","coordinates":[[103.7816621,1.2948309],[103.7815897,1.2947397]]}},{"type":"Feature","id":"way/647086580-0-6-0","properties":{"highway":"service","lanes":"2","lanes:backward":"1","lanes:forward":"1","name":"Medical Drive","name:en":"Medical Drive","name:zh":"\u533b\u5b66\u901a\u9053","sidewalk":"right","surface":"asphalt"},"geometry":{"type":"LineString","coordinates":[[103.7815897,1.2947397],[103.7815456,1.2946713]]}},{"type":"Feature","id":"way/647087597-0-0-0","properties":{"highway":"residential","lanes":"2","lanes:backward":"1","lanes:forward":"1","maxspeed":"40","name":"Lower Kent Ridge Road","name:ta":"\u0b95\u0bc0\u0bb4\u0bcd \u0b95\u0bc6\u0ba3\u0bcd\u0b9f\u0bcd \u0bb0\u0bbf\u0b9c\u0bcd \u0bb0\u0bcb\u0b9f\u0bc1","name:zh":"\u80af\u7279\u5c97\u8def\u4e0b\u6bb5","note:ta":"check name","sidewalk":"both","surface":"asphalt","turn:lanes:backward":"left;through"},"geometry":{"type":"LineString","coordinates":[[103.7798695,1.297264],[103.7799869,1.2973206]]}},{"type":"Feature","id":"way/647087598-0-0-0","properties":{"highway":"residential","lanes":"1","maxheight":"7","maxspeed":"25","name":"Lower Kent Ridge Road","name:ta":"\u0b95\u0bc0\u0bb4\u0bcd \u0b95\u0bc6\u0ba3\u0bcd\u0b9f\u0bcd \u0bb0\u0bbf\u0b9c\u0bcd \u0bb0\u0bcb\u0b9f\u0bc1","name:zh":"\u80af\u7279\u5c97\u8def\u4e0b\u6bb5","note:ta":"check name","oneway":"yes","surface":"asphalt","turn:lanes":"through"},"geometry":{"type":"LineString","coordinates":[[103.7803906,1.2974265],[103.7804273,1.2974362]]}},{"type":"Feature","id":"way/647087598-0-1-0","properties":{"highway":"residential","lanes":"1","maxheight":"7","maxspeed":"25","name":"Lower Kent Ridge Road","name:ta":"\u0b95\u0bc0\u0bb4\u0bcd \u0b95\u0bc6\u0ba3\u0bcd\u0b9f\u0bcd \u0bb0\u0bbf\u0b9c\u0bcd \u0bb0\u0bcb\u0b9f\u0bc1","name:zh":"\u80af\u7279\u5c97\u8def\u4e0b\u6bb5","note:ta":"check name","oneway":"yes","surface":"asphalt","turn:lanes":"through"},"geometry":{"type":"LineString","coordinates":[[103.7804273,1.2974362],[103.7805094,1.2974575]]}},{"type":"Feature","id":"way/647087598-0-2-0","properties":{"highway":"residential","lanes":"1","maxheight":"7","maxspeed":"25","name":"Lower Kent Ridge Road","name:ta":"\u0b95\u0bc0\u0bb4\u0bcd \u0b95\u0bc6\u0ba3\u0bcd\u0b9f\u0bcd \u0bb0\u0bbf\u0b9c\u0bcd \u0bb0\u0bcb\u0b9f\u0bc1","name:zh":"\u80af\u7279\u5c97\u8def\u4e0b\u6bb5","note:ta":"check name","oneway":"yes","surface":"asphalt","turn:lanes":"through"},"geometry":{"type":"LineString","coordinates":[[103.7805094,1.2974575],[103.7806839,1.2974916]]}},{"type":"Feature","id":"way/647092485-0-0-0","properties":{"highway":"service","lanes":"2","lanes:backward":"1","lanes:forward":"1","name":"Medical Drive","name:en":"Medical Drive","name:zh":"\u533b\u5b66\u901a\u9053","sidewalk":"both","surface":"asphalt","turn:lanes:backward":"left;right"},"geometry":{"type":"LineString","coordinates":[[103.7821613,1.2968074],[103.7821548,1.2967429]]}},{"type":"Feature","id":"way/647092485-0-1-0","properties":{"highway":"service","lanes":"2","lanes:backward":"1","lanes:forward":"1","name":"Medical Drive","name:en":"Medical Drive","name:zh":"\u533b\u5b66\u901a\u9053","sidewalk":"both","surface":"asphalt","turn:lanes:backward":"left;right"},"geometry":{"type":"LineString","coordinates":[[103.7821548,1.2967429],[103.7821565,1.2966425]]}},{"type":"Feature","id":"way/647098888-0-0-0","properties":{"highway":"residential","lanes":"1","maxspeed":"40","name":"Lower Kent Ridge Road","name:ta":"\u0b95\u0bc0\u0bb4\u0bcd \u0b95\u0bc6\u0ba3\u0bcd\u0b9f\u0bcd \u0bb0\u0bbf\u0b9c\u0bcd \u0bb0\u0bcb\u0b9f\u0bc1","name:zh":"\u80af\u7279\u5c97\u8def\u4e0b\u6bb5","note:ta":"check name","oneway":"yes","sidewalk":"left","surface":"asphalt"},"geometry":{"type":"LineString","coordinates":[[103.7824328,1.2969292],[103.7823742,1.2969402]]}},{"type":"Feature","id":"way/647098890-0-0-0","properties":{"highway":"service","lanes":"1","name":"Science Drive 2","name:zh":"\u79d1\u5b662\u901a\u9053","oneway":"yes","surface":"asphalt","turn:lanes":"right"},"geometry":{"type":"LineString","coordinates":[[103.7803304,1.2957439],[103.7803511,1.2957305]]}},{"type":"Feature","id":"way/647098890-0-1-0","properties":{"highway":"service","lanes":"1","name":"Science Drive 2","name:zh":"\u79d1\u5b662\u901a\u9053","oneway":"yes","surface":"asphalt","turn:lanes":"right"},"geometry":{"type":"LineString","coordinates":[[103.7803511,1.2957305],[103.7803651,1.2957089]]}},{"type":"Feature","id":"way/647098890-0-2-0","properties":{"highway":"service","lanes":"1","name":"Science Drive 2","name:zh":"\u79d1\u5b662\u901a\u9053","oneway":"yes","surface":"asphalt","turn:lanes":"right"},"geometry":{"type":"LineString","coordinates":[[103.7803651,1.2957089],[103.7803685,1.2956875]]}},{"type":"Feature","id":"way/647098890-0-3-0","properties":{"highway":"service","lanes":"1","name":"Science Drive 2","name:zh":"\u79d1\u5b662\u901a\u9053","oneway":"yes","surface":"asphalt","turn:lanes":"right"},"geometry":{"type":"LineString","coordinates":[[103.7803685,1.2956875],[103.7803646,1.2956704]]}},{"type":"Feature","id":"way/652569816-0-0-0","properties":{"highway":"residential","lanes":"3","lanes:backward":"1","lanes:forward":"2","maxspeed":"40","name":"Lower Kent Ridge Road","name:ta":"\u0b95\u0bc0\u0bb4\u0bcd \u0b95\u0bc6\u0ba3\u0bcd\u0b9f\u0bcd \u0bb0\u0bbf\u0b9c\u0bcd \u0bb0\u0bcb\u0b9f\u0bc1","name:zh":"\u80af\u7279\u5c97\u8def\u4e0b\u6bb5","note:ta":"check name","sidewalk":"both","surface":"asphalt","turn:lanes:forward":"through|right"},"geometry":{"type":"LineString","coordinates":[[103.7794508,1.2971347],[103.7795819,1.2971637]]}},{"type":"Feature","id":"way/652569816-0-1-0","properties":{"highway":"residential","lanes":"3","lanes:backward":"1","lanes:forward":"2","maxspeed":"40","name":"Lower Kent Ridge Road","name:ta":"\u0b95\u0bc0\u0bb4\u0bcd \u0b95\u0bc6\u0ba3\u0bcd\u0b9f\u0bcd \u0bb0\u0bbf\u0b9c\u0bcd \u0bb0\u0bcb\u0b9f\u0bc1","name:zh":"\u80af\u7279\u5c97\u8def\u4e0b\u6bb5","note:ta":"check name","sidewalk":"both","surface":"asphalt","turn:lanes:forward":"through|right"},"geometry":{"type":"LineString","coordinates":[[103.7795819,1.2971637],[103.7796973,1.2971999]]}},{"type":"Feature","id":"way/652569817-0-0-0","properties":{"highway":"residential","lanes":"2","lanes:backward":"1","lanes:forward":"1","maxspeed":"40","name":"Lower Kent Ridge Road","name:ta":"\u0b95\u0bc0\u0bb4\u0bcd \u0b95\u0bc6\u0ba3\u0bcd\u0b9f\u0bcd \u0bb0\u0bbf\u0b9c\u0bcd \u0bb0\u0bcb\u0b9f\u0bc1","name:zh":"\u80af\u7279\u5c97\u8def\u4e0b\u6bb5","note:ta":"check name","sidewalk":"both","surface":"asphalt","turn:lanes:backward":"left;through","turn:lanes:forward":"through"},"geometry":{"type":"LineString","coordinates":[[103.7790911,1.2971322],[103.7792399,1.2971255]]}},{"type":"Feature","id":"way/652569823-0-0-0","properties":{"highway":"residential","lanes":"2","lanes:backward":"1","lanes:forward":"1","maxspeed":"40","name":"Lower Kent Ridge Road","name:ta":"\u0b95\u0bc0\u0bb4\u0bcd \u0b95\u0bc6\u0ba3\u0bcd\u0b9f\u0bcd \u0bb0\u0bbf\u0b9c\u0bcd \u0bb0\u0bcb\u0b9f\u0bc1","name:zh":"\u80af\u7279\u5c97\u8def\u4e0b\u6bb5","note:ta":"check name","sidewalk":"both","surface":"asphalt","turn:lanes:backward":"none","turn:lanes:forward":"through;right"},"geometry":{"type":"LineString","coordinates":[[103.7792399,1.2971255],[103.7793801,1.2971302]]}},{"type":"Feature","id":"way/652569823-0-1-0","properties":{"highway":"residential","lanes":"2","lanes:backward":"1","lanes:forward":"1","maxspeed":"40","name":"Lower Kent Ridge Road","name:ta":"\u0b95\u0bc0\u0bb4\u0bcd \u0b95\u0bc6\u0ba3\u0bcd\u0b9f\u0bcd \u0bb0\u0bbf\u0b9c\u0bcd \u0bb0\u0bcb\u0b9f\u0bc1","name:zh":"\u80af\u7279\u5c97\u8def\u4e0b\u6bb5","note:ta":"check name","sidewalk":"both","surface":"asphalt","turn:lanes:backward":"none","turn:lanes:forward":"through;right"},"geometry":{"type":"LineString","coordinates":[[103.7793801,1.2971302],[103.7794508,1.2971347]]}},{"type":"Feature","id":"way/655555611-0-0-0","properties":{"highway":"motorway","lanes":"5","maxheight":"4.5","maxspeed":"90","name":"Ayer Rajah Expressway","name:ms":"Lebuhraya Ayer Rajah","name:ta":"\u0b86\u0baf\u0bb0\u0bcd \u0bb0\u0bbe\u0b9c\u0bbe \u0bb5\u0bbf\u0bb0\u0bb5\u0bc1\u0b9a\u0bcd\u0b9a\u0bbe\u0bb2\u0bc8","name:zh":"\u4e9a\u9038\u62c9\u60f9\u9ad8\u901f\u516c\u8def","oneway":"yes","ref":"AYE","surface":"asphalt","turn:lanes":"left|through|through|through|through","wikidata":"Q2657325","wikipedia":"en:Ayer Rajah Expressway"},"geometry":{"type":"LineString","coordinates":[[103.783111,1.2975197],[103.7835041,1.297224]]}},{"type":"Feature","id":"way/666705227-0-0-0","properties":{"highway":"residential","lanes":"1","maxheight":"7","maxspeed":"25","name":"Lower Kent Ridge Road","name:ta":"\u0b95\u0bc0\u0bb4\u0bcd \u0b95\u0bc6\u0ba3\u0bcd\u0b9f\u0bcd \u0bb0\u0bbf\u0b9c\u0bcd \u0bb0\u0bcb\u0b9f\u0bc1","name:zh":"\u80af\u7279\u5c97\u8def\u4e0b\u6bb5","note:ta":"check name","oneway":"yes","sidewalk":"left","surface":"asphalt","turn:lanes":"through"},"geometry":{"type":"LineString","coordinates":[[103.7807604,1.2974208],[103.7807166,1.2974174]]}},{"type":"Feature","id":"way/666705227-0-1-0","properties":{"highway":"residential","lanes":"1","maxheight":"7","maxspeed":"25","name":"Lower Kent Ridge Road","name:ta":"\u0b95\u0bc0\u0bb4\u0bcd \u0b95\u0bc6\u0ba3\u0bcd\u0b9f\u0bcd \u0bb0\u0bbf\u0b9c\u0bcd \u0bb0\u0bcb\u0b9f\u0bc1","name:zh":"\u80af\u7279\u5c97\u8def\u4e0b\u6bb5","note:ta":"check name","oneway":"yes","sidewalk":"left","surface":"asphalt","turn:lanes":"through"},"geometry":{"type":"LineString","coordinates":[[103.7807166,1.2974174],[103.7806503,1.2974147]]}},{"type":"Feature","id":"way/666705227-0-2-0","properties":{"highway":"residential","lanes":"1","maxheight":"7","maxspeed":"25","name":"Lower Kent Ridge Road","name:ta":"\u0b95\u0bc0\u0bb4\u0bcd \u0b95\u0bc6\u0ba3\u0bcd\u0b9f\u0bcd \u0bb0\u0bbf\u0b9c\u0bcd \u0bb0\u0bcb\u0b9f\u0bc1","name:zh":"\u80af\u7279\u5c97\u8def\u4e0b\u6bb5","note:ta":"check name","oneway":"yes","sidewalk":"left","surface":"asphalt","turn:lanes":"through"},"geometry":{"type":"LineString","coordinates":[[103.7806503,1.2974147],[103.7805713,1.2974121]]}},{"type":"Feature","id":"way/666705227-0-3-0","properties":{"highway":"residential","lanes":"1","maxheight":"7","maxspeed":"25","name":"Lower Kent Ridge Road","name:ta":"\u0b95\u0bc0\u0bb4\u0bcd \u0b95\u0bc6\u0ba3\u0bcd\u0b9f\u0bcd \u0bb0\u0bbf\u0b9c\u0bcd \u0bb0\u0bcb\u0b9f\u0bc1","name:zh":"\u80af\u7279\u5c97\u8def\u4e0b\u6bb5","note:ta":"check name","oneway":"yes","sidewalk":"left","surface":"asphalt","turn:lanes":"through"},"geometry":{"type":"LineString","coordinates":[[103.7805713,1.2974121],[103.7804882,1.2974081]]}},{"type":"Feature","id":"way/666705227-0-4-0","properties":{"highway":"residential","lanes":"1","maxheight":"7","maxspeed":"25","name":"Lower Kent Ridge Road","name:ta":"\u0b95\u0bc0\u0bb4\u0bcd \u0b95\u0bc6\u0ba3\u0bcd\u0b9f\u0bcd \u0bb0\u0bbf\u0b9c\u0bcd \u0bb0\u0bcb\u0b9f\u0bc1","name:zh":"\u80af\u7279\u5c97\u8def\u4e0b\u6bb5","note:ta":"check name","oneway":"yes","sidewalk":"left","surface":"asphalt","turn:lanes":"through"},"geometry":{"type":"LineString","coordinates":[[103.7804882,1.2974081],[103.7804359,1.2974187]]}},{"type":"Feature","id":"way/666705227-0-5-0","properties":{"highway":"residential","lanes":"1","maxheight":"7","maxspeed":"25","name":"Lower Kent Ridge Road","name:ta":"\u0b95\u0bc0\u0bb4\u0bcd \u0b95\u0bc6\u0ba3\u0bcd\u0b9f\u0bcd \u0bb0\u0bbf\u0b9c\u0bcd \u0bb0\u0bcb\u0b9f\u0bc1","name:zh":"\u80af\u7279\u5c97\u8def\u4e0b\u6bb5","note:ta":"check name","oneway":"yes","sidewalk":"left","surface":"asphalt","turn:lanes":"through"},"geometry":{"type":"LineString","coordinates":[[103.7804359,1.2974187],[103.7803906,1.2974265]]}},{"type":"Feature","id":"way/666705229-0-0-0","properties":{"highway":"residential","lanes":"2","lanes:backward":"1","lanes:forward":"1","maxspeed":"40","name":"Lower Kent Ridge Road","name:ta":"\u0b95\u0bc0\u0bb4\u0bcd \u0b95\u0bc6\u0ba3\u0bcd\u0b9f\u0bcd \u0bb0\u0bbf\u0b9c\u0bcd \u0bb0\u0bcb\u0b9f\u0bc1","name:zh":"\u80af\u7279\u5c97\u8def\u4e0b\u6bb5","note:ta":"check name","sidewalk":"both","surface":"asphalt"},"geometry":{"type":"LineString","coordinates":[[103.7801418,1.2973712],[103.780298,1.2974059]]}},{"type":"Feature","id":"way/669056614-0-0-0","properties":{"highway":"residential","lanes":"2","lanes:backward":"1","lanes:forward":"1","maxspeed":"40","name":"Kent Ridge Road","name:ta":"\u0b95\u0bc6\u0ba3\u0bcd\u0b9f\u0bcd \u0bb0\u0bbf\u0b9c\u0bcd \u0bb0\u0bcb\u0b9f\u0bc1","name:zh":"\u80af\u7279\u5c97\u8def","surface":"asphalt","turn:lanes:forward":"through;right"},"geometry":{"type":"LineString","coordinates":[[103.781163,1.2932306],[103.7812525,1.2929789]]}},{"type":"Feature","id":"way/688475485-0-0-0","properties":{"highway":"service","lanes":"1","oneway":"yes"},"geometry":{"type":"LineString","coordinates":[[103.7833518,1.2953901],[103.78337,1.2954107]]}},{"type":"Feature","id":"way/688475485-0-1-0","properties":{"highway":"service","lanes":"1","oneway":"yes"},"geometry":{"type":"LineString","coordinates":[[103.78337,1.2954107],[103.7834007,1.2954401]]}},{"type":"Feature","id":"way/688475485-0-2-0","properties":{"highway":"service","lanes":"1","oneway":"yes"},"geometry":{"type":"LineString","coordinates":[[103.7834007,1.2954401],[103.7834276,1.2954601]]}},{"type":"Feature","id":"way/690372990-0-0-0","properties":{"highway":"service","lanes":"2","oneway":"yes","surface":"asphalt","turn:lanes":"through|through"},"geometry":{"type":"LineString","coordinates":[[103.7833518,1.2953901],[103.783621,1.2953942]]}},{"type":"Feature","id":"way/706343460-0-0-0","properties":{"highway":"service","lanes":"1","oneway":"yes","service":"driveway","turn:lanes":"through"},"geometry":{"type":"LineString","coordinates":[[103.7803198,1.2969512],[103.7802576,1.2969212]]}},{"type":"Feature","id":"way/706343467-0-0-0","properties":{"highway":"service","lanes":"1","name":"Science Drive 1","name:zh":"\u79d1\u5b661\u901a\u9053","oneway":"yes","service":"parking_aisle","surface":"asphalt","turn:lanes":"through"},"geometry":{"type":"LineString","coordinates":[[103.7805907,1.2970722],[103.7804828,1.2968896]]}},{"type":"Feature","id":"way/706343468-0-0-0","properties":{"highway":"service","lanes":"2","lanes:backward":"1","lanes:forward":"1","name":"Science Drive 1","name:zh":"\u79d1\u5b661\u901a\u9053","service":"driveway"},"geometry":{"type":"LineString","coordinates":[[103.7805907,1.2970722],[103.780623,1.2971092]]}},{"type":"Feature","id":"way/706343469-0-0-0","properties":{"highway":"service","lanes":"1","name":"Science Drive 1","name:zh":"\u79d1\u5b661\u901a\u9053","oneway":"yes","service":"driveway","turn:lanes":"through"},"geometry":{"type":"LineString","coordinates":[[103.7807604,1.2974208],[103.7807532,1.2973863]]}},{"type":"Feature","id":"way/706343469-0-1-0","properties":{"highway":"service","lanes":"1","name":"Science Drive 1","name:zh":"\u79d1\u5b661\u901a\u9053","oneway":"yes","service":"driveway","turn:lanes":"through"},"geometry":{"type":"LineString","coordinates":[[103.7807532,1.2973863],[103.7807489,1.2973655]]}},{"type":"Feature","id":"way/706343469-0-2-0","properties":{"highway":"service","lanes":"1","name":"Science Drive 1","name:zh":"\u79d1\u5b661\u901a\u9053","oneway":"yes","service":"driveway","turn:lanes":"through"},"geometry":{"type":"LineString","coordinates":[[103.7807489,1.2973655],[103.7807297,1.2973035]]}},{"type":"Feature","id":"way/706343469-0-3-0","properties":{"highway":"service","lanes":"1","name":"Science Drive 1","name:zh":"\u79d1\u5b661\u901a\u9053","oneway":"yes","service":"driveway","turn:lanes":"through"},"geometry":{"type":"LineString","coordinates":[[103.7807297,1.2973035],[103.7807051,1.2972883]]}},{"type":"Feature","id":"way/706343471-0-0-0","properties":{"highway":"service","lanes":"2","lanes:backward":"1","lanes:forward":"1","name":"Science Drive 1","name:zh":"\u79d1\u5b661\u901a\u9053","service":"driveway"},"geometry":{"type":"LineString","coordinates":[[103.780681,1.2972198],[103.7807051,1.2972883]]}},{"type":"Feature","id":"way/706343472-0-0-0","properties":{"highway":"service","lanes":"2","lanes:backward":"1","lanes:forward":"1","name":"Science Drive 1","name:zh":"\u79d1\u5b661\u901a\u9053","oneway":"no","service":"parking_aisle","surface":"asphalt","turn:lanes:backward":"through","turn:lanes:forward":"through"},"geometry":{"type":"LineString","coordinates":[[103.780654,1.29716],[103.7806625,1.2971783]]}},{"type":"Feature","id":"way/706343472-0-1-0","properties":{"highway":"service","lanes":"2","lanes:backward":"1","lanes:forward":"1","name":"Science Drive 1","name:zh":"\u79d1\u5b661\u901a\u9053","oneway":"no","service":"parking_aisle","surface":"asphalt","turn:lanes:backward":"through","turn:lanes:forward":"through"},"geometry":{"type":"LineString","coordinates":[[103.7806625,1.2971783],[103.7806702,1.2971944]]}},{"type":"Feature","id":"way/706343473-0-0-0","properties":{"highway":"service","lanes":"2","lanes:backward":"1","lanes:forward":"1","name":"Science Drive 1","name:zh":"\u79d1\u5b661\u901a\u9053","service":"driveway"},"geometry":{"type":"LineString","coordinates":[[103.7806702,1.2971944],[103.7806774,1.2972125]]}},{"type":"Feature","id":"way/706343473-0-1-0","properties":{"highway":"service","lanes":"2","lanes:backward":"1","lanes:forward":"1","name":"Science Drive 1","name:zh":"\u79d1\u5b661\u901a\u9053","service":"driveway"},"geometry":{"type":"LineString","coordinates":[[103.7806774,1.2972125],[103.780681,1.2972198]]}},{"type":"Feature","id":"way/712009395-0-0-0","properties":{"highway":"service","lanes":"1","name":"Science Drive 1","name:zh":"\u79d1\u5b661\u901a\u9053","oneway":"yes","service":"parking_aisle","surface":"asphalt","turn:lanes":"left"},"geometry":{"type":"LineString","coordinates":[[103.7807051,1.2972883],[103.7806968,1.2973074]]}},{"type":"Feature","id":"way/712009395-0-1-0","properties":{"highway":"service","lanes":"1","name":"Science Drive 1","name:zh":"\u79d1\u5b661\u901a\u9053","oneway":"yes","service":"parking_aisle","surface":"asphalt","turn:lanes":"left"},"geometry":{"type":"LineString","coordinates":[[103.7806968,1.2973074],[103.7806994,1.2973237]]}},{"type":"Feature","id":"way/712009395-0-2-0","properties":{"highway":"service","lanes":"1","name":"Science Drive 1","name:zh":"\u79d1\u5b661\u901a\u9053","oneway":"yes","service":"parking_aisle","surface":"asphalt","turn:lanes":"left"},"geometry":{"type":"LineString","coordinates":[[103.7806994,1.2973237],[103.7807099,1.297363]]}},{"type":"Feature","id":"way/712009395-0-3-0","properties":{"highway":"service","lanes":"1","name":"Science Drive 1","name:zh":"\u79d1\u5b661\u901a\u9053","oneway":"yes","service":"parking_aisle","surface":"asphalt","turn:lanes":"left"},"geometry":{"type":"LineString","coordinates":[[103.7807099,1.297363],[103.7807123,1.2973822]]}},{"type":"Feature","id":"way/712009395-0-4-0","properties":{"highway":"service","lanes":"1","name":"Science Drive 1","name:zh":"\u79d1\u5b661\u901a\u9053","oneway":"yes","service":"parking_aisle","surface":"asphalt","turn:lanes":"left"},"geometry":{"type":"LineString","coordinates":[[103.7807123,1.2973822],[103.7807166,1.2974174]]}},{"type":"Feature","id":"way/728069003-0-0-0","properties":{"highway":"service","lanes":"2","lanes:backward":"1","lanes:forward":"1","service":"parking_aisle","surface":"asphalt","turn:lanes:backward":"left;right","turn:lanes:forward":"through"},"geometry":{"type":"LineString","coordinates":[[103.7830603,1.2929045],[103.7830581,1.2931642]]}},{"type":"Feature","id":"way/728069004-0-0-0","properties":{"highway":"service","lanes":"2","lanes:backward":"1","lanes:forward":"1","service":"parking_aisle","surface":"asphalt","turn:lanes:backward":"left","turn:lanes:forward":"through"},"geometry":{"type":"LineString","coordinates":[[103.7831133,1.2938983],[103.7833506,1.2938937]]}},{"type":"Feature","id":"way/728069005-0-0-0","properties":{"highway":"service","lanes":"1","oneway":"yes","service":"parking_aisle","surface":"asphalt","turn:lanes":"through"},"geometry":{"type":"LineString","coordinates":[[103.7833506,1.2938937],[103.7834607,1.2939737]]}},{"type":"Feature","id":"way/728069005-0-1-0","properties":{"highway":"service","lanes":"1","oneway":"yes","service":"parking_aisle","surface":"asphalt","turn:lanes":"through"},"geometry":{"type":"LineString","coordinates":[[103.7834607,1.2939737],[103.7834992,1.2939814]]}},{"type":"Feature","id":"way/728069005-0-2-0","properties":{"highway":"service","lanes":"1","oneway":"yes","service":"parking_aisle","surface":"asphalt","turn:lanes":"through"},"geometry":{"type":"LineString","coordinates":[[103.7834992,1.2939814],[103.7835324,1.2939822]]}},{"type":"Feature","id":"way/734033119-0-0-0","properties":{"highway":"residential","lanes":"1","maxspeed":"25","name":"Lower Kent Ridge Road","name:ta":"\u0b95\u0bc0\u0bb4\u0bcd \u0b95\u0bc6\u0ba3\u0bcd\u0b9f\u0bcd \u0bb0\u0bbf\u0b9c\u0bcd \u0bb0\u0bcb\u0b9f\u0bc1","name:zh":"\u80af\u7279\u5c97\u8def\u4e0b\u6bb5","note:ta":"check name","oneway":"yes","sidewalk":"left","surface":"asphalt","turn:lanes":"through"},"geometry":{"type":"LineString","coordinates":[[103.7812524,1.2974401],[103.781208,1.2974408]]}},{"type":"Feature","id":"way/734033119-0-1-0","properties":{"highway":"residential","lanes":"1","maxspeed":"25","name":"Lower Kent Ridge Road","name:ta":"\u0b95\u0bc0\u0bb4\u0bcd \u0b95\u0bc6\u0ba3\u0bcd\u0b9f\u0bcd \u0bb0\u0bbf\u0b9c\u0bcd \u0bb0\u0bcb\u0b9f\u0bc1","name:zh":"\u80af\u7279\u5c97\u8def\u4e0b\u6bb5","note:ta":"check name","oneway":"yes","sidewalk":"left","surface":"asphalt","turn:lanes":"through"},"geometry":{"type":"LineString","coordinates":[[103.781208,1.2974408],[103.781087,1.2974427]]}},{"type":"Feature","id":"way/734033119-0-2-0","properties":{"highway":"residential","lanes":"1","maxspeed":"25","name":"Lower Kent Ridge Road","name:ta":"\u0b95\u0bc0\u0bb4\u0bcd \u0b95\u0bc6\u0ba3\u0bcd\u0b9f\u0bcd \u0bb0\u0bbf\u0b9c\u0bcd \u0bb0\u0bcb\u0b9f\u0bc1","name:zh":"\u80af\u7279\u5c97\u8def\u4e0b\u6bb5","note:ta":"check name","oneway":"yes","sidewalk":"left","surface":"asphalt","turn:lanes":"through"},"geometry":{"type":"LineString","coordinates":[[103.781087,1.2974427],[103.7809982,1.2974379]]}},{"type":"Feature","id":"way/744611502-0-0-0","properties":{"highway":"service","lanes":"1","oneway":"yes","service":"parking_aisle","surface":"asphalt","turn:lanes":"right"},"geometry":{"type":"LineString","coordinates":[[103.7791458,1.2965869],[103.7791949,1.2965688]]}},{"type":"Feature","id":"way/744611502-0-1-0","properties":{"highway":"service","lanes":"1","oneway":"yes","service":"parking_aisle","surface":"asphalt","turn:lanes":"right"},"geometry":{"type":"LineString","coordinates":[[103.7791949,1.2965688],[103.7792163,1.2965573]]}},{"type":"Feature","id":"way/744633318-0-0-0","properties":{"highway":"service","lanes":"2","lanes:backward":"1","lanes:forward":"1","name":"Science Drive 2","name:zh":"\u79d1\u5b662\u901a\u9053","surface":"asphalt"},"geometry":{"type":"LineString","coordinates":[[103.7800987,1.2954236],[103.7800586,1.2954454]]}},{"type":"Feature","id":"way/744633318-0-1-0","properties":{"highway":"service","lanes":"2","lanes:backward":"1","lanes:forward":"1","name":"Science Drive 2","name:zh":"\u79d1\u5b662\u901a\u9053","surface":"asphalt"},"geometry":{"type":"LineString","coordinates":[[103.7800586,1.2954454],[103.780026,1.2954848]]}},{"type":"Feature","id":"way/744633318-0-2-0","properties":{"highway":"service","lanes":"2","lanes:backward":"1","lanes:forward":"1","name":"Science Drive 2","name:zh":"\u79d1\u5b662\u901a\u9053","surface":"asphalt"},"geometry":{"type":"LineString","coordinates":[[103.780026,1.2954848],[103.780021,1.2954989]]}},{"type":"Feature","id":"way/744633318-0-3-0","properties":{"highway":"service","lanes":"2","lanes:backward":"1","lanes:forward":"1","name":"Science Drive 2","name:zh":"\u79d1\u5b662\u901a\u9053","surface":"asphalt"},"geometry":{"type":"LineString","coordinates":[[103.780021,1.2954989],[103.7800089,1.2955332]]}},{"type":"Feature","id":"way/744633318-0-4-0","properties":{"highway":"service","lanes":"2","lanes:backward":"1","lanes:forward":"1","name":"Science Drive 2","name:zh":"\u79d1\u5b662\u901a\u9053","surface":"asphalt"},"geometry":{"type":"LineString","coordinates":[[103.7800089,1.2955332],[103.780008,1.295573]]}},{"type":"Feature","id":"way/744633319-0-0-0","properties":{"highway":"service","lanes":"2","lanes:backward":"1","lanes:forward":"1","name":"Science Drive 2","name:zh":"\u79d1\u5b662\u901a\u9053","surface":"asphalt","turn:lanes:backward":"through","turn:lanes:forward":"through"},"geometry":{"type":"LineString","coordinates":[[103.7800987,1.2954236],[103.7802818,1.2953565]]}},{"type":"Feature","id":"way/744633320-0-0-0","properties":{"covered":"yes","highway":"service","lanes":"2","lanes:backward":"1","lanes:forward":"1","name":"Science Drive 2","name:zh":"\u79d1\u5b662\u901a\u9053","oneway":"no","surface":"asphalt","turn:lanes:backward":"through","turn:lanes:forward":"through"},"geometry":{"type":"LineString","coordinates":[[103.7801334,1.2956926],[103.7802079,1.29571]]}},{"type":"Feature","id":"way/744633321-0-0-0","properties":{"highway":"service","lanes":"2","lanes:backward":"1","lanes:forward":"1","name":"Science Drive 2","name:zh":"\u79d1\u5b662\u901a\u9053","oneway":"no","surface":"asphalt"},"geometry":{"type":"LineString","coordinates":[[103.7802532,1.2957285],[103.7802079,1.29571]]}},{"type":"Feature","id":"way/744633322-0-0-0","properties":{"highway":"service","lanes":"2","lanes:backward":"1","lanes:forward":"1","name":"Science Drive 2","name:zh":"\u79d1\u5b662\u901a\u9053","surface":"asphalt"},"geometry":{"type":"LineString","coordinates":[[103.7802532,1.2957285],[103.78028,1.2957388]]}},{"type":"Feature","id":"way/744633322-0-1-0","properties":{"highway":"service","lanes":"2","lanes:backward":"1","lanes:forward":"1","name":"Science Drive 2","name:zh":"\u79d1\u5b662\u901a\u9053","surface":"asphalt"},"geometry":{"type":"LineString","coordinates":[[103.78028,1.2957388],[103.7802981,1.2957458]]}},{"type":"Feature","id":"way/744633322-0-2-0","properties":{"highway":"service","lanes":"2","lanes:backward":"1","lanes:forward":"1","name":"Science Drive 2","name:zh":"\u79d1\u5b662\u901a\u9053","surface":"asphalt"},"geometry":{"type":"LineString","coordinates":[[103.7802981,1.2957458],[103.7803304,1.2957439]]}},{"type":"Feature","id":"way/744633323-0-0-0","properties":{"highway":"service","lanes":"1","name":"Science Drive 2","name:zh":"\u79d1\u5b662\u901a\u9053","oneway":"yes","surface":"asphalt","turn:lanes":"left;right"},"geometry":{"type":"LineString","coordinates":[[103.7803464,1.2956552],[103.7803207,1.2956499]]}},{"type":"Feature","id":"way/744633323-0-1-0","properties":{"highway":"service","lanes":"1","name":"Science Drive 2","name:zh":"\u79d1\u5b662\u901a\u9053","oneway":"yes","surface":"asphalt","turn:lanes":"left;right"},"geometry":{"type":"LineString","coordinates":[[103.7803207,1.2956499],[103.7802642,1.2956734]]}},{"type":"Feature","id":"way/744633323-0-2-0","properties":{"highway":"service","lanes":"1","name":"Science Drive 2","name:zh":"\u79d1\u5b662\u901a\u9053","oneway":"yes","surface":"asphalt","turn:lanes":"left;right"},"geometry":{"type":"LineString","coordinates":[[103.7802642,1.2956734],[103.7802079,1.29571]]}},{"type":"Feature","id":"way/744633324-0-0-0","properties":{"highway":"residential","lanes":"3","lanes:backward":"1","lanes:forward":"2","maxspeed":"40","name":"Lower Kent Ridge Road","name:ta":"\u0b95\u0bc0\u0bb4\u0bcd \u0b95\u0bc6\u0ba3\u0bcd\u0b9f\u0bcd \u0bb0\u0bbf\u0b9c\u0bcd \u0bb0\u0bcb\u0b9f\u0bc1","name:zh":"\u80af\u7279\u5c97\u8def\u4e0b\u6bb5","note:ta":"check name","sidewalk":"both","surface":"asphalt","turn:lanes:backward":"through","turn:lanes:forward":"through|right"},"geometry":{"type":"LineString","coordinates":[[103.7796973,1.2971999],[103.7798359,1.2972515]]}},{"type":"Feature","id":"way/744633324-0-1-0","properties":{"highway":"residential","lanes":"3","lanes:backward":"1","lanes:forward":"2","maxspeed":"40","name":"Lower Kent Ridge Road","name:ta":"\u0b95\u0bc0\u0bb4\u0bcd \u0b95\u0bc6\u0ba3\u0bcd\u0b9f\u0bcd \u0bb0\u0bbf\u0b9c\u0bcd \u0bb0\u0bcb\u0b9f\u0bc1","name:zh":"\u80af\u7279\u5c97\u8def\u4e0b\u6bb5","note:ta":"check name","sidewalk":"both","surface":"asphalt","turn:lanes:backward":"through","turn:lanes:forward":"through|right"},"geometry":{"type":"LineString","coordinates":[[103.7798359,1.2972515],[103.7798695,1.297264]]}},{"type":"Feature","id":"way/744657449-0-0-0","properties":{"covered":"yes","highway":"service","lanes":"1","maxheight":"4.5","oneway":"yes","service":"driveway","turn:lanes":"left;right"},"geometry":{"type":"LineString","coordinates":[[103.7802576,1.2969212],[103.7800989,1.2968465]]}},{"type":"Feature","id":"way/744657450-0-1-0","properties":{"highway":"residential","lanes":"2","maxspeed":"25","name":"Lower Kent Ridge Road","name:ta":"\u0b95\u0bc0\u0bb4\u0bcd \u0b95\u0bc6\u0ba3\u0bcd\u0b9f\u0bcd \u0bb0\u0bbf\u0b9c\u0bcd \u0bb0\u0bcb\u0b9f\u0bc1","name:zh":"\u80af\u7279\u5c97\u8def\u4e0b\u6bb5","note:ta":"check name","oneway":"yes","surface":"asphalt","turn:lanes":"left;through|through;right"},"geometry":{"type":"LineString","coordinates":[[103.7814245,1.2974753],[103.7815485,1.2974397]]}},{"type":"Feature","id":"way/744657451-0-0-0","properties":{"highway":"residential","lanes":"2","lanes:backward":"1","lanes:forward":"1","maxspeed":"40","name":"Lower Kent Ridge Road","name:ta":"\u0b95\u0bc0\u0bb4\u0bcd \u0b95\u0bc6\u0ba3\u0bcd\u0b9f\u0bcd \u0bb0\u0bbf\u0b9c\u0bcd \u0bb0\u0bcb\u0b9f\u0bc1","name:zh":"\u80af\u7279\u5c97\u8def\u4e0b\u6bb5","note:ta":"check name","sidewalk":"both","surface":"asphalt","turn:lanes:backward":"through","turn:lanes:forward":"through"},"geometry":{"type":"LineString","coordinates":[[103.780298,1.2974059],[103.7803906,1.2974265]]}},{"type":"Feature","id":"way/744657452-0-0-0","properties":{"highway":"residential","lanes":"2","lanes:backward":"1","lanes:forward":"1","maxspeed":"40","name":"Lower Kent Ridge Road","name:ta":"\u0b95\u0bc0\u0bb4\u0bcd \u0b95\u0bc6\u0ba3\u0bcd\u0b9f\u0bcd \u0bb0\u0bbf\u0b9c\u0bcd \u0bb0\u0bcb\u0b9f\u0bc1","name:zh":"\u80af\u7279\u5c97\u8def\u4e0b\u6bb5","note:ta":"check name","sidewalk":"both","surface":"asphalt","turn:lanes:backward":"left;through"},"geometry":{"type":"LineString","coordinates":[[103.7799869,1.2973206],[103.7801418,1.2973712]]}},{"type":"Feature","id":"way/744666004-0-0-0","properties":{"highway":"service","lanes":"2","lanes:backward":"1","lanes:forward":"1","name":"Medical Drive","name:en":"Medical Drive","name:zh":"\u533b\u5b66\u901a\u9053","surface":"asphalt"},"geometry":{"type":"LineString","coordinates":[[103.7822289,1.2970391],[103.7822073,1.2969585]]}},{"type":"Feature","id":"way/744666005-0-0-0","properties":{"highway":"residential","lanes":"2","maxspeed":"40","name":"Lower Kent Ridge Road","name:ta":"\u0b95\u0bc0\u0bb4\u0bcd \u0b95\u0bc6\u0ba3\u0bcd\u0b9f\u0bcd \u0bb0\u0bbf\u0b9c\u0bcd \u0bb0\u0bcb\u0b9f\u0bc1","name:zh":"\u80af\u7279\u5c97\u8def\u4e0b\u6bb5","note:ta":"check name","oneway":"yes","sidewalk":"left","surface":"asphalt"},"geometry":{"type":"LineString","coordinates":[[103.7822073,1.2969585],[103.7820824,1.2970236]]}},{"type":"Feature","id":"way/744666006-0-0-0","properties":{"highway":"residential","lanes":"2","maxspeed":"40","name":"Lower Kent Ridge Road","name:ta":"\u0b95\u0bc0\u0bb4\u0bcd \u0b95\u0bc6\u0ba3\u0bcd\u0b9f\u0bcd \u0bb0\u0bbf\u0b9c\u0bcd \u0bb0\u0bcb\u0b9f\u0bc1","name:zh":"\u80af\u7279\u5c97\u8def\u4e0b\u6bb5","note:ta":"check name","oneway":"yes","surface":"asphalt","turn:lanes":"left;through|right"},"geometry":{"type":"LineString","coordinates":[[103.7820731,1.2971014],[103.7822289,1.2970391]]}},{"type":"Feature","id":"way/744666007-0-0-0","properties":{"highway":"service","surface":"asphalt"},"geometry":{"type":"LineString","coordinates":[[103.7815186,1.2973807],[103.7815485,1.2974397]]}},{"type":"Feature","id":"way/744666008-0-0-0","properties":{"highway":"service","lanes":"2","lanes:backward":"1","lanes:forward":"1"},"geometry":{"type":"LineString","coordinates":[[103.7812637,1.2968728],[103.7813302,1.2968502]]}},{"type":"Feature","id":"way/744666008-0-1-0","properties":{"highway":"service","lanes":"2","lanes:backward":"1","lanes:forward":"1"},"geometry":{"type":"LineString","coordinates":[[103.7813302,1.2968502],[103.7815104,1.2967802]]}},{"type":"Feature","id":"way/744666008-0-2-0","properties":{"highway":"service","lanes":"2","lanes:backward":"1","lanes:forward":"1"},"geometry":{"type":"LineString","coordinates":[[103.7815104,1.2967802],[103.7818055,1.2966703]]}},{"type":"Feature","id":"way/744666009-0-0-0","properties":{"highway":"residential","lanes":"2","maxspeed":"40","name":"Lower Kent Ridge Road","name:ta":"\u0b95\u0bc0\u0bb4\u0bcd \u0b95\u0bc6\u0ba3\u0bcd\u0b9f\u0bcd \u0bb0\u0bbf\u0b9c\u0bcd \u0bb0\u0bcb\u0b9f\u0bc1","name:zh":"\u80af\u7279\u5c97\u8def\u4e0b\u6bb5","note:ta":"check name","oneway":"yes","surface":"asphalt","turn:lanes":"left;through|right"},"geometry":{"type":"LineString","coordinates":[[103.7815485,1.2974397],[103.7816416,1.2973895]]}},{"type":"Feature","id":"way/744666009-0-1-0","properties":{"highway":"residential","lanes":"2","maxspeed":"40","name":"Lower Kent Ridge Road","name:ta":"\u0b95\u0bc0\u0bb4\u0bcd \u0b95\u0bc6\u0ba3\u0bcd\u0b9f\u0bcd \u0bb0\u0bbf\u0b9c\u0bcd \u0bb0\u0bcb\u0b9f\u0bc1","name:zh":"\u80af\u7279\u5c97\u8def\u4e0b\u6bb5","note:ta":"check name","oneway":"yes","surface":"asphalt","turn:lanes":"left;through|right"},"geometry":{"type":"LineString","coordinates":[[103.7816416,1.2973895],[103.7817627,1.2973071]]}},{"type":"Feature","id":"way/744666009-0-2-0","properties":{"highway":"residential","lanes":"2","maxspeed":"40","name":"Lower Kent Ridge Road","name:ta":"\u0b95\u0bc0\u0bb4\u0bcd \u0b95\u0bc6\u0ba3\u0bcd\u0b9f\u0bcd \u0bb0\u0bbf\u0b9c\u0bcd \u0bb0\u0bcb\u0b9f\u0bc1","name:zh":"\u80af\u7279\u5c97\u8def\u4e0b\u6bb5","note:ta":"check name","oneway":"yes","surface":"asphalt","turn:lanes":"left;through|right"},"geometry":{"type":"LineString","coordinates":[[103.7817627,1.2973071],[103.7818477,1.2972413]]}},{"type":"Feature","id":"way/744666009-0-3-0","properties":{"highway":"residential","lanes":"2","maxspeed":"40","name":"Lower Kent Ridge Road","name:ta":"\u0b95\u0bc0\u0bb4\u0bcd \u0b95\u0bc6\u0ba3\u0bcd\u0b9f\u0bcd \u0bb0\u0bbf\u0b9c\u0bcd \u0bb0\u0bcb\u0b9f\u0bc1","name:zh":"\u80af\u7279\u5c97\u8def\u4e0b\u6bb5","note:ta":"check name","oneway":"yes","surface":"asphalt","turn:lanes":"left;through|right"},"geometry":{"type":"LineString","coordinates":[[103.7818477,1.2972413],[103.7819684,1.2971582]]}},{"type":"Feature","id":"way/744666009-0-4-0","properties":{"highway":"residential","lanes":"2","maxspeed":"40","name":"Lower Kent Ridge Road","name:ta":"\u0b95\u0bc0\u0bb4\u0bcd \u0b95\u0bc6\u0ba3\u0bcd\u0b9f\u0bcd \u0bb0\u0bbf\u0b9c\u0bcd \u0bb0\u0bcb\u0b9f\u0bc1","name:zh":"\u80af\u7279\u5c97\u8def\u4e0b\u6bb5","note:ta":"check name","oneway":"yes","surface":"asphalt","turn:lanes":"left;through|right"},"geometry":{"type":"LineString","coordinates":[[103.7819684,1.2971582],[103.7820731,1.2971014]]}},{"type":"Feature","id":"way/744666010-0-0-0","properties":{"highway":"residential","lanes":"1","maxspeed":"25","name":"Lower Kent Ridge Road","name:ta":"\u0b95\u0bc0\u0bb4\u0bcd \u0b95\u0bc6\u0ba3\u0bcd\u0b9f\u0bcd \u0bb0\u0bbf\u0b9c\u0bcd \u0bb0\u0bcb\u0b9f\u0bc1","name:zh":"\u80af\u7279\u5c97\u8def\u4e0b\u6bb5","note:ta":"check name","oneway":"yes","sidewalk":"left","surface":"asphalt","turn:lanes":"left;through;right"},"geometry":{"type":"LineString","coordinates":[[103.7816791,1.2972978],[103.7815889,1.2973447]]}},{"type":"Feature","id":"way/744666010-0-1-0","properties":{"highway":"residential","lanes":"1","maxspeed":"25","name":"Lower Kent Ridge Road","name:ta":"\u0b95\u0bc0\u0bb4\u0bcd \u0b95\u0bc6\u0ba3\u0bcd\u0b9f\u0bcd \u0bb0\u0bbf\u0b9c\u0bcd \u0bb0\u0bcb\u0b9f\u0bc1","name:zh":"\u80af\u7279\u5c97\u8def\u4e0b\u6bb5","note:ta":"check name","oneway":"yes","sidewalk":"left","surface":"asphalt","turn:lanes":"left;through;right"},"geometry":{"type":"LineString","coordinates":[[103.7815889,1.2973447],[103.7815186,1.2973807]]}},{"type":"Feature","id":"way/744666011-0-0-0","properties":{"highway":"residential","lanes":"1","maxspeed":"25","name":"Lower Kent Ridge Road","name:ta":"\u0b95\u0bc0\u0bb4\u0bcd \u0b95\u0bc6\u0ba3\u0bcd\u0b9f\u0bcd \u0bb0\u0bbf\u0b9c\u0bcd \u0bb0\u0bcb\u0b9f\u0bc1","name:zh":"\u80af\u7279\u5c97\u8def\u4e0b\u6bb5","note:ta":"check name","oneway":"yes","sidewalk":"left","surface":"asphalt","turn:lanes":"left;through"},"geometry":{"type":"LineString","coordinates":[[103.7809982,1.2974379],[103.7808711,1.297435]]}},{"type":"Feature","id":"way/744666011-0-1-0","properties":{"highway":"residential","lanes":"1","maxspeed":"25","name":"Lower Kent Ridge Road","name:ta":"\u0b95\u0bc0\u0bb4\u0bcd \u0b95\u0bc6\u0ba3\u0bcd\u0b9f\u0bcd \u0bb0\u0bbf\u0b9c\u0bcd \u0bb0\u0bcb\u0b9f\u0bc1","name:zh":"\u80af\u7279\u5c97\u8def\u4e0b\u6bb5","note:ta":"check name","oneway":"yes","sidewalk":"left","surface":"asphalt","turn:lanes":"left;through"},"geometry":{"type":"LineString","coordinates":[[103.7808711,1.297435],[103.7807961,1.2974254]]}},{"type":"Feature","id":"way/744666011-0-2-0","properties":{"highway":"residential","lanes":"1","maxspeed":"25","name":"Lower Kent Ridge Road","name:ta":"\u0b95\u0bc0\u0bb4\u0bcd \u0b95\u0bc6\u0ba3\u0bcd\u0b9f\u0bcd \u0bb0\u0bbf\u0b9c\u0bcd \u0bb0\u0bcb\u0b9f\u0bc1","name:zh":"\u80af\u7279\u5c97\u8def\u4e0b\u6bb5","note:ta":"check name","oneway":"yes","sidewalk":"left","surface":"asphalt","turn:lanes":"left;through"},"geometry":{"type":"LineString","coordinates":[[103.7807961,1.2974254],[103.7807604,1.2974208]]}},{"type":"Feature","id":"way/744670301-0-0-0","properties":{"highway":"residential","lanes":"1","maxspeed":"40","name":"Lower Kent Ridge Road","name:ta":"\u0b95\u0bc0\u0bb4\u0bcd \u0b95\u0bc6\u0ba3\u0bcd\u0b9f\u0bcd \u0bb0\u0bbf\u0b9c\u0bcd \u0bb0\u0bcb\u0b9f\u0bc1","name:zh":"\u80af\u7279\u5c97\u8def\u4e0b\u6bb5","note:ta":"check name","oneway":"yes","sidewalk":"left","surface":"asphalt"},"geometry":{"type":"LineString","coordinates":[[103.7820824,1.2970236],[103.7818598,1.2971684]]}},{"type":"Feature","id":"way/744670301-0-1-0","properties":{"highway":"residential","lanes":"1","maxspeed":"40","name":"Lower Kent Ridge Road","name:ta":"\u0b95\u0bc0\u0bb4\u0bcd \u0b95\u0bc6\u0ba3\u0bcd\u0b9f\u0bcd \u0bb0\u0bbf\u0b9c\u0bcd \u0bb0\u0bcb\u0b9f\u0bc1","name:zh":"\u80af\u7279\u5c97\u8def\u4e0b\u6bb5","note:ta":"check name","oneway":"yes","sidewalk":"left","surface":"asphalt"},"geometry":{"type":"LineString","coordinates":[[103.7818598,1.2971684],[103.7816791,1.2972978]]}},{"type":"Feature","id":"way/744674769-0-0-0","properties":{"highway":"service","lanes":"2","lanes:backward":"1","lanes:forward":"1","name":"Medical Drive","name:en":"Medical Drive","name:zh":"\u533b\u5b66\u901a\u9053","sidewalk":"right","surface":"asphalt","turn:lanes:forward":"left;through"},"geometry":{"type":"LineString","coordinates":[[103.7820772,1.2952728],[103.7820847,1.2950019]]}},{"type":"Feature","id":"way/744674770-0-0-0","properties":{"highway":"service","lanes":"2","lanes:backward":"1","lanes:forward":"1","turn:lanes:backward":"through;right"},"geometry":{"type":"LineString","coordinates":[[103.7815449,1.2960662],[103.7815991,1.2962262]]}},{"type":"Feature","id":"way/744674771-0-0-0","properties":{"highway":"service","lanes":"2","lanes:backward":"1","lanes:forward":"1","turn:lanes:backward":"left;right"},"geometry":{"type":"LineString","coordinates":[[103.7816769,1.2963589],[103.7816427,1.2963073]]}},{"type":"Feature","id":"way/744674771-0-1-0","properties":{"highway":"service","lanes":"2","lanes:backward":"1","lanes:forward":"1","turn:lanes:backward":"left;right"},"geometry":{"type":"LineString","coordinates":[[103.7816427,1.2963073],[103.7815991,1.2962262]]}},{"type":"Feature","id":"way/744674772-0-0-0","properties":{"highway":"service","lanes":"2","lanes:backward":"1","lanes:forward":"1","layer":"-2"},"geometry":{"type":"LineString","coordinates":[[103.7817802,1.2963348],[103.7819357,1.2962912]]}},{"type":"Feature","id":"way/744674773-0-0-0","properties":{"highway":"service","lanes":"2","lanes:backward":"1","lanes:forward":"1","layer":"-2","sidewalk":"left","turn:lanes:backward":"through","turn:lanes:forward":"left"},"geometry":{"type":"LineString","coordinates":[[103.7819357,1.2962912],[103.7820263,1.2962785]]}},{"type":"Feature","id":"way/744674774-0-0-0","properties":{"highway":"service","lanes":"2","lanes:backward":"1","lanes:forward":"1","layer":"-2","turn:lanes:backward":"left;through","turn:lanes:forward":"through"},"geometry":{"type":"LineString","coordinates":[[103.7816769,1.2963589],[103.7817802,1.2963348]]}},{"type":"Feature","id":"way/744674775-0-0-0","properties":{"highway":"service","lanes":"2","lanes:backward":"1","lanes:forward":"1","name":"Medical Drive","name:en":"Medical Drive","name:zh":"\u533b\u5b66\u901a\u9053","sidewalk":"right","surface":"asphalt"},"geometry":{"type":"LineString","coordinates":[[103.7821565,1.2966425],[103.782188,1.2964398]]}},{"type":"Feature","id":"way/744674776-0-0-0","properties":{"highway":"service","lanes":"3","lanes:backward":"1","lanes:forward":"2","name":"Medical Drive","name:en":"Medical Drive","name:zh":"\u533b\u5b66\u901a\u9053","sidewalk":"both","surface":"asphalt","turn:lanes:backward":"through","turn:lanes:forward":"left|right"},"geometry":{"type":"LineString","coordinates":[[103.7821613,1.2968074],[103.7821868,1.2968894]]}},{"type":"Feature","id":"way/744674776-0-1-0","properties":{"highway":"service","lanes":"3","lanes:backward":"1","lanes:forward":"2","name":"Medical Drive","name:en":"Medical Drive","name:zh":"\u533b\u5b66\u901a\u9053","sidewalk":"both","surface":"asphalt","turn:lanes:backward":"through","turn:lanes:forward":"left|right"},"geometry":{"type":"LineString","coordinates":[[103.7821868,1.2968894],[103.7822073,1.2969585]]}},{"type":"Feature","id":"way/744684049-0-0-0","properties":{"highway":"service","lanes":"1","oneway":"yes","service":"parking_aisle","surface":"asphalt"},"geometry":{"type":"LineString","coordinates":[[103.7823049,1.2971639],[103.7823459,1.2971516]]}},{"type":"Feature","id":"way/744684049-0-1-0","properties":{"highway":"service","lanes":"1","oneway":"yes","service":"parking_aisle","surface":"asphalt"},"geometry":{"type":"LineString","coordinates":[[103.7823459,1.2971516],[103.7824115,1.2971309]]}},{"type":"Feature","id":"way/744684049-0-2-0","properties":{"highway":"service","lanes":"1","oneway":"yes","service":"parking_aisle","surface":"asphalt"},"geometry":{"type":"LineString","coordinates":[[103.7824115,1.2971309],[103.78245,1.2971394]]}},{"type":"Feature","id":"way/744684049-0-3-0","properties":{"highway":"service","lanes":"1","oneway":"yes","service":"parking_aisle","surface":"asphalt"},"geometry":{"type":"LineString","coordinates":[[103.78245,1.2971394],[103.7824546,1.297161]]}},{"type":"Feature","id":"way/744684049-0-4-0","properties":{"highway":"service","lanes":"1","oneway":"yes","service":"parking_aisle","surface":"asphalt"},"geometry":{"type":"LineString","coordinates":[[103.7824546,1.297161],[103.7824524,1.2971907]]}},{"type":"Feature","id":"way/744684054-0-0-0","properties":{"highway":"service","lanes":"1","oneway":"yes","service":"parking_aisle","surface":"asphalt","turn:lanes":"through"},"geometry":{"type":"LineString","coordinates":[[103.7820685,1.2972855],[103.7820027,1.2973266]]}},{"type":"Feature","id":"way/744684055-0-0-0","properties":{"highway":"service","lanes":"1","oneway":"yes","service":"parking_aisle","surface":"asphalt"},"geometry":{"type":"LineString","coordinates":[[103.7822528,1.2971022],[103.7822347,1.2971424]]}},{"type":"Feature","id":"way/744684055-0-1-0","properties":{"highway":"service","lanes":"1","oneway":"yes","service":"parking_aisle","surface":"asphalt"},"geometry":{"type":"LineString","coordinates":[[103.7822347,1.2971424],[103.7822261,1.2971808]]}},{"type":"Feature","id":"way/744684055-0-2-0","properties":{"highway":"service","lanes":"1","oneway":"yes","service":"parking_aisle","surface":"asphalt"},"geometry":{"type":"LineString","coordinates":[[103.7822261,1.2971808],[103.7822135,1.2971977]]}},{"type":"Feature","id":"way/744684055-0-3-0","properties":{"highway":"service","lanes":"1","oneway":"yes","service":"parking_aisle","surface":"asphalt"},"geometry":{"type":"LineString","coordinates":[[103.7822135,1.2971977],[103.7820685,1.2972855]]}},{"type":"Feature","id":"way/744699284-0-0-0","properties":{"highway":"residential","lanes":"1","maxspeed":"40","name":"Lower Kent Ridge Road","name:ta":"\u0b95\u0bc0\u0bb4\u0bcd \u0b95\u0bc6\u0ba3\u0bcd\u0b9f\u0bcd \u0bb0\u0bbf\u0b9c\u0bcd \u0bb0\u0bcb\u0b9f\u0bc1","name:zh":"\u80af\u7279\u5c97\u8def\u4e0b\u6bb5","note:ta":"check name","oneway":"yes","sidewalk":"left","surface":"asphalt","turn:lanes":"left;through"},"geometry":{"type":"LineString","coordinates":[[103.7825289,1.2969901],[103.7826081,1.2969846]]}},{"type":"Feature","id":"way/744699284-0-1-0","properties":{"highway":"residential","lanes":"1","maxspeed":"40","name":"Lower Kent Ridge Road","name:ta":"\u0b95\u0bc0\u0bb4\u0bcd \u0b95\u0bc6\u0ba3\u0bcd\u0b9f\u0bcd \u0bb0\u0bbf\u0b9c\u0bcd \u0bb0\u0bcb\u0b9f\u0bc1","name:zh":"\u80af\u7279\u5c97\u8def\u4e0b\u6bb5","note:ta":"check name","oneway":"yes","sidewalk":"left","surface":"asphalt","turn:lanes":"left;through"},"geometry":{"type":"LineString","coordinates":[[103.7826081,1.2969846],[103.7827122,1.2969775]]}},{"type":"Feature","id":"way/744699285-0-0-0","properties":{"highway":"service","lanes":"2","lanes:backward":"1","lanes:forward":"1","service":"parking_aisle","surface":"asphalt"},"geometry":{"type":"LineString","coordinates":[[103.782645,1.2971054],[103.7827376,1.2970886]]}},{"type":"Feature","id":"way/744699285-0-1-0","properties":{"highway":"service","lanes":"2","lanes:backward":"1","lanes:forward":"1","service":"parking_aisle","surface":"asphalt"},"geometry":{"type":"LineString","coordinates":[[103.7827376,1.2970886],[103.7829488,1.2970685]]}},{"type":"Feature","id":"way/744699286-0-0-0","properties":{"highway":"service","lanes":"2","lanes:backward":"1","lanes:forward":"1","service":"parking_aisle","surface":"asphalt","turn:lanes:backward":"left","turn:lanes:forward":"left;right"},"geometry":{"type":"LineString","coordinates":[[103.7827122,1.2969775],[103.7827204,1.2970151]]}},{"type":"Feature","id":"way/744699286-0-1-0","properties":{"highway":"service","lanes":"2","lanes:backward":"1","lanes:forward":"1","service":"parking_aisle","surface":"asphalt","turn:lanes:backward":"left","turn:lanes:forward":"left;right"},"geometry":{"type":"LineString","coordinates":[[103.7827204,1.2970151],[103.7827268,1.2970444]]}},{"type":"Feature","id":"way/744699286-0-2-0","properties":{"highway":"service","lanes":"2","lanes:backward":"1","lanes:forward":"1","service":"parking_aisle","surface":"asphalt","turn:lanes:backward":"left","turn:lanes:forward":"left;right"},"geometry":{"type":"LineString","coordinates":[[103.7827268,1.2970444],[103.7827376,1.2970886]]}},{"type":"Feature","id":"way/744699287-0-0-0","properties":{"highway":"residential","lanes":"1","maxspeed":"40","name":"Lower Kent Ridge Road","name:ta":"\u0b95\u0bc0\u0bb4\u0bcd \u0b95\u0bc6\u0ba3\u0bcd\u0b9f\u0bcd \u0bb0\u0bbf\u0b9c\u0bcd \u0bb0\u0bcb\u0b9f\u0bc1","name:zh":"\u80af\u7279\u5c97\u8def\u4e0b\u6bb5","note:ta":"check name","oneway":"yes","sidewalk":"left","surface":"asphalt"},"geometry":{"type":"LineString","coordinates":[[103.7824392,1.2970046],[103.7825142,1.2969911]]}},{"type":"Feature","id":"way/744699287-0-1-0","properties":{"highway":"residential","lanes":"1","maxspeed":"40","name":"Lower Kent Ridge Road","name:ta":"\u0b95\u0bc0\u0bb4\u0bcd \u0b95\u0bc6\u0ba3\u0bcd\u0b9f\u0bcd \u0bb0\u0bbf\u0b9c\u0bcd \u0bb0\u0bcb\u0b9f\u0bc1","name:zh":"\u80af\u7279\u5c97\u8def\u4e0b\u6bb5","note:ta":"check name","oneway":"yes","sidewalk":"left","surface":"asphalt"},"geometry":{"type":"LineString","coordinates":[[103.7825142,1.2969911],[103.7825289,1.2969901]]}},{"type":"Feature","id":"way/744699288-0-0-0","properties":{"highway":"residential","lanes":"1","maxspeed":"40","name":"Lower Kent Ridge Road","name:ta":"\u0b95\u0bc0\u0bb4\u0bcd \u0b95\u0bc6\u0ba3\u0bcd\u0b9f\u0bcd \u0bb0\u0bbf\u0b9c\u0bcd \u0bb0\u0bcb\u0b9f\u0bc1","name:zh":"\u80af\u7279\u5c97\u8def\u4e0b\u6bb5","note:ta":"check name","oneway":"yes","surface":"asphalt"},"geometry":{"type":"LineString","coordinates":[[103.7826751,1.2969073],[103.782624,1.2969203]]}},{"type":"Feature","id":"way/744699288-0-1-0","properties":{"highway":"residential","lanes":"1","maxspeed":"40","name":"Lower Kent Ridge Road","name:ta":"\u0b95\u0bc0\u0bb4\u0bcd \u0b95\u0bc6\u0ba3\u0bcd\u0b9f\u0bcd \u0bb0\u0bbf\u0b9c\u0bcd \u0bb0\u0bcb\u0b9f\u0bc1","name:zh":"\u80af\u7279\u5c97\u8def\u4e0b\u6bb5","note:ta":"check name","oneway":"yes","surface":"asphalt"},"geometry":{"type":"LineString","coordinates":[[103.782624,1.2969203],[103.7825243,1.2969249]]}},{"type":"Feature","id":"way/744699289-0-0-0","properties":{"highway":"residential","lanes":"1","maxspeed":"40","name":"Lower Kent Ridge Road","name:ta":"\u0b95\u0bc0\u0bb4\u0bcd \u0b95\u0bc6\u0ba3\u0bcd\u0b9f\u0bcd \u0bb0\u0bbf\u0b9c\u0bcd \u0bb0\u0bcb\u0b9f\u0bc1","name:zh":"\u80af\u7279\u5c97\u8def\u4e0b\u6bb5","note:ta":"check name","oneway":"yes","sidewalk":"left","surface":"asphalt","turn:lanes":"through"},"geometry":{"type":"LineString","coordinates":[[103.7822289,1.2970391],[103.7822584,1.2970338]]}},{"type":"Feature","id":"way/744699289-0-1-0","properties":{"highway":"residential","lanes":"1","maxspeed":"40","name":"Lower Kent Ridge Road","name:ta":"\u0b95\u0bc0\u0bb4\u0bcd \u0b95\u0bc6\u0ba3\u0bcd\u0b9f\u0bcd \u0bb0\u0bbf\u0b9c\u0bcd \u0bb0\u0bcb\u0b9f\u0bc1","name:zh":"\u80af\u7279\u5c97\u8def\u4e0b\u6bb5","note:ta":"check name","oneway":"yes","sidewalk":"left","surface":"asphalt","turn:lanes":"through"},"geometry":{"type":"LineString","coordinates":[[103.7822584,1.2970338],[103.7823669,1.2970145]]}},{"type":"Feature","id":"way/744699290-0-0-0","properties":{"highway":"residential","lanes":"2","maxspeed":"40","name":"Lower Kent Ridge Road","name:ta":"\u0b95\u0bc0\u0bb4\u0bcd \u0b95\u0bc6\u0ba3\u0bcd\u0b9f\u0bcd \u0bb0\u0bbf\u0b9c\u0bcd \u0bb0\u0bcb\u0b9f\u0bc1","name:zh":"\u80af\u7279\u5c97\u8def\u4e0b\u6bb5","note:ta":"check name","oneway":"yes","sidewalk":"left","surface":"asphalt","turn:lanes":"left;through|through;right"},"geometry":{"type":"LineString","coordinates":[[103.7823742,1.2969402],[103.7822073,1.2969585]]}},{"type":"Feature","id":"way/744709421-0-0-0","properties":{"highway":"service","lanes":"1","oneway":"yes","service":"parking_aisle","turn:lanes":"left;through"},"geometry":{"type":"LineString","coordinates":[[103.7828821,1.2966378],[103.7828716,1.2966509]]}},{"type":"Feature","id":"way/744709421-0-1-0","properties":{"highway":"service","lanes":"1","oneway":"yes","service":"parking_aisle","turn:lanes":"left;through"},"geometry":{"type":"LineString","coordinates":[[103.7828716,1.2966509],[103.7828675,1.2966662]]}},{"type":"Feature","id":"way/744709421-0-2-0","properties":{"highway":"service","lanes":"1","oneway":"yes","service":"parking_aisle","turn:lanes":"left;through"},"geometry":{"type":"LineString","coordinates":[[103.7828675,1.2966662],[103.7828709,1.2966825]]}},{"type":"Feature","id":"way/744709421-0-3-0","properties":{"highway":"service","lanes":"1","oneway":"yes","service":"parking_aisle","turn:lanes":"left;through"},"geometry":{"type":"LineString","coordinates":[[103.7828709,1.2966825],[103.7828872,1.2967232]]}},{"type":"Feature","id":"way/744709421-0-4-0","properties":{"highway":"service","lanes":"1","oneway":"yes","service":"parking_aisle","turn:lanes":"left;through"},"geometry":{"type":"LineString","coordinates":[[103.7828872,1.2967232],[103.7829052,1.296768]]}},{"type":"Feature","id":"way/744889481-0-0-0","properties":{"highway":"service","lanes":"2","oneway":"yes","surface":"asphalt","turn:lanes":"left;through|none"},"geometry":{"type":"LineString","coordinates":[[103.7831748,1.2953891],[103.7833518,1.2953901]]}},{"type":"Feature","id":"way/744892986-0-0-0","properties":{"highway":"service","service":"parking_aisle","surface":"asphalt"},"geometry":{"type":"LineString","coordinates":[[103.7824328,1.2969292],[103.7824392,1.2970046]]}},{"type":"Feature","id":"way/744892987-0-0-0","properties":{"highway":"service","lanes":"2","lanes:backward":"1","lanes:forward":"1","service":"parking_aisle","surface":"asphalt","turn:lanes:backward":"through","turn:lanes:forward":"through"},"geometry":{"type":"LineString","coordinates":[[103.7823249,1.2956995],[103.7823265,1.2955988]]}},{"type":"Feature","id":"way/744893245-0-0-0","properties":{"highway":"service","lanes":"2","lanes:backward":"1","lanes:forward":"1","service":"parking_aisle","surface":"asphalt","turn:lanes:backward":"right","turn:lanes:forward":"through"},"geometry":{"type":"LineString","coordinates":[[103.7824328,1.2969292],[103.7824288,1.2969045]]}},{"type":"Feature","id":"way/744893245-0-1-0","properties":{"highway":"service","lanes":"2","lanes:backward":"1","lanes:forward":"1","service":"parking_aisle","surface":"asphalt","turn:lanes:backward":"right","turn:lanes:forward":"through"},"geometry":{"type":"LineString","coordinates":[[103.7824288,1.2969045],[103.7824252,1.2968822]]}},{"type":"Feature","id":"way/744893245-0-2-0","properties":{"highway":"service","lanes":"2","lanes:backward":"1","lanes:forward":"1","service":"parking_aisle","surface":"asphalt","turn:lanes:backward":"right","turn:lanes:forward":"through"},"geometry":{"type":"LineString","coordinates":[[103.7824252,1.2968822],[103.7824165,1.2968532]]}},{"type":"Feature","id":"way/758259937-0-0-0","properties":{"highway":"service","lanes":"2","lanes:backward":"1","lanes:forward":"1","service":"parking_aisle"},"geometry":{"type":"LineString","coordinates":[[103.7825128,1.2968359],[103.782478,1.2965691]]}},{"type":"Feature","id":"way/758259938-0-0-0","properties":{"highway":"service","lanes":"2","lanes:backward":"1","lanes:forward":"1","service":"parking_aisle","surface":"asphalt","turn:lanes:backward":"right","turn:lanes:forward":"through"},"geometry":{"type":"LineString","coordinates":[[103.7825243,1.2969249],[103.7825207,1.2968967]]}},{"type":"Feature","id":"way/758259938-0-1-0","properties":{"highway":"service","lanes":"2","lanes:backward":"1","lanes:forward":"1","service":"parking_aisle","surface":"asphalt","turn:lanes:backward":"right","turn:lanes:forward":"through"},"geometry":{"type":"LineString","coordinates":[[103.7825207,1.2968967],[103.7825128,1.2968359]]}},{"type":"Feature","id":"way/758259939-0-0-0","properties":{"highway":"service","service":"parking_aisle","surface":"asphalt"},"geometry":{"type":"LineString","coordinates":[[103.7825289,1.2969901],[103.7825243,1.2969249]]}},{"type":"Feature","id":"way/758260420-0-0-0","properties":{"highway":"residential","lanes":"1","maxspeed":"40","name":"Lower Kent Ridge Road","name:ta":"\u0b95\u0bc0\u0bb4\u0bcd \u0b95\u0bc6\u0ba3\u0bcd\u0b9f\u0bcd \u0bb0\u0bbf\u0b9c\u0bcd \u0bb0\u0bcb\u0b9f\u0bc1","name:zh":"\u80af\u7279\u5c97\u8def\u4e0b\u6bb5","note:ta":"check name","oneway":"yes","sidewalk":"left","surface":"asphalt"},"geometry":{"type":"LineString","coordinates":[[103.7825243,1.2969249],[103.7824328,1.2969292]]}},{"type":"Feature","id":"way/758260518-0-0-0","properties":{"highway":"residential","lanes":"1","maxspeed":"40","name":"Lower Kent Ridge Road","name:ta":"\u0b95\u0bc0\u0bb4\u0bcd \u0b95\u0bc6\u0ba3\u0bcd\u0b9f\u0bcd \u0bb0\u0bbf\u0b9c\u0bcd \u0bb0\u0bcb\u0b9f\u0bc1","name:zh":"\u80af\u7279\u5c97\u8def\u4e0b\u6bb5","note:ta":"check name","oneway":"yes","sidewalk":"left","surface":"asphalt"},"geometry":{"type":"LineString","coordinates":[[103.7823669,1.2970145],[103.7823867,1.2970118]]}},{"type":"Feature","id":"way/758260518-0-1-0","properties":{"highway":"residential","lanes":"1","maxspeed":"40","name":"Lower Kent Ridge Road","name:ta":"\u0b95\u0bc0\u0bb4\u0bcd \u0b95\u0bc6\u0ba3\u0bcd\u0b9f\u0bcd \u0bb0\u0bbf\u0b9c\u0bcd \u0bb0\u0bcb\u0b9f\u0bc1","name:zh":"\u80af\u7279\u5c97\u8def\u4e0b\u6bb5","note:ta":"check name","oneway":"yes","sidewalk":"left","surface":"asphalt"},"geometry":{"type":"LineString","coordinates":[[103.7823867,1.2970118],[103.7824392,1.2970046]]}},{"type":"Feature","id":"way/760711038-0-0-0","properties":{"highway":"service","lanes":"1","name":"Science Drive 2","name:zh":"\u79d1\u5b662\u901a\u9053","oneway":"yes","surface":"asphalt","turn:lanes":"right"},"geometry":{"type":"LineString","coordinates":[[103.7803646,1.2956704],[103.7803464,1.2956552]]}},{"type":"Feature","id":"way/763051495-0-0-0","properties":{"covered":"yes","highway":"service","lanes":"1","name":"Science Drive 1","name:zh":"\u79d1\u5b661\u901a\u9053","oneway":"yes","service":"parking_aisle","surface":"asphalt"},"geometry":{"type":"LineString","coordinates":[[103.7804828,1.2968896],[103.7804579,1.2968636]]}},{"type":"Feature","id":"way/763051495-0-1-0","properties":{"covered":"yes","highway":"service","lanes":"1","name":"Science Drive 1","name:zh":"\u79d1\u5b661\u901a\u9053","oneway":"yes","service":"parking_aisle","surface":"asphalt"},"geometry":{"type":"LineString","coordinates":[[103.7804579,1.2968636],[103.7804264,1.2968477]]}},{"type":"Feature","id":"way/763051495-0-2-0","properties":{"covered":"yes","highway":"service","lanes":"1","name":"Science Drive 1","name:zh":"\u79d1\u5b661\u901a\u9053","oneway":"yes","service":"parking_aisle","surface":"asphalt"},"geometry":{"type":"LineString","coordinates":[[103.7804264,1.2968477],[103.7803864,1.2968485]]}},{"type":"Feature","id":"way/763051495-0-3-0","properties":{"covered":"yes","highway":"service","lanes":"1","name":"Science Drive 1","name:zh":"\u79d1\u5b661\u901a\u9053","oneway":"yes","service":"parking_aisle","surface":"asphalt"},"geometry":{"type":"LineString","coordinates":[[103.7803864,1.2968485],[103.78036,1.2968724]]}},{"type":"Feature","id":"way/763051495-0-4-0","properties":{"covered":"yes","highway":"service","lanes":"1","name":"Science Drive 1","name:zh":"\u79d1\u5b661\u901a\u9053","oneway":"yes","service":"parking_aisle","surface":"asphalt"},"geometry":{"type":"LineString","coordinates":[[103.78036,1.2968724],[103.7803284,1.2969352]]}},{"type":"Feature","id":"way/767802301-0-0-0","properties":{"highway":"service","name":"Medical Drive","name:en":"Medical Drive","name:zh":"\u533b\u5b66\u901a\u9053","surface":"asphalt"},"geometry":{"type":"LineString","coordinates":[[103.7814813,1.2945584],[103.7814424,1.294483]]}},{"type":"Feature","id":"way/799230157-0-0-0","properties":{"highway":"service","lanes":"1","layer":"-1","maxheight":"4.2","oneway":"yes","source":"Bing","tunnel":"yes"},"geometry":{"type":"LineString","coordinates":[[103.7835858,1.2960741],[103.7835181,1.2961144]]}},{"type":"Feature","id":"way/799230157-0-1-0","properties":{"highway":"service","lanes":"1","layer":"-1","maxheight":"4.2","oneway":"yes","source":"Bing","tunnel":"yes"},"geometry":{"type":"LineString","coordinates":[[103.7835181,1.2961144],[103.7834848,1.2961597]]}},{"type":"Feature","id":"way/799230157-0-2-0","properties":{"highway":"service","lanes":"1","layer":"-1","maxheight":"4.2","oneway":"yes","source":"Bing","tunnel":"yes"},"geometry":{"type":"LineString","coordinates":[[103.7834848,1.2961597],[103.7834696,1.2962]]}},{"type":"Feature","id":"way/799230157-0-3-0","properties":{"highway":"service","lanes":"1","layer":"-1","maxheight":"4.2","oneway":"yes","source":"Bing","tunnel":"yes"},"geometry":{"type":"LineString","coordinates":[[103.7834696,1.2962],[103.7834019,1.2962435]]}},{"type":"Feature","id":"way/799230157-0-4-0","properties":{"highway":"service","lanes":"1","layer":"-1","maxheight":"4.2","oneway":"yes","source":"Bing","tunnel":"yes"},"geometry":{"type":"LineString","coordinates":[[103.7834019,1.2962435],[103.7833336,1.29624]]}},{"type":"Feature","id":"way/799230157-0-5-0","properties":{"highway":"service","lanes":"1","layer":"-1","maxheight":"4.2","oneway":"yes","source":"Bing","tunnel":"yes"},"geometry":{"type":"LineString","coordinates":[[103.7833336,1.29624],[103.783266,1.296236]]}},{"type":"Feature","id":"way/799230157-0-6-0","properties":{"highway":"service","lanes":"1","layer":"-1","maxheight":"4.2","oneway":"yes","source":"Bing","tunnel":"yes"},"geometry":{"type":"LineString","coordinates":[[103.783266,1.296236],[103.7831984,1.2962397]]}},{"type":"Feature","id":"way/799230157-0-7-0","properties":{"highway":"service","lanes":"1","layer":"-1","maxheight":"4.2","oneway":"yes","source":"Bing","tunnel":"yes"},"geometry":{"type":"LineString","coordinates":[[103.7831984,1.2962397],[103.7831563,1.2963448]]}},{"type":"Feature","id":"way/799230157-0-8-0","properties":{"highway":"service","lanes":"1","layer":"-1","maxheight":"4.2","oneway":"yes","source":"Bing","tunnel":"yes"},"geometry":{"type":"LineString","coordinates":[[103.7831563,1.2963448],[103.7831776,1.2964214]]}},{"type":"Feature","id":"way/799230158-0-0-0","properties":{"highway":"service","lanes":"1","oneway":"yes","source":"Bing"},"geometry":{"type":"LineString","coordinates":[[103.7831776,1.2964214],[103.7831846,1.2964469]]}},{"type":"Feature","id":"way/816846331-0-0-0","properties":{"highway":"service","lanes":"1","oneway":"yes","service":"parking_aisle","surface":"asphalt","turn:lanes":"right"},"geometry":{"type":"LineString","coordinates":[[103.7835324,1.2939822],[103.7836102,1.2939777]]}},{"type":"Feature","id":"way/826039170-0-0-0","properties":{"highway":"service","lanes":"2","oneway":"yes","sidewalk":"left","surface":"asphalt","turn:lanes":"through|none"},"geometry":{"type":"LineString","coordinates":[[103.7836198,1.2953206],[103.7833839,1.2953247]]}},{"type":"Feature","id":"way/826043063-0-0-0","properties":{"highway":"service","lanes":"2","lanes:backward":"1","lanes:forward":"1","name":"Medical Drive","name:en":"Medical Drive","name:zh":"\u533b\u5b66\u901a\u9053","surface":"asphalt","turn:lanes:backward":"through;right"},"geometry":{"type":"LineString","coordinates":[[103.7822509,1.295024],[103.7822546,1.2951527]]}},{"type":"Feature","id":"way/826043064-0-0-0","properties":{"highway":"service","lanes":"2","lanes:backward":"1","lanes:forward":"1","turn:lanes:backward":"through"},"geometry":{"type":"LineString","coordinates":[[103.7822509,1.295024],[103.782254,1.2947534]]}},{"type":"Feature","id":"way/847860721-0-0-0","properties":{"highway":"residential","junction":"roundabout","lanes":"1","maxspeed":"50","name":"Lower Kent Ridge Road","name:ta":"\u0b95\u0bc0\u0bb4\u0bcd \u0b95\u0bc6\u0ba3\u0bcd\u0b9f\u0bcd \u0bb0\u0bbf\u0b9c\u0bcd \u0bb0\u0bcb\u0b9f\u0bc1","name:zh":"\u80af\u7279\u5c97\u8def\u4e0b\u6bb5","note:ta":"check name","surface":"asphalt"},"geometry":{"type":"LineString","coordinates":[[103.7830548,1.2968317],[103.7830476,1.2968028]]}},{"type":"Feature","id":"way/847860721-0-1-0","properties":{"highway":"residential","junction":"roundabout","lanes":"1","maxspeed":"50","name":"Lower Kent Ridge Road","name:ta":"\u0b95\u0bc0\u0bb4\u0bcd \u0b95\u0bc6\u0ba3\u0bcd\u0b9f\u0bcd \u0bb0\u0bbf\u0b9c\u0bcd \u0bb0\u0bcb\u0b9f\u0bc1","name:zh":"\u80af\u7279\u5c97\u8def\u4e0b\u6bb5","note:ta":"check name","surface":"asphalt"},"geometry":{"type":"LineString","coordinates":[[103.7830476,1.2968028],[103.7830376,1.2967848]]}},{"type":"Feature","id":"way/847901249-0-0-0","properties":{"highway":"service","lanes":"2","lanes:backward":"1","lanes:forward":"1","layer":"0","name":"Science Drive 2","name:zh":"\u79d1\u5b662\u901a\u9053","oneway":"no","service":"driveway","surface":"asphalt"},"geometry":{"type":"LineString","coordinates":[[103.7800361,1.2968178],[103.7801307,1.296626]]}},{"type":"Feature","id":"way/847901249-0-1-0","properties":{"highway":"service","lanes":"2","lanes:backward":"1","lanes:forward":"1","layer":"0","name":"Science Drive 2","name:zh":"\u79d1\u5b662\u901a\u9053","oneway":"no","service":"driveway","surface":"asphalt"},"geometry":{"type":"LineString","coordinates":[[103.7801307,1.296626],[103.7801934,1.2964989]]}},{"type":"Feature","id":"way/848309544-0-0-0","properties":{"highway":"service","junction":"roundabout","lanes":"1","sidewalk":"left","surface":"asphalt"},"geometry":{"type":"LineString","coordinates":[[103.7823124,1.2952664],[103.782295,1.2952895]]}},{"type":"Feature","id":"way/848309544-0-1-0","properties":{"highway":"service","junction":"roundabout","lanes":"1","sidewalk":"left","surface":"asphalt"},"geometry":{"type":"LineString","coordinates":[[103.782295,1.2952895],[103.7822871,1.2953174]]}},{"type":"Feature","id":"way/848309544-0-2-0","properties":{"highway":"service","junction":"roundabout","lanes":"1","sidewalk":"left","surface":"asphalt"},"geometry":{"type":"LineString","coordinates":[[103.7822871,1.2953174],[103.7822898,1.2953462]]}},{"type":"Feature","id":"way/848309544-0-3-0","properties":{"highway":"service","junction":"roundabout","lanes":"1","sidewalk":"left","surface":"asphalt"},"geometry":{"type":"LineString","coordinates":[[103.7822898,1.2953462],[103.7823028,1.2953721]]}},{"type":"Feature","id":"way/874067396-0-0-0","properties":{"highway":"service","lanes":"2","lanes:backward":"1","lanes:forward":"1","name":"Science Drive 2","name:zh":"\u79d1\u5b662\u901a\u9053","oneway":"no","surface":"asphalt"},"geometry":{"type":"LineString","coordinates":[[103.7801934,1.2964989],[103.7802371,1.2963929]]}},{"type":"Feature","id":"way/992589284-0-0-0","properties":{"highway":"service"},"geometry":{"type":"LineString","coordinates":[[103.7810766,1.2934599],[103.7810312,1.2934627]]}},{"type":"Feature","id":"way/992589284-0-1-0","properties":{"highway":"service"},"geometry":{"type":"LineString","coordinates":[[103.7810312,1.2934627],[103.7809747,1.2934662]]}},{"type":"Feature","id":"way/992589284-0-2-0","properties":{"highway":"service"},"geometry":{"type":"LineString","coordinates":[[103.7809747,1.2934662],[103.7808595,1.2935635]]}},{"type":"Feature","id":"way/992589284-0-3-0","properties":{"highway":"service"},"geometry":{"type":"LineString","coordinates":[[103.7808595,1.2935635],[103.7807036,1.293653]]}},{"type":"Feature","id":"way/992589284-0-4-0","properties":{"highway":"service"},"geometry":{"type":"LineString","coordinates":[[103.7807036,1.293653],[103.7805369,1.2937947]]}},{"type":"Feature","id":"way/992589284-0-5-0","properties":{"highway":"service"},"geometry":{"type":"LineString","coordinates":[[103.7805369,1.2937947],[103.780417,1.2939117]]}},{"type":"Feature","id":"way/1018804296-0-0-0","properties":{"highway":"service","oneway":"yes","service":"driveway"},"geometry":{"type":"LineString","coordinates":[[103.7800989,1.2968465],[103.7800786,1.2968372]]}},{"type":"Feature","id":"way/1018804296-0-1-0","properties":{"highway":"service","oneway":"yes","service":"driveway"},"geometry":{"type":"LineString","coordinates":[[103.7800786,1.2968372],[103.7800361,1.2968178]]}},{"type":"Feature","id":"way/1018804297-0-0-0","properties":{"highway":"service","name":"Science Drive 1","name:zh":"\u79d1\u5b661\u901a\u9053","oneway":"yes","service":"parking_aisle","surface":"paving_stones"},"geometry":{"type":"LineString","coordinates":[[103.7803284,1.2969352],[103.7803198,1.2969512]]}},{"type":"Feature","id":"way/1186359930-0-0-0","properties":{"highway":"service","lanes":"2","lanes:backward":"1","lanes:forward":"1","layer":"0","oneway":"no","service":"driveway","surface":"asphalt"},"geometry":{"type":"LineString","coordinates":[[103.7804683,1.2966231],[103.7805035,1.2966392]]}},{"type":"Feature","id":"way/1186359931-0-0-0","properties":{"highway":"service","lanes":"2","lanes:backward":"1","lanes:forward":"1","oneway":"no","service":"driveway","surface":"asphalt"},"geometry":{"type":"LineString","coordinates":[[103.7804289,1.2966045],[103.7804683,1.2966231]]}},{"type":"Feature","id":"way/1186360593-0-0-0","properties":{"highway":"service","lanes":"2","lanes:backward":"1","lanes:forward":"1","layer":"0","oneway":"no","service":"driveway","surface":"asphalt"},"geometry":{"type":"LineString","coordinates":[[103.7801934,1.2964989],[103.7804289,1.2966045]]}},{"type":"Feature","id":"way/1207742836-0-0-0","properties":{"covered":"yes","highway":"service","lanes":"2","lanes:backward":"1","lanes:forward":"1","name":"Science Drive 2","name:zh":"\u79d1\u5b662\u901a\u9053","oneway":"no","surface":"asphalt"},"geometry":{"type":"LineString","coordinates":[[103.7802371,1.2963929],[103.7802483,1.2963693]]}},{"type":"Feature","id":"way/1311975808-0-0-0","properties":{"highway":"service","lanes":"2","lanes:backward":"1","lanes:forward":"1","layer":"-1","surface":"asphalt"},"geometry":{"type":"LineString","coordinates":[[103.7813034,1.2944125],[103.7813069,1.2944293]]}},{"type":"Feature","id":"way/1311975808-0-1-0","properties":{"highway":"service","lanes":"2","lanes:backward":"1","lanes:forward":"1","layer":"-1","surface":"asphalt"},"geometry":{"type":"LineString","coordinates":[[103.7813069,1.2944293],[103.7813046,1.2944462]]}},{"type":"Feature","id":"way/1311975808-0-2-0","properties":{"highway":"service","lanes":"2","lanes:backward":"1","lanes:forward":"1","layer":"-1","surface":"asphalt"},"geometry":{"type":"LineString","coordinates":[[103.7813046,1.2944462],[103.7812967,1.2944615]]}},{"type":"Feature","id":"way/1311975808-0-3-0","properties":{"highway":"service","lanes":"2","lanes:backward":"1","lanes:forward":"1","layer":"-1","surface":"asphalt"},"geometry":{"type":"LineString","coordinates":[[103.7812967,1.2944615],[103.7812843,1.2944733]]}},{"type":"Feature","id":"way/1311975808-0-4-0","properties":{"highway":"service","lanes":"2","lanes:backward":"1","lanes:forward":"1","layer":"-1","surface":"asphalt"},"geometry":{"type":"LineString","coordinates":[[103.7812843,1.2944733],[103.7812686,1.2944802]]}},{"type":"Feature","id":"way/1311975808-0-5-0","properties":{"highway":"service","lanes":"2","lanes:backward":"1","lanes:forward":"1","layer":"-1","surface":"asphalt"},"geometry":{"type":"LineString","coordinates":[[103.7812686,1.2944802],[103.7812515,1.2944816]]}},{"type":"Feature","id":"way/1311975808-0-6-0","properties":{"highway":"service","lanes":"2","lanes:backward":"1","lanes:forward":"1","layer":"-1","surface":"asphalt"},"geometry":{"type":"LineString","coordinates":[[103.7812515,1.2944816],[103.7812357,1.2944776]]}},{"type":"Feature","id":"way/1311975808-0-7-0","properties":{"highway":"service","lanes":"2","lanes:backward":"1","lanes:forward":"1","layer":"-1","surface":"asphalt"},"geometry":{"type":"LineString","coordinates":[[103.7812357,1.2944776],[103.7812219,1.2944687]]}},{"type":"Feature","id":"way/1311975808-0-8-0","properties":{"highway":"service","lanes":"2","lanes:backward":"1","lanes:forward":"1","layer":"-1","surface":"asphalt"},"geometry":{"type":"LineString","coordinates":[[103.7812219,1.2944687],[103.7812117,1.2944558]]}},{"type":"Feature","id":"way/1311975808-0-9-0","properties":{"highway":"service","lanes":"2","lanes:backward":"1","lanes:forward":"1","layer":"-1","surface":"asphalt"},"geometry":{"type":"LineString","coordinates":[[103.7812117,1.2944558],[103.781206,1.2944404]]}},{"type":"Feature","id":"way/1311975808-0-10-0","properties":{"highway":"service","lanes":"2","lanes:backward":"1","lanes:forward":"1","layer":"-1","surface":"asphalt"},"geometry":{"type":"LineString","coordinates":[[103.781206,1.2944404],[103.7812056,1.294424]]}},{"type":"Feature","id":"way/1311975808-0-11-0","properties":{"highway":"service","lanes":"2","lanes:backward":"1","lanes:forward":"1","layer":"-1","surface":"asphalt"},"geometry":{"type":"LineString","coordinates":[[103.7812056,1.294424],[103.7812104,1.2944084]]}},{"type":"Feature","id":"way/1311975808-0-12-0","properties":{"highway":"service","lanes":"2","lanes:backward":"1","lanes:forward":"1","layer":"-1","surface":"asphalt"},"geometry":{"type":"LineString","coordinates":[[103.7812104,1.2944084],[103.78122,1.2943951]]}},{"type":"Feature","id":"way/1311975808-0-13-0","properties":{"highway":"service","lanes":"2","lanes:backward":"1","lanes:forward":"1","layer":"-1","surface":"asphalt"},"geometry":{"type":"LineString","coordinates":[[103.78122,1.2943951],[103.7812333,1.2943855]]}},{"type":"Feature","id":"way/1311975808-0-14-0","properties":{"highway":"service","lanes":"2","lanes:backward":"1","lanes:forward":"1","layer":"-1","surface":"asphalt"},"geometry":{"type":"LineString","coordinates":[[103.7812333,1.2943855],[103.7812489,1.2943806]]}},{"type":"Feature","id":"way/1311975808-0-15-0","properties":{"highway":"service","lanes":"2","lanes:backward":"1","lanes:forward":"1","layer":"-1","surface":"asphalt"},"geometry":{"type":"LineString","coordinates":[[103.7812489,1.2943806],[103.7812653,1.2943809]]}},{"type":"Feature","id":"way/1311975808-0-16-0","properties":{"highway":"service","lanes":"2","lanes:backward":"1","lanes:forward":"1","layer":"-1","surface":"asphalt"},"geometry":{"type":"LineString","coordinates":[[103.7812653,1.2943809],[103.7812814,1.2943869]]}},{"type":"Feature","id":"way/1311975808-0-17-0","properties":{"highway":"service","lanes":"2","lanes:backward":"1","lanes:forward":"1","layer":"-1","surface":"asphalt"},"geometry":{"type":"LineString","coordinates":[[103.7812814,1.2943869],[103.7812946,1.2943978]]}},{"type":"Feature","id":"way/1311975808-0-18-0","properties":{"highway":"service","lanes":"2","lanes:backward":"1","lanes:forward":"1","layer":"-1","surface":"asphalt"},"geometry":{"type":"LineString","coordinates":[[103.7812946,1.2943978],[103.7813034,1.2944125]]}},{"type":"Feature","id":"way/1311975810-0-0-0","properties":{"highway":"service","layer":"-1","tunnel":"yes"},"geometry":{"type":"LineString","coordinates":[[103.7811651,1.2946852],[103.7810843,1.2944709]]}},{"type":"Feature","id":"way/1311975810-0-1-0","properties":{"highway":"service","layer":"-1","tunnel":"yes"},"geometry":{"type":"LineString","coordinates":[[103.7810843,1.2944709],[103.7810514,1.2943889]]}},{"type":"Feature","id":"way/1311975811-0-0-0","properties":{"highway":"service"},"geometry":{"type":"LineString","coordinates":[[103.7811926,1.2947582],[103.7811651,1.2946852]]}},{"type":"Feature","id":"way/1317103018-0-0-0","properties":{"fixme":"check","highway":"service","service":"parking_aisle"},"geometry":{"type":"LineString","coordinates":[[103.7792271,1.2965239],[103.7794109,1.2964611]]}},{"type":"Feature","id":"way/1317376714-0-0-0","properties":{"highway":"service","lanes":"2","lanes:backward":"1","lanes:forward":"1","service":"parking_aisle","surface":"asphalt","turn:lanes:backward":"left;through","turn:lanes:forward":"left"},"geometry":{"type":"LineString","coordinates":[[103.7822528,1.2971022],[103.7822329,1.2970533]]}},{"type":"Feature","id":"way/1317376714-0-1-0","properties":{"highway":"service","lanes":"2","lanes:backward":"1","lanes:forward":"1","service":"parking_aisle","surface":"asphalt","turn:lanes:backward":"left;through","turn:lanes:forward":"left"},"geometry":{"type":"LineString","coordinates":[[103.7822329,1.2970533],[103.7822289,1.2970391]]}},{"type":"Feature","id":"way/1317376715-0-0-0","properties":{"highway":"service","oneway":"yes","service":"driveway"},"geometry":{"type":"LineString","coordinates":[[103.7823317,1.2972557],[103.7823253,1.2972076]]}},{"type":"Feature","id":"way/1317376715-0-1-0","properties":{"highway":"service","oneway":"yes","service":"driveway"},"geometry":{"type":"LineString","coordinates":[[103.7823253,1.2972076],[103.7823049,1.2971639]]}},{"type":"Feature","id":"way/1317376715-0-2-0","properties":{"highway":"service","oneway":"yes","service":"driveway"},"geometry":{"type":"LineString","coordinates":[[103.7823049,1.2971639],[103.7822724,1.2970925]]}},{"type":"Feature","id":"way/1317376715-0-3-0","properties":{"highway":"service","oneway":"yes","service":"driveway"},"geometry":{"type":"LineString","coordinates":[[103.7822724,1.2970925],[103.7822546,1.2970493]]}},{"type":"Feature","id":"way/1317376715-0-4-0","properties":{"highway":"service","oneway":"yes","service":"driveway"},"geometry":{"type":"LineString","coordinates":[[103.7822546,1.2970493],[103.7822584,1.2970338]]}},{"type":"Feature","id":"way/1317380250-0-0-0","properties":{"highway":"service","layer":"-1","service":"driveway","tunnel":"yes"},"geometry":{"type":"LineString","coordinates":[[103.7817036,1.2947462],[103.7816974,1.2946171]]}},{"type":"Feature","id":"way/1317380250-0-1-0","properties":{"highway":"service","layer":"-1","service":"driveway","tunnel":"yes"},"geometry":{"type":"LineString","coordinates":[[103.7816974,1.2946171],[103.7816953,1.294376]]}},{"type":"Feature","id":"way/1317380251-0-0-0","properties":{"highway":"service","service":"driveway"},"geometry":{"type":"LineString","coordinates":[[103.7817039,1.2948582],[103.7817036,1.2947462]]}}]}