{"type":"FeatureCollection","features":[{"type":"Feature","id":"way/158541400-0","properties":{"addr:housenumber":"219","addr:postcode":"799442","addr:street":"Jalan Kayu","amenity":"clinic","building":"yes","healthcare":"clinic","healthcare:speciality":"general","name":"Sian Chay Medical Institution","operator":"Pei Hwa Foundation"},"geometry":{"type":"Polygon","coordinates":[[[103.8728554,1.3956881],[103.8728345,1.39544],[103.8726231,1.3957024],[103.8726237,1.3957094],[103.8728554,1.3956881]]]}},{"type":"Feature","id":"way/158541401-0","properties":{"addr:country":"SG","addr:housenumber":"221","addr:postcode":"799445","addr:street":"Jalan Kayu","building":"yes"},"geometry":{"type":"Polygon","coordinates":[[[103.8728604,1.395728],[103.8726903,1.3957437],[103.8726701,1.3957676],[103.872674,1.3958011],[103.8728652,1.3957836],[103.8728604,1.395728]]]}},{"type":"Feature","id":"way/158541402-0","properties":{"addr:country":"SG","addr:housenumber":"223","addr:postcode":"799447","addr:street":"Jalan Kayu","building":"yes"},"geometry":{"type":"Polygon","coordinates":[[[103.8728652,1.3957836],[103.872674,1.3958011],[103.8726785,1.3958564],[103.8728697,1.3958383],[103.8728652,1.3957836]]]}},{"type":"Feature","id":"way/158541403-0","properties":{"addr:country":"SG","addr:housenumber":"225","addr:postcode":"799449","addr:street":"Jalan Kayu","building":"yes","source":"Kaart Ground Survey 2017"},"geometry":{"type":"Polygon","coordinates":[[[103.8728697,1.3958383],[103.8726785,1.3958564],[103.8726846,1.3959106],[103.8728736,1.3958935],[103.8728697,1.3958383]]]}},{"type":"Feature","id":"way/158541404-0","properties":{"addr:country":"SG","addr:housenumber":"227","addr:postcode":"799451","addr:street":"Jalan Kayu","building":"yes","source":"Kaart Ground Survey 2017"},"geometry":{"type":"Polygon","coordinates":[[[103.8728736,1.3958935],[103.8726846,1.3959106],[103.8726899,1.3959663],[103.8728797,1.3959482],[103.8728736,1.3958935]]]}},{"type":"Feature","id":"way/158541405-0","properties":{"addr:country":"SG","addr:housenumber":"229","addr:postcode":"799453","addr:street":"Jalan Kayu","building":"yes","source":"Kaart Ground Survey 2017"},"geometry":{"type":"Polygon","coordinates":[[[103.8728797,1.3959482],[103.8726899,1.3959663],[103.8726943,1.3960206],[103.8728849,1.3960031],[103.8728797,1.3959482]]]}},{"type":"Feature","id":"way/158541406-0","properties":{"addr:country":"SG","addr:housenumber":"231","addr:postcode":"799455","addr:street":"Jalan Kayu","building":"yes"},"geometry":{"type":"Polygon","coordinates":[[[103.8728849,1.3960031],[103.8726943,1.3960206],[103.8726994,1.3960759],[103.8728902,1.396058],[103.8728849,1.3960031]]]}},{"type":"Feature","id":"way/158541410-0","properties":{"addr:city":"Singapore","addr:country":"SG","addr:housenumber":"233","addr:postcode":"799457","addr:street":"Jalan Kayu","building":"yes","source":"Kaart Ground Survey 2017"},"geometry":{"type":"Polygon","coordinates":[[[103.8728902,1.396058],[103.8726994,1.3960759],[103.8727043,1.3961302],[103.8728956,1.3961132],[103.8728902,1.396058]]]}},{"type":"Feature","id":"way/158541412-0","properties":{"addr:country":"SG","addr:housenumber":"235","addr:postcode":"799459","addr:street":"Jalan Kayu","building":"yes"},"geometry":{"type":"Polygon","coordinates":[[[103.8728956,1.3961132],[103.8727043,1.3961302],[103.8727095,1.3961854],[103.8729001,1.3961673],[103.8728956,1.3961132]]]}},{"type":"Feature","id":"way/158541413-0","properties":{"addr:city":"Singapore","addr:country":"SG","addr:housenumber":"237","addr:postcode":"799461","addr:street":"Jalan Kayu","building":"yes"},"geometry":{"type":"Polygon","coordinates":[[[103.8729001,1.3961673],[103.8727095,1.3961854],[103.8727147,1.3962409],[103.8729057,1.3962231],[103.8729001,1.3961673]]]}},{"type":"Feature","id":"way/158541417-0","properties":{"addr:city":"Singapore","addr:country":"SG","addr:housenumber":"239","addr:postcode":"799463","addr:street":"Jalan Kayu","building":"yes"},"geometry":{"type":"Polygon","coordinates":[[[103.8729057,1.3962231],[103.8727147,1.3962409],[103.8727194,1.3962959],[103.8729102,1.3962774],[103.8729057,1.3962231]]]}},{"type":"Feature","id":"way/158981373-0","properties":{"addr:country":"SG","addr:housenumber":"55","addr:street":"Jalan Tari Serimpi","building":"yes"},"geometry":{"type":"Polygon","coordinates":[[[103.8725145,1.3963117],[103.872664,1.3963005],[103.8726593,1.3962378],[103.8725098,1.396249],[103.8725145,1.3963117]]]}},{"type":"Feature","id":"way/158981376-0","properties":{"addr:country":"SG","addr:housenumber":"57","addr:street":"Jalan Tari Serimpi","building":"yes"},"geometry":{"type":"Polygon","coordinates":[[[103.8725098,1.396249],[103.8726593,1.3962378],[103.8726546,1.3961751],[103.872505,1.3961863],[103.8725098,1.396249]]]}},{"type":"Feature","id":"way/158981378-0","properties":{"addr:country":"SG","addr:housenumber":"59","addr:street":"Jalan Tari Serimpi","building":"yes"},"geometry":{"type":"Polygon","coordinates":[[[103.872505,1.3961863],[103.8726546,1.3961751],[103.8726499,1.3961124],[103.8725003,1.3961236],[103.872505,1.3961863]]]}},{"type":"Feature","id":"way/158981382-0","properties":{"addr:country":"SG","addr:housenumber":"61","addr:street":"Jalan Tari Serimpi","building":"yes"},"geometry":{"type":"Polygon","coordinates":[[[103.8725003,1.3961236],[103.8726499,1.3961124],[103.8726451,1.3960497],[103.8724956,1.396061],[103.8725003,1.3961236]]]}},{"type":"Feature","id":"way/158981384-0","properties":{"addr:country":"SG","addr:housenumber":"63","addr:street":"Jalan Tari Serimpi","building":"yes"},"geometry":{"type":"Polygon","coordinates":[[[103.8724956,1.396061],[103.8726451,1.3960497],[103.8726404,1.395987],[103.8724909,1.3959983],[103.8724956,1.396061]]]}},{"type":"Feature","id":"way/158981406-0","properties":{"addr:city":"Singapore","addr:housenumber":"222","addr:street":"Jalan Kayu","building":"yes"},"geometry":{"type":"Polygon","coordinates":[[[103.8734217,1.3958625],[103.8734115,1.395781],[103.8732155,1.3958055],[103.8732257,1.395887],[103.8734217,1.3958625]]]}},{"type":"Feature","id":"way/158981408-0","properties":{"addr:city":"Singapore","addr:housenumber":"222A","addr:street":"Jalan Kayu","building":"yes"},"geometry":{"type":"Polygon","coordinates":[[[103.8734217,1.3958625],[103.8732257,1.395887],[103.8732365,1.3959734],[103.8734325,1.395949],[103.8734217,1.3958625]]]}},{"type":"Feature","id":"way/158981412-0","properties":{"addr:city":"Singapore","addr:housenumber":"220","addr:street":"Jalan Kayu","building":"yes"},"geometry":{"type":"Polygon","coordinates":[[[103.8733748,1.3956573],[103.8733655,1.395581],[103.873189,1.3956026],[103.8731983,1.3956789],[103.8733748,1.3956573]]]}},{"type":"Feature","id":"way/158981415-0","properties":{"addr:city":"Singapore","addr:housenumber":"220A","addr:street":"Jalan Kayu","building":"yes"},"geometry":{"type":"Polygon","coordinates":[[[103.873207,1.3957498],[103.8733835,1.3957282],[103.8733748,1.3956573],[103.8731983,1.3956789],[103.873207,1.3957498]]]}},{"type":"Feature","id":"way/158981418-0","properties":{"addr:city":"Singapore","addr:housenumber":"218","addr:postcode":"799440","addr:street":"Jalan Kayu","building":"detached","building:levels":"4","height":"15.5"},"geometry":{"type":"Polygon","coordinates":[[[103.873355,1.3953625],[103.8732285,1.3953722],[103.8731793,1.3954581],[103.8733613,1.395444],[103.873355,1.3953625]]]}},{"type":"Feature","id":"way/158981422-0","properties":{"addr:city":"Singapore","addr:housenumber":"218A","addr:postcode":"799441","addr:street":"Jalan Kayu","building":"detached","building:levels":"4"},"geometry":{"type":"Polygon","coordinates":[[[103.8733701,1.3955546],[103.8733612,1.3954603],[103.8731807,1.3954773],[103.8731896,1.3955716],[103.8733701,1.3955546]]]}},{"type":"Feature","id":"way/158981428-0","properties":{"building":"yes"},"geometry":{"type":"Polygon","coordinates":[[[103.8726271,1.3959768],[103.8726124,1.3958365],[103.8725097,1.3958473],[103.8725245,1.3959876],[103.8726271,1.3959768]]]}},{"type":"Feature","id":"way/158981437-0","properties":{"building":"yes","operator":"SINGAPORE POWER","power":"substation"},"geometry":{"type":"Polygon","coordinates":[[[103.8723578,1.3963046],[103.8723512,1.3962054],[103.8723182,1.396211],[103.872298,1.3962477],[103.8722642,1.3963155],[103.8723578,1.3963046]]]}},{"type":"Feature","id":"way/158981440-0","properties":{"addr:city":"Singapore","addr:housenumber":"226","addr:street":"Jalan Kayu","building":"semidetached_house"},"geometry":{"type":"Polygon","coordinates":[[[103.8734165,1.3962299],[103.8732745,1.3962434],[103.8732779,1.3962794],[103.8732441,1.3962829],[103.8732484,1.3963235],[103.8734242,1.3963051],[103.8734165,1.3962299]]]}},{"type":"Feature","id":"way/158981441-0","properties":{"addr:city":"Singapore","addr:housenumber":"224","addr:street":"Jalan Kayu","building":"semidetached_house"},"geometry":{"type":"Polygon","coordinates":[[[103.8734361,1.3960946],[103.8734489,1.3960935],[103.8734394,1.3959891],[103.8731809,1.3960126],[103.8731903,1.3961169],[103.8732143,1.3961147],[103.8734361,1.3960946]]]}},{"type":"Feature","id":"way/158981445-0","properties":{"addr:city":"Singapore","addr:housenumber":"224A","addr:street":"Jalan Kayu","building":"semidetached_house"},"geometry":{"type":"Polygon","coordinates":[[[103.8732179,1.396136],[103.873231,1.3961584],[103.8732457,1.3961703],[103.8732673,1.3961789],[103.8733008,1.3962024],[103.8733722,1.3961969],[103.8733791,1.3961853],[103.8734284,1.3961798],[103.8734422,1.3961628],[103.8734361,1.3960946],[103.8732143,1.3961147],[103.8732179,1.396136]]]}},{"type":"Feature","id":"way/158985362-0","properties":{"addr:housenumber":"72","addr:postcode":"797652","addr:street":"Sengkang West Avenue","amenity":"place_of_worship","building":"yes","contact:phone":"+65 6483 2401","name":"Man Kok Sua Chong Yee Temple","name:en":"Man Kok Sua Chong Yee Temple","name:zh":"\u4e07\u56fd\u5c71\u5fe0\u4e49\u5e99","religion":"taoist"},"geometry":{"type":"Polygon","coordinates":[[[103.8721494,1.3920231],[103.872316,1.3919243],[103.872227,1.3917744],[103.8720604,1.3918732],[103.8721494,1.3920231]]]}},{"type":"Feature","id":"way/159007526-0","properties":{"addr:country":"SG","addr:housenumber":"446A","addr:postcode":"791446","addr:street":"Jalan Kayu","building":"apartments","building:flats":"294","building:levels":"22","residential":"hdb"},"geometry":{"type":"Polygon","coordinates":[[[103.8726535,1.3919212],[103.8726377,1.3919314],[103.8726265,1.3919141],[103.872563,1.391955],[103.8726537,1.3920954],[103.8727328,1.3920444],[103.8727267,1.3920349],[103.8729758,1.3918742],[103.8729784,1.3918782],[103.8730013,1.3918634],[103.8729975,1.3918574],[103.8731117,1.3917837],[103.8730244,1.3916486],[103.8729693,1.3916841],[103.8729829,1.391705],[103.8729639,1.3917172],[103.8729934,1.3917629],[103.8729546,1.3917879],[103.8729432,1.3917703],[103.8729202,1.3917851],[103.8729321,1.3918034],[103.8726817,1.391965],[103.8726535,1.3919212]]]}},{"type":"Feature","id":"way/159007536-0","properties":{"addr:country":"SG","addr:housenumber":"447A","addr:postcode":"791447","addr:street":"Jalan Kayu","building":"apartments","building:flats":"113","building:levels":"24","residential":"hdb"},"geometry":{"type":"Polygon","coordinates":[[[103.8726609,1.3924164],[103.8726698,1.3924025],[103.8727389,1.392446],[103.8727308,1.3924594],[103.8727768,1.3924877],[103.8728053,1.3924412],[103.8727891,1.3924315],[103.8728023,1.3924115],[103.8727714,1.3923916],[103.8727917,1.3923585],[103.8728214,1.3923779],[103.8728557,1.3923215],[103.8728275,1.3923038],[103.8728181,1.3923185],[103.8727539,1.3922799],[103.8727636,1.3922634],[103.8727355,1.3922474],[103.8727007,1.3923016],[103.8727227,1.3923144],[103.8727082,1.3923352],[103.8726219,1.3922796],[103.8726788,1.3921951],[103.8726587,1.3921801],[103.8726526,1.3921894],[103.8725655,1.3921363],[103.8724839,1.3920122],[103.8723685,1.3920897],[103.8724677,1.3922405],[103.8725801,1.3923121],[103.8725965,1.3922853],[103.8726724,1.3923286],[103.8726581,1.3923486],[103.8726424,1.3923392],[103.872613,1.392387],[103.8726609,1.3924164]]]}},{"type":"Feature","id":"way/159007538-0","properties":{"addr:country":"SG","addr:housenumber":"447B","addr:postcode":"792447","addr:street":"Jalan Kayu","building":"apartments","building:flats":"113","building:levels":"24","residential":"hdb"},"geometry":{"type":"Polygon","coordinates":[[[103.8730526,1.3924565],[103.8730569,1.3924325],[103.8730813,1.3924353],[103.8730919,1.3923721],[103.8730613,1.3923665],[103.873059,1.3923844],[103.8729821,1.3923714],[103.8729854,1.3923526],[103.8729549,1.392347],[103.8729427,1.3924128],[103.8729718,1.3924178],[103.8729642,1.3924572],[103.8729349,1.3924514],[103.8729302,1.3924747],[103.8729114,1.3924723],[103.8729022,1.3925264],[103.8729558,1.3925358],[103.872958,1.3925195],[103.873039,1.3925327],[103.8730368,1.39255],[103.87309,1.3925593],[103.8731001,1.3925041],[103.8730835,1.3925],[103.8730879,1.3924777],[103.8731124,1.3924821],[103.8731033,1.3925334],[103.8731439,1.3925403],[103.8731516,1.3924894],[103.8731726,1.3924933],[103.8731674,1.392532],[103.8732858,1.3925505],[103.8733118,1.3924125],[103.8731895,1.3923898],[103.8731932,1.3923755],[103.8731693,1.392371],[103.873152,1.3924759],[103.8730526,1.3924565]]]}},{"type":"Feature","id":"way/447227041-0","properties":{"addr:city":"Singapore","addr:housenumber":"448","addr:postcode":"790448","addr:street":"Sengkang West Way","amenity":"parking","building":"yes","building:levels":"4","parking":"multi-storey","source":"Mapbox"},"geometry":{"type":"Polygon","coordinates":[[[103.873009,1.393343],[103.8731248,1.3932755],[103.8731571,1.3933308],[103.8733409,1.3932199],[103.8732583,1.3930832],[103.8733204,1.3930457],[103.8732446,1.3929202],[103.8731568,1.3929733],[103.8731774,1.3930071],[103.8729823,1.3931264],[103.872961,1.3930915],[103.872892,1.3931332],[103.8729469,1.3932241],[103.8729398,1.3932284],[103.873009,1.393343]]]}},{"type":"Feature","id":"way/447227042-0","properties":{"addr:city":"Singapore","addr:housenumber":"450B","addr:street":"Sengkang West Way","building":"residential","building:flats":"133","building:levels":"26","residential":"hdb","source":"Mapbox"},"geometry":{"type":"Polygon","coordinates":[[[103.87311,1.3940252],[103.8731679,1.3939917],[103.8731773,1.3940079],[103.8731339,1.3940331],[103.8731688,1.3940933],[103.8732122,1.3940681],[103.8732232,1.3940873],[103.8730949,1.3941616],[103.8731299,1.394222],[103.8733982,1.3940665],[103.8733632,1.3940061],[103.8732459,1.3940741],[103.8731905,1.3939786],[103.8732425,1.3939485],[103.8732073,1.3938878],[103.8730749,1.3939646],[103.87311,1.3940252]]]}},{"type":"Feature","id":"way/447227043-0","properties":{"addr:city":"Singapore","addr:housenumber":"450C","addr:postcode":"793450","addr:street":"Sengkang West Way","building":"residential","building:flats":"142","building:levels":"26","residential":"hdb","source":"Mapbox"},"geometry":{"type":"Polygon","coordinates":[[[103.8735282,1.3938922],[103.8734878,1.3938225],[103.8734473,1.393846],[103.8734398,1.3938329],[103.8735605,1.3937629],[103.8735233,1.3936986],[103.8734646,1.3937328],[103.8732586,1.393852],[103.8732959,1.3939162],[103.8734135,1.393848],[103.8734691,1.3939438],[103.8734187,1.393973],[103.8734651,1.3940531],[103.8735907,1.3939803],[103.8735443,1.3939002],[103.8734953,1.3939286],[103.8734877,1.3939156],[103.8735282,1.3938922]]]}},{"type":"Feature","id":"way/447227044-0","properties":{"addr:city":"Singapore","addr:housenumber":"448B","addr:postcode":"792448","addr:street":"Sengkang West Way","building":"residential","building:flats":"138","building:levels":"26","residential":"hdb","source":"Mapbox"},"geometry":{"type":"Polygon","coordinates":[[[103.8731149,1.3933908],[103.8731058,1.3933753],[103.8731634,1.3933417],[103.8731571,1.3933308],[103.8731248,1.3932755],[103.873009,1.393343],[103.8730038,1.3933461],[103.8730423,1.3934121],[103.8730902,1.3933842],[103.8731436,1.3934757],[103.8730238,1.3935455],[103.8730586,1.3936051],[103.8732457,1.393496],[103.8733144,1.3934559],[103.8732799,1.3933967],[103.8731591,1.3934671],[103.8731502,1.3934519],[103.8731907,1.3934282],[103.8731552,1.3933673],[103.8731149,1.3933908]]]}},{"type":"Feature","id":"way/447227046-0","properties":{"addr:housenumber":"449","addr:postcode":"790449","addr:street":"Sengkang West Way","building":"yes","building:levels":"1","source":"Mapbox"},"geometry":{"type":"Polygon","coordinates":[[[103.8732001,1.3937167],[103.8731487,1.3936281],[103.8730356,1.3936936],[103.873087,1.3937823],[103.8732001,1.3937167]]]}},{"type":"Feature","id":"way/453577691-0","properties":{"addr:city":"Singapore","addr:country":"SG","addr:housenumber":"70","addr:street":"Sengkang West Avenue","amenity":"place_of_worship","building":"yes","name":"Ubin Thai Buddhist Temple","name:en":"Ubin Thai Buddhist Temple","name:zh":"\u4e4c\u654f\u6cf0\u4f5b\u5bfa","religion":"buddhist"},"geometry":{"type":"Polygon","coordinates":[[[103.8722337,1.3917705],[103.8723249,1.3919127],[103.8724051,1.3918612],[103.8723139,1.3917191],[103.8722337,1.3917705]]]}},{"type":"Feature","id":"way/544883483-0","properties":{"addr:city":"Singapore","addr:housenumber":"448A","addr:street":"Sengkang West Way","building":"residential","building:flats":"143","building:levels":"26","residential":"hdb"},"geometry":{"type":"Polygon","coordinates":[[[103.8728859,1.392947],[103.8729065,1.3929807],[103.8728791,1.3929975],[103.8728926,1.3930195],[103.8729201,1.3930027],[103.8729202,1.3930027],[103.8730187,1.3929425],[103.8730428,1.3929819],[103.8729771,1.3930221],[103.8729927,1.3930476],[103.8729501,1.3930736],[103.872961,1.3930915],[103.8729823,1.3931264],[103.8731774,1.3930071],[103.8731568,1.3929733],[103.8731449,1.3929538],[103.87312,1.392969],[103.8731046,1.3929438],[103.8730633,1.3929691],[103.8730391,1.3929296],[103.8731095,1.3928865],[103.8731093,1.3928861],[103.8731422,1.392866],[103.8731287,1.3928439],[103.8730957,1.3928641],[103.8730752,1.3928307],[103.8730137,1.3928683],[103.8730011,1.3928477],[103.8730428,1.3928222],[103.8730261,1.3927951],[103.8730544,1.3927777],[103.873027,1.3927329],[103.8728067,1.3928677],[103.8728344,1.392913],[103.8728841,1.3928826],[103.8729006,1.3929095],[103.8729592,1.3928737],[103.8729719,1.3928944],[103.8728859,1.392947]]]}},{"type":"Feature","id":"way/545092026-0","properties":{"addr:city":"Singapore","addr:housenumber":"457","addr:postcode":"790457","addr:street":"Sengkang West Road","amenity":"parking","building":"parking","building:levels":"5","parking":"multi-storey"},"geometry":{"type":"Polygon","coordinates":[[[103.8695782,1.3926795],[103.8696245,1.3926798],[103.8696245,1.3927139],[103.8697639,1.3927128],[103.8697639,1.3927016],[103.8698904,1.3927008],[103.8698918,1.392679],[103.869912,1.3926792],[103.8699666,1.3926797],[103.8699679,1.3926186],[103.8699691,1.3925616],[103.8699619,1.3925606],[103.8699577,1.3925407],[103.8699583,1.392486],[103.8699616,1.3924825],[103.8699608,1.3924154],[103.8699602,1.3923573],[103.8694789,1.3923533],[103.8694547,1.3923988],[103.8694564,1.3926786],[103.8695782,1.3926795]]]}},{"type":"Feature","id":"way/545092198-0","properties":{"addr:city":"Singapore","addr:housenumber":"456B","addr:postcode":"792456","addr:street":"Sengkang West Road","building":"residential","building:levels":"13","residential":"hdb"},"geometry":{"type":"Polygon","coordinates":[[[103.8696999,1.3921111],[103.8697069,1.3921111],[103.8697067,1.3921613],[103.8698115,1.3921616],[103.8698117,1.3921074],[103.8698162,1.3921074],[103.8698162,1.3920868],[103.8698506,1.3920869],[103.8698506,1.3920971],[103.8698674,1.3920971],[103.8698673,1.3921601],[103.8699753,1.3921602],[103.8699753,1.3921098],[103.8699895,1.3921098],[103.8699895,1.3920863],[103.8700084,1.3920863],[103.8700287,1.3920863],[103.8700287,1.3921361],[103.8700489,1.3921361],[103.8700489,1.3920829],[103.8700489,1.3920515],[103.870033,1.3920515],[103.870033,1.3920038],[103.8699271,1.3920039],[103.8699272,1.3920493],[103.8699124,1.3920493],[103.8699124,1.3920723],[103.8698848,1.3920723],[103.8698848,1.3920496],[103.8698703,1.3920496],[103.8698703,1.3919995],[103.8697601,1.3919997],[103.8697601,1.392048],[103.8697443,1.392048],[103.8697444,1.39207],[103.869677,1.3920701],[103.869677,1.3920606],[103.8697006,1.3920606],[103.8697006,1.3920342],[103.8697077,1.3920342],[103.8697077,1.3920074],[103.8697077,1.3919883],[103.8696233,1.3919884],[103.8696234,1.3920019],[103.8695629,1.392002],[103.8695629,1.3919878],[103.869481,1.3919879],[103.8694811,1.3920333],[103.8694886,1.3920332],[103.8694887,1.3920595],[103.8695115,1.3920595],[103.8695115,1.392072],[103.869562,1.392072],[103.869562,1.3920811],[103.8695889,1.3920812],[103.8695889,1.3921379],[103.8695133,1.3921379],[103.8695133,1.3921525],[103.8694896,1.3921525],[103.8694896,1.39222],[103.8695481,1.39222],[103.8695481,1.3922081],[103.8695775,1.3922081],[103.8695775,1.3922134],[103.8696032,1.3922135],[103.8696032,1.3922075],[103.8696323,1.3922076],[103.8696323,1.39222],[103.8696908,1.3922202],[103.869691,1.3921521],[103.8696677,1.392152],[103.8696677,1.392137],[103.8696418,1.3921369],[103.8696419,1.392113],[103.8696645,1.3921131],[103.8696646,1.3920901],[103.8697,1.3920902],[103.8696999,1.3921111]]]}},{"type":"Feature","id":"way/545092199-0","properties":{"addr:city":"Singapore","addr:housenumber":"455B","addr:postcode":"792455","addr:street":"Sengkang West Road","building":"residential","building:levels":"13","residential":"hdb"},"geometry":{"type":"Polygon","coordinates":[[[103.8702455,1.3920589],[103.8702713,1.3920588],[103.8702714,1.3920812],[103.870286,1.3920812],[103.8702863,1.3921322],[103.8703939,1.3921317],[103.8703937,1.3920826],[103.8704102,1.3920826],[103.8704101,1.3920594],[103.87042,1.3920594],[103.8704805,1.3920591],[103.8704805,1.3920721],[103.8704582,1.3920722],[103.8704583,1.3920982],[103.8704492,1.3920982],[103.8704495,1.3921418],[103.8705296,1.3921414],[103.8705296,1.3921282],[103.8705928,1.3921279],[103.8705928,1.3921418],[103.8706744,1.3921413],[103.8706741,1.3920981],[103.8706654,1.3920982],[103.8706653,1.392072],[103.8706426,1.3920721],[103.8706425,1.392059],[103.8705936,1.3920593],[103.8705935,1.3920477],[103.8705686,1.3920478],[103.8705684,1.391994],[103.8706439,1.3919936],[103.8706438,1.3919803],[103.8706675,1.3919801],[103.8706672,1.3919117],[103.8706079,1.391912],[103.870608,1.3919238],[103.8705239,1.3919242],[103.8705239,1.3919124],[103.8704638,1.3919127],[103.870464,1.3919443],[103.8704642,1.3919803],[103.8704879,1.3919802],[103.870488,1.3919943],[103.8705163,1.3919942],[103.8705165,1.3920194],[103.8704921,1.3920195],[103.8704923,1.3920432],[103.8704527,1.3920434],[103.8704526,1.3920215],[103.8704464,1.3920215],[103.8704462,1.3919726],[103.8703459,1.391973],[103.8703461,1.3920219],[103.8703402,1.392022],[103.8703403,1.3920433],[103.8703062,1.3920435],[103.8703061,1.3920275],[103.8702919,1.3920276],[103.8702917,1.3919716],[103.87018,1.391972],[103.8701802,1.3920184],[103.8701655,1.3920184],[103.8701656,1.3920415],[103.8701303,1.3920416],[103.8701301,1.3919916],[103.8701048,1.3919917],[103.870105,1.392048],[103.8701052,1.3920837],[103.8701204,1.3920836],[103.8701206,1.3921317],[103.8702314,1.3921313],[103.8702312,1.3920838],[103.8702456,1.3920838],[103.8702455,1.3920589]]]}},{"type":"Feature","id":"way/545092413-0","properties":{"addr:city":"Singapore","addr:housenumber":"457A","addr:postcode":"791457","addr:street":"Sengkang West Road","building":"residential","building:levels":"14","residential":"hdb"},"geometry":{"type":"Polygon","coordinates":[[[103.8704574,1.3924211],[103.8704861,1.3924213],[103.8704863,1.3923982],[103.8704968,1.3923983],[103.8704971,1.3923499],[103.8704112,1.3923494],[103.8704112,1.3923543],[103.8703219,1.3923536],[103.870322,1.3923495],[103.8702376,1.3923487],[103.8702371,1.3923983],[103.8702469,1.3923984],[103.8702466,1.3924211],[103.8702729,1.3924214],[103.8702728,1.3924357],[103.8702374,1.3924353],[103.8702374,1.3924298],[103.8701833,1.3924293],[103.8701835,1.392411],[103.8701837,1.3923886],[103.870136,1.3923881],[103.8701361,1.3923819],[103.8700551,1.3923813],[103.8700548,1.3924141],[103.8700547,1.3924287],[103.8700638,1.3924288],[103.8700637,1.3924522],[103.8700873,1.3924524],[103.8700872,1.3924666],[103.8701015,1.3924667],[103.8701013,1.3924876],[103.8700874,1.3924876],[103.8700873,1.3925022],[103.8700646,1.392502],[103.8700645,1.3925248],[103.8700543,1.3925248],[103.8700542,1.3925448],[103.8700541,1.3925713],[103.8701371,1.3925717],[103.8701372,1.3925665],[103.8702282,1.3925669],[103.8702282,1.3925716],[103.8703118,1.3925719],[103.870312,1.392526],[103.8703028,1.3925259],[103.8703028,1.3925015],[103.8702785,1.3925014],[103.8702785,1.3924881],[103.8702733,1.3924881],[103.8702734,1.392457],[103.8703623,1.3924572],[103.8703623,1.3924521],[103.8703964,1.3924522],[103.8703964,1.3924635],[103.8703743,1.3924634],[103.8703742,1.3924868],[103.8703657,1.3924868],[103.8703656,1.3925314],[103.8704477,1.3925317],[103.8704478,1.3925194],[103.8705091,1.3925196],[103.8705091,1.3925316],[103.8705917,1.3925319],[103.8705918,1.3925099],[103.8705919,1.3924873],[103.8705836,1.3924873],[103.8705837,1.3924625],[103.8705606,1.3924624],[103.8705607,1.3924278],[103.8704752,1.3924274],[103.8704752,1.3924345],[103.8704573,1.3924344],[103.8704574,1.3924211]]]}},{"type":"Feature","id":"way/545092418-0","properties":{"addr:city":"Singapore","addr:housenumber":"457B","addr:postcode":"792457","addr:street":"Sengkang West Road","building":"residential","building:levels":"14","residential":"hdb"},"geometry":{"type":"Polygon","coordinates":[[[103.8708262,1.3923646],[103.8708498,1.3923646],[103.8708497,1.3922981],[103.8707898,1.3922981],[103.8707898,1.3923098],[103.8707052,1.3923098],[103.8707052,1.3922988],[103.8706483,1.3922988],[103.8706483,1.3923247],[103.8706483,1.3923636],[103.8706701,1.3923636],[103.8706701,1.3923793],[103.8707161,1.3923794],[103.8707161,1.3923738],[103.8707591,1.3923738],[103.8707589,1.3924399],[103.8707112,1.3924398],[103.8707112,1.3924494],[103.8706595,1.3924493],[103.8706595,1.392463],[103.8706385,1.3924629],[103.8706385,1.3924882],[103.87063,1.3924882],[103.8706299,1.39251],[103.8706299,1.3925332],[103.8707124,1.3925334],[103.8707125,1.3925191],[103.8707752,1.3925193],[103.8707752,1.3925326],[103.8708548,1.3925328],[103.870855,1.3924911],[103.870846,1.3924911],[103.8708461,1.3924656],[103.8708235,1.3924656],[103.8708236,1.3924285],[103.8708472,1.3924285],[103.8708596,1.3924496],[103.8708746,1.3924408],[103.8708983,1.3924811],[103.8709918,1.3924261],[103.8709673,1.3923844],[103.8709833,1.392375],[103.870973,1.3923574],[103.8710007,1.3923411],[103.8710117,1.3923597],[103.8710237,1.3923526],[103.8710325,1.3923675],[103.8710259,1.3923714],[103.8710412,1.3923973],[103.8711281,1.3923461],[103.8711037,1.3923048],[103.8711102,1.3923009],[103.8710993,1.3922825],[103.8711263,1.3922666],[103.8711341,1.3922798],[103.8711287,1.392283],[103.8711328,1.39229],[103.8711285,1.3922926],[103.8711561,1.3923394],[103.8711785,1.3923262],[103.8711754,1.3923209],[103.8712188,1.3922953],[103.8711938,1.3922531],[103.8712,1.3922494],[103.8711925,1.3922368],[103.8711881,1.3922292],[103.8711703,1.3922397],[103.8711639,1.3922289],[103.8711921,1.3922123],[103.8711784,1.3921892],[103.871165,1.3921971],[103.8711421,1.3921581],[103.8710494,1.3922127],[103.8710732,1.3922531],[103.8710575,1.3922624],[103.8710657,1.3922765],[103.8710614,1.392279],[103.8710651,1.3922853],[103.8710486,1.392295],[103.8710357,1.3922732],[103.8710244,1.3922799],[103.871,1.3922388],[103.8709059,1.3922945],[103.8709307,1.3923364],[103.8709143,1.3923461],[103.8709251,1.3923643],[103.8708392,1.3924152],[103.8708263,1.3924152],[103.8708262,1.3923646]]]}},{"type":"Feature","id":"way/545092588-0","properties":{"addr:city":"Singapore","addr:housenumber":"458A","addr:postcode":"791458","addr:street":"Sengkang West Road","building":"residential","building:levels":"14","residential":"hdb"},"geometry":{"type":"Polygon","coordinates":[[[103.869839,1.3928891],[103.8698685,1.3928891],[103.8698685,1.3928664],[103.8698784,1.3928664],[103.8698784,1.3928525],[103.8698784,1.392822],[103.8697961,1.392822],[103.8697961,1.3928256],[103.8697446,1.3928257],[103.8697446,1.3928212],[103.8696218,1.3928216],[103.8696219,1.3928673],[103.8696317,1.3928673],[103.8696317,1.3928911],[103.8696546,1.3928911],[103.8696546,1.3929046],[103.8696215,1.3929047],[103.8696215,1.3928999],[103.8695668,1.3929001],[103.8695666,1.3928567],[103.8695216,1.3928569],[103.8695216,1.39285],[103.8694374,1.3928503],[103.8694376,1.392899],[103.869447,1.392899],[103.869447,1.3929219],[103.8694717,1.3929219],[103.8694718,1.3929357],[103.8694846,1.3929357],[103.8694846,1.3929571],[103.8694705,1.3929571],[103.8694706,1.3929711],[103.8694458,1.3929712],[103.8694459,1.3929942],[103.8694368,1.3929942],[103.8694369,1.3930445],[103.8695231,1.3930443],[103.8695231,1.3930394],[103.8696115,1.3930393],[103.8696115,1.3930444],[103.8696975,1.3930444],[103.8696975,1.3929936],[103.869687,1.3929936],[103.869687,1.3929708],[103.8696626,1.3929708],[103.8696626,1.3929578],[103.8696567,1.3929578],[103.8696567,1.3929258],[103.8697459,1.3929259],[103.8697459,1.3929198],[103.8697798,1.3929198],[103.8697797,1.3929336],[103.8697573,1.3929335],[103.8697573,1.3929573],[103.8697494,1.3929573],[103.8697493,1.3930024],[103.8698325,1.3930026],[103.8698325,1.3929901],[103.8698913,1.3929903],[103.8698912,1.3930031],[103.8699752,1.3930033],[103.8699753,1.3929575],[103.8699659,1.3929575],[103.869966,1.3929334],[103.8699433,1.3929334],[103.8699433,1.3928987],[103.8698611,1.3928986],[103.8698611,1.3929057],[103.869839,1.3929057],[103.869839,1.3928891]]]}},{"type":"Feature","id":"way/545092589-0","properties":{"addr:city":"Singapore","addr:housenumber":"458B","addr:postcode":"792458","addr:street":"Sengkang West Road","building":"residential","building:levels":"14","residential":"hdb"},"geometry":{"type":"Polygon","coordinates":[[[103.8704661,1.3928618],[103.8704956,1.3928617],[103.8704955,1.3928379],[103.870505,1.3928378],[103.8705049,1.392817],[103.8705048,1.392789],[103.8704212,1.3927892],[103.8704212,1.3927951],[103.8703297,1.3927954],[103.8703297,1.3927902],[103.8702481,1.3927905],[103.8702483,1.3928359],[103.8702573,1.3928359],[103.8702574,1.3928584],[103.8702815,1.3928583],[103.8702816,1.3928753],[103.8701922,1.3928758],[103.8701919,1.3928264],[103.8701444,1.3928267],[103.8701444,1.3928211],[103.8700634,1.3928216],[103.8700635,1.3928502],[103.8700636,1.3928688],[103.870072,1.3928687],[103.8700722,1.3928912],[103.8700962,1.3928911],[103.8700963,1.3929073],[103.8701238,1.3929071],[103.8701239,1.3929274],[103.8700963,1.3929276],[103.8700963,1.3929408],[103.8700718,1.392941],[103.8700719,1.392963],[103.8700603,1.3929631],[103.8700606,1.3930134],[103.8701462,1.3930129],[103.8701462,1.3930077],[103.8702375,1.3930073],[103.8702375,1.3930122],[103.8703197,1.3930118],[103.8703196,1.392987],[103.8703195,1.3929666],[103.8703103,1.3929666],[103.8703102,1.3929423],[103.8702871,1.3929424],[103.870287,1.3929274],[103.8702815,1.3929274],[103.8702814,1.3928909],[103.870404,1.3928904],[103.8704041,1.3929027],[103.870379,1.3929027],[103.8703791,1.392926],[103.870372,1.3929261],[103.8703721,1.3929747],[103.8704568,1.3929745],[103.8704568,1.3929595],[103.8705175,1.3929593],[103.8705175,1.392971],[103.8705984,1.3929708],[103.8705983,1.3929292],[103.8705906,1.3929292],[103.8705905,1.3929042],[103.8705675,1.3929043],[103.8705675,1.3928672],[103.8705071,1.3928674],[103.8705071,1.3928744],[103.8704662,1.3928745],[103.8704661,1.3928618]]]}},{"type":"Feature","id":"way/545092590-0","properties":{"addr:city":"Singapore","addr:housenumber":"458C","addr:postcode":"793458","addr:street":"Sengkang West Road","building":"residential","building:levels":"14","residential":"hdb"},"geometry":{"type":"Polygon","coordinates":[[[103.8711366,1.3927638],[103.871148,1.392757],[103.8711715,1.3927965],[103.8712651,1.3927409],[103.8712408,1.3926999],[103.8712555,1.3926911],[103.8712477,1.3926781],[103.8712529,1.3926751],[103.8712508,1.3926715],[103.8712627,1.3926645],[103.8712656,1.3926694],[103.8712739,1.3926645],[103.8712823,1.3926787],[103.8713267,1.3926526],[103.8713141,1.3926311],[103.8713092,1.3926339],[103.8713013,1.3926205],[103.8713325,1.3926022],[103.8713196,1.3925803],[103.8713085,1.3925868],[103.871285,1.3925467],[103.8711888,1.392603],[103.8712125,1.3926436],[103.8711961,1.3926531],[103.8712072,1.392672],[103.871193,1.3926803],[103.8711819,1.3926613],[103.8711683,1.3926693],[103.8711443,1.3926282],[103.8710456,1.3926857],[103.8710704,1.3927284],[103.8710584,1.3927354],[103.8710702,1.3927558],[103.8710093,1.3927912],[103.8710092,1.3927694],[103.8710046,1.3927695],[103.8710043,1.3927196],[103.870901,1.3927202],[103.8709013,1.3927698],[103.8708946,1.3927699],[103.8708947,1.3927914],[103.8708437,1.3927917],[103.8708434,1.3927397],[103.8707885,1.39274],[103.8707884,1.3927253],[103.8707304,1.3927256],[103.8707305,1.3927513],[103.8707307,1.3927927],[103.8707544,1.3927925],[103.8707544,1.3928074],[103.8707813,1.3928072],[103.8707815,1.39284],[103.8707532,1.3928401],[103.8707532,1.3928527],[103.8707306,1.3928528],[103.8707307,1.3928782],[103.8707209,1.3928782],[103.8707211,1.3929252],[103.8708045,1.3929248],[103.8708044,1.3929114],[103.870866,1.3929112],[103.8708661,1.3929244],[103.8709475,1.3929242],[103.8709473,1.3928799],[103.8709399,1.3928799],[103.8709397,1.3928076],[103.870965,1.3928075],[103.8709757,1.3928075],[103.8709828,1.3928193],[103.8709779,1.3928222],[103.8709935,1.3928483],[103.8710051,1.3928413],[103.8710207,1.3928675],[103.8710286,1.3928808],[103.8711246,1.3928238],[103.8711007,1.3927837],[103.8711156,1.3927749],[103.8711055,1.3927578],[103.8711258,1.3927457],[103.8711366,1.3927638]]]}},{"type":"Feature","id":"way/616804512-0","properties":{"building":"yes","power":"substation"},"geometry":{"type":"Polygon","coordinates":[[[103.8723126,1.3933761],[103.8721884,1.3934034],[103.8722151,1.3935254],[103.8723394,1.3934982],[103.8723126,1.3933761]]]}},{"type":"Feature","id":"way/709185509-0","properties":{"addr:city":"Singapore","addr:housenumber":"455","addr:postcode":"790455","addr:street":"Sengkang West Avenue","amenity":"parking","building":"parking","building:levels":"5","parking":"multi-storey"},"geometry":{"type":"Polygon","coordinates":[[[103.8717118,1.3920415],[103.871559,1.3917979],[103.8715852,1.3917788],[103.8715426,1.3917205],[103.8714948,1.3917556],[103.8714209,1.391652],[103.8713691,1.3916923],[103.8712001,1.3914645],[103.8712009,1.3914395],[103.8711502,1.3914402],[103.8711507,1.3914639],[103.8708092,1.3914643],[103.870809,1.3915793],[103.8708085,1.3920135],[103.8708149,1.3920135],[103.8708186,1.3920382],[103.8708298,1.3920636],[103.870846,1.392084],[103.8708688,1.3920999],[103.8708929,1.3921107],[103.8709211,1.3921138],[103.870945,1.3921127],[103.8709682,1.3921058],[103.8709906,1.3920918],[103.8711293,1.3919882],[103.8711598,1.3920274],[103.8712498,1.3921429],[103.871265,1.3921304],[103.8712922,1.392167],[103.8713565,1.3922537],[103.8717118,1.3920415]]]}},{"type":"Feature","id":"way/727630241-0","properties":{"addr:city":"Singapore","addr:housenumber":"458","addr:postcode":"790458","addr:street":"Sengkang West Road","building":"yes","building:levels":"1"},"geometry":{"type":"Polygon","coordinates":[[[103.8706601,1.3929803],[103.8707133,1.3929804],[103.8707134,1.392829],[103.8706423,1.3928289],[103.8706058,1.3928289],[103.8706056,1.3929802],[103.8706601,1.3929803]]]}},{"type":"Feature","id":"way/727630242-0","properties":{"addr:city":"Singapore","addr:housenumber":"456","addr:postcode":"790456","addr:street":"Sengkang West Road","building":"yes","building:levels":"1"},"geometry":{"type":"Polygon","coordinates":[[[103.8698987,1.391918],[103.8698994,1.3918092],[103.8697499,1.3918082],[103.8697491,1.391917],[103.8698987,1.391918]]]}},{"type":"Feature","id":"way/727912101-0","properties":{"addr:city":"Singapore","addr:housenumber":"459","addr:postcode":"790459","addr:street":"Sengkang West Road","amenity":"shelter","building":"roof","building:levels":"1","layer":"1","shelter_type":"pavilion"},"geometry":{"type":"Polygon","coordinates":[[[103.8694217,1.3933794],[103.8695178,1.3933724],[103.869548,1.3933375],[103.8695426,1.3932394],[103.8693771,1.3932501],[103.8693825,1.3933463],[103.8694217,1.3933794]]]}},{"type":"Feature","id":"way/727912102-0","properties":{"access":"yes","addr:city":"Singapore","addr:housenumber":"462","addr:postcode":"790462","addr:street":"Sengkang West Way","amenity":"parking","building":"parking","building:levels":"12","capacity":"684","covered":"yes","fee":"yes","opening_hours":"24/7","parking":"multi-storey","surface":"concrete"},"geometry":{"type":"Polygon","coordinates":[[[103.8713652,1.3944219],[103.871366,1.394434],[103.871488,1.3944262],[103.8714872,1.3944132],[103.8716546,1.3944026],[103.8716498,1.3943267],[103.871625,1.3943283],[103.8716212,1.3942682],[103.8715998,1.3939303],[103.8716046,1.3939263],[103.8715969,1.3937767],[103.8714902,1.3937821],[103.871493,1.3938356],[103.8714499,1.3938378],[103.8713594,1.3938425],[103.8713607,1.3938685],[103.871262,1.3938735],[103.8712659,1.3939489],[103.8712738,1.3939534],[103.8712835,1.3940944],[103.871301,1.3943499],[103.871292,1.3943505],[103.8712925,1.3943573],[103.8712938,1.3943775],[103.8712856,1.394378],[103.8712863,1.3943886],[103.8712816,1.3943889],[103.8712796,1.3943579],[103.871257,1.3943593],[103.8712614,1.3944286],[103.8713652,1.3944219]]]}},{"type":"Feature","id":"way/727912542-0","properties":{"addr:city":"Singapore","addr:housenumber":"461","addr:postcode":"790461","addr:street":"Sengkang West Road","amenity":"shelter","bench":"yes","building":"yes","lit":"yes","lockable":"no","wheelchair":"yes"},"geometry":{"type":"Polygon","coordinates":[[[103.8718299,1.3949146],[103.8718665,1.3948859],[103.8718462,1.394785],[103.8718355,1.3947716],[103.8718283,1.3947625],[103.8716719,1.3948877],[103.8716889,1.394909],[103.8718299,1.3949146]]]}},{"type":"Feature","id":"way/727912543-0","properties":{"access":"yes","addr:city":"Singapore","addr:housenumber":"460","addr:postcode":"790460","addr:street":"Sengkang West Road","amenity":"parking","building":"parking","building:levels":"9","capacity":"684","covered":"yes","fee":"yes","opening_hours":"24/7","parking":"multi-storey","surface":"concrete"},"geometry":{"type":"Polygon","coordinates":[[[103.8698579,1.3945621],[103.8698536,1.3944888],[103.8698295,1.3944902],[103.8698311,1.3945246],[103.8698251,1.3945248],[103.8698246,1.3945182],[103.8698153,1.3945189],[103.8698026,1.3943344],[103.869774,1.3939173],[103.8696741,1.393924],[103.8696721,1.3939015],[103.8695849,1.3939066],[103.8695367,1.3939094],[103.8695378,1.3939331],[103.869437,1.3939399],[103.8694407,1.3940172],[103.86945,1.3940158],[103.8694558,1.3941051],[103.8694661,1.3942641],[103.8694021,1.3942671],[103.8694185,1.3945169],[103.8694605,1.3945135],[103.8694649,1.3945879],[103.8698579,1.3945621]]]}},{"type":"Feature","id":"way/727912617-0","properties":{"addr:city":"Singapore","addr:housenumber":"463","addr:postcode":"790463","addr:street":"Sengkang West Road","building":"yes","building:levels":"1"},"geometry":{"type":"Polygon","coordinates":[[[103.87217,1.393684],[103.8721814,1.3936746],[103.8721901,1.3936618],[103.8721888,1.3936451],[103.8721599,1.3934849],[103.87206,1.3935063],[103.8720614,1.3935137],[103.8720815,1.3936209],[103.8720761,1.3936364],[103.8720661,1.3936444],[103.8718401,1.3936846],[103.8718495,1.3937389],[103.87217,1.393684]]]}},{"type":"Feature","id":"way/727931310-0","properties":{"addr:city":"Singapore","addr:housenumber":"460C","addr:postcode":"793460","addr:street":"Sengkang West Road","building":"residential","building:levels":"14","residential":"hdb"},"geometry":{"type":"Polygon","coordinates":[[[103.8699896,1.3943561],[103.8699904,1.3943683],[103.8700457,1.3943648],[103.8700448,1.3943506],[103.8701235,1.3943455],[103.8701242,1.3943563],[103.8701776,1.3943529],[103.8701769,1.3943414],[103.8702046,1.3943396],[103.8702012,1.3942881],[103.8701813,1.3942894],[103.8701817,1.3942939],[103.8701644,1.3942951],[103.8701627,1.3942701],[103.870213,1.3942666],[103.8702632,1.3942632],[103.870265,1.3942894],[103.8702469,1.3942906],[103.8702466,1.3942854],[103.870229,1.3942866],[103.8702326,1.3943401],[103.8702574,1.3943384],[103.8702584,1.394353],[103.8703178,1.3943491],[103.870317,1.3943376],[103.8703656,1.3943344],[103.8703664,1.3943474],[103.8704332,1.3943432],[103.8704323,1.3943283],[103.8704563,1.3943268],[103.8704525,1.3942653],[103.8704263,1.3942669],[103.8704269,1.3942758],[103.8704132,1.3942766],[103.8704118,1.3942515],[103.8703659,1.3942541],[103.8703652,1.3942406],[103.8702989,1.3942444],[103.870297,1.3942112],[103.8703051,1.3941908],[103.870313,1.3941908],[103.8703233,1.3941686],[103.8703444,1.3941783],[103.8703484,1.3941748],[103.870373,1.394185],[103.87037,1.3941922],[103.8704158,1.3942111],[103.870426,1.3941865],[103.8704379,1.3941914],[103.8704339,1.3941968],[103.8704537,1.3942051],[103.8704696,1.394167],[103.8704756,1.3941526],[103.8704515,1.3941425],[103.8704559,1.3941321],[103.870403,1.3941099],[103.8703975,1.3941231],[103.8703448,1.3941011],[103.8703358,1.3941226],[103.8703002,1.3941077],[103.870309,1.3940866],[103.8702566,1.3940647],[103.8702608,1.3940546],[103.8702081,1.3940325],[103.8702037,1.394043],[103.8701811,1.3940336],[103.8701736,1.3940515],[103.8701593,1.3940855],[103.8701785,1.3940936],[103.8701809,1.3940878],[103.8701959,1.3940941],[103.8701855,1.3941189],[103.870228,1.3941367],[103.8702322,1.3941267],[103.870259,1.3941379],[103.8702568,1.3941431],[103.8702756,1.394151],[103.8702559,1.3941979],[103.8702804,1.3942082],[103.8702816,1.3942416],[103.8702758,1.3942474],[103.8701363,1.3942576],[103.8701358,1.3942504],[103.8701222,1.3942514],[103.8701208,1.3942322],[103.870125,1.3942291],[103.8701215,1.3941772],[103.8701032,1.3941784],[103.8701021,1.3941625],[103.8700944,1.394163],[103.870094,1.3941575],[103.8700823,1.394153],[103.8700907,1.3941313],[103.8701003,1.394135],[103.8700961,1.3941457],[103.8701249,1.3941569],[103.87015,1.3940924],[103.8701263,1.3940832],[103.870131,1.3940713],[103.870067,1.3940464],[103.8700622,1.3940586],[103.8700181,1.3940413],[103.870022,1.3940313],[103.8699645,1.3940086],[103.86996,1.3940201],[103.8699377,1.3940113],[103.8699164,1.3940653],[103.8699362,1.3940731],[103.8699386,1.3940671],[103.8699542,1.3940734],[103.8699464,1.394093],[103.8699914,1.3941109],[103.8699804,1.3941383],[103.8699501,1.3941262],[103.8699416,1.3941475],[103.8699221,1.3941397],[103.8699246,1.3941333],[103.8699096,1.3941273],[103.8698907,1.3941748],[103.8699106,1.3941828],[103.869905,1.394197],[103.8699598,1.3942188],[103.8699642,1.3942078],[103.8699895,1.3942178],[103.8700142,1.3941558],[103.8700341,1.3941494],[103.8700676,1.3941631],[103.8700682,1.3941857],[103.8700456,1.3941863],[103.8700478,1.3942657],[103.8700661,1.3942651],[103.8700661,1.3942663],[103.8700599,1.3942664],[103.8700601,1.3942745],[103.8700654,1.3942779],[103.8700659,1.3942886],[103.8700361,1.39429],[103.8700358,1.3942828],[103.8699894,1.394285],[103.8699905,1.3943089],[103.8699772,1.3943095],[103.8699753,1.3943056],[103.8699592,1.3943066],[103.8699603,1.3943242],[103.8699624,1.3943579],[103.8699896,1.3943561]]]}},{"type":"Feature","id":"way/727931311-0","properties":{"addr:city":"Singapore","addr:housenumber":"461C","addr:postcode":"793461","addr:street":"Sengkang West Way","building":"residential","building:levels":"14"},"geometry":{"type":"Polygon","coordinates":[[[103.8710915,1.3942259],[103.8710731,1.3942271],[103.8710735,1.3942335],[103.8710542,1.3942347],[103.8710526,1.3942084],[103.8710068,1.3942113],[103.8710058,1.3941953],[103.871013,1.3941949],[103.8710083,1.3941188],[103.8709867,1.3941202],[103.8709853,1.3940973],[103.8710165,1.3940788],[103.8710365,1.3940842],[103.8710519,1.3941105],[103.8710701,1.3941415],[103.8710937,1.3941277],[103.8710997,1.3941379],[103.8711495,1.3941087],[103.8711435,1.3940986],[103.871165,1.394086],[103.8711522,1.3940641],[103.8711376,1.3940392],[103.8711223,1.3940481],[103.8711258,1.3940542],[103.8711103,1.3940632],[103.8710962,1.3940391],[103.871067,1.3940563],[103.8710568,1.3940388],[103.8710985,1.3940143],[103.8710852,1.3939917],[103.8710988,1.3939837],[103.8711021,1.3939893],[103.8711198,1.3939789],[103.8710917,1.393931],[103.8710696,1.3939439],[103.8710634,1.3939333],[103.8710145,1.3939621],[103.87102,1.3939714],[103.8709714,1.394],[103.8709648,1.3939889],[103.8709148,1.3940183],[103.8709214,1.3940295],[103.8708991,1.3940426],[103.8709274,1.3940907],[103.870944,1.3940809],[103.8709415,1.3940765],[103.8709549,1.3940686],[103.8709669,1.394089],[103.8709561,1.3940954],[103.8709566,1.3941034],[103.8709491,1.3941038],[103.87095,1.3941183],[103.870933,1.3941192],[103.870936,1.3941712],[103.8709406,1.3941736],[103.8709419,1.3941921],[103.8709283,1.3941931],[103.8709288,1.3942003],[103.8707916,1.3942101],[103.870783,1.3942033],[103.8707813,1.3941724],[103.8708013,1.3941604],[103.8707753,1.3941171],[103.8707959,1.3941047],[103.8707939,1.3941013],[103.870818,1.3940869],[103.8708227,1.3940947],[103.8708676,1.3940677],[103.8708539,1.3940449],[103.8708637,1.3940391],[103.8708669,1.3940445],[103.870886,1.3940331],[103.8708681,1.3940033],[103.8708555,1.3939822],[103.8708347,1.3939947],[103.8708288,1.3939848],[103.8707776,1.3940155],[103.8707832,1.3940249],[103.8707342,1.3940543],[103.8707468,1.3940752],[103.8707146,1.3940946],[103.8707021,1.3940739],[103.8706542,1.3941026],[103.870648,1.3940923],[103.8705975,1.3941226],[103.8706034,1.3941324],[103.8705819,1.3941453],[103.8705921,1.3941623],[103.8706104,1.3941928],[103.8706268,1.394183],[103.8706234,1.3941797],[103.8706347,1.3941729],[103.8706484,1.3941957],[103.8706907,1.3941704],[103.8706867,1.3941637],[103.8707095,1.39415],[103.870714,1.3941528],[103.8707334,1.3941404],[103.8707444,1.3941577],[103.8707522,1.3941565],[103.8707633,1.3941755],[103.8707656,1.3942114],[103.8707002,1.3942155],[103.8707013,1.3942329],[103.8706566,1.3942358],[103.8706582,1.3942615],[103.8706394,1.3942627],[103.870639,1.3942571],[103.8706221,1.3942582],[103.8706256,1.3943135],[103.8706505,1.3943119],[103.8706512,1.3943241],[103.8707096,1.3943204],[103.8707088,1.3943085],[103.8707628,1.3943051],[103.8707636,1.3943181],[103.8708243,1.3943142],[103.8708236,1.394302],[103.870849,1.3943004],[103.8708452,1.3942411],[103.8708231,1.3942425],[103.8708234,1.3942477],[103.8708076,1.3942487],[103.8708061,1.3942253],[103.8708582,1.394222],[103.8709015,1.3942193],[103.8709029,1.3942414],[103.8708912,1.3942421],[103.8708909,1.3942375],[103.8708672,1.394239],[103.8708709,1.3942977],[103.8708979,1.394296],[103.8708986,1.3943078],[103.8709598,1.394304],[103.8709589,1.3942908],[103.8710086,1.3942877],[103.8710093,1.3942999],[103.8710711,1.3942961],[103.8710703,1.3942827],[103.8710949,1.3942812],[103.8710915,1.3942259]]]}},{"type":"Feature","id":"way/727932752-0","properties":{"addr:city":"Singapore","addr:housenumber":"460A","addr:postcode":"791460","addr:street":"Sengkang West Road","building":"residential","building:levels":"14","residential":"hdb"},"geometry":{"type":"Polygon","coordinates":[[[103.8694191,1.3948795],[103.8694105,1.3948904],[103.8694628,1.3949197],[103.8694696,1.3949074],[103.8695551,1.3949556],[103.8695478,1.394969],[103.8695986,1.3949988],[103.8696065,1.3949868],[103.8696267,1.3950008],[103.869643,1.3949725],[103.8696547,1.3949522],[103.8696376,1.3949424],[103.8696347,1.3949462],[103.8696234,1.3949396],[103.8696355,1.39492],[103.8695927,1.3948921],[103.8695895,1.3948992],[103.8695651,1.3948861],[103.8695693,1.3948771],[103.8695726,1.3948792],[103.8695773,1.3948715],[103.8695728,1.394869],[103.8695739,1.3948639],[103.8695646,1.3948589],[103.8695643,1.3948456],[103.8695869,1.3948443],[103.869585,1.3947992],[103.8695914,1.3947994],[103.8695912,1.394794],[103.8696913,1.3947857],[103.8696911,1.3947909],[103.8696975,1.3947905],[103.8697,1.3948063],[103.8697271,1.3948048],[103.8697287,1.3948332],[103.8697142,1.3948336],[103.8697158,1.3948569],[103.8697674,1.3948536],[103.8697687,1.3948895],[103.8697142,1.3948931],[103.8697156,1.394917],[103.869698,1.3949199],[103.8696975,1.3949137],[103.8696774,1.3949156],[103.8696807,1.3949506],[103.8696826,1.3949701],[103.8697088,1.394969],[103.8697069,1.3949794],[103.8697662,1.394977],[103.869766,1.3949653],[103.8698427,1.3949599],[103.8698427,1.3949697],[103.869902,1.3949653],[103.8699016,1.3949541],[103.869926,1.3949522],[103.8699233,1.3948984],[103.8699041,1.3948991],[103.8699034,1.3949048],[103.8698892,1.3949051],[103.8698887,1.3948804],[103.8698373,1.3948833],[103.8698375,1.3948923],[103.8698109,1.394893],[103.8698109,1.3948759],[103.8697915,1.3948743],[103.8697896,1.3948681],[103.8697834,1.3948669],[103.8697785,1.3947856],[103.869787,1.3947861],[103.8697887,1.3947773],[103.8698079,1.394774],[103.8698069,1.3947553],[103.8698278,1.3947532],[103.869829,1.394761],[103.8698788,1.3947577],[103.869879,1.3947332],[103.869889,1.3947302],[103.8698896,1.3947363],[103.8699104,1.3947352],[103.8699081,1.394701],[103.8699067,1.3946801],[103.8698807,1.3946811],[103.8698809,1.3946697],[103.8698234,1.3946728],[103.8698234,1.3946853],[103.8697456,1.3946905],[103.8697452,1.3946791],[103.8696889,1.3946827],[103.8696887,1.3946943],[103.8696638,1.3946959],[103.8696669,1.3947495],[103.8696846,1.394749],[103.8696856,1.3947447],[103.8697041,1.394744],[103.8697046,1.3947715],[103.8696036,1.3947779],[103.8696033,1.3947504],[103.8696199,1.3947478],[103.8696216,1.3947547],[103.8696398,1.3947528],[103.8696351,1.3946983],[103.8696102,1.394699],[103.86961,1.3946862],[103.8695533,1.3946926],[103.8695531,1.3947052],[103.8694971,1.3947068],[103.8694978,1.3946947],[103.8694397,1.3946988],[103.8694409,1.3947128],[103.8694165,1.3947144],[103.8694189,1.3947694],[103.8694359,1.3947689],[103.8694376,1.3947611],[103.8694521,1.394762],[103.8694542,1.394786],[103.8695464,1.3947815],[103.8695483,1.3948313],[103.8695379,1.3948443],[103.8695289,1.3948426],[103.8695253,1.3948514],[103.8695313,1.394855],[103.8695258,1.3948628],[103.8695,1.3948469],[103.8695042,1.3948407],[103.8694613,1.3948177],[103.8694492,1.3948388],[103.8694374,1.3948327],[103.8694395,1.3948268],[103.8694239,1.3948187],[103.8693966,1.3948656],[103.8694191,1.3948795]]]}},{"type":"Feature","id":"way/727932753-0","properties":{"addr:city":"Singapore","addr:housenumber":"460B","addr:postcode":"792460","addr:street":"Sengkang West Road","building":"residential","building:levels":"14","residential":"hdb"},"geometry":{"type":"Polygon","coordinates":[[[103.8704796,1.394775],[103.8704636,1.3947549],[103.8704493,1.3947651],[103.8704523,1.3947707],[103.8704415,1.3947785],[103.8704264,1.3947594],[103.8703874,1.3947885],[103.8703925,1.3947939],[103.8703693,1.3948134],[103.8703627,1.3948065],[103.8703681,1.3948021],[103.8703633,1.394794],[103.8703546,1.3947969],[103.8703424,1.3947856],[103.8703398,1.3947501],[103.8703899,1.3947477],[103.87039,1.3947316],[103.8704288,1.394727],[103.8704274,1.394703],[103.8704416,1.3946999],[103.8704444,1.3947074],[103.8704613,1.3947054],[103.8704556,1.3946506],[103.8704312,1.3946526],[103.8704303,1.3946386],[103.8703723,1.3946431],[103.8703747,1.394655],[103.8703192,1.3946615],[103.8703171,1.3946491],[103.8702601,1.3946511],[103.8702617,1.3946638],[103.870237,1.3946668],[103.8702403,1.3947214],[103.8702587,1.3947206],[103.8702593,1.3947135],[103.8702761,1.3947137],[103.8702799,1.3947409],[103.870228,1.3947452],[103.870179,1.3947494],[103.8701755,1.3947221],[103.8701939,1.3947201],[103.8701954,1.3947242],[103.8702131,1.3947221],[103.8702083,1.3946686],[103.8701834,1.3946707],[103.8701815,1.3946592],[103.8701253,1.394664],[103.8701266,1.3946753],[103.8700489,1.3946816],[103.870047,1.3946692],[103.8699896,1.3946746],[103.8699915,1.3946858],[103.8699656,1.3946887],[103.8699666,1.3947009],[103.8699701,1.3947437],[103.8699908,1.3947417],[103.8699905,1.3947356],[103.8700009,1.3947371],[103.8700046,1.3947613],[103.8700544,1.3947572],[103.8700545,1.3947493],[103.8700754,1.3947484],[103.8700772,1.394767],[103.8700967,1.3947675],[103.8700996,1.3947759],[103.870108,1.3947742],[103.870115,1.3948553],[103.8701091,1.3948574],[103.8701081,1.3948638],[103.8700892,1.3948683],[103.8700917,1.3948852],[103.8700653,1.3948884],[103.8700642,1.3948794],[103.8700129,1.3948842],[103.870016,1.3949086],[103.8700019,1.3949105],[103.8700004,1.3949049],[103.8699813,1.3949071],[103.8699865,1.3949606],[103.870011,1.394959],[103.8700122,1.3949701],[103.8700716,1.3949657],[103.8700701,1.394956],[103.8701467,1.3949501],[103.8701483,1.3949618],[103.8702073,1.3949553],[103.8702038,1.3949453],[103.8702299,1.3949426],[103.870227,1.394888],[103.870207,1.394889],[103.8702073,1.3948952],[103.8701895,1.3948949],[103.8701874,1.3948711],[103.8701329,1.3948755],[103.870129,1.3948399],[103.8701805,1.3948355],[103.8701786,1.3948123],[103.8701643,1.394814],[103.8701616,1.3947856],[103.8701887,1.3947831],[103.8701889,1.3947671],[103.8701952,1.3947666],[103.8701942,1.3947615],[103.8702945,1.394755],[103.8702951,1.3947603],[103.8703014,1.3947592],[103.8703061,1.3948041],[103.8703286,1.3948021],[103.8703303,1.3948153],[103.8703219,1.3948216],[103.8703236,1.3948265],[103.8703196,1.3948296],[103.8703254,1.3948366],[103.8703284,1.394834],[103.8703338,1.3948423],[103.8703116,1.3948588],[103.8703074,1.3948522],[103.8702692,1.3948861],[103.870284,1.3949037],[103.8702738,1.3949119],[103.8702703,1.3949086],[103.8702549,1.3949208],[103.8702898,1.3949648],[103.8703077,1.394948],[103.8703172,1.3949586],[103.8703631,1.3949218],[103.8703539,1.3949095],[103.8704314,1.3948493],[103.8704399,1.3948605],[103.8704874,1.3948239],[103.8704772,1.3948143],[103.8704975,1.3947973],[103.8704796,1.394775]]]}},{"type":"Feature","id":"way/727932754-0","properties":{"addr:city":"Singapore","addr:housenumber":"461A","addr:postcode":"791461","addr:street":"Sengkang West Way","building":"residential","building:levels":"14"},"geometry":{"type":"Polygon","coordinates":[[[103.8706741,1.3948094],[103.8706679,1.3948199],[103.8707169,1.3948486],[103.8707235,1.3948374],[103.8708101,1.3948881],[103.8708021,1.3949018],[103.8708529,1.3949316],[103.8708606,1.3949186],[103.8708823,1.3949314],[103.8709103,1.3948837],[103.8708905,1.3948721],[103.8708878,1.3948767],[103.8708785,1.3948712],[103.8708911,1.3948497],[103.8708479,1.3948244],[103.8708444,1.3948304],[103.8708198,1.394816],[103.8708248,1.3948073],[103.870828,1.3948091],[103.8708327,1.3948012],[103.8708283,1.3947986],[103.8708293,1.3947935],[103.87082,1.3947886],[103.8708194,1.3947781],[103.8708422,1.3947769],[103.8708395,1.394728],[103.8708453,1.3947277],[103.870845,1.3947223],[103.8709457,1.3947167],[103.8709459,1.3947215],[103.8709522,1.3947211],[103.8709532,1.3947386],[103.8709804,1.3947371],[103.8709819,1.3947658],[103.8709679,1.3947666],[103.8709692,1.3947891],[103.8710203,1.3947863],[103.8710222,1.3948211],[103.8709679,1.3948241],[103.8709694,1.3948512],[103.8709507,1.3948522],[103.8709504,1.394846],[103.8709339,1.3948469],[103.8709369,1.3949002],[103.8709638,1.3948987],[103.8709644,1.3949098],[103.8710177,1.3949068],[103.8710171,1.3948946],[103.871099,1.3948901],[103.8710996,1.3949012],[103.8711545,1.3948981],[103.8711539,1.3948868],[103.8711811,1.3948853],[103.8711784,1.3948383],[103.8711779,1.3948287],[103.8711554,1.3948299],[103.8711557,1.3948366],[103.8711448,1.3948372],[103.8711433,1.3948105],[103.8710912,1.3948134],[103.8710917,1.3948229],[103.8710661,1.3948244],[103.8710657,1.3948171],[103.8710704,1.3948168],[103.8710698,1.3948067],[103.871063,1.394807],[103.8710629,1.3948038],[103.871045,1.3948048],[103.8710447,1.3947993],[103.8710394,1.3947996],[103.8710351,1.3947211],[103.8710425,1.3947207],[103.8710419,1.3947098],[103.8710635,1.3947086],[103.8710623,1.3946865],[103.8710811,1.3946855],[103.8710815,1.394694],[103.8711359,1.3946911],[103.8711345,1.3946654],[103.8711402,1.3946651],[103.8711405,1.3946713],[103.8711662,1.39467],[103.8711636,1.3946221],[103.8711629,1.394609],[103.8711366,1.3946104],[103.8711361,1.3945999],[103.8710742,1.3946032],[103.8710749,1.3946164],[103.8710009,1.3946203],[103.8710003,1.3946092],[103.8709392,1.3946124],[103.8709398,1.3946249],[103.8709145,1.3946262],[103.8709176,1.3946861],[103.8709397,1.3946849],[103.8709393,1.3946776],[103.870957,1.3946767],[103.8709583,1.3947016],[103.8709076,1.3947043],[103.8708613,1.3947067],[103.87086,1.3946829],[103.8708739,1.3946821],[103.8708743,1.3946886],[103.8708958,1.3946875],[103.8708928,1.3946282],[103.8708671,1.3946295],[103.8708664,1.3946171],[103.8708044,1.3946203],[103.8708051,1.3946337],[103.8707554,1.3946362],[103.8707548,1.3946255],[103.8706921,1.3946287],[103.8706928,1.3946423],[103.8706673,1.3946436],[103.8706703,1.3947033],[103.8706947,1.3947021],[103.8706944,1.3946955],[103.8707058,1.394695],[103.870707,1.3947198],[103.8707985,1.3947151],[103.8708009,1.3947632],[103.8707912,1.3947797],[103.8707851,1.3947761],[103.8707809,1.3947831],[103.8707857,1.3947859],[103.8707802,1.3947953],[103.8707538,1.3947799],[103.8707578,1.394773],[103.8707172,1.3947492],[103.8707042,1.3947714],[103.8706906,1.3947635],[103.8706931,1.3947592],[103.8706777,1.3947502],[103.8706663,1.3947697],[103.870651,1.3947959],[103.8706741,1.3948094]]]}},{"type":"Feature","id":"way/727932755-0","properties":{"addr:city":"Singapore","addr:housenumber":"461B","addr:postcode":"792461","addr:street":"Sengkang West Way","building":"residential","building:levels":"14","building:levels:underground":"0","building:material":"concrete","building:prefabricated":"yes","smoking":"no","wheelchair":"yes"},"geometry":{"type":"Polygon","coordinates":[[[103.8717326,1.3946649],[103.8717135,1.3946407],[103.8716978,1.3946532],[103.8717017,1.3946581],[103.8716935,1.3946646],[103.8716762,1.3946427],[103.8716335,1.3946765],[103.8716383,1.3946826],[103.8716198,1.3946973],[103.8716177,1.3946947],[103.8716213,1.3946918],[103.8716133,1.3946817],[103.8716065,1.3946871],[103.8715955,1.3946733],[103.8715931,1.394639],[103.8716408,1.3946356],[103.8716399,1.3946223],[103.8716823,1.3946192],[103.8716804,1.3945931],[103.8716896,1.3945925],[103.8716902,1.3946009],[103.8717167,1.394599],[103.8717124,1.3945393],[103.8716877,1.3945411],[103.8716867,1.3945274],[103.8716221,1.3945321],[103.8716229,1.3945428],[103.8715771,1.394546],[103.8715762,1.3945327],[103.8715093,1.3945375],[103.8715102,1.3945498],[103.8714848,1.3945517],[103.8714891,1.3946114],[103.8715126,1.3946098],[103.8715122,1.3946041],[103.8715284,1.3946029],[103.8715301,1.3946271],[103.8714304,1.3946343],[103.8714287,1.3946097],[103.8714455,1.3946085],[103.8714469,1.3946126],[103.8714653,1.3946113],[103.8714614,1.3945566],[103.8714362,1.3945584],[103.8714354,1.394546],[103.8713769,1.3945502],[103.8713777,1.3945611],[103.8713018,1.3945665],[103.8713008,1.3945532],[103.8712404,1.3945575],[103.8712411,1.3945681],[103.8712147,1.3945699],[103.8712181,1.394618],[103.871219,1.3946304],[103.8712446,1.3946285],[103.8712442,1.3946223],[103.8712524,1.3946217],[103.8712542,1.3946475],[103.8713063,1.3946438],[103.8713057,1.3946352],[103.8713271,1.3946337],[103.8713284,1.3946525],[103.8713499,1.394651],[103.8713507,1.3946621],[103.8713581,1.3946616],[103.8713633,1.3947374],[103.8713568,1.3947379],[103.8713572,1.3947446],[103.8713402,1.3947457],[103.8713406,1.3947524],[103.8713336,1.3947529],[103.8713344,1.3947656],[103.8713398,1.3947653],[103.8713401,1.3947696],[103.8713152,1.3947712],[103.8713147,1.3947637],[103.871263,1.394767],[103.8712647,1.3947933],[103.8712516,1.3947941],[103.8712512,1.3947875],[103.8712314,1.3947887],[103.8712343,1.394835],[103.8712352,1.3948498],[103.8712575,1.3948484],[103.8712582,1.3948598],[103.8713233,1.3948558],[103.8713225,1.3948431],[103.8713932,1.3948387],[103.871394,1.3948508],[103.8714578,1.3948469],[103.871457,1.3948335],[103.8714798,1.3948321],[103.8714763,1.3947742],[103.8714567,1.3947754],[103.8714571,1.3947818],[103.871442,1.3947827],[103.8714402,1.3947535],[103.871384,1.3947569],[103.8713822,1.3947272],[103.8714306,1.3947242],[103.8714291,1.3946995],[103.8714154,1.3947003],[103.8714139,1.3946749],[103.8714412,1.3946733],[103.8714401,1.3946558],[103.8714464,1.3946555],[103.8714461,1.3946508],[103.8715457,1.3946447],[103.8715461,1.3946502],[103.8715518,1.3946499],[103.8715544,1.3946926],[103.8715767,1.3946913],[103.8715774,1.3947031],[103.8715689,1.3947092],[103.8715705,1.3947141],[103.8715665,1.3947172],[103.8715721,1.3947243],[103.8715751,1.3947219],[103.8715812,1.3947297],[103.871562,1.3947448],[103.8715572,1.3947387],[103.8715163,1.3947709],[103.8715325,1.3947914],[103.8715226,1.3947992],[103.8715192,1.394795],[103.8715025,1.3948082],[103.8715385,1.3948538],[103.8715578,1.3948386],[103.8715656,1.3948486],[103.8716149,1.3948097],[103.8716073,1.3948],[103.8716828,1.3947404],[103.87169,1.3947495],[103.8717383,1.3947112],[103.8717309,1.3947018],[103.8717499,1.3946868],[103.8717326,1.3946649]]]}},{"type":"Feature","id":"way/727932973-0","properties":{"addr:city":"Singapore","addr:housenumber":"459B","addr:postcode":"792459","addr:street":"Sengkang West Road","building":"residential","building:levels":"14","residential":"hdb"},"geometry":{"type":"Polygon","coordinates":[[[103.8695101,1.393804],[103.8695061,1.3937613],[103.869519,1.3937606],[103.8695186,1.3937541],[103.869528,1.3937535],[103.8695569,1.3937516],[103.8695651,1.3938258],[103.8696768,1.393818],[103.8696737,1.3937444],[103.8696865,1.3937429],[103.8696864,1.3937495],[103.8697034,1.3937488],[103.8697035,1.3937421],[103.869724,1.393741],[103.8697317,1.3938145],[103.8698479,1.3938067],[103.8698434,1.3937326],[103.8698939,1.3937287],[103.8698982,1.3938049],[103.8699088,1.3938044],[103.8699233,1.3938037],[103.8699238,1.3938119],[103.8699328,1.3938324],[103.8699504,1.3938271],[103.8699542,1.3938325],[103.8699684,1.3938279],[103.869978,1.3938533],[103.8700081,1.3938422],[103.8700239,1.3938364],[103.8699935,1.3937471],[103.8699479,1.3937629],[103.869946,1.3937027],[103.8699684,1.3937011],[103.8699675,1.3936925],[103.8699786,1.3936907],[103.86998,1.393719],[103.8700293,1.3937159],[103.8700248,1.3936585],[103.870011,1.3936593],[103.8700074,1.3936062],[103.870021,1.393604],[103.8700169,1.3935481],[103.8699974,1.3935486],[103.8699663,1.3935495],[103.8699649,1.3935808],[103.8699545,1.3935812],[103.8699539,1.3935693],[103.8699363,1.3935691],[103.8699368,1.3936012],[103.8699198,1.3936014],[103.8699288,1.3937093],[103.8699012,1.3937119],[103.869899,1.393663],[103.8697532,1.3936729],[103.8697559,1.3937211],[103.8697476,1.3937219],[103.8697311,1.3937234],[103.8697267,1.3936483],[103.8696106,1.3936547],[103.8696126,1.3936816],[103.8696162,1.3937307],[103.8695904,1.3937328],[103.8695867,1.3936586],[103.8694698,1.3936654],[103.8694729,1.3937419],[103.8694778,1.3937414],[103.8694828,1.3938064],[103.8695101,1.393804]]]}},{"type":"Feature","id":"way/727933610-0","properties":{"addr:city":"Singapore","addr:housenumber":"459A","addr:postcode":"791459","addr:street":"Sengkang West Road","building":"residential","building:levels":"14","residential":"hdb"},"geometry":{"type":"Polygon","coordinates":[[[103.869586,1.3934038],[103.8695838,1.3933691],[103.8696154,1.393366],[103.8696212,1.39344],[103.8697357,1.3934314],[103.8697313,1.3933592],[103.8697852,1.3933542],[103.8697882,1.3934023],[103.8699326,1.3933901],[103.8699298,1.3933416],[103.8700009,1.3933373],[103.870002,1.3933613],[103.8700142,1.3933588],[103.8700203,1.3933635],[103.8699944,1.3933948],[103.8700051,1.3934048],[103.8699869,1.393425],[103.8700049,1.3934423],[103.8700115,1.3934356],[103.8700193,1.3934424],[103.8699996,1.3934637],[103.8700221,1.3934831],[103.8700371,1.3934961],[103.8700749,1.3934521],[103.8700649,1.3934435],[103.8701001,1.3934037],[103.8701104,1.3934123],[103.8701494,1.3933694],[103.8701104,1.3933357],[103.8700891,1.3933579],[103.8700806,1.3933497],[103.87009,1.3933387],[103.8700753,1.3933254],[103.8701068,1.3933007],[103.8701102,1.3933069],[103.8701249,1.3932965],[103.8701603,1.3933482],[103.870184,1.3933316],[103.8701898,1.3933406],[103.8702375,1.3933085],[103.8702318,1.3933008],[103.8702529,1.3932871],[103.8702233,1.3932398],[103.8702053,1.3932505],[103.8702081,1.3932557],[103.8701887,1.3932676],[103.8701757,1.3932475],[103.870186,1.393241],[103.8701722,1.3932217],[103.8701158,1.3932605],[103.8701079,1.3932659],[103.870095,1.3932469],[103.8700306,1.3932911],[103.8700432,1.3933083],[103.8700431,1.3933196],[103.8700173,1.3933217],[103.8700113,1.3932482],[103.8698953,1.3932558],[103.8699003,1.3933297],[103.8698497,1.3933327],[103.8698437,1.3932592],[103.8697279,1.3932677],[103.8697332,1.3933398],[103.8696811,1.3933444],[103.8696755,1.3932712],[103.8695607,1.3932792],[103.8695618,1.3932969],[103.8695654,1.3933518],[103.8695572,1.393353],[103.8695607,1.3934048],[103.869586,1.3934038]]]}},{"type":"Feature","id":"way/727933611-0","properties":{"addr:city":"Singapore","addr:housenumber":"462B","addr:postcode":"792462","addr:street":"Sengkang West Way","building":"residential","building:levels":"14","residential":"hdb"},"geometry":{"type":"Polygon","coordinates":[[[103.8709851,1.3933763],[103.870981,1.3933684],[103.8710293,1.3933432],[103.871035,1.3933541],[103.8710894,1.3933256],[103.8710656,1.3932799],[103.8710383,1.3932941],[103.8710331,1.3932841],[103.8710508,1.3932749],[103.8710427,1.3932595],[103.871073,1.3932437],[103.8710661,1.3932304],[103.8710816,1.3932224],[103.8710897,1.3932181],[103.8710836,1.3932063],[103.8710964,1.3931996],[103.8710923,1.3931917],[103.871097,1.3931893],[103.8711067,1.3932079],[103.8711147,1.3932106],[103.8711336,1.3932506],[103.8712357,1.3932023],[103.8712151,1.3931588],[103.8712192,1.3931527],[103.8712094,1.3931314],[103.8712379,1.3931183],[103.871252,1.3931119],[103.8712714,1.3931543],[103.8714076,1.3930918],[103.8713892,1.3930517],[103.8714084,1.393043],[103.871427,1.3930835],[103.8714515,1.3930722],[103.8714323,1.3930302],[103.8714191,1.3930363],[103.8714103,1.3930173],[103.8714273,1.3930096],[103.8714235,1.3930014],[103.8714173,1.3929879],[103.8714097,1.3929888],[103.8713894,1.3929465],[103.871288,1.3929952],[103.8713096,1.3930401],[103.8713041,1.3930463],[103.871313,1.3930647],[103.8712765,1.3930823],[103.8712672,1.3930629],[103.8712598,1.3930665],[103.8712384,1.3930222],[103.87114,1.3930697],[103.8711599,1.393111],[103.8711546,1.3931178],[103.8711645,1.3931376],[103.8711265,1.3931565],[103.8711161,1.3931356],[103.8711092,1.393139],[103.8710883,1.3930973],[103.8709911,1.3931458],[103.8710128,1.3931894],[103.8710078,1.3931919],[103.8710178,1.393212],[103.8709931,1.3932243],[103.8709645,1.3932386],[103.8709558,1.3932211],[103.870936,1.393231],[103.8709343,1.3932351],[103.8708711,1.3932683],[103.8708924,1.3933089],[103.8709091,1.3933001],[103.8709185,1.393318],[103.8709063,1.3933244],[103.8709162,1.3933432],[103.8709274,1.3933373],[103.8709303,1.3933429],[103.8709047,1.3933563],[103.8709184,1.3933824],[103.8709303,1.393405],[103.8709851,1.3933763]]]}},{"type":"Feature","id":"way/727933612-0","properties":{"addr:city":"Singapore","addr:housenumber":"462A","addr:postcode":"791462","addr:street":"Sengkang West Way","building":"residential","building:levels":"14","residential":"hdb"},"geometry":{"type":"Polygon","coordinates":[[[103.8709872,1.3936955],[103.8710135,1.3936833],[103.8710161,1.3936891],[103.8710046,1.3936944],[103.8710135,1.3937137],[103.8710258,1.393708],[103.8710341,1.3937261],[103.8710171,1.393734],[103.8710363,1.3937758],[103.8711013,1.393746],[103.8711056,1.3937471],[103.8711255,1.3937375],[103.871117,1.3937199],[103.8711394,1.3937091],[103.8711705,1.393694],[103.8711804,1.3937143],[103.8711855,1.3937118],[103.8712066,1.3937555],[103.8713046,1.3937081],[103.8712842,1.393666],[103.8712911,1.3936627],[103.8712809,1.3936416],[103.8713191,1.3936231],[103.8713287,1.393643],[103.8713373,1.3936429],[103.8713576,1.3936845],[103.8714579,1.3936356],[103.8714366,1.3935919],[103.8714439,1.3935884],[103.8714346,1.3935692],[103.8714661,1.3935538],[103.8714928,1.3936086],[103.8715442,1.3935835],[103.8715403,1.3935756],[103.8715544,1.3935687],[103.8715671,1.3935946],[103.8716565,1.3935509],[103.8716441,1.3935256],[103.8716189,1.393474],[103.8716006,1.3934829],[103.8715926,1.3934665],[103.8715812,1.3934721],[103.8715853,1.3934803],[103.8715552,1.3934951],[103.8715519,1.3934884],[103.8715414,1.3934935],[103.8715443,1.3934993],[103.8715214,1.3935105],[103.8715005,1.3934681],[103.8713755,1.3935297],[103.8713956,1.3935703],[103.8713788,1.3935786],[103.8713511,1.3935922],[103.8713404,1.3935705],[103.871333,1.39357],[103.8713112,1.3935273],[103.8712107,1.3935786],[103.8712308,1.393618],[103.871228,1.3936259],[103.8712368,1.3936449],[103.8712322,1.3936471],[103.8712284,1.3936388],[103.8712154,1.3936448],[103.8712098,1.3936327],[103.8711855,1.393644],[103.8711793,1.3936305],[103.8711482,1.3936449],[103.8711409,1.393629],[103.871123,1.3936373],[103.8711185,1.3936277],[103.8711464,1.3936148],[103.8711244,1.3935674],[103.871068,1.3935934],[103.8710733,1.3936047],[103.8710242,1.3936274],[103.8710205,1.3936193],[103.870964,1.3936453],[103.8709872,1.3936955]]]}},{"type":"Feature","id":"way/727934680-0","properties":{"addr:city":"Singapore","addr:housenumber":"463B","addr:postcode":"792463","addr:street":"Jalan Kayu","building":"residential","building:levels":"14","residential":"hdb"},"geometry":{"type":"Polygon","coordinates":[[[103.8716007,1.3930319],[103.87156,1.3929491],[103.8716067,1.3929261],[103.8716434,1.3930005],[103.8716954,1.3929749],[103.8716574,1.3928977],[103.8716873,1.392883],[103.87169,1.3928884],[103.8717045,1.3928813],[103.8717027,1.3928776],[103.8717286,1.3928649],[103.8717653,1.3929391],[103.8718436,1.3929005],[103.871807,1.3928264],[103.871833,1.3928136],[103.8718373,1.3928223],[103.8718978,1.3927924],[103.8718946,1.3927859],[103.8719258,1.3927705],[103.8719765,1.3928732],[103.8719601,1.3928812],[103.8719862,1.392934],[103.8720676,1.3928938],[103.8720806,1.39292],[103.8720952,1.3929128],[103.8721011,1.3929249],[103.8721282,1.3929115],[103.8721832,1.3928843],[103.872155,1.3928272],[103.8720757,1.3928663],[103.8720725,1.3928599],[103.8720775,1.3928574],[103.872063,1.3928278],[103.8720567,1.3928309],[103.8720525,1.3928223],[103.8721333,1.3927826],[103.8721061,1.3927273],[103.8720245,1.3927674],[103.872016,1.3927502],[103.8720238,1.3927464],[103.8720097,1.3927176],[103.8720789,1.3926836],[103.8720388,1.3926021],[103.8719612,1.3926401],[103.8719673,1.3926525],[103.8719547,1.3926586],[103.8719833,1.392717],[103.8719772,1.3927261],[103.8719342,1.3927462],[103.8719006,1.3926746],[103.8717415,1.3927491],[103.8717628,1.3927946],[103.8717595,1.3928025],[103.8717653,1.3928119],[103.8717746,1.3928099],[103.8717776,1.3928242],[103.8717637,1.392831],[103.8717599,1.3928232],[103.8717389,1.3928336],[103.8717423,1.3928406],[103.8717278,1.3928478],[103.8716923,1.3927755],[103.8714857,1.392877],[103.8715172,1.3929412],[103.8715217,1.3929502],[103.8715095,1.3929562],[103.8715156,1.3929687],[103.8714999,1.3929764],[103.8715415,1.393061],[103.8716007,1.3930319]]]}},{"type":"Feature","id":"way/727934681-0","properties":{"addr:city":"Singapore","addr:housenumber":"463A","addr:postcode":"791463","addr:street":"Jalan Kayu","building":"residential","building:levels":"14","residential":"hdb"},"geometry":{"type":"Polygon","coordinates":[[[103.871704,1.3934421],[103.8717198,1.3934343],[103.8717234,1.3934417],[103.8717259,1.3934467],[103.8717382,1.3934407],[103.8717741,1.3935138],[103.8719813,1.3934123],[103.8719459,1.39334],[103.87196,1.3933331],[103.8719634,1.3933401],[103.8719847,1.3933297],[103.8719808,1.3933218],[103.8719946,1.393315],[103.872004,1.393326],[103.8719968,1.3933322],[103.8720008,1.3933426],[103.872009,1.3933448],[103.8720319,1.3933895],[103.8721884,1.3933093],[103.8721523,1.3932389],[103.8721944,1.3932173],[103.8722053,1.3932179],[103.8722341,1.3932763],[103.8722466,1.3932701],[103.8722526,1.3932825],[103.8723299,1.3932444],[103.87229,1.3931635],[103.8722208,1.3931976],[103.8722066,1.3931688],[103.8721988,1.3931726],[103.8721898,1.3931544],[103.8722714,1.3931143],[103.8722449,1.3930603],[103.872164,1.3931001],[103.872159,1.3930899],[103.8721654,1.3930867],[103.8721516,1.3930586],[103.8721467,1.393061],[103.8721429,1.3930533],[103.8722225,1.3930146],[103.8721951,1.3929584],[103.872159,1.3929759],[103.8721138,1.3929979],[103.8721197,1.3930098],[103.8721049,1.393017],[103.8721177,1.3930434],[103.872036,1.393083],[103.8720614,1.3931354],[103.8720778,1.3931274],[103.8721279,1.3932308],[103.8720965,1.393246],[103.8720933,1.3932396],[103.8720327,1.3932689],[103.872037,1.3932776],[103.872011,1.3932902],[103.8719749,1.3932157],[103.8718954,1.3932541],[103.8719314,1.3933285],[103.8719069,1.3933403],[103.8719051,1.3933366],[103.871889,1.3933445],[103.8718917,1.3933499],[103.8718633,1.3933638],[103.8718255,1.3932866],[103.871772,1.3933128],[103.8718085,1.3933872],[103.8717823,1.3934001],[103.8717631,1.3934095],[103.8717224,1.3933265],[103.8716619,1.3933562],[103.871704,1.3934421]]]}},{"type":"Feature","id":"way/1137982128-0","properties":{"amenity":"shelter","bench":"yes","bin":"no","building":"yes","layer":"1","lit":"yes","lockable":"no","wheelchair":"yes"},"geometry":{"type":"Polygon","coordinates":[[[103.8707007,1.3949269],[103.8706976,1.3948669],[103.8706194,1.3947982],[103.8705309,1.3948047],[103.8704644,1.3948815],[103.8704674,1.3949392],[103.8707007,1.3949269]]]}},{"type":"Feature","id":"way/1137982129-0","properties":{"amenity":"shelter","bench":"yes","bin":"yes","building":"yes","layer":"1","lit":"yes","lockable":"no","wheelchair":"yes"},"geometry":{"type":"Polygon","coordinates":[[[103.8710458,1.394518],[103.8711842,1.3943616],[103.8711538,1.3943348],[103.871141,1.3943351],[103.8710589,1.3943367],[103.8709926,1.3944055],[103.8709951,1.3944579],[103.8709972,1.3945053],[103.8710308,1.3945349],[103.8710458,1.394518]]]}},{"type":"Feature","id":"way/1137982130-0","properties":{"amenity":"shelter","bench":"yes","bin":"yes","building":"yes","layer":"1","lit":"yes","lockable":"no","wheelchair":"yes"},"geometry":{"type":"Polygon","coordinates":[[[103.8700717,1.3946201],[103.8700984,1.3945932],[103.8700953,1.3944984],[103.8700257,1.394433],[103.8699259,1.3944388],[103.8698956,1.3944727],[103.8700717,1.3946201]]]}},{"type":"Feature","id":"way/1137982131-0","properties":{"amenity":"shelter","bench":"yes","bin":"yes","building":"yes","layer":"1","lit":"yes","lockable":"no","wheelchair":"yes"},"geometry":{"type":"Polygon","coordinates":[[[103.869593,1.393502],[103.8695905,1.393461],[103.8695194,1.3933901],[103.8694151,1.3933998],[103.8693532,1.3934643],[103.8693563,1.3935162],[103.869593,1.393502]]]}},{"type":"Feature","id":"way/1137982132-0","properties":{"amenity":"shelter","bench":"yes","bin":"yes","building":"yes","layer":"1","lit":"yes","lockable":"no","wheelchair":"yes"},"geometry":{"type":"Polygon","coordinates":[[[103.8715908,1.393161],[103.8715408,1.3931419],[103.8714556,1.3931811],[103.8714246,1.3932724],[103.8714601,1.393354],[103.8715083,1.3933752],[103.8715908,1.393161]]]}},{"type":"Feature","id":"way/1138074334-0","properties":{"amenity":"social_facility","building":"yes","social_facility":"nursing_home","social_facility:for":"senior","wheelchair":"yes"},"geometry":{"type":"Polygon","coordinates":[[[103.8722454,1.3943189],[103.8722402,1.3942897],[103.8722209,1.3942933],[103.8722155,1.3942642],[103.87232,1.3942448],[103.8723117,1.3941998],[103.8723042,1.3942012],[103.8723024,1.3941915],[103.872273,1.394197],[103.8722419,1.3940308],[103.8723236,1.3940155],[103.8723077,1.3939311],[103.8721262,1.3939651],[103.8721354,1.3940145],[103.8721116,1.394019],[103.8721022,1.3939687],[103.8720163,1.3939848],[103.8720244,1.394028],[103.8720081,1.3940311],[103.8719991,1.3939831],[103.8717781,1.3940246],[103.871808,1.394184],[103.8718353,1.3941789],[103.8718367,1.3941863],[103.8718004,1.3941931],[103.8718184,1.3942897],[103.8718264,1.3942882],[103.8718402,1.3943624],[103.8718646,1.3943579],[103.8718702,1.3943883],[103.8722454,1.3943189]]]}},{"type":"Feature","id":"way/1138074335-0","properties":{"amenity":"social_facility","building":"yes","social_facility":"nursing_home","social_facility:for":"senior"},"geometry":{"type":"Polygon","coordinates":[[[103.8724542,1.3947754],[103.8724351,1.3946674],[103.8724864,1.3946584],[103.8725057,1.3947674],[103.8726791,1.3947368],[103.8725869,1.3942155],[103.8724225,1.3942445],[103.872432,1.3942985],[103.8724163,1.3943013],[103.8724065,1.394246],[103.8722378,1.3942758],[103.8722402,1.3942897],[103.8722454,1.3943189],[103.8722481,1.3943345],[103.872264,1.3944244],[103.8722687,1.3944507],[103.8723348,1.3944391],[103.8723663,1.3946178],[103.8722202,1.3946436],[103.8722499,1.3948115],[103.8724542,1.3947754]]]}},{"type":"Feature","id":"way/1138074336-0","properties":{"amenity":"social_facility","building":"yes","social_facility":"nursing_home","social_facility:for":"senior"},"geometry":{"type":"Polygon","coordinates":[[[103.8722301,1.3948174],[103.8722079,1.3946954],[103.8722163,1.3946938],[103.8722097,1.3946579],[103.8721419,1.3946702],[103.8721466,1.3946962],[103.8720651,1.3947111],[103.8720601,1.394684],[103.8719892,1.3946969],[103.8720183,1.394856],[103.8722301,1.3948174]]]}},{"type":"Feature","id":"way/1157857643-0","properties":{"addr:city":"Singapore","addr:housenumber":"446","addr:street":"Jalan Kayu","amenity":"parking","building":"residential","building:levels":"2","layer":"-1","parking":"multi-storey"},"geometry":{"type":"Polygon","coordinates":[[[103.8728181,1.3923185],[103.8728275,1.3923038],[103.8728557,1.3923215],[103.8728485,1.3923349],[103.872896,1.3923577],[103.8729463,1.3923728],[103.8729549,1.392347],[103.8729854,1.3923526],[103.8729821,1.3923714],[103.873059,1.3923844],[103.8730613,1.3923665],[103.8730647,1.3923534],[103.8731203,1.3923646],[103.8731225,1.3923408],[103.8731542,1.3923029],[103.8731367,1.3922877],[103.8731544,1.3922658],[103.8732082,1.3922243],[103.8732738,1.3921898],[103.8733401,1.3921757],[103.8734595,1.3921688],[103.8734588,1.39216],[103.8736321,1.3921461],[103.8736316,1.3921369],[103.8736734,1.3921251],[103.8737062,1.3920961],[103.8737254,1.392058],[103.8737315,1.3920282],[103.8737235,1.3919532],[103.8737158,1.3919337],[103.8736877,1.3918998],[103.8736357,1.391871],[103.873694,1.3918704],[103.8736715,1.3915885],[103.8735857,1.3915964],[103.8736044,1.3918299],[103.8734343,1.391841],[103.873438,1.3918877],[103.8732275,1.3919045],[103.873225,1.3918731],[103.8731712,1.3918915],[103.8730989,1.3919247],[103.8730314,1.3919617],[103.872962,1.3920141],[103.872903,1.3920712],[103.8728498,1.3921356],[103.8727976,1.3922207],[103.8727913,1.3922165],[103.8727636,1.3922634],[103.8727539,1.3922799],[103.8728181,1.3923185]]]}},{"type":"Feature","id":"way/1449591375-0","properties":{"amenity":"shelter","building":"yes"},"geometry":{"type":"Polygon","coordinates":[[[103.8734184,1.3930494],[103.8733859,1.3927716],[103.8732497,1.3928456],[103.8733796,1.3930737],[103.8734184,1.3930494]]]}},{"type":"Feature","id":"way/32775565-0-0-0","properties":{"highway":"secondary","lanes":"3","maxspeed":"60","name":"Sengkang West Way","oneway":"yes"},"geometry":{"type":"LineString","coordinates":[[103.8701474,1.3953229],[103.8710214,1.3952517]]}},{"type":"Feature","id":"way/32775565-0-0-1","properties":{"highway":"secondary","lanes":"3","maxspeed":"60","name":"Sengkang West Way","oneway":"yes"},"geometry":{"type":"LineString","coordinates":[[103.8710214,1.3952517],[103.8718954,1.3951805]]}},{"type":"Feature","id":"way/159013791-0-0-0","properties":{"highway":"service","oneway":"yes"},"geometry":{"type":"LineString","coordinates":[[103.8723542,1.3940542],[103.8723339,1.3940684]]}},{"type":"Feature","id":"way/159013791-0-1-0","properties":{"highway":"service","oneway":"yes"},"geometry":{"type":"LineString","coordinates":[[103.8723339,1.3940684],[103.8723194,1.3940882]]}},{"type":"Feature","id":"way/159013791-0-2-0","properties":{"highway":"service","oneway":"yes"},"geometry":{"type":"LineString","coordinates":[[103.8723194,1.3940882],[103.872312,1.3941117]]}},{"type":"Feature","id":"way/159013791-0-3-0","properties":{"highway":"service","oneway":"yes"},"geometry":{"type":"LineString","coordinates":[[103.872312,1.3941117],[103.8723125,1.3941363]]}},{"type":"Feature","id":"way/159013791-0-4-0","properties":{"highway":"service","oneway":"yes"},"geometry":{"type":"LineString","coordinates":[[103.8723125,1.3941363],[103.872321,1.3941595]]}},{"type":"Feature","id":"way/159013791-0-5-0","properties":{"highway":"service","oneway":"yes"},"geometry":{"type":"LineString","coordinates":[[103.872321,1.3941595],[103.8723364,1.3941787]]}},{"type":"Feature","id":"way/159013791-0-6-0","properties":{"highway":"service","oneway":"yes"},"geometry":{"type":"LineString","coordinates":[[103.8723364,1.3941787],[103.8723571,1.394192]]}},{"type":"Feature","id":"way/159013791-0-7-0","properties":{"highway":"service","oneway":"yes"},"geometry":{"type":"LineString","coordinates":[[103.8723571,1.394192],[103.872381,1.3941978]]}},{"type":"Feature","id":"way/159013791-0-8-0","properties":{"highway":"service","oneway":"yes"},"geometry":{"type":"LineString","coordinates":[[103.872381,1.3941978],[103.8724056,1.3941956]]}},{"type":"Feature","id":"way/159013791-0-9-0","properties":{"highway":"service","oneway":"yes"},"geometry":{"type":"LineString","coordinates":[[103.8724056,1.3941956],[103.8724281,1.3941858]]}},{"type":"Feature","id":"way/159028808-0-0-0","properties":{"highway":"secondary_link","lanes":"1","maxspeed":"50","oneway":"yes","surface":"asphalt"},"geometry":{"type":"LineString","coordinates":[[103.8734538,1.3949371],[103.8732328,1.3948868]]}},{"type":"Feature","id":"way/159028808-0-1-0","properties":{"highway":"secondary_link","lanes":"1","maxspeed":"50","oneway":"yes","surface":"asphalt"},"geometry":{"type":"LineString","coordinates":[[103.8732328,1.3948868],[103.8730892,1.3948292]]}},{"type":"Feature","id":"way/159028808-0-2-0","properties":{"highway":"secondary_link","lanes":"1","maxspeed":"50","oneway":"yes","surface":"asphalt"},"geometry":{"type":"LineString","coordinates":[[103.8730892,1.3948292],[103.8730261,1.3947713]]}},{"type":"Feature","id":"way/159028808-0-3-0","properties":{"highway":"secondary_link","lanes":"1","maxspeed":"50","oneway":"yes","surface":"asphalt"},"geometry":{"type":"LineString","coordinates":[[103.8730261,1.3947713],[103.8729439,1.3946324]]}},{"type":"Feature","id":"way/174886167-0-0-0","properties":{"highway":"secondary","lanes":"3","maxspeed":"50","name":"Jalan Kayu","name:zh":"\u60f9\u5170\u52a0\u6cb9","oneway":"yes","surface":"asphalt"},"geometry":{"type":"LineString","coordinates":[[103.8729857,1.3950883],[103.8729766,1.394971]]}},{"type":"Feature","id":"way/174886170-0-0-0","properties":{"highway":"secondary","lanes":"2","maxspeed":"50","name":"Jalan Kayu","name:zh":"\u60f9\u5170\u52a0\u6cb9","oneway":"yes","surface":"asphalt"},"geometry":{"type":"LineString","coordinates":[[103.8727456,1.3936882],[103.8727269,1.3936052]]}},{"type":"Feature","id":"way/174886170-0-1-0","properties":{"highway":"secondary","lanes":"2","maxspeed":"50","name":"Jalan Kayu","name:zh":"\u60f9\u5170\u52a0\u6cb9","oneway":"yes","surface":"asphalt"},"geometry":{"type":"LineString","coordinates":[[103.8727269,1.3936052],[103.872612,1.3930733]]}},{"type":"Feature","id":"way/174886170-0-2-0","properties":{"highway":"secondary","lanes":"2","maxspeed":"50","name":"Jalan Kayu","name:zh":"\u60f9\u5170\u52a0\u6cb9","oneway":"yes","surface":"asphalt"},"geometry":{"type":"LineString","coordinates":[[103.872612,1.3930733],[103.8725664,1.3929473]]}},{"type":"Feature","id":"way/174886170-0-3-0","properties":{"highway":"secondary","lanes":"2","maxspeed":"50","name":"Jalan Kayu","name:zh":"\u60f9\u5170\u52a0\u6cb9","oneway":"yes","surface":"asphalt"},"geometry":{"type":"LineString","coordinates":[[103.8725664,1.3929473],[103.8724685,1.392765]]}},{"type":"Feature","id":"way/230785216-0-0-0","properties":{"highway":"secondary","lanes":"3","maxspeed":"60","name":"Sengkang West Way","oneway":"yes"},"geometry":{"type":"LineString","coordinates":[[103.8726164,1.3949849],[103.8719722,1.3950426]]}},{"type":"Feature","id":"way/230785216-0-1-0","properties":{"highway":"secondary","lanes":"3","maxspeed":"60","name":"Sengkang West Way","oneway":"yes"},"geometry":{"type":"LineString","coordinates":[[103.8719722,1.3950426],[103.8718412,1.3950543]]}},{"type":"Feature","id":"way/230785216-0-2-0","properties":{"highway":"secondary","lanes":"3","maxspeed":"60","name":"Sengkang West Way","oneway":"yes"},"geometry":{"type":"LineString","coordinates":[[103.8718412,1.3950543],[103.8706724,1.3951417]]}},{"type":"Feature","id":"way/230785216-0-3-0","properties":{"highway":"secondary","lanes":"3","maxspeed":"60","name":"Sengkang West Way","oneway":"yes"},"geometry":{"type":"LineString","coordinates":[[103.8706724,1.3951417],[103.870177,1.3951885]]}},{"type":"Feature","id":"way/260563908-0-0-0","properties":{"highway":"secondary","lanes":"3","maxspeed":"50","name":"Jalan Kayu","name:zh":"\u60f9\u5170\u52a0\u6cb9","oneway":"yes","surface":"asphalt"},"geometry":{"type":"LineString","coordinates":[[103.872891,1.3949754],[103.8729024,1.3950922]]}},{"type":"Feature","id":"way/264995925-0-2-0","properties":{"highway":"secondary","lanes":"2","maxspeed":"50","name":"Jalan Kayu","name:zh":"\u60f9\u5170\u52a0\u6cb9","oneway":"yes","source":"GPS","surface":"asphalt"},"geometry":{"type":"LineString","coordinates":[[103.8716814,1.3917059],[103.8718691,1.3919985]]}},{"type":"Feature","id":"way/265150832-0-0-0","properties":{"highway":"secondary","lanes":"4","maxspeed":"60","name":"Sengkang West Way","oneway":"yes","surface":"asphalt"},"geometry":{"type":"LineString","coordinates":[[103.8729024,1.3950922],[103.8729857,1.3950883]]}},{"type":"Feature","id":"way/447221301-0-0-0","properties":{"destination":"Sengkang West Way","highway":"secondary_link","lanes":"1","maxspeed":"50","oneway":"yes","surface":"asphalt"},"geometry":{"type":"LineString","coordinates":[[103.8730084,1.3954649],[103.8730855,1.3952705]]}},{"type":"Feature","id":"way/447221301-0-1-0","properties":{"destination":"Sengkang West Way","highway":"secondary_link","lanes":"1","maxspeed":"50","oneway":"yes","surface":"asphalt"},"geometry":{"type":"LineString","coordinates":[[103.8730855,1.3952705],[103.873114,1.3952245]]}},{"type":"Feature","id":"way/447221301-0-2-0","properties":{"destination":"Sengkang West Way","highway":"secondary_link","lanes":"1","maxspeed":"50","oneway":"yes","surface":"asphalt"},"geometry":{"type":"LineString","coordinates":[[103.873114,1.3952245],[103.8731352,1.3951898]]}},{"type":"Feature","id":"way/447221301-0-3-0","properties":{"destination":"Sengkang West Way","highway":"secondary_link","lanes":"1","maxspeed":"50","oneway":"yes","surface":"asphalt"},"geometry":{"type":"LineString","coordinates":[[103.8731352,1.3951898],[103.8732247,1.3950782]]}},{"type":"Feature","id":"way/448937503-0-0-0","properties":{"highway":"secondary","lanes":"2","maxspeed":"50","name":"Jalan Kayu","name:zh":"\u60f9\u5170\u52a0\u6cb9","oneway":"yes","surface":"asphalt"},"geometry":{"type":"LineString","coordinates":[[103.8729766,1.394971],[103.8729692,1.394895]]}},{"type":"Feature","id":"way/448937503-0-1-0","properties":{"highway":"secondary","lanes":"2","maxspeed":"50","name":"Jalan Kayu","name:zh":"\u60f9\u5170\u52a0\u6cb9","oneway":"yes","surface":"asphalt"},"geometry":{"type":"LineString","coordinates":[[103.8729692,1.394895],[103.8729439,1.3946324]]}},{"type":"Feature","id":"way/448937504-0-0-0","properties":{"highway":"secondary","lanes":"3","maxspeed":"50","name":"Jalan Kayu","name:zh":"\u60f9\u5170\u52a0\u6cb9","oneway":"yes","surface":"asphalt","turn:lanes":"through|through|right"},"geometry":{"type":"LineString","coordinates":[[103.8730084,1.3954649],[103.872996,1.395249]]}},{"type":"Feature","id":"way/448937504-0-1-0","properties":{"highway":"secondary","lanes":"3","maxspeed":"50","name":"Jalan Kayu","name:zh":"\u60f9\u5170\u52a0\u6cb9","oneway":"yes","surface":"asphalt","turn:lanes":"through|through|right"},"geometry":{"type":"LineString","coordinates":[[103.872996,1.395249],[103.8729907,1.3951666]]}},{"type":"Feature","id":"way/448937504-0-2-0","properties":{"highway":"secondary","lanes":"3","maxspeed":"50","name":"Jalan Kayu","name:zh":"\u60f9\u5170\u52a0\u6cb9","oneway":"yes","surface":"asphalt","turn:lanes":"through|through|right"},"geometry":{"type":"LineString","coordinates":[[103.8729907,1.3951666],[103.8729857,1.3950883]]}},{"type":"Feature","id":"way/448937577-0-0-0","properties":{"highway":"secondary","lanes":"3","maxspeed":"60","name":"Sengkang West Way","oneway":"yes","surface":"asphalt"},"geometry":{"type":"LineString","coordinates":[[103.8729857,1.3950883],[103.8730487,1.3950856]]}},{"type":"Feature","id":"way/448937577-0-1-0","properties":{"highway":"secondary","lanes":"3","maxspeed":"60","name":"Sengkang West Way","oneway":"yes","surface":"asphalt"},"geometry":{"type":"LineString","coordinates":[[103.8730487,1.3950856],[103.8732247,1.3950782]]}},{"type":"Feature","id":"way/448937578-0-0-0","properties":{"highway":"secondary","lanes":"4","maxspeed":"60","name":"Sengkang West Way","oneway":"yes","surface":"asphalt","turn:lanes":"through|through|through|right"},"geometry":{"type":"LineString","coordinates":[[103.8734538,1.3949371],[103.8730394,1.3949666]]}},{"type":"Feature","id":"way/448937578-0-1-0","properties":{"highway":"secondary","lanes":"4","maxspeed":"60","name":"Sengkang West Way","oneway":"yes","surface":"asphalt","turn:lanes":"through|through|through|right"},"geometry":{"type":"LineString","coordinates":[[103.8730394,1.3949666],[103.8729766,1.394971]]}},{"type":"Feature","id":"way/463535734-0-0-0","properties":{"highway":"primary_link","lanes":"1","maxspeed":"50","oneway":"yes","surface":"asphalt"},"geometry":{"type":"LineString","coordinates":[[103.8692274,1.3920141],[103.8693018,1.3919146]]}},{"type":"Feature","id":"way/463535734-0-1-0","properties":{"highway":"primary_link","lanes":"1","maxspeed":"50","oneway":"yes","surface":"asphalt"},"geometry":{"type":"LineString","coordinates":[[103.8693018,1.3919146],[103.8693287,1.3918061]]}},{"type":"Feature","id":"way/464785749-0-0-0","properties":{"highway":"service","oneway":"yes","service":"driveway","surface":"asphalt"},"geometry":{"type":"LineString","coordinates":[[103.8720288,1.3922477],[103.8721401,1.3923225]]}},{"type":"Feature","id":"way/464785749-0-1-0","properties":{"highway":"service","oneway":"yes","service":"driveway","surface":"asphalt"},"geometry":{"type":"LineString","coordinates":[[103.8721401,1.3923225],[103.8721948,1.392314]]}},{"type":"Feature","id":"way/464785751-0-0-0","properties":{"highway":"service","lanes":"2","lanes:backward":"1","lanes:forward":"1","service":"driveway","sidewalk":"right"},"geometry":{"type":"LineString","coordinates":[[103.8733962,1.3946655],[103.8733649,1.3946655]]}},{"type":"Feature","id":"way/464785751-0-1-0","properties":{"highway":"service","lanes":"2","lanes:backward":"1","lanes:forward":"1","service":"driveway","sidewalk":"right"},"geometry":{"type":"LineString","coordinates":[[103.8733649,1.3946655],[103.8733354,1.3946588]]}},{"type":"Feature","id":"way/464785751-0-2-0","properties":{"highway":"service","lanes":"2","lanes:backward":"1","lanes:forward":"1","service":"driveway","sidewalk":"right"},"geometry":{"type":"LineString","coordinates":[[103.8733354,1.3946588],[103.8733045,1.3946427]]}},{"type":"Feature","id":"way/464785751-0-3-0","properties":{"highway":"service","lanes":"2","lanes:backward":"1","lanes:forward":"1","service":"driveway","sidewalk":"right"},"geometry":{"type":"LineString","coordinates":[[103.8733045,1.3946427],[103.8732152,1.3945868]]}},{"type":"Feature","id":"way/464785754-0-0-0","properties":{"highway":"service","oneway":"yes","service":"driveway","surface":"asphalt"},"geometry":{"type":"LineString","coordinates":[[103.8723117,1.3937718],[103.8723263,1.3938442]]}},{"type":"Feature","id":"way/464785754-0-1-0","properties":{"highway":"service","oneway":"yes","service":"driveway","surface":"asphalt"},"geometry":{"type":"LineString","coordinates":[[103.8723263,1.3938442],[103.872342,1.393929]]}},{"type":"Feature","id":"way/464785754-0-2-0","properties":{"highway":"service","oneway":"yes","service":"driveway","surface":"asphalt"},"geometry":{"type":"LineString","coordinates":[[103.872342,1.393929],[103.8723574,1.3940116]]}},{"type":"Feature","id":"way/464785754-0-3-0","properties":{"highway":"service","oneway":"yes","service":"driveway","surface":"asphalt"},"geometry":{"type":"LineString","coordinates":[[103.8723574,1.3940116],[103.8723542,1.3940542]]}},{"type":"Feature","id":"way/478287545-0-0-0","properties":{"highway":"primary","lanes":"3","maxspeed":"60","name":"Sengkang West Road","name:zh":"\u76db\u6e2f\u897f\u8def","oneway":"yes","surface":"asphalt","turn:lanes":"left;through|through|through"},"geometry":{"type":"LineString","coordinates":[[103.8690761,1.3934396],[103.8690526,1.3939533]]}},{"type":"Feature","id":"way/478287546-0-0-0","properties":{"highway":"service","lanes":"2","lanes:backward":"1","lanes:forward":"1","maxspeed":"50","name":"Seletar West Farmway 4","oneway":"no","sidewalk":"both","surface":"asphalt"},"geometry":{"type":"LineString","coordinates":[[103.8716703,1.3938969],[103.8723117,1.3937718]]}},{"type":"Feature","id":"way/478287547-0-0-0","properties":{"highway":"primary","lanes":"4","maxspeed":"60","name":"Sengkang West Road","name:zh":"\u76db\u6e2f\u897f\u8def","oneway":"yes","surface":"asphalt","turn:lanes":"through|through|through|right"},"geometry":{"type":"LineString","coordinates":[[103.8690314,1.3942183],[103.8690244,1.3944272]]}},{"type":"Feature","id":"way/478289790-0-0-0","properties":{"highway":"primary","lanes":"3","maxspeed":"60","name":"Sengkang West Road","name:zh":"\u76db\u6e2f\u897f\u8def","note":"Based on data from the construction site in July 2013, so please don't delete it again!","oneway":"yes","source":"GPS","surface":"asphalt","turn:lanes":"through|through|through"},"geometry":{"type":"LineString","coordinates":[[103.8691166,1.396442],[103.8691428,1.3954812]]}},{"type":"Feature","id":"way/478289790-0-1-0","properties":{"highway":"primary","lanes":"3","maxspeed":"60","name":"Sengkang West Road","name:zh":"\u76db\u6e2f\u897f\u8def","note":"Based on data from the construction site in July 2013, so please don't delete it again!","oneway":"yes","source":"GPS","surface":"asphalt","turn:lanes":"through|through|through"},"geometry":{"type":"LineString","coordinates":[[103.8691428,1.3954812],[103.8691454,1.3953911]]}},{"type":"Feature","id":"way/478289792-0-0-0","properties":{"highway":"primary","lanes":"3","maxspeed":"60","name":"Sengkang West Road","name:zh":"\u76db\u6e2f\u897f\u8def","note":"Based on data from the construction site in July 2013, so please don't delete it again!","oneway":"yes","source":"GPS","surface":"asphalt"},"geometry":{"type":"LineString","coordinates":[[103.8691505,1.3952783],[103.8691516,1.3951916]]}},{"type":"Feature","id":"way/478289792-0-1-0","properties":{"highway":"primary","lanes":"3","maxspeed":"60","name":"Sengkang West Road","name:zh":"\u76db\u6e2f\u897f\u8def","note":"Based on data from the construction site in July 2013, so please don't delete it again!","oneway":"yes","source":"GPS","surface":"asphalt"},"geometry":{"type":"LineString","coordinates":[[103.8691516,1.3951916],[103.8691632,1.3949118]]}},{"type":"Feature","id":"way/478289794-0-0-0","properties":{"highway":"primary","lanes":"5","maxspeed":"60","name":"Sengkang West Road","name:zh":"\u76db\u6e2f\u897f\u8def","note":"Based on data from the construction site in July 2013, so please don't delete it again!","oneway":"yes","source":"GPS","surface":"asphalt","turn:lanes":"left|through|through|through|right"},"geometry":{"type":"LineString","coordinates":[[103.8692269,1.3922819],[103.8692253,1.3921338]]}},{"type":"Feature","id":"way/479770475-0-0-0","properties":{"highway":"service","lanes":"2","lanes:backward":"1","lanes:forward":"1","service":"driveway","surface":"asphalt","turn:lanes:backward":"left","turn:lanes:forward":"left;right"},"geometry":{"type":"LineString","coordinates":[[103.8721948,1.392314],[103.872266,1.3922715]]}},{"type":"Feature","id":"way/479770475-0-1-0","properties":{"highway":"service","lanes":"2","lanes:backward":"1","lanes:forward":"1","service":"driveway","surface":"asphalt","turn:lanes:backward":"left","turn:lanes:forward":"left;right"},"geometry":{"type":"LineString","coordinates":[[103.872266,1.3922715],[103.8723218,1.3922335]]}},{"type":"Feature","id":"way/479773089-0-0-0","properties":{"highway":"secondary","lanes":"1","maxspeed":"50","name":"Jalan Kayu","name:zh":"\u60f9\u5170\u52a0\u6cb9","oneway":"yes","surface":"asphalt"},"geometry":{"type":"LineString","coordinates":[[103.8729024,1.3950922],[103.87291,1.3951707]]}},{"type":"Feature","id":"way/479773089-0-1-0","properties":{"highway":"secondary","lanes":"1","maxspeed":"50","name":"Jalan Kayu","name:zh":"\u60f9\u5170\u52a0\u6cb9","oneway":"yes","surface":"asphalt"},"geometry":{"type":"LineString","coordinates":[[103.87291,1.3951707],[103.87292,1.3952729]]}},{"type":"Feature","id":"way/479773089-0-2-0","properties":{"highway":"secondary","lanes":"1","maxspeed":"50","name":"Jalan Kayu","name:zh":"\u60f9\u5170\u52a0\u6cb9","oneway":"yes","surface":"asphalt"},"geometry":{"type":"LineString","coordinates":[[103.87292,1.3952729],[103.8729304,1.3953644]]}},{"type":"Feature","id":"way/479773090-0-0-0","properties":{"highway":"secondary","lanes":"3","maxspeed":"50","name":"Jalan Kayu","name:zh":"\u60f9\u5170\u52a0\u6cb9","oneway":"yes","source":"GPS","surface":"asphalt","turn:lanes":"through|right|right"},"geometry":{"type":"LineString","coordinates":[[103.8727414,1.3941203],[103.8727739,1.3942932]]}},{"type":"Feature","id":"way/493444214-0-0-0","properties":{"highway":"secondary_link","lanes":"1","maxspeed":"50","oneway":"yes","turn:lanes":"through"},"geometry":{"type":"LineString","coordinates":[[103.8728332,1.3945375],[103.8728078,1.394739]]}},{"type":"Feature","id":"way/493444214-0-1-0","properties":{"highway":"secondary_link","lanes":"1","maxspeed":"50","oneway":"yes","turn:lanes":"through"},"geometry":{"type":"LineString","coordinates":[[103.8728078,1.394739],[103.8727906,1.3948046]]}},{"type":"Feature","id":"way/493444214-0-2-0","properties":{"highway":"secondary_link","lanes":"1","maxspeed":"50","oneway":"yes","turn:lanes":"through"},"geometry":{"type":"LineString","coordinates":[[103.8727906,1.3948046],[103.8727676,1.3948483]]}},{"type":"Feature","id":"way/493444214-0-3-0","properties":{"highway":"secondary_link","lanes":"1","maxspeed":"50","oneway":"yes","turn:lanes":"through"},"geometry":{"type":"LineString","coordinates":[[103.8727676,1.3948483],[103.8727246,1.3949174]]}},{"type":"Feature","id":"way/493444214-0-4-0","properties":{"highway":"secondary_link","lanes":"1","maxspeed":"50","oneway":"yes","turn:lanes":"through"},"geometry":{"type":"LineString","coordinates":[[103.8727246,1.3949174],[103.8726755,1.394954]]}},{"type":"Feature","id":"way/493444214-0-5-0","properties":{"highway":"secondary_link","lanes":"1","maxspeed":"50","oneway":"yes","turn:lanes":"through"},"geometry":{"type":"LineString","coordinates":[[103.8726755,1.394954],[103.8726164,1.3949849]]}},{"type":"Feature","id":"way/493444215-0-0-0","properties":{"highway":"secondary_link","lanes":"1","maxspeed":"50","oneway":"yes","surface":"asphalt"},"geometry":{"type":"LineString","coordinates":[[103.8723247,1.3951322],[103.8726363,1.3951846]]}},{"type":"Feature","id":"way/493444215-0-1-0","properties":{"highway":"secondary_link","lanes":"1","maxspeed":"50","oneway":"yes","surface":"asphalt"},"geometry":{"type":"LineString","coordinates":[[103.8726363,1.3951846],[103.8727308,1.3952336]]}},{"type":"Feature","id":"way/493444215-0-2-0","properties":{"highway":"secondary_link","lanes":"1","maxspeed":"50","oneway":"yes","surface":"asphalt"},"geometry":{"type":"LineString","coordinates":[[103.8727308,1.3952336],[103.872776,1.3952597]]}},{"type":"Feature","id":"way/493444215-0-3-0","properties":{"highway":"secondary_link","lanes":"1","maxspeed":"50","oneway":"yes","surface":"asphalt"},"geometry":{"type":"LineString","coordinates":[[103.872776,1.3952597],[103.8728185,1.395284]]}},{"type":"Feature","id":"way/493444215-0-4-0","properties":{"highway":"secondary_link","lanes":"1","maxspeed":"50","oneway":"yes","surface":"asphalt"},"geometry":{"type":"LineString","coordinates":[[103.8728185,1.395284],[103.8729304,1.3953644]]}},{"type":"Feature","id":"way/493824379-0-0-0","properties":{"highway":"primary_link","lanes":"1","maxspeed":"50","oneway":"yes"},"geometry":{"type":"LineString","coordinates":[[103.8691166,1.396442],[103.8692091,1.3959591]]}},{"type":"Feature","id":"way/493824379-0-1-0","properties":{"highway":"primary_link","lanes":"1","maxspeed":"50","oneway":"yes"},"geometry":{"type":"LineString","coordinates":[[103.8692091,1.3959591],[103.8692758,1.3957232]]}},{"type":"Feature","id":"way/493824379-0-2-0","properties":{"highway":"primary_link","lanes":"1","maxspeed":"50","oneway":"yes"},"geometry":{"type":"LineString","coordinates":[[103.8692758,1.3957232],[103.8693182,1.3955908]]}},{"type":"Feature","id":"way/493824379-0-3-0","properties":{"highway":"primary_link","lanes":"1","maxspeed":"50","oneway":"yes"},"geometry":{"type":"LineString","coordinates":[[103.8693182,1.3955908],[103.869369,1.3955009]]}},{"type":"Feature","id":"way/493824379-0-4-0","properties":{"highway":"primary_link","lanes":"1","maxspeed":"50","oneway":"yes"},"geometry":{"type":"LineString","coordinates":[[103.869369,1.3955009],[103.8694363,1.3954336]]}},{"type":"Feature","id":"way/493824379-0-5-0","properties":{"highway":"primary_link","lanes":"1","maxspeed":"50","oneway":"yes"},"geometry":{"type":"LineString","coordinates":[[103.8694363,1.3954336],[103.8696066,1.3953687]]}},{"type":"Feature","id":"way/493824380-0-0-0","properties":{"highway":"primary_link","lanes":"1","maxspeed":"50","oneway":"yes"},"geometry":{"type":"LineString","coordinates":[[103.8696881,1.3952329],[103.8695055,1.3951955]]}},{"type":"Feature","id":"way/493824380-0-1-0","properties":{"highway":"primary_link","lanes":"1","maxspeed":"50","oneway":"yes"},"geometry":{"type":"LineString","coordinates":[[103.8695055,1.3951955],[103.869433,1.3951603]]}},{"type":"Feature","id":"way/493824380-0-2-0","properties":{"highway":"primary_link","lanes":"1","maxspeed":"50","oneway":"yes"},"geometry":{"type":"LineString","coordinates":[[103.869433,1.3951603],[103.8693702,1.395119]]}},{"type":"Feature","id":"way/493824380-0-3-0","properties":{"highway":"primary_link","lanes":"1","maxspeed":"50","oneway":"yes"},"geometry":{"type":"LineString","coordinates":[[103.8693702,1.395119],[103.8693078,1.3950803]]}},{"type":"Feature","id":"way/493824380-0-4-0","properties":{"highway":"primary_link","lanes":"1","maxspeed":"50","oneway":"yes"},"geometry":{"type":"LineString","coordinates":[[103.8693078,1.3950803],[103.8692333,1.3950281]]}},{"type":"Feature","id":"way/493824380-0-5-0","properties":{"highway":"primary_link","lanes":"1","maxspeed":"50","oneway":"yes"},"geometry":{"type":"LineString","coordinates":[[103.8692333,1.3950281],[103.8691632,1.3949118]]}},{"type":"Feature","id":"way/493824597-0-0-0","properties":{"highway":"residential","lanes":"2","lanes:backward":"1","lanes:forward":"1","maxspeed":"50","name":"Seletar West Farmway 6","sidewalk":"right","surface":"asphalt"},"geometry":{"type":"LineString","coordinates":[[103.8699402,1.3955623],[103.869987,1.3957228]]}},{"type":"Feature","id":"way/493824597-0-1-0","properties":{"highway":"residential","lanes":"2","lanes:backward":"1","lanes:forward":"1","maxspeed":"50","name":"Seletar West Farmway 6","sidewalk":"right","surface":"asphalt"},"geometry":{"type":"LineString","coordinates":[[103.869987,1.3957228],[103.8700408,1.3958243]]}},{"type":"Feature","id":"way/493824597-0-2-0","properties":{"highway":"residential","lanes":"2","lanes:backward":"1","lanes:forward":"1","maxspeed":"50","name":"Seletar West Farmway 6","sidewalk":"right","surface":"asphalt"},"geometry":{"type":"LineString","coordinates":[[103.8700408,1.3958243],[103.8701149,1.3959468]]}},{"type":"Feature","id":"way/493824597-0-3-0","properties":{"highway":"residential","lanes":"2","lanes:backward":"1","lanes:forward":"1","maxspeed":"50","name":"Seletar West Farmway 6","sidewalk":"right","surface":"asphalt"},"geometry":{"type":"LineString","coordinates":[[103.8701149,1.3959468],[103.8702693,1.3961927]]}},{"type":"Feature","id":"way/493824597-0-4-0","properties":{"highway":"residential","lanes":"2","lanes:backward":"1","lanes:forward":"1","maxspeed":"50","name":"Seletar West Farmway 6","sidewalk":"right","surface":"asphalt"},"geometry":{"type":"LineString","coordinates":[[103.8702693,1.3961927],[103.8703403,1.3962905]]}},{"type":"Feature","id":"way/533650271-0-0-0","properties":{"highway":"residential","lanes":"1","maxspeed":"50","name":"Seletar West Farmway 6","oneway":"yes","surface":"asphalt"},"geometry":{"type":"LineString","coordinates":[[103.8697458,1.3953556],[103.8698349,1.3953934]]}},{"type":"Feature","id":"way/533650271-0-1-0","properties":{"highway":"residential","lanes":"1","maxspeed":"50","name":"Seletar West Farmway 6","oneway":"yes","surface":"asphalt"},"geometry":{"type":"LineString","coordinates":[[103.8698349,1.3953934],[103.8698957,1.3954505]]}},{"type":"Feature","id":"way/533650271-0-2-0","properties":{"highway":"residential","lanes":"1","maxspeed":"50","name":"Seletar West Farmway 6","oneway":"yes","surface":"asphalt"},"geometry":{"type":"LineString","coordinates":[[103.8698957,1.3954505],[103.8699402,1.3955623]]}},{"type":"Feature","id":"way/533650274-0-0-0","properties":{"highway":"residential","lanes":"1","maxspeed":"50","name":"Seletar West Farmway 6","oneway":"yes","sidewalk":"left","surface":"asphalt","turn:lanes":"left"},"geometry":{"type":"LineString","coordinates":[[103.8699402,1.3955623],[103.8699757,1.39545]]}},{"type":"Feature","id":"way/533650274-0-1-0","properties":{"highway":"residential","lanes":"1","maxspeed":"50","name":"Seletar West Farmway 6","oneway":"yes","sidewalk":"left","surface":"asphalt","turn:lanes":"left"},"geometry":{"type":"LineString","coordinates":[[103.8699757,1.39545],[103.8700077,1.3953944]]}},{"type":"Feature","id":"way/533650274-0-2-0","properties":{"highway":"residential","lanes":"1","maxspeed":"50","name":"Seletar West Farmway 6","oneway":"yes","sidewalk":"left","surface":"asphalt","turn:lanes":"left"},"geometry":{"type":"LineString","coordinates":[[103.8700077,1.3953944],[103.8700469,1.395364]]}},{"type":"Feature","id":"way/533650274-0-3-0","properties":{"highway":"residential","lanes":"1","maxspeed":"50","name":"Seletar West Farmway 6","oneway":"yes","sidewalk":"left","surface":"asphalt","turn:lanes":"left"},"geometry":{"type":"LineString","coordinates":[[103.8700469,1.395364],[103.8701474,1.3953229]]}},{"type":"Feature","id":"way/536039227-0-0-0","properties":{"highway":"secondary","maxspeed":"60","name":"Sengkang West Way","oneway":"yes"},"geometry":{"type":"LineString","coordinates":[[103.8689866,1.3953978],[103.8691454,1.3953911]]}},{"type":"Feature","id":"way/536039228-0-0-0","properties":{"highway":"primary","lanes":"5","maxspeed":"60","name":"Sengkang West Road","name:zh":"\u76db\u6e2f\u897f\u8def","oneway":"yes","surface":"asphalt"},"geometry":{"type":"LineString","coordinates":[[103.8690018,1.3952904],[103.8689866,1.3953978]]}},{"type":"Feature","id":"way/536039229-0-0-0","properties":{"highway":"secondary","maxspeed":"60","name":"Sengkang West Way","oneway":"yes"},"geometry":{"type":"LineString","coordinates":[[103.8691505,1.3952783],[103.8690018,1.3952904]]}},{"type":"Feature","id":"way/536039230-0-0-0","properties":{"highway":"primary","lanes":"3","maxspeed":"60","name":"Sengkang West Road","name:zh":"\u76db\u6e2f\u897f\u8def","note":"Based on data from the construction site in July 2013, so please don't delete it again!","oneway":"yes","source":"GPS","surface":"asphalt"},"geometry":{"type":"LineString","coordinates":[[103.8691454,1.3953911],[103.8691505,1.3952783]]}},{"type":"Feature","id":"way/536039231-0-0-0","properties":{"highway":"secondary","lanes":"4","maxspeed":"60","name":"Sengkang West Way","oneway":"yes","surface":"asphalt"},"geometry":{"type":"LineString","coordinates":[[103.8729766,1.394971],[103.872891,1.3949754]]}},{"type":"Feature","id":"way/538926226-0-0-0","properties":{"highway":"secondary","lanes":"2","maxspeed":"50","name":"Jalan Kayu","name:zh":"\u60f9\u5170\u52a0\u6cb9","oneway":"yes","source":"GPS","surface":"asphalt"},"geometry":{"type":"LineString","coordinates":[[103.8726578,1.3937055],[103.8726848,1.3938223]]}},{"type":"Feature","id":"way/538926226-0-1-0","properties":{"highway":"secondary","lanes":"2","maxspeed":"50","name":"Jalan Kayu","name:zh":"\u60f9\u5170\u52a0\u6cb9","oneway":"yes","source":"GPS","surface":"asphalt"},"geometry":{"type":"LineString","coordinates":[[103.8726848,1.3938223],[103.8727414,1.3941203]]}},{"type":"Feature","id":"way/538926227-0-0-0","properties":{"highway":"secondary","lanes":"2","maxspeed":"50","name":"Jalan Kayu","name:zh":"\u60f9\u5170\u52a0\u6cb9","oneway":"yes","surface":"asphalt"},"geometry":{"type":"LineString","coordinates":[[103.8729439,1.3946324],[103.8728748,1.3942835]]}},{"type":"Feature","id":"way/538926228-0-0-0","properties":{"highway":"residential","lanes":"2","lanes:backward":"1","lanes:forward":"1","maxspeed":"50","name":"Seletar West Farmway 4","surface":"asphalt"},"geometry":{"type":"LineString","coordinates":[[103.8726578,1.3937055],[103.8727456,1.3936882]]}},{"type":"Feature","id":"way/544581676-0-0-0","properties":{"highway":"service","service":"driveway"},"geometry":{"type":"LineString","coordinates":[[103.8730192,1.3938882],[103.8732071,1.3937838]]}},{"type":"Feature","id":"way/544581678-0-0-0","properties":{"highway":"service","lanes":"2","lanes:backward":"1","lanes:forward":"1","service":"driveway","turn:lanes:backward":"left;right","turn:lanes:forward":"through"},"geometry":{"type":"LineString","coordinates":[[103.8728055,1.3926068],[103.872896,1.3923577]]}},{"type":"Feature","id":"way/544581679-0-0-0","properties":{"highway":"service","lanes":"2","lanes:backward":"1","lanes:forward":"1","service":"driveway","turn:lanes:backward":"left;through","turn:lanes:forward":"through"},"geometry":{"type":"LineString","coordinates":[[103.8728055,1.3926068],[103.8729903,1.3926055]]}},{"type":"Feature","id":"way/544581679-0-1-0","properties":{"highway":"service","lanes":"2","lanes:backward":"1","lanes:forward":"1","service":"driveway","turn:lanes:backward":"left;through","turn:lanes:forward":"through"},"geometry":{"type":"LineString","coordinates":[[103.8729903,1.3926055],[103.8732341,1.3925934]]}},{"type":"Feature","id":"way/546402188-0-0-0","properties":{"highway":"secondary","lanes":"2","maxspeed":"50","name":"Jalan Kayu","name:zh":"\u60f9\u5170\u52a0\u6cb9","oneway":"yes","surface":"asphalt"},"geometry":{"type":"LineString","coordinates":[[103.8721948,1.392314],[103.8719316,1.3918836]]}},{"type":"Feature","id":"way/546402191-0-0-0","properties":{"highway":"secondary","lanes":"2","maxspeed":"50","name":"Jalan Kayu","name:zh":"\u60f9\u5170\u52a0\u6cb9","oneway":"yes","source":"GPS","surface":"asphalt"},"geometry":{"type":"LineString","coordinates":[[103.8720288,1.3922477],[103.8723692,1.3927636]]}},{"type":"Feature","id":"way/546402191-0-1-0","properties":{"highway":"secondary","lanes":"2","maxspeed":"50","name":"Jalan Kayu","name:zh":"\u60f9\u5170\u52a0\u6cb9","oneway":"yes","source":"GPS","surface":"asphalt"},"geometry":{"type":"LineString","coordinates":[[103.8723692,1.3927636],[103.8724403,1.3929084]]}},{"type":"Feature","id":"way/546403244-0-5-0","properties":{"highway":"secondary","lanes":"1","maxspeed":"50","name":"Jalan Kayu","name:zh":"\u60f9\u5170\u52a0\u6cb9","oneway":"yes","surface":"asphalt"},"geometry":{"type":"LineString","coordinates":[[103.87308,1.3963872],[103.8730605,1.3961893]]}},{"type":"Feature","id":"way/546403244-0-6-0","properties":{"highway":"secondary","lanes":"1","maxspeed":"50","name":"Jalan Kayu","name:zh":"\u60f9\u5170\u52a0\u6cb9","oneway":"yes","surface":"asphalt"},"geometry":{"type":"LineString","coordinates":[[103.8730605,1.3961893],[103.8730478,1.3959883]]}},{"type":"Feature","id":"way/546403244-0-7-0","properties":{"highway":"secondary","lanes":"1","maxspeed":"50","name":"Jalan Kayu","name:zh":"\u60f9\u5170\u52a0\u6cb9","oneway":"yes","surface":"asphalt"},"geometry":{"type":"LineString","coordinates":[[103.8730478,1.3959883],[103.8730413,1.3959079]]}},{"type":"Feature","id":"way/624611310-0-0-0","properties":{"highway":"primary","lanes":"3","maxspeed":"60","name":"Sengkang West Road","name:zh":"\u76db\u6e2f\u897f\u8def","oneway":"yes","surface":"asphalt"},"geometry":{"type":"LineString","coordinates":[[103.8690813,1.3917092],[103.8690787,1.3925744]]}},{"type":"Feature","id":"way/624611310-0-0-1","properties":{"highway":"primary","lanes":"3","maxspeed":"60","name":"Sengkang West Road","name:zh":"\u76db\u6e2f\u897f\u8def","oneway":"yes","surface":"asphalt"},"geometry":{"type":"LineString","coordinates":[[103.8690787,1.3925744],[103.8690761,1.3934396]]}},{"type":"Feature","id":"way/626844949-0-0-0","properties":{"highway":"secondary","lanes":"3","maxspeed":"60","name":"Sengkang West Way","oneway":"yes"},"geometry":{"type":"LineString","coordinates":[[103.8697458,1.3953556],[103.8701474,1.3953229]]}},{"type":"Feature","id":"way/626844950-0-0-0","properties":{"highway":"secondary","lanes":"3","maxspeed":"60","name":"Sengkang West Way","oneway":"yes","turn:lanes":"left;through|none|none"},"geometry":{"type":"LineString","coordinates":[[103.8696066,1.3953687],[103.8697458,1.3953556]]}},{"type":"Feature","id":"way/626844951-0-0-0","properties":{"highway":"secondary","lanes":"4","maxspeed":"60","name":"Sengkang West Way","oneway":"yes","turn:lanes":"left|right|right|right"},"geometry":{"type":"LineString","coordinates":[[103.870177,1.3951885],[103.8696881,1.3952329]]}},{"type":"Feature","id":"way/626844952-0-0-0","properties":{"highway":"primary","lanes":"3","maxspeed":"60","name":"Sengkang West Road","name:zh":"\u76db\u6e2f\u897f\u8def","note":"Based on data from the construction site in July 2013, so please don't delete it again!","oneway":"yes","source":"GPS","surface":"asphalt"},"geometry":{"type":"LineString","coordinates":[[103.8691632,1.3949118],[103.8691804,1.3943296]]}},{"type":"Feature","id":"way/626844953-0-0-0","properties":{"highway":"secondary","lanes":"3","maxspeed":"60","name":"Sengkang West Way","oneway":"yes"},"geometry":{"type":"LineString","coordinates":[[103.8691454,1.3953911],[103.8692305,1.3953873]]}},{"type":"Feature","id":"way/626844953-0-1-0","properties":{"highway":"secondary","lanes":"3","maxspeed":"60","name":"Sengkang West Way","oneway":"yes"},"geometry":{"type":"LineString","coordinates":[[103.8692305,1.3953873],[103.8696066,1.3953687]]}},{"type":"Feature","id":"way/626844954-0-0-0","properties":{"highway":"secondary","lanes":"3","maxspeed":"60","name":"Sengkang West Way","oneway":"yes","turn:lanes":"right|right|right"},"geometry":{"type":"LineString","coordinates":[[103.8696881,1.3952329],[103.8692365,1.3952728]]}},{"type":"Feature","id":"way/626844954-0-1-0","properties":{"highway":"secondary","lanes":"3","maxspeed":"60","name":"Sengkang West Way","oneway":"yes","turn:lanes":"right|right|right"},"geometry":{"type":"LineString","coordinates":[[103.8692365,1.3952728],[103.8691505,1.3952783]]}},{"type":"Feature","id":"way/626868976-0-0-0","properties":{"highway":"service","lanes":"2","lanes:backward":"1","lanes:forward":"1","service":"driveway","turn:lanes:backward":"through;right","turn:lanes:forward":"through;right"},"geometry":{"type":"LineString","coordinates":[[103.8726502,1.3926058],[103.8726351,1.3925789]]}},{"type":"Feature","id":"way/626868976-0-1-0","properties":{"highway":"service","lanes":"2","lanes:backward":"1","lanes:forward":"1","service":"driveway","turn:lanes:backward":"through;right","turn:lanes:forward":"through;right"},"geometry":{"type":"LineString","coordinates":[[103.8726351,1.3925789],[103.8725031,1.3923707]]}},{"type":"Feature","id":"way/626868976-0-2-0","properties":{"highway":"service","lanes":"2","lanes:backward":"1","lanes:forward":"1","service":"driveway","turn:lanes:backward":"through;right","turn:lanes:forward":"through;right"},"geometry":{"type":"LineString","coordinates":[[103.8725031,1.3923707],[103.8724494,1.3923134]]}},{"type":"Feature","id":"way/626868976-0-3-0","properties":{"highway":"service","lanes":"2","lanes:backward":"1","lanes:forward":"1","service":"driveway","turn:lanes:backward":"through;right","turn:lanes:forward":"through;right"},"geometry":{"type":"LineString","coordinates":[[103.8724494,1.3923134],[103.8723218,1.3922335]]}},{"type":"Feature","id":"way/626875774-0-0-0","properties":{"highway":"service","lanes":"2","lanes:backward":"1","lanes:forward":"1","service":"driveway","turn:lanes:backward":"through","turn:lanes:forward":"left;through"},"geometry":{"type":"LineString","coordinates":[[103.8723192,1.3919922],[103.8723028,1.3920533]]}},{"type":"Feature","id":"way/626875774-0-1-0","properties":{"highway":"service","lanes":"2","lanes:backward":"1","lanes:forward":"1","service":"driveway","turn:lanes:backward":"through","turn:lanes:forward":"left;through"},"geometry":{"type":"LineString","coordinates":[[103.8723028,1.3920533],[103.8722975,1.3921284]]}},{"type":"Feature","id":"way/626875774-0-2-0","properties":{"highway":"service","lanes":"2","lanes:backward":"1","lanes:forward":"1","service":"driveway","turn:lanes:backward":"through","turn:lanes:forward":"left;through"},"geometry":{"type":"LineString","coordinates":[[103.8722975,1.3921284],[103.8723218,1.3922335]]}},{"type":"Feature","id":"way/627050264-0-0-0","properties":{"highway":"service","lanes":"2","lanes:backward":"1","lanes:forward":"1","service":"driveway","turn:lanes:backward":"left;right","turn:lanes:forward":"through;right"},"geometry":{"type":"LineString","coordinates":[[103.8726502,1.3926058],[103.8728055,1.3926068]]}},{"type":"Feature","id":"way/627052895-0-0-0","properties":{"highway":"service","lanes":"2","lanes:backward":"1","lanes:forward":"1","service":"driveway","sidewalk":"right","turn:lanes:backward":"through","turn:lanes:forward":"left;right"},"geometry":{"type":"LineString","coordinates":[[103.8728629,1.393133],[103.8728145,1.3929714]]}},{"type":"Feature","id":"way/627052895-0-1-0","properties":{"highway":"service","lanes":"2","lanes:backward":"1","lanes:forward":"1","service":"driveway","sidewalk":"right","turn:lanes:backward":"through","turn:lanes:forward":"left;right"},"geometry":{"type":"LineString","coordinates":[[103.8728145,1.3929714],[103.8727391,1.3927671]]}},{"type":"Feature","id":"way/627052895-0-2-0","properties":{"highway":"service","lanes":"2","lanes:backward":"1","lanes:forward":"1","service":"driveway","sidewalk":"right","turn:lanes:backward":"through","turn:lanes:forward":"left;right"},"geometry":{"type":"LineString","coordinates":[[103.8727391,1.3927671],[103.8726502,1.3926058]]}},{"type":"Feature","id":"way/627052898-0-0-0","properties":{"highway":"service","lanes":"2","lanes:backward":"1","lanes:forward":"1","service":"driveway","sidewalk":"right","turn:lanes:backward":"through","turn:lanes:forward":"left;through"},"geometry":{"type":"LineString","coordinates":[[103.8730192,1.3938882],[103.8729535,1.3935641]]}},{"type":"Feature","id":"way/627052898-0-1-0","properties":{"highway":"service","lanes":"2","lanes:backward":"1","lanes:forward":"1","service":"driveway","sidewalk":"right","turn:lanes:backward":"through","turn:lanes:forward":"left;through"},"geometry":{"type":"LineString","coordinates":[[103.8729535,1.3935641],[103.8728629,1.393133]]}},{"type":"Feature","id":"way/627054792-0-0-0","properties":{"highway":"secondary","lanes":"2","maxspeed":"50","name":"Jalan Kayu","name:zh":"\u60f9\u5170\u52a0\u6cb9","oneway":"yes","surface":"asphalt","turn:lanes":"left;through|through"},"geometry":{"type":"LineString","coordinates":[[103.8724685,1.392765],[103.8721948,1.392314]]}},{"type":"Feature","id":"way/627054793-0-0-0","properties":{"highway":"secondary","lanes":"3","maxspeed":"50","name":"Jalan Kayu","name:zh":"\u60f9\u5170\u52a0\u6cb9","oneway":"yes","source":"GPS","surface":"asphalt","turn:lanes":"none|none|right"},"geometry":{"type":"LineString","coordinates":[[103.8718691,1.3919985],[103.8720288,1.3922477]]}},{"type":"Feature","id":"way/627054794-0-0-0","properties":{"highway":"service","lanes":"2","lanes:backward":"1","lanes:forward":"1","service":"driveway","sidewalk":"right","turn:lanes:backward":"through","turn:lanes:forward":"left;through"},"geometry":{"type":"LineString","coordinates":[[103.8731669,1.3945346],[103.8731378,1.3944675]]}},{"type":"Feature","id":"way/627054794-0-1-0","properties":{"highway":"service","lanes":"2","lanes:backward":"1","lanes:forward":"1","service":"driveway","sidewalk":"right","turn:lanes:backward":"through","turn:lanes:forward":"left;through"},"geometry":{"type":"LineString","coordinates":[[103.8731378,1.3944675],[103.8730924,1.3942988]]}},{"type":"Feature","id":"way/627066881-0-0-0","properties":{"highway":"secondary","lanes":"2","maxspeed":"50","name":"Jalan Kayu","name:zh":"\u60f9\u5170\u52a0\u6cb9","oneway":"yes","surface":"asphalt","turn:lanes":"through|through"},"geometry":{"type":"LineString","coordinates":[[103.8730174,1.3956721],[103.8730113,1.395533]]}},{"type":"Feature","id":"way/627066882-0-0-0","properties":{"highway":"secondary","lanes":"3","maxspeed":"50","name":"Jalan Kayu","name:zh":"\u60f9\u5170\u52a0\u6cb9","oneway":"yes","source":"GPS","surface":"asphalt","turn:lanes":"through|right|right"},"geometry":{"type":"LineString","coordinates":[[103.8728332,1.3945375],[103.872881,1.3948995]]}},{"type":"Feature","id":"way/627066882-0-1-0","properties":{"highway":"secondary","lanes":"3","maxspeed":"50","name":"Jalan Kayu","name:zh":"\u60f9\u5170\u52a0\u6cb9","oneway":"yes","source":"GPS","surface":"asphalt","turn:lanes":"through|right|right"},"geometry":{"type":"LineString","coordinates":[[103.872881,1.3948995],[103.872891,1.3949754]]}},{"type":"Feature","id":"way/627066883-0-0-0","properties":{"highway":"secondary","lanes":"5","maxspeed":"60","name":"Sengkang West Way","oneway":"yes","turn:lanes":"left|through|through|through|right"},"geometry":{"type":"LineString","coordinates":[[103.8718954,1.3951805],[103.8723247,1.3951322]]}},{"type":"Feature","id":"way/627066884-0-0-0","properties":{"highway":"secondary","lanes":"4","maxspeed":"60","name":"Sengkang West Way","oneway":"yes","surface":"asphalt","turn:lanes":"through|through|through|right"},"geometry":{"type":"LineString","coordinates":[[103.8723247,1.3951322],[103.8728416,1.3950964]]}},{"type":"Feature","id":"way/627066884-0-1-0","properties":{"highway":"secondary","lanes":"4","maxspeed":"60","name":"Sengkang West Way","oneway":"yes","surface":"asphalt","turn:lanes":"through|through|through|right"},"geometry":{"type":"LineString","coordinates":[[103.8728416,1.3950964],[103.8729024,1.3950922]]}},{"type":"Feature","id":"way/635639686-0-0-0","properties":{"highway":"secondary","lanes":"2","maxspeed":"50","name":"Jalan Kayu","name:zh":"\u60f9\u5170\u52a0\u6cb9","oneway":"yes","source":"GPS","surface":"asphalt","turn:lanes":"left;through|through"},"geometry":{"type":"LineString","coordinates":[[103.8725395,1.3931632],[103.8726401,1.3936238]]}},{"type":"Feature","id":"way/635639686-0-1-0","properties":{"highway":"secondary","lanes":"2","maxspeed":"50","name":"Jalan Kayu","name:zh":"\u60f9\u5170\u52a0\u6cb9","oneway":"yes","source":"GPS","surface":"asphalt","turn:lanes":"left;through|through"},"geometry":{"type":"LineString","coordinates":[[103.8726401,1.3936238],[103.8726578,1.3937055]]}},{"type":"Feature","id":"way/639548862-0-0-0","properties":{"highway":"primary","lanes":"4","maxspeed":"60","name":"Sengkang West Road","name:zh":"\u76db\u6e2f\u897f\u8def","oneway":"yes","surface":"asphalt"},"geometry":{"type":"LineString","coordinates":[[103.8690526,1.3939533],[103.8690314,1.3942183]]}},{"type":"Feature","id":"way/640344732-0-0-0","properties":{"highway":"service","lanes":"2","lanes:backward":"1","lanes:forward":"1","maxspeed":"50","name":"Seletar West Farmway 4","sidewalk":"both","surface":"asphalt","turn:lanes:forward":"left;right"},"geometry":{"type":"LineString","coordinates":[[103.8723117,1.3937718],[103.8723821,1.3937585]]}},{"type":"Feature","id":"way/640344732-0-1-0","properties":{"highway":"service","lanes":"2","lanes:backward":"1","lanes:forward":"1","maxspeed":"50","name":"Seletar West Farmway 4","sidewalk":"both","surface":"asphalt","turn:lanes:forward":"left;right"},"geometry":{"type":"LineString","coordinates":[[103.8723821,1.3937585],[103.8725792,1.3937213]]}},{"type":"Feature","id":"way/640344732-0-2-0","properties":{"highway":"service","lanes":"2","lanes:backward":"1","lanes:forward":"1","maxspeed":"50","name":"Seletar West Farmway 4","sidewalk":"both","surface":"asphalt","turn:lanes:forward":"left;right"},"geometry":{"type":"LineString","coordinates":[[103.8725792,1.3937213],[103.8726578,1.3937055]]}},{"type":"Feature","id":"way/646668567-0-0-0","properties":{"highway":"secondary","lanes":"1","maxspeed":"50","name":"Jalan Kayu","name:zh":"\u60f9\u5170\u52a0\u6cb9","oneway":"yes","surface":"asphalt"},"geometry":{"type":"LineString","coordinates":[[103.8729667,1.3955923],[103.8730664,1.3967096]]}},{"type":"Feature","id":"way/693475802-0-0-0","properties":{"highway":"primary","lanes":"3","maxspeed":"60","name":"Sengkang West Road","name:zh":"\u76db\u6e2f\u897f\u8def","oneway":"yes","surface":"asphalt"},"geometry":{"type":"LineString","coordinates":[[103.8689866,1.3953978],[103.8689741,1.3954927]]}},{"type":"Feature","id":"way/693475802-0-1-0","properties":{"highway":"primary","lanes":"3","maxspeed":"60","name":"Sengkang West Road","name:zh":"\u76db\u6e2f\u897f\u8def","oneway":"yes","surface":"asphalt"},"geometry":{"type":"LineString","coordinates":[[103.8689741,1.3954927],[103.868968,1.3957679]]}},{"type":"Feature","id":"way/693475803-0-0-0","properties":{"highway":"primary","lanes":"5","maxspeed":"60","name":"Sengkang West Road","name:zh":"\u76db\u6e2f\u897f\u8def","oneway":"yes","surface":"asphalt","turn:lanes":"through|through|through|right|right"},"geometry":{"type":"LineString","coordinates":[[103.8690193,1.3945826],[103.8690144,1.3951978]]}},{"type":"Feature","id":"way/693475803-0-1-0","properties":{"highway":"primary","lanes":"5","maxspeed":"60","name":"Sengkang West Road","name:zh":"\u76db\u6e2f\u897f\u8def","oneway":"yes","surface":"asphalt","turn:lanes":"through|through|through|right|right"},"geometry":{"type":"LineString","coordinates":[[103.8690144,1.3951978],[103.8690018,1.3952904]]}},{"type":"Feature","id":"way/709185511-0-10-0","properties":{"bicycle":"no","highway":"service","service":"driveway"},"geometry":{"type":"LineString","coordinates":[[103.8695507,1.3917775],[103.8694914,1.3918768]]}},{"type":"Feature","id":"way/709185511-0-11-0","properties":{"bicycle":"no","highway":"service","service":"driveway"},"geometry":{"type":"LineString","coordinates":[[103.8694914,1.3918768],[103.8694485,1.3919484]]}},{"type":"Feature","id":"way/709185511-0-12-0","properties":{"bicycle":"no","highway":"service","service":"driveway"},"geometry":{"type":"LineString","coordinates":[[103.8694485,1.3919484],[103.8694415,1.3919793]]}},{"type":"Feature","id":"way/709185511-0-13-0","properties":{"bicycle":"no","highway":"service","service":"driveway"},"geometry":{"type":"LineString","coordinates":[[103.8694415,1.3919793],[103.8694349,1.3922182]]}},{"type":"Feature","id":"way/709185511-0-14-0","properties":{"bicycle":"no","highway":"service","service":"driveway"},"geometry":{"type":"LineString","coordinates":[[103.8694349,1.3922182],[103.8694301,1.3922919]]}},{"type":"Feature","id":"way/709185512-0-0-0","properties":{"bicycle":"no","highway":"service","service":"driveway"},"geometry":{"type":"LineString","coordinates":[[103.8692269,1.3922819],[103.8693668,1.3922914]]}},{"type":"Feature","id":"way/709185512-0-1-0","properties":{"bicycle":"no","highway":"service","service":"driveway"},"geometry":{"type":"LineString","coordinates":[[103.8693668,1.3922914],[103.8694301,1.3922919]]}},{"type":"Feature","id":"way/709185513-0-0-0","properties":{"bicycle":"no","highway":"service","service":"driveway"},"geometry":{"type":"LineString","coordinates":[[103.8694301,1.3922919],[103.8694076,1.3925722]]}},{"type":"Feature","id":"way/709185513-0-1-0","properties":{"bicycle":"no","highway":"service","service":"driveway"},"geometry":{"type":"LineString","coordinates":[[103.8694076,1.3925722],[103.8694092,1.3926936]]}},{"type":"Feature","id":"way/709185513-0-2-0","properties":{"bicycle":"no","highway":"service","service":"driveway"},"geometry":{"type":"LineString","coordinates":[[103.8694092,1.3926936],[103.8694219,1.3927324]]}},{"type":"Feature","id":"way/709185513-0-3-0","properties":{"bicycle":"no","highway":"service","service":"driveway"},"geometry":{"type":"LineString","coordinates":[[103.8694219,1.3927324],[103.8694626,1.3927506]]}},{"type":"Feature","id":"way/709185513-0-4-0","properties":{"bicycle":"no","highway":"service","service":"driveway"},"geometry":{"type":"LineString","coordinates":[[103.8694626,1.3927506],[103.86958,1.3927511]]}},{"type":"Feature","id":"way/709185513-0-5-0","properties":{"bicycle":"no","highway":"service","service":"driveway"},"geometry":{"type":"LineString","coordinates":[[103.86958,1.3927511],[103.8698291,1.3927501]]}},{"type":"Feature","id":"way/709185513-0-6-0","properties":{"bicycle":"no","highway":"service","service":"driveway"},"geometry":{"type":"LineString","coordinates":[[103.8698291,1.3927501],[103.8699111,1.3927685]]}},{"type":"Feature","id":"way/709185513-0-7-0","properties":{"bicycle":"no","highway":"service","service":"driveway"},"geometry":{"type":"LineString","coordinates":[[103.8699111,1.3927685],[103.8700067,1.3927679]]}},{"type":"Feature","id":"way/709185513-0-8-0","properties":{"bicycle":"no","highway":"service","service":"driveway"},"geometry":{"type":"LineString","coordinates":[[103.8700067,1.3927679],[103.8700413,1.3927677]]}},{"type":"Feature","id":"way/709185513-0-9-0","properties":{"bicycle":"no","highway":"service","service":"driveway"},"geometry":{"type":"LineString","coordinates":[[103.8700413,1.3927677],[103.8702207,1.3926668]]}},{"type":"Feature","id":"way/709185513-0-10-0","properties":{"bicycle":"no","highway":"service","service":"driveway"},"geometry":{"type":"LineString","coordinates":[[103.8702207,1.3926668],[103.8704773,1.3926656]]}},{"type":"Feature","id":"way/709185515-0-6-0","properties":{"bicycle":"no","highway":"service","service":"driveway"},"geometry":{"type":"LineString","coordinates":[[103.8707562,1.3917459],[103.8707545,1.3918677]]}},{"type":"Feature","id":"way/709185515-0-7-0","properties":{"bicycle":"no","highway":"service","service":"driveway"},"geometry":{"type":"LineString","coordinates":[[103.8707545,1.3918677],[103.8707564,1.3920621]]}},{"type":"Feature","id":"way/709185515-0-8-0","properties":{"bicycle":"no","highway":"service","service":"driveway"},"geometry":{"type":"LineString","coordinates":[[103.8707564,1.3920621],[103.8707731,1.3920807]]}},{"type":"Feature","id":"way/709185515-0-9-0","properties":{"bicycle":"no","highway":"service","service":"driveway"},"geometry":{"type":"LineString","coordinates":[[103.8707731,1.3920807],[103.8707963,1.392093]]}},{"type":"Feature","id":"way/709185515-0-10-0","properties":{"bicycle":"no","highway":"service","service":"driveway"},"geometry":{"type":"LineString","coordinates":[[103.8707963,1.392093],[103.8708262,1.392094]]}},{"type":"Feature","id":"way/709185515-0-11-0","properties":{"bicycle":"no","highway":"service","service":"driveway"},"geometry":{"type":"LineString","coordinates":[[103.8708262,1.392094],[103.870846,1.392084]]}},{"type":"Feature","id":"way/754155187-0-0-0","properties":{"highway":"secondary","lanes":"4","maxspeed":"50","name":"Jalan Kayu","name:zh":"\u60f9\u5170\u52a0\u6cb9","oneway":"yes","source":"GPS","surface":"asphalt","turn:lanes":"left|through|right|right"},"geometry":{"type":"LineString","coordinates":[[103.8727739,1.3942932],[103.8728332,1.3945375]]}},{"type":"Feature","id":"way/754155188-0-0-0","properties":{"highway":"secondary","lanes":"2","maxspeed":"50","name":"Jalan Kayu","name:zh":"\u60f9\u5170\u52a0\u6cb9","oneway":"yes","source":"GPS","surface":"asphalt","turn:lanes":"left;through|through"},"geometry":{"type":"LineString","coordinates":[[103.8724403,1.3929084],[103.8725395,1.3931632]]}},{"type":"Feature","id":"way/754171524-0-0-0","properties":{"highway":"secondary","lanes":"3","maxspeed":"50","name":"Jalan Kayu","name:zh":"\u60f9\u5170\u52a0\u6cb9","oneway":"yes","surface":"asphalt","turn:lanes":"through|through|right"},"geometry":{"type":"LineString","coordinates":[[103.8730113,1.395533],[103.8730084,1.3954649]]}},{"type":"Feature","id":"way/754171525-0-0-0","properties":{"highway":"secondary","lanes":"1","maxspeed":"50","name":"Jalan Kayu","name:zh":"\u60f9\u5170\u52a0\u6cb9","oneway":"yes","surface":"asphalt","turn:lanes":"left;through"},"geometry":{"type":"LineString","coordinates":[[103.8730413,1.3959079],[103.8730283,1.3957714]]}},{"type":"Feature","id":"way/754210517-0-0-0","properties":{"highway":"secondary","lanes":"2","maxspeed":"50","name":"Jalan Kayu","name:zh":"\u60f9\u5170\u52a0\u6cb9","oneway":"yes","surface":"asphalt","turn:lanes":"through|through;right"},"geometry":{"type":"LineString","coordinates":[[103.8728748,1.3942835],[103.8727735,1.3938053]]}},{"type":"Feature","id":"way/754210517-0-1-0","properties":{"highway":"secondary","lanes":"2","maxspeed":"50","name":"Jalan Kayu","name:zh":"\u60f9\u5170\u52a0\u6cb9","oneway":"yes","surface":"asphalt","turn:lanes":"through|through;right"},"geometry":{"type":"LineString","coordinates":[[103.8727735,1.3938053],[103.8727456,1.3936882]]}},{"type":"Feature","id":"way/754475140-0-0-0","properties":{"highway":"primary","lanes":"6","maxspeed":"60","name":"Sengkang West Road","name:zh":"\u76db\u6e2f\u897f\u8def","oneway":"yes","surface":"asphalt","turn:lanes":"left|through|through|through|right|right"},"geometry":{"type":"LineString","coordinates":[[103.8690244,1.3944272],[103.8690193,1.3945826]]}},{"type":"Feature","id":"way/754524055-0-0-0","properties":{"highway":"primary","lanes":"6","maxspeed":"60","name":"Sengkang West Road","name:zh":"\u76db\u6e2f\u897f\u8def","note":"Based on data from the construction site in July 2013, so please don't delete it again!","oneway":"yes","source":"GPS","surface":"asphalt","turn:lanes":"left|through|through|through|right|right"},"geometry":{"type":"LineString","coordinates":[[103.8692253,1.3921338],[103.8692274,1.3920141]]}},{"type":"Feature","id":"way/761912835-0-0-0","properties":{"highway":"service","lanes":"2","lanes:backward":"1","lanes:forward":"1","service":"driveway","turn:lanes:backward":"through","turn:lanes:forward":"left;right"},"geometry":{"type":"LineString","coordinates":[[103.8731924,1.3942288],[103.8730924,1.3942988]]}},{"type":"Feature","id":"way/762141706-0-0-0","properties":{"highway":"secondary","lanes":"1","maxspeed":"50","name":"Jalan Kayu","name:zh":"\u60f9\u5170\u52a0\u6cb9","oneway":"yes","surface":"asphalt"},"geometry":{"type":"LineString","coordinates":[[103.8730283,1.3957714],[103.8730174,1.3956721]]}},{"type":"Feature","id":"way/826839407-0-0-0","properties":{"highway":"service","lanes":"1","oneway":"yes","service":"driveway","turn:lanes":"left;right"},"geometry":{"type":"LineString","coordinates":[[103.8733198,1.3945359],[103.8732634,1.3945453]]}},{"type":"Feature","id":"way/826839407-0-1-0","properties":{"highway":"service","lanes":"1","oneway":"yes","service":"driveway","turn:lanes":"left;right"},"geometry":{"type":"LineString","coordinates":[[103.8732634,1.3945453],[103.8732152,1.3945868]]}},{"type":"Feature","id":"way/826839408-0-0-0","properties":{"highway":"service","lanes":"2","lanes:backward":"1","lanes:forward":"1","service":"driveway","sidewalk":"right","turn:lanes:backward":"through","turn:lanes:forward":"left;through"},"geometry":{"type":"LineString","coordinates":[[103.8732152,1.3945868],[103.8731669,1.3945346]]}},{"type":"Feature","id":"way/826839410-0-0-0","properties":{"highway":"service","lanes":"1","oneway":"yes","service":"driveway"},"geometry":{"type":"LineString","coordinates":[[103.8733962,1.3946655],[103.8733949,1.394611]]}},{"type":"Feature","id":"way/826839410-0-1-0","properties":{"highway":"service","lanes":"1","oneway":"yes","service":"driveway"},"geometry":{"type":"LineString","coordinates":[[103.8733949,1.394611],[103.8733761,1.3945768]]}},{"type":"Feature","id":"way/826839410-0-2-0","properties":{"highway":"service","lanes":"1","oneway":"yes","service":"driveway"},"geometry":{"type":"LineString","coordinates":[[103.8733761,1.3945768],[103.873356,1.39456]]}},{"type":"Feature","id":"way/826839410-0-3-0","properties":{"highway":"service","lanes":"1","oneway":"yes","service":"driveway"},"geometry":{"type":"LineString","coordinates":[[103.873356,1.39456],[103.8733198,1.3945359]]}},{"type":"Feature","id":"way/826841049-0-0-0","properties":{"highway":"service","lanes":"2","lanes:backward":"1","lanes:forward":"1","service":"driveway","sidewalk":"right","turn:lanes:backward":"through","turn:lanes:forward":"left;through"},"geometry":{"type":"LineString","coordinates":[[103.8730924,1.3942988],[103.8730708,1.3941851]]}},{"type":"Feature","id":"way/826841049-0-1-0","properties":{"highway":"service","lanes":"2","lanes:backward":"1","lanes:forward":"1","service":"driveway","sidewalk":"right","turn:lanes:backward":"through","turn:lanes:forward":"left;through"},"geometry":{"type":"LineString","coordinates":[[103.8730708,1.3941851],[103.8730192,1.3938882]]}},{"type":"Feature","id":"way/929607049-0-0-0","properties":{"highway":"service","lanes":"2","lanes:backward":"1","lanes:forward":"1","service":"driveway"},"geometry":{"type":"LineString","coordinates":[[103.86958,1.3927511],[103.8695782,1.3926795]]}},{"type":"Feature","id":"way/929607050-0-0-0","properties":{"highway":"service","lanes":"1","lanes:forward":"1","oneway":"yes","service":"driveway"},"geometry":{"type":"LineString","coordinates":[[103.8699111,1.3927685],[103.869912,1.3926792]]}},{"type":"Feature","id":"way/1042664226-0-0-0","properties":{"highway":"secondary","lanes":"1","maxspeed":"50","name":"Jalan Kayu","name:zh":"\u60f9\u5170\u52a0\u6cb9","oneway":"yes","surface":"asphalt"},"geometry":{"type":"LineString","coordinates":[[103.8729304,1.3953644],[103.8729667,1.3955923]]}},{"type":"Feature","id":"way/1061688853-0-0-0","properties":{"access":"yes","covered":"no","highway":"service","lanes":"2","lit":"yes","oneway":"no","service":"driveway","smoothness":"bad","surface":"paving_stones"},"geometry":{"type":"LineString","coordinates":[[103.86934,1.3946488],[103.8697709,1.3946201]]}},{"type":"Feature","id":"way/1061688853-0-1-0","properties":{"access":"yes","covered":"no","highway":"service","lanes":"2","lit":"yes","oneway":"no","service":"driveway","smoothness":"bad","surface":"paving_stones"},"geometry":{"type":"LineString","coordinates":[[103.8697709,1.3946201],[103.8699307,1.3945866]]}},{"type":"Feature","id":"way/1061688854-0-0-0","properties":{"access":"yes","covered":"yes","highway":"service","lanes":"1","lit":"yes","oneway":"yes","service":"driveway","smoothness":"bad","surface":"paving_stones"},"geometry":{"type":"LineString","coordinates":[[103.8700594,1.3945193],[103.8700527,1.3945008]]}},{"type":"Feature","id":"way/1061688854-0-1-0","properties":{"access":"yes","covered":"yes","highway":"service","lanes":"1","lit":"yes","oneway":"yes","service":"driveway","smoothness":"bad","surface":"paving_stones"},"geometry":{"type":"LineString","coordinates":[[103.8700527,1.3945008],[103.8700372,1.3944808]]}},{"type":"Feature","id":"way/1061688854-0-2-0","properties":{"access":"yes","covered":"yes","highway":"service","lanes":"1","lit":"yes","oneway":"yes","service":"driveway","smoothness":"bad","surface":"paving_stones"},"geometry":{"type":"LineString","coordinates":[[103.8700372,1.3944808],[103.8700159,1.3944669]]}},{"type":"Feature","id":"way/1061688854-0-3-0","properties":{"access":"yes","covered":"yes","highway":"service","lanes":"1","lit":"yes","oneway":"yes","service":"driveway","smoothness":"bad","surface":"paving_stones"},"geometry":{"type":"LineString","coordinates":[[103.8700159,1.3944669],[103.8699911,1.3944609]]}},{"type":"Feature","id":"way/1061688854-0-4-0","properties":{"access":"yes","covered":"yes","highway":"service","lanes":"1","lit":"yes","oneway":"yes","service":"driveway","smoothness":"bad","surface":"paving_stones"},"geometry":{"type":"LineString","coordinates":[[103.8699911,1.3944609],[103.8699658,1.3944635]]}},{"type":"Feature","id":"way/1061688854-0-5-0","properties":{"access":"yes","covered":"yes","highway":"service","lanes":"1","lit":"yes","oneway":"yes","service":"driveway","smoothness":"bad","surface":"paving_stones"},"geometry":{"type":"LineString","coordinates":[[103.8699658,1.3944635],[103.8699429,1.3944745]]}},{"type":"Feature","id":"way/1061688854-0-6-0","properties":{"access":"yes","covered":"yes","highway":"service","lanes":"1","lit":"yes","oneway":"yes","service":"driveway","smoothness":"bad","surface":"paving_stones"},"geometry":{"type":"LineString","coordinates":[[103.8699429,1.3944745],[103.8699249,1.3944923]]}},{"type":"Feature","id":"way/1061688854-0-7-0","properties":{"access":"yes","covered":"yes","highway":"service","lanes":"1","lit":"yes","oneway":"yes","service":"driveway","smoothness":"bad","surface":"paving_stones"},"geometry":{"type":"LineString","coordinates":[[103.8699249,1.3944923],[103.8699139,1.3945153]]}},{"type":"Feature","id":"way/1061688854-0-8-0","properties":{"access":"yes","covered":"yes","highway":"service","lanes":"1","lit":"yes","oneway":"yes","service":"driveway","smoothness":"bad","surface":"paving_stones"},"geometry":{"type":"LineString","coordinates":[[103.8699139,1.3945153],[103.8699111,1.3945404]]}},{"type":"Feature","id":"way/1061688854-0-9-0","properties":{"access":"yes","covered":"yes","highway":"service","lanes":"1","lit":"yes","oneway":"yes","service":"driveway","smoothness":"bad","surface":"paving_stones"},"geometry":{"type":"LineString","coordinates":[[103.8699111,1.3945404],[103.8699169,1.3945652]]}},{"type":"Feature","id":"way/1061688854-0-10-0","properties":{"access":"yes","covered":"yes","highway":"service","lanes":"1","lit":"yes","oneway":"yes","service":"driveway","smoothness":"bad","surface":"paving_stones"},"geometry":{"type":"LineString","coordinates":[[103.8699169,1.3945652],[103.8699307,1.3945866]]}},{"type":"Feature","id":"way/1061688854-0-11-0","properties":{"access":"yes","covered":"yes","highway":"service","lanes":"1","lit":"yes","oneway":"yes","service":"driveway","smoothness":"bad","surface":"paving_stones"},"geometry":{"type":"LineString","coordinates":[[103.8699307,1.3945866],[103.8699457,1.3945994]]}},{"type":"Feature","id":"way/1061688854-0-12-0","properties":{"access":"yes","covered":"yes","highway":"service","lanes":"1","lit":"yes","oneway":"yes","service":"driveway","smoothness":"bad","surface":"paving_stones"},"geometry":{"type":"LineString","coordinates":[[103.8699457,1.3945994],[103.8699634,1.3946076]]}},{"type":"Feature","id":"way/1061688854-0-13-0","properties":{"access":"yes","covered":"yes","highway":"service","lanes":"1","lit":"yes","oneway":"yes","service":"driveway","smoothness":"bad","surface":"paving_stones"},"geometry":{"type":"LineString","coordinates":[[103.8699634,1.3946076],[103.8699829,1.394611]]}},{"type":"Feature","id":"way/1061688854-0-14-0","properties":{"access":"yes","covered":"yes","highway":"service","lanes":"1","lit":"yes","oneway":"yes","service":"driveway","smoothness":"bad","surface":"paving_stones"},"geometry":{"type":"LineString","coordinates":[[103.8699829,1.394611],[103.8700025,1.3946093]]}},{"type":"Feature","id":"way/1061688854-0-15-0","properties":{"access":"yes","covered":"yes","highway":"service","lanes":"1","lit":"yes","oneway":"yes","service":"driveway","smoothness":"bad","surface":"paving_stones"},"geometry":{"type":"LineString","coordinates":[[103.8700025,1.3946093],[103.870021,1.3946026]]}},{"type":"Feature","id":"way/1061688854-0-16-0","properties":{"access":"yes","covered":"yes","highway":"service","lanes":"1","lit":"yes","oneway":"yes","service":"driveway","smoothness":"bad","surface":"paving_stones"},"geometry":{"type":"LineString","coordinates":[[103.870021,1.3946026],[103.8700371,1.3945913]]}},{"type":"Feature","id":"way/1061688854-0-17-0","properties":{"access":"yes","covered":"yes","highway":"service","lanes":"1","lit":"yes","oneway":"yes","service":"driveway","smoothness":"bad","surface":"paving_stones"},"geometry":{"type":"LineString","coordinates":[[103.8700371,1.3945913],[103.8700497,1.3945762]]}},{"type":"Feature","id":"way/1061688854-0-18-0","properties":{"access":"yes","covered":"yes","highway":"service","lanes":"1","lit":"yes","oneway":"yes","service":"driveway","smoothness":"bad","surface":"paving_stones"},"geometry":{"type":"LineString","coordinates":[[103.8700497,1.3945762],[103.8700579,1.3945583]]}},{"type":"Feature","id":"way/1061688854-0-19-0","properties":{"access":"yes","covered":"yes","highway":"service","lanes":"1","lit":"yes","oneway":"yes","service":"driveway","smoothness":"bad","surface":"paving_stones"},"geometry":{"type":"LineString","coordinates":[[103.8700579,1.3945583],[103.8700614,1.3945389]]}},{"type":"Feature","id":"way/1061688854-0-20-0","properties":{"access":"yes","covered":"yes","highway":"service","lanes":"1","lit":"yes","oneway":"yes","service":"driveway","smoothness":"bad","surface":"paving_stones"},"geometry":{"type":"LineString","coordinates":[[103.8700614,1.3945389],[103.8700594,1.3945193]]}},{"type":"Feature","id":"way/1061688855-0-0-0","properties":{"access":"yes","covered":"no","highway":"service","lanes":"2","lit":"yes","oneway":"no","service":"driveway","smoothness":"bad","surface":"paving_stones"},"geometry":{"type":"LineString","coordinates":[[103.86934,1.3946488],[103.8693405,1.3944057]]}},{"type":"Feature","id":"way/1061688855-0-1-0","properties":{"access":"yes","covered":"no","highway":"service","lanes":"2","lit":"yes","oneway":"no","service":"driveway","smoothness":"bad","surface":"paving_stones"},"geometry":{"type":"LineString","coordinates":[[103.8693405,1.3944057],[103.8693468,1.3942078]]}},{"type":"Feature","id":"way/1061688855-0-2-0","properties":{"access":"yes","covered":"no","highway":"service","lanes":"2","lit":"yes","oneway":"no","service":"driveway","smoothness":"bad","surface":"paving_stones"},"geometry":{"type":"LineString","coordinates":[[103.8693468,1.3942078],[103.8693611,1.3941112]]}},{"type":"Feature","id":"way/1061688856-0-0-0","properties":{"access":"yes","bicycle":"no","covered":"no","highway":"service","lit":"yes","oneway":"yes","service":"driveway","smoothness":"bad","surface":"paving_stones"},"geometry":{"type":"LineString","coordinates":[[103.8693405,1.3944057],[103.8692779,1.3943845]]}},{"type":"Feature","id":"way/1061688856-0-1-0","properties":{"access":"yes","bicycle":"no","covered":"no","highway":"service","lit":"yes","oneway":"yes","service":"driveway","smoothness":"bad","surface":"paving_stones"},"geometry":{"type":"LineString","coordinates":[[103.8692779,1.3943845],[103.8691804,1.3943296]]}},{"type":"Feature","id":"way/1061688857-0-0-0","properties":{"access":"yes","covered":"no","highway":"service","lit":"yes","oneway":"no","service":"driveway","smoothness":"bad","surface":"paving_stones"},"geometry":{"type":"LineString","coordinates":[[103.8693611,1.3941112],[103.8694558,1.3941051]]}},{"type":"Feature","id":"way/1061688858-0-0-0","properties":{"access":"yes","covered":"no","highway":"service","lanes":"2","lit":"yes","oneway":"no","service":"driveway","smoothness":"bad","surface":"paving_stones"},"geometry":{"type":"LineString","coordinates":[[103.8706642,1.394977],[103.87121,1.3949335]]}},{"type":"Feature","id":"way/1061688858-0-1-0","properties":{"access":"yes","covered":"no","highway":"service","lanes":"2","lit":"yes","oneway":"no","service":"driveway","smoothness":"bad","surface":"paving_stones"},"geometry":{"type":"LineString","coordinates":[[103.87121,1.3949335],[103.8712329,1.3949317]]}},{"type":"Feature","id":"way/1083655418-0-0-0","properties":{"access":"yes","covered":"no","highway":"service","lanes":"2","lit":"yes","oneway":"no","service":"driveway","smoothness":"bad","surface":"paving_stones"},"geometry":{"type":"LineString","coordinates":[[103.8712329,1.3949317],[103.8713886,1.3948909]]}},{"type":"Feature","id":"way/1083655418-0-1-0","properties":{"access":"yes","covered":"no","highway":"service","lanes":"2","lit":"yes","oneway":"no","service":"driveway","smoothness":"bad","surface":"paving_stones"},"geometry":{"type":"LineString","coordinates":[[103.8713886,1.3948909],[103.8715875,1.3948843]]}},{"type":"Feature","id":"way/1083655418-0-2-0","properties":{"access":"yes","covered":"no","highway":"service","lanes":"2","lit":"yes","oneway":"no","service":"driveway","smoothness":"bad","surface":"paving_stones"},"geometry":{"type":"LineString","coordinates":[[103.8715875,1.3948843],[103.871793,1.3947285]]}},{"type":"Feature","id":"way/1083655418-0-3-0","properties":{"access":"yes","covered":"no","highway":"service","lanes":"2","lit":"yes","oneway":"no","service":"driveway","smoothness":"bad","surface":"paving_stones"},"geometry":{"type":"LineString","coordinates":[[103.871793,1.3947285],[103.871792,1.3946866]]}},{"type":"Feature","id":"way/1083655418-0-4-0","properties":{"access":"yes","covered":"no","highway":"service","lanes":"2","lit":"yes","oneway":"no","service":"driveway","smoothness":"bad","surface":"paving_stones"},"geometry":{"type":"LineString","coordinates":[[103.871792,1.3946866],[103.8717855,1.3945842]]}},{"type":"Feature","id":"way/1083655418-0-5-0","properties":{"access":"yes","covered":"no","highway":"service","lanes":"2","lit":"yes","oneway":"no","service":"driveway","smoothness":"bad","surface":"paving_stones"},"geometry":{"type":"LineString","coordinates":[[103.8717855,1.3945842],[103.8717604,1.3944539]]}},{"type":"Feature","id":"way/1083655418-0-6-0","properties":{"access":"yes","covered":"no","highway":"service","lanes":"2","lit":"yes","oneway":"no","service":"driveway","smoothness":"bad","surface":"paving_stones"},"geometry":{"type":"LineString","coordinates":[[103.8717604,1.3944539],[103.8717265,1.3942513]]}},{"type":"Feature","id":"way/1083655418-0-7-0","properties":{"access":"yes","covered":"no","highway":"service","lanes":"2","lit":"yes","oneway":"no","service":"driveway","smoothness":"bad","surface":"paving_stones"},"geometry":{"type":"LineString","coordinates":[[103.8717265,1.3942513],[103.8716703,1.3938969]]}},{"type":"Feature","id":"way/1083655418-0-8-0","properties":{"access":"yes","covered":"no","highway":"service","lanes":"2","lit":"yes","oneway":"no","service":"driveway","smoothness":"bad","surface":"paving_stones"},"geometry":{"type":"LineString","coordinates":[[103.8716703,1.3938969],[103.8716571,1.3938238]]}},{"type":"Feature","id":"way/1083655418-0-9-0","properties":{"access":"yes","covered":"no","highway":"service","lanes":"2","lit":"yes","oneway":"no","service":"driveway","smoothness":"bad","surface":"paving_stones"},"geometry":{"type":"LineString","coordinates":[[103.8716571,1.3938238],[103.8716371,1.3937127]]}},{"type":"Feature","id":"way/1083655421-0-0-0","properties":{"access":"yes","covered":"no","highway":"service","lanes":"2","lit":"yes","oneway":"no","service":"driveway","smoothness":"bad","surface":"paving_stones"},"geometry":{"type":"LineString","coordinates":[[103.8717604,1.3944539],[103.8712072,1.3944932]]}},{"type":"Feature","id":"way/1083655421-0-1-0","properties":{"access":"yes","covered":"no","highway":"service","lanes":"2","lit":"yes","oneway":"no","service":"driveway","smoothness":"bad","surface":"paving_stones"},"geometry":{"type":"LineString","coordinates":[[103.8712072,1.3944932],[103.8711607,1.3944749]]}},{"type":"Feature","id":"way/1083655423-0-0-0","properties":{"access":"yes","covered":"no","highway":"service","lanes":"2","lit":"yes","oneway":"no","service":"driveway","smoothness":"bad","surface":"paving_stones"},"geometry":{"type":"LineString","coordinates":[[103.8716371,1.3937127],[103.8717472,1.3936425]]}},{"type":"Feature","id":"way/1083655424-0-0-0","properties":{"access":"yes","covered":"no","highway":"service","lanes":"2","lit":"yes","oneway":"no","service":"driveway","smoothness":"bad","surface":"paving_stones"},"geometry":{"type":"LineString","coordinates":[[103.8716371,1.3937127],[103.8713723,1.3937316]]}},{"type":"Feature","id":"way/1083655425-0-0-0","properties":{"access":"yes","covered":"no","highway":"service","lanes":"2","lit":"yes","oneway":"no","service":"driveway","smoothness":"bad","surface":"paving_stones"},"geometry":{"type":"LineString","coordinates":[[103.8717472,1.3936425],[103.8716818,1.393508]]}},{"type":"Feature","id":"way/1083655425-0-1-0","properties":{"access":"yes","covered":"no","highway":"service","lanes":"2","lit":"yes","oneway":"no","service":"driveway","smoothness":"bad","surface":"paving_stones"},"geometry":{"type":"LineString","coordinates":[[103.8716818,1.393508],[103.8715791,1.3933172]]}},{"type":"Feature","id":"way/1083655427-0-0-0","properties":{"access":"yes","covered":"yes","highway":"service","lanes":"1","lit":"yes","oneway":"yes","service":"driveway","smoothness":"bad","surface":"paving_stones"},"geometry":{"type":"LineString","coordinates":[[103.8695093,1.3934637],[103.8694891,1.3934535]]}},{"type":"Feature","id":"way/1083655427-0-1-0","properties":{"access":"yes","covered":"yes","highway":"service","lanes":"1","lit":"yes","oneway":"yes","service":"driveway","smoothness":"bad","surface":"paving_stones"},"geometry":{"type":"LineString","coordinates":[[103.8694891,1.3934535],[103.8694666,1.3934508]]}},{"type":"Feature","id":"way/1083655427-0-2-0","properties":{"access":"yes","covered":"yes","highway":"service","lanes":"1","lit":"yes","oneway":"yes","service":"driveway","smoothness":"bad","surface":"paving_stones"},"geometry":{"type":"LineString","coordinates":[[103.8694666,1.3934508],[103.8694445,1.3934559]]}},{"type":"Feature","id":"way/1083655427-0-3-0","properties":{"access":"yes","covered":"yes","highway":"service","lanes":"1","lit":"yes","oneway":"yes","service":"driveway","smoothness":"bad","surface":"paving_stones"},"geometry":{"type":"LineString","coordinates":[[103.8694445,1.3934559],[103.8694255,1.3934682]]}},{"type":"Feature","id":"way/1083655427-0-4-0","properties":{"access":"yes","covered":"yes","highway":"service","lanes":"1","lit":"yes","oneway":"yes","service":"driveway","smoothness":"bad","surface":"paving_stones"},"geometry":{"type":"LineString","coordinates":[[103.8694255,1.3934682],[103.8694118,1.3934862]]}},{"type":"Feature","id":"way/1083655427-0-5-0","properties":{"access":"yes","covered":"yes","highway":"service","lanes":"1","lit":"yes","oneway":"yes","service":"driveway","smoothness":"bad","surface":"paving_stones"},"geometry":{"type":"LineString","coordinates":[[103.8694118,1.3934862],[103.8694052,1.3935079]]}},{"type":"Feature","id":"way/1083655427-0-6-0","properties":{"access":"yes","covered":"yes","highway":"service","lanes":"1","lit":"yes","oneway":"yes","service":"driveway","smoothness":"bad","surface":"paving_stones"},"geometry":{"type":"LineString","coordinates":[[103.8694052,1.3935079],[103.8694062,1.3935305]]}},{"type":"Feature","id":"way/1083655427-0-7-0","properties":{"access":"yes","covered":"yes","highway":"service","lanes":"1","lit":"yes","oneway":"yes","service":"driveway","smoothness":"bad","surface":"paving_stones"},"geometry":{"type":"LineString","coordinates":[[103.8694062,1.3935305],[103.869415,1.3935514]]}},{"type":"Feature","id":"way/1083655427-0-8-0","properties":{"access":"yes","covered":"yes","highway":"service","lanes":"1","lit":"yes","oneway":"yes","service":"driveway","smoothness":"bad","surface":"paving_stones"},"geometry":{"type":"LineString","coordinates":[[103.869415,1.3935514],[103.8694304,1.3935681]]}},{"type":"Feature","id":"way/1083655427-0-9-0","properties":{"access":"yes","covered":"yes","highway":"service","lanes":"1","lit":"yes","oneway":"yes","service":"driveway","smoothness":"bad","surface":"paving_stones"},"geometry":{"type":"LineString","coordinates":[[103.8694304,1.3935681],[103.8694482,1.3935777]]}},{"type":"Feature","id":"way/1083655427-0-10-0","properties":{"access":"yes","covered":"yes","highway":"service","lanes":"1","lit":"yes","oneway":"yes","service":"driveway","smoothness":"bad","surface":"paving_stones"},"geometry":{"type":"LineString","coordinates":[[103.8694482,1.3935777],[103.8694681,1.3935815]]}},{"type":"Feature","id":"way/1083655427-0-11-0","properties":{"access":"yes","covered":"yes","highway":"service","lanes":"1","lit":"yes","oneway":"yes","service":"driveway","smoothness":"bad","surface":"paving_stones"},"geometry":{"type":"LineString","coordinates":[[103.8694681,1.3935815],[103.8694883,1.3935789]]}},{"type":"Feature","id":"way/1083655427-0-12-0","properties":{"access":"yes","covered":"yes","highway":"service","lanes":"1","lit":"yes","oneway":"yes","service":"driveway","smoothness":"bad","surface":"paving_stones"},"geometry":{"type":"LineString","coordinates":[[103.8694883,1.3935789],[103.8695067,1.3935703]]}},{"type":"Feature","id":"way/1083655427-0-13-0","properties":{"access":"yes","covered":"yes","highway":"service","lanes":"1","lit":"yes","oneway":"yes","service":"driveway","smoothness":"bad","surface":"paving_stones"},"geometry":{"type":"LineString","coordinates":[[103.8695067,1.3935703],[103.8695216,1.3935565]]}},{"type":"Feature","id":"way/1083655427-0-14-0","properties":{"access":"yes","covered":"yes","highway":"service","lanes":"1","lit":"yes","oneway":"yes","service":"driveway","smoothness":"bad","surface":"paving_stones"},"geometry":{"type":"LineString","coordinates":[[103.8695216,1.3935565],[103.8695314,1.3935388]]}},{"type":"Feature","id":"way/1083655427-0-15-0","properties":{"access":"yes","covered":"yes","highway":"service","lanes":"1","lit":"yes","oneway":"yes","service":"driveway","smoothness":"bad","surface":"paving_stones"},"geometry":{"type":"LineString","coordinates":[[103.8695314,1.3935388],[103.8695354,1.3935189]]}},{"type":"Feature","id":"way/1083655427-0-16-0","properties":{"access":"yes","covered":"yes","highway":"service","lanes":"1","lit":"yes","oneway":"yes","service":"driveway","smoothness":"bad","surface":"paving_stones"},"geometry":{"type":"LineString","coordinates":[[103.8695354,1.3935189],[103.8695332,1.3934987]]}},{"type":"Feature","id":"way/1083655427-0-17-0","properties":{"access":"yes","covered":"yes","highway":"service","lanes":"1","lit":"yes","oneway":"yes","service":"driveway","smoothness":"bad","surface":"paving_stones"},"geometry":{"type":"LineString","coordinates":[[103.8695332,1.3934987],[103.8695248,1.3934802]]}},{"type":"Feature","id":"way/1083655427-0-18-0","properties":{"access":"yes","covered":"yes","highway":"service","lanes":"1","lit":"yes","oneway":"yes","service":"driveway","smoothness":"bad","surface":"paving_stones"},"geometry":{"type":"LineString","coordinates":[[103.8695248,1.3934802],[103.8695093,1.3934637]]}},{"type":"Feature","id":"way/1083655428-0-0-0","properties":{"access":"yes","covered":"no","highway":"service","lanes":"2","lit":"yes","oneway":"no","service":"driveway","smoothness":"bad","surface":"paving_stones"},"geometry":{"type":"LineString","coordinates":[[103.8706724,1.3951417],[103.8706676,1.3950393]]}},{"type":"Feature","id":"way/1083655428-0-1-0","properties":{"access":"yes","covered":"no","highway":"service","lanes":"2","lit":"yes","oneway":"no","service":"driveway","smoothness":"bad","surface":"paving_stones"},"geometry":{"type":"LineString","coordinates":[[103.8706676,1.3950393],[103.8706642,1.394977]]}},{"type":"Feature","id":"way/1083655430-0-0-0","properties":{"access":"yes","covered":"no","highway":"service","lanes":"2","lit":"yes","oneway":"no","service":"driveway","smoothness":"bad","surface":"paving_stones"},"geometry":{"type":"LineString","coordinates":[[103.8706642,1.394977],[103.8706475,1.3949781]]}},{"type":"Feature","id":"way/1083655430-0-1-0","properties":{"access":"yes","covered":"no","highway":"service","lanes":"2","lit":"yes","oneway":"no","service":"driveway","smoothness":"bad","surface":"paving_stones"},"geometry":{"type":"LineString","coordinates":[[103.8706475,1.3949781],[103.8705098,1.3949878]]}},{"type":"Feature","id":"way/1083655430-0-2-0","properties":{"access":"yes","covered":"no","highway":"service","lanes":"2","lit":"yes","oneway":"no","service":"driveway","smoothness":"bad","surface":"paving_stones"},"geometry":{"type":"LineString","coordinates":[[103.8705098,1.3949878],[103.8703716,1.395007]]}},{"type":"Feature","id":"way/1083655430-0-3-0","properties":{"access":"yes","covered":"no","highway":"service","lanes":"2","lit":"yes","oneway":"no","service":"driveway","smoothness":"bad","surface":"paving_stones"},"geometry":{"type":"LineString","coordinates":[[103.8703716,1.395007],[103.8700727,1.3950015]]}},{"type":"Feature","id":"way/1083655430-0-4-0","properties":{"access":"yes","covered":"no","highway":"service","lanes":"2","lit":"yes","oneway":"no","service":"driveway","smoothness":"bad","surface":"paving_stones"},"geometry":{"type":"LineString","coordinates":[[103.8700727,1.3950015],[103.8696556,1.3950308]]}},{"type":"Feature","id":"way/1083655430-0-5-0","properties":{"access":"yes","covered":"no","highway":"service","lanes":"2","lit":"yes","oneway":"no","service":"driveway","smoothness":"bad","surface":"paving_stones"},"geometry":{"type":"LineString","coordinates":[[103.8696556,1.3950308],[103.8695582,1.3950376]]}},{"type":"Feature","id":"way/1083655430-0-6-0","properties":{"access":"yes","covered":"no","highway":"service","lanes":"2","lit":"yes","oneway":"no","service":"driveway","smoothness":"bad","surface":"paving_stones"},"geometry":{"type":"LineString","coordinates":[[103.8695582,1.3950376],[103.8694329,1.3949824]]}},{"type":"Feature","id":"way/1083655430-0-7-0","properties":{"access":"yes","covered":"no","highway":"service","lanes":"2","lit":"yes","oneway":"no","service":"driveway","smoothness":"bad","surface":"paving_stones"},"geometry":{"type":"LineString","coordinates":[[103.8694329,1.3949824],[103.8693786,1.3949333]]}},{"type":"Feature","id":"way/1083655430-0-8-0","properties":{"access":"yes","covered":"no","highway":"service","lanes":"2","lit":"yes","oneway":"no","service":"driveway","smoothness":"bad","surface":"paving_stones"},"geometry":{"type":"LineString","coordinates":[[103.8693786,1.3949333],[103.869332,1.394832]]}},{"type":"Feature","id":"way/1083655430-0-9-0","properties":{"access":"yes","covered":"no","highway":"service","lanes":"2","lit":"yes","oneway":"no","service":"driveway","smoothness":"bad","surface":"paving_stones"},"geometry":{"type":"LineString","coordinates":[[103.869332,1.394832],[103.86934,1.3946488]]}},{"type":"Feature","id":"way/1083655434-0-0-0","properties":{"highway":"primary","lanes":"3","maxspeed":"60","name":"Sengkang West Road","name:zh":"\u76db\u6e2f\u897f\u8def","note":"Based on data from the construction site in July 2013, so please don't delete it again!","oneway":"yes","source":"GPS","surface":"asphalt"},"geometry":{"type":"LineString","coordinates":[[103.8691804,1.3943296],[103.8692138,1.3933041]]}},{"type":"Feature","id":"way/1083655434-0-1-0","properties":{"highway":"primary","lanes":"3","maxspeed":"60","name":"Sengkang West Road","name:zh":"\u76db\u6e2f\u897f\u8def","note":"Based on data from the construction site in July 2013, so please don't delete it again!","oneway":"yes","source":"GPS","surface":"asphalt"},"geometry":{"type":"LineString","coordinates":[[103.8692138,1.3933041],[103.8692291,1.3926289]]}},{"type":"Feature","id":"way/1083655434-0-2-0","properties":{"highway":"primary","lanes":"3","maxspeed":"60","name":"Sengkang West Road","name:zh":"\u76db\u6e2f\u897f\u8def","note":"Based on data from the construction site in July 2013, so please don't delete it again!","oneway":"yes","source":"GPS","surface":"asphalt"},"geometry":{"type":"LineString","coordinates":[[103.8692291,1.3926289],[103.8692269,1.3922819]]}},{"type":"Feature","id":"way/1083655435-0-0-0","properties":{"access":"yes","covered":"no","highway":"service","lanes":"2","lit":"yes","service":"driveway","smoothness":"bad","surface":"paving_stones"},"geometry":{"type":"LineString","coordinates":[[103.8693611,1.3941112],[103.8693932,1.3939059]]}},{"type":"Feature","id":"way/1083655435-0-1-0","properties":{"access":"yes","covered":"no","highway":"service","lanes":"2","lit":"yes","service":"driveway","smoothness":"bad","surface":"paving_stones"},"geometry":{"type":"LineString","coordinates":[[103.8693932,1.3939059],[103.8694044,1.3937287]]}},{"type":"Feature","id":"way/1083655435-0-2-0","properties":{"access":"yes","covered":"no","highway":"service","lanes":"2","lit":"yes","service":"driveway","smoothness":"bad","surface":"paving_stones"},"geometry":{"type":"LineString","coordinates":[[103.8694044,1.3937287],[103.869407,1.3936288]]}},{"type":"Feature","id":"way/1083655435-0-3-0","properties":{"access":"yes","covered":"no","highway":"service","lanes":"2","lit":"yes","service":"driveway","smoothness":"bad","surface":"paving_stones"},"geometry":{"type":"LineString","coordinates":[[103.869407,1.3936288],[103.8694304,1.3935681]]}},{"type":"Feature","id":"way/1083655436-0-0-0","properties":{"access":"yes","covered":"no","highway":"service","lanes":"2","lit":"yes","oneway":"no","service":"driveway","smoothness":"bad","surface":"paving_stones"},"geometry":{"type":"LineString","coordinates":[[103.8717472,1.3936425],[103.8718006,1.3936352]]}},{"type":"Feature","id":"way/1083655436-0-1-0","properties":{"access":"yes","covered":"no","highway":"service","lanes":"2","lit":"yes","oneway":"no","service":"driveway","smoothness":"bad","surface":"paving_stones"},"geometry":{"type":"LineString","coordinates":[[103.8718006,1.3936352],[103.8720232,1.3936052]]}},{"type":"Feature","id":"way/1121637426-0-4-0","properties":{"highway":"service","oneway":"yes","service":"driveway"},"geometry":{"type":"LineString","coordinates":[[103.8706177,1.3917893],[103.8706124,1.3918101]]}},{"type":"Feature","id":"way/1121637426-0-5-0","properties":{"highway":"service","oneway":"yes","service":"driveway"},"geometry":{"type":"LineString","coordinates":[[103.8706124,1.3918101],[103.8706176,1.3918319]]}},{"type":"Feature","id":"way/1121637426-0-6-0","properties":{"highway":"service","oneway":"yes","service":"driveway"},"geometry":{"type":"LineString","coordinates":[[103.8706176,1.3918319],[103.8706309,1.3918541]]}},{"type":"Feature","id":"way/1121637426-0-7-0","properties":{"highway":"service","oneway":"yes","service":"driveway"},"geometry":{"type":"LineString","coordinates":[[103.8706309,1.3918541],[103.8706483,1.3918645]]}},{"type":"Feature","id":"way/1121637426-0-8-0","properties":{"highway":"service","oneway":"yes","service":"driveway"},"geometry":{"type":"LineString","coordinates":[[103.8706483,1.3918645],[103.8706726,1.3918693]]}},{"type":"Feature","id":"way/1121637426-0-9-0","properties":{"highway":"service","oneway":"yes","service":"driveway"},"geometry":{"type":"LineString","coordinates":[[103.8706726,1.3918693],[103.8707545,1.3918677]]}},{"type":"Feature","id":"way/1137977443-0-0-0","properties":{"access":"yes","covered":"yes","highway":"service","lanes":"1","lit":"yes","oneway":"yes","service":"driveway","smoothness":"bad","surface":"paving_stones"},"geometry":{"type":"LineString","coordinates":[[103.871057,1.3944658],[103.871069,1.3944827]]}},{"type":"Feature","id":"way/1137977443-0-1-0","properties":{"access":"yes","covered":"yes","highway":"service","lanes":"1","lit":"yes","oneway":"yes","service":"driveway","smoothness":"bad","surface":"paving_stones"},"geometry":{"type":"LineString","coordinates":[[103.871069,1.3944827],[103.8710861,1.3944946]]}},{"type":"Feature","id":"way/1137977443-0-2-0","properties":{"access":"yes","covered":"yes","highway":"service","lanes":"1","lit":"yes","oneway":"yes","service":"driveway","smoothness":"bad","surface":"paving_stones"},"geometry":{"type":"LineString","coordinates":[[103.8710861,1.3944946],[103.8711062,1.3945]]}},{"type":"Feature","id":"way/1137977443-0-3-0","properties":{"access":"yes","covered":"yes","highway":"service","lanes":"1","lit":"yes","oneway":"yes","service":"driveway","smoothness":"bad","surface":"paving_stones"},"geometry":{"type":"LineString","coordinates":[[103.8711062,1.3945],[103.871127,1.3944982]]}},{"type":"Feature","id":"way/1137977443-0-4-0","properties":{"access":"yes","covered":"yes","highway":"service","lanes":"1","lit":"yes","oneway":"yes","service":"driveway","smoothness":"bad","surface":"paving_stones"},"geometry":{"type":"LineString","coordinates":[[103.871127,1.3944982],[103.8711459,1.3944895]]}},{"type":"Feature","id":"way/1137977443-0-5-0","properties":{"access":"yes","covered":"yes","highway":"service","lanes":"1","lit":"yes","oneway":"yes","service":"driveway","smoothness":"bad","surface":"paving_stones"},"geometry":{"type":"LineString","coordinates":[[103.8711459,1.3944895],[103.8711607,1.3944749]]}},{"type":"Feature","id":"way/1137977443-0-6-0","properties":{"access":"yes","covered":"yes","highway":"service","lanes":"1","lit":"yes","oneway":"yes","service":"driveway","smoothness":"bad","surface":"paving_stones"},"geometry":{"type":"LineString","coordinates":[[103.8711607,1.3944749],[103.871168,1.3944612]]}},{"type":"Feature","id":"way/1137977443-0-7-0","properties":{"access":"yes","covered":"yes","highway":"service","lanes":"1","lit":"yes","oneway":"yes","service":"driveway","smoothness":"bad","surface":"paving_stones"},"geometry":{"type":"LineString","coordinates":[[103.871168,1.3944612],[103.8711716,1.3944461]]}},{"type":"Feature","id":"way/1137977443-0-8-0","properties":{"access":"yes","covered":"yes","highway":"service","lanes":"1","lit":"yes","oneway":"yes","service":"driveway","smoothness":"bad","surface":"paving_stones"},"geometry":{"type":"LineString","coordinates":[[103.8711716,1.3944461],[103.8711712,1.3944306]]}},{"type":"Feature","id":"way/1137977443-0-9-0","properties":{"access":"yes","covered":"yes","highway":"service","lanes":"1","lit":"yes","oneway":"yes","service":"driveway","smoothness":"bad","surface":"paving_stones"},"geometry":{"type":"LineString","coordinates":[[103.8711712,1.3944306],[103.8711669,1.3944158]]}},{"type":"Feature","id":"way/1137977443-0-10-0","properties":{"access":"yes","covered":"yes","highway":"service","lanes":"1","lit":"yes","oneway":"yes","service":"driveway","smoothness":"bad","surface":"paving_stones"},"geometry":{"type":"LineString","coordinates":[[103.8711669,1.3944158],[103.871159,1.3944024]]}},{"type":"Feature","id":"way/1137977443-0-11-0","properties":{"access":"yes","covered":"yes","highway":"service","lanes":"1","lit":"yes","oneway":"yes","service":"driveway","smoothness":"bad","surface":"paving_stones"},"geometry":{"type":"LineString","coordinates":[[103.871159,1.3944024],[103.871148,1.3943917]]}},{"type":"Feature","id":"way/1137977443-0-12-0","properties":{"access":"yes","covered":"yes","highway":"service","lanes":"1","lit":"yes","oneway":"yes","service":"driveway","smoothness":"bad","surface":"paving_stones"},"geometry":{"type":"LineString","coordinates":[[103.871148,1.3943917],[103.8711345,1.394384]]}},{"type":"Feature","id":"way/1137977443-0-13-0","properties":{"access":"yes","covered":"yes","highway":"service","lanes":"1","lit":"yes","oneway":"yes","service":"driveway","smoothness":"bad","surface":"paving_stones"},"geometry":{"type":"LineString","coordinates":[[103.8711345,1.394384],[103.8711194,1.39438]]}},{"type":"Feature","id":"way/1137977443-0-14-0","properties":{"access":"yes","covered":"yes","highway":"service","lanes":"1","lit":"yes","oneway":"yes","service":"driveway","smoothness":"bad","surface":"paving_stones"},"geometry":{"type":"LineString","coordinates":[[103.8711194,1.39438],[103.8711039,1.3943799]]}},{"type":"Feature","id":"way/1137977443-0-15-0","properties":{"access":"yes","covered":"yes","highway":"service","lanes":"1","lit":"yes","oneway":"yes","service":"driveway","smoothness":"bad","surface":"paving_stones"},"geometry":{"type":"LineString","coordinates":[[103.8711039,1.3943799],[103.871089,1.3943838]]}},{"type":"Feature","id":"way/1137977443-0-16-0","properties":{"access":"yes","covered":"yes","highway":"service","lanes":"1","lit":"yes","oneway":"yes","service":"driveway","smoothness":"bad","surface":"paving_stones"},"geometry":{"type":"LineString","coordinates":[[103.871089,1.3943838],[103.8710754,1.3943914]]}},{"type":"Feature","id":"way/1137977443-0-17-0","properties":{"access":"yes","covered":"yes","highway":"service","lanes":"1","lit":"yes","oneway":"yes","service":"driveway","smoothness":"bad","surface":"paving_stones"},"geometry":{"type":"LineString","coordinates":[[103.8710754,1.3943914],[103.8710643,1.3944022]]}},{"type":"Feature","id":"way/1137977443-0-18-0","properties":{"access":"yes","covered":"yes","highway":"service","lanes":"1","lit":"yes","oneway":"yes","service":"driveway","smoothness":"bad","surface":"paving_stones"},"geometry":{"type":"LineString","coordinates":[[103.8710643,1.3944022],[103.8710563,1.3944155]]}},{"type":"Feature","id":"way/1137977443-0-19-0","properties":{"access":"yes","covered":"yes","highway":"service","lanes":"1","lit":"yes","oneway":"yes","service":"driveway","smoothness":"bad","surface":"paving_stones"},"geometry":{"type":"LineString","coordinates":[[103.8710563,1.3944155],[103.8710519,1.3944303]]}},{"type":"Feature","id":"way/1137977443-0-20-0","properties":{"access":"yes","covered":"yes","highway":"service","lanes":"1","lit":"yes","oneway":"yes","service":"driveway","smoothness":"bad","surface":"paving_stones"},"geometry":{"type":"LineString","coordinates":[[103.8710519,1.3944303],[103.8710514,1.3944457]]}},{"type":"Feature","id":"way/1137977443-0-21-0","properties":{"access":"yes","covered":"yes","highway":"service","lanes":"1","lit":"yes","oneway":"yes","service":"driveway","smoothness":"bad","surface":"paving_stones"},"geometry":{"type":"LineString","coordinates":[[103.8710514,1.3944457],[103.871057,1.3944658]]}},{"type":"Feature","id":"way/1137977681-0-0-0","properties":{"access":"yes","covered":"no","highway":"service","lanes":"3","lit":"yes","oneway":"no","service":"driveway","smoothness":"bad","surface":"paving_stones"},"geometry":{"type":"LineString","coordinates":[[103.8717265,1.3942513],[103.8716212,1.3942682]]}},{"type":"Feature","id":"way/1137980693-0-0-0","properties":{"access":"yes","covered":"yes","highway":"service","lanes":"1","lit":"yes","oneway":"yes","service":"driveway","smoothness":"bad","surface":"paving_stones"},"geometry":{"type":"LineString","coordinates":[[103.8714861,1.3932673],[103.8714919,1.3932869]]}},{"type":"Feature","id":"way/1137980693-0-1-0","properties":{"access":"yes","covered":"yes","highway":"service","lanes":"1","lit":"yes","oneway":"yes","service":"driveway","smoothness":"bad","surface":"paving_stones"},"geometry":{"type":"LineString","coordinates":[[103.8714919,1.3932869],[103.8715035,1.3933038]]}},{"type":"Feature","id":"way/1137980693-0-2-0","properties":{"access":"yes","covered":"yes","highway":"service","lanes":"1","lit":"yes","oneway":"yes","service":"driveway","smoothness":"bad","surface":"paving_stones"},"geometry":{"type":"LineString","coordinates":[[103.8715035,1.3933038],[103.8715197,1.3933162]]}},{"type":"Feature","id":"way/1137980693-0-3-0","properties":{"access":"yes","covered":"yes","highway":"service","lanes":"1","lit":"yes","oneway":"yes","service":"driveway","smoothness":"bad","surface":"paving_stones"},"geometry":{"type":"LineString","coordinates":[[103.8715197,1.3933162],[103.8715391,1.3933229]]}},{"type":"Feature","id":"way/1137980693-0-4-0","properties":{"access":"yes","covered":"yes","highway":"service","lanes":"1","lit":"yes","oneway":"yes","service":"driveway","smoothness":"bad","surface":"paving_stones"},"geometry":{"type":"LineString","coordinates":[[103.8715391,1.3933229],[103.8715595,1.3933232]]}},{"type":"Feature","id":"way/1137980693-0-5-0","properties":{"access":"yes","covered":"yes","highway":"service","lanes":"1","lit":"yes","oneway":"yes","service":"driveway","smoothness":"bad","surface":"paving_stones"},"geometry":{"type":"LineString","coordinates":[[103.8715595,1.3933232],[103.8715791,1.3933172]]}},{"type":"Feature","id":"way/1137980693-0-6-0","properties":{"access":"yes","covered":"yes","highway":"service","lanes":"1","lit":"yes","oneway":"yes","service":"driveway","smoothness":"bad","surface":"paving_stones"},"geometry":{"type":"LineString","coordinates":[[103.8715791,1.3933172],[103.8715971,1.3933041]]}},{"type":"Feature","id":"way/1137980693-0-7-0","properties":{"access":"yes","covered":"yes","highway":"service","lanes":"1","lit":"yes","oneway":"yes","service":"driveway","smoothness":"bad","surface":"paving_stones"},"geometry":{"type":"LineString","coordinates":[[103.8715971,1.3933041],[103.8716096,1.3932855]]}},{"type":"Feature","id":"way/1137980693-0-8-0","properties":{"access":"yes","covered":"yes","highway":"service","lanes":"1","lit":"yes","oneway":"yes","service":"driveway","smoothness":"bad","surface":"paving_stones"},"geometry":{"type":"LineString","coordinates":[[103.8716096,1.3932855],[103.871615,1.393264]]}},{"type":"Feature","id":"way/1137980693-0-9-0","properties":{"access":"yes","covered":"yes","highway":"service","lanes":"1","lit":"yes","oneway":"yes","service":"driveway","smoothness":"bad","surface":"paving_stones"},"geometry":{"type":"LineString","coordinates":[[103.871615,1.393264],[103.8716128,1.3932418]]}},{"type":"Feature","id":"way/1137980693-0-10-0","properties":{"access":"yes","covered":"yes","highway":"service","lanes":"1","lit":"yes","oneway":"yes","service":"driveway","smoothness":"bad","surface":"paving_stones"},"geometry":{"type":"LineString","coordinates":[[103.8716128,1.3932418],[103.8716032,1.3932216]]}},{"type":"Feature","id":"way/1137980693-0-11-0","properties":{"access":"yes","covered":"yes","highway":"service","lanes":"1","lit":"yes","oneway":"yes","service":"driveway","smoothness":"bad","surface":"paving_stones"},"geometry":{"type":"LineString","coordinates":[[103.8716032,1.3932216],[103.8715875,1.3932059]]}},{"type":"Feature","id":"way/1137980693-0-12-0","properties":{"access":"yes","covered":"yes","highway":"service","lanes":"1","lit":"yes","oneway":"yes","service":"driveway","smoothness":"bad","surface":"paving_stones"},"geometry":{"type":"LineString","coordinates":[[103.8715875,1.3932059],[103.8715672,1.3931965]]}},{"type":"Feature","id":"way/1137980693-0-13-0","properties":{"access":"yes","covered":"yes","highway":"service","lanes":"1","lit":"yes","oneway":"yes","service":"driveway","smoothness":"bad","surface":"paving_stones"},"geometry":{"type":"LineString","coordinates":[[103.8715672,1.3931965],[103.8715449,1.3931945]]}},{"type":"Feature","id":"way/1137980693-0-14-0","properties":{"access":"yes","covered":"yes","highway":"service","lanes":"1","lit":"yes","oneway":"yes","service":"driveway","smoothness":"bad","surface":"paving_stones"},"geometry":{"type":"LineString","coordinates":[[103.8715449,1.3931945],[103.8715234,1.3932002]]}},{"type":"Feature","id":"way/1137980693-0-15-0","properties":{"access":"yes","covered":"yes","highway":"service","lanes":"1","lit":"yes","oneway":"yes","service":"driveway","smoothness":"bad","surface":"paving_stones"},"geometry":{"type":"LineString","coordinates":[[103.8715234,1.3932002],[103.8715064,1.3932115]]}},{"type":"Feature","id":"way/1137980693-0-16-0","properties":{"access":"yes","covered":"yes","highway":"service","lanes":"1","lit":"yes","oneway":"yes","service":"driveway","smoothness":"bad","surface":"paving_stones"},"geometry":{"type":"LineString","coordinates":[[103.8715064,1.3932115],[103.8714938,1.3932276]]}},{"type":"Feature","id":"way/1137980693-0-17-0","properties":{"access":"yes","covered":"yes","highway":"service","lanes":"1","lit":"yes","oneway":"yes","service":"driveway","smoothness":"bad","surface":"paving_stones"},"geometry":{"type":"LineString","coordinates":[[103.8714938,1.3932276],[103.8714868,1.3932468]]}},{"type":"Feature","id":"way/1137980693-0-18-0","properties":{"access":"yes","covered":"yes","highway":"service","lanes":"1","lit":"yes","oneway":"yes","service":"driveway","smoothness":"bad","surface":"paving_stones"},"geometry":{"type":"LineString","coordinates":[[103.8714868,1.3932468],[103.8714861,1.3932673]]}},{"type":"Feature","id":"way/1137980694-0-0-0","properties":{"covered":"yes","highway":"service","lanes":"1","lit":"yes","oneway":"yes","service":"driveway","smoothness":"bad","surface":"paving_stones"},"geometry":{"type":"LineString","coordinates":[[103.8706475,1.3949781],[103.8706447,1.3949382]]}},{"type":"Feature","id":"way/1137980694-0-1-0","properties":{"covered":"yes","highway":"service","lanes":"1","lit":"yes","oneway":"yes","service":"driveway","smoothness":"bad","surface":"paving_stones"},"geometry":{"type":"LineString","coordinates":[[103.8706447,1.3949382],[103.8706377,1.3948965]]}},{"type":"Feature","id":"way/1137980694-0-2-0","properties":{"covered":"yes","highway":"service","lanes":"1","lit":"yes","oneway":"yes","service":"driveway","smoothness":"bad","surface":"paving_stones"},"geometry":{"type":"LineString","coordinates":[[103.8706377,1.3948965],[103.8706064,1.3948679]]}},{"type":"Feature","id":"way/1137980694-0-3-0","properties":{"covered":"yes","highway":"service","lanes":"1","lit":"yes","oneway":"yes","service":"driveway","smoothness":"bad","surface":"paving_stones"},"geometry":{"type":"LineString","coordinates":[[103.8706064,1.3948679],[103.8705798,1.3948627]]}},{"type":"Feature","id":"way/1137980694-0-4-0","properties":{"covered":"yes","highway":"service","lanes":"1","lit":"yes","oneway":"yes","service":"driveway","smoothness":"bad","surface":"paving_stones"},"geometry":{"type":"LineString","coordinates":[[103.8705798,1.3948627],[103.8705468,1.3948722]]}},{"type":"Feature","id":"way/1137980694-0-5-0","properties":{"covered":"yes","highway":"service","lanes":"1","lit":"yes","oneway":"yes","service":"driveway","smoothness":"bad","surface":"paving_stones"},"geometry":{"type":"LineString","coordinates":[[103.8705468,1.3948722],[103.8705219,1.3948972]]}},{"type":"Feature","id":"way/1137980694-0-6-0","properties":{"covered":"yes","highway":"service","lanes":"1","lit":"yes","oneway":"yes","service":"driveway","smoothness":"bad","surface":"paving_stones"},"geometry":{"type":"LineString","coordinates":[[103.8705219,1.3948972],[103.870507,1.3949319]]}},{"type":"Feature","id":"way/1137980694-0-7-0","properties":{"covered":"yes","highway":"service","lanes":"1","lit":"yes","oneway":"yes","service":"driveway","smoothness":"bad","surface":"paving_stones"},"geometry":{"type":"LineString","coordinates":[[103.870507,1.3949319],[103.8705098,1.3949878]]}},{"type":"Feature","id":"way/1212196446-0-0-0","properties":{"highway":"secondary","lanes":"3","maxspeed":"60","name":"Sengkang West Way","oneway":"yes"},"geometry":{"type":"LineString","coordinates":[[103.872891,1.3949754],[103.8728312,1.3949775]]}},{"type":"Feature","id":"way/1212196446-0-1-0","properties":{"highway":"secondary","lanes":"3","maxspeed":"60","name":"Sengkang West Way","oneway":"yes"},"geometry":{"type":"LineString","coordinates":[[103.8728312,1.3949775],[103.8726164,1.3949849]]}},{"type":"Feature","id":"way/1444468948-0-0-0","properties":{"highway":"service","oneway":"yes","service":"driveway"},"geometry":{"type":"LineString","coordinates":[[103.8705332,1.3925927],[103.8705138,1.3925987]]}},{"type":"Feature","id":"way/1444468948-0-1-0","properties":{"highway":"service","oneway":"yes","service":"driveway"},"geometry":{"type":"LineString","coordinates":[[103.8705138,1.3925987],[103.8704972,1.3926103]]}},{"type":"Feature","id":"way/1444468948-0-2-0","properties":{"highway":"service","oneway":"yes","service":"driveway"},"geometry":{"type":"LineString","coordinates":[[103.8704972,1.3926103],[103.8704849,1.3926263]]}},{"type":"Feature","id":"way/1444468948-0-3-0","properties":{"highway":"service","oneway":"yes","service":"driveway"},"geometry":{"type":"LineString","coordinates":[[103.8704849,1.3926263],[103.870478,1.3926454]]}},{"type":"Feature","id":"way/1444468948-0-4-0","properties":{"highway":"service","oneway":"yes","service":"driveway"},"geometry":{"type":"LineString","coordinates":[[103.870478,1.3926454],[103.8704773,1.3926656]]}},{"type":"Feature","id":"way/1444468948-0-5-0","properties":{"highway":"service","oneway":"yes","service":"driveway"},"geometry":{"type":"LineString","coordinates":[[103.8704773,1.3926656],[103.870483,1.3926858]]}},{"type":"Feature","id":"way/1444468948-0-6-0","properties":{"highway":"service","oneway":"yes","service":"driveway"},"geometry":{"type":"LineString","coordinates":[[103.870483,1.3926858],[103.8704948,1.3927031]]}},{"type":"Feature","id":"way/1444468948-0-7-0","properties":{"highway":"service","oneway":"yes","service":"driveway"},"geometry":{"type":"LineString","coordinates":[[103.8704948,1.3927031],[103.8705114,1.3927158]]}},{"type":"Feature","id":"way/1444468948-0-8-0","properties":{"highway":"service","oneway":"yes","service":"driveway"},"geometry":{"type":"LineString","coordinates":[[103.8705114,1.3927158],[103.8705312,1.3927227]]}},{"type":"Feature","id":"way/1444468948-0-9-0","properties":{"highway":"service","oneway":"yes","service":"driveway"},"geometry":{"type":"LineString","coordinates":[[103.8705312,1.3927227],[103.8705522,1.392723]]}},{"type":"Feature","id":"way/1444468948-0-10-0","properties":{"highway":"service","oneway":"yes","service":"driveway"},"geometry":{"type":"LineString","coordinates":[[103.8705522,1.392723],[103.8705721,1.3927167]]}},{"type":"Feature","id":"way/1444468948-0-11-0","properties":{"highway":"service","oneway":"yes","service":"driveway"},"geometry":{"type":"LineString","coordinates":[[103.8705721,1.3927167],[103.8705891,1.3927045]]}},{"type":"Feature","id":"way/1444468948-0-12-0","properties":{"highway":"service","oneway":"yes","service":"driveway"},"geometry":{"type":"LineString","coordinates":[[103.8705891,1.3927045],[103.8706014,1.3926875]]}},{"type":"Feature","id":"way/1444468948-0-13-0","properties":{"highway":"service","oneway":"yes","service":"driveway"},"geometry":{"type":"LineString","coordinates":[[103.8706014,1.3926875],[103.8706078,1.3926676]]}},{"type":"Feature","id":"way/1444468948-0-14-0","properties":{"highway":"service","oneway":"yes","service":"driveway"},"geometry":{"type":"LineString","coordinates":[[103.8706078,1.3926676],[103.8706075,1.3926467]]}},{"type":"Feature","id":"way/1444468948-0-15-0","properties":{"highway":"service","oneway":"yes","service":"driveway"},"geometry":{"type":"LineString","coordinates":[[103.8706075,1.3926467],[103.8706011,1.3926275]]}},{"type":"Feature","id":"way/1444468948-0-16-0","properties":{"highway":"service","oneway":"yes","service":"driveway"},"geometry":{"type":"LineString","coordinates":[[103.8706011,1.3926275],[103.8705891,1.3926112]]}},{"type":"Feature","id":"way/1444468948-0-17-0","properties":{"highway":"service","oneway":"yes","service":"driveway"},"geometry":{"type":"LineString","coordinates":[[103.8705891,1.3926112],[103.8705727,1.3925993]]}},{"type":"Feature","id":"way/1444468948-0-18-0","properties":{"highway":"service","oneway":"yes","service":"driveway"},"geometry":{"type":"LineString","coordinates":[[103.8705727,1.3925993],[103.8705534,1.3925929]]}},{"type":"Feature","id":"way/1444468948-0-19-0","properties":{"highway":"service","oneway":"yes","service":"driveway"},"geometry":{"type":"LineString","coordinates":[[103.8705534,1.3925929],[103.8705332,1.3925927]]}},{"type":"Feature","id":"way/1444468949-0-0-0","properties":{"highway":"service","oneway":"yes","service":"driveway"},"geometry":{"type":"LineString","coordinates":[[103.8694914,1.3918768],[103.8695425,1.3918952]]}},{"type":"Feature","id":"way/1444468949-0-1-0","properties":{"highway":"service","oneway":"yes","service":"driveway"},"geometry":{"type":"LineString","coordinates":[[103.8695425,1.3918952],[103.8695886,1.3919027]]}},{"type":"Feature","id":"way/1444468949-0-2-0","properties":{"highway":"service","oneway":"yes","service":"driveway"},"geometry":{"type":"LineString","coordinates":[[103.8695886,1.3919027],[103.8696266,1.3919013]]}},{"type":"Feature","id":"way/1444468949-0-3-0","properties":{"highway":"service","oneway":"yes","service":"driveway"},"geometry":{"type":"LineString","coordinates":[[103.8696266,1.3919013],[103.8696437,1.391881]]}},{"type":"Feature","id":"way/1444468949-0-4-0","properties":{"highway":"service","oneway":"yes","service":"driveway"},"geometry":{"type":"LineString","coordinates":[[103.8696437,1.391881],[103.869649,1.391865]]}},{"type":"Feature","id":"way/1444468949-0-5-0","properties":{"highway":"service","oneway":"yes","service":"driveway"},"geometry":{"type":"LineString","coordinates":[[103.869649,1.391865],[103.8696462,1.3918472]]}},{"type":"Feature","id":"way/1444468949-0-6-0","properties":{"highway":"service","oneway":"yes","service":"driveway"},"geometry":{"type":"LineString","coordinates":[[103.8696462,1.3918472],[103.8696367,1.3918228]]}},{"type":"Feature","id":"way/1444468949-0-7-0","properties":{"highway":"service","oneway":"yes","service":"driveway"},"geometry":{"type":"LineString","coordinates":[[103.8696367,1.3918228],[103.8695507,1.3917775]]}},{"type":"Feature","id":"way/1444540261-0-0-0","properties":{"highway":"service","oneway":"yes","service":"driveway"},"geometry":{"type":"LineString","coordinates":[[103.8724281,1.3941858],[103.8724451,1.3941707]]}},{"type":"Feature","id":"way/1444540261-0-1-0","properties":{"highway":"service","oneway":"yes","service":"driveway"},"geometry":{"type":"LineString","coordinates":[[103.8724451,1.3941707],[103.8724568,1.3941513]]}},{"type":"Feature","id":"way/1444540261-0-2-0","properties":{"highway":"service","oneway":"yes","service":"driveway"},"geometry":{"type":"LineString","coordinates":[[103.8724568,1.3941513],[103.8724622,1.3941293]]}},{"type":"Feature","id":"way/1444540261-0-3-0","properties":{"highway":"service","oneway":"yes","service":"driveway"},"geometry":{"type":"LineString","coordinates":[[103.8724622,1.3941293],[103.8724608,1.3941066]]}},{"type":"Feature","id":"way/1444540261-0-4-0","properties":{"highway":"service","oneway":"yes","service":"driveway"},"geometry":{"type":"LineString","coordinates":[[103.8724608,1.3941066],[103.8724528,1.3940854]]}},{"type":"Feature","id":"way/1444540261-0-5-0","properties":{"highway":"service","oneway":"yes","service":"driveway"},"geometry":{"type":"LineString","coordinates":[[103.8724528,1.3940854],[103.8724389,1.3940675]]}},{"type":"Feature","id":"way/1444540261-0-6-0","properties":{"highway":"service","oneway":"yes","service":"driveway"},"geometry":{"type":"LineString","coordinates":[[103.8724389,1.3940675],[103.8724202,1.3940545]]}},{"type":"Feature","id":"way/1444540261-0-7-0","properties":{"highway":"service","oneway":"yes","service":"driveway"},"geometry":{"type":"LineString","coordinates":[[103.8724202,1.3940545],[103.8723986,1.3940477]]}},{"type":"Feature","id":"way/1444540261-0-8-0","properties":{"highway":"service","oneway":"yes","service":"driveway"},"geometry":{"type":"LineString","coordinates":[[103.8723986,1.3940477],[103.8723758,1.3940476]]}},{"type":"Feature","id":"way/1444540261-0-9-0","properties":{"highway":"service","oneway":"yes","service":"driveway"},"geometry":{"type":"LineString","coordinates":[[103.8723758,1.3940476],[103.8723542,1.3940542]]}},{"type":"Feature","id":"way/1444540262-0-0-0","properties":{"highway":"service","oneway":"yes","service":"driveway"},"geometry":{"type":"LineString","coordinates":[[103.8724202,1.3940545],[103.8724011,1.3939111]]}},{"type":"Feature","id":"way/1444540262-0-1-0","properties":{"highway":"service","oneway":"yes","service":"driveway"},"geometry":{"type":"LineString","coordinates":[[103.8724011,1.3939111],[103.8724027,1.3938898]]}},{"type":"Feature","id":"way/1444540262-0-2-0","properties":{"highway":"service","oneway":"yes","service":"driveway"},"geometry":{"type":"LineString","coordinates":[[103.8724027,1.3938898],[103.8724046,1.393864]]}},{"type":"Feature","id":"way/1444540262-0-3-0","properties":{"highway":"service","oneway":"yes","service":"driveway"},"geometry":{"type":"LineString","coordinates":[[103.8724046,1.393864],[103.8723976,1.3938317]]}},{"type":"Feature","id":"way/1444540262-0-4-0","properties":{"highway":"service","oneway":"yes","service":"driveway"},"geometry":{"type":"LineString","coordinates":[[103.8723976,1.3938317],[103.8723821,1.3937585]]}},{"type":"Feature","id":"way/1444540263-0-0-0","properties":{"highway":"service","service":"driveway"},"geometry":{"type":"LineString","coordinates":[[103.872342,1.393929],[103.8724027,1.3938898]]}},{"type":"Feature","id":"way/1444540263-0-1-0","properties":{"highway":"service","service":"driveway"},"geometry":{"type":"LineString","coordinates":[[103.8724027,1.3938898],[103.8724639,1.3938794]]}},{"type":"Feature","id":"way/1444540263-0-2-0","properties":{"highway":"service","service":"driveway"},"geometry":{"type":"LineString","coordinates":[[103.8724639,1.3938794],[103.8725086,1.3939034]]}},{"type":"Feature","id":"way/1444540263-0-3-0","properties":{"highway":"service","service":"driveway"},"geometry":{"type":"LineString","coordinates":[[103.8725086,1.3939034],[103.8725592,1.3940354]]}},{"type":"Feature","id":"way/1444540263-0-4-0","properties":{"highway":"service","service":"driveway"},"geometry":{"type":"LineString","coordinates":[[103.8725592,1.3940354],[103.8725721,1.3941282]]}},{"type":"Feature","id":"way/1444540263-0-5-0","properties":{"highway":"service","service":"driveway"},"geometry":{"type":"LineString","coordinates":[[103.8725721,1.3941282],[103.8725376,1.3941967]]}}]}