{"type":"FeatureCollection","features":[{"type":"Feature","id":"relation/5905668-0","properties":{"building":"school","type":"multipolygon"},"geometry":{"type":"Polygon","coordinates":[[[103.8831361,1.298521],[103.8830006,1.2985186],[103.8828745,1.2985682],[103.882777,1.2986624],[103.8827231,1.2987867],[103.8826725,1.2987733],[103.8827014,1.2986632],[103.881864,1.2984436],[103.8817841,1.2987483],[103.8817873,1.2990404],[103.8822413,1.2991481],[103.8823905,1.2993305],[103.8825936,1.2993678],[103.8826008,1.2993645],[103.8826715,1.2993807],[103.8826631,1.2994131],[103.8828833,1.2994696],[103.8828714,1.2995131],[103.8828042,1.2994948],[103.8824913,1.2994095],[103.8824624,1.2995154],[103.8825534,1.2995402],[103.8825375,1.2995984],[103.882508,1.2995903],[103.8824928,1.2996458],[103.8822876,1.2995899],[103.8822704,1.2996532],[103.8824764,1.2997094],[103.8824502,1.2998057],[103.8822539,1.2997522],[103.8822481,1.2997733],[103.882055,1.2995588],[103.8822249,1.2996021],[103.882251,1.2995034],[103.8820699,1.2994575],[103.8820871,1.2993912],[103.8822088,1.2994263],[103.8822271,1.2993627],[103.8819222,1.2992747],[103.8819026,1.2992497],[103.8819063,1.2992507],[103.8819254,1.2991795],[103.8820446,1.2992109],[103.8820641,1.2991368],[103.8816962,1.2990401],[103.8816767,1.2991142],[103.8817982,1.2991461],[103.88179,1.2991767],[103.8817559,1.2992036],[103.8818484,1.2993214],[103.8818482,1.2993222],[103.8818494,1.2993226],[103.8819596,1.2994629],[103.8819852,1.2994428],[103.8820366,1.2994562],[103.8820124,1.2995479],[103.8822405,1.2998013],[103.8822337,1.2998263],[103.8825078,1.299901],[103.882528,1.2998269],[103.8824838,1.2998148],[103.8824937,1.2997786],[103.8825986,1.2998073],[103.8826132,1.2997539],[103.8825076,1.2997252],[103.88252,1.2996798],[103.8827295,1.2997369],[103.8827371,1.2997093],[103.8828317,1.2997355],[103.882903,1.2994747],[103.8834282,1.2996094],[103.8834569,1.2994976],[103.8829335,1.2993632],[103.8829703,1.2992287],[103.8834077,1.2993491],[103.8834366,1.2992445],[103.8832655,1.2991973],[103.8832756,1.2991634],[103.8833766,1.2991895],[103.8835425,1.2985492],[103.8834005,1.2985125],[103.8833544,1.2986728],[103.8832604,1.2985752],[103.8831361,1.298521]],[[103.8826196,1.2989791],[103.8826215,1.2989679],[103.8826626,1.2988114],[103.8827097,1.2988245],[103.8826975,1.2989322],[103.8827177,1.2990016],[103.8826196,1.2989791]],[[103.8832253,1.2989861],[103.8832694,1.299],[103.8832197,1.2991848],[103.8830128,1.2991278],[103.8830214,1.2991051],[103.8830756,1.2990992],[103.8830732,1.2990859],[103.8829861,1.2990757],[103.882912,1.2990292],[103.882865,1.2989552],[103.8828544,1.2988683],[103.8828822,1.2987852],[103.8829431,1.2987222],[103.8830251,1.2986914],[103.8831124,1.2986989],[103.883188,1.2987432],[103.8832372,1.2988156],[103.8832505,1.2989022],[103.8832253,1.2989861]],[[103.8827755,1.2991209],[103.8827766,1.2991227],[103.8828441,1.2991871],[103.8828836,1.2991256],[103.8829335,1.2991601],[103.8829186,1.2992144],[103.8829507,1.2992233],[103.8829138,1.2993582],[103.8827318,1.2993115],[103.8827755,1.2991209]],[[103.8828179,1.2997089],[103.8827428,1.2996881],[103.8827509,1.2996586],[103.8826115,1.2996206],[103.8826288,1.2995574],[103.8827775,1.299598],[103.8827906,1.2995499],[103.8828565,1.2995679],[103.8828179,1.2997089]]]}},{"type":"Feature","id":"relation/6412024-0","properties":{"building":"school","type":"multipolygon"},"geometry":{"type":"Polygon","coordinates":[[[103.8827806,1.3001797],[103.8827391,1.300177],[103.8827069,1.3001784],[103.8827565,1.3000899],[103.8827686,1.3000537],[103.8827551,1.2999799],[103.8826975,1.2999344],[103.8826546,1.2999183],[103.8825848,1.299933],[103.882389,1.3000389],[103.8826063,1.3003272],[103.8826961,1.3001971],[103.8827176,1.3002628],[103.8827511,1.3002682],[103.8827779,1.3002628],[103.8828088,1.300232],[103.8828356,1.300236],[103.8828597,1.3003205],[103.8828021,1.300299],[103.8827672,1.3004224],[103.8828718,1.3004613],[103.8828745,1.300523],[103.8829134,1.3005444],[103.8828919,1.3006302],[103.8830944,1.3006986],[103.8831186,1.3006074],[103.8831454,1.3006208],[103.8831695,1.3005484],[103.8831964,1.3005592],[103.8832178,1.300464],[103.8832594,1.3004693],[103.8832916,1.3003419],[103.8829952,1.3002642],[103.8829764,1.3003352],[103.8829255,1.3003178],[103.8829416,1.3002615],[103.882896,1.3002454],[103.8828852,1.3002722],[103.8828705,1.3002441],[103.8829308,1.3002199],[103.8829872,1.3001851],[103.8830294,1.3001279],[103.8833062,1.300207],[103.8833191,1.3001357],[103.8833545,1.3001442],[103.8833717,1.3000697],[103.8834329,1.3000867],[103.8835068,1.2998153],[103.8830037,1.29968],[103.8829791,1.2997547],[103.8830153,1.2997882],[103.8829791,1.299811],[103.8829442,1.2997681],[103.882849,1.2997105],[103.8828142,1.2998553],[103.8828557,1.2998968],[103.8828799,1.2999612],[103.8828611,1.3000363],[103.8827873,1.3000939],[103.8828061,1.3001985],[103.8827806,1.3001797]],[[103.8830582,1.2999491],[103.8831333,1.2999706],[103.8831481,1.2998995],[103.8830328,1.2998646],[103.8830247,1.2998271],[103.8833408,1.2999114],[103.8833015,1.3000507],[103.8830636,1.2999813],[103.8830582,1.2999491]],[[103.8829987,1.3003789],[103.8830466,1.3003925],[103.8830406,1.3004139],[103.8830625,1.3004201],[103.8830464,1.3004767],[103.8830986,1.3004915],[103.8830829,1.3005468],[103.8829608,1.3005121],[103.8829987,1.3003789]]]}},{"type":"Feature","id":"relation/7814216-0","properties":{"building":"yes","type":"multipolygon"},"geometry":{"type":"Polygon","coordinates":[[[103.8861714,1.3005803],[103.8862612,1.3005767],[103.8862604,1.3005559],[103.8864016,1.3005503],[103.886396,1.3004083],[103.8865645,1.3004017],[103.8865692,1.3005209],[103.886625,1.3005187],[103.8866263,1.3005526],[103.8867104,1.3005493],[103.8867089,1.3005114],[103.8867546,1.3005096],[103.88675,1.3003946],[103.886802,1.3003926],[103.8867979,1.3002888],[103.8868365,1.3002873],[103.8868311,1.3001496],[103.886721,1.300154],[103.8867267,1.300298],[103.8866336,1.3003017],[103.8866358,1.300358],[103.8863938,1.3003676],[103.8863883,1.3002278],[103.8864306,1.3002261],[103.886426,1.3001092],[103.8862707,1.3001154],[103.8862754,1.3002329],[103.886354,1.3002298],[103.8863595,1.3003699],[103.8863103,1.3003719],[103.8863084,1.3003233],[103.8861865,1.3003281],[103.8861903,1.3004246],[103.8861132,1.3004277],[103.8861179,1.3005475],[103.88617,1.3005454],[103.8861714,1.3005803]],[[103.8863627,1.300412],[103.8863647,1.3005139],[103.8862983,1.3005153],[103.8862963,1.3004134],[103.8863627,1.300412]]]}},{"type":"Feature","id":"way/152986554-0","properties":{"addr:city":"Singapore","addr:housenumber":"12","addr:street":"Kampong Arang Road","building":"apartments","building:levels":"12"},"geometry":{"type":"Polygon","coordinates":[[[103.8841166,1.3008997],[103.884107,1.3007364],[103.8832754,1.300785],[103.8832849,1.3009482],[103.8841166,1.3008997]]]}},{"type":"Feature","id":"way/152987920-0","properties":{"addr:city":"Singapore","addr:housenumber":"11","addr:street":"Kampong Arang Road","building":"apartments","building:levels":"12"},"geometry":{"type":"Polygon","coordinates":[[[103.8830594,1.3013965],[103.8829509,1.3012744],[103.8821154,1.3020161],[103.8822238,1.3021382],[103.8830594,1.3013965]]]}},{"type":"Feature","id":"way/152988336-0","properties":{"addr:city":"Singapore","addr:housenumber":"6","addr:street":"Kampong Arang Road","building":"apartments","building:levels":"10"},"geometry":{"type":"Polygon","coordinates":[[[103.8844065,1.3013684],[103.8844024,1.3012127],[103.8837119,1.3012312],[103.8837161,1.3013869],[103.8844065,1.3013684]]]}},{"type":"Feature","id":"way/152988340-0","properties":{"addr:city":"Singapore","addr:housenumber":"5","addr:street":"Kampong Arang Road","building":"apartments","building:levels":"10"},"geometry":{"type":"Polygon","coordinates":[[[103.8844039,1.3016035],[103.8843981,1.3014744],[103.8836855,1.3015067],[103.8836913,1.3016357],[103.8844039,1.3016035]]]}},{"type":"Feature","id":"way/152988528-0","properties":{"addr:city":"Singapore","addr:housenumber":"4","addr:street":"Kampong Arang Road","building":"apartments","building:levels":"10"},"geometry":{"type":"Polygon","coordinates":[[[103.8837453,1.3019517],[103.8844448,1.3019109],[103.8844375,1.3017843],[103.8837379,1.3018251],[103.8837453,1.3019517]]]}},{"type":"Feature","id":"way/400539354-0","properties":{"addr:city":"Singapore","addr:country":"SG","addr:housename":"The Waterside","addr:housenumber":"7","addr:street":"Tanjong Rhu Road","building":"residential","building:levels":"23","residential":"condominium"},"geometry":{"type":"Polygon","coordinates":[[[103.8832161,1.2973966],[103.8831965,1.2974202],[103.8831821,1.2974083],[103.883147,1.2974077],[103.8831035,1.2974555],[103.8830482,1.2974053],[103.8830076,1.2974064],[103.8829913,1.2974215],[103.8829569,1.2973841],[103.8829256,1.2974128],[103.882912,1.297398],[103.8828856,1.2974222],[103.8829031,1.2974412],[103.8828885,1.2974546],[103.8829044,1.2974718],[103.882909,1.2975854],[103.8829599,1.2975846],[103.8829603,1.2976048],[103.8829468,1.297605],[103.8829338,1.2976158],[103.8829201,1.2976008],[103.8828646,1.2976516],[103.8828813,1.2976697],[103.8828506,1.2976978],[103.8828789,1.2977287],[103.8828672,1.2977394],[103.8828888,1.2977629],[103.8829066,1.2977466],[103.8829225,1.297764],[103.8829429,1.2977453],[103.8829567,1.2977604],[103.8829978,1.2977227],[103.8829895,1.2977137],[103.8830634,1.2976466],[103.8830655,1.2976102],[103.8831532,1.2976154],[103.883154,1.2976498],[103.8831818,1.2976855],[103.8831968,1.2976738],[103.8832132,1.2976948],[103.8832046,1.2977014],[103.883211,1.2977096],[103.8831817,1.2977324],[103.8832103,1.2977691],[103.8832361,1.297749],[103.8832511,1.2977682],[103.8832707,1.2977529],[103.8832849,1.2977711],[103.8833113,1.2977506],[103.883301,1.2977374],[103.8833361,1.2977101],[103.8833139,1.2976816],[103.8833363,1.2976641],[103.8833004,1.2976181],[103.8832629,1.2976134],[103.8832688,1.2975684],[103.8832041,1.2975599],[103.883208,1.2975336],[103.8832478,1.2974967],[103.8832739,1.2975249],[103.8833063,1.2974948],[103.8832908,1.297478],[103.8833055,1.2974644],[103.8832894,1.2974471],[103.8833038,1.2974338],[103.8832769,1.2974048],[103.8832625,1.2974182],[103.8832389,1.2973927],[103.8832161,1.2973966]]]}},{"type":"Feature","id":"way/430993509-0","properties":{"addr:city":"Singapore","addr:housenumber":"14A","addr:street":"Kampong Arang Road","amenity":"parking","building":"yes","parking":"multi-storey","source":"Mapbox"},"geometry":{"type":"Polygon","coordinates":[[[103.8837546,1.3000072],[103.883621,1.3000141],[103.8836032,1.3001298],[103.8836101,1.3002307],[103.8835682,1.3002443],[103.8834773,1.3003719],[103.883455,1.3004061],[103.8834546,1.3004578],[103.8834703,1.3004978],[103.8836129,1.3006153],[103.8837889,1.3006097],[103.8837546,1.3000072]]]}},{"type":"Feature","id":"way/430993514-0","properties":{"addr:city":"Singapore","addr:country":"SG","addr:housename":"Emerald East","addr:housenumber":"8D","addr:street":"Tanjong Rhu Road","building":"residential","building:colour":"#bcb7ad","building:levels":"18","building:material":"concrete","residential":"condominium","source":"Mapbox"},"geometry":{"type":"Polygon","coordinates":[[[103.8838428,1.2997337],[103.8838416,1.2994272],[103.883784,1.2994274],[103.8837841,1.2994592],[103.8837293,1.2994862],[103.8837298,1.2996224],[103.8837028,1.2996225],[103.8837036,1.2998261],[103.8837986,1.2998258],[103.8837983,1.2997338],[103.8838428,1.2997337]]]}},{"type":"Feature","id":"way/430993523-0","properties":{"building":"yes","source":"Mapbox"},"geometry":{"type":"Polygon","coordinates":[[[103.8862381,1.3013892],[103.8862306,1.3012366],[103.8862957,1.3012334],[103.8862906,1.3011297],[103.8862656,1.301131],[103.886264,1.3010987],[103.8862077,1.3011015],[103.8862067,1.3010808],[103.886152,1.3010835],[103.8861672,1.3013927],[103.8862381,1.3013892]]]}},{"type":"Feature","id":"way/430993524-0","properties":{"addr:city":"Singapore","addr:housenumber":"21","addr:street":"Fort Road","building":"residential","building:levels":"14","residential":"condominium","source":"Kaart Ground Survey 2017"},"geometry":{"type":"Polygon","coordinates":[[[103.8847417,1.2991166],[103.8847478,1.2992495],[103.8848401,1.2992453],[103.8848378,1.2991968],[103.8849232,1.2991929],[103.8849265,1.2992651],[103.8848892,1.2992668],[103.8848947,1.299387],[103.8850201,1.2993812],[103.8850158,1.2992886],[103.8850291,1.299288],[103.8850195,1.2990785],[103.8848645,1.2990856],[103.8848624,1.2990379],[103.8847964,1.299041],[103.8847998,1.2991139],[103.8847417,1.2991166]]]}},{"type":"Feature","id":"way/430993544-0","properties":{"addr:housenumber":"14","addr:street":"Fort Road","building":"yes","source":"Mapbox"},"geometry":{"type":"Polygon","coordinates":[[[103.8857201,1.3003003],[103.8857589,1.3003005],[103.8857588,1.300319],[103.8858262,1.3003194],[103.8858263,1.3002989],[103.885881,1.3002992],[103.8858814,1.3002349],[103.8858204,1.3002345],[103.8858213,1.3000772],[103.8856779,1.3000765],[103.8856775,1.3001544],[103.8857668,1.3001548],[103.8857663,1.3002422],[103.8857205,1.300242],[103.8857201,1.3003003]]]}},{"type":"Feature","id":"way/430993580-0","properties":{"building":"yes","source":"Mapbox"},"geometry":{"type":"Polygon","coordinates":[[[103.8867784,1.2984607],[103.8867791,1.2984822],[103.8868371,1.2984805],[103.8868379,1.2985061],[103.8869032,1.2985041],[103.8868964,1.2982767],[103.8868439,1.2982783],[103.8868472,1.2983885],[103.8868278,1.2983891],[103.8868263,1.298339],[103.8866781,1.2983434],[103.8866797,1.2983962],[103.8866601,1.2983968],[103.8866622,1.2984642],[103.8867784,1.2984607]]]}},{"type":"Feature","id":"way/430993584-0","properties":{"building":"yes","source":"Mapbox"},"geometry":{"type":"Polygon","coordinates":[[[103.8865888,1.3000037],[103.8865886,1.2998718],[103.8867081,1.2998716],[103.886708,1.2997985],[103.8865941,1.2997987],[103.886594,1.2997788],[103.886523,1.2997789],[103.886523,1.2997996],[103.8864958,1.2997996],[103.8864958,1.2998479],[103.8865246,1.2998479],[103.8865247,1.2999467],[103.8864626,1.2999468],[103.8864627,1.3000038],[103.8865888,1.3000037]]]}},{"type":"Feature","id":"way/430993602-0","properties":{"building":"yes","source":"Mapbox"},"geometry":{"type":"Polygon","coordinates":[[[103.8862033,1.2998871],[103.8862051,1.300028],[103.8862946,1.3000269],[103.886294,1.2999805],[103.8862686,1.2999808],[103.886267,1.2998521],[103.8862922,1.2998518],[103.8862917,1.2998164],[103.8862485,1.299817],[103.8862483,1.2998056],[103.8861899,1.2998064],[103.8861902,1.2998273],[103.886065,1.2998289],[103.8860658,1.2998888],[103.8862033,1.2998871]]]}},{"type":"Feature","id":"way/430993608-0","properties":{"addr:city":"Singapore","addr:housenumber":"1","addr:street":"Fort Road","building":"yes","building:levels":"18"},"geometry":{"type":"Polygon","coordinates":[[[103.885177,1.3004848],[103.8851794,1.3004432],[103.8851728,1.3003938],[103.8851593,1.3001668],[103.8851546,1.3001453],[103.885027,1.3001569],[103.8850187,1.300192],[103.8850243,1.3003018],[103.8850354,1.3003442],[103.8850345,1.3004565],[103.8850481,1.3004904],[103.885177,1.3004848]]]}},{"type":"Feature","id":"way/430993628-0","properties":{"building":"yes","name":"Brighton","source":"Mapbox"},"geometry":{"type":"Polygon","coordinates":[[[103.8857297,1.2997903],[103.8857304,1.2998652],[103.8857916,1.2998647],[103.8857913,1.2998296],[103.8858345,1.2998293],[103.8858341,1.2997877],[103.8857984,1.299788],[103.8857978,1.2997143],[103.8858312,1.299714],[103.8858307,1.2996623],[103.8857895,1.2996627],[103.8857893,1.2996405],[103.8857246,1.299641],[103.8857248,1.2996641],[103.8857114,1.2996643],[103.8857118,1.299718],[103.885665,1.2997184],[103.8856657,1.2997908],[103.8857297,1.2997903]]]}},{"type":"Feature","id":"way/430993647-0","properties":{"building":"yes","source":"Mapbox"},"geometry":{"type":"Polygon","coordinates":[[[103.8863015,1.2988037],[103.8863016,1.2987763],[103.8863539,1.2987765],[103.8863541,1.2987078],[103.8860698,1.2987067],[103.8860695,1.2987786],[103.8861178,1.2987787],[103.8861177,1.2988013],[103.8861669,1.2988015],[103.8861667,1.2988481],[103.8861458,1.298848],[103.8861457,1.2988703],[103.8860954,1.2988701],[103.8860952,1.2989353],[103.8863668,1.2989364],[103.886367,1.2988737],[103.8863401,1.2988736],[103.8863402,1.2988492],[103.8862486,1.2988489],[103.8862487,1.2988234],[103.8862901,1.2988236],[103.8862902,1.2988037],[103.8863015,1.2988037]]]}},{"type":"Feature","id":"way/430993650-0","properties":{"addr:city":"Singapore","addr:housenumber":"1","addr:postcode":"437988","addr:street":"Meyer Place","building":"yes","building:levels":"19"},"geometry":{"type":"Polygon","coordinates":[[[103.8861777,1.2983003],[103.8861746,1.298295],[103.8862085,1.2982924],[103.8862065,1.2982983],[103.8862235,1.2983049],[103.8862283,1.2982927],[103.886235,1.2982951],[103.8862261,1.2983202],[103.8862997,1.2983476],[103.8863228,1.2982866],[103.8862886,1.2982755],[103.8862931,1.2982609],[103.8862747,1.2982487],[103.8862639,1.2982559],[103.8862556,1.2982547],[103.8862527,1.2982631],[103.886239,1.2982583],[103.8862371,1.2982374],[103.8862512,1.2982365],[103.8862497,1.2982223],[103.8862572,1.2982217],[103.8862531,1.2981524],[103.8862209,1.2981549],[103.8862211,1.2981577],[103.8861424,1.2981631],[103.8861423,1.298161],[103.8861109,1.2981634],[103.8861171,1.2982318],[103.8861257,1.2982312],[103.8861266,1.2982449],[103.8861398,1.298244],[103.8861418,1.2982644],[103.8861247,1.2982729],[103.8861197,1.2982622],[103.8861132,1.2982666],[103.8861022,1.2982621],[103.8860747,1.2982869],[103.8860787,1.2982946],[103.8860476,1.298313],[103.8860793,1.2983698],[103.8861476,1.2983311],[103.8861343,1.2983089],[103.8861409,1.2983046],[103.8861479,1.2983169],[103.8861777,1.2983003]]]}},{"type":"Feature","id":"way/430993715-0","properties":{"building":"yes","source":"Mapbox"},"geometry":{"type":"Polygon","coordinates":[[[103.8858461,1.2981354],[103.8857589,1.2981349],[103.8857583,1.2982583],[103.8858454,1.2982587],[103.8858461,1.2981354]]]}},{"type":"Feature","id":"way/430993807-0","properties":{"addr:city":"Singapore","addr:country":"SG","addr:housenumber":"18","addr:postcode":"439107","addr:street":"Fort Road","building":"yes","building:levels":"16","height":"60","name":"Eight@18 Fort","source":"Mapbox","start_date":"2016"},"geometry":{"type":"Polygon","coordinates":[[[103.885669,1.2992881],[103.8858621,1.2992854],[103.8858601,1.2991443],[103.885667,1.299147],[103.885669,1.2992881]]]}},{"type":"Feature","id":"way/430993985-0","properties":{"building":"yes","source":"Mapbox"},"geometry":{"type":"Polygon","coordinates":[[[103.885771,1.2989177],[103.8856637,1.2989173],[103.8856631,1.2990802],[103.8857703,1.2990806],[103.885771,1.2989177]]]}},{"type":"Feature","id":"way/430994240-0","properties":{"addr:city":"Singapore","addr:housenumber":"19","addr:street":"Fort Road","building":"residential","building:levels":"14","residential":"condominium","source":"Kaart Ground Survey 2017"},"geometry":{"type":"Polygon","coordinates":[[[103.8847761,1.2997516],[103.8851302,1.2997289],[103.8851212,1.2995883],[103.8847671,1.299611],[103.8847761,1.2997516]]]}},{"type":"Feature","id":"way/430994258-0","properties":{"building":"yes","source":"Mapbox"},"geometry":{"type":"Polygon","coordinates":[[[103.886055,1.2992675],[103.8862146,1.2992622],[103.8862115,1.2991705],[103.8860519,1.2991758],[103.886055,1.2992675]]]}},{"type":"Feature","id":"way/430994344-0","properties":{"addr:city":"Singapore","addr:country":"SG","addr:housenumber":"8C","addr:street":"Tanjong Rhu Road","building":"residential","building:colour":"#809dbd","building:levels":"18","building:material":"concrete","residential":"condominium","source":"Mapbox"},"geometry":{"type":"Polygon","coordinates":[[[103.8839202,1.2992403],[103.8839187,1.2992081],[103.8839322,1.2992075],[103.88393,1.2991617],[103.8839157,1.2991624],[103.8839143,1.2991329],[103.8837416,1.2991412],[103.8837431,1.2991721],[103.8837278,1.2991728],[103.8837298,1.299215],[103.8837454,1.2992142],[103.8837471,1.2992487],[103.8839202,1.2992403]]]}},{"type":"Feature","id":"way/430994377-0","properties":{"building":"yes","source":"Mapbox"},"geometry":{"type":"Polygon","coordinates":[[[103.8866853,1.2987251],[103.8869093,1.2987218],[103.8869075,1.2986033],[103.8866836,1.2986067],[103.8866853,1.2987251]]]}},{"type":"Feature","id":"way/430994417-0","properties":{"addr:city":"Singapore","addr:housenumber":"14","addr:postcode":"431014","addr:street":"Kampong Arang Road","building":"yes","source":"Mapbox"},"geometry":{"type":"Polygon","coordinates":[[[103.8846468,1.3002319],[103.8846375,1.3000684],[103.8838036,1.3001158],[103.8838129,1.3002792],[103.8846468,1.3002319]]]}},{"type":"Feature","id":"way/430994525-0","properties":{"building":"yes","source":"Mapbox"},"geometry":{"type":"Polygon","coordinates":[[[103.8856382,1.2985994],[103.8857757,1.298602],[103.8857777,1.2985014],[103.8856402,1.2984987],[103.8856382,1.2985994]]]}},{"type":"Feature","id":"way/430994604-0","properties":{"building":"yes","source":"Mapbox"},"geometry":{"type":"Polygon","coordinates":[[[103.8867116,1.3013031],[103.8867219,1.3010645],[103.8866354,1.3010607],[103.8866251,1.3012994],[103.8867116,1.3013031]]]}},{"type":"Feature","id":"way/430994613-0","properties":{"building":"yes","source":"Mapbox"},"geometry":{"type":"Polygon","coordinates":[[[103.8864489,1.298962],[103.8864489,1.2989003],[103.8863933,1.2989003],[103.8863933,1.298962],[103.8864489,1.298962]]]}},{"type":"Feature","id":"way/430994699-0","properties":{"building":"yes","source":"Mapbox"},"geometry":{"type":"Polygon","coordinates":[[[103.8856523,1.2984595],[103.8858208,1.2984597],[103.8858209,1.2983489],[103.8856524,1.2983488],[103.8856523,1.2984595]]]}},{"type":"Feature","id":"way/430994712-0","properties":{"building":"yes","building:levels":"2","source":"Mapbox"},"geometry":{"type":"Polygon","coordinates":[[[103.8869158,1.2991522],[103.8869176,1.2990405],[103.8868151,1.2990389],[103.8868134,1.2991506],[103.8869158,1.2991522]]]}},{"type":"Feature","id":"way/430994896-0","properties":{"building":"yes","source":"Mapbox"},"geometry":{"type":"Polygon","coordinates":[[[103.886739,1.2990006],[103.8865923,1.2990024],[103.8865939,1.2991331],[103.8866184,1.2991328],[103.8866187,1.2991575],[103.8867409,1.299156],[103.886739,1.2990006]]]}},{"type":"Feature","id":"way/430994937-0","properties":{"building":"yes","source":"Mapbox"},"geometry":{"type":"Polygon","coordinates":[[[103.8864723,1.2991742],[103.8864724,1.2990528],[103.8864288,1.2990528],[103.8864288,1.2990391],[103.8862743,1.299039],[103.8862741,1.299174],[103.8864723,1.2991742]]]}},{"type":"Feature","id":"way/430994977-0","properties":{"addr:city":"Singapore","addr:country":"SG","addr:housenumber":"51","addr:postcode":"438178","addr:street":"Kampong Arang Road","amenity":"community_centre","building":"yes","name":"Katong Community Centre","name:ms":"Kelab Masyarakat Katong","name:zh":"\u52a0\u4e1c\u8054\u7edc\u6240","source":"Bing"},"geometry":{"type":"Polygon","coordinates":[[[103.8846449,1.3002814],[103.8846696,1.3007149],[103.8844316,1.3007258],[103.8844408,1.3008596],[103.8849334,1.3008241],[103.8848948,1.3002646],[103.8846449,1.3002814]]]}},{"type":"Feature","id":"way/430995001-0","properties":{"building":"yes","source":"Mapbox"},"geometry":{"type":"Polygon","coordinates":[[[103.8860517,1.298694],[103.886375,1.2986899],[103.8863738,1.298543],[103.8863604,1.2985229],[103.8863362,1.2984961],[103.8863047,1.2984806],[103.8860492,1.2984967],[103.8860517,1.298694]]]}},{"type":"Feature","id":"way/430995038-0","properties":{"addr:city":"Singapore","addr:country":"SG","addr:housename":"De Centurion","addr:housenumber":"6A","addr:street":"Tanjong Rhu Road","building":"residential","building:colour":"#d4c8ba","building:levels":"16","building:material":"concrete","residential":"condominium","source":"Mapbox"},"geometry":{"type":"Polygon","coordinates":[[[103.8844934,1.2989902],[103.8844935,1.2988822],[103.8844559,1.2988822],[103.8844559,1.2988541],[103.8844043,1.2988541],[103.8844043,1.2988821],[103.8843632,1.2988821],[103.8843633,1.2988534],[103.8842809,1.2988534],[103.8842808,1.2989902],[103.8844934,1.2989902]]]}},{"type":"Feature","id":"way/430995052-0","properties":{"building":"yes","source":"Mapbox"},"geometry":{"type":"Polygon","coordinates":[[[103.8858502,1.2987894],[103.8856408,1.2987921],[103.8856421,1.2988875],[103.8857715,1.2988858],[103.8857718,1.2989099],[103.8858956,1.2989083],[103.8858949,1.2988529],[103.885851,1.2988535],[103.8858502,1.2987894]]]}},{"type":"Feature","id":"way/430995072-0","properties":{"building":"yes","source":"Mapbox"},"geometry":{"type":"Polygon","coordinates":[[[103.8857842,1.2987587],[103.8859033,1.2987583],[103.885903,1.2986912],[103.8858467,1.2986914],[103.8858465,1.2986261],[103.8856579,1.2986268],[103.8856583,1.2987412],[103.8857842,1.2987408],[103.8857842,1.2987587]]]}},{"type":"Feature","id":"way/430995081-0","properties":{"building":"yes","source":"Mapbox"},"geometry":{"type":"Polygon","coordinates":[[[103.8860123,1.2990716],[103.8860118,1.299134],[103.8862187,1.2991357],[103.8862194,1.29906],[103.8861574,1.2990595],[103.8861576,1.2990341],[103.8860542,1.2990333],[103.8860539,1.2990719],[103.8860123,1.2990716]]]}},{"type":"Feature","id":"way/430995102-0","properties":{"addr:city":"Singapore","addr:country":"SG","addr:housenumber":"8","addr:street":"Tanjong Rhu Road","building":"yes","building:levels":"2","source":"Mapbox"},"geometry":{"type":"Polygon","coordinates":[[[103.8838498,1.2984209],[103.8838463,1.2982972],[103.8837299,1.2982999],[103.8837322,1.2983595],[103.8836518,1.2983614],[103.8836535,1.2984843],[103.8837829,1.2984823],[103.8837822,1.2984216],[103.8838498,1.2984209]]]}},{"type":"Feature","id":"way/430995113-0","properties":{"addr:city":"Singapore","addr:country":"SG","addr:housename":"Crystal Rhu","addr:housenumber":"8A","addr:street":"Tanjong Rhu Road","building":"residential","building:colour":"#f7f95c","building:levels":"16","building:material":"concrete","source":"Mapbox"},"geometry":{"type":"Polygon","coordinates":[[[103.8837948,1.2988724],[103.8838236,1.2989019],[103.8837599,1.2989783],[103.883784,1.2990051],[103.8838933,1.2990018],[103.8838913,1.2986961],[103.8837974,1.2987021],[103.8837934,1.298741],[103.8837606,1.2987765],[103.8837371,1.2987779],[103.883727,1.2987913],[103.8837264,1.2988067],[103.8837706,1.2988704],[103.8837948,1.2988724]]]}},{"type":"Feature","id":"way/561269242-0","properties":{"building:levels":"19","building:min_level":"18","building:part":"yes"},"geometry":{"type":"Polygon","coordinates":[[[103.8847823,1.2981996],[103.8847324,1.2982039],[103.8847323,1.2982149],[103.8845622,1.298228],[103.8845728,1.2983762],[103.8847089,1.298369],[103.8847051,1.2983133],[103.884789,1.298308],[103.8847823,1.2981996]]]}},{"type":"Feature","id":"way/561269243-0","properties":{"building:levels":"23","building:part":"yes"},"geometry":{"type":"Polygon","coordinates":[[[103.8850251,1.2981834],[103.8847823,1.2981996],[103.884789,1.298308],[103.8850297,1.2982959],[103.8850251,1.2981834]]]}},{"type":"Feature","id":"way/561269244-0","properties":{"building:levels":"23","building:part":"yes"},"geometry":{"type":"Polygon","coordinates":[[[103.8845622,1.298228],[103.8841995,1.2982466],[103.8842024,1.2984019],[103.8842325,1.2983965],[103.884473,1.2983813],[103.8845728,1.2983762],[103.8845622,1.298228]]]}},{"type":"Feature","id":"way/561269245-0","properties":{"addr:city":"Singapore","addr:country":"SG","addr:housename":"The Line @ Tanjong Rhu","addr:housenumber":"6","addr:street":"Tanjong Rhu Road","building":"residential","residential":"condominium"},"geometry":{"type":"Polygon","coordinates":[[[103.8845728,1.2983762],[103.8847089,1.298369],[103.8847051,1.2983133],[103.884789,1.298308],[103.8850297,1.2982959],[103.8850251,1.2981834],[103.8847823,1.2981996],[103.8847324,1.2982039],[103.8847323,1.2982149],[103.8845622,1.298228],[103.8841995,1.2982466],[103.8842024,1.2984019],[103.8842325,1.2983965],[103.8842572,1.2985947],[103.884292,1.2986431],[103.8843374,1.2986666],[103.884385,1.2986704],[103.8844322,1.2986502],[103.8844618,1.29862],[103.8844772,1.2985915],[103.8844835,1.2985546],[103.884473,1.2983813],[103.8845728,1.2983762]]]}},{"type":"Feature","id":"way/561269246-0","properties":{"building:levels":"4","building:part":"yes"},"geometry":{"type":"Polygon","coordinates":[[[103.8842325,1.2983965],[103.8842572,1.2985947],[103.884292,1.2986431],[103.8843374,1.2986666],[103.884385,1.2986704],[103.8844322,1.2986502],[103.8844618,1.29862],[103.8844772,1.2985915],[103.8844835,1.2985546],[103.884473,1.2983813],[103.8842325,1.2983965]]]}},{"type":"Feature","id":"way/561269247-0","properties":{"building:part":"yes"},"geometry":{"type":"Polygon","coordinates":[[[103.8842325,1.2983965],[103.884473,1.2983813],[103.8845728,1.2983762],[103.8847089,1.298369],[103.8847051,1.2983133],[103.884789,1.298308],[103.8850297,1.2982959],[103.8850251,1.2981834],[103.8847823,1.2981996],[103.8847324,1.2982039],[103.8847323,1.2982149],[103.8845622,1.298228],[103.8841995,1.2982466],[103.8842024,1.2984019],[103.8842325,1.2983965]]]}},{"type":"Feature","id":"way/561269251-0","properties":{"addr:city":"Singapore","addr:country":"SG","addr:housename":"Fulcrum","addr:housenumber":"33","addr:street":"Ford Road","building":"residential","building:levels":"24","building:levels:underground":"2","residential":"condominium","source":"Mapbox"},"geometry":{"type":"Polygon","coordinates":[[[103.884933,1.2987969],[103.8849843,1.2988376],[103.8850043,1.2988124],[103.8850381,1.2988392],[103.8850571,1.2988153],[103.885007,1.2987756],[103.8850419,1.2987315],[103.8849873,1.2986882],[103.8849763,1.2987022],[103.8848452,1.2985983],[103.8848332,1.2986134],[103.8848123,1.2985968],[103.8848272,1.298578],[103.8847691,1.298532],[103.8847595,1.2985441],[103.8847304,1.2985211],[103.8846476,1.2986255],[103.8846648,1.2986391],[103.8846582,1.2986474],[103.8847181,1.2986949],[103.884728,1.2986825],[103.8847485,1.2986987],[103.8847413,1.2987078],[103.8848311,1.298779],[103.884852,1.2987526],[103.884873,1.2987693],[103.8848456,1.2988038],[103.8848959,1.2988437],[103.884933,1.2987969]]]}},{"type":"Feature","id":"way/561269257-0","properties":{"addr:city":"Singapore","addr:country":"SG","addr:housename":"The Waterside","addr:housenumber":"5","addr:street":"Tanjong Rhu Road","building":"residential","building:levels":"23","residential":"condominium"},"geometry":{"type":"Polygon","coordinates":[[[103.8838402,1.2974348],[103.8838556,1.2974155],[103.8837835,1.2973577],[103.8837708,1.2973736],[103.8837349,1.2973448],[103.8837178,1.2973662],[103.8837046,1.2973556],[103.8836877,1.2973767],[103.8837057,1.2973911],[103.8836895,1.2974114],[103.8837023,1.2974216],[103.8836884,1.2974389],[103.8837088,1.2974552],[103.8837044,1.2974607],[103.8837191,1.2974724],[103.8837382,1.2974485],[103.8837656,1.2974704],[103.8837586,1.2974791],[103.8837984,1.2975149],[103.8837208,1.2975138],[103.8837208,1.2975399],[103.8837798,1.2975413],[103.8837991,1.2975563],[103.8837431,1.2976203],[103.8837593,1.2976344],[103.8837325,1.2976651],[103.883755,1.2976847],[103.8837399,1.2977021],[103.8837616,1.2977211],[103.8837762,1.2977044],[103.8837881,1.2977148],[103.883802,1.2976988],[103.8838189,1.2977136],[103.8838432,1.2976859],[103.8838296,1.297674],[103.8838434,1.2976582],[103.8838309,1.2976472],[103.8838497,1.2976256],[103.8838608,1.2976352],[103.8838921,1.2975994],[103.8839339,1.2976359],[103.8839233,1.297648],[103.883937,1.2976599],[103.8839173,1.2976825],[103.8839528,1.2977135],[103.8839619,1.2977031],[103.8839779,1.2977171],[103.8839918,1.2977013],[103.8840129,1.2977197],[103.8840309,1.2976992],[103.884016,1.2976862],[103.8840417,1.2976568],[103.8840119,1.2976307],[103.8840318,1.297608],[103.8839754,1.2975587],[103.8839552,1.2975817],[103.8839374,1.2975662],[103.88396,1.2975403],[103.8839964,1.2975419],[103.8839984,1.2975138],[103.8839448,1.2975124],[103.8839807,1.2974768],[103.8839925,1.2974883],[103.8840272,1.2974527],[103.8840511,1.297476],[103.8840825,1.2974438],[103.8840631,1.2974248],[103.8840755,1.2974121],[103.8840662,1.297403],[103.8840845,1.2973843],[103.8840596,1.29736],[103.8840489,1.2973709],[103.8840244,1.297347],[103.8839959,1.2973762],[103.8839746,1.2973554],[103.8839087,1.297423],[103.883926,1.2974398],[103.88391,1.2974562],[103.8838664,1.2974558],[103.8838402,1.2974348]]]}},{"type":"Feature","id":"way/997623892-0","properties":{"addr:housenumber":"5A","building":"yes"},"geometry":{"type":"Polygon","coordinates":[[[103.8835831,1.3015654],[103.8835687,1.3014099],[103.883405,1.301425],[103.8834194,1.3015805],[103.8835831,1.3015654]]]}},{"type":"Feature","id":"way/1188381094-0","properties":{"building":"yes"},"geometry":{"type":"Polygon","coordinates":[[[103.8860859,1.2977167],[103.8860894,1.2977985],[103.8864795,1.2977818],[103.886476,1.2977],[103.8860859,1.2977167]]]}},{"type":"Feature","id":"way/1188381095-0","properties":{"building":"train_station"},"geometry":{"type":"Polygon","coordinates":[[[103.8870934,1.2977772],[103.8870802,1.2974713],[103.8869166,1.2974783],[103.8869213,1.2975878],[103.8868657,1.2975902],[103.8868677,1.2976352],[103.886729,1.2976411],[103.8867355,1.2977925],[103.8870934,1.2977772]]]}},{"type":"Feature","id":"way/1188381096-0","properties":{"building":"train_station"},"geometry":{"type":"Polygon","coordinates":[[[103.8850612,1.2981456],[103.8850719,1.2983959],[103.8851658,1.2983919],[103.8851577,1.2982044],[103.8850922,1.2981442],[103.8850612,1.2981456]]]}},{"type":"Feature","id":"way/1294900607-0","properties":{"building":"yes"},"geometry":{"type":"Polygon","coordinates":[[[103.88562,1.2976113],[103.8856245,1.2977429],[103.8857707,1.2977379],[103.8857661,1.2976063],[103.88562,1.2976113]]]}},{"type":"Feature","id":"way/1395942976-0","properties":{"building":"yes","building:levels":"1","power":"substation"},"geometry":{"type":"Polygon","coordinates":[[[103.8842434,1.299165],[103.8842806,1.2990765],[103.8842265,1.2990537],[103.8841893,1.2991423],[103.8842434,1.299165]]]}},{"type":"Feature","id":"way/1395942977-0","properties":{"building:levels":"19","building:part":"roof","layer":"1","roof:levels":"1","roof:material":"grass","roof:shape":"flat"},"geometry":{"type":"Polygon","coordinates":[[[103.8844028,1.2995596],[103.8844062,1.2995626],[103.8844479,1.2995993],[103.8844661,1.2996154],[103.8844574,1.2996252],[103.8844641,1.2996311],[103.8844347,1.2996645],[103.8844452,1.2996738],[103.8844514,1.2996792],[103.8844808,1.2996458],[103.8844874,1.2996516],[103.8844923,1.2996461],[103.8845298,1.2996792],[103.8845279,1.2996491],[103.8844764,1.2996037],[103.8844664,1.2994492],[103.8844647,1.299423],[103.8844526,1.2994368],[103.8844163,1.2994779],[103.8844122,1.2994743],[103.8843953,1.2994934],[103.8843988,1.2994965],[103.8843995,1.2995061],[103.8844019,1.2995442],[103.8844028,1.2995596]]]}},{"type":"Feature","id":"way/1395942978-0","properties":{"building:levels":"20","building:min_level":"19","building:part":"yes"},"geometry":{"type":"Polygon","coordinates":[[[103.8843654,1.2997292],[103.8843828,1.2997446],[103.8844452,1.2996738],[103.8844347,1.2996645],[103.8844641,1.2996311],[103.8844574,1.2996252],[103.8844661,1.2996154],[103.8844479,1.2995993],[103.8844062,1.2995626],[103.8843898,1.2995812],[103.8843056,1.2996766],[103.8843488,1.2997147],[103.8843654,1.2997292]]]}},{"type":"Feature","id":"way/1395942979-0","properties":{"building:levels":"18","building:part":"roof","layer":"1","roof:levels":"1","roof:material":"grass","roof:shape":"flat"},"geometry":{"type":"Polygon","coordinates":[[[103.8844526,1.2994368],[103.8844163,1.2994779],[103.8844122,1.2994743],[103.8843953,1.2994934],[103.8843453,1.2994494],[103.8843409,1.2994545],[103.8843995,1.2995061],[103.8844019,1.2995442],[103.8842941,1.2996665],[103.8843056,1.2996766],[103.8843898,1.2995812],[103.8844253,1.2996124],[103.8844278,1.2996096],[103.884434,1.2996151],[103.8844479,1.2995993],[103.8844661,1.2996154],[103.8844764,1.2996037],[103.8844664,1.2994492],[103.8844526,1.2994368]]]}},{"type":"Feature","id":"way/1395942980-0","properties":{"building":"yes","description":"Sky Deck on 19th/20th floor","layer":"1"},"geometry":{"type":"Polygon","coordinates":[[[103.8843453,1.2994494],[103.8843409,1.2994545],[103.8843995,1.2995061],[103.8844019,1.2995442],[103.8842941,1.2996665],[103.8843056,1.2996766],[103.8843898,1.2995812],[103.8844253,1.2996124],[103.8844278,1.2996096],[103.884434,1.2996151],[103.8844479,1.2995993],[103.8844661,1.2996154],[103.8844574,1.2996252],[103.8844641,1.2996311],[103.8844347,1.2996645],[103.8844452,1.2996738],[103.8844514,1.2996792],[103.8844808,1.2996458],[103.8844874,1.2996516],[103.8844923,1.2996461],[103.8845298,1.2996792],[103.8845279,1.2996491],[103.8844764,1.2996037],[103.8844664,1.2994492],[103.8844647,1.299423],[103.8844526,1.2994368],[103.8844163,1.2994779],[103.8844122,1.2994743],[103.8843953,1.2994934],[103.8843453,1.2994494]]]}},{"type":"Feature","id":"way/1395942981-0","properties":{"building:levels":"18","building:part":"yes"},"geometry":{"type":"Polygon","coordinates":[[[103.8843488,1.2997147],[103.8843654,1.2997292],[103.8844278,1.2996584],[103.8844347,1.2996645],[103.8844641,1.2996311],[103.8844574,1.2996252],[103.8844661,1.2996154],[103.8844479,1.2995993],[103.884434,1.2996151],[103.8844278,1.2996096],[103.8844253,1.2996124],[103.8843898,1.2995812],[103.8843056,1.2996766],[103.8843488,1.2997147]]]}},{"type":"Feature","id":"way/1395942982-0","properties":{"building:levels":"19","building:part":"yes"},"geometry":{"type":"Polygon","coordinates":[[[103.8844278,1.2996584],[103.8843654,1.2997292],[103.8843828,1.2997446],[103.8844287,1.299785],[103.884435,1.2997778],[103.884445,1.2997865],[103.8844735,1.2997542],[103.8844786,1.2997587],[103.8845229,1.2997084],[103.8845167,1.299703],[103.8845342,1.2996831],[103.8845298,1.2996792],[103.8844923,1.2996461],[103.8844874,1.2996516],[103.8844808,1.2996458],[103.8844514,1.2996792],[103.8844452,1.2996738],[103.8844347,1.2996645],[103.8844278,1.2996584]]]}},{"type":"Feature","id":"way/1395942983-0","properties":{"building:levels":"18","building:part":"yes"},"geometry":{"type":"Polygon","coordinates":[[[103.88442,1.2993899],[103.8844022,1.2993742],[103.8843662,1.299415],[103.8843614,1.2994205],[103.8843667,1.2994252],[103.8843453,1.2994494],[103.8843953,1.2994934],[103.8844122,1.2994743],[103.8844163,1.2994779],[103.8844526,1.2994368],[103.884411,1.2994001],[103.88442,1.2993899]]]}},{"type":"Feature","id":"way/1395942984-0","properties":{"building:levels":"19","building:part":"yes"},"geometry":{"type":"Polygon","coordinates":[[[103.8844236,1.2993499],[103.8844117,1.2993634],[103.8844022,1.2993742],[103.88442,1.2993899],[103.884411,1.2994001],[103.8844526,1.2994368],[103.8844647,1.299423],[103.884515,1.299366],[103.8844612,1.2993186],[103.8844516,1.2993102],[103.8844197,1.2993465],[103.8844236,1.2993499]]]}},{"type":"Feature","id":"way/1395942985-0","properties":{"building:levels":"20","building:part":"yes"},"geometry":{"type":"Polygon","coordinates":[[[103.8844039,1.2993326],[103.8844013,1.2993302],[103.884423,1.2993055],[103.8844161,1.2992994],[103.8844271,1.2992869],[103.8843727,1.299239],[103.8842714,1.2993539],[103.8842987,1.299378],[103.8842934,1.299384],[103.8843134,1.2994017],[103.8843089,1.2994068],[103.8843272,1.299423],[103.8843334,1.299416],[103.8843447,1.2994259],[103.8843595,1.2994091],[103.8843662,1.299415],[103.8844022,1.2993742],[103.8844117,1.2993634],[103.8844236,1.2993499],[103.8844197,1.2993465],[103.8844039,1.2993326]]]}},{"type":"Feature","id":"way/1395942988-0","properties":{"addr:city":"Singapore","addr:housenumber":"6C","addr:postcode":"436885","addr:street":"Tanjong Rhu Road","building":"residential"},"geometry":{"type":"Polygon","coordinates":[[[103.8844526,1.2994368],[103.8844647,1.299423],[103.884515,1.299366],[103.8844612,1.2993186],[103.8844516,1.2993102],[103.8844197,1.2993465],[103.8844039,1.2993326],[103.8844013,1.2993302],[103.884423,1.2993055],[103.8844161,1.2992994],[103.8844271,1.2992869],[103.8843727,1.299239],[103.8842714,1.2993539],[103.8842987,1.299378],[103.8842934,1.299384],[103.8843134,1.2994017],[103.8843089,1.2994068],[103.8843272,1.299423],[103.8843334,1.299416],[103.8843447,1.2994259],[103.8843595,1.2994091],[103.8843662,1.299415],[103.8843614,1.2994205],[103.8843667,1.2994252],[103.8843453,1.2994494],[103.8843953,1.2994934],[103.8844122,1.2994743],[103.8844163,1.2994779],[103.8844526,1.2994368]]]}},{"type":"Feature","id":"way/1395942989-0","properties":{"addr:city":"Singapore","addr:housenumber":"6D","addr:postcode":"436886","addr:street":"Tanjong Rhu Road","building":"residential"},"geometry":{"type":"Polygon","coordinates":[[[103.8844062,1.2995626],[103.8843898,1.2995812],[103.8843056,1.2996766],[103.8843488,1.2997147],[103.8843654,1.2997292],[103.8843828,1.2997446],[103.8844287,1.299785],[103.884435,1.2997778],[103.884445,1.2997865],[103.8844735,1.2997542],[103.8844786,1.2997587],[103.8845229,1.2997084],[103.8845167,1.299703],[103.8845342,1.2996831],[103.8845298,1.2996792],[103.8844923,1.2996461],[103.8844874,1.2996516],[103.8844808,1.2996458],[103.8844514,1.2996792],[103.8844452,1.2996738],[103.8844347,1.2996645],[103.8844641,1.2996311],[103.8844574,1.2996252],[103.8844661,1.2996154],[103.8844479,1.2995993],[103.8844062,1.2995626]]]}},{"type":"Feature","id":"way/1395942990-0","properties":{"access":"private","amenity":"clubhouse","building":"yes","building:levels":"1","description":"Arina East Residences clubhouse"},"geometry":{"type":"Polygon","coordinates":[[[103.8844913,1.2991202],[103.8844008,1.2991275],[103.884405,1.2991795],[103.8844624,1.2992282],[103.8844998,1.2992251],[103.8844913,1.2991202]]]}},{"type":"Feature","id":"way/22698154-0-0-0","properties":{"highway":"primary","lanes":"3","lit":"yes","maxspeed":"60","name":"Mountbatten Road","name:zh":"\u8499\u5df4\u767b\u8def","oneway":"yes","source":"GPS & Yahoo aerial images","surface":"asphalt"},"geometry":{"type":"LineString","coordinates":[[103.8856133,1.3008439],[103.8854758,1.3008541]]}},{"type":"Feature","id":"way/22930501-0-0-0","properties":{"highway":"primary","lanes":"3","lit":"yes","maxspeed":"60","name":"Fort Road","name:en":"Fort Road","name:zh":"\u70ae\u53f0\u8def","oneway":"yes","surface":"asphalt"},"geometry":{"type":"LineString","coordinates":[[103.8856126,1.3009719],[103.8856133,1.3008439]]}},{"type":"Feature","id":"way/22930511-0-0-0","properties":{"highway":"tertiary","lanes":"4","lanes:backward":"1","lanes:forward":"3","maxspeed":"40","name":"Meyer Road","surface":"asphalt"},"geometry":{"type":"LineString","coordinates":[[103.8862213,1.2979286],[103.8860226,1.297932]]}},{"type":"Feature","id":"way/23027321-0-2-0","properties":{"highway":"residential","lanes":"2","lanes:backward":"1","lanes:forward":"1","maxspeed":"50","name":"Fort Road","sidewalk":"right","surface":"asphalt"},"geometry":{"type":"LineString","coordinates":[[103.8871399,1.2992951],[103.8865437,1.2993318]]}},{"type":"Feature","id":"way/23027322-0-0-0","properties":{"highway":"residential","lanes":"2","lanes:backward":"1","lanes:forward":"1","maxspeed":"50","name":"Meyer Road","surface":"asphalt","turn:lanes:backward":"left;right"},"geometry":{"type":"LineString","coordinates":[[103.8859507,1.2993584],[103.8859494,1.2993337]]}},{"type":"Feature","id":"way/23027322-0-1-0","properties":{"highway":"residential","lanes":"2","lanes:backward":"1","lanes:forward":"1","maxspeed":"50","name":"Meyer Road","surface":"asphalt","turn:lanes:backward":"left;right"},"geometry":{"type":"LineString","coordinates":[[103.8859494,1.2993337],[103.8859409,1.2991748]]}},{"type":"Feature","id":"way/23027323-0-0-0","properties":{"highway":"residential","lanes":"2","lanes:backward":"1","lanes:forward":"1","maxspeed":"50","name":"Meyer Place","surface":"asphalt","turn:lanes:forward":"left;right"},"geometry":{"type":"LineString","coordinates":[[103.8864696,1.2983616],[103.8864445,1.2980333]]}},{"type":"Feature","id":"way/23027323-0-1-0","properties":{"highway":"residential","lanes":"2","lanes:backward":"1","lanes:forward":"1","maxspeed":"50","name":"Meyer Place","surface":"asphalt","turn:lanes:forward":"left;right"},"geometry":{"type":"LineString","coordinates":[[103.8864445,1.2980333],[103.8864398,1.2979248]]}},{"type":"Feature","id":"way/23027326-0-0-0","properties":{"highway":"residential","lanes":"2","lanes:backward":"1","lanes:forward":"1","name":"Tanjong Rhu Road","surface":"asphalt"},"geometry":{"type":"LineString","coordinates":[[103.8840907,1.2986779],[103.8841111,1.2992658]]}},{"type":"Feature","id":"way/23027326-0-1-0","properties":{"highway":"residential","lanes":"2","lanes:backward":"1","lanes:forward":"1","name":"Tanjong Rhu Road","surface":"asphalt"},"geometry":{"type":"LineString","coordinates":[[103.8841111,1.2992658],[103.8841106,1.299598]]}},{"type":"Feature","id":"way/23027382-0-0-0","properties":{"highway":"residential","lanes":"1","maxspeed":"40","name":"Jalan Batu","oneway":"yes","sidewalk":"both","surface":"asphalt","turn:lanes":"through"},"geometry":{"type":"LineString","coordinates":[[103.8830183,1.3010949],[103.8829812,1.301128]]}},{"type":"Feature","id":"way/23027382-0-1-0","properties":{"highway":"residential","lanes":"1","maxspeed":"40","name":"Jalan Batu","oneway":"yes","sidewalk":"both","surface":"asphalt","turn:lanes":"through"},"geometry":{"type":"LineString","coordinates":[[103.8829812,1.301128],[103.8829006,1.3012061]]}},{"type":"Feature","id":"way/45065627-0-0-0","properties":{"highway":"primary","lanes":"3","maxspeed":"50","name":"Mountbatten Road","name:zh":"\u8499\u5df4\u767b\u8def","oneway":"yes","source":"Yahoo aerial images","surface":"asphalt"},"geometry":{"type":"LineString","coordinates":[[103.8856126,1.3009719],[103.8856819,1.3009689]]}},{"type":"Feature","id":"way/45065627-0-1-0","properties":{"highway":"primary","lanes":"3","maxspeed":"50","name":"Mountbatten Road","name:zh":"\u8499\u5df4\u767b\u8def","oneway":"yes","source":"Yahoo aerial images","surface":"asphalt"},"geometry":{"type":"LineString","coordinates":[[103.8856819,1.3009689],[103.8860706,1.3009393]]}},{"type":"Feature","id":"way/45065627-0-2-0","properties":{"highway":"primary","lanes":"3","maxspeed":"50","name":"Mountbatten Road","name:zh":"\u8499\u5df4\u767b\u8def","oneway":"yes","source":"Yahoo aerial images","surface":"asphalt"},"geometry":{"type":"LineString","coordinates":[[103.8860706,1.3009393],[103.8867295,1.300887]]}},{"type":"Feature","id":"way/49331936-0-0-0","properties":{"destination":"Nicoll Highway;Guillemard Road","highway":"primary_link","lanes":"2","lit":"yes","maxspeed":"50","oneway":"yes","surface":"asphalt"},"geometry":{"type":"LineString","coordinates":[[103.8854352,1.3004248],[103.8854094,1.3005105]]}},{"type":"Feature","id":"way/49331936-0-1-0","properties":{"destination":"Nicoll Highway;Guillemard Road","highway":"primary_link","lanes":"2","lit":"yes","maxspeed":"50","oneway":"yes","surface":"asphalt"},"geometry":{"type":"LineString","coordinates":[[103.8854094,1.3005105],[103.8853786,1.3005988]]}},{"type":"Feature","id":"way/49331936-0-2-0","properties":{"destination":"Nicoll Highway;Guillemard Road","highway":"primary_link","lanes":"2","lit":"yes","maxspeed":"50","oneway":"yes","surface":"asphalt"},"geometry":{"type":"LineString","coordinates":[[103.8853786,1.3005988],[103.8853571,1.3006503]]}},{"type":"Feature","id":"way/49331936-0-3-0","properties":{"destination":"Nicoll Highway;Guillemard Road","highway":"primary_link","lanes":"2","lit":"yes","maxspeed":"50","oneway":"yes","surface":"asphalt"},"geometry":{"type":"LineString","coordinates":[[103.8853571,1.3006503],[103.8853254,1.3007031]]}},{"type":"Feature","id":"way/49331936-0-4-0","properties":{"destination":"Nicoll Highway;Guillemard Road","highway":"primary_link","lanes":"2","lit":"yes","maxspeed":"50","oneway":"yes","surface":"asphalt"},"geometry":{"type":"LineString","coordinates":[[103.8853254,1.3007031],[103.8853185,1.3007146]]}},{"type":"Feature","id":"way/49331936-0-5-0","properties":{"destination":"Nicoll Highway;Guillemard Road","highway":"primary_link","lanes":"2","lit":"yes","maxspeed":"50","oneway":"yes","surface":"asphalt"},"geometry":{"type":"LineString","coordinates":[[103.8853185,1.3007146],[103.8852653,1.3007781]]}},{"type":"Feature","id":"way/49331936-0-6-0","properties":{"destination":"Nicoll Highway;Guillemard Road","highway":"primary_link","lanes":"2","lit":"yes","maxspeed":"50","oneway":"yes","surface":"asphalt"},"geometry":{"type":"LineString","coordinates":[[103.8852653,1.3007781],[103.8851984,1.3008432]]}},{"type":"Feature","id":"way/49331936-0-7-0","properties":{"destination":"Nicoll Highway;Guillemard Road","highway":"primary_link","lanes":"2","lit":"yes","maxspeed":"50","oneway":"yes","surface":"asphalt"},"geometry":{"type":"LineString","coordinates":[[103.8851984,1.3008432],[103.8850815,1.3009447]]}},{"type":"Feature","id":"way/74607481-0-0-0","properties":{"highway":"primary","lanes":"2","lit":"yes","maxspeed":"60","name":"Fort Road","name:en":"Fort Road","name:zh":"\u70ae\u53f0\u8def","oneway":"yes","surface":"asphalt","turn:lanes":"right|right"},"geometry":{"type":"LineString","coordinates":[[103.8854352,1.3004248],[103.8854655,1.3007853]]}},{"type":"Feature","id":"way/74607481-0-1-0","properties":{"highway":"primary","lanes":"2","lit":"yes","maxspeed":"60","name":"Fort Road","name:en":"Fort Road","name:zh":"\u70ae\u53f0\u8def","oneway":"yes","surface":"asphalt","turn:lanes":"right|right"},"geometry":{"type":"LineString","coordinates":[[103.8854655,1.3007853],[103.8854758,1.3008541]]}},{"type":"Feature","id":"way/75231495-0-0-0","properties":{"highway":"primary","lanes":"4","lit":"yes","maxspeed":"60","name":"Fort Road","name:en":"Fort Road","name:zh":"\u70ae\u53f0\u8def","oneway":"yes","surface":"asphalt"},"geometry":{"type":"LineString","coordinates":[[103.8854261,1.2979383],[103.885426,1.2978725]]}},{"type":"Feature","id":"way/75231495-0-1-0","properties":{"highway":"primary","lanes":"4","lit":"yes","maxspeed":"60","name":"Fort Road","name:en":"Fort Road","name:zh":"\u70ae\u53f0\u8def","oneway":"yes","surface":"asphalt"},"geometry":{"type":"LineString","coordinates":[[103.885426,1.2978725],[103.8854225,1.2977145]]}},{"type":"Feature","id":"way/75231495-0-2-0","properties":{"highway":"primary","lanes":"4","lit":"yes","maxspeed":"60","name":"Fort Road","name:en":"Fort Road","name:zh":"\u70ae\u53f0\u8def","oneway":"yes","surface":"asphalt"},"geometry":{"type":"LineString","coordinates":[[103.8854225,1.2977145],[103.8854214,1.2975425]]}},{"type":"Feature","id":"way/75231497-0-0-0","properties":{"highway":"primary","lanes":"4","lit":"yes","maxspeed":"60","name":"Fort Road","name:en":"Fort Road","name:zh":"\u70ae\u53f0\u8def","oneway":"yes","surface":"asphalt"},"geometry":{"type":"LineString","coordinates":[[103.8852671,1.2980192],[103.8852807,1.2981752]]}},{"type":"Feature","id":"way/75231497-0-1-0","properties":{"highway":"primary","lanes":"4","lit":"yes","maxspeed":"60","name":"Fort Road","name:en":"Fort Road","name:zh":"\u70ae\u53f0\u8def","oneway":"yes","surface":"asphalt"},"geometry":{"type":"LineString","coordinates":[[103.8852807,1.2981752],[103.8852962,1.2983081]]}},{"type":"Feature","id":"way/75231497-0-2-0","properties":{"highway":"primary","lanes":"4","lit":"yes","maxspeed":"60","name":"Fort Road","name:en":"Fort Road","name:zh":"\u70ae\u53f0\u8def","oneway":"yes","surface":"asphalt"},"geometry":{"type":"LineString","coordinates":[[103.8852962,1.2983081],[103.8853092,1.2984991]]}},{"type":"Feature","id":"way/171347319-0-0-0","properties":{"highway":"primary","lanes":"5","lit":"yes","maxspeed":"60","name":"Fort Road","name:en":"Fort Road","name:zh":"\u70ae\u53f0\u8def","oneway":"yes","surface":"asphalt","turn:lanes":"through|through|through|through|right"},"geometry":{"type":"LineString","coordinates":[[103.8852592,1.2975928],[103.8852659,1.2978806]]}},{"type":"Feature","id":"way/171347319-0-1-0","properties":{"highway":"primary","lanes":"5","lit":"yes","maxspeed":"60","name":"Fort Road","name:en":"Fort Road","name:zh":"\u70ae\u53f0\u8def","oneway":"yes","surface":"asphalt","turn:lanes":"through|through|through|through|right"},"geometry":{"type":"LineString","coordinates":[[103.8852659,1.2978806],[103.8852658,1.2979531]]}},{"type":"Feature","id":"way/173767765-0-0-0","properties":{"highway":"primary","lanes":"4","maxheight":"4.5","maxspeed":"60","name":"Mountbatten Road","name:zh":"\u8499\u5df4\u767b\u8def","oneway":"yes","source":"GPS & Yahoo aerial images","surface":"asphalt","turn:lanes":"through|through|through|through"},"geometry":{"type":"LineString","coordinates":[[103.8849146,1.3010581],[103.8848616,1.3011068]]}},{"type":"Feature","id":"way/173767765-0-1-0","properties":{"highway":"primary","lanes":"4","maxheight":"4.5","maxspeed":"60","name":"Mountbatten Road","name:zh":"\u8499\u5df4\u767b\u8def","oneway":"yes","source":"GPS & Yahoo aerial images","surface":"asphalt","turn:lanes":"through|through|through|through"},"geometry":{"type":"LineString","coordinates":[[103.8848616,1.3011068],[103.8848178,1.3011597]]}},{"type":"Feature","id":"way/173767765-0-2-0","properties":{"highway":"primary","lanes":"4","maxheight":"4.5","maxspeed":"60","name":"Mountbatten Road","name:zh":"\u8499\u5df4\u767b\u8def","oneway":"yes","source":"GPS & Yahoo aerial images","surface":"asphalt","turn:lanes":"through|through|through|through"},"geometry":{"type":"LineString","coordinates":[[103.8848178,1.3011597],[103.8847616,1.3012413]]}},{"type":"Feature","id":"way/173767765-0-3-0","properties":{"highway":"primary","lanes":"4","maxheight":"4.5","maxspeed":"60","name":"Mountbatten Road","name:zh":"\u8499\u5df4\u767b\u8def","oneway":"yes","source":"GPS & Yahoo aerial images","surface":"asphalt","turn:lanes":"through|through|through|through"},"geometry":{"type":"LineString","coordinates":[[103.8847616,1.3012413],[103.8847275,1.3013077]]}},{"type":"Feature","id":"way/173767765-0-4-0","properties":{"highway":"primary","lanes":"4","maxheight":"4.5","maxspeed":"60","name":"Mountbatten Road","name:zh":"\u8499\u5df4\u767b\u8def","oneway":"yes","source":"GPS & Yahoo aerial images","surface":"asphalt","turn:lanes":"through|through|through|through"},"geometry":{"type":"LineString","coordinates":[[103.8847275,1.3013077],[103.8847027,1.301365]]}},{"type":"Feature","id":"way/173767765-0-5-0","properties":{"highway":"primary","lanes":"4","maxheight":"4.5","maxspeed":"60","name":"Mountbatten Road","name:zh":"\u8499\u5df4\u767b\u8def","oneway":"yes","source":"GPS & Yahoo aerial images","surface":"asphalt","turn:lanes":"through|through|through|through"},"geometry":{"type":"LineString","coordinates":[[103.8847027,1.301365],[103.8846742,1.3014709]]}},{"type":"Feature","id":"way/173767770-0-1-0","properties":{"highway":"primary","lanes":"2","maxspeed":"60","name":"Mountbatten Road","name:zh":"\u8499\u5df4\u767b\u8def","oneway":"yes","source":"GPS & Yahoo aerial images","surface":"asphalt"},"geometry":{"type":"LineString","coordinates":[[103.8847797,1.3016313],[103.8848197,1.3014742]]}},{"type":"Feature","id":"way/173767770-0-2-0","properties":{"highway":"primary","lanes":"2","maxspeed":"60","name":"Mountbatten Road","name:zh":"\u8499\u5df4\u767b\u8def","oneway":"yes","source":"GPS & Yahoo aerial images","surface":"asphalt"},"geometry":{"type":"LineString","coordinates":[[103.8848197,1.3014742],[103.8848486,1.3013974]]}},{"type":"Feature","id":"way/173767770-0-3-0","properties":{"highway":"primary","lanes":"2","maxspeed":"60","name":"Mountbatten Road","name:zh":"\u8499\u5df4\u767b\u8def","oneway":"yes","source":"GPS & Yahoo aerial images","surface":"asphalt"},"geometry":{"type":"LineString","coordinates":[[103.8848486,1.3013974],[103.8848853,1.3013283]]}},{"type":"Feature","id":"way/173767770-0-4-0","properties":{"highway":"primary","lanes":"2","maxspeed":"60","name":"Mountbatten Road","name:zh":"\u8499\u5df4\u767b\u8def","oneway":"yes","source":"GPS & Yahoo aerial images","surface":"asphalt"},"geometry":{"type":"LineString","coordinates":[[103.8848853,1.3013283],[103.8849334,1.3012607]]}},{"type":"Feature","id":"way/173767770-0-5-0","properties":{"highway":"primary","lanes":"2","maxspeed":"60","name":"Mountbatten Road","name:zh":"\u8499\u5df4\u767b\u8def","oneway":"yes","source":"GPS & Yahoo aerial images","surface":"asphalt"},"geometry":{"type":"LineString","coordinates":[[103.8849334,1.3012607],[103.8849853,1.3011948]]}},{"type":"Feature","id":"way/173767770-0-6-0","properties":{"highway":"primary","lanes":"2","maxspeed":"60","name":"Mountbatten Road","name:zh":"\u8499\u5df4\u767b\u8def","oneway":"yes","source":"GPS & Yahoo aerial images","surface":"asphalt"},"geometry":{"type":"LineString","coordinates":[[103.8849853,1.3011948],[103.885048,1.3011392]]}},{"type":"Feature","id":"way/173767770-0-7-0","properties":{"highway":"primary","lanes":"2","maxspeed":"60","name":"Mountbatten Road","name:zh":"\u8499\u5df4\u767b\u8def","oneway":"yes","source":"GPS & Yahoo aerial images","surface":"asphalt"},"geometry":{"type":"LineString","coordinates":[[103.885048,1.3011392],[103.8851478,1.3010734]]}},{"type":"Feature","id":"way/238685145-0-0-0","properties":{"destination":"Fort Road","highway":"primary_link","lanes":"1","lit":"yes","maxspeed":"50","name:zh":"\u70ae\u53f0\u8def","oneway":"yes","surface":"asphalt","turn:lanes":"left"},"geometry":{"type":"LineString","coordinates":[[103.8859499,1.3008199],[103.8858169,1.3007415]]}},{"type":"Feature","id":"way/238685145-0-1-0","properties":{"destination":"Fort Road","highway":"primary_link","lanes":"1","lit":"yes","maxspeed":"50","name:zh":"\u70ae\u53f0\u8def","oneway":"yes","surface":"asphalt","turn:lanes":"left"},"geometry":{"type":"LineString","coordinates":[[103.8858169,1.3007415],[103.8857386,1.3007017]]}},{"type":"Feature","id":"way/238685145-0-2-0","properties":{"destination":"Fort Road","highway":"primary_link","lanes":"1","lit":"yes","maxspeed":"50","name:zh":"\u70ae\u53f0\u8def","oneway":"yes","surface":"asphalt","turn:lanes":"left"},"geometry":{"type":"LineString","coordinates":[[103.8857386,1.3007017],[103.8856506,1.300586]]}},{"type":"Feature","id":"way/238685145-0-3-0","properties":{"destination":"Fort Road","highway":"primary_link","lanes":"1","lit":"yes","maxspeed":"50","name:zh":"\u70ae\u53f0\u8def","oneway":"yes","surface":"asphalt","turn:lanes":"left"},"geometry":{"type":"LineString","coordinates":[[103.8856506,1.300586],[103.8855869,1.3004355]]}},{"type":"Feature","id":"way/430993476-0-0-0","properties":{"check_date:surface":"2026-02-10","highway":"residential","lanes":"1","maxspeed":"40","name":"Kampong Arang Road","oneway":"yes","surface":"asphalt"},"geometry":{"type":"LineString","coordinates":[[103.8849146,1.3010581],[103.8848197,1.3010854]]}},{"type":"Feature","id":"way/430993476-0-1-0","properties":{"check_date:surface":"2026-02-10","highway":"residential","lanes":"1","maxspeed":"40","name":"Kampong Arang Road","oneway":"yes","surface":"asphalt"},"geometry":{"type":"LineString","coordinates":[[103.8848197,1.3010854],[103.8847661,1.3010941]]}},{"type":"Feature","id":"way/430993476-0-2-0","properties":{"check_date:surface":"2026-02-10","highway":"residential","lanes":"1","maxspeed":"40","name":"Kampong Arang Road","oneway":"yes","surface":"asphalt"},"geometry":{"type":"LineString","coordinates":[[103.8847661,1.3010941],[103.8847118,1.3010868]]}},{"type":"Feature","id":"way/430993476-0-3-0","properties":{"check_date:surface":"2026-02-10","highway":"residential","lanes":"1","maxspeed":"40","name":"Kampong Arang Road","oneway":"yes","surface":"asphalt"},"geometry":{"type":"LineString","coordinates":[[103.8847118,1.3010868],[103.884583,1.3010586]]}},{"type":"Feature","id":"way/430993476-0-4-0","properties":{"check_date:surface":"2026-02-10","highway":"residential","lanes":"1","maxspeed":"40","name":"Kampong Arang Road","oneway":"yes","surface":"asphalt"},"geometry":{"type":"LineString","coordinates":[[103.884583,1.3010586],[103.8844711,1.3010398]]}},{"type":"Feature","id":"way/430993477-0-0-0","properties":{"check_date:surface":"2026-02-10","highway":"residential","lanes":"1","maxspeed":"40","name":"Kampong Arang Road","oneway":"yes","surface":"asphalt","turn:lanes":"left"},"geometry":{"type":"LineString","coordinates":[[103.8844795,1.3011212],[103.8845207,1.3011505]]}},{"type":"Feature","id":"way/430993477-0-1-0","properties":{"check_date:surface":"2026-02-10","highway":"residential","lanes":"1","maxspeed":"40","name":"Kampong Arang Road","oneway":"yes","surface":"asphalt","turn:lanes":"left"},"geometry":{"type":"LineString","coordinates":[[103.8845207,1.3011505],[103.8845542,1.3011819]]}},{"type":"Feature","id":"way/430993477-0-2-0","properties":{"check_date:surface":"2026-02-10","highway":"residential","lanes":"1","maxspeed":"40","name":"Kampong Arang Road","oneway":"yes","surface":"asphalt","turn:lanes":"left"},"geometry":{"type":"LineString","coordinates":[[103.8845542,1.3011819],[103.8846159,1.3012664]]}},{"type":"Feature","id":"way/430993477-0-3-0","properties":{"check_date:surface":"2026-02-10","highway":"residential","lanes":"1","maxspeed":"40","name":"Kampong Arang Road","oneway":"yes","surface":"asphalt","turn:lanes":"left"},"geometry":{"type":"LineString","coordinates":[[103.8846159,1.3012664],[103.8846494,1.3013348]]}},{"type":"Feature","id":"way/430993477-0-4-0","properties":{"check_date:surface":"2026-02-10","highway":"residential","lanes":"1","maxspeed":"40","name":"Kampong Arang Road","oneway":"yes","surface":"asphalt","turn:lanes":"left"},"geometry":{"type":"LineString","coordinates":[[103.8846494,1.3013348],[103.8846742,1.3014709]]}},{"type":"Feature","id":"way/465437227-0-0-0","properties":{"highway":"service","lanes":"2","lanes:backward":"1","lanes:forward":"1","service":"parking_aisle","sidewalk":"both","surface":"asphalt"},"geometry":{"type":"LineString","coordinates":[[103.8842951,1.3010311],[103.8842919,1.3009718]]}},{"type":"Feature","id":"way/465437227-0-1-0","properties":{"highway":"service","lanes":"2","lanes:backward":"1","lanes:forward":"1","service":"parking_aisle","sidewalk":"both","surface":"asphalt"},"geometry":{"type":"LineString","coordinates":[[103.8842919,1.3009718],[103.884284,1.300825]]}},{"type":"Feature","id":"way/465437228-0-0-0","properties":{"highway":"service","lanes":"2","lanes:backward":"1","lanes:forward":"1","service":"parking_aisle","sidewalk":"right"},"geometry":{"type":"LineString","coordinates":[[103.8831723,1.3013023],[103.883163,1.3014213]]}},{"type":"Feature","id":"way/465437228-0-1-0","properties":{"highway":"service","lanes":"2","lanes:backward":"1","lanes:forward":"1","service":"parking_aisle","sidewalk":"right"},"geometry":{"type":"LineString","coordinates":[[103.883163,1.3014213],[103.8831604,1.3014521]]}},{"type":"Feature","id":"way/465437228-0-2-0","properties":{"highway":"service","lanes":"2","lanes:backward":"1","lanes:forward":"1","service":"parking_aisle","sidewalk":"right"},"geometry":{"type":"LineString","coordinates":[[103.8831604,1.3014521],[103.8831498,1.3014811]]}},{"type":"Feature","id":"way/465437229-0-0-0","properties":{"highway":"service","lanes":"2","lanes:backward":"1","lanes:forward":"1","service":"driveway"},"geometry":{"type":"LineString","coordinates":[[103.8835289,1.2988839],[103.8834749,1.2990647]]}},{"type":"Feature","id":"way/465437229-0-1-0","properties":{"highway":"service","lanes":"2","lanes:backward":"1","lanes:forward":"1","service":"driveway"},"geometry":{"type":"LineString","coordinates":[[103.8834749,1.2990647],[103.8834636,1.2990974]]}},{"type":"Feature","id":"way/465437229-0-2-0","properties":{"highway":"service","lanes":"2","lanes:backward":"1","lanes:forward":"1","service":"driveway"},"geometry":{"type":"LineString","coordinates":[[103.8834636,1.2990974],[103.8834622,1.2991169]]}},{"type":"Feature","id":"way/465437229-0-3-0","properties":{"highway":"service","lanes":"2","lanes:backward":"1","lanes:forward":"1","service":"driveway"},"geometry":{"type":"LineString","coordinates":[[103.8834622,1.2991169],[103.8834686,1.2991343]]}},{"type":"Feature","id":"way/465437229-0-4-0","properties":{"highway":"service","lanes":"2","lanes:backward":"1","lanes:forward":"1","service":"driveway"},"geometry":{"type":"LineString","coordinates":[[103.8834686,1.2991343],[103.8834988,1.2991544]]}},{"type":"Feature","id":"way/465437229-0-5-0","properties":{"highway":"service","lanes":"2","lanes:backward":"1","lanes:forward":"1","service":"driveway"},"geometry":{"type":"LineString","coordinates":[[103.8834988,1.2991544],[103.8835333,1.2991708]]}},{"type":"Feature","id":"way/465437229-0-6-0","properties":{"highway":"service","lanes":"2","lanes:backward":"1","lanes:forward":"1","service":"driveway"},"geometry":{"type":"LineString","coordinates":[[103.8835333,1.2991708],[103.8835554,1.2991929]]}},{"type":"Feature","id":"way/465437229-0-7-0","properties":{"highway":"service","lanes":"2","lanes:backward":"1","lanes:forward":"1","service":"driveway"},"geometry":{"type":"LineString","coordinates":[[103.8835554,1.2991929],[103.8835594,1.2992211]]}},{"type":"Feature","id":"way/465437229-0-8-0","properties":{"highway":"service","lanes":"2","lanes:backward":"1","lanes:forward":"1","service":"driveway"},"geometry":{"type":"LineString","coordinates":[[103.8835594,1.2992211],[103.8835561,1.2992456]]}},{"type":"Feature","id":"way/465437229-0-9-0","properties":{"highway":"service","lanes":"2","lanes:backward":"1","lanes:forward":"1","service":"driveway"},"geometry":{"type":"LineString","coordinates":[[103.8835561,1.2992456],[103.8835501,1.299265]]}},{"type":"Feature","id":"way/465437229-0-10-0","properties":{"highway":"service","lanes":"2","lanes:backward":"1","lanes:forward":"1","service":"driveway"},"geometry":{"type":"LineString","coordinates":[[103.8835501,1.299265],[103.8835256,1.299388]]}},{"type":"Feature","id":"way/465437229-0-11-0","properties":{"highway":"service","lanes":"2","lanes:backward":"1","lanes:forward":"1","service":"driveway"},"geometry":{"type":"LineString","coordinates":[[103.8835256,1.299388],[103.8835068,1.2994725]]}},{"type":"Feature","id":"way/465437229-0-12-0","properties":{"highway":"service","lanes":"2","lanes:backward":"1","lanes:forward":"1","service":"driveway"},"geometry":{"type":"LineString","coordinates":[[103.8835068,1.2994725],[103.8835081,1.2995261]]}},{"type":"Feature","id":"way/465437229-0-13-0","properties":{"highway":"service","lanes":"2","lanes:backward":"1","lanes:forward":"1","service":"driveway"},"geometry":{"type":"LineString","coordinates":[[103.8835081,1.2995261],[103.8835162,1.2995543]]}},{"type":"Feature","id":"way/465437229-0-14-0","properties":{"highway":"service","lanes":"2","lanes:backward":"1","lanes:forward":"1","service":"driveway"},"geometry":{"type":"LineString","coordinates":[[103.8835162,1.2995543],[103.883543,1.2995972]]}},{"type":"Feature","id":"way/465437229-0-15-0","properties":{"highway":"service","lanes":"2","lanes:backward":"1","lanes:forward":"1","service":"driveway"},"geometry":{"type":"LineString","coordinates":[[103.883543,1.2995972],[103.8835779,1.2996682]]}},{"type":"Feature","id":"way/465437229-0-16-0","properties":{"highway":"service","lanes":"2","lanes:backward":"1","lanes:forward":"1","service":"driveway"},"geometry":{"type":"LineString","coordinates":[[103.8835779,1.2996682],[103.8835707,1.2997796]]}},{"type":"Feature","id":"way/465437230-0-0-0","properties":{"highway":"service","lanes":"1","oneway":"yes","service":"driveway","turn:lanes":"through"},"geometry":{"type":"LineString","coordinates":[[103.8826978,1.2985209],[103.882708,1.2985549]]}},{"type":"Feature","id":"way/465437230-0-1-0","properties":{"highway":"service","lanes":"1","oneway":"yes","service":"driveway","turn:lanes":"through"},"geometry":{"type":"LineString","coordinates":[[103.882708,1.2985549],[103.8827286,1.2985766]]}},{"type":"Feature","id":"way/465437230-0-2-0","properties":{"highway":"service","lanes":"1","oneway":"yes","service":"driveway","turn:lanes":"through"},"geometry":{"type":"LineString","coordinates":[[103.8827286,1.2985766],[103.8827768,1.2985962]]}},{"type":"Feature","id":"way/465437230-0-3-0","properties":{"highway":"service","lanes":"1","oneway":"yes","service":"driveway","turn:lanes":"through"},"geometry":{"type":"LineString","coordinates":[[103.8827768,1.2985962],[103.8828175,1.2985903]]}},{"type":"Feature","id":"way/465437230-0-4-0","properties":{"highway":"service","lanes":"1","oneway":"yes","service":"driveway","turn:lanes":"through"},"geometry":{"type":"LineString","coordinates":[[103.8828175,1.2985903],[103.8828538,1.2985772]]}},{"type":"Feature","id":"way/465437230-0-5-0","properties":{"highway":"service","lanes":"1","oneway":"yes","service":"driveway","turn:lanes":"through"},"geometry":{"type":"LineString","coordinates":[[103.8828538,1.2985772],[103.8828807,1.2985519]]}},{"type":"Feature","id":"way/465523662-0-0-0","properties":{"highway":"service","lanes":"1","oneway":"yes","service":"driveway","turn:lanes":"left"},"geometry":{"type":"LineString","coordinates":[[103.8829256,1.2983279],[103.8829341,1.2981606]]}},{"type":"Feature","id":"way/465523662-0-1-0","properties":{"highway":"service","lanes":"1","oneway":"yes","service":"driveway","turn:lanes":"left"},"geometry":{"type":"LineString","coordinates":[[103.8829341,1.2981606],[103.8829381,1.2981026]]}},{"type":"Feature","id":"way/474467368-0-0-0","properties":{"highway":"primary","lanes":"4","lit":"yes","maxspeed":"50","name":"Fort Road","name:en":"Fort Road","name:zh":"\u70ae\u53f0\u8def","oneway":"yes","surface":"asphalt","turn:lanes":"through|through|through|right"},"geometry":{"type":"LineString","coordinates":[[103.8853369,1.3016779],[103.8854385,1.3015207]]}},{"type":"Feature","id":"way/474467369-0-0-0","properties":{"highway":"primary","lanes":"3","lit":"yes","maxspeed":"50","name":"Fort Road","name:en":"Fort Road","name:zh":"\u70ae\u53f0\u8def","oneway":"yes","surface":"asphalt","turn:lanes":"through|through|through"},"geometry":{"type":"LineString","coordinates":[[103.8854385,1.3015207],[103.885501,1.3014477]]}},{"type":"Feature","id":"way/474467369-0-1-0","properties":{"highway":"primary","lanes":"3","lit":"yes","maxspeed":"50","name":"Fort Road","name:en":"Fort Road","name:zh":"\u70ae\u53f0\u8def","oneway":"yes","surface":"asphalt","turn:lanes":"through|through|through"},"geometry":{"type":"LineString","coordinates":[[103.885501,1.3014477],[103.8855405,1.3013925]]}},{"type":"Feature","id":"way/474467369-0-2-0","properties":{"highway":"primary","lanes":"3","lit":"yes","maxspeed":"50","name":"Fort Road","name:en":"Fort Road","name:zh":"\u70ae\u53f0\u8def","oneway":"yes","surface":"asphalt","turn:lanes":"through|through|through"},"geometry":{"type":"LineString","coordinates":[[103.8855405,1.3013925],[103.8855589,1.3013449]]}},{"type":"Feature","id":"way/474467369-0-3-0","properties":{"highway":"primary","lanes":"3","lit":"yes","maxspeed":"50","name":"Fort Road","name:en":"Fort Road","name:zh":"\u70ae\u53f0\u8def","oneway":"yes","surface":"asphalt","turn:lanes":"through|through|through"},"geometry":{"type":"LineString","coordinates":[[103.8855589,1.3013449],[103.8855779,1.301285]]}},{"type":"Feature","id":"way/474467369-0-4-0","properties":{"highway":"primary","lanes":"3","lit":"yes","maxspeed":"50","name":"Fort Road","name:en":"Fort Road","name:zh":"\u70ae\u53f0\u8def","oneway":"yes","surface":"asphalt","turn:lanes":"through|through|through"},"geometry":{"type":"LineString","coordinates":[[103.8855779,1.301285],[103.8855929,1.3012156]]}},{"type":"Feature","id":"way/474467369-0-5-0","properties":{"highway":"primary","lanes":"3","lit":"yes","maxspeed":"50","name":"Fort Road","name:en":"Fort Road","name:zh":"\u70ae\u53f0\u8def","oneway":"yes","surface":"asphalt","turn:lanes":"through|through|through"},"geometry":{"type":"LineString","coordinates":[[103.8855929,1.3012156],[103.8856065,1.3011284]]}},{"type":"Feature","id":"way/474467369-0-6-0","properties":{"highway":"primary","lanes":"3","lit":"yes","maxspeed":"50","name":"Fort Road","name:en":"Fort Road","name:zh":"\u70ae\u53f0\u8def","oneway":"yes","surface":"asphalt","turn:lanes":"through|through|through"},"geometry":{"type":"LineString","coordinates":[[103.8856065,1.3011284],[103.885612,1.3010556]]}},{"type":"Feature","id":"way/474467369-0-7-0","properties":{"highway":"primary","lanes":"3","lit":"yes","maxspeed":"50","name":"Fort Road","name:en":"Fort Road","name:zh":"\u70ae\u53f0\u8def","oneway":"yes","surface":"asphalt","turn:lanes":"through|through|through"},"geometry":{"type":"LineString","coordinates":[[103.885612,1.3010556],[103.8856126,1.3009719]]}},{"type":"Feature","id":"way/474467371-0-0-0","properties":{"highway":"primary","lanes":"3","lit":"yes","maxspeed":"60","name":"Mountbatten Road","name:zh":"\u8499\u5df4\u767b\u8def","oneway":"yes","source":"GPS & Yahoo aerial images","surface":"asphalt","turn:lanes":"through|through|through"},"geometry":{"type":"LineString","coordinates":[[103.8851478,1.3010734],[103.8852069,1.3010409]]}},{"type":"Feature","id":"way/474467371-0-1-0","properties":{"highway":"primary","lanes":"3","lit":"yes","maxspeed":"60","name":"Mountbatten Road","name:zh":"\u8499\u5df4\u767b\u8def","oneway":"yes","source":"GPS & Yahoo aerial images","surface":"asphalt","turn:lanes":"through|through|through"},"geometry":{"type":"LineString","coordinates":[[103.8852069,1.3010409],[103.8852517,1.3010257]]}},{"type":"Feature","id":"way/474467371-0-2-0","properties":{"highway":"primary","lanes":"3","lit":"yes","maxspeed":"60","name":"Mountbatten Road","name:zh":"\u8499\u5df4\u767b\u8def","oneway":"yes","source":"GPS & Yahoo aerial images","surface":"asphalt","turn:lanes":"through|through|through"},"geometry":{"type":"LineString","coordinates":[[103.8852517,1.3010257],[103.8852987,1.3010117]]}},{"type":"Feature","id":"way/474467371-0-3-0","properties":{"highway":"primary","lanes":"3","lit":"yes","maxspeed":"60","name":"Mountbatten Road","name:zh":"\u8499\u5df4\u767b\u8def","oneway":"yes","source":"GPS & Yahoo aerial images","surface":"asphalt","turn:lanes":"through|through|through"},"geometry":{"type":"LineString","coordinates":[[103.8852987,1.3010117],[103.8853468,1.3010025]]}},{"type":"Feature","id":"way/474467371-0-4-0","properties":{"highway":"primary","lanes":"3","lit":"yes","maxspeed":"60","name":"Mountbatten Road","name:zh":"\u8499\u5df4\u767b\u8def","oneway":"yes","source":"GPS & Yahoo aerial images","surface":"asphalt","turn:lanes":"through|through|through"},"geometry":{"type":"LineString","coordinates":[[103.8853468,1.3010025],[103.885483,1.3009803]]}},{"type":"Feature","id":"way/474470207-0-0-0","properties":{"highway":"primary","lanes":"3","lit":"yes","maxspeed":"60","name":"Fort Road","name:en":"Fort Road","name:zh":"\u70ae\u53f0\u8def","oneway":"yes","surface":"asphalt","turn:lanes":"left;through|through|through"},"geometry":{"type":"LineString","coordinates":[[103.8855869,1.3004355],[103.8855292,1.2993867]]}},{"type":"Feature","id":"way/474470209-0-0-0","properties":{"highway":"primary","lanes":"4","lit":"yes","maxspeed":"60","name":"Fort Road","name:en":"Fort Road","name:zh":"\u70ae\u53f0\u8def","oneway":"yes","surface":"asphalt","turn:lanes":"left;through|through|through|right"},"geometry":{"type":"LineString","coordinates":[[103.8854786,1.2987638],[103.8854453,1.2983337]]}},{"type":"Feature","id":"way/474470209-0-1-0","properties":{"highway":"primary","lanes":"4","lit":"yes","maxspeed":"60","name":"Fort Road","name:en":"Fort Road","name:zh":"\u70ae\u53f0\u8def","oneway":"yes","surface":"asphalt","turn:lanes":"left;through|through|through|right"},"geometry":{"type":"LineString","coordinates":[[103.8854453,1.2983337],[103.8854327,1.2981509]]}},{"type":"Feature","id":"way/474470209-0-2-0","properties":{"highway":"primary","lanes":"4","lit":"yes","maxspeed":"60","name":"Fort Road","name:en":"Fort Road","name:zh":"\u70ae\u53f0\u8def","oneway":"yes","surface":"asphalt","turn:lanes":"left;through|through|through|right"},"geometry":{"type":"LineString","coordinates":[[103.8854327,1.2981509],[103.8854282,1.2980118]]}},{"type":"Feature","id":"way/474470210-0-0-0","properties":{"highway":"primary","lanes":"4","lit":"yes","maxspeed":"60","name":"Fort Road","name:en":"Fort Road","name:zh":"\u70ae\u53f0\u8def","oneway":"yes","surface":"asphalt","turn:lanes":"through|through|through|through;right"},"geometry":{"type":"LineString","coordinates":[[103.8854943,1.2990836],[103.8854786,1.2987638]]}},{"type":"Feature","id":"way/474492319-0-0-0","properties":{"foot":"no","highway":"primary","lanes":"2","lanes:backward":"1","lanes:forward":"1","lit":"yes","maxspeed":"60","name":"Fort Road","name:en":"Fort Road","name:zh":"\u70ae\u53f0\u8def","surface":"asphalt"},"geometry":{"type":"LineString","coordinates":[[103.8854758,1.3008541],[103.885483,1.3009803]]}},{"type":"Feature","id":"way/474492320-0-0-0","properties":{"highway":"primary","lanes":"3","lit":"yes","maxspeed":"60","name":"Mountbatten Road","name:zh":"\u8499\u5df4\u767b\u8def","oneway":"yes","source":"GPS & Yahoo aerial images","surface":"asphalt"},"geometry":{"type":"LineString","coordinates":[[103.8854758,1.3008541],[103.8853083,1.300878]]}},{"type":"Feature","id":"way/474492320-0-1-0","properties":{"highway":"primary","lanes":"3","lit":"yes","maxspeed":"60","name":"Mountbatten Road","name:zh":"\u8499\u5df4\u767b\u8def","oneway":"yes","source":"GPS & Yahoo aerial images","surface":"asphalt"},"geometry":{"type":"LineString","coordinates":[[103.8853083,1.300878],[103.8852409,1.3008916]]}},{"type":"Feature","id":"way/474492320-0-2-0","properties":{"highway":"primary","lanes":"3","lit":"yes","maxspeed":"60","name":"Mountbatten Road","name:zh":"\u8499\u5df4\u767b\u8def","oneway":"yes","source":"GPS & Yahoo aerial images","surface":"asphalt"},"geometry":{"type":"LineString","coordinates":[[103.8852409,1.3008916],[103.8851735,1.300912]]}},{"type":"Feature","id":"way/474492320-0-3-0","properties":{"highway":"primary","lanes":"3","lit":"yes","maxspeed":"60","name":"Mountbatten Road","name:zh":"\u8499\u5df4\u767b\u8def","oneway":"yes","source":"GPS & Yahoo aerial images","surface":"asphalt"},"geometry":{"type":"LineString","coordinates":[[103.8851735,1.300912],[103.8850815,1.3009447]]}},{"type":"Feature","id":"way/474492321-0-0-0","properties":{"highway":"primary","lanes":"4","lit":"yes","maxspeed":"60","name":"Fort Road","name:en":"Fort Road","name:zh":"\u70ae\u53f0\u8def","oneway":"yes","surface":"asphalt","turn:lanes":"left|left|right|right"},"geometry":{"type":"LineString","coordinates":[[103.8854168,1.3000017],[103.8854352,1.3004248]]}},{"type":"Feature","id":"way/476753595-0-0-0","properties":{"highway":"residential","lanes":"2","lanes:backward":"1","lanes:forward":"1","maxspeed":"50","name":"Meyer Place","surface":"asphalt"},"geometry":{"type":"LineString","coordinates":[[103.8864696,1.2983616],[103.8865346,1.2992134]]}},{"type":"Feature","id":"way/476755520-0-0-0","properties":{"highway":"tertiary","lanes":"1","maxspeed":"40","name":"Meyer Road","oneway":"yes","surface":"asphalt"},"geometry":{"type":"LineString","coordinates":[[103.8854282,1.2980118],[103.8855267,1.2980085]]}},{"type":"Feature","id":"way/476755520-0-1-0","properties":{"highway":"tertiary","lanes":"1","maxspeed":"40","name":"Meyer Road","oneway":"yes","surface":"asphalt"},"geometry":{"type":"LineString","coordinates":[[103.8855267,1.2980085],[103.8856326,1.2980004]]}},{"type":"Feature","id":"way/476755520-0-2-0","properties":{"highway":"tertiary","lanes":"1","maxspeed":"40","name":"Meyer Road","oneway":"yes","surface":"asphalt"},"geometry":{"type":"LineString","coordinates":[[103.8856326,1.2980004],[103.8858662,1.2979869]]}},{"type":"Feature","id":"way/476755525-0-0-0","properties":{"highway":"primary","lanes":"4","lit":"yes","maxspeed":"60","name":"Fort Road","name:en":"Fort Road","name:zh":"\u70ae\u53f0\u8def","oneway":"yes","surface":"asphalt","turn:lanes":"through|through|through|through"},"geometry":{"type":"LineString","coordinates":[[103.8853289,1.2987722],[103.8853517,1.299033]]}},{"type":"Feature","id":"way/476755525-0-1-0","properties":{"highway":"primary","lanes":"4","lit":"yes","maxspeed":"60","name":"Fort Road","name:en":"Fort Road","name:zh":"\u70ae\u53f0\u8def","oneway":"yes","surface":"asphalt","turn:lanes":"through|through|through|through"},"geometry":{"type":"LineString","coordinates":[[103.8853517,1.299033],[103.8853881,1.2993869]]}},{"type":"Feature","id":"way/476755525-0-2-0","properties":{"highway":"primary","lanes":"4","lit":"yes","maxspeed":"60","name":"Fort Road","name:en":"Fort Road","name:zh":"\u70ae\u53f0\u8def","oneway":"yes","surface":"asphalt","turn:lanes":"through|through|through|through"},"geometry":{"type":"LineString","coordinates":[[103.8853881,1.2993869],[103.8853942,1.299518]]}},{"type":"Feature","id":"way/476755525-0-3-0","properties":{"highway":"primary","lanes":"4","lit":"yes","maxspeed":"60","name":"Fort Road","name:en":"Fort Road","name:zh":"\u70ae\u53f0\u8def","oneway":"yes","surface":"asphalt","turn:lanes":"through|through|through|through"},"geometry":{"type":"LineString","coordinates":[[103.8853942,1.299518],[103.8854168,1.3000017]]}},{"type":"Feature","id":"way/527954643-0-0-0","properties":{"highway":"primary","lanes":"3","lit":"yes","maxspeed":"50","name":"Mountbatten Road","name:zh":"\u8499\u5df4\u767b\u8def","oneway":"yes","source":"GPS & Yahoo aerial images","surface":"asphalt"},"geometry":{"type":"LineString","coordinates":[[103.885483,1.3009803],[103.8856126,1.3009719]]}},{"type":"Feature","id":"way/527954645-0-0-0","properties":{"highway":"primary","lanes":"2","lit":"yes","maxspeed":"50","name":"Fort Road","name:en":"Fort Road","name:zh":"\u70ae\u53f0\u8def","oneway":"yes","surface":"asphalt","turn:lanes":"right|right"},"geometry":{"type":"LineString","coordinates":[[103.8854385,1.3015207],[103.8854581,1.3013871]]}},{"type":"Feature","id":"way/527954645-0-1-0","properties":{"highway":"primary","lanes":"2","lit":"yes","maxspeed":"50","name":"Fort Road","name:en":"Fort Road","name:zh":"\u70ae\u53f0\u8def","oneway":"yes","surface":"asphalt","turn:lanes":"right|right"},"geometry":{"type":"LineString","coordinates":[[103.8854581,1.3013871],[103.885467,1.3013177]]}},{"type":"Feature","id":"way/527954645-0-2-0","properties":{"highway":"primary","lanes":"2","lit":"yes","maxspeed":"50","name":"Fort Road","name:en":"Fort Road","name:zh":"\u70ae\u53f0\u8def","oneway":"yes","surface":"asphalt","turn:lanes":"right|right"},"geometry":{"type":"LineString","coordinates":[[103.885467,1.3013177],[103.8854751,1.3012299]]}},{"type":"Feature","id":"way/527954645-0-3-0","properties":{"highway":"primary","lanes":"2","lit":"yes","maxspeed":"50","name":"Fort Road","name:en":"Fort Road","name:zh":"\u70ae\u53f0\u8def","oneway":"yes","surface":"asphalt","turn:lanes":"right|right"},"geometry":{"type":"LineString","coordinates":[[103.8854751,1.3012299],[103.8854819,1.3011189]]}},{"type":"Feature","id":"way/527954645-0-4-0","properties":{"highway":"primary","lanes":"2","lit":"yes","maxspeed":"50","name":"Fort Road","name:en":"Fort Road","name:zh":"\u70ae\u53f0\u8def","oneway":"yes","surface":"asphalt","turn:lanes":"right|right"},"geometry":{"type":"LineString","coordinates":[[103.8854819,1.3011189],[103.885483,1.3009803]]}},{"type":"Feature","id":"way/532996047-0-0-0","properties":{"highway":"service","lanes":"2","lanes:backward":"1","lanes:forward":"1","service":"parking_aisle","sidewalk":"both"},"geometry":{"type":"LineString","coordinates":[[103.8832762,1.3006577],[103.8832413,1.3006711]]}},{"type":"Feature","id":"way/532996047-0-1-0","properties":{"highway":"service","lanes":"2","lanes:backward":"1","lanes:forward":"1","service":"parking_aisle","sidewalk":"both"},"geometry":{"type":"LineString","coordinates":[[103.8832413,1.3006711],[103.8832212,1.3006926]]}},{"type":"Feature","id":"way/532996047-0-2-0","properties":{"highway":"service","lanes":"2","lanes:backward":"1","lanes:forward":"1","service":"parking_aisle","sidewalk":"both"},"geometry":{"type":"LineString","coordinates":[[103.8832212,1.3006926],[103.8832051,1.3007314]]}},{"type":"Feature","id":"way/532996047-0-3-0","properties":{"highway":"service","lanes":"2","lanes:backward":"1","lanes:forward":"1","service":"parking_aisle","sidewalk":"both"},"geometry":{"type":"LineString","coordinates":[[103.8832051,1.3007314],[103.883193,1.300942]]}},{"type":"Feature","id":"way/533016632-0-0-0","properties":{"highway":"service","lanes":"2","lanes:backward":"1","lanes:forward":"1","turn:lanes:backward":"through","turn:lanes:forward":"through"},"geometry":{"type":"LineString","coordinates":[[103.8860996,1.3002904],[103.8860729,1.3003528]]}},{"type":"Feature","id":"way/533016632-0-1-0","properties":{"highway":"service","lanes":"2","lanes:backward":"1","lanes:forward":"1","turn:lanes:backward":"through","turn:lanes:forward":"through"},"geometry":{"type":"LineString","coordinates":[[103.8860729,1.3003528],[103.8860598,1.300462]]}},{"type":"Feature","id":"way/533016632-0-2-0","properties":{"highway":"service","lanes":"2","lanes:backward":"1","lanes:forward":"1","turn:lanes:backward":"through","turn:lanes:forward":"through"},"geometry":{"type":"LineString","coordinates":[[103.8860598,1.300462],[103.8860681,1.3005362]]}},{"type":"Feature","id":"way/533016632-0-3-0","properties":{"highway":"service","lanes":"2","lanes:backward":"1","lanes:forward":"1","turn:lanes:backward":"through","turn:lanes:forward":"through"},"geometry":{"type":"LineString","coordinates":[[103.8860681,1.3005362],[103.8861287,1.3007095]]}},{"type":"Feature","id":"way/533016632-0-4-0","properties":{"highway":"service","lanes":"2","lanes:backward":"1","lanes:forward":"1","turn:lanes:backward":"through","turn:lanes:forward":"through"},"geometry":{"type":"LineString","coordinates":[[103.8861287,1.3007095],[103.8861515,1.3007746]]}},{"type":"Feature","id":"way/533016632-0-5-0","properties":{"highway":"service","lanes":"2","lanes:backward":"1","lanes:forward":"1","turn:lanes:backward":"through","turn:lanes:forward":"through"},"geometry":{"type":"LineString","coordinates":[[103.8861515,1.3007746],[103.8861816,1.3008191]]}},{"type":"Feature","id":"way/538747207-0-0-0","properties":{"check_date:surface":"2026-02-05","highway":"tertiary","lanes":"4","lit":"yes","maxspeed":"40","name":"Tanjong Rhu Road","oneway":"yes","surface":"asphalt"},"geometry":{"type":"LineString","coordinates":[[103.8852671,1.2980192],[103.8854282,1.2980118]]}},{"type":"Feature","id":"way/538747208-0-0-0","properties":{"highway":"primary","lanes":"3","lit":"yes","maxspeed":"60","name":"Fort Road","name:en":"Fort Road","name:zh":"\u70ae\u53f0\u8def","oneway":"yes","surface":"asphalt"},"geometry":{"type":"LineString","coordinates":[[103.8856133,1.3008439],[103.885608,1.3007809]]}},{"type":"Feature","id":"way/538747208-0-1-0","properties":{"highway":"primary","lanes":"3","lit":"yes","maxspeed":"60","name":"Fort Road","name:en":"Fort Road","name:zh":"\u70ae\u53f0\u8def","oneway":"yes","surface":"asphalt"},"geometry":{"type":"LineString","coordinates":[[103.885608,1.3007809],[103.8855869,1.3004355]]}},{"type":"Feature","id":"way/546701607-0-0-0","properties":{"highway":"residential","lanes":"1","maxspeed":"40","name":"Kampong Arang Road","oneway":"yes","surface":"asphalt"},"geometry":{"type":"LineString","coordinates":[[103.8844711,1.3010398],[103.8844181,1.3010318]]}},{"type":"Feature","id":"way/546701607-0-1-0","properties":{"highway":"residential","lanes":"1","maxspeed":"40","name":"Kampong Arang Road","oneway":"yes","surface":"asphalt"},"geometry":{"type":"LineString","coordinates":[[103.8844181,1.3010318],[103.8842951,1.3010311]]}},{"type":"Feature","id":"way/546701608-0-0-0","properties":{"highway":"residential","lanes":"1","maxspeed":"40","name":"Kampong Arang Road","oneway":"yes","surface":"asphalt","turn:lanes":"through"},"geometry":{"type":"LineString","coordinates":[[103.8839736,1.3010432],[103.8836212,1.3010611]]}},{"type":"Feature","id":"way/546701608-0-1-0","properties":{"highway":"residential","lanes":"1","maxspeed":"40","name":"Kampong Arang Road","oneway":"yes","surface":"asphalt","turn:lanes":"through"},"geometry":{"type":"LineString","coordinates":[[103.8836212,1.3010611],[103.8835081,1.3010687]]}},{"type":"Feature","id":"way/546701609-0-0-0","properties":{"highway":"residential","lanes":"1","maxspeed":"40","name":"Kampong Arang Road","oneway":"yes","surface":"asphalt"},"geometry":{"type":"LineString","coordinates":[[103.8831842,1.3011378],[103.8836226,1.3011211]]}},{"type":"Feature","id":"way/546701609-0-1-0","properties":{"highway":"residential","lanes":"1","maxspeed":"40","name":"Kampong Arang Road","oneway":"yes","surface":"asphalt"},"geometry":{"type":"LineString","coordinates":[[103.8836226,1.3011211],[103.8840278,1.3011037]]}},{"type":"Feature","id":"way/546701609-0-2-0","properties":{"highway":"residential","lanes":"1","maxspeed":"40","name":"Kampong Arang Road","oneway":"yes","surface":"asphalt"},"geometry":{"type":"LineString","coordinates":[[103.8840278,1.3011037],[103.8841555,1.3011004]]}},{"type":"Feature","id":"way/546903659-0-0-0","properties":{"highway":"service","lanes":"2","lanes:backward":"1","lanes:forward":"1","service":"driveway"},"geometry":{"type":"LineString","coordinates":[[103.8827793,1.3005658],[103.8827216,1.3005022]]}},{"type":"Feature","id":"way/546903659-0-1-0","properties":{"highway":"service","lanes":"2","lanes:backward":"1","lanes:forward":"1","service":"driveway"},"geometry":{"type":"LineString","coordinates":[[103.8827216,1.3005022],[103.8823038,1.3000262]]}},{"type":"Feature","id":"way/632024942-0-0-0","properties":{"highway":"residential","lanes":"2","lanes:backward":"1","lanes:forward":"1","maxspeed":"40","name":"Kampong Arang Road","oneway":"no","surface":"asphalt"},"geometry":{"type":"LineString","coordinates":[[103.8830183,1.3010949],[103.8830619,1.3011125]]}},{"type":"Feature","id":"way/632024942-0-1-0","properties":{"highway":"residential","lanes":"2","lanes:backward":"1","lanes:forward":"1","maxspeed":"40","name":"Kampong Arang Road","oneway":"no","surface":"asphalt"},"geometry":{"type":"LineString","coordinates":[[103.8830619,1.3011125],[103.8830958,1.3011183]]}},{"type":"Feature","id":"way/632024942-0-2-0","properties":{"highway":"residential","lanes":"2","lanes:backward":"1","lanes:forward":"1","maxspeed":"40","name":"Kampong Arang Road","oneway":"no","surface":"asphalt"},"geometry":{"type":"LineString","coordinates":[[103.8830958,1.3011183],[103.8831207,1.3011176]]}},{"type":"Feature","id":"way/633283841-0-0-0","properties":{"highway":"primary","lanes":"3","lit":"yes","maxspeed":"50","name":"Mountbatten Road","name:zh":"\u8499\u5df4\u767b\u8def","oneway":"yes","source":"Yahoo aerial images","surface":"asphalt","turn:lanes":"through|through|through"},"geometry":{"type":"LineString","coordinates":[[103.8859499,1.3008199],[103.8856794,1.30084]]}},{"type":"Feature","id":"way/633283841-0-1-0","properties":{"highway":"primary","lanes":"3","lit":"yes","maxspeed":"50","name":"Mountbatten Road","name:zh":"\u8499\u5df4\u767b\u8def","oneway":"yes","source":"Yahoo aerial images","surface":"asphalt","turn:lanes":"through|through|through"},"geometry":{"type":"LineString","coordinates":[[103.8856794,1.30084],[103.8856133,1.3008439]]}},{"type":"Feature","id":"way/633566740-0-0-0","properties":{"highway":"primary","lanes":"5","lit":"yes","maxspeed":"60","name":"Fort Road","name:en":"Fort Road","name:zh":"\u70ae\u53f0\u8def","oneway":"yes","surface":"asphalt","turn:lanes":"left|through|through|through|right"},"geometry":{"type":"LineString","coordinates":[[103.8852627,1.2974975],[103.8852592,1.2975928]]}},{"type":"Feature","id":"way/633566741-0-0-0","properties":{"highway":"primary_link","lanes":"1","maxspeed":"50","oneway":"yes","surface":"asphalt","turn:lanes":"left"},"geometry":{"type":"LineString","coordinates":[[103.8852592,1.2975928],[103.8852288,1.2976296]]}},{"type":"Feature","id":"way/633566741-0-1-0","properties":{"highway":"primary_link","lanes":"1","maxspeed":"50","oneway":"yes","surface":"asphalt","turn:lanes":"left"},"geometry":{"type":"LineString","coordinates":[[103.8852288,1.2976296],[103.8852019,1.2976759]]}},{"type":"Feature","id":"way/633566741-0-2-0","properties":{"highway":"primary_link","lanes":"1","maxspeed":"50","oneway":"yes","surface":"asphalt","turn:lanes":"left"},"geometry":{"type":"LineString","coordinates":[[103.8852019,1.2976759],[103.8851657,1.2977778]]}},{"type":"Feature","id":"way/633566741-0-3-0","properties":{"highway":"primary_link","lanes":"1","maxspeed":"50","oneway":"yes","surface":"asphalt","turn:lanes":"left"},"geometry":{"type":"LineString","coordinates":[[103.8851657,1.2977778],[103.8851396,1.2978361]]}},{"type":"Feature","id":"way/633566741-0-4-0","properties":{"highway":"primary_link","lanes":"1","maxspeed":"50","oneway":"yes","surface":"asphalt","turn:lanes":"left"},"geometry":{"type":"LineString","coordinates":[[103.8851396,1.2978361],[103.8851088,1.2978783]]}},{"type":"Feature","id":"way/633566741-0-5-0","properties":{"highway":"primary_link","lanes":"1","maxspeed":"50","oneway":"yes","surface":"asphalt","turn:lanes":"left"},"geometry":{"type":"LineString","coordinates":[[103.8851088,1.2978783],[103.8850605,1.2979152]]}},{"type":"Feature","id":"way/633566741-0-6-0","properties":{"highway":"primary_link","lanes":"1","maxspeed":"50","oneway":"yes","surface":"asphalt","turn:lanes":"left"},"geometry":{"type":"LineString","coordinates":[[103.8850605,1.2979152],[103.8849753,1.2979561]]}},{"type":"Feature","id":"way/633566741-0-7-0","properties":{"highway":"primary_link","lanes":"1","maxspeed":"50","oneway":"yes","surface":"asphalt","turn:lanes":"left"},"geometry":{"type":"LineString","coordinates":[[103.8849753,1.2979561],[103.8849143,1.2979655]]}},{"type":"Feature","id":"way/633568775-0-0-0","properties":{"highway":"tertiary","lanes":"2","maxspeed":"50","name":"Tanjong Rhu Road","oneway":"yes","surface":"asphalt"},"geometry":{"type":"LineString","coordinates":[[103.8835324,1.2981163],[103.8840767,1.2980978]]}},{"type":"Feature","id":"way/633568776-0-0-0","properties":{"highway":"tertiary","lanes":"3","maxspeed":"50","name":"Tanjong Rhu Road","oneway":"yes","surface":"asphalt","turn:lanes":"left;through|right|right"},"geometry":{"type":"LineString","coordinates":[[103.8847918,1.2980402],[103.8850812,1.2980258]]}},{"type":"Feature","id":"way/633568776-0-1-0","properties":{"highway":"tertiary","lanes":"3","maxspeed":"50","name":"Tanjong Rhu Road","oneway":"yes","surface":"asphalt","turn:lanes":"left;through|right|right"},"geometry":{"type":"LineString","coordinates":[[103.8850812,1.2980258],[103.8851888,1.2980213]]}},{"type":"Feature","id":"way/633568776-0-2-0","properties":{"highway":"tertiary","lanes":"3","maxspeed":"50","name":"Tanjong Rhu Road","oneway":"yes","surface":"asphalt","turn:lanes":"left;through|right|right"},"geometry":{"type":"LineString","coordinates":[[103.8851888,1.2980213],[103.8852297,1.2980198]]}},{"type":"Feature","id":"way/633568776-0-3-0","properties":{"highway":"tertiary","lanes":"3","maxspeed":"50","name":"Tanjong Rhu Road","oneway":"yes","surface":"asphalt","turn:lanes":"left;through|right|right"},"geometry":{"type":"LineString","coordinates":[[103.8852297,1.2980198],[103.8852671,1.2980192]]}},{"type":"Feature","id":"way/633568777-0-0-0","properties":{"highway":"tertiary","lanes":"3","maxspeed":"50","name":"Tanjong Rhu Road","oneway":"yes","surface":"asphalt"},"geometry":{"type":"LineString","coordinates":[[103.8843477,1.2980787],[103.8846166,1.2980533]]}},{"type":"Feature","id":"way/633569555-0-0-0","properties":{"highway":"tertiary","lanes":"2","maxspeed":"50","name":"Tanjong Rhu Road","oneway":"yes","surface":"asphalt"},"geometry":{"type":"LineString","coordinates":[[103.8827896,1.298093],[103.8829381,1.2981026]]}},{"type":"Feature","id":"way/633569555-0-1-0","properties":{"highway":"tertiary","lanes":"2","maxspeed":"50","name":"Tanjong Rhu Road","oneway":"yes","surface":"asphalt"},"geometry":{"type":"LineString","coordinates":[[103.8829381,1.2981026],[103.8833742,1.2981172]]}},{"type":"Feature","id":"way/633569556-0-0-0","properties":{"highway":"tertiary","lanes":"2","maxspeed":"50","name":"Tanjong Rhu Road","oneway":"yes","surface":"asphalt"},"geometry":{"type":"LineString","coordinates":[[103.8833742,1.2981172],[103.8835324,1.2981163]]}},{"type":"Feature","id":"way/633804505-0-0-0","properties":{"highway":"primary","lanes":"3","maxspeed":"60","name":"Fort Road","name:en":"Fort Road","name:zh":"\u70ae\u53f0\u8def","oneway":"yes","surface":"asphalt"},"geometry":{"type":"LineString","coordinates":[[103.8855292,1.2993867],[103.8855268,1.2993606]]}},{"type":"Feature","id":"way/633804505-0-1-0","properties":{"highway":"primary","lanes":"3","maxspeed":"60","name":"Fort Road","name:en":"Fort Road","name:zh":"\u70ae\u53f0\u8def","oneway":"yes","surface":"asphalt"},"geometry":{"type":"LineString","coordinates":[[103.8855268,1.2993606],[103.8854943,1.2990836]]}},{"type":"Feature","id":"way/633866357-0-0-0","properties":{"highway":"primary","lanes":"4","maxheight":"4.5","maxspeed":"60","name":"Mountbatten Road","name:zh":"\u8499\u5df4\u767b\u8def","oneway":"yes","source":"GPS & Yahoo aerial images","surface":"asphalt"},"geometry":{"type":"LineString","coordinates":[[103.8846742,1.3014709],[103.8846635,1.3015218]]}},{"type":"Feature","id":"way/633866357-0-1-0","properties":{"highway":"primary","lanes":"4","maxheight":"4.5","maxspeed":"60","name":"Mountbatten Road","name:zh":"\u8499\u5df4\u767b\u8def","oneway":"yes","source":"GPS & Yahoo aerial images","surface":"asphalt"},"geometry":{"type":"LineString","coordinates":[[103.8846635,1.3015218],[103.884648,1.3016324]]}},{"type":"Feature","id":"way/633866357-0-2-0","properties":{"highway":"primary","lanes":"4","maxheight":"4.5","maxspeed":"60","name":"Mountbatten Road","name:zh":"\u8499\u5df4\u767b\u8def","oneway":"yes","source":"GPS & Yahoo aerial images","surface":"asphalt"},"geometry":{"type":"LineString","coordinates":[[103.884648,1.3016324],[103.8846294,1.3019622]]}},{"type":"Feature","id":"way/633866358-0-0-0","properties":{"highway":"primary","lanes":"4","lit":"yes","maxheight":"4.5","maxspeed":"60","name":"Mountbatten Road","name:zh":"\u8499\u5df4\u767b\u8def","oneway":"yes","source":"GPS & Yahoo aerial images","surface":"asphalt"},"geometry":{"type":"LineString","coordinates":[[103.8850815,1.3009447],[103.8850221,1.3009771]]}},{"type":"Feature","id":"way/633866358-0-1-0","properties":{"highway":"primary","lanes":"4","lit":"yes","maxheight":"4.5","maxspeed":"60","name":"Mountbatten Road","name:zh":"\u8499\u5df4\u767b\u8def","oneway":"yes","source":"GPS & Yahoo aerial images","surface":"asphalt"},"geometry":{"type":"LineString","coordinates":[[103.8850221,1.3009771],[103.8849907,1.3009993]]}},{"type":"Feature","id":"way/633866358-0-2-0","properties":{"highway":"primary","lanes":"4","lit":"yes","maxheight":"4.5","maxspeed":"60","name":"Mountbatten Road","name:zh":"\u8499\u5df4\u767b\u8def","oneway":"yes","source":"GPS & Yahoo aerial images","surface":"asphalt"},"geometry":{"type":"LineString","coordinates":[[103.8849907,1.3009993],[103.8849572,1.3010241]]}},{"type":"Feature","id":"way/633866358-0-3-0","properties":{"highway":"primary","lanes":"4","lit":"yes","maxheight":"4.5","maxspeed":"60","name":"Mountbatten Road","name:zh":"\u8499\u5df4\u767b\u8def","oneway":"yes","source":"GPS & Yahoo aerial images","surface":"asphalt"},"geometry":{"type":"LineString","coordinates":[[103.8849572,1.3010241],[103.8849146,1.3010581]]}},{"type":"Feature","id":"way/639258752-0-0-0","properties":{"highway":"primary","lanes":"3","maxspeed":"50","name":"Fort Road","name:en":"Fort Road","name:zh":"\u70ae\u53f0\u8def","oneway":"yes","surface":"asphalt","turn:lanes":"through|through|through;right"},"geometry":{"type":"LineString","coordinates":[[103.8850405,1.3020795],[103.8853369,1.3016779]]}},{"type":"Feature","id":"way/639566253-0-0-0","properties":{"highway":"primary","lanes":"2","lit":"yes","maxspeed":"50","name":"Mountbatten Road","name:zh":"\u8499\u5df4\u767b\u8def","oneway":"yes","source":"Yahoo aerial images","surface":"asphalt"},"geometry":{"type":"LineString","coordinates":[[103.886889,1.3007938],[103.8861816,1.3008191]]}},{"type":"Feature","id":"way/639894188-0-0-0","properties":{"highway":"residential","lanes":"2","maxspeed":"40","name":"Kampong Arang Road","oneway":"no","surface":"asphalt"},"geometry":{"type":"LineString","coordinates":[[103.8826917,1.3007108],[103.8829617,1.3010458]]}},{"type":"Feature","id":"way/639894188-0-1-0","properties":{"highway":"residential","lanes":"2","maxspeed":"40","name":"Kampong Arang Road","oneway":"no","surface":"asphalt"},"geometry":{"type":"LineString","coordinates":[[103.8829617,1.3010458],[103.8829772,1.3010643]]}},{"type":"Feature","id":"way/639894189-0-0-0","properties":{"highway":"residential","lanes":"2","lanes:backward":"1","lanes:forward":"1","maxspeed":"50","name":"Fort Road","sidewalk":"right","surface":"asphalt","turn:lanes:forward":"left"},"geometry":{"type":"LineString","coordinates":[[103.8859507,1.2993584],[103.8855904,1.2993805]]}},{"type":"Feature","id":"way/639894189-0-1-0","properties":{"highway":"residential","lanes":"2","lanes:backward":"1","lanes:forward":"1","maxspeed":"50","name":"Fort Road","sidewalk":"right","surface":"asphalt","turn:lanes:forward":"left"},"geometry":{"type":"LineString","coordinates":[[103.8855904,1.2993805],[103.8855292,1.2993867]]}},{"type":"Feature","id":"way/640082474-0-2-0","properties":{"highway":"tertiary","lanes":"2","lanes:backward":"1","lanes:forward":"1","maxspeed":"40","name":"Meyer Road","surface":"asphalt"},"geometry":{"type":"LineString","coordinates":[[103.8867086,1.2979202],[103.8864398,1.2979248]]}},{"type":"Feature","id":"way/640176940-0-0-0","properties":{"highway":"primary","lanes":"3","lit":"yes","maxspeed":"50","name":"Mountbatten Road","name:zh":"\u8499\u5df4\u767b\u8def","oneway":"yes","source":"Yahoo aerial images","surface":"asphalt","turn:lanes":"left;through|through|through"},"geometry":{"type":"LineString","coordinates":[[103.8861816,1.3008191],[103.8859499,1.3008199]]}},{"type":"Feature","id":"way/640196565-0-1-0","properties":{"highway":"service","lanes":"2","lanes:backward":"1","lanes:forward":"1","service":"driveway","turn:lanes:backward":"through","turn:lanes:forward":"through"},"geometry":{"type":"LineString","coordinates":[[103.8823531,1.29825],[103.8827061,1.298342]]}},{"type":"Feature","id":"way/640284224-0-0-0","properties":{"highway":"tertiary","lanes":"2","lanes:backward":"1","lanes:forward":"1","maxspeed":"40","name":"Meyer Road","surface":"asphalt"},"geometry":{"type":"LineString","coordinates":[[103.8864398,1.2979248],[103.8862213,1.2979286]]}},{"type":"Feature","id":"way/642236439-0-0-0","properties":{"highway":"service","lanes":"1","oneway":"yes"},"geometry":{"type":"LineString","coordinates":[[103.8829772,1.3010643],[103.8829442,1.3010971]]}},{"type":"Feature","id":"way/642236439-0-1-0","properties":{"highway":"service","lanes":"1","oneway":"yes"},"geometry":{"type":"LineString","coordinates":[[103.8829442,1.3010971],[103.8829039,1.3011377]]}},{"type":"Feature","id":"way/642236439-0-2-0","properties":{"highway":"service","lanes":"1","oneway":"yes"},"geometry":{"type":"LineString","coordinates":[[103.8829039,1.3011377],[103.8828839,1.3011437]]}},{"type":"Feature","id":"way/642236439-0-3-0","properties":{"highway":"service","lanes":"1","oneway":"yes"},"geometry":{"type":"LineString","coordinates":[[103.8828839,1.3011437],[103.8828677,1.3011363]]}},{"type":"Feature","id":"way/642236439-0-4-0","properties":{"highway":"service","lanes":"1","oneway":"yes"},"geometry":{"type":"LineString","coordinates":[[103.8828677,1.3011363],[103.8825904,1.3007948]]}},{"type":"Feature","id":"way/642236440-0-5-0","properties":{"highway":"service","lanes":"1","oneway":"yes"},"geometry":{"type":"LineString","coordinates":[[103.8825904,1.3007948],[103.8826324,1.3007596]]}},{"type":"Feature","id":"way/642236440-0-6-0","properties":{"highway":"service","lanes":"1","oneway":"yes"},"geometry":{"type":"LineString","coordinates":[[103.8826324,1.3007596],[103.8826917,1.3007108]]}},{"type":"Feature","id":"way/642236444-0-0-0","properties":{"highway":"service","lanes":"2","lanes:backward":"1","lanes:forward":"1","service":"driveway"},"geometry":{"type":"LineString","coordinates":[[103.8833962,1.3003067],[103.8830234,1.3001757]]}},{"type":"Feature","id":"way/642236445-0-0-0","properties":{"highway":"service","lanes":"2","lanes:backward":"1","lanes:forward":"1","service":"driveway"},"geometry":{"type":"LineString","coordinates":[[103.8827793,1.3005658],[103.8829315,1.3007167]]}},{"type":"Feature","id":"way/642236445-0-1-0","properties":{"highway":"service","lanes":"2","lanes:backward":"1","lanes:forward":"1","service":"driveway"},"geometry":{"type":"LineString","coordinates":[[103.8829315,1.3007167],[103.8829462,1.3007274]]}},{"type":"Feature","id":"way/642236445-0-2-0","properties":{"highway":"service","lanes":"2","lanes:backward":"1","lanes:forward":"1","service":"driveway"},"geometry":{"type":"LineString","coordinates":[[103.8829462,1.3007274],[103.882969,1.3007369]]}},{"type":"Feature","id":"way/642236445-0-3-0","properties":{"highway":"service","lanes":"2","lanes:backward":"1","lanes:forward":"1","service":"driveway"},"geometry":{"type":"LineString","coordinates":[[103.882969,1.3007369],[103.8830025,1.3007402]]}},{"type":"Feature","id":"way/642236445-0-4-0","properties":{"highway":"service","lanes":"2","lanes:backward":"1","lanes:forward":"1","service":"driveway"},"geometry":{"type":"LineString","coordinates":[[103.8830025,1.3007402],[103.8830321,1.3007388]]}},{"type":"Feature","id":"way/642236445-0-5-0","properties":{"highway":"service","lanes":"2","lanes:backward":"1","lanes:forward":"1","service":"driveway"},"geometry":{"type":"LineString","coordinates":[[103.8830321,1.3007388],[103.8830622,1.3007341]]}},{"type":"Feature","id":"way/642236445-0-6-0","properties":{"highway":"service","lanes":"2","lanes:backward":"1","lanes:forward":"1","service":"driveway"},"geometry":{"type":"LineString","coordinates":[[103.8830622,1.3007341],[103.8830964,1.300716]]}},{"type":"Feature","id":"way/642236445-0-7-0","properties":{"highway":"service","lanes":"2","lanes:backward":"1","lanes:forward":"1","service":"driveway"},"geometry":{"type":"LineString","coordinates":[[103.8830964,1.300716],[103.8833962,1.3003067]]}},{"type":"Feature","id":"way/642236445-0-8-0","properties":{"highway":"service","lanes":"2","lanes:backward":"1","lanes:forward":"1","service":"driveway"},"geometry":{"type":"LineString","coordinates":[[103.8833962,1.3003067],[103.883488,1.30022]]}},{"type":"Feature","id":"way/642236445-0-9-0","properties":{"highway":"service","lanes":"2","lanes:backward":"1","lanes:forward":"1","service":"driveway"},"geometry":{"type":"LineString","coordinates":[[103.883488,1.30022],[103.8835055,1.3001885]]}},{"type":"Feature","id":"way/642236445-0-10-0","properties":{"highway":"service","lanes":"2","lanes:backward":"1","lanes:forward":"1","service":"driveway"},"geometry":{"type":"LineString","coordinates":[[103.8835055,1.3001885],[103.8835229,1.3001362]]}},{"type":"Feature","id":"way/642236445-0-11-0","properties":{"highway":"service","lanes":"2","lanes:backward":"1","lanes:forward":"1","service":"driveway"},"geometry":{"type":"LineString","coordinates":[[103.8835229,1.3001362],[103.8835685,1.2998928]]}},{"type":"Feature","id":"way/642236445-0-12-0","properties":{"highway":"service","lanes":"2","lanes:backward":"1","lanes:forward":"1","service":"driveway"},"geometry":{"type":"LineString","coordinates":[[103.8835685,1.2998928],[103.883573,1.2998416]]}},{"type":"Feature","id":"way/642236445-0-13-0","properties":{"highway":"service","lanes":"2","lanes:backward":"1","lanes:forward":"1","service":"driveway"},"geometry":{"type":"LineString","coordinates":[[103.883573,1.2998416],[103.8835707,1.2997796]]}},{"type":"Feature","id":"way/642236446-0-0-0","properties":{"highway":"service","lanes":"2","lanes:backward":"1","lanes:forward":"1"},"geometry":{"type":"LineString","coordinates":[[103.8841111,1.2992658],[103.8840745,1.2992664]]}},{"type":"Feature","id":"way/642236446-0-1-0","properties":{"highway":"service","lanes":"2","lanes:backward":"1","lanes:forward":"1"},"geometry":{"type":"LineString","coordinates":[[103.8840745,1.2992664],[103.8839413,1.2992647]]}},{"type":"Feature","id":"way/642236446-0-2-0","properties":{"highway":"service","lanes":"2","lanes:backward":"1","lanes:forward":"1"},"geometry":{"type":"LineString","coordinates":[[103.8839413,1.2992647],[103.883763,1.2992674]]}},{"type":"Feature","id":"way/642236446-0-3-0","properties":{"highway":"service","lanes":"2","lanes:backward":"1","lanes:forward":"1"},"geometry":{"type":"LineString","coordinates":[[103.883763,1.2992674],[103.8837147,1.2992526]]}},{"type":"Feature","id":"way/642236447-0-0-0","properties":{"highway":"service","lanes":"2","lanes:backward":"1","lanes:forward":"1"},"geometry":{"type":"LineString","coordinates":[[103.8840907,1.2986779],[103.8841197,1.2986782]]}},{"type":"Feature","id":"way/642236447-0-1-0","properties":{"highway":"service","lanes":"2","lanes:backward":"1","lanes:forward":"1"},"geometry":{"type":"LineString","coordinates":[[103.8841197,1.2986782],[103.8842699,1.2986881]]}},{"type":"Feature","id":"way/642236447-0-2-0","properties":{"highway":"service","lanes":"2","lanes:backward":"1","lanes:forward":"1"},"geometry":{"type":"LineString","coordinates":[[103.8842699,1.2986881],[103.8843611,1.2986962]]}},{"type":"Feature","id":"way/642236447-0-3-0","properties":{"highway":"service","lanes":"2","lanes:backward":"1","lanes:forward":"1"},"geometry":{"type":"LineString","coordinates":[[103.8843611,1.2986962],[103.8844617,1.2986841]]}},{"type":"Feature","id":"way/643228759-0-0-0","properties":{"highway":"service","lanes":"2","lanes:backward":"1","lanes:forward":"1"},"geometry":{"type":"LineString","coordinates":[[103.8864696,1.2983616],[103.8864237,1.2983672]]}},{"type":"Feature","id":"way/643228759-0-1-0","properties":{"highway":"service","lanes":"2","lanes:backward":"1","lanes:forward":"1"},"geometry":{"type":"LineString","coordinates":[[103.8864237,1.2983672],[103.8860026,1.2984005]]}},{"type":"Feature","id":"way/643385330-0-0-0","properties":{"highway":"residential","lanes":"2","lanes:backward":"1","lanes:forward":"1","maxspeed":"40","name":"Kampong Arang Road","oneway":"no","surface":"asphalt"},"geometry":{"type":"LineString","coordinates":[[103.8829772,1.3010643],[103.8830183,1.3010949]]}},{"type":"Feature","id":"way/644813860-0-0-0","properties":{"highway":"residential","lanes":"1","maxspeed":"40","name":"Kampong Arang Road","oneway":"yes","surface":"asphalt"},"geometry":{"type":"LineString","coordinates":[[103.8842951,1.3010311],[103.8841475,1.3010358]]}},{"type":"Feature","id":"way/644829168-0-0-0","properties":{"highway":"tertiary","lanes":"1","maxspeed":"40","name":"Meyer Road","oneway":"yes","surface":"asphalt"},"geometry":{"type":"LineString","coordinates":[[103.8858662,1.2979869],[103.8860226,1.297932]]}},{"type":"Feature","id":"way/644834326-0-0-0","properties":{"highway":"residential","lanes":"2","lanes:backward":"1","lanes:forward":"1","name":"Tanjong Rhu Road","surface":"asphalt","turn:lanes:backward":"left;right"},"geometry":{"type":"LineString","coordinates":[[103.8840767,1.2980978],[103.8840779,1.2981479]]}},{"type":"Feature","id":"way/644834326-0-1-0","properties":{"highway":"residential","lanes":"2","lanes:backward":"1","lanes:forward":"1","name":"Tanjong Rhu Road","surface":"asphalt","turn:lanes:backward":"left;right"},"geometry":{"type":"LineString","coordinates":[[103.8840779,1.2981479],[103.8840856,1.2984541]]}},{"type":"Feature","id":"way/646234137-0-0-0","properties":{"highway":"service","lanes":"2","lanes:backward":"1","lanes:forward":"1","service":"driveway"},"geometry":{"type":"LineString","coordinates":[[103.8827061,1.298342],[103.8829256,1.2983279]]}},{"type":"Feature","id":"way/646855807-0-1-0","properties":{"highway":"residential","lanes":"2","lanes:backward":"1","lanes:forward":"1","maxspeed":"40","name":"Kampong Arang Road","oneway":"no","surface":"asphalt","turn:lanes:backward":"through;right"},"geometry":{"type":"LineString","coordinates":[[103.8825186,1.3004951],[103.8826562,1.300666]]}},{"type":"Feature","id":"way/646859092-0-0-0","properties":{"highway":"residential","lanes":"2","lanes:backward":"1","lanes:forward":"1","maxspeed":"50","name":"Fort Road","sidewalk":"right","surface":"asphalt"},"geometry":{"type":"LineString","coordinates":[[103.8865437,1.2993318],[103.8859507,1.2993584]]}},{"type":"Feature","id":"way/646859344-0-0-0","properties":{"highway":"service","lanes":"1","service":"driveway"},"geometry":{"type":"LineString","coordinates":[[103.8826562,1.300666],[103.8827068,1.3006222]]}},{"type":"Feature","id":"way/646859344-0-1-0","properties":{"highway":"service","lanes":"1","service":"driveway"},"geometry":{"type":"LineString","coordinates":[[103.8827068,1.3006222],[103.8827212,1.300611]]}},{"type":"Feature","id":"way/646859344-0-2-0","properties":{"highway":"service","lanes":"1","service":"driveway"},"geometry":{"type":"LineString","coordinates":[[103.8827212,1.300611],[103.8827793,1.3005658]]}},{"type":"Feature","id":"way/646859345-0-0-0","properties":{"highway":"residential","lanes":"2","lanes:backward":"1","lanes:forward":"1","maxspeed":"40","name":"Kampong Arang Road","oneway":"no","surface":"asphalt"},"geometry":{"type":"LineString","coordinates":[[103.8826562,1.300666],[103.8826917,1.3007108]]}},{"type":"Feature","id":"way/647786473-0-0-0","properties":{"highway":"tertiary","lanes":"2","maxspeed":"50","name":"Tanjong Rhu Road","oneway":"yes","surface":"asphalt"},"geometry":{"type":"LineString","coordinates":[[103.8827937,1.2980229],[103.8826802,1.2980107]]}},{"type":"Feature","id":"way/647786473-0-1-0","properties":{"highway":"tertiary","lanes":"2","maxspeed":"50","name":"Tanjong Rhu Road","oneway":"yes","surface":"asphalt"},"geometry":{"type":"LineString","coordinates":[[103.8826802,1.2980107],[103.8825151,1.2979824]]}},{"type":"Feature","id":"way/654964623-0-0-0","properties":{"highway":"tertiary","lanes":"3","maxspeed":"50","name":"Tanjong Rhu Road","oneway":"yes","surface":"asphalt"},"geometry":{"type":"LineString","coordinates":[[103.8840767,1.2980978],[103.8843477,1.2980787]]}},{"type":"Feature","id":"way/654988398-0-0-0","properties":{"highway":"primary","lanes":"4","lit":"yes","maxspeed":"60","name":"Fort Road","name:en":"Fort Road","name:zh":"\u70ae\u53f0\u8def","oneway":"yes","surface":"asphalt","turn:lanes":"left;through|through|through|through"},"geometry":{"type":"LineString","coordinates":[[103.8853092,1.2984991],[103.8853289,1.2987722]]}},{"type":"Feature","id":"way/658249767-0-0-0","properties":{"highway":"residential","lanes":"2","lanes:backward":"1","lanes:forward":"1","name":"Tanjong Rhu Road"},"geometry":{"type":"LineString","coordinates":[[103.8840772,1.2980315],[103.8840767,1.2980978]]}},{"type":"Feature","id":"way/658249768-0-0-0","properties":{"highway":"tertiary","lanes":"2","maxspeed":"50","name":"Tanjong Rhu Road","oneway":"yes","surface":"asphalt"},"geometry":{"type":"LineString","coordinates":[[103.8852658,1.2979531],[103.8852182,1.2979551]]}},{"type":"Feature","id":"way/658249768-0-1-0","properties":{"highway":"tertiary","lanes":"2","maxspeed":"50","name":"Tanjong Rhu Road","oneway":"yes","surface":"asphalt"},"geometry":{"type":"LineString","coordinates":[[103.8852182,1.2979551],[103.8851601,1.2979568]]}},{"type":"Feature","id":"way/658249768-0-2-0","properties":{"highway":"tertiary","lanes":"2","maxspeed":"50","name":"Tanjong Rhu Road","oneway":"yes","surface":"asphalt"},"geometry":{"type":"LineString","coordinates":[[103.8851601,1.2979568],[103.885053,1.2979594]]}},{"type":"Feature","id":"way/658249768-0-3-0","properties":{"highway":"tertiary","lanes":"2","maxspeed":"50","name":"Tanjong Rhu Road","oneway":"yes","surface":"asphalt"},"geometry":{"type":"LineString","coordinates":[[103.885053,1.2979594],[103.8849143,1.2979655]]}},{"type":"Feature","id":"way/658249769-0-0-0","properties":{"highway":"tertiary","lanes":"1","maxspeed":"50","name":"Tanjong Rhu Road","oneway":"yes","surface":"asphalt"},"geometry":{"type":"LineString","coordinates":[[103.8849143,1.2979655],[103.8840772,1.2980315]]}},{"type":"Feature","id":"way/658249770-0-0-0","properties":{"highway":"tertiary","lanes":"2","maxspeed":"50","name":"Tanjong Rhu Road","oneway":"yes","surface":"asphalt"},"geometry":{"type":"LineString","coordinates":[[103.8840772,1.2980315],[103.8835358,1.2980528]]}},{"type":"Feature","id":"way/658249771-0-0-0","properties":{"highway":"tertiary","lanes":"2","maxspeed":"50","name":"Tanjong Rhu Road","oneway":"yes","surface":"asphalt"},"geometry":{"type":"LineString","coordinates":[[103.8835358,1.2980528],[103.8833765,1.2980501]]}},{"type":"Feature","id":"way/658249772-0-0-0","properties":{"highway":"tertiary","lanes":"2","maxspeed":"50","name":"Tanjong Rhu Road","oneway":"yes","surface":"asphalt"},"geometry":{"type":"LineString","coordinates":[[103.8833765,1.2980501],[103.8830302,1.2980355]]}},{"type":"Feature","id":"way/658249772-0-1-0","properties":{"highway":"tertiary","lanes":"2","maxspeed":"50","name":"Tanjong Rhu Road","oneway":"yes","surface":"asphalt"},"geometry":{"type":"LineString","coordinates":[[103.8830302,1.2980355],[103.8829391,1.2980316]]}},{"type":"Feature","id":"way/658249772-0-2-0","properties":{"highway":"tertiary","lanes":"2","maxspeed":"50","name":"Tanjong Rhu Road","oneway":"yes","surface":"asphalt"},"geometry":{"type":"LineString","coordinates":[[103.8829391,1.2980316],[103.8827937,1.2980229]]}},{"type":"Feature","id":"way/658639935-0-0-0","properties":{"highway":"service","service":"parking_aisle","sidewalk":"both"},"geometry":{"type":"LineString","coordinates":[[103.8831842,1.3011378],[103.8831831,1.3011603]]}},{"type":"Feature","id":"way/658639936-0-0-0","properties":{"highway":"service","service":"parking_aisle"},"geometry":{"type":"LineString","coordinates":[[103.8831885,1.301088],[103.8831842,1.3011378]]}},{"type":"Feature","id":"way/658639937-0-0-0","properties":{"highway":"residential","lanes":"1","maxspeed":"40","name":"Kampong Arang Road","oneway":"yes","surface":"asphalt"},"geometry":{"type":"LineString","coordinates":[[103.8831207,1.3011176],[103.8831842,1.3011378]]}},{"type":"Feature","id":"way/658639938-0-0-0","properties":{"highway":"residential","lanes":"1","maxspeed":"40","name":"Kampong Arang Road","oneway":"yes","surface":"asphalt","turn:lanes":"through;right"},"geometry":{"type":"LineString","coordinates":[[103.8831885,1.301088],[103.8831207,1.3011176]]}},{"type":"Feature","id":"way/660513644-0-2-0","properties":{"highway":"tertiary","lanes":"2","maxspeed":"50","name":"Tanjong Rhu Road","oneway":"yes","surface":"asphalt"},"geometry":{"type":"LineString","coordinates":[[103.8826001,1.2980723],[103.8827896,1.298093]]}},{"type":"Feature","id":"way/664164534-0-0-0","properties":{"highway":"primary","lanes":"5","maxspeed":"60","name":"Fort Road","name:en":"Fort Road","name:zh":"\u70ae\u53f0\u8def","oneway":"yes","surface":"asphalt","turn:lanes":"through|through|through|through;right|right"},"geometry":{"type":"LineString","coordinates":[[103.8852658,1.2979531],[103.8852671,1.2980192]]}},{"type":"Feature","id":"way/668804002-0-0-0","properties":{"highway":"residential","lanes":"2","lanes:backward":"1","lanes:forward":"1","name":"Tanjong Rhu Road","surface":"asphalt"},"geometry":{"type":"LineString","coordinates":[[103.8840856,1.2984541],[103.8840907,1.2986779]]}},{"type":"Feature","id":"way/673802289-0-0-0","properties":{"highway":"tertiary","lanes":"3","maxspeed":"50","name":"Tanjong Rhu Road","oneway":"yes","surface":"asphalt"},"geometry":{"type":"LineString","coordinates":[[103.8846166,1.2980533],[103.8847918,1.2980402]]}},{"type":"Feature","id":"way/708515014-0-0-0","properties":{"check_date:surface":"2026-02-05","highway":"tertiary","lanes":"4","lit":"yes","maxspeed":"40","name":"Tanjong Rhu Road","oneway":"yes","surface":"asphalt"},"geometry":{"type":"LineString","coordinates":[[103.8854261,1.2979383],[103.8852658,1.2979531]]}},{"type":"Feature","id":"way/708515015-0-0-0","properties":{"highway":"tertiary","lanes":"4","maxspeed":"40","name":"Meyer Road","oneway":"yes","surface":"asphalt","turn:lanes":"left|through|through|right"},"geometry":{"type":"LineString","coordinates":[[103.8858609,1.2979017],[103.8856165,1.2979236]]}},{"type":"Feature","id":"way/708515015-0-1-0","properties":{"highway":"tertiary","lanes":"4","maxspeed":"40","name":"Meyer Road","oneway":"yes","surface":"asphalt","turn:lanes":"left|through|through|right"},"geometry":{"type":"LineString","coordinates":[[103.8856165,1.2979236],[103.8855235,1.2979319]]}},{"type":"Feature","id":"way/708515015-0-2-0","properties":{"highway":"tertiary","lanes":"4","maxspeed":"40","name":"Meyer Road","oneway":"yes","surface":"asphalt","turn:lanes":"left|through|through|right"},"geometry":{"type":"LineString","coordinates":[[103.8855235,1.2979319],[103.8854261,1.2979383]]}},{"type":"Feature","id":"way/708515016-0-0-0","properties":{"highway":"tertiary","maxspeed":"40","name":"Meyer Road","oneway":"yes","surface":"asphalt"},"geometry":{"type":"LineString","coordinates":[[103.8860226,1.297932],[103.8858609,1.2979017]]}},{"type":"Feature","id":"way/726021656-0-0-0","properties":{"highway":"primary","lanes":"4","lit":"yes","maxspeed":"60","name":"Fort Road","name:en":"Fort Road","name:zh":"\u70ae\u53f0\u8def","oneway":"yes","surface":"asphalt"},"geometry":{"type":"LineString","coordinates":[[103.8854282,1.2980118],[103.8854261,1.2979383]]}},{"type":"Feature","id":"way/735180041-0-0-0","properties":{"highway":"residential","lanes":"2","lanes:backward":"1","lanes:forward":"1","maxspeed":"50","name":"Meyer Place","surface":"asphalt","turn:lanes:forward":"left;right"},"geometry":{"type":"LineString","coordinates":[[103.8865346,1.2992134],[103.8865419,1.2993085]]}},{"type":"Feature","id":"way/735180041-0-1-0","properties":{"highway":"residential","lanes":"2","lanes:backward":"1","lanes:forward":"1","maxspeed":"50","name":"Meyer Place","surface":"asphalt","turn:lanes:forward":"left;right"},"geometry":{"type":"LineString","coordinates":[[103.8865419,1.2993085],[103.8865437,1.2993318]]}},{"type":"Feature","id":"way/742398060-0-0-0","properties":{"highway":"service","lanes":"2","lanes:backward":"1","lanes:forward":"1","service":"driveway"},"geometry":{"type":"LineString","coordinates":[[103.8835707,1.2997796],[103.883549,1.2997594]]}},{"type":"Feature","id":"way/742398060-0-1-0","properties":{"highway":"service","lanes":"2","lanes:backward":"1","lanes:forward":"1","service":"driveway"},"geometry":{"type":"LineString","coordinates":[[103.883549,1.2997594],[103.883486,1.2997286]]}},{"type":"Feature","id":"way/742398060-0-2-0","properties":{"highway":"service","lanes":"2","lanes:backward":"1","lanes:forward":"1","service":"driveway"},"geometry":{"type":"LineString","coordinates":[[103.883486,1.2997286],[103.8829334,1.2995771]]}},{"type":"Feature","id":"way/745287371-0-0-0","properties":{"highway":"service","lanes":"2","lanes:backward":"1","lanes:forward":"1","service":"parking_aisle","sidewalk":"right","turn:lanes:backward":"through","turn:lanes:forward":"left;right"},"geometry":{"type":"LineString","coordinates":[[103.883193,1.300942],[103.8831891,1.3010595]]}},{"type":"Feature","id":"way/745287371-0-1-0","properties":{"highway":"service","lanes":"2","lanes:backward":"1","lanes:forward":"1","service":"parking_aisle","sidewalk":"right","turn:lanes:backward":"through","turn:lanes:forward":"left;right"},"geometry":{"type":"LineString","coordinates":[[103.8831891,1.3010595],[103.8831885,1.301088]]}},{"type":"Feature","id":"way/745287372-0-0-0","properties":{"highway":"service","lanes":"2","lanes:backward":"1","lanes:forward":"1","service":"parking_aisle","sidewalk":"left","turn:lanes:backward":"left;right","turn:lanes:forward":"through"},"geometry":{"type":"LineString","coordinates":[[103.8831831,1.3011603],[103.8831723,1.3013023]]}},{"type":"Feature","id":"way/745677885-0-0-0","properties":{"highway":"residential","lanes":"1","maxspeed":"40","name":"Jalan Batu","oneway":"yes","sidewalk":"left","surface":"asphalt"},"geometry":{"type":"LineString","coordinates":[[103.8827383,1.3013661],[103.8821697,1.3018778]]}},{"type":"Feature","id":"way/747809799-0-0-0","properties":{"highway":"primary","lanes":"3","lit":"yes","maxspeed":"50","name":"Mountbatten Road","name:zh":"\u8499\u5df4\u767b\u8def","oneway":"yes","source":"Yahoo aerial images","surface":"asphalt","turn:lanes":"none|none|through"},"geometry":{"type":"LineString","coordinates":[[103.8867295,1.300887],[103.886892,1.3008687]]}},{"type":"Feature","id":"way/750402363-0-0-0","properties":{"highway":"service","lanes":"2","lanes:backward":"1","lanes:forward":"1","service":"parking_aisle","surface":"asphalt"},"geometry":{"type":"LineString","coordinates":[[103.8842987,1.3010988],[103.8842951,1.3010311]]}},{"type":"Feature","id":"way/750402364-0-0-0","properties":{"highway":"residential","lanes":"1","maxspeed":"40","name":"Kampong Arang Road","oneway":"yes","surface":"asphalt"},"geometry":{"type":"LineString","coordinates":[[103.8841555,1.3011004],[103.8842987,1.3010988]]}},{"type":"Feature","id":"way/750402365-0-0-0","properties":{"highway":"residential","lanes":"1","maxspeed":"40","name":"Kampong Arang Road","oneway":"yes","surface":"asphalt"},"geometry":{"type":"LineString","coordinates":[[103.8842987,1.3010988],[103.8844032,1.3010992]]}},{"type":"Feature","id":"way/750402365-0-1-0","properties":{"highway":"residential","lanes":"1","maxspeed":"40","name":"Kampong Arang Road","oneway":"yes","surface":"asphalt"},"geometry":{"type":"LineString","coordinates":[[103.8844032,1.3010992],[103.8844795,1.3011212]]}},{"type":"Feature","id":"way/762910200-0-0-0","properties":{"highway":"service","lanes":"1","oneway":"yes","service":"driveway"},"geometry":{"type":"LineString","coordinates":[[103.8828807,1.2985519],[103.8828996,1.2985228]]}},{"type":"Feature","id":"way/762910200-0-1-0","properties":{"highway":"service","lanes":"1","oneway":"yes","service":"driveway"},"geometry":{"type":"LineString","coordinates":[[103.8828996,1.2985228],[103.8829256,1.2983279]]}},{"type":"Feature","id":"way/762910201-0-0-0","properties":{"highway":"service","lanes":"1","oneway":"yes","service":"driveway"},"geometry":{"type":"LineString","coordinates":[[103.8827061,1.298342],[103.8826978,1.2985209]]}},{"type":"Feature","id":"way/762910202-0-0-0","properties":{"highway":"service","lanes":"2","lanes:backward":"1","lanes:forward":"1","service":"driveway","turn:lanes:backward":"through","turn:lanes:forward":"through"},"geometry":{"type":"LineString","coordinates":[[103.8832469,1.298323],[103.8832726,1.2983239]]}},{"type":"Feature","id":"way/762910202-0-1-0","properties":{"highway":"service","lanes":"2","lanes:backward":"1","lanes:forward":"1","service":"driveway","turn:lanes:backward":"through","turn:lanes:forward":"through"},"geometry":{"type":"LineString","coordinates":[[103.8832726,1.2983239],[103.8833,1.2983323]]}},{"type":"Feature","id":"way/762910202-0-2-0","properties":{"highway":"service","lanes":"2","lanes:backward":"1","lanes:forward":"1","service":"driveway","turn:lanes:backward":"through","turn:lanes:forward":"through"},"geometry":{"type":"LineString","coordinates":[[103.8833,1.2983323],[103.8835587,1.2985016]]}},{"type":"Feature","id":"way/762910202-0-3-0","properties":{"highway":"service","lanes":"2","lanes:backward":"1","lanes:forward":"1","service":"driveway","turn:lanes:backward":"through","turn:lanes:forward":"through"},"geometry":{"type":"LineString","coordinates":[[103.8835587,1.2985016],[103.8835787,1.2985294]]}},{"type":"Feature","id":"way/762910202-0-4-0","properties":{"highway":"service","lanes":"2","lanes:backward":"1","lanes:forward":"1","service":"driveway","turn:lanes:backward":"through","turn:lanes:forward":"through"},"geometry":{"type":"LineString","coordinates":[[103.8835787,1.2985294],[103.8835874,1.2985632]]}},{"type":"Feature","id":"way/762910202-0-5-0","properties":{"highway":"service","lanes":"2","lanes:backward":"1","lanes:forward":"1","service":"driveway","turn:lanes:backward":"through","turn:lanes:forward":"through"},"geometry":{"type":"LineString","coordinates":[[103.8835874,1.2985632],[103.8835989,1.298618]]}},{"type":"Feature","id":"way/762910202-0-6-0","properties":{"highway":"service","lanes":"2","lanes:backward":"1","lanes:forward":"1","service":"driveway","turn:lanes:backward":"through","turn:lanes:forward":"through"},"geometry":{"type":"LineString","coordinates":[[103.8835989,1.298618],[103.8835912,1.2986752]]}},{"type":"Feature","id":"way/762910202-0-7-0","properties":{"highway":"service","lanes":"2","lanes:backward":"1","lanes:forward":"1","service":"driveway","turn:lanes:backward":"through","turn:lanes:forward":"through"},"geometry":{"type":"LineString","coordinates":[[103.8835912,1.2986752],[103.8835289,1.2988839]]}},{"type":"Feature","id":"way/762910203-0-0-0","properties":{"highway":"service","lanes":"2","lanes:backward":"1","lanes:forward":"1","service":"driveway","turn:lanes:backward":"left","turn:lanes:forward":"through"},"geometry":{"type":"LineString","coordinates":[[103.8829256,1.2983279],[103.8832469,1.298323]]}},{"type":"Feature","id":"way/762912154-0-0-0","properties":{"highway":"residential","lanes":"1","maxspeed":"40","name":"Kampong Arang Road","oneway":"yes","surface":"asphalt","turn:lanes":"left;through;right"},"geometry":{"type":"LineString","coordinates":[[103.8835081,1.3010687],[103.8833325,1.3010821]]}},{"type":"Feature","id":"way/762912154-0-1-0","properties":{"highway":"residential","lanes":"1","maxspeed":"40","name":"Kampong Arang Road","oneway":"yes","surface":"asphalt","turn:lanes":"left;through;right"},"geometry":{"type":"LineString","coordinates":[[103.8833325,1.3010821],[103.8831885,1.301088]]}},{"type":"Feature","id":"way/762912155-0-0-0","properties":{"highway":"residential","lanes":"1","maxspeed":"40","name":"Kampong Arang Road","oneway":"yes","surface":"asphalt"},"geometry":{"type":"LineString","coordinates":[[103.8841475,1.3010358],[103.8839736,1.3010432]]}},{"type":"Feature","id":"way/762914410-0-0-0","properties":{"highway":"service","lanes":"1","oneway":"yes"},"geometry":{"type":"LineString","coordinates":[[103.8828839,1.3011437],[103.8821107,1.3018617]]}},{"type":"Feature","id":"way/767794052-0-0-0","properties":{"highway":"residential","lanes":"2","lanes:backward":"1","lanes:forward":"1","maxspeed":"50","name":"Meyer Road","surface":"asphalt"},"geometry":{"type":"LineString","coordinates":[[103.8859409,1.2991748],[103.8858812,1.2981901]]}},{"type":"Feature","id":"way/767794053-0-0-0","properties":{"highway":"residential","lanes":"2","lanes:backward":"1","lanes:forward":"1","maxspeed":"50","name":"Meyer Road","surface":"asphalt","turn:lanes:forward":"left"},"geometry":{"type":"LineString","coordinates":[[103.8858812,1.2981901],[103.8858718,1.2980633]]}},{"type":"Feature","id":"way/767794053-0-1-0","properties":{"highway":"residential","lanes":"2","lanes:backward":"1","lanes:forward":"1","maxspeed":"50","name":"Meyer Road","surface":"asphalt","turn:lanes:forward":"left"},"geometry":{"type":"LineString","coordinates":[[103.8858718,1.2980633],[103.8858662,1.2979869]]}},{"type":"Feature","id":"way/880037402-0-0-0","properties":{"highway":"service","lanes":"2","lanes:backward":"1","lanes:forward":"1","service":"parking_aisle","sidewalk":"right"},"geometry":{"type":"LineString","coordinates":[[103.8835839,1.3006375],[103.8832762,1.3006577]]}},{"type":"Feature","id":"way/880044147-0-0-0","properties":{"highway":"residential","lanes":"1","maxspeed":"40","name":"Jalan Batu","oneway":"yes","sidewalk":"left","surface":"asphalt","turn:lanes":"through"},"geometry":{"type":"LineString","coordinates":[[103.8829006,1.3012061],[103.8827383,1.3013661]]}},{"type":"Feature","id":"way/880118210-0-0-0","properties":{"highway":"service","lanes":"2","lanes:backward":"1","lanes:forward":"1","service":"parking_aisle"},"geometry":{"type":"LineString","coordinates":[[103.8831498,1.3014811],[103.883132,1.3015063]]}},{"type":"Feature","id":"way/880118210-0-1-0","properties":{"highway":"service","lanes":"2","lanes:backward":"1","lanes:forward":"1","service":"parking_aisle"},"geometry":{"type":"LineString","coordinates":[[103.883132,1.3015063],[103.8828719,1.301742]]}},{"type":"Feature","id":"way/880122931-0-0-0","properties":{"highway":"service","lanes":"2","lanes:backward":"1","lanes:forward":"1","service":"parking_aisle","surface":"asphalt"},"geometry":{"type":"LineString","coordinates":[[103.884284,1.300825],[103.8842595,1.3003659]]}},{"type":"Feature","id":"way/1164132648-0-0-0","properties":{"highway":"service"},"geometry":{"type":"LineString","coordinates":[[103.8851436,1.2995308],[103.8851564,1.2997661]]}},{"type":"Feature","id":"way/1164132649-0-0-0","properties":{"highway":"service","surface":"paving_stones"},"geometry":{"type":"LineString","coordinates":[[103.8853942,1.299518],[103.8853187,1.2995185]]}},{"type":"Feature","id":"way/1164132649-0-1-0","properties":{"highway":"service","surface":"paving_stones"},"geometry":{"type":"LineString","coordinates":[[103.8853187,1.2995185],[103.8851436,1.2995308]]}},{"type":"Feature","id":"way/1164132649-0-2-0","properties":{"highway":"service","surface":"paving_stones"},"geometry":{"type":"LineString","coordinates":[[103.8851436,1.2995308],[103.8848392,1.2995536]]}},{"type":"Feature","id":"way/1253870387-0-0-0","properties":{"highway":"service","oneway":"yes","service":"driveway"},"geometry":{"type":"LineString","coordinates":[[103.8825938,1.2978232],[103.8825097,1.2976561]]}},{"type":"Feature","id":"way/1253870387-0-1-0","properties":{"highway":"service","oneway":"yes","service":"driveway"},"geometry":{"type":"LineString","coordinates":[[103.8825097,1.2976561],[103.8824686,1.2976089]]}},{"type":"Feature","id":"way/1253870388-0-0-0","properties":{"highway":"service","oneway":"yes","service":"driveway"},"geometry":{"type":"LineString","coordinates":[[103.8832335,1.2978574],[103.8831793,1.2977516]]}},{"type":"Feature","id":"way/1253870388-0-1-0","properties":{"highway":"service","oneway":"yes","service":"driveway"},"geometry":{"type":"LineString","coordinates":[[103.8831793,1.2977516],[103.8831282,1.2976898]]}},{"type":"Feature","id":"way/1253870388-0-2-0","properties":{"highway":"service","oneway":"yes","service":"driveway"},"geometry":{"type":"LineString","coordinates":[[103.8831282,1.2976898],[103.8830612,1.29769]]}},{"type":"Feature","id":"way/1253870388-0-3-0","properties":{"highway":"service","oneway":"yes","service":"driveway"},"geometry":{"type":"LineString","coordinates":[[103.8830612,1.29769],[103.8829728,1.2977619]]}},{"type":"Feature","id":"way/1253870388-0-4-0","properties":{"highway":"service","oneway":"yes","service":"driveway"},"geometry":{"type":"LineString","coordinates":[[103.8829728,1.2977619],[103.8829332,1.2978426]]}},{"type":"Feature","id":"way/1253870389-0-0-0","properties":{"highway":"service","oneway":"yes","service":"driveway"},"geometry":{"type":"LineString","coordinates":[[103.8839958,1.2978387],[103.8839895,1.2977757]]}},{"type":"Feature","id":"way/1253870389-0-1-0","properties":{"highway":"service","oneway":"yes","service":"driveway"},"geometry":{"type":"LineString","coordinates":[[103.8839895,1.2977757],[103.8839577,1.297728]]}},{"type":"Feature","id":"way/1253870389-0-2-0","properties":{"highway":"service","oneway":"yes","service":"driveway"},"geometry":{"type":"LineString","coordinates":[[103.8839577,1.297728],[103.8838972,1.2976818]]}},{"type":"Feature","id":"way/1253870389-0-3-0","properties":{"highway":"service","oneway":"yes","service":"driveway"},"geometry":{"type":"LineString","coordinates":[[103.8838972,1.2976818],[103.883855,1.297689]]}},{"type":"Feature","id":"way/1253870389-0-4-0","properties":{"highway":"service","oneway":"yes","service":"driveway"},"geometry":{"type":"LineString","coordinates":[[103.883855,1.297689],[103.8838196,1.2977265]]}},{"type":"Feature","id":"way/1253870389-0-5-0","properties":{"highway":"service","oneway":"yes","service":"driveway"},"geometry":{"type":"LineString","coordinates":[[103.8838196,1.2977265],[103.8838027,1.2977547]]}},{"type":"Feature","id":"way/1253870389-0-6-0","properties":{"highway":"service","oneway":"yes","service":"driveway"},"geometry":{"type":"LineString","coordinates":[[103.8838027,1.2977547],[103.8837853,1.2977921]]}},{"type":"Feature","id":"way/1253870389-0-7-0","properties":{"highway":"service","oneway":"yes","service":"driveway"},"geometry":{"type":"LineString","coordinates":[[103.8837853,1.2977921],[103.8837799,1.297844]]}},{"type":"Feature","id":"way/1253870390-0-0-0","properties":{"highway":"service","oneway":"yes","service":"driveway"},"geometry":{"type":"LineString","coordinates":[[103.8846681,1.2977246],[103.8846247,1.2976733]]}},{"type":"Feature","id":"way/1253870390-0-1-0","properties":{"highway":"service","oneway":"yes","service":"driveway"},"geometry":{"type":"LineString","coordinates":[[103.8846247,1.2976733],[103.8845647,1.2976274]]}},{"type":"Feature","id":"way/1253870390-0-2-0","properties":{"highway":"service","oneway":"yes","service":"driveway"},"geometry":{"type":"LineString","coordinates":[[103.8845647,1.2976274],[103.8845031,1.2976346]]}},{"type":"Feature","id":"way/1253870390-0-3-0","properties":{"highway":"service","oneway":"yes","service":"driveway"},"geometry":{"type":"LineString","coordinates":[[103.8845031,1.2976346],[103.8844456,1.2976828]]}},{"type":"Feature","id":"way/1253870390-0-4-0","properties":{"highway":"service","oneway":"yes","service":"driveway"},"geometry":{"type":"LineString","coordinates":[[103.8844456,1.2976828],[103.8844189,1.2977526]]}},{"type":"Feature","id":"way/1253870390-0-5-0","properties":{"highway":"service","oneway":"yes","service":"driveway"},"geometry":{"type":"LineString","coordinates":[[103.8844189,1.2977526],[103.8844155,1.2978265]]}},{"type":"Feature","id":"way/1385266847-0-0-0","properties":{"highway":"primary_link","oneway":"yes"},"geometry":{"type":"LineString","coordinates":[[103.8854453,1.2983337],[103.8856326,1.2980004]]}},{"type":"Feature","id":"way/1385266848-0-0-0","properties":{"highway":"primary_link","oneway":"yes"},"geometry":{"type":"LineString","coordinates":[[103.8856165,1.2979236],[103.8855158,1.2978512]]}},{"type":"Feature","id":"way/1385266848-0-1-0","properties":{"highway":"primary_link","oneway":"yes"},"geometry":{"type":"LineString","coordinates":[[103.8855158,1.2978512],[103.8854225,1.2977145]]}}]}